{"type": "FeatureCollection", "features": [{"type": "Feature", "properties": {"h3": "832994fffffffff", "bars": 40, "breweries": 1, "golf_courses": 0, "boat_ramps": 11, "fishing_access": 8, "hardware_stores": 3, "campgrounds": 3, "bowling_pool_clubs": 2, "nfl_miles": 305.1, "nba_miles": 283.6, "mlb_miles": 361.2, "nhl_miles": 71.3, "casino_miles": 114.2}, "geometry": {"type": "Polygon", "coordinates": [[[-111.96235777597163, 35.70493980448009], [-111.52761973622499, 36.26460513023572], [-111.91812462505104, 36.835587714732156], [-112.74715944354234, 36.844605377679024], [-113.17693905374581, 36.28332102865225], [-112.78277195801917, 35.714639130788434], [-111.96235777597163, 35.70493980448009]]]}}, {"type": "Feature", "properties": {"h3": "8328a0fffffffff", "bars": 1, "breweries": 1, "golf_courses": 3, "boat_ramps": 3, "fishing_access": 16, "hardware_stores": 9, "campgrounds": 0, "bowling_pool_clubs": 8, "nfl_miles": 111.6, "nba_miles": 274.0, "mlb_miles": 236.2, "nhl_miles": 119.4, "casino_miles": 153.5}, "geometry": {"type": "Polygon", "coordinates": [[[-116.89572496832274, 41.19846963760389], [-116.47033167354553, 41.74890874142009], [-116.90361334684562, 42.268646199559925], [-117.76442128269251, 42.235534282449564], [-118.18247869023286, 41.68422995487124], [-117.74720512310283, 41.166896140226825], [-116.89572496832274, 41.19846963760389]]]}}, {"type": "Feature", "properties": {"h3": "832a88fffffffff", "bars": 0, "breweries": 24, "golf_courses": 5, "boat_ramps": 22, "fishing_access": 27, "hardware_stores": 10, "campgrounds": 8, "bowling_pool_clubs": 4, "nfl_miles": 81.8, "nba_miles": 221.1, "mlb_miles": 53.0, "nhl_miles": 123.6, "casino_miles": 70.1}, "geometry": {"type": "Polygon", "coordinates": [[[-79.18663376488543, 37.62023900972384], [-79.82307511536332, 37.281156428549345], [-79.7325133981091, 36.71041742216859], [-79.02121654991561, 36.47669268967658], [-78.38960204211891, 36.80737026208428], [-78.46437972241239, 37.380081735175224], [-79.18663376488543, 37.62023900972384]]]}}, {"type": "Feature", "properties": {"h3": "832685fffffffff", "bars": 44, "breweries": 19, "golf_courses": 4, "boat_ramps": 1, "fishing_access": 29, "hardware_stores": 3, "campgrounds": 12, "bowling_pool_clubs": 1, "nfl_miles": 197.6, "nba_miles": 280.5, "mlb_miles": 217.5, "nhl_miles": 290.2, "casino_miles": 125.1}, "geometry": {"type": "Polygon", "coordinates": [[[-105.2964616356886, 40.45665864078921], [-104.80650505224828, 40.968485961925744], [-105.1775341855395, 41.53733370901215], [-106.04520129958527, 41.59301770455921], [-106.53252932602815, 41.07909053025752], [-106.15496226189262, 40.511591734021536], [-105.2964616356886, 40.45665864078921]]]}}, {"type": "Feature", "properties": {"h3": "832652fffffffff", "bars": 45, "breweries": 1, "golf_courses": 0, "boat_ramps": 10, "fishing_access": 7, "hardware_stores": 4, "campgrounds": 1, "bowling_pool_clubs": 3, "nfl_miles": 351.9, "nba_miles": 176.8, "mlb_miles": 203.2, "nhl_miles": 340.3, "casino_miles": 53.2}, "geometry": {"type": "Polygon", "coordinates": [[[-94.3748517117925, 37.52511199031432], [-93.86810877424213, 37.995790956653956], [-94.1523052750943, 38.59738728397954], [-94.95227836018208, 38.72890939398724], [-95.46105734504604, 38.25591609103318], [-95.16791149025016, 37.65373770677369], [-94.3748517117925, 37.52511199031432]]]}}, {"type": "Feature", "properties": {"h3": "8344ddfffffffff", "bars": 45, "breweries": 6, "golf_courses": 10, "boat_ramps": 8, "fishing_access": 22, "hardware_stores": 14, "campgrounds": 2, "bowling_pool_clubs": 9, "nfl_miles": 235.5, "nba_miles": 203.6, "mlb_miles": 112.1, "nhl_miles": 180.9, "casino_miles": 68.9}, "geometry": {"type": "Polygon", "coordinates": [[[-82.43256797345202, 34.320172874426746], [-81.94686025410007, 34.73321123708656], [-82.12783028540211, 35.33339272044906], [-82.80355548326627, 35.52352756897824], [-83.29474546431162, 35.10886396783513], [-83.10473588087596, 34.505705329248435], [-82.43256797345202, 34.320172874426746]]]}}, {"type": "Feature", "properties": {"h3": "832746fffffffff", "bars": 40, "breweries": 11, "golf_courses": 8, "boat_ramps": 3, "fishing_access": 10, "hardware_stores": 0, "campgrounds": 3, "bowling_pool_clubs": 0, "nfl_miles": 329.8, "nba_miles": 184.4, "mlb_miles": 63.8, "nhl_miles": 368.7, "casino_miles": 148.3}, "geometry": {"type": "Polygon", "coordinates": [[[-88.38601869715757, 46.85043803470459], [-89.06656493399484, 46.41537750220255], [-88.82842497227374, 45.79748655638778], [-87.92981696089831, 45.608958755022485], [-87.24889677101704, 46.03401162370251], [-87.46665138254247, 46.65751335362676], [-88.38601869715757, 46.85043803470459]]]}}, {"type": "Feature", "properties": {"h3": "834444fffffffff", "bars": 45, "breweries": 5, "golf_courses": 3, "boat_ramps": 10, "fishing_access": 15, "hardware_stores": 6, "campgrounds": 10, "bowling_pool_clubs": 7, "nfl_miles": 91.4, "nba_miles": 90.3, "mlb_miles": 308.2, "nhl_miles": 234.0, "casino_miles": 190.5}, "geometry": {"type": "Polygon", "coordinates": [[[-91.44305997299979, 29.03851386192279], [-90.97171877588484, 29.528453089584996], [-91.21354855983661, 30.149237162881917], [-91.93478938680622, 30.281145000556982], [-92.40882197021234, 29.788256876597405], [-92.15897465849429, 29.166432312158097], [-91.44305997299979, 29.03851386192279]]]}}, {"type": "Feature", "properties": {"h3": "834411fffffffff", "bars": 27, "breweries": 9, "golf_courses": 6, "boat_ramps": 5, "fishing_access": 7, "hardware_stores": 2, "campgrounds": 8, "bowling_pool_clubs": 7, "nfl_miles": 72.7, "nba_miles": 57.0, "mlb_miles": 79.5, "nhl_miles": 265.9, "casino_miles": 201.1}, "geometry": {"type": "Polygon", "coordinates": [[[-82.81562185023444, 25.48543599647445], [-82.36673399792846, 25.9353963699535], [-82.53674565419657, 26.538800904738817], [-83.1633576675153, 26.694856208271307], [-83.61684078253784, 26.242156293697366], [-83.43912438655583, 25.636158624176034], [-82.81562185023444, 25.48543599647445]]]}}, {"type": "Feature", "properties": {"h3": "8326e0fffffffff", "bars": 27, "breweries": 9, "golf_courses": 1, "boat_ramps": 6, "fishing_access": 12, "hardware_stores": 9, "campgrounds": 7, "bowling_pool_clubs": 8, "nfl_miles": 130.5, "nba_miles": 239.2, "mlb_miles": 379.3, "nhl_miles": 284.9, "casino_miles": 41.9}, "geometry": {"type": "Polygon", "coordinates": [[[-96.77084887594457, 37.89623749700565], [-96.26614408828843, 38.37853039512507], [-96.56961054138694, 38.97678237482464], [-97.38644271263489, 39.092871357810246], [-97.89223833755214, 38.60821769761226], [-97.58020995813281, 38.00985752453172], [-96.77084887594457, 37.89623749700565]]]}}, {"type": "Feature", "properties": {"h3": "8348d5fffffffff", "bars": 34, "breweries": 12, "golf_courses": 4, "boat_ramps": 12, "fishing_access": 20, "hardware_stores": 5, "campgrounds": 1, "bowling_pool_clubs": 4, "nfl_miles": 196.5, "nba_miles": 203.3, "mlb_miles": 383.4, "nhl_miles": 355.3, "casino_miles": 76.9}, "geometry": {"type": "Polygon", "coordinates": [[[-104.92304635066672, 31.93090849181692], [-104.46868792153305, 32.477527420900095], [-104.80948385921283, 33.08349164114393], [-105.6104537760939, 33.14131985038157], [-106.06271853625502, 32.5921672943616], [-105.71621949979533, 31.987732127070323], [-104.92304635066672, 31.93090849181692]]]}}, {"type": "Feature", "properties": {"h3": "832ab0fffffffff", "bars": 32, "breweries": 12, "golf_courses": 2, "boat_ramps": 8, "fishing_access": 3, "hardware_stores": 10, "campgrounds": 4, "bowling_pool_clubs": 8, "nfl_miles": 259.2, "nba_miles": 95.0, "mlb_miles": 314.5, "nhl_miles": 234.2, "casino_miles": 198.0}, "geometry": {"type": "Polygon", "coordinates": [[[-81.56483274505669, 42.864980083853645], [-82.25504899651311, 42.48677453639969], [-82.12251259692785, 41.87847668738883], [-81.31882164973817, 41.64527030279075], [-80.63300923845013, 42.01414063841923], [-80.74633831735792, 42.6254470059868], [-81.56483274505669, 42.864980083853645]]]}}, {"type": "Feature", "properties": {"h3": "8328d3fffffffff", "bars": 33, "breweries": 0, "golf_courses": 9, "boat_ramps": 10, "fishing_access": 15, "hardware_stores": 0, "campgrounds": 1, "bowling_pool_clubs": 5, "nfl_miles": 327.8, "nba_miles": 312.2, "mlb_miles": 138.4, "nhl_miles": 55.7, "casino_miles": 203.8}, "geometry": {"type": "Polygon", "coordinates": [[[-121.09293475960447, 48.65576897503098], [-120.66507098823999, 49.17240699137574], [-120.90754478902052, 49.3950339711823], [-121.21523014146564, 49.62477550673291], [-122.06532577526858, 49.54080352753615], [-122.48301928147703, 49.023550958741396], [-121.99677632829633, 48.582192430911945], [-121.09293475960447, 48.65576897503098]]]}}, {"type": "Feature", "properties": {"h3": "8344d2fffffffff", "bars": 5, "breweries": 1, "golf_courses": 7, "boat_ramps": 13, "fishing_access": 2, "hardware_stores": 8, "campgrounds": 2, "bowling_pool_clubs": 2, "nfl_miles": 277.5, "nba_miles": 380.9, "mlb_miles": 99.4, "nhl_miles": 230.0, "casino_miles": 157.5}, "geometry": {"type": "Polygon", "coordinates": [[[-78.88595251329092, 32.172067363533], [-78.41941822997194, 32.57208138305829], [-78.56835598927809, 33.16526138947019], [-79.1922181813362, 33.362010663977124], [-79.66464309657871, 32.960547168466526], [-79.50730575774624, 32.36379285613605], [-78.88595251329092, 32.172067363533]]]}}, {"type": "Feature", "properties": {"h3": "8326ebfffffffff", "bars": 13, "breweries": 8, "golf_courses": 3, "boat_ramps": 11, "fishing_access": 9, "hardware_stores": 6, "campgrounds": 10, "bowling_pool_clubs": 5, "nfl_miles": 197.7, "nba_miles": 226.3, "mlb_miles": 83.6, "nhl_miles": 120.9, "casino_miles": 94.5}, "geometry": {"type": "Polygon", "coordinates": [[[-95.0175072313011, 34.24608056480459], [-94.52686367565859, 34.73630623236729], [-94.80734076683471, 35.34876922114293], [-95.58685647554312, 35.47147276308673], [-96.07918187257589, 34.97867156983966], [-95.79039001375902, 34.36576408863896], [-95.0175072313011, 34.24608056480459]]]}}, {"type": "Feature", "properties": {"h3": "8326adfffffffff", "bars": 37, "breweries": 8, "golf_courses": 3, "boat_ramps": 9, "fishing_access": 7, "hardware_stores": 0, "campgrounds": 1, "bowling_pool_clubs": 0, "nfl_miles": 122.4, "nba_miles": 366.0, "mlb_miles": 349.5, "nhl_miles": 65.5, "casino_miles": 70.9}, "geometry": {"type": "Polygon", "coordinates": [[[-101.3834689067402, 40.671419232011786], [-100.87723598395897, 41.16300723807769], [-101.2229643372923, 41.74040806665298], [-102.08289420935759, 41.825487140207606], [-102.58823664243123, 41.33165348280275], [-102.23467087857186, 40.75500461473314], [-101.3834689067402, 40.671419232011786]]]}}, {"type": "Feature", "properties": {"h3": "832895fffffffff", "bars": 42, "breweries": 7, "golf_courses": 3, "boat_ramps": 8, "fishing_access": 4, "hardware_stores": 9, "campgrounds": 9, "bowling_pool_clubs": 7, "nfl_miles": 127.5, "nba_miles": 210.3, "mlb_miles": 186.5, "nhl_miles": 74.0, "casino_miles": 169.9}, "geometry": {"type": "Polygon", "coordinates": [[[-112.94056051139856, 43.92637854600678], [-112.47533090117112, 44.44934314082509], [-112.90372166366609, 44.96873474052624], [-113.80137126750763, 44.963019740688274], [-114.2603475339209, 44.438604667829026], [-113.82809163347571, 43.92135439009325], [-112.94056051139856, 43.92637854600678]]]}}, {"type": "Feature", "properties": {"h3": "83441cfffffffff", "bars": 22, "breweries": 6, "golf_courses": 6, "boat_ramps": 7, "fishing_access": 1, "hardware_stores": 10, "campgrounds": 10, "bowling_pool_clubs": 1, "nfl_miles": 61.8, "nba_miles": 302.2, "mlb_miles": 328.2, "nhl_miles": 79.3, "casino_miles": 60.0}, "geometry": {"type": "Polygon", "coordinates": [[[-83.61684078253784, 26.242156293697366], [-83.1633576675153, 26.694856208271307], [-83.34062128717333, 27.301399130917503], [-83.9792197136765, 27.45775521432786], [-84.43720574569271, 27.002336593751956], [-84.25210191673743, 26.393299023041294], [-83.61684078253784, 26.242156293697366]]]}}, {"type": "Feature", "properties": {"h3": "832989fffffffff", "bars": 34, "breweries": 7, "golf_courses": 2, "boat_ramps": 6, "fishing_access": 5, "hardware_stores": 4, "campgrounds": 7, "bowling_pool_clubs": 3, "nfl_miles": 354.8, "nba_miles": 67.1, "mlb_miles": 330.9, "nhl_miles": 348.1, "casino_miles": 38.0}, "geometry": {"type": "Polygon", "coordinates": [[[-119.37005432538994, 38.92041438893343], [-118.97222902771867, 39.48699472856466], [-119.40415744564251, 40.00854171016792], [-120.2349433485944, 39.960906823268786], [-120.62501817993413, 39.393867603441024], [-120.19218036557425, 38.8749126384377], [-119.37005432538994, 38.92041438893343]]]}}, {"type": "Feature", "properties": {"h3": "83276efffffffff", "bars": 41, "breweries": 8, "golf_courses": 0, "boat_ramps": 1, "fishing_access": 7, "hardware_stores": 2, "campgrounds": 6, "bowling_pool_clubs": 7, "nfl_miles": 213.3, "nba_miles": 351.3, "mlb_miles": 364.9, "nhl_miles": 99.3, "casino_miles": 15.5}, "geometry": {"type": "Polygon", "coordinates": [[[-84.02653176352197, 46.443778217353234], [-84.74861378741058, 46.03517879775627], [-84.5708710903555, 45.40887730900232], [-83.6925549741009, 45.186984403185996], [-82.97364465947054, 45.585647728864046], [-83.12964906967848, 46.21603168207955], [-84.02653176352197, 46.443778217353234]]]}}, {"type": "Feature", "properties": {"h3": "83446cfffffffff", "bars": 99, "breweries": 16, "golf_courses": 29, "boat_ramps": 18, "fishing_access": 54, "hardware_stores": 35, "campgrounds": 31, "bowling_pool_clubs": 4, "nfl_miles": 29.0, "nba_miles": 31.9, "mlb_miles": 15.1, "nhl_miles": 86.6, "casino_miles": 8.3}, "geometry": {"type": "Polygon", "coordinates": [[[-94.80894774348356, 29.022701619768885], [-94.34004143370629, 29.530809182898416], [-94.60651463818212, 30.15309002009295], [-95.3495800358604, 30.267601680669685], [-95.82009485976022, 29.756435411794246], [-95.54600468393126, 29.133838359638744], [-94.80894774348356, 29.022701619768885]]]}}, {"type": "Feature", "properties": {"h3": "832614fffffffff", "bars": 20, "breweries": 0, "golf_courses": 0, "boat_ramps": 9, "fishing_access": 15, "hardware_stores": 8, "campgrounds": 8, "bowling_pool_clubs": 2, "nfl_miles": 60.5, "nba_miles": 222.8, "mlb_miles": 346.5, "nhl_miles": 64.7, "casino_miles": 31.0}, "geometry": {"type": "Polygon", "coordinates": [[[-100.89153038593886, 43.83928160646441], [-100.36671923775016, 44.308638103241314], [-100.54295977530184, 44.5889780088486], [-100.72915134761178, 44.8718451359702], [-101.60751328987199, 44.95769689846376], [-102.1316032070754, 44.48612601813074], [-101.76942218573427, 43.927308580120986], [-100.89153038593886, 43.83928160646441]]]}}, {"type": "Feature", "properties": {"h3": "832708fffffffff", "bars": 15, "breweries": 6, "golf_courses": 1, "boat_ramps": 14, "fishing_access": 18, "hardware_stores": 3, "campgrounds": 9, "bowling_pool_clubs": 0, "nfl_miles": 263.0, "nba_miles": 190.9, "mlb_miles": 250.1, "nhl_miles": 228.2, "casino_miles": 234.7}, "geometry": {"type": "Polygon", "coordinates": [[[-93.68814587791906, 48.928363088056855], [-94.33431843970848, 48.45648707061603], [-94.01286288263772, 47.845996395336904], [-93.06418433831384, 47.69991076316287], [-92.41290989420196, 48.16190648897405], [-92.71499110822407, 48.77981199259808], [-93.68814587791906, 48.928363088056855]]]}}, {"type": "Feature", "properties": {"h3": "8328f0fffffffff", "bars": 52, "breweries": 42, "golf_courses": 20, "boat_ramps": 15, "fishing_access": 33, "hardware_stores": 25, "campgrounds": 8, "bowling_pool_clubs": 19, "nfl_miles": 32.8, "nba_miles": 62.7, "mlb_miles": 63.1, "nhl_miles": 4.4, "casino_miles": 28.5}, "geometry": {"type": "Polygon", "coordinates": [[[-122.20136939043377, 45.07843776721966], [-121.80035362703275, 45.620168930047534], [-122.26940500099423, 46.08572593247763], [-123.13935229111728, 46.0072026708798], [-123.53071236925733, 45.46530549026174], [-123.0619138974771, 45.002082700322134], [-122.20136939043377, 45.07843776721966]]]}}, {"type": "Feature", "properties": {"h3": "832812fffffffff", "bars": 36, "breweries": 1, "golf_courses": 1, "boat_ramps": 8, "fishing_access": 6, "hardware_stores": 8, "campgrounds": 4, "bowling_pool_clubs": 2, "nfl_miles": 376.0, "nba_miles": 357.1, "mlb_miles": 356.5, "nhl_miles": 173.0, "casino_miles": 52.1}, "geometry": {"type": "Polygon", "coordinates": [[[-119.43899644923948, 41.08543425280383], [-119.03298857893009, 41.64259116738497], [-119.47459538788414, 42.150515256074875], [-120.32325760157734, 42.09879274049154], [-120.72114945182996, 41.54116945198091], [-120.27862578598697, 41.035725063983975], [-119.43899644923948, 41.08543425280383]]]}}, {"type": "Feature", "properties": {"h3": "83271efffffffff", "bars": 34, "breweries": 11, "golf_courses": 4, "boat_ramps": 9, "fishing_access": 20, "hardware_stores": 8, "campgrounds": 0, "bowling_pool_clubs": 8, "nfl_miles": 147.8, "nba_miles": 278.8, "mlb_miles": 378.0, "nhl_miles": 88.3, "casino_miles": 42.1}, "geometry": {"type": "Polygon", "coordinates": [[[-99.58239661215202, 49.63883081774769], [-100.15596308003711, 49.1381680821327], [-99.75414774329751, 48.54984831729786], [-98.79403956298103, 48.45327505218785], [-98.21021811077958, 48.94491700027529], [-98.59627704320414, 49.54214212117757], [-99.58239661215202, 49.63883081774769]]]}}, {"type": "Feature", "properties": {"h3": "83262afffffffff", "bars": 6, "breweries": 11, "golf_courses": 8, "boat_ramps": 2, "fishing_access": 8, "hardware_stores": 4, "campgrounds": 9, "bowling_pool_clubs": 3, "nfl_miles": 298.3, "nba_miles": 113.3, "mlb_miles": 268.3, "nhl_miles": 135.0, "casino_miles": 129.8}, "geometry": {"type": "Polygon", "coordinates": [[[-95.15924431439741, 43.62466166795431], [-95.714151513397, 43.17622862726087], [-95.41290317262253, 42.5994085757242], [-94.57087709054083, 42.463805252952554], [-94.0109533020247, 42.903169097505284], [-94.29776721678304, 43.48716930878649], [-95.15924431439741, 43.62466166795431]]]}}, {"type": "Feature", "properties": {"h3": "8326d5fffffffff", "bars": 3, "breweries": 1, "golf_courses": 6, "boat_ramps": 13, "fishing_access": 8, "hardware_stores": 0, "campgrounds": 0, "bowling_pool_clubs": 5, "nfl_miles": 317.6, "nba_miles": 269.4, "mlb_miles": 134.3, "nhl_miles": 306.8, "casino_miles": 144.6}, "geometry": {"type": "Polygon", "coordinates": [[[-100.85087699685029, 35.59245419067079], [-100.36700120712757, 36.10729552299554], [-100.69279980327295, 36.70926693447674], [-101.50984190904657, 36.795738900999524], [-101.9931329551529, 36.278414873038784], [-101.66007792587162, 35.67711916144522], [-100.85087699685029, 35.59245419067079]]]}}, {"type": "Feature", "properties": {"h3": "8348cafffffffff", "bars": 27, "breweries": 8, "golf_courses": 0, "boat_ramps": 1, "fishing_access": 2, "hardware_stores": 2, "campgrounds": 8, "bowling_pool_clubs": 0, "nfl_miles": 340.5, "nba_miles": 249.7, "mlb_miles": 93.3, "nhl_miles": 85.9, "casino_miles": 87.4}, "geometry": {"type": "Polygon", "coordinates": [[[-108.30416222025185, 35.02288629334718], [-107.85247494327143, 35.572406202139746], [-108.22211933522497, 36.15881614550794], [-109.04849433563587, 36.193816857037696], [-109.49663922433255, 35.64224051313173], [-109.12207881037462, 35.05772688064214], [-108.30416222025185, 35.02288629334718]]]}}, {"type": "Feature", "properties": {"h3": "8329b1fffffffff", "bars": 5, "breweries": 11, "golf_courses": 6, "boat_ramps": 21, "fishing_access": 15, "hardware_stores": 21, "campgrounds": 3, "bowling_pool_clubs": 11, "nfl_miles": 213.1, "nba_miles": 238.1, "mlb_miles": 123.2, "nhl_miles": 174.7, "casino_miles": 34.2}, "geometry": {"type": "Polygon", "coordinates": [[[-114.43739814796155, 34.58058110356487], [-114.02202253385228, 35.15112552992632], [-114.41935614065716, 35.71735287297622], [-115.23486856624994, 35.71043313738079], [-115.64454936135779, 35.138559675017866], [-115.24453503570177, 34.57493203297945], [-114.43739814796155, 34.58058110356487]]]}}, {"type": "Feature", "properties": {"h3": "832aa5fffffffff", "bars": 15, "breweries": 2, "golf_courses": 2, "boat_ramps": 14, "fishing_access": 13, "hardware_stores": 0, "campgrounds": 2, "bowling_pool_clubs": 5, "nfl_miles": 321.7, "nba_miles": 188.2, "mlb_miles": 281.2, "nhl_miles": 304.6, "casino_miles": 73.3}, "geometry": {"type": "Polygon", "coordinates": [[[-76.11289266152629, 42.30542653194913], [-76.83896363372939, 41.962548563191234], [-76.77780011363924, 41.352577944687276], [-76.01006252272941, 41.084346131822244], [-75.29183984819713, 41.418569387234676], [-75.3334517237918, 42.02956371225367], [-76.11289266152629, 42.30542653194913]]]}}, {"type": "Feature", "properties": {"h3": "832b99fffffffff", "bars": 10, "breweries": 12, "golf_courses": 1, "boat_ramps": 6, "fishing_access": 1, "hardware_stores": 7, "campgrounds": 3, "bowling_pool_clubs": 3, "nfl_miles": 334.0, "nba_miles": 205.7, "mlb_miles": 149.9, "nhl_miles": 326.3, "casino_miles": 68.5}, "geometry": {"type": "Polygon", "coordinates": [[[-77.8534793235469, 44.08743518312012], [-78.59442734295867, 43.72655729245846], [-78.50723161048337, 43.105571483487026], [-77.69992378807908, 42.84364383820976], [-76.96625784448885, 43.19540780277762], [-77.03252451187105, 43.818093945518086], [-77.8534793235469, 44.08743518312012]]]}}, {"type": "Feature", "properties": {"h3": "8326a2fffffffff", "bars": 1, "breweries": 10, "golf_courses": 3, "boat_ramps": 6, "fishing_access": 10, "hardware_stores": 4, "campgrounds": 1, "bowling_pool_clubs": 4, "nfl_miles": 166.4, "nba_miles": 223.4, "mlb_miles": 284.6, "nhl_miles": 343.7, "casino_miles": 92.8}, "geometry": {"type": "Polygon", "coordinates": [[[-106.42623943121072, 42.15458658516988], [-105.9330358344131, 42.66182062951135], [-106.31760441924519, 43.217196123305854], [-107.20187935793095, 43.26384277624254], [-107.6918462556572, 42.75459323566918], [-107.30092855778555, 42.20072351180341], [-106.42623943121072, 42.15458658516988]]]}}, {"type": "Feature", "properties": {"h3": "832796fffffffff", "bars": 1, "breweries": 1, "golf_courses": 4, "boat_ramps": 2, "fishing_access": 18, "hardware_stores": 4, "campgrounds": 0, "bowling_pool_clubs": 1, "nfl_miles": 254.8, "nba_miles": 164.4, "mlb_miles": 323.1, "nhl_miles": 197.1, "casino_miles": 246.3}, "geometry": {"type": "Polygon", "coordinates": [[[-112.42346691396821, 48.53739790005452], [-112.78800392829436, 48.01118812037778], [-112.3452057389902, 47.514028634677466], [-111.41889328264209, 47.5101353287474], [-111.2547885124712, 47.675274549754484], [-110.99898258165783, 48.022768199123256], [-111.51774179348115, 48.54549437716631], [-112.42346691396821, 48.53739790005452]]]}}, {"type": "Feature", "properties": {"h3": "83288afffffffff", "bars": 7, "breweries": 6, "golf_courses": 9, "boat_ramps": 3, "fishing_access": 8, "hardware_stores": 0, "campgrounds": 11, "bowling_pool_clubs": 6, "nfl_miles": 40.6, "nba_miles": 373.2, "mlb_miles": 233.8, "nhl_miles": 299.0, "casino_miles": 189.4}, "geometry": {"type": "Polygon", "coordinates": [[[-116.93698174171985, 46.41955712866162], [-116.48723369835943, 46.939973736614235], [-116.94580923942712, 47.4227341862198], [-117.85649765967405, 47.382751513852256], [-118.29801072710565, 46.86127909782427], [-117.8372371194877, 46.380836711274966], [-116.93698174171985, 46.41955712866162]]]}}, {"type": "Feature", "properties": {"h3": "832763fffffffff", "bars": 42, "breweries": 3, "golf_courses": 5, "boat_ramps": 6, "fishing_access": 2, "hardware_stores": 10, "campgrounds": 5, "bowling_pool_clubs": 5, "nfl_miles": 278.8, "nba_miles": 84.9, "mlb_miles": 364.0, "nhl_miles": 222.6, "casino_miles": 171.7}, "geometry": {"type": "Polygon", "coordinates": [[[-85.11953722829627, 47.296991513995565], [-85.84399539960127, 46.8783138401057], [-85.6475671207757, 46.24972452795303], [-84.74861378741058, 46.03517879775627], [-84.02653176352197, 46.443778217353234], [-84.20076364751621, 47.07689534261551], [-85.11953722829627, 47.296991513995565]]]}}, {"type": "Feature", "properties": {"h3": "832751fffffffff", "bars": 20, "breweries": 6, "golf_courses": 4, "boat_ramps": 8, "fishing_access": 4, "hardware_stores": 3, "campgrounds": 6, "bowling_pool_clubs": 6, "nfl_miles": 283.8, "nba_miles": 365.0, "mlb_miles": 261.6, "nhl_miles": 148.3, "casino_miles": 143.8}, "geometry": {"type": "Polygon", "coordinates": [[[-90.3842448618241, 45.5410685583273], [-91.02195806182638, 45.10235692568428], [-90.76556646509754, 44.4976468251136], [-89.88945016677461, 44.3254610823114], [-89.2498380316499, 44.754421111754795], [-89.48793567147152, 45.36524780371865], [-90.3842448618241, 45.5410685583273]]]}}, {"type": "Feature", "properties": {"h3": "83265dfffffffff", "bars": 0, "breweries": 9, "golf_courses": 9, "boat_ramps": 6, "fishing_access": 27, "hardware_stores": 18, "campgrounds": 19, "bowling_pool_clubs": 10, "nfl_miles": 138.9, "nba_miles": 133.4, "mlb_miles": 77.8, "nhl_miles": 140.9, "casino_miles": 153.4}, "geometry": {"type": "Polygon", "coordinates": [[[-90.003697795763, 35.59605190467914], [-89.50356091135191, 36.05069440873939], [-89.74853700409722, 36.65876042006414], [-90.50286043802035, 36.813692045289095], [-91.00650786525549, 36.35683320709261], [-90.75237507180113, 35.74728091438723], [-90.003697795763, 35.59605190467914]]]}}, {"type": "Feature", "properties": {"h3": "834461fffffffff", "bars": 21, "breweries": 2, "golf_courses": 4, "boat_ramps": 16, "fishing_access": 21, "hardware_stores": 2, "campgrounds": 7, "bowling_pool_clubs": 10, "nfl_miles": 127.3, "nba_miles": 277.9, "mlb_miles": 77.8, "nhl_miles": 47.1, "casino_miles": 207.7}, "geometry": {"type": "Polygon", "coordinates": [[[-93.81693163576479, 28.285110241006954], [-93.34993901016594, 28.790103604105283], [-93.60763424743115, 29.41269588068114], [-94.34004143370629, 29.530809182898416], [-94.80894774348356, 29.022701619768885], [-94.54359613382204, 28.399617614271598], [-93.81693163576479, 28.285110241006954]]]}}, {"type": "Feature", "properties": {"h3": "832609fffffffff", "bars": 39, "breweries": 13, "golf_courses": 1, "boat_ramps": 14, "fishing_access": 13, "hardware_stores": 10, "campgrounds": 9, "bowling_pool_clubs": 3, "nfl_miles": 285.0, "nba_miles": 170.0, "mlb_miles": 175.4, "nhl_miles": 88.8, "casino_miles": 168.7}, "geometry": {"type": "Polygon", "coordinates": [[[-93.92540184962388, 39.65821611442709], [-93.40741416499294, 40.114354570930544], [-93.69401955035252, 40.70701613439042], [-94.50810689717262, 40.84419021012662], [-95.02839653313511, 40.385877066261344], [-94.73238379941706, 39.79258830675705], [-93.92540184962388, 39.65821611442709]]]}}, {"type": "Feature", "properties": {"h3": "8348f2fffffffff", "bars": 6, "breweries": 12, "golf_courses": 6, "boat_ramps": 3, "fishing_access": 5, "hardware_stores": 8, "campgrounds": 7, "bowling_pool_clubs": 0, "nfl_miles": 240.7, "nba_miles": 370.3, "mlb_miles": 83.7, "nhl_miles": 88.0, "casino_miles": 124.2}, "geometry": {"type": "Polygon", "coordinates": [[[-103.91986614728505, 30.098849187839566], [-103.46878337498599, 30.646366477609185], [-103.79837714158012, 31.258773934619278], [-104.58496660160148, 31.322223035888804], [-105.03439098167703, 30.771960526666696], [-104.69898937172063, 30.161007524354833], [-103.91986614728505, 30.098849187839566]]]}}, {"type": "Feature", "properties": {"h3": "8326cafffffffff", "bars": 67, "breweries": 17, "golf_courses": 19, "boat_ramps": 10, "fishing_access": 28, "hardware_stores": 19, "campgrounds": 23, "bowling_pool_clubs": 16, "nfl_miles": 126.7, "nba_miles": 241.1, "mlb_miles": 131.3, "nhl_miles": 63.0, "casino_miles": 144.0}, "geometry": {"type": "Polygon", "coordinates": [[[-97.72016755014828, 32.343533743201355], [-97.24236474254242, 32.855788524301914], [-97.53754006539154, 33.47161199740263], [-98.31815688128158, 33.57504490038732], [-98.79659813541227, 33.060022402896074], [-98.49387337240057, 32.44435492016832], [-97.72016755014828, 32.343533743201355]]]}}, {"type": "Feature", "properties": {"h3": "8328b2fffffffff", "bars": 28, "breweries": 4, "golf_courses": 3, "boat_ramps": 13, "fishing_access": 20, "hardware_stores": 4, "campgrounds": 8, "bowling_pool_clubs": 7, "nfl_miles": 265.6, "nba_miles": 138.9, "mlb_miles": 67.9, "nhl_miles": 142.9, "casino_miles": 78.9}, "geometry": {"type": "Polygon", "coordinates": [[[-111.68229620491502, 42.33122516439231], [-111.2169481531772, 42.858999769759265], [-111.6319691148531, 43.39437445833112], [-112.51676733723512, 43.39991873803575], [-112.97658060632165, 42.87058583428455], [-112.55728794762912, 42.33726867342002], [-111.68229620491502, 42.33122516439231]]]}}, {"type": "Feature", "properties": {"h3": "8329a6fffffffff", "bars": 20, "breweries": 8, "golf_courses": 1, "boat_ramps": 2, "fishing_access": 4, "hardware_stores": 3, "campgrounds": 6, "bowling_pool_clubs": 2, "nfl_miles": 294.3, "nba_miles": 63.1, "mlb_miles": 186.7, "nhl_miles": 235.3, "casino_miles": 112.7}, "geometry": {"type": "Polygon", "coordinates": [[[-115.65531575982729, 32.85341853110773], [-115.25400548040932, 33.431536491573596], [-115.6499873868824, 33.99972167858072], [-116.44955635313666, 33.98696146415], [-116.84497161723266, 33.40761647909381], [-116.44682746363316, 32.84225365731394], [-115.65531575982729, 32.85341853110773]]]}}, {"type": "Feature", "properties": {"h3": "832a9afffffffff", "bars": 13, "breweries": 6, "golf_courses": 6, "boat_ramps": 0, "fishing_access": 18, "hardware_stores": 6, "campgrounds": 7, "bowling_pool_clubs": 0, "nfl_miles": 370.5, "nba_miles": 144.0, "mlb_miles": 176.1, "nhl_miles": 352.5, "casino_miles": 206.5}, "geometry": {"type": "Polygon", "coordinates": [[[-84.13199405101001, 38.03290563639827], [-84.7336447667688, 37.666899981758796], [-84.58516703208811, 37.09958889681994], [-83.85003233713478, 36.894645861993595], [-83.25051816145493, 37.25186558288732], [-83.38386700128422, 37.8227312245424], [-84.13199405101001, 38.03290563639827]]]}}, {"type": "Feature", "properties": {"h3": "832b8efffffffff", "bars": 34, "breweries": 11, "golf_courses": 8, "boat_ramps": 12, "fishing_access": 19, "hardware_stores": 3, "campgrounds": 7, "bowling_pool_clubs": 3, "nfl_miles": 138.3, "nba_miles": 214.8, "mlb_miles": 180.0, "nhl_miles": 280.8, "casino_miles": 202.6}, "geometry": {"type": "Polygon", "coordinates": [[[-75.55918016903604, 45.14799053929841], [-76.33587020720189, 44.798412769531616], [-76.2778116319589, 44.16907499655588], [-75.46516063450494, 43.88834601368958], [-74.69773834783626, 44.229022586908755], [-74.733644491947, 44.85920262247775], [-75.55918016903604, 45.14799053929841]]]}}, {"type": "Feature", "properties": {"h3": "83278bfffffffff", "bars": 10, "breweries": 7, "golf_courses": 2, "boat_ramps": 9, "fishing_access": 17, "hardware_stores": 0, "campgrounds": 6, "bowling_pool_clubs": 0, "nfl_miles": 70.2, "nba_miles": 194.3, "mlb_miles": 352.1, "nhl_miles": 105.4, "casino_miles": 76.1}, "geometry": {"type": "Polygon", "coordinates": [[[-103.5359544106562, 44.08337983698416], [-103.01963396111636, 44.564787679348356], [-103.39299520117827, 45.11622892460044], [-104.2905162119215, 45.18511786598635], [-104.80483851594849, 44.70154723793112], [-104.42379294491253, 44.15126670265345], [-103.5359544106562, 44.08337983698416]]]}}, {"type": "Feature", "properties": {"h3": "832784fffffffff", "bars": 20, "breweries": 3, "golf_courses": 7, "boat_ramps": 5, "fishing_access": 10, "hardware_stores": 6, "campgrounds": 4, "bowling_pool_clubs": 6, "nfl_miles": 130.8, "nba_miles": 69.5, "mlb_miles": 47.0, "nhl_miles": 234.2, "casino_miles": 250.0}, "geometry": {"type": "Polygon", "coordinates": [[[-106.93095328347971, 49.54882288394544], [-107.39163686338135, 49.02599210807924], [-106.9080342369226, 48.476540273606695], [-105.97294090987613, 48.44002671845651], [-105.49688235797014, 48.95565160054664], [-105.97083747145983, 49.51504113001655], [-106.93095328347971, 49.54882288394544]]]}}, {"type": "Feature", "properties": {"h3": "832690fffffffff", "bars": 22, "breweries": 3, "golf_courses": 1, "boat_ramps": 12, "fishing_access": 20, "hardware_stores": 0, "campgrounds": 0, "bowling_pool_clubs": 3, "nfl_miles": 111.8, "nba_miles": 47.3, "mlb_miles": 94.9, "nhl_miles": 85.4, "casino_miles": 172.3}, "geometry": {"type": "Polygon", "coordinates": [[[-110.52457491657485, 39.595857080084485], [-110.06511734491542, 40.133901381241], [-110.46300855570529, 40.69042258022559], [-111.32500576940444, 40.706904716748035], [-111.77968666606232, 40.16717680240548], [-111.37729263139737, 39.612654092889834], [-110.52457491657485, 39.595857080084485]]]}}, {"type": "Feature", "properties": {"h3": "83488cfffffffff", "bars": 36, "breweries": 3, "golf_courses": 7, "boat_ramps": 11, "fishing_access": 8, "hardware_stores": 5, "campgrounds": 2, "bowling_pool_clubs": 1, "nfl_miles": 320.0, "nba_miles": 99.0, "mlb_miles": 152.0, "nhl_miles": 248.3, "casino_miles": 233.3}, "geometry": {"type": "Polygon", "coordinates": [[[-101.7368398811343, 28.72574934086876], [-101.28368837257497, 29.267410410784862], [-101.59620527198447, 29.885644741509857], [-102.3682006129189, 29.961107168041362], [-102.82052092222764, 29.4164595052852], [-102.5017727722627, 28.79935242801963], [-101.7368398811343, 28.72574934086876]]]}}, {"type": "Feature", "properties": {"h3": "832664fffffffff", "bars": 147, "breweries": 24, "golf_courses": 12, "boat_ramps": 45, "fishing_access": 25, "hardware_stores": 4, "campgrounds": 15, "bowling_pool_clubs": 3, "nfl_miles": 99.0, "nba_miles": 49.3, "mlb_miles": 97.4, "nhl_miles": 112.6, "casino_miles": 70.7}, "geometry": {"type": "Polygon", "coordinates": [[[-87.52625462013384, 42.15291741074852], [-88.14871909648666, 41.746708998925556], [-87.94486478309473, 41.1553838498689], [-87.13521844074239, 40.96525476290966], [-86.51301205302646, 41.36205036064854], [-86.69997762994755, 41.95830934914772], [-87.52625462013384, 42.15291741074852]]]}}, {"type": "Feature", "properties": {"h3": "832758fffffffff", "bars": 72, "breweries": 25, "golf_courses": 1, "boat_ramps": 11, "fishing_access": 34, "hardware_stores": 13, "campgrounds": 21, "bowling_pool_clubs": 11, "nfl_miles": 43.8, "nba_miles": 188.4, "mlb_miles": 29.7, "nhl_miles": 131.5, "casino_miles": 90.4}, "geometry": {"type": "Polygon", "coordinates": [[[-89.65167499213148, 43.72195472101391], [-90.27244284723291, 43.29669345500196], [-90.03523203991399, 42.70073950859948], [-89.19419148461513, 42.5242543323128], [-88.57218361194573, 42.93995835635918], [-88.79219285436994, 43.54163405620284], [-89.65167499213148, 43.72195472101391]]]}}, {"type": "Feature", "properties": {"h3": "832a34fffffffff", "bars": 27, "breweries": 11, "golf_courses": 10, "boat_ramps": 14, "fishing_access": 22, "hardware_stores": 2, "campgrounds": 13, "bowling_pool_clubs": 2, "nfl_miles": 270.8, "nba_miles": 345.1, "mlb_miles": 121.9, "nhl_miles": 294.6, "casino_miles": 126.1}, "geometry": {"type": "Polygon", "coordinates": [[[-69.95506755076666, 44.27784933847793], [-70.75368160053974, 43.97005800353858], [-70.77262420310291, 43.34655143465862], [-70.01421100839474, 43.03201007307097], [-69.22805602000982, 43.33211609749553], [-69.18790846746619, 43.95432744888113], [-69.95506755076666, 44.27784933847793]]]}}, {"type": "Feature", "properties": {"h3": "834456fffffffff", "bars": 30, "breweries": 7, "golf_courses": 6, "boat_ramps": 13, "fishing_access": 18, "hardware_stores": 4, "campgrounds": 5, "bowling_pool_clubs": 3, "nfl_miles": 339.1, "nba_miles": 71.2, "mlb_miles": 357.4, "nhl_miles": 127.8, "casino_miles": 124.2}, "geometry": {"type": "Polygon", "coordinates": [[[-87.01654889201636, 29.29583342505069], [-86.54577821124968, 29.759287059695453], [-86.75436057989549, 30.374339458202368], [-87.44204456710632, 30.527943200536605], [-87.91677296762013, 30.06185013106861], [-87.69988929915671, 29.44481299708353], [-87.01654889201636, 29.29583342505069]]]}}, {"type": "Feature", "properties": {"h3": "83454afffffffff", "bars": 39, "breweries": 10, "golf_courses": 6, "boat_ramps": 5, "fishing_access": 0, "hardware_stores": 7, "campgrounds": 5, "bowling_pool_clubs": 2, "nfl_miles": 215.5, "nba_miles": 167.7, "mlb_miles": 133.0, "nhl_miles": 140.7, "casino_miles": 155.1}, "geometry": {"type": "Polygon", "coordinates": [[[-93.26454262703416, 25.285344945315124], [-92.80868659913095, 25.794368628557635], [-93.05612094813121, 26.41651091529104], [-93.76681330910964, 26.53008159195551], [-94.22465979473938, 26.01763439170244], [-93.96987934378441, 25.39506401062224], [-93.26454262703416, 25.285344945315124]]]}}, {"type": "Feature", "properties": {"h3": "832a93fffffffff", "bars": 70, "breweries": 35, "golf_courses": 0, "boat_ramps": 33, "fishing_access": 24, "hardware_stores": 5, "campgrounds": 15, "bowling_pool_clubs": 23, "nfl_miles": 36.3, "nba_miles": 47.6, "mlb_miles": 23.6, "nhl_miles": 41.6, "casino_miles": 38.7}, "geometry": {"type": "Polygon", "coordinates": [[[-84.58095168189637, 39.773483865856534], [-85.20075493173837, 39.395191332800444], [-85.04131071030116, 38.814779031598434], [-84.27805490252695, 38.608750130596704], [-83.66027743483397, 38.977984494053196], [-83.8035743654918, 39.562220194393774], [-84.58095168189637, 39.773483865856534]]]}}, {"type": "Feature", "properties": {"h3": "832631fffffffff", "bars": 28, "breweries": 12, "golf_courses": 0, "boat_ramps": 1, "fishing_access": 9, "hardware_stores": 3, "campgrounds": 6, "bowling_pool_clubs": 3, "nfl_miles": 150.2, "nba_miles": 249.4, "mlb_miles": 210.4, "nhl_miles": 231.1, "casino_miles": 115.0}, "geometry": {"type": "Polygon", "coordinates": [[[-98.79535959722753, 45.7279012790844], [-99.32928299408815, 45.25282165698742], [-98.97156735362213, 44.678964846639566], [-98.09317185071814, 44.57193473857318], [-97.55120876321169, 45.038256884696956], [-97.89531524021551, 45.62035329900979], [-98.79535959722753, 45.7279012790844]]]}}, {"type": "Feature", "properties": {"h3": "8328abfffffffff", "bars": 35, "breweries": 5, "golf_courses": 5, "boat_ramps": 11, "fishing_access": 14, "hardware_stores": 4, "campgrounds": 4, "bowling_pool_clubs": 4, "nfl_miles": 123.0, "nba_miles": 299.7, "mlb_miles": 153.6, "nhl_miles": 307.4, "casino_miles": 238.5}, "geometry": {"type": "Polygon", "coordinates": [[[-119.54817462838183, 44.24316182050442], [-119.12924580867033, 44.78397955971432], [-119.58620856527754, 45.26980078295987], [-120.46316865071186, 45.21241970759802], [-120.8733831358066, 44.67105014273242], [-120.41549568695858, 44.18760218548445], [-119.54817462838183, 44.24316182050442]]]}}, {"type": "Feature", "properties": {"h3": "8326f2fffffffff", "bars": 44, "breweries": 2, "golf_courses": 3, "boat_ramps": 3, "fishing_access": 15, "hardware_stores": 4, "campgrounds": 11, "bowling_pool_clubs": 8, "nfl_miles": 254.8, "nba_miles": 393.0, "mlb_miles": 339.7, "nhl_miles": 146.6, "casino_miles": 99.8}, "geometry": {"type": "Polygon", "coordinates": [[[-101.84537674149988, 37.3929432826263], [-101.35653446441069, 37.904322543968576], [-101.69457654233094, 38.497069773194205], [-102.52880768036133, 38.57762995444294], [-103.0166247796548, 38.06389585804876], [-102.67135684070738, 37.47197316662982], [-101.84537674149988, 37.3929432826263]]]}}, {"type": "Feature", "properties": {"h3": "8326c3fffffffff", "bars": 38, "breweries": 0, "golf_courses": 4, "boat_ramps": 8, "fishing_access": 2, "hardware_stores": 1, "campgrounds": 17, "bowling_pool_clubs": 4, "nfl_miles": 233.6, "nba_miles": 68.0, "mlb_miles": 283.2, "nhl_miles": 173.7, "casino_miles": 177.3}, "geometry": {"type": "Polygon", "coordinates": [[[-98.62272599746812, 34.18804644137447], [-98.13903068922362, 34.69772079897264], [-98.44545303049377, 35.30764046610997], [-99.24327512809141, 35.407621943638006], [-99.72727821439909, 34.89533229754964], [-99.41324934807534, 34.28569604325331], [-98.62272599746812, 34.18804644137447]]]}}, {"type": "Feature", "properties": {"h3": "8344e4fffffffff", "bars": 36, "breweries": 4, "golf_courses": 7, "boat_ramps": 7, "fishing_access": 14, "hardware_stores": 5, "campgrounds": 2, "bowling_pool_clubs": 0, "nfl_miles": 130.9, "nba_miles": 350.2, "mlb_miles": 81.1, "nhl_miles": 63.5, "casino_miles": 130.6}, "geometry": {"type": "Polygon", "coordinates": [[[-85.00714284003607, 28.834980045876637], [-84.54078767491532, 29.2878659951522], [-84.73295246542502, 29.89906782240826], [-85.3997328022232, 30.05977126868345], [-85.87049879464817, 29.604362171366766], [-85.67009274626189, 28.990791306805395], [-85.00714284003607, 28.834980045876637]]]}}, {"type": "Feature", "properties": {"h3": "8344e8fffffffff", "bars": 36, "breweries": 10, "golf_courses": 0, "boat_ramps": 2, "fishing_access": 4, "hardware_stores": 9, "campgrounds": 4, "bowling_pool_clubs": 1, "nfl_miles": 397.8, "nba_miles": 82.6, "mlb_miles": 315.2, "nhl_miles": 258.3, "casino_miles": 200.8}, "geometry": {"type": "Polygon", "coordinates": [[[-86.21691436901844, 32.51081356741386], [-85.73318835608876, 32.956620311538835], [-85.94146193124166, 33.56730688842859], [-86.64229970516325, 33.73444676207316], [-87.13043229377995, 33.286431802180765], [-86.9133484088028, 32.67350407324444], [-86.21691436901844, 32.51081356741386]]]}}, {"type": "Feature", "properties": {"h3": "8327b3fffffffff", "bars": 14, "breweries": 12, "golf_courses": 8, "boat_ramps": 6, "fishing_access": 14, "hardware_stores": 7, "campgrounds": 4, "bowling_pool_clubs": 6, "nfl_miles": 149.9, "nba_miles": 263.6, "mlb_miles": 259.5, "nhl_miles": 306.4, "casino_miles": 237.7}, "geometry": {"type": "Polygon", "coordinates": [[[-109.78533883866044, 49.6021914763165], [-110.20166040095529, 49.072993651875855], [-109.68880651923148, 48.540184348949865], [-108.76642656192467, 48.5265132085979], [-108.33307001218006, 49.049350358898764], [-108.83870068895685, 49.592283389550786], [-109.78533883866044, 49.6021914763165]]]}}, {"type": "Feature", "properties": {"h3": "83299bfffffffff", "bars": 13, "breweries": 10, "golf_courses": 3, "boat_ramps": 4, "fishing_access": 2, "hardware_stores": 2, "campgrounds": 3, "bowling_pool_clubs": 2, "nfl_miles": 238.7, "nba_miles": 96.4, "mlb_miles": 187.1, "nhl_miles": 288.2, "casino_miles": 125.4}, "geometry": {"type": "Polygon", "coordinates": [[[-114.34328852469069, 40.16973022155821], [-113.90476786566882, 40.717903703638335], [-114.32323284169927, 41.25564791008607], [-115.18337123085576, 41.24291137775971], [-115.61558955521599, 40.693518193784435], [-115.19411547389362, 40.15807864031529], [-114.34328852469069, 40.16973022155821]]]}}, {"type": "Feature", "properties": {"h3": "832b83fffffffff", "bars": 2, "breweries": 3, "golf_courses": 4, "boat_ramps": 11, "fishing_access": 9, "hardware_stores": 7, "campgrounds": 1, "bowling_pool_clubs": 3, "nfl_miles": 372.6, "nba_miles": 323.6, "mlb_miles": 265.0, "nhl_miles": 278.0, "casino_miles": 234.4}, "geometry": {"type": "Polygon", "coordinates": [[[-76.45701590881599, 46.06857699323157], [-77.24269992217245, 45.7098488803691], [-77.17066554161775, 45.075432084114624], [-76.33587020720189, 44.798412769531616], [-75.55918016903604, 45.14799053929841], [-75.60821438528191, 45.78360843645858], [-76.45701590881599, 46.06857699323157]]]}}, {"type": "Feature", "properties": {"h3": "83268cfffffffff", "bars": 108, "breweries": 7, "golf_courses": 17, "boat_ramps": 14, "fishing_access": 41, "hardware_stores": 4, "campgrounds": 17, "bowling_pool_clubs": 4, "nfl_miles": 25.5, "nba_miles": 39.9, "mlb_miles": 61.4, "nhl_miles": 128.6, "casino_miles": 62.9}, "geometry": {"type": "Polygon", "coordinates": [[[-104.20599904013338, 38.721189354023906], [-103.71972047099817, 39.237206046551826], [-104.07764721387741, 39.818276381292634], [-104.92866786193674, 39.88214685943859], [-105.41287523466056, 39.36392672652147], [-105.04826666914853, 38.78405339245845], [-104.20599904013338, 38.721189354023906]]]}}, {"type": "Feature", "properties": {"h3": "832780fffffffff", "bars": 18, "breweries": 7, "golf_courses": 1, "boat_ramps": 7, "fishing_access": 9, "hardware_stores": 6, "campgrounds": 4, "bowling_pool_clubs": 8, "nfl_miles": 234.4, "nba_miles": 197.6, "mlb_miles": 255.3, "nhl_miles": 360.2, "casino_miles": 187.6}, "geometry": {"type": "Polygon", "coordinates": [[[-106.9080342369226, 48.476540273606695], [-107.35719982445057, 47.96046750109281], [-106.88627921020361, 47.414970587918305], [-105.97493730941171, 47.37581277115479], [-105.5111850527279, 47.88475205816081], [-105.97294090987613, 48.44002671845651], [-106.9080342369226, 48.476540273606695]]]}}, {"type": "Feature", "properties": {"h3": "834881fffffffff", "bars": 38, "breweries": 4, "golf_courses": 0, "boat_ramps": 1, "fishing_access": 7, "hardware_stores": 10, "campgrounds": 9, "bowling_pool_clubs": 0, "nfl_miles": 399.8, "nba_miles": 282.0, "mlb_miles": 137.0, "nhl_miles": 54.5, "casino_miles": 192.7}, "geometry": {"type": "Polygon", "coordinates": [[[-100.66924910293525, 28.027691262354526], [-100.21565706573199, 28.566256070731242], [-100.51962781584173, 29.186586469787937], [-101.28368837257497, 29.267410410784862], [-101.7368398811343, 28.72574934086876], [-101.42646204479995, 28.106378397760096], [-100.66924910293525, 28.027691262354526]]]}}, {"type": "Feature", "properties": {"h3": "8328defffffffff", "bars": 30, "breweries": 8, "golf_courses": 7, "boat_ramps": 14, "fishing_access": 8, "hardware_stores": 2, "campgrounds": 9, "bowling_pool_clubs": 6, "nfl_miles": 268.5, "nba_miles": 217.0, "mlb_miles": 72.8, "nhl_miles": 165.3, "casino_miles": 93.3}, "geometry": {"type": "Polygon", "coordinates": [[[-122.48301928147703, 49.023550958741396], [-122.06532577526858, 49.54080352753615], [-122.69347853863776, 49.99124686533666], [-123.53704882030345, 49.89538051431559], [-123.60362703604322, 49.71540160980378], [-123.8742581599765, 49.369796013988854], [-123.38242970987118, 48.93897284196864], [-122.48301928147703, 49.023550958741396]]]}}, {"type": "Feature", "properties": {"h3": "8348ebfffffffff", "bars": 85, "breweries": 6, "golf_courses": 5, "boat_ramps": 21, "fishing_access": 26, "hardware_stores": 22, "campgrounds": 15, "bowling_pool_clubs": 9, "nfl_miles": 135.4, "nba_miles": 88.9, "mlb_miles": 152.8, "nhl_miles": 24.3, "casino_miles": 17.4}, "geometry": {"type": "Polygon", "coordinates": [[[-110.86788520380775, 32.81469754997514], [-110.43815463973584, 33.380106099267024], [-110.8135831654653, 33.96659210942723], [-111.62272575497785, 33.985325026440734], [-112.04812930193182, 33.418019675790745], [-111.66883788254948, 32.83388073168828], [-110.86788520380775, 32.81469754997514]]]}}, {"type": "Feature", "properties": {"h3": "8326f6fffffffff", "bars": 16, "breweries": 5, "golf_courses": 1, "boat_ramps": 12, "fishing_access": 12, "hardware_stores": 8, "campgrounds": 0, "bowling_pool_clubs": 8, "nfl_miles": 206.3, "nba_miles": 59.5, "mlb_miles": 226.6, "nhl_miles": 264.1, "casino_miles": 132.1}, "geometry": {"type": "Polygon", "coordinates": [[[-101.69457654233094, 38.497069773194205], [-101.20006269485634, 39.00216267192555], [-101.54063946841433, 39.59010853928674], [-102.38327656601042, 39.67218745301655], [-102.876806697208, 39.1647845779263], [-102.52880768036133, 38.57762995444294], [-101.69457654233094, 38.497069773194205]]]}}, {"type": "Feature", "properties": {"h3": "832602fffffffff", "bars": 28, "breweries": 12, "golf_courses": 0, "boat_ramps": 3, "fishing_access": 8, "hardware_stores": 8, "campgrounds": 2, "bowling_pool_clubs": 4, "nfl_miles": 197.7, "nba_miles": 291.4, "mlb_miles": 83.7, "nhl_miles": 390.3, "casino_miles": 158.1}, "geometry": {"type": "Polygon", "coordinates": [[[-98.47762586397931, 42.4989045647193], [-97.95309369921226, 42.963822827926336], [-98.28394769594586, 43.536367485244874], [-99.14842441133113, 43.64370607111849], [-99.67337264756941, 43.17656914937768], [-99.33355209416003, 42.6043346350196], [-98.47762586397931, 42.4989045647193]]]}}, {"type": "Feature", "properties": {"h3": "832659fffffffff", "bars": 61, "breweries": 10, "golf_courses": 9, "boat_ramps": 35, "fishing_access": 1, "hardware_stores": 26, "campgrounds": 5, "bowling_pool_clubs": 7, "nfl_miles": 131.4, "nba_miles": 121.8, "mlb_miles": 66.9, "nhl_miles": 25.1, "casino_miles": 71.3}, "geometry": {"type": "Polygon", "coordinates": [[[-90.25431711311857, 34.523506555278985], [-89.75917248139794, 34.984893131397165], [-90.003697795763, 35.59605190467914], [-90.75237507180113, 35.74728091438723], [-91.25087961816433, 35.28356676218146], [-90.9974006083456, 34.6709728803592], [-90.25431711311857, 34.523506555278985]]]}}, {"type": "Feature", "properties": {"h3": "83274dfffffffff", "bars": 31, "breweries": 11, "golf_courses": 4, "boat_ramps": 8, "fishing_access": 8, "hardware_stores": 6, "campgrounds": 7, "bowling_pool_clubs": 7, "nfl_miles": 127.7, "nba_miles": 238.5, "mlb_miles": 178.1, "nhl_miles": 371.9, "casino_miles": 134.4}, "geometry": {"type": "Polygon", "coordinates": [[[-84.06608848383017, 43.5500972014725], [-84.74300492315953, 43.15449923256702], [-84.57622004699657, 42.54595119318308], [-83.75144989279491, 42.32898615695193], [-83.07728989858396, 42.71502064738186], [-83.22495317846773, 43.3274852117277], [-84.06608848383017, 43.5500972014725]]]}}, {"type": "Feature", "properties": {"h3": "83444bfffffffff", "bars": 8, "breweries": 1, "golf_courses": 4, "boat_ramps": 12, "fishing_access": 13, "hardware_stores": 5, "campgrounds": 8, "bowling_pool_clubs": 4, "nfl_miles": 335.4, "nba_miles": 141.8, "mlb_miles": 147.5, "nhl_miles": 251.3, "casino_miles": 249.7}, "geometry": {"type": "Polygon", "coordinates": [[[-92.73203109190483, 33.861632643498695], [-92.24076384538549, 34.34064324326677], [-92.5030269857023, 34.95441336025027], [-93.26521175979074, 35.0901083935365], [-93.75896753393855, 34.608571661173514], [-93.48811693693578, 33.99388810917587], [-92.73203109190483, 33.861632643498695]]]}}, {"type": "Feature", "properties": {"h3": "832626fffffffff", "bars": 31, "breweries": 2, "golf_courses": 7, "boat_ramps": 8, "fishing_access": 15, "hardware_stores": 5, "campgrounds": 5, "bowling_pool_clubs": 8, "nfl_miles": 314.6, "nba_miles": 175.8, "mlb_miles": 375.8, "nhl_miles": 353.1, "casino_miles": 245.5}, "geometry": {"type": "Polygon", "coordinates": [[[-97.11264911498516, 47.158206641168945], [-97.687441361477, 46.680813951539314], [-97.33740086593316, 46.0923655509308], [-96.42784833213679, 45.97321288481191], [-95.84570944784959, 46.44140657160158], [-96.18007188383456, 47.0379248642164], [-97.11264911498516, 47.158206641168945]]]}}, {"type": "Feature", "properties": {"h3": "83271afffffffff", "bars": 15, "breweries": 9, "golf_courses": 6, "boat_ramps": 3, "fishing_access": 13, "hardware_stores": 0, "campgrounds": 5, "bowling_pool_clubs": 7, "nfl_miles": 293.9, "nba_miles": 332.1, "mlb_miles": 179.0, "nhl_miles": 278.9, "casino_miles": 207.9}, "geometry": {"type": "Polygon", "coordinates": [[[-99.75414774329751, 48.54984831729786], [-100.31049339624114, 48.05453030450613], [-99.91704879397018, 47.4715191071553], [-98.98163304593196, 47.375019255650244], [-98.41541624608865, 47.86146567023137], [-98.79403956298103, 48.45327505218785], [-99.75414774329751, 48.54984831729786]]]}}, {"type": "Feature", "properties": {"h3": "834418fffffffff", "bars": 9, "breweries": 7, "golf_courses": 0, "boat_ramps": 2, "fishing_access": 16, "hardware_stores": 9, "campgrounds": 5, "bowling_pool_clubs": 1, "nfl_miles": 354.7, "nba_miles": 198.5, "mlb_miles": 229.3, "nhl_miles": 204.5, "casino_miles": 184.8}, "geometry": {"type": "Polygon", "coordinates": [[[-83.34062128717333, 27.301399130917503], [-82.88344426087562, 27.749187849205157], [-83.06021263657905, 28.35587270997888], [-83.70214639542924, 28.517398368122898], [-84.16396590042547, 28.067052188780938], [-83.9792197136765, 27.45775521432786], [-83.34062128717333, 27.301399130917503]]]}}, {"type": "Feature", "properties": {"h3": "8348dcfffffffff", "bars": 26, "breweries": 10, "golf_courses": 2, "boat_ramps": 1, "fishing_access": 15, "hardware_stores": 4, "campgrounds": 5, "bowling_pool_clubs": 6, "nfl_miles": 273.9, "nba_miles": 346.6, "mlb_miles": 346.8, "nhl_miles": 349.4, "casino_miles": 104.3}, "geometry": {"type": "Polygon", "coordinates": [[[-105.95985630825147, 33.74267040100571], [-105.50255283780318, 34.28765877816975], [-105.85490359190689, 34.885495632584245], [-106.67024391085529, 34.936744364389185], [-107.12498109494797, 34.38942296723111], [-106.76706425175561, 33.79319640706605], [-105.95985630825147, 33.74267040100571]]]}}, {"type": "Feature", "properties": {"h3": "832babfffffffff", "bars": 20, "breweries": 10, "golf_courses": 7, "boat_ramps": 13, "fishing_access": 17, "hardware_stores": 0, "campgrounds": 9, "bowling_pool_clubs": 1, "nfl_miles": 124.5, "nba_miles": 286.4, "mlb_miles": 143.5, "nhl_miles": 121.9, "casino_miles": 36.2}, "geometry": {"type": "Polygon", "coordinates": [[[-72.3283771428682, 45.22487511422936], [-73.1292912470011, 44.89753814041206], [-73.11565075285877, 44.26714121387984], [-72.32338161918123, 43.96436330598874], [-71.53395847884435, 44.28339504097626], [-71.52532314965413, 44.9133823133506], [-72.3283771428682, 45.22487511422936]]]}}, {"type": "Feature", "properties": {"h3": "8344d9fffffffff", "bars": 12, "breweries": 3, "golf_courses": 7, "boat_ramps": 5, "fishing_access": 19, "hardware_stores": 0, "campgrounds": 1, "bowling_pool_clubs": 5, "nfl_miles": 265.2, "nba_miles": 117.8, "mlb_miles": 141.7, "nhl_miles": 74.5, "casino_miles": 113.9}, "geometry": {"type": "Polygon", "coordinates": [[[-82.39602229976812, 36.47258294615415], [-82.99298425130044, 36.12399583561639], [-82.80355548326627, 35.52352756897824], [-82.12783028540211, 35.33339272044906], [-81.96464810116613, 35.46926879275504], [-81.56764955347069, 35.69592863462331], [-81.67748863508325, 36.25573182193217], [-82.39602229976812, 36.47258294615415]]]}}, {"type": "Feature", "properties": {"h3": "8326b4fffffffff", "bars": 36, "breweries": 10, "golf_courses": 2, "boat_ramps": 2, "fishing_access": 5, "hardware_stores": 1, "campgrounds": 9, "bowling_pool_clubs": 6, "nfl_miles": 263.1, "nba_miles": 126.7, "mlb_miles": 368.6, "nhl_miles": 91.5, "casino_miles": 123.4}, "geometry": {"type": "Polygon", "coordinates": [[[-108.9734408784379, 43.33663545543503], [-108.48732664123924, 43.84781497007037], [-108.89197055218331, 44.38693233492815], [-109.78838725262649, 44.41307088095467], [-110.27002239596406, 43.90005635791101], [-109.85988280764394, 43.36274489173448], [-108.9734408784379, 43.33663545543503]]]}}, {"type": "Feature", "properties": {"h3": "832635fffffffff", "bars": 16, "breweries": 7, "golf_courses": 4, "boat_ramps": 10, "fishing_access": 0, "hardware_stores": 7, "campgrounds": 4, "bowling_pool_clubs": 8, "nfl_miles": 96.9, "nba_miles": 199.0, "mlb_miles": 164.4, "nhl_miles": 251.5, "casino_miles": 165.2}, "geometry": {"type": "Polygon", "coordinates": [[[-98.61020742528743, 46.78892282839536], [-99.15981844689327, 46.3080068549222], [-98.79535959722753, 45.7279012790844], [-97.89531524021551, 45.62035329900979], [-97.33740086593316, 46.0923655509308], [-97.687441361477, 46.680813951539314], [-98.61020742528743, 46.78892282839536]]]}}, {"type": "Feature", "properties": {"h3": "8327a8fffffffff", "bars": 27, "breweries": 11, "golf_courses": 4, "boat_ramps": 7, "fishing_access": 9, "hardware_stores": 3, "campgrounds": 6, "bowling_pool_clubs": 7, "nfl_miles": 78.4, "nba_miles": 177.3, "mlb_miles": 169.2, "nhl_miles": 146.5, "casino_miles": 179.3}, "geometry": {"type": "Polygon", "coordinates": [[[-102.63256199401155, 48.789744776191924], [-103.14983421967217, 48.28331956108894], [-102.72101533449673, 47.713462012064824], [-101.78723733433154, 47.64071968962873], [-101.25789410863918, 48.13887926713145], [-101.67394711231682, 48.718060319493745], [-102.63256199401155, 48.789744776191924]]]}}, {"type": "Feature", "properties": {"h3": "83445afffffffff", "bars": 1, "breweries": 10, "golf_courses": 6, "boat_ramps": 4, "fishing_access": 0, "hardware_stores": 9, "campgrounds": 10, "bowling_pool_clubs": 0, "nfl_miles": 367.8, "nba_miles": 308.3, "mlb_miles": 339.8, "nhl_miles": 365.1, "casino_miles": 197.3}, "geometry": {"type": "Polygon", "coordinates": [[[-88.32756076372677, 32.990279535285396], [-87.8398924823717, 33.446999061636305], [-88.0658863098819, 34.05983621723472], [-88.78841621793354, 34.21779377568846], [-89.27994007433988, 33.75873840857769], [-89.04511876876445, 33.1440819007423], [-88.32756076372677, 32.990279535285396]]]}}, {"type": "Feature", "properties": {"h3": "83289cfffffffff", "bars": 14, "breweries": 9, "golf_courses": 5, "boat_ramps": 3, "fishing_access": 20, "hardware_stores": 3, "campgrounds": 9, "bowling_pool_clubs": 4, "nfl_miles": 284.0, "nba_miles": 299.5, "mlb_miles": 277.3, "nhl_miles": 341.8, "casino_miles": 162.6}, "geometry": {"type": "Polygon", "coordinates": [[[-114.23842794408571, 45.47301527696883], [-113.77403673430686, 45.99086599644421], [-114.21600178473176, 46.49343479310051], [-115.12592915683786, 46.475931191123145], [-115.58330817592925, 45.956725025450886], [-115.1379419913129, 45.456374543012544], [-114.23842794408571, 45.47301527696883]]]}}, {"type": "Feature", "properties": {"h3": "832990fffffffff", "bars": 40, "breweries": 10, "golf_courses": 0, "boat_ramps": 4, "fishing_access": 14, "hardware_stores": 0, "campgrounds": 9, "bowling_pool_clubs": 5, "nfl_miles": 303.6, "nba_miles": 72.4, "mlb_miles": 146.2, "nhl_miles": 309.1, "casino_miles": 56.3}, "geometry": {"type": "Polygon", "coordinates": [[[-111.91812462505104, 36.835587714732156], [-111.47856531816083, 37.390820363100225], [-111.87295526034971, 37.95665429088354], [-112.71079295985878, 37.96501729487879], [-113.1453039957422, 37.40819976752252], [-112.74715944354234, 36.844605377679024], [-111.91812462505104, 36.835587714732156]]]}}, {"type": "Feature", "properties": {"h3": "832a84fffffffff", "bars": 8, "breweries": 12, "golf_courses": 8, "boat_ramps": 14, "fishing_access": 11, "hardware_stores": 8, "campgrounds": 8, "bowling_pool_clubs": 4, "nfl_miles": 339.0, "nba_miles": 132.5, "mlb_miles": 336.9, "nhl_miles": 213.5, "casino_miles": 204.5}, "geometry": {"type": "Polygon", "coordinates": [[[-79.73406932047651, 41.16383398951623], [-80.41502178338506, 40.80411255218103], [-80.31014656201951, 40.20558385007028], [-79.54242045141177, 39.96437928527364], [-78.86672238076726, 40.31514692089998], [-78.95339110549301, 40.91596765371874], [-79.73406932047651, 41.16383398951623]]]}}, {"type": "Feature", "properties": {"h3": "832681fffffffff", "bars": 86, "breweries": 7, "golf_courses": 14, "boat_ramps": 4, "fishing_access": 9, "hardware_stores": 24, "campgrounds": 14, "bowling_pool_clubs": 21, "nfl_miles": 138.8, "nba_miles": 181.9, "mlb_miles": 179.8, "nhl_miles": 152.3, "casino_miles": 47.2}, "geometry": {"type": "Polygon", "coordinates": [[[-105.41287523466056, 39.36392672652147], [-104.92866786193674, 39.88214685943859], [-105.2964616356886, 40.45665864078921], [-106.15496226189262, 40.511591734021536], [-106.63654852084517, 39.991254753316426], [-106.26239443941063, 39.41811366402537], [-105.41287523466056, 39.36392672652147]]]}}, {"type": "Feature", "properties": {"h3": "832775fffffffff", "bars": 25, "breweries": 0, "golf_courses": 4, "boat_ramps": 8, "fishing_access": 3, "hardware_stores": 7, "campgrounds": 5, "bowling_pool_clubs": 4, "nfl_miles": 250.4, "nba_miles": 336.1, "mlb_miles": 378.5, "nhl_miles": 79.0, "casino_miles": 69.9}, "geometry": {"type": "Polygon", "coordinates": [[[-87.43186874065069, 48.98283650850242], [-88.15826880357098, 48.543656067803994], [-87.92106735641548, 47.91250059445543], [-86.98009097592502, 47.71496486743984], [-86.25415610762578, 48.14384360824332], [-86.46839308952266, 48.78046010093184], [-87.43186874065069, 48.98283650850242]]]}}, {"type": "Feature", "properties": {"h3": "834473fffffffff", "bars": 1, "breweries": 9, "golf_courses": 8, "boat_ramps": 5, "fishing_access": 19, "hardware_stores": 3, "campgrounds": 10, "bowling_pool_clubs": 1, "nfl_miles": 268.7, "nba_miles": 207.1, "mlb_miles": 292.4, "nhl_miles": 273.7, "casino_miles": 42.4}, "geometry": {"type": "Polygon", "coordinates": [[[-89.33080050129624, 28.63703577277875], [-88.8612057756241, 29.116287935495304], [-89.08631016580163, 29.73505696786574], [-89.78916802666802, 29.876068019726652], [-90.26205507934758, 29.393936678554414], [-90.02883293008414, 28.77369543736418], [-89.33080050129624, 28.63703577277875]]]}}, {"type": "Feature", "properties": {"h3": "83264efffffffff", "bars": 2, "breweries": 0, "golf_courses": 4, "boat_ramps": 15, "fishing_access": 3, "hardware_stores": 1, "campgrounds": 3, "bowling_pool_clubs": 8, "nfl_miles": 82.5, "nba_miles": 189.1, "mlb_miles": 261.8, "nhl_miles": 286.2, "casino_miles": 221.1}, "geometry": {"type": "Polygon", "coordinates": [[[-88.76262581587908, 35.891945274509524], [-88.26134934148166, 36.33744919212107], [-88.49702860313924, 36.94377829582041], [-89.2433276724965, 37.106361710659655], [-89.74853700409722, 36.65876042006414], [-89.50356091135191, 36.05069440873939], [-88.76262581587908, 35.891945274509524]]]}}, {"type": "Feature", "properties": {"h3": "83275cfffffffff", "bars": 53, "breweries": 18, "golf_courses": 11, "boat_ramps": 4, "fishing_access": 26, "hardware_stores": 3, "campgrounds": 15, "bowling_pool_clubs": 9, "nfl_miles": 152.7, "nba_miles": 313.3, "mlb_miles": 41.8, "nhl_miles": 141.6, "casino_miles": 97.8}, "geometry": {"type": "Polygon", "coordinates": [[[-89.2498380316499, 44.754421111754795], [-89.88945016677461, 44.3254610823114], [-89.65167499213148, 43.72195472101391], [-88.79219285436994, 43.54163405620284], [-88.15158637167617, 43.9608851693685], [-88.37117900977665, 44.57009027269658], [-89.2498380316499, 44.754421111754795]]]}}, {"type": "Feature", "properties": {"h3": "832668fffffffff", "bars": 15, "breweries": 5, "golf_courses": 1, "boat_ramps": 10, "fishing_access": 11, "hardware_stores": 8, "campgrounds": 10, "bowling_pool_clubs": 5, "nfl_miles": 60.7, "nba_miles": 136.9, "mlb_miles": 381.9, "nhl_miles": 375.1, "casino_miles": 205.2}, "geometry": {"type": "Polygon", "coordinates": [[[-86.40873573045069, 38.636347294629736], [-86.80217382555583, 38.38294405466132], [-86.97257510863982, 38.24185184594185], [-86.74629677784777, 37.641022055898055], [-86.01789398947616, 37.46379401526499], [-85.6801431002824, 37.744189299025386], [-85.48318195930669, 37.86789252824355], [-85.64463567093796, 38.439845541060436], [-86.40873573045069, 38.636347294629736]]]}}, {"type": "Feature", "properties": {"h3": "832742fffffffff", "bars": 5, "breweries": 10, "golf_courses": 3, "boat_ramps": 10, "fishing_access": 20, "hardware_stores": 9, "campgrounds": 0, "bowling_pool_clubs": 0, "nfl_miles": 323.2, "nba_miles": 127.7, "mlb_miles": 85.3, "nhl_miles": 243.2, "casino_miles": 31.1}, "geometry": {"type": "Polygon", "coordinates": [[[-88.82842497227374, 45.79748655638778], [-89.48793567147152, 45.36524780371865], [-89.2498380316499, 44.754421111754795], [-88.37117900977665, 44.57009027269658], [-87.71096057894515, 44.99247002732748], [-87.92981696089831, 45.608958755022485], [-88.82842497227374, 45.79748655638778]]]}}, {"type": "Feature", "properties": {"h3": "832836fffffffff", "bars": 97, "breweries": 17, "golf_courses": 6, "boat_ramps": 13, "fishing_access": 14, "hardware_stores": 10, "campgrounds": 24, "bowling_pool_clubs": 4, "nfl_miles": 180.5, "nba_miles": 141.5, "mlb_miles": 76.9, "nhl_miles": 220.1, "casino_miles": 139.2}, "geometry": {"type": "Polygon", "coordinates": [[[-120.53286354396543, 37.203240126965284], [-120.15030815558956, 37.77836118370325], [-120.57845933476938, 38.30365554250539], [-121.38971138641872, 38.251087469086706], [-121.7644662460305, 37.67569386565293], [-121.335881644785, 37.15313019516243], [-120.53286354396543, 37.203240126965284]]]}}, {"type": "Feature", "properties": {"h3": "8312d8fffffffff", "bars": 34, "breweries": 4, "golf_courses": 2, "boat_ramps": 1, "fishing_access": 0, "hardware_stores": 2, "campgrounds": 0, "bowling_pool_clubs": 5, "nfl_miles": 324.4, "nba_miles": 125.7, "mlb_miles": 156.6, "nhl_miles": 102.7, "casino_miles": 27.3}, "geometry": {"type": "Polygon", "coordinates": [[[-118.00868948655962, 49.362604020042575], [-118.19820569309299, 49.0047655704105], [-118.34803963459348, 48.83483962054941], [-117.8762106053973, 48.370220935755356], [-116.9548446125168, 48.41140947071007], [-116.64869348272744, 48.749932565069116], [-116.54673122919283, 48.927839453512206], [-117.12597356561183, 49.416475335141094], [-118.00868948655962, 49.362604020042575]]]}}, {"type": "Feature", "properties": {"h3": "832a1efffffffff", "bars": 53, "breweries": 16, "golf_courses": 1, "boat_ramps": 2, "fishing_access": 15, "hardware_stores": 14, "campgrounds": 11, "bowling_pool_clubs": 8, "nfl_miles": 214.1, "nba_miles": 171.0, "mlb_miles": 100.7, "nhl_miles": 220.7, "casino_miles": 157.4}, "geometry": {"type": "Polygon", "coordinates": [[[-73.74080399827862, 39.658184000404006], [-74.44277493761697, 39.340569383953905], [-74.41444270614038, 38.75001329066488], [-73.70169791468628, 38.476797234937344], [-73.00804284625632, 38.786458609479375], [-73.01880359039345, 39.377181402834466], [-73.74080399827862, 39.658184000404006]]]}}, {"type": "Feature", "properties": {"h3": "834440fffffffff", "bars": 42, "breweries": 8, "golf_courses": 4, "boat_ramps": 7, "fishing_access": 20, "hardware_stores": 0, "campgrounds": 0, "bowling_pool_clubs": 7, "nfl_miles": 345.0, "nba_miles": 193.5, "mlb_miles": 78.9, "nhl_miles": 296.5, "casino_miles": 119.2}, "geometry": {"type": "Polygon", "coordinates": [[[-91.21354855983661, 30.149237162881917], [-90.7375967660805, 30.634217902507967], [-90.9800185549994, 31.253902586620843], [-91.7066395361683, 31.389765762886356], [-92.185405912963, 30.901966753464293], [-91.93478938680622, 30.281145000556982], [-91.21354855983661, 30.149237162881917]]]}}, {"type": "Feature", "properties": {"h3": "83261bfffffffff", "bars": 5, "breweries": 5, "golf_courses": 9, "boat_ramps": 2, "fishing_access": 2, "hardware_stores": 2, "campgrounds": 4, "bowling_pool_clubs": 8, "nfl_miles": 296.4, "nba_miles": 177.1, "mlb_miles": 255.1, "nhl_miles": 146.2, "casino_miles": 133.8}, "geometry": {"type": "Polygon", "coordinates": [[[-99.03502941157413, 39.30873979949334], [-98.52859678867617, 39.79573246070415], [-98.85304930040634, 40.38456935477076], [-99.69231801565282, 40.48610531608688], [-100.19890555870306, 39.99679955916903], [-99.86618475844227, 39.40829131413818], [-99.03502941157413, 39.30873979949334]]]}}, {"type": "Feature", "properties": {"h3": "83440dfffffffff", "bars": 27, "breweries": 1, "golf_courses": 1, "boat_ramps": 13, "fishing_access": 20, "hardware_stores": 10, "campgrounds": 8, "bowling_pool_clubs": 3, "nfl_miles": 194.8, "nba_miles": 359.7, "mlb_miles": 189.0, "nhl_miles": 337.9, "casino_miles": 108.7}, "geometry": {"type": "Polygon", "coordinates": [[[-87.52832443922594, 27.122172716410894], [-87.06591121503291, 27.59558164657073], [-87.27450638580456, 28.2115105073958], [-87.9535258220553, 28.355821634566272], [-88.41962234488697, 27.87947727716662], [-88.2030466217463, 27.26177882469742], [-87.52832443922594, 27.122172716410894]]]}}, {"type": "Feature", "properties": {"h3": "8326dcfffffffff", "bars": 6, "breweries": 5, "golf_courses": 6, "boat_ramps": 5, "fishing_access": 8, "hardware_stores": 5, "campgrounds": 2, "bowling_pool_clubs": 7, "nfl_miles": 64.2, "nba_miles": 339.4, "mlb_miles": 73.6, "nhl_miles": 74.8, "casino_miles": 188.6}, "geometry": {"type": "Polygon", "coordinates": [[[-99.8919269560942, 33.76797243882122], [-99.41324934807534, 34.28569604325331], [-99.72727821439909, 34.89533229754964], [-100.52734476868227, 34.98672226016669], [-101.00583458142106, 34.46636932434066], [-100.68454781129164, 33.85727414177581], [-99.8919269560942, 33.76797243882122]]]}}, {"type": "Feature", "properties": {"h3": "834890fffffffff", "bars": 8, "breweries": 8, "golf_courses": 0, "boat_ramps": 9, "fishing_access": 17, "hardware_stores": 8, "campgrounds": 5, "bowling_pool_clubs": 1, "nfl_miles": 187.9, "nba_miles": 354.5, "mlb_miles": 378.8, "nhl_miles": 192.3, "casino_miles": 230.2}, "geometry": {"type": "Polygon", "coordinates": [[[-96.19990124935345, 27.476067579152744], [-95.73891640044029, 27.99517872049534], [-96.01171169475361, 28.618476350212834], [-96.75277511563485, 28.72261927185323], [-97.21486769429804, 28.200277668103666], [-96.93486152896807, 27.577045532850132], [-96.19990124935345, 27.476067579152744]]]}}, {"type": "Feature", "properties": {"h3": "832883fffffffff", "bars": 3, "breweries": 4, "golf_courses": 9, "boat_ramps": 4, "fishing_access": 11, "hardware_stores": 1, "campgrounds": 9, "bowling_pool_clubs": 8, "nfl_miles": 116.6, "nba_miles": 276.4, "mlb_miles": 120.7, "nhl_miles": 79.0, "casino_miles": 213.7}, "geometry": {"type": "Polygon", "coordinates": [[[-115.59005729555875, 44.93065017420074], [-115.1379419913129, 45.456374543012544], [-115.58330817592925, 45.956725025450886], [-116.48369847512731, 45.929068533958066], [-116.92835502755169, 45.402185384016036], [-116.48024328983657, 44.90411193249163], [-115.59005729555875, 44.93065017420074]]]}}, {"type": "Feature", "properties": {"h3": "83269bfffffffff", "bars": 23, "breweries": 1, "golf_courses": 4, "boat_ramps": 9, "fishing_access": 7, "hardware_stores": 6, "campgrounds": 8, "bowling_pool_clubs": 8, "nfl_miles": 49.5, "nba_miles": 374.5, "mlb_miles": 338.6, "nhl_miles": 136.3, "casino_miles": 57.4}, "geometry": {"type": "Polygon", "coordinates": [[[-108.22211933522497, 36.15881614550794], [-107.76532497176767, 36.70363636433371], [-108.13836018451853, 37.28546113576288], [-108.97336718534912, 37.3206355255587], [-109.42657571411691, 36.77380422009684], [-109.04849433563587, 36.193816857037696], [-108.22211933522497, 36.15881614550794]]]}}, {"type": "Feature", "properties": {"h3": "8348d1fffffffff", "bars": 44, "breweries": 12, "golf_courses": 4, "boat_ramps": 14, "fishing_access": 10, "hardware_stores": 5, "campgrounds": 0, "bowling_pool_clubs": 2, "nfl_miles": 353.2, "nba_miles": 243.9, "mlb_miles": 184.3, "nhl_miles": 91.1, "casino_miles": 163.8}, "geometry": {"type": "Polygon", "coordinates": [[[-104.80948385921283, 33.08349164114393], [-104.35008670066111, 33.62601997179678], [-104.69363749429463, 34.22882434656075], [-105.50255283780318, 34.28765877816975], [-105.95985630825147, 33.74267040100571], [-105.6104537760939, 33.14131985038157], [-104.80948385921283, 33.08349164114393]]]}}, {"type": "Feature", "properties": {"h3": "8344c0fffffffff", "bars": 1, "breweries": 1, "golf_courses": 8, "boat_ramps": 3, "fishing_access": 12, "hardware_stores": 6, "campgrounds": 7, "bowling_pool_clubs": 5, "nfl_miles": 96.7, "nba_miles": 152.2, "mlb_miles": 156.8, "nhl_miles": 378.9, "casino_miles": 155.1}, "geometry": {"type": "Polygon", "coordinates": [[[-83.02781051428768, 32.26628672448479], [-82.550234191653, 32.692957007484985], [-82.7325296014245, 33.29759889863749], [-83.4011315026462, 33.47844071529843], [-83.88385507059547, 33.04985213289601], [-83.69283998014656, 32.442355293369054], [-83.02781051428768, 32.26628672448479]]]}}, {"type": "Feature", "properties": {"h3": "832aacfffffffff", "bars": 13, "breweries": 9, "golf_courses": 5, "boat_ramps": 39, "fishing_access": 3, "hardware_stores": 21, "campgrounds": 5, "bowling_pool_clubs": 8, "nfl_miles": 85.6, "nba_miles": 82.5, "mlb_miles": 111.5, "nhl_miles": 81.0, "casino_miles": 28.8}, "geometry": {"type": "Polygon", "coordinates": [[[-75.96061877033631, 40.48049730850131], [-76.66012604732039, 40.146019938317814], [-76.6034992237302, 39.5496023466371], [-75.86542858246044, 39.28660460988249], [-75.17327401139909, 39.61267560898981], [-75.21179081645724, 40.21004129128598], [-75.96061877033631, 40.48049730850131]]]}}, {"type": "Feature", "properties": {"h3": "8344cefffffffff", "bars": 32, "breweries": 1, "golf_courses": 5, "boat_ramps": 6, "fishing_access": 3, "hardware_stores": 4, "campgrounds": 10, "bowling_pool_clubs": 7, "nfl_miles": 229.7, "nba_miles": 151.0, "mlb_miles": 119.4, "nhl_miles": 394.4, "casino_miles": 27.9}, "geometry": {"type": "Polygon", "coordinates": [[[-83.59166912731055, 34.08394694471988], [-83.10473588087596, 34.505705329248435], [-83.29474546431162, 35.10886396783513], [-83.98074902462155, 35.29304364656146], [-84.47288096872609, 34.86950649141064], [-84.27382482312343, 34.263584494793], [-83.59166912731055, 34.08394694471988]]]}}, {"type": "Feature", "properties": {"h3": "8326a9fffffffff", "bars": 13, "breweries": 4, "golf_courses": 3, "boat_ramps": 12, "fishing_access": 4, "hardware_stores": 4, "campgrounds": 4, "bowling_pool_clubs": 5, "nfl_miles": 83.2, "nba_miles": 219.1, "mlb_miles": 195.0, "nhl_miles": 86.5, "casino_miles": 140.2}, "geometry": {"type": "Polygon", "coordinates": [[[-101.54063946841433, 39.59010853928674], [-101.04033001739265, 40.08859650843911], [-101.3834689067402, 40.671419232011786], [-102.23467087857186, 40.75500461473314], [-102.73404143360327, 40.25424312923831], [-102.38327656601042, 39.67218745301655], [-101.54063946841433, 39.59010853928674]]]}}, {"type": "Feature", "properties": {"h3": "832b92fffffffff", "bars": 14, "breweries": 8, "golf_courses": 8, "boat_ramps": 13, "fishing_access": 11, "hardware_stores": 1, "campgrounds": 6, "bowling_pool_clubs": 0, "nfl_miles": 197.0, "nba_miles": 205.5, "mlb_miles": 68.0, "nhl_miles": 152.7, "casino_miles": 115.9}, "geometry": {"type": "Polygon", "coordinates": [[[-81.77383326329712, 47.65194933528007], [-82.53931309026711, 47.25245984745017], [-82.38806417358143, 46.61540825889103], [-81.49480557872756, 46.37441242476977], [-80.73460069185393, 46.763942595185114], [-80.86217543154129, 47.40430532989323], [-81.77383326329712, 47.65194933528007]]]}}, {"type": "Feature", "properties": {"h3": "832a9efffffffff", "bars": 51, "breweries": 22, "golf_courses": 13, "boat_ramps": 9, "fishing_access": 7, "hardware_stores": 12, "campgrounds": 0, "bowling_pool_clubs": 10, "nfl_miles": 66.3, "nba_miles": 251.7, "mlb_miles": 135.2, "nhl_miles": 190.0, "casino_miles": 66.4}, "geometry": {"type": "Polygon", "coordinates": [[[-83.66027743483397, 38.977984494053196], [-84.27805490252695, 38.608750130596704], [-84.13199405101001, 38.03290563639827], [-83.38386700128422, 37.8227312245424], [-82.76859156459132, 38.183054563219144], [-82.89880301993625, 38.76237622077587], [-83.66027743483397, 38.977984494053196]]]}}, {"type": "Feature", "properties": {"h3": "8329aafffffffff", "bars": 27, "breweries": 1, "golf_courses": 3, "boat_ramps": 6, "fishing_access": 18, "hardware_stores": 6, "campgrounds": 8, "bowling_pool_clubs": 1, "nfl_miles": 182.5, "nba_miles": 151.7, "mlb_miles": 162.2, "nhl_miles": 159.9, "casino_miles": 54.5}, "geometry": {"type": "Polygon", "coordinates": [[[-118.07888611702317, 36.20520763596959], [-117.68192189802646, 36.779128493099215], [-118.09873920679385, 37.32169681911912], [-118.91400022891516, 37.28761259523681], [-119.3039644931409, 36.71298358921949], [-118.88578599606402, 36.17313904952839], [-118.07888611702317, 36.20520763596959]]]}}, {"type": "Feature", "properties": {"h3": "8348c3fffffffff", "bars": 32, "breweries": 10, "golf_courses": 1, "boat_ramps": 8, "fishing_access": 16, "hardware_stores": 3, "campgrounds": 5, "bowling_pool_clubs": 5, "nfl_miles": 301.9, "nba_miles": 334.8, "mlb_miles": 333.4, "nhl_miles": 125.1, "casino_miles": 49.4}, "geometry": {"type": "Polygon", "coordinates": [[[-107.21677649965987, 33.24164384793436], [-106.76706425175561, 33.79319640706605], [-107.12498109494797, 34.38942296723111], [-107.93785023260513, 34.43227819342154], [-108.38454072897143, 33.87846680144814], [-108.02150413380762, 33.28406755756938], [-107.21677649965987, 33.24164384793436]]]}}, {"type": "Feature", "properties": {"h3": "8328b6fffffffff", "bars": 12, "breweries": 2, "golf_courses": 9, "boat_ramps": 2, "fishing_access": 20, "hardware_stores": 1, "campgrounds": 2, "bowling_pool_clubs": 7, "nfl_miles": 207.0, "nba_miles": 242.9, "mlb_miles": 248.6, "nhl_miles": 285.2, "casino_miles": 222.3}, "geometry": {"type": "Polygon", "coordinates": [[[-111.73152352565994, 41.25531152946466], [-111.27157033330067, 41.78920913152274], [-111.68229620491502, 42.33122516439231], [-112.55728794762912, 42.33726867342002], [-113.01180891638316, 41.801826964018844], [-112.59692272355167, 41.261887535925915], [-111.73152352565994, 41.25531152946466]]]}}, {"type": "Feature", "properties": {"h3": "8326cefffffffff", "bars": 41, "breweries": 10, "golf_courses": 2, "boat_ramps": 14, "fishing_access": 4, "hardware_stores": 15, "campgrounds": 14, "bowling_pool_clubs": 10, "nfl_miles": 124.7, "nba_miles": 116.2, "mlb_miles": 50.0, "nhl_miles": 186.6, "casino_miles": 73.9}, "geometry": {"type": "Polygon", "coordinates": [[[-97.53754006539154, 33.47161199740263], [-97.0545644496254, 33.97861235156145], [-97.35139482679675, 34.59169925487439], [-98.13903068922362, 34.69772079897264], [-98.62272599746812, 34.18804644137447], [-98.31815688128158, 33.57504490038732], [-97.53754006539154, 33.47161199740263]]]}}, {"type": "Feature", "properties": {"h3": "832891fffffffff", "bars": 28, "breweries": 0, "golf_courses": 0, "boat_ramps": 5, "fishing_access": 9, "hardware_stores": 1, "campgrounds": 10, "bowling_pool_clubs": 1, "nfl_miles": 261.4, "nba_miles": 222.5, "mlb_miles": 206.6, "nhl_miles": 239.6, "casino_miles": 201.1}, "geometry": {"type": "Polygon", "coordinates": [[[-112.90372166366609, 44.96873474052624], [-112.43294728088843, 45.485094955467176], [-112.86603585780648, 45.997231473107895], [-113.77403673430686, 45.99086599644421], [-114.23842794408571, 45.47301527696883], [-113.80137126750763, 44.963019740688274], [-112.90372166366609, 44.96873474052624]]]}}, {"type": "Feature", "properties": {"h3": "8344f3fffffffff", "bars": 2, "breweries": 7, "golf_courses": 9, "boat_ramps": 10, "fishing_access": 6, "hardware_stores": 5, "campgrounds": 9, "bowling_pool_clubs": 7, "nfl_miles": 220.5, "nba_miles": 384.8, "mlb_miles": 202.2, "nhl_miles": 331.9, "casino_miles": 211.8}, "geometry": {"type": "Polygon", "coordinates": [[[-81.37904453353687, 30.701620274456907], [-80.91203397456266, 31.12444775739536], [-81.07866492855536, 31.72607687093998], [-81.72068792738153, 31.908011853886673], [-82.19302047717976, 31.483260732984867], [-82.01801008527427, 30.87851147076702], [-81.37904453353687, 30.701620274456907]]]}}, {"type": "Feature", "properties": {"h3": "83279dfffffffff", "bars": 45, "breweries": 1, "golf_courses": 8, "boat_ramps": 10, "fishing_access": 5, "hardware_stores": 0, "campgrounds": 3, "bowling_pool_clubs": 7, "nfl_miles": 396.8, "nba_miles": 228.7, "mlb_miles": 259.5, "nhl_miles": 171.0, "casino_miles": 230.7}, "geometry": {"type": "Polygon", "coordinates": [[[-106.09298493308418, 45.30180951571724], [-105.58130495895878, 45.78750358743272], [-105.9768346377574, 46.32296020581359], [-106.89113139257609, 46.37120490190093], [-107.39950460843723, 45.88343632408194], [-106.99705703626465, 45.34950967581275], [-106.09298493308418, 45.30180951571724]]]}}, {"type": "Feature", "properties": {"h3": "83489efffffffff", "bars": 99, "breweries": 26, "golf_courses": 24, "boat_ramps": 21, "fishing_access": 6, "hardware_stores": 21, "campgrounds": 4, "bowling_pool_clubs": 10, "nfl_miles": 26.3, "nba_miles": 107.8, "mlb_miles": 52.8, "nhl_miles": 114.1, "casino_miles": 65.8}, "geometry": {"type": "Polygon", "coordinates": [[[-97.03424627137409, 29.34525493284125], [-96.56734672388517, 29.863730793699244], [-96.85028372372996, 30.485305775675588], [-97.60749634250917, 30.588285657111044], [-98.07524669549042, 30.066765690235204], [-97.78501324623744, 29.44533090648147], [-97.03424627137409, 29.34525493284125]]]}}, {"type": "Feature", "properties": {"h3": "832985fffffffff", "bars": 38, "breweries": 2, "golf_courses": 5, "boat_ramps": 1, "fishing_access": 18, "hardware_stores": 10, "campgrounds": 2, "bowling_pool_clubs": 5, "nfl_miles": 150.3, "nba_miles": 273.7, "mlb_miles": 275.9, "nhl_miles": 85.6, "casino_miles": 180.0}, "geometry": {"type": "Polygon", "coordinates": [[[-116.85872455570934, 35.680261473304114], [-116.45518408861447, 36.25326221539647], [-116.86581607393956, 36.80404762503283], [-117.68192189802646, 36.779128493099215], [-118.07888611702317, 36.20520763596959], [-117.66644115562839, 35.65711968357492], [-116.85872455570934, 35.680261473304114]]]}}, {"type": "Feature", "properties": {"h3": "832676fffffffff", "bars": 5, "breweries": 4, "golf_courses": 8, "boat_ramps": 6, "fishing_access": 20, "hardware_stores": 5, "campgrounds": 2, "bowling_pool_clubs": 8, "nfl_miles": 73.6, "nba_miles": 281.4, "mlb_miles": 223.1, "nhl_miles": 46.6, "casino_miles": 87.6}, "geometry": {"type": "Polygon", "coordinates": [[[-92.8939858109451, 42.173499913399915], [-93.4580322172988, 41.74324949577915], [-93.17024870898318, 41.15549994244885], [-92.36263426189475, 41.009208732636495], [-92.18738989826338, 41.156062027797404], [-91.80789214271509, 41.436846004838245], [-92.05981396773501, 42.01893254592914], [-92.8939858109451, 42.173499913399915]]]}}, {"type": "Feature", "properties": {"h3": "832ad1fffffffff", "bars": 13, "breweries": 5, "golf_courses": 7, "boat_ramps": 3, "fishing_access": 7, "hardware_stores": 2, "campgrounds": 2, "bowling_pool_clubs": 1, "nfl_miles": 146.5, "nba_miles": 323.7, "mlb_miles": 222.8, "nhl_miles": 234.3, "casino_miles": 188.6}, "geometry": {"type": "Polygon", "coordinates": [[[-77.43392342080651, 34.33099323204822], [-78.04069635615971, 34.018352969650344], [-77.97552788553959, 33.47574095198446], [-77.31751168318814, 33.24436311563759], [-76.71577605386423, 33.54927807640628], [-76.76697269679282, 34.093206750283215], [-77.43392342080651, 34.33099323204822]]]}}, {"type": "Feature", "properties": {"h3": "83276afffffffff", "bars": 33, "breweries": 0, "golf_courses": 5, "boat_ramps": 14, "fishing_access": 19, "hardware_stores": 2, "campgrounds": 9, "bowling_pool_clubs": 6, "nfl_miles": 95.5, "nba_miles": 105.1, "mlb_miles": 289.4, "nhl_miles": 264.9, "casino_miles": 227.1}, "geometry": {"type": "Polygon", "coordinates": [[[-84.5708710903555, 45.40887730900232], [-85.27085282449885, 45.00166436410198], [-85.09013830826513, 44.38248318374426], [-84.2297977418372, 44.16620162797714], [-83.53241940705863, 44.56359214005776], [-83.6925549741009, 45.186984403185996], [-84.5708710903555, 45.40887730900232]]]}}, {"type": "Feature", "properties": {"h3": "834468fffffffff", "bars": 92, "breweries": 14, "golf_courses": 1, "boat_ramps": 13, "fishing_access": 23, "hardware_stores": 7, "campgrounds": 14, "bowling_pool_clubs": 9, "nfl_miles": 213.8, "nba_miles": 221.6, "mlb_miles": 84.7, "nhl_miles": 86.0, "casino_miles": 167.5}, "geometry": {"type": "Polygon", "coordinates": [[[-94.60651463818212, 30.15309002009295], [-94.13281252599877, 30.656687390365327], [-94.40039764921036, 31.277715125100947], [-95.14955036439949, 31.395578930777237], [-95.62496066415092, 30.889040855562023], [-95.3495800358604, 30.267601680669685], [-94.60651463818212, 30.15309002009295]]]}}, {"type": "Feature", "properties": {"h3": "832643fffffffff", "bars": 60, "breweries": 6, "golf_courses": 5, "boat_ramps": 21, "fishing_access": 28, "hardware_stores": 14, "campgrounds": 9, "bowling_pool_clubs": 12, "nfl_miles": 145.6, "nba_miles": 188.8, "mlb_miles": 319.0, "nhl_miles": 274.7, "casino_miles": 167.6}, "geometry": {"type": "Polygon", "coordinates": [[[-89.74853700409722, 36.65876042006414], [-89.2433276724965, 37.106361710659655], [-89.4887205669586, 37.71098336757695], [-90.24874192906739, 37.86955373666953], [-90.75761864964986, 37.41984163186537], [-90.50286043802035, 36.813692045289095], [-89.74853700409722, 36.65876042006414]]]}}, {"type": "Feature", "properties": {"h3": "832a13fffffffff", "bars": 35, "breweries": 16, "golf_courses": 1, "boat_ramps": 41, "fishing_access": 30, "hardware_stores": 27, "campgrounds": 23, "bowling_pool_clubs": 17, "nfl_miles": 153.5, "nba_miles": 120.3, "mlb_miles": 91.2, "nhl_miles": 32.8, "casino_miles": 14.2}, "geometry": {"type": "Polygon", "coordinates": [[[-74.50161701105772, 40.53584314350222], [-75.21179081645724, 40.21004129128598], [-75.17327401139909, 39.61267560898981], [-74.44277493761697, 39.340569383953905], [-73.74080399827862, 39.658184000404006], [-73.76110412141598, 40.25598150701643], [-74.50161701105772, 40.53584314350222]]]}}, {"type": "Feature", "properties": {"h3": "83260dfffffffff", "bars": 20, "breweries": 8, "golf_courses": 7, "boat_ramps": 16, "fishing_access": 4, "hardware_stores": 13, "campgrounds": 13, "bowling_pool_clubs": 1, "nfl_miles": 331.0, "nba_miles": 103.9, "mlb_miles": 175.8, "nhl_miles": 143.9, "casino_miles": 18.5}, "geometry": {"type": "Polygon", "coordinates": [[[-93.69401955035252, 40.70701613439042], [-93.17024870898318, 41.15549994244885], [-93.45803221729881, 41.74324949577915], [-94.27932241244888, 41.88317576433525], [-94.80553802493722, 41.43257584363507], [-94.50810689717262, 40.84419021012662], [-93.69401955035252, 40.70701613439042]]]}}, {"type": "Feature", "properties": {"h3": "832610fffffffff", "bars": 3, "breweries": 6, "golf_courses": 8, "boat_ramps": 5, "fishing_access": 7, "hardware_stores": 6, "campgrounds": 1, "bowling_pool_clubs": 5, "nfl_miles": 120.8, "nba_miles": 154.7, "mlb_miles": 75.7, "nhl_miles": 297.3, "casino_miles": 93.8}, "geometry": {"type": "Polygon", "coordinates": [[[-101.05902113925103, 42.796528515834865], [-100.54054158450512, 43.273526906742134], [-100.89153038593886, 43.83928160646441], [-101.76942218573427, 43.927308580120986], [-102.28711981280435, 43.44809410391682], [-101.92784616911428, 42.88308817028958], [-101.05902113925103, 42.796528515834865]]]}}, {"type": "Feature", "properties": {"h3": "832ad4fffffffff", "bars": 18, "breweries": 4, "golf_courses": 1, "boat_ramps": 18, "fishing_access": 30, "hardware_stores": 22, "campgrounds": 4, "bowling_pool_clubs": 15, "nfl_miles": 123.1, "nba_miles": 24.4, "mlb_miles": 40.9, "nhl_miles": 80.2, "casino_miles": 130.7}, "geometry": {"type": "Polygon", "coordinates": [[[-77.61868280728876, 35.99919217524387], [-78.2452152684179, 35.67671974864087], [-78.17548888597466, 35.118875872173355], [-77.49411172725455, 34.88199209036301], [-76.87287932368407, 35.196463016034336], [-76.92767041505323, 35.755725361379135], [-77.61868280728876, 35.99919217524387]]]}}, {"type": "Feature", "properties": {"h3": "834402fffffffff", "bars": 35, "breweries": 11, "golf_courses": 9, "boat_ramps": 8, "fishing_access": 13, "hardware_stores": 1, "campgrounds": 4, "bowling_pool_clubs": 3, "nfl_miles": 148.4, "nba_miles": 57.2, "mlb_miles": 191.1, "nhl_miles": 325.8, "casino_miles": 122.4}, "geometry": {"type": "Polygon", "coordinates": [[[-83.88895174610583, 25.1789149384799], [-83.43912438655583, 25.636158624176034], [-83.61684078253784, 26.242156293697366], [-84.25210191673743, 26.393299023041294], [-84.706296703246, 25.933176371171974], [-84.52087528219386, 25.324809479265333], [-83.88895174610583, 25.1789149384799]]]}}, {"type": "Feature", "properties": {"h3": "8326d1fffffffff", "bars": 7, "breweries": 7, "golf_courses": 9, "boat_ramps": 8, "fishing_access": 0, "hardware_stores": 10, "campgrounds": 8, "bowling_pool_clubs": 3, "nfl_miles": 298.7, "nba_miles": 144.9, "mlb_miles": 40.6, "nhl_miles": 167.0, "casino_miles": 149.1}, "geometry": {"type": "Polygon", "coordinates": [[[-101.00583458142106, 34.46636932434066], [-100.52734476868227, 34.98672226016669], [-100.85087699685029, 35.59245419067079], [-101.66007792587162, 35.67711916144522], [-102.13793452204679, 35.154214271816485], [-101.80733189571966, 34.54921363695263], [-101.00583458142106, 34.46636932434066]]]}}, {"type": "Feature", "properties": {"h3": "8348c6fffffffff", "bars": 11, "breweries": 10, "golf_courses": 1, "boat_ramps": 8, "fishing_access": 11, "hardware_stores": 1, "campgrounds": 8, "bowling_pool_clubs": 8, "nfl_miles": 222.6, "nba_miles": 395.8, "mlb_miles": 239.5, "nhl_miles": 180.6, "casino_miles": 125.5}, "geometry": {"type": "Polygon", "coordinates": [[[-106.16355147503435, 31.43485636005659], [-105.71621949979533, 31.987732127070323], [-106.06271853625502, 32.5921672943616], [-106.86194990310129, 32.64197557740735], [-107.3067438742382, 32.08662614187648], [-106.95495777524602, 31.48395214400738], [-106.16355147503435, 31.43485636005659]]]}}, {"type": "Feature", "properties": {"h3": "832aa1fffffffff", "bars": 49, "breweries": 11, "golf_courses": 4, "boat_ramps": 0, "fishing_access": 11, "hardware_stores": 2, "campgrounds": 11, "bowling_pool_clubs": 3, "nfl_miles": 258.1, "nba_miles": 226.0, "mlb_miles": 269.9, "nhl_miles": 258.8, "casino_miles": 79.3}, "geometry": {"type": "Polygon", "coordinates": [[[-76.77780011363924, 41.352577944687276], [-77.48444201202977, 41.009468451994486], [-77.41627348738555, 40.4068706697936], [-76.66012604732039, 40.146019938317814], [-75.96061877033631, 40.48049730850131], [-76.01006252272941, 41.084346131822244], [-76.77780011363924, 41.352577944687276]]]}}, {"type": "Feature", "properties": {"h3": "832a10fffffffff", "bars": 11, "breweries": 22, "golf_courses": 21, "boat_ramps": 41, "fishing_access": 22, "hardware_stores": 29, "campgrounds": 30, "bowling_pool_clubs": 20, "nfl_miles": 25.5, "nba_miles": 20.9, "mlb_miles": 77.1, "nhl_miles": 99.1, "casino_miles": 6.1}, "geometry": {"type": "Polygon", "coordinates": [[[-73.80329613824564, 41.46540710860376], [-74.53218333455182, 41.14040930664568], [-74.50161701105772, 40.53584314350222], [-73.76110412141598, 40.25598150701643], [-73.04115286684838, 40.57280051748628], [-73.05276289938404, 41.17754608654734], [-73.80329613824564, 41.46540710860376]]]}}, {"type": "Feature", "properties": {"h3": "832b95fffffffff", "bars": 12, "breweries": 0, "golf_courses": 3, "boat_ramps": 14, "fishing_access": 1, "hardware_stores": 5, "campgrounds": 4, "bowling_pool_clubs": 8, "nfl_miles": 183.4, "nba_miles": 333.5, "mlb_miles": 210.4, "nhl_miles": 53.2, "casino_miles": 167.0}, "geometry": {"type": "Polygon", "coordinates": [[[-78.36949566979759, 47.90960012968468], [-79.17203759557559, 47.53183516633613], [-79.06872206001255, 46.88881037172931], [-78.18746122256381, 46.62142440903473], [-77.39313161281216, 46.989549598507395], [-77.47171852185642, 47.63456631781018], [-78.36949566979759, 47.90960012968468]]]}}, {"type": "Feature", "properties": {"h3": "8312cafffffffff", "bars": 18, "breweries": 5, "golf_courses": 0, "boat_ramps": 13, "fishing_access": 20, "hardware_stores": 5, "campgrounds": 4, "bowling_pool_clubs": 1, "nfl_miles": 327.8, "nba_miles": 197.3, "mlb_miles": 184.0, "nhl_miles": 198.3, "casino_miles": 239.8}, "geometry": {"type": "Polygon", "coordinates": [[[-115.33519659950258, 49.50483195754156], [-115.6619731190163, 48.969051103585215], [-115.10105179976324, 48.47184510538461], [-114.21548436243627, 48.500419738252255], [-113.86933693347515, 49.03165396356894], [-114.42778270390734, 49.53895307086971], [-115.33519659950258, 49.50483195754156]]]}}, {"type": "Feature", "properties": {"h3": "8344c3fffffffff", "bars": 21, "breweries": 2, "golf_courses": 7, "boat_ramps": 11, "fishing_access": 15, "hardware_stores": 5, "campgrounds": 8, "bowling_pool_clubs": 4, "nfl_miles": 328.4, "nba_miles": 301.7, "mlb_miles": 68.4, "nhl_miles": 256.9, "casino_miles": 208.3}, "geometry": {"type": "Polygon", "coordinates": [[[-82.7325296014245, 33.29759889863749], [-82.25090855639591, 33.71758753112421], [-82.43256797345202, 34.320172874426746], [-83.10473588087596, 34.505705329248435], [-83.59166912731055, 34.08394694471988], [-83.4011315026462, 33.47844071529843], [-82.7325296014245, 33.29759889863749]]]}}, {"type": "Feature", "properties": {"h3": "832640fffffffff", "bars": 139, "breweries": 18, "golf_courses": 10, "boat_ramps": 6, "fishing_access": 10, "hardware_stores": 20, "campgrounds": 18, "bowling_pool_clubs": 9, "nfl_miles": 76.1, "nba_miles": 114.3, "mlb_miles": 36.7, "nhl_miles": 75.8, "casino_miles": 47.0}, "geometry": {"type": "Polygon", "coordinates": [[[-89.4887205669586, 37.71098336757695], [-88.97835730963845, 38.151267943330346], [-89.22413087488565, 38.75211193292732], [-89.98990121695093, 38.91425387206256], [-90.50409519657562, 38.47195783770137], [-90.24874192906739, 37.86955373666953], [-89.4887205669586, 37.71098336757695]]]}}, {"type": "Feature", "properties": {"h3": "834559fffffffff", "bars": 22, "breweries": 9, "golf_courses": 6, "boat_ramps": 4, "fishing_access": 20, "hardware_stores": 0, "campgrounds": 1, "bowling_pool_clubs": 6, "nfl_miles": 170.8, "nba_miles": 328.4, "mlb_miles": 284.6, "nhl_miles": 383.0, "casino_miles": 48.6}, "geometry": {"type": "Polygon", "coordinates": [[[-92.10842561406868, 25.67855692404897], [-91.65048631043491, 26.180859620701675], [-91.89040692600457, 26.802296818491634], [-92.59583168685926, 26.922160336321134], [-93.05612094813121, 26.41651091529104], [-92.80868659913095, 25.794368628557635], [-92.10842561406868, 25.67855692404897]]]}}, {"type": "Feature", "properties": {"h3": "834465fffffffff", "bars": 38, "breweries": 10, "golf_courses": 7, "boat_ramps": 0, "fishing_access": 4, "hardware_stores": 1, "campgrounds": 3, "bowling_pool_clubs": 5, "nfl_miles": 170.4, "nba_miles": 381.8, "mlb_miles": 51.7, "nhl_miles": 95.2, "casino_miles": 120.7}, "geometry": {"type": "Polygon", "coordinates": [[[-94.02257695169038, 27.15312093103326], [-93.56019601847224, 27.662065251018905], [-93.81693163576479, 28.285110241006954], [-94.54359613382204, 28.399617614271598], [-95.0077899311177, 27.887434318702965], [-94.74356847987167, 27.264005617361743], [-94.02257695169038, 27.15312093103326]]]}}, {"type": "Feature", "properties": {"h3": "83269efffffffff", "bars": 23, "breweries": 5, "golf_courses": 7, "boat_ramps": 12, "fishing_access": 2, "hardware_stores": 9, "campgrounds": 2, "bowling_pool_clubs": 8, "nfl_miles": 172.1, "nba_miles": 153.2, "mlb_miles": 140.3, "nhl_miles": 385.8, "casino_miles": 21.1}, "geometry": {"type": "Polygon", "coordinates": [[[-109.35503433417163, 37.895722787842566], [-108.89664859969002, 38.437429748171034], [-109.28196805669877, 39.00726503389194], [-110.13060871660272, 39.03348081858628], [-110.58483321289158, 38.489934629043816], [-110.19471681664965, 37.922017453032595], [-109.35503433417163, 37.895722787842566]]]}}, {"type": "Feature", "properties": {"h3": "832886fffffffff", "bars": 11, "breweries": 7, "golf_courses": 8, "boat_ramps": 6, "fishing_access": 17, "hardware_stores": 1, "campgrounds": 4, "bowling_pool_clubs": 4, "nfl_miles": 293.5, "nba_miles": 117.2, "mlb_miles": 260.3, "nhl_miles": 289.8, "casino_miles": 249.7}, "geometry": {"type": "Polygon", "coordinates": [[[-114.28177752018668, 43.39060164662038], [-113.82809163347571, 43.92135439009325], [-114.2603475339209, 44.438604667829026], [-115.14968374123853, 44.4228727030157], [-115.59665506826775, 43.89084755153695], [-115.1611634793217, 43.375823835306086], [-114.28177752018668, 43.39060164662038]]]}}, {"type": "Feature", "properties": {"h3": "832792fffffffff", "bars": 12, "breweries": 1, "golf_courses": 2, "boat_ramps": 13, "fishing_access": 2, "hardware_stores": 7, "campgrounds": 2, "bowling_pool_clubs": 7, "nfl_miles": 399.0, "nba_miles": 331.8, "mlb_miles": 388.3, "nhl_miles": 395.2, "casino_miles": 171.9}, "geometry": {"type": "Polygon", "coordinates": [[[-111.47400876754263, 46.50252131175532], [-110.9857668256461, 47.003347818994186], [-111.41889328264209, 47.5101353287474], [-112.3452057389902, 47.514028634677466], [-112.8274735794235, 47.011492642373454], [-112.38958367178162, 46.50677450531628], [-111.47400876754263, 46.50252131175532]]]}}, {"type": "Feature", "properties": {"h3": "834893fffffffff", "bars": 90, "breweries": 2, "golf_courses": 17, "boat_ramps": 18, "fishing_access": 19, "hardware_stores": 5, "campgrounds": 22, "bowling_pool_clubs": 5, "nfl_miles": 200.4, "nba_miles": 136.8, "mlb_miles": 50.4, "nhl_miles": 68.1, "casino_miles": 29.4}, "geometry": {"type": "Polygon", "coordinates": [[[-96.01171169475361, 28.618476350212834], [-95.54600468393126, 29.133838359638744], [-95.82009485976022, 29.756435411794246], [-96.56734672388517, 29.863730793699244], [-97.03424627137409, 29.34525493284125], [-96.75277511563485, 28.72261927185323], [-96.01171169475361, 28.618476350212834]]]}}, {"type": "Feature", "properties": {"h3": "83266bfffffffff", "bars": 31, "breweries": 0, "golf_courses": 5, "boat_ramps": 8, "fishing_access": 18, "hardware_stores": 5, "campgrounds": 7, "bowling_pool_clubs": 8, "nfl_miles": 86.7, "nba_miles": 358.3, "mlb_miles": 63.7, "nhl_miles": 183.3, "casino_miles": 183.5}, "geometry": {"type": "Polygon", "coordinates": [[[-86.30321265174136, 36.43452708675165], [-85.80111290981186, 36.86166619033961], [-86.01789398947616, 37.46379401526499], [-86.74629677784777, 37.641022055898055], [-87.25311694478663, 37.21205136645073], [-87.02684565867368, 36.60770391373693], [-86.30321265174136, 36.43452708675165]]]}}, {"type": "Feature", "properties": {"h3": "83445dfffffffff", "bars": 30, "breweries": 8, "golf_courses": 6, "boat_ramps": 12, "fishing_access": 13, "hardware_stores": 9, "campgrounds": 1, "bowling_pool_clubs": 2, "nfl_miles": 390.1, "nba_miles": 271.2, "mlb_miles": 202.0, "nhl_miles": 284.8, "casino_miles": 96.0}, "geometry": {"type": "Polygon", "coordinates": [[[-90.74237144889806, 32.35169080962794], [-90.25697589361646, 32.82559032395142], [-90.5005057946158, 33.441811573125], [-91.23804838962502, 33.58545943938483], [-91.72652023620829, 33.10899485326931], [-91.4744264324729, 32.491469216001946], [-90.74237144889806, 32.35169080962794]]]}}, {"type": "Feature", "properties": {"h3": "83442afffffffff", "bars": 35, "breweries": 10, "golf_courses": 9, "boat_ramps": 2, "fishing_access": 4, "hardware_stores": 6, "campgrounds": 8, "bowling_pool_clubs": 0, "nfl_miles": 339.3, "nba_miles": 226.5, "mlb_miles": 149.5, "nhl_miles": 98.3, "casino_miles": 234.7}, "geometry": {"type": "Polygon", "coordinates": [[[-86.91055325871443, 25.27798693339144], [-86.45595470886799, 25.752672247023344], [-86.6566805904582, 26.365999088189653], [-87.31977540236294, 26.50644075528897], [-87.778092171115, 26.028642434222984], [-87.56962207558321, 25.41353773669042], [-86.91055325871443, 25.27798693339144]]]}}, {"type": "Feature", "properties": {"h3": "832605fffffffff", "bars": 14, "breweries": 5, "golf_courses": 8, "boat_ramps": 14, "fishing_access": 9, "hardware_stores": 1, "campgrounds": 4, "bowling_pool_clubs": 3, "nfl_miles": 268.6, "nba_miles": 238.3, "mlb_miles": 85.1, "nhl_miles": 149.0, "casino_miles": 140.4}, "geometry": {"type": "Polygon", "coordinates": [[[-96.3392334597766, 44.33676606087388], [-96.8881726905838, 43.879336779294704], [-96.5686787521048, 43.30285315194157], [-95.714151513397, 43.17622862726087], [-95.15924431439741, 43.62466166795431], [-95.46450687268344, 44.20868635642262], [-96.3392334597766, 44.33676606087388]]]}}, {"type": "Feature", "properties": {"h3": "832673fffffffff", "bars": 32, "breweries": 10, "golf_courses": 2, "boat_ramps": 9, "fishing_access": 18, "hardware_stores": 2, "campgrounds": 2, "bowling_pool_clubs": 5, "nfl_miles": 341.7, "nba_miles": 241.8, "mlb_miles": 335.5, "nhl_miles": 50.0, "casino_miles": 25.6}, "geometry": {"type": "Polygon", "coordinates": [[[-91.54335025644869, 39.22565620613394], [-91.02562347546493, 39.6699884133618], [-91.29193022272084, 40.26530489405515], [-92.08570007892963, 40.41742119307039], [-92.60663007462672, 39.9710266428886], [-92.33065725048594, 39.37460189667144], [-91.54335025644869, 39.22565620613394]]]}}, {"type": "Feature", "properties": {"h3": "8348eefffffffff", "bars": 41, "breweries": 12, "golf_courses": 9, "boat_ramps": 4, "fishing_access": 20, "hardware_stores": 3, "campgrounds": 9, "bowling_pool_clubs": 6, "nfl_miles": 262.5, "nba_miles": 50.9, "mlb_miles": 360.0, "nhl_miles": 236.4, "casino_miles": 165.8}, "geometry": {"type": "Polygon", "coordinates": [[[-109.76299039305262, 31.035593356600916], [-109.33403493051533, 31.60196550573027], [-109.69840479857707, 32.19761368713527], [-110.49596037119493, 32.22457225147604], [-110.9211020510217, 31.656057609227645], [-110.55261719483738, 31.062731017390274], [-109.76299039305262, 31.035593356600916]]]}}, {"type": "Feature", "properties": {"h3": "8344ebfffffffff", "bars": 19, "breweries": 7, "golf_courses": 3, "boat_ramps": 12, "fishing_access": 12, "hardware_stores": 4, "campgrounds": 7, "bowling_pool_clubs": 1, "nfl_miles": 287.9, "nba_miles": 96.9, "mlb_miles": 189.6, "nhl_miles": 207.2, "casino_miles": 94.9}, "geometry": {"type": "Polygon", "coordinates": [[[-85.94146193124166, 33.56730688842859], [-85.45330381112981, 34.00657678923617], [-85.66138948768366, 34.61503882694923], [-86.36664811453322, 34.786557412272], [-86.85937307137037, 34.3452166003912], [-86.64229970516325, 33.73444676207316], [-85.94146193124166, 33.56730688842859]]]}}, {"type": "Feature", "properties": {"h3": "8326c6fffffffff", "bars": 9, "breweries": 5, "golf_courses": 5, "boat_ramps": 11, "fishing_access": 11, "hardware_stores": 6, "campgrounds": 2, "bowling_pool_clubs": 5, "nfl_miles": 225.4, "nba_miles": 78.2, "mlb_miles": 127.0, "nhl_miles": 84.1, "casino_miles": 120.7}, "geometry": {"type": "Polygon", "coordinates": [[[-99.55936122810363, 36.013834579238605], [-99.06992307032374, 36.52031233535239], [-99.3880806830619, 37.122712835426306], [-100.2034246562154, 37.2182254853264], [-100.69279980327295, 36.70926693447674], [-100.36700120712757, 36.10729552299554], [-99.55936122810363, 36.013834579238605]]]}}, {"type": "Feature", "properties": {"h3": "8328aefffffffff", "bars": 9, "breweries": 1, "golf_courses": 0, "boat_ramps": 4, "fishing_access": 12, "hardware_stores": 9, "campgrounds": 6, "bowling_pool_clubs": 3, "nfl_miles": 386.6, "nba_miles": 364.8, "mlb_miles": 332.9, "nhl_miles": 376.2, "casino_miles": 184.5}, "geometry": {"type": "Polygon", "coordinates": [[[-118.20456682630163, 42.74588647057748], [-117.78201941593719, 43.29171292818135], [-118.22714709007862, 43.79486167109358], [-119.09644738968407, 43.74978177246419], [-119.5109793717686, 43.203253132665154], [-119.06436946770576, 42.702497693633134], [-118.20456682630163, 42.74588647057748]]]}}, {"type": "Feature", "properties": {"h3": "8329a2fffffffff", "bars": 12, "breweries": 12, "golf_courses": 2, "boat_ramps": 7, "fishing_access": 16, "hardware_stores": 7, "campgrounds": 7, "bowling_pool_clubs": 4, "nfl_miles": 219.1, "nba_miles": 72.4, "mlb_miles": 181.6, "nhl_miles": 204.6, "casino_miles": 71.6}, "geometry": {"type": "Polygon", "coordinates": [[[-115.6499873868824, 33.99972167858072], [-115.24453503570177, 34.57493203297945], [-115.64454936135779, 35.138559675017866], [-116.45234131278922, 35.12423585977483], [-116.85177786738714, 34.54785285861171], [-116.44955635313666, 33.98696146415], [-115.6499873868824, 33.99972167858072]]]}}, {"type": "Feature", "properties": {"h3": "832a96fffffffff", "bars": 37, "breweries": 5, "golf_courses": 0, "boat_ramps": 0, "fishing_access": 9, "hardware_stores": 7, "campgrounds": 9, "bowling_pool_clubs": 7, "nfl_miles": 142.9, "nba_miles": 42.9, "mlb_miles": 78.7, "nhl_miles": 88.2, "casino_miles": 77.2}, "geometry": {"type": "Polygon", "coordinates": [[[-85.06426190114368, 41.55187639845387], [-85.70319925935871, 41.16126851923316], [-85.53155199671416, 40.568530716727786], [-84.73805142411926, 40.36220275785905], [-84.10098314612456, 40.743488594522496], [-84.25536632224457, 41.34033600387873], [-85.06426190114368, 41.55187639845387]]]}}, {"type": "Feature", "properties": {"h3": "832b8afffffffff", "bars": 23, "breweries": 12, "golf_courses": 6, "boat_ramps": 5, "fishing_access": 1, "hardware_stores": 6, "campgrounds": 0, "bowling_pool_clubs": 8, "nfl_miles": 110.1, "nba_miles": 239.2, "mlb_miles": 66.5, "nhl_miles": 221.5, "casino_miles": 194.6}, "geometry": {"type": "Polygon", "coordinates": [[[-76.2778116319589, 44.16907499655588], [-77.03252451187105, 43.818093945518086], [-76.96625784448885, 43.19540780277762], [-76.1663850796221, 42.922473011645366], [-75.4200655058496, 43.26455227660656], [-75.46516063450494, 43.88834601368958], [-76.2778116319589, 44.16907499655588]]]}}, {"type": "Feature", "properties": {"h3": "832982fffffffff", "bars": 35, "breweries": 19, "golf_courses": 3, "boat_ramps": 4, "fishing_access": 6, "hardware_stores": 12, "campgrounds": 11, "bowling_pool_clubs": 12, "nfl_miles": 303.2, "nba_miles": 184.4, "mlb_miles": 131.1, "nhl_miles": 69.8, "casino_miles": 120.5}, "geometry": {"type": "Polygon", "coordinates": [[[-114.4009364165361, 36.84539669596593], [-113.97660173610183, 37.408121995315796], [-114.38212699256789, 37.963948500966595], [-115.21492269630696, 37.95458819397158], [-115.63333052926637, 37.39060674213888], [-115.2249999228253, 36.83723907450703], [-114.4009364165361, 36.84539669596593]]]}}, {"type": "Feature", "properties": {"h3": "83288efffffffff", "bars": 25, "breweries": 8, "golf_courses": 0, "boat_ramps": 0, "fishing_access": 1, "hardware_stores": 2, "campgrounds": 11, "bowling_pool_clubs": 5, "nfl_miles": 329.4, "nba_miles": 227.0, "mlb_miles": 93.6, "nhl_miles": 361.5, "casino_miles": 47.8}, "geometry": {"type": "Polygon", "coordinates": [[[-116.92835502755169, 45.402185384016036], [-116.48369847512731, 45.929068533958066], [-116.93698174171985, 46.41955712866162], [-117.8372371194877, 46.380836711274966], [-118.27385125808124, 45.852954302391], [-117.81841359189073, 45.36478359426205], [-116.92835502755169, 45.402185384016036]]]}}, {"type": "Feature", "properties": {"h3": "83279afffffffff", "bars": 39, "breweries": 5, "golf_courses": 2, "boat_ramps": 6, "fishing_access": 19, "hardware_stores": 4, "campgrounds": 9, "bowling_pool_clubs": 5, "nfl_miles": 222.6, "nba_miles": 223.5, "mlb_miles": 216.3, "nhl_miles": 242.7, "casino_miles": 126.6}, "geometry": {"type": "Polygon", "coordinates": [[[-108.89197055218331, 44.38693233492815], [-108.39991174612221, 44.89118918996348], [-108.80864700364839, 45.42344039457866], [-109.71526216716137, 45.44963144071354], [-110.20277520441415, 44.94351199421163], [-109.78838725262649, 44.41307088095467], [-108.89197055218331, 44.38693233492815]]]}}, {"type": "Feature", "properties": {"h3": "83489bfffffffff", "bars": 1, "breweries": 11, "golf_courses": 5, "boat_ramps": 3, "fishing_access": 13, "hardware_stores": 9, "campgrounds": 9, "bowling_pool_clubs": 11, "nfl_miles": 315.6, "nba_miles": 237.6, "mlb_miles": 227.2, "nhl_miles": 120.7, "casino_miles": 151.0}, "geometry": {"type": "Polygon", "coordinates": [[[-97.89937245694294, 31.208296808925436], [-97.42664390653239, 31.725397301780028], [-97.72016755014828, 32.343533743201355], [-98.49387337240057, 32.44435492016832], [-98.96716326527918, 31.924388070946087], [-98.66627338815579, 31.30648651288573], [-97.89937245694294, 31.208296808925436]]]}}, {"type": "Feature", "properties": {"h3": "8326a6fffffffff", "bars": 37, "breweries": 9, "golf_courses": 3, "boat_ramps": 11, "fishing_access": 1, "hardware_stores": 9, "campgrounds": 7, "bowling_pool_clubs": 2, "nfl_miles": 228.7, "nba_miles": 299.6, "mlb_miles": 318.9, "nhl_miles": 176.9, "casino_miles": 208.1}, "geometry": {"type": "Polygon", "coordinates": [[[-106.31760441924519, 43.217196123305854], [-105.81838686788865, 43.71747767649695], [-106.20654662007901, 44.266420576966794], [-107.10061371216128, 44.31358818455545], [-107.59657027994857, 43.811280598069516], [-107.20187935793095, 43.26384277624254], [-106.31760441924519, 43.217196123305854]]]}}, {"type": "Feature", "properties": {"h3": "8344cbfffffffff", "bars": 15, "breweries": 0, "golf_courses": 9, "boat_ramps": 11, "fishing_access": 3, "hardware_stores": 3, "campgrounds": 0, "bowling_pool_clubs": 7, "nfl_miles": 152.9, "nba_miles": 94.5, "mlb_miles": 288.6, "nhl_miles": 187.7, "casino_miles": 197.1}, "geometry": {"type": "Polygon", "coordinates": [[[-84.17939495534515, 35.89632540801398], [-83.6828330788421, 36.31262990722323], [-83.78157439026248, 36.612929318844365], [-83.85003233713478, 36.894645861993595], [-84.58516703208812, 37.099588896819924], [-85.08696804087774, 36.681622865275074], [-84.87939827143971, 36.07868094205102], [-84.17939495534515, 35.89632540801398]]]}}, {"type": "Feature", "properties": {"h3": "832693fffffffff", "bars": 30, "breweries": 11, "golf_courses": 0, "boat_ramps": 11, "fishing_access": 4, "hardware_stores": 8, "campgrounds": 3, "bowling_pool_clubs": 8, "nfl_miles": 157.0, "nba_miles": 278.4, "mlb_miles": 229.2, "nhl_miles": 153.0, "casino_miles": 55.7}, "geometry": {"type": "Polygon", "coordinates": [[[-110.58483321289158, 38.489934629043816], [-110.13060871660272, 39.03348081858628], [-110.52457491657485, 39.595857080084485], [-111.37729263139737, 39.612654092889834], [-111.82681969887075, 39.06741181658577], [-111.42846747340154, 38.50707218335669], [-110.58483321289158, 38.489934629043816]]]}}, {"type": "Feature", "properties": {"h3": "834888fffffffff", "bars": 34, "breweries": 5, "golf_courses": 8, "boat_ramps": 5, "fishing_access": 20, "hardware_stores": 4, "campgrounds": 9, "bowling_pool_clubs": 7, "nfl_miles": 109.2, "nba_miles": 128.7, "mlb_miles": 240.9, "nhl_miles": 121.0, "casino_miles": 243.6}, "geometry": {"type": "Polygon", "coordinates": [[[-101.59620527198447, 29.885644741509857], [-101.1381884540413, 30.423935041979828], [-101.45286582983651, 31.040561505986297], [-102.23204590148163, 31.11788008159638], [-102.68926577217127, 30.576699540271925], [-102.3682006129189, 29.961107168041362], [-101.59620527198447, 29.885644741509857]]]}}, {"type": "Feature", "properties": {"h3": "832660fffffffff", "bars": 38, "breweries": 9, "golf_courses": 6, "boat_ramps": 22, "fishing_access": 31, "hardware_stores": 10, "campgrounds": 15, "bowling_pool_clubs": 5, "nfl_miles": 191.6, "nba_miles": 298.7, "mlb_miles": 237.7, "nhl_miles": 113.5, "casino_miles": 119.2}, "geometry": {"type": "Polygon", "coordinates": [[[-87.94486478309473, 41.1553838498689], [-88.54992357173472, 40.75295554842209], [-88.34556822819707, 40.169739893481236], [-87.55198293001193, 39.98390911925493], [-86.9468991521532, 40.377069757823094], [-87.13521844074239, 40.96525476290966], [-87.94486478309473, 41.1553838498689]]]}}, {"type": "Feature", "properties": {"h3": "832b9dfffffffff", "bars": 34, "breweries": 6, "golf_courses": 6, "boat_ramps": 13, "fishing_access": 11, "hardware_stores": 2, "campgrounds": 4, "bowling_pool_clubs": 0, "nfl_miles": 143.5, "nba_miles": 297.1, "mlb_miles": 164.7, "nhl_miles": 199.3, "casino_miles": 75.3}, "geometry": {"type": "Polygon", "coordinates": [[[-77.17066554161775, 45.075432084114624], [-77.93347564333743, 44.7153111535447], [-77.8534793235469, 44.08743518312012], [-77.03252451187105, 43.818093945518086], [-76.2778116319589, 44.16907499655588], [-76.33587020720189, 44.798412769531616], [-77.17066554161775, 45.075432084114624]]]}}, {"type": "Feature", "properties": {"h3": "832aa9fffffffff", "bars": 61, "breweries": 6, "golf_courses": 6, "boat_ramps": 17, "fishing_access": 17, "hardware_stores": 17, "campgrounds": 8, "bowling_pool_clubs": 2, "nfl_miles": 60.3, "nba_miles": 235.8, "mlb_miles": 96.4, "nhl_miles": 44.1, "casino_miles": 175.8}, "geometry": {"type": "Polygon", "coordinates": [[[-75.81959124682997, 38.6967135553187], [-76.494396522905, 38.37087421973937], [-76.44182063194287, 37.78870151370381], [-75.73122117927622, 37.531384610678955], [-75.06331695265312, 37.849068867978225], [-75.0990713078559, 38.432121226941305], [-75.81959124682997, 38.6967135553187]]]}}, {"type": "Feature", "properties": {"h3": "8329b5fffffffff", "bars": 14, "breweries": 10, "golf_courses": 3, "boat_ramps": 0, "fishing_access": 3, "hardware_stores": 6, "campgrounds": 5, "bowling_pool_clubs": 7, "nfl_miles": 76.2, "nba_miles": 317.5, "mlb_miles": 41.9, "nhl_miles": 238.1, "casino_miles": 233.3}, "geometry": {"type": "Polygon", "coordinates": [[[-114.45507393531685, 33.43588476606372], [-114.04403771458595, 34.00971586940661], [-114.43739814796155, 34.58058110356487], [-115.24453503570177, 34.57493203297945], [-115.6499873868824, 33.99972167858072], [-115.25400548040932, 33.431536491573596], [-114.45507393531685, 33.43588476606372]]]}}, {"type": "Feature", "properties": {"h3": "8348cefffffffff", "bars": 26, "breweries": 10, "golf_courses": 7, "boat_ramps": 7, "fishing_access": 20, "hardware_stores": 3, "campgrounds": 4, "bowling_pool_clubs": 5, "nfl_miles": 142.7, "nba_miles": 61.3, "mlb_miles": 316.7, "nhl_miles": 274.8, "casino_miles": 69.6}, "geometry": {"type": "Polygon", "coordinates": [[[-108.38454072897143, 33.87846680144814], [-107.93785023260513, 34.43227819342154], [-108.30416222025185, 35.02288629334718], [-109.12207881037462, 35.05772688064214], [-109.5652699872179, 34.50180540172875], [-109.19416740762854, 33.91316015448695], [-108.38454072897143, 33.87846680144814]]]}}, {"type": "Feature", "properties": {"h3": "832754fffffffff", "bars": 2, "breweries": 2, "golf_courses": 6, "boat_ramps": 14, "fishing_access": 5, "hardware_stores": 0, "campgrounds": 6, "bowling_pool_clubs": 7, "nfl_miles": 107.1, "nba_miles": 309.6, "mlb_miles": 354.0, "nhl_miles": 144.2, "casino_miles": 23.8}, "geometry": {"type": "Polygon", "coordinates": [[[-91.17844711082972, 47.38363185794514], [-91.83357986131593, 46.93155685393746], [-91.5556878387775, 46.31947489246788], [-90.64177118328807, 46.152864424246296], [-89.98392497286626, 46.59501057326911], [-90.24235321110062, 47.21362581446894], [-91.17844711082972, 47.38363185794514]]]}}, {"type": "Feature", "properties": {"h3": "8326d9fffffffff", "bars": 19, "breweries": 9, "golf_courses": 9, "boat_ramps": 1, "fishing_access": 10, "hardware_stores": 4, "campgrounds": 7, "bowling_pool_clubs": 8, "nfl_miles": 228.8, "nba_miles": 360.1, "mlb_miles": 88.3, "nhl_miles": 221.5, "casino_miles": 79.1}, "geometry": {"type": "Polygon", "coordinates": [[[-98.96716326527918, 31.924388070946087], [-98.49387337240057, 32.44435492016832], [-98.79659813541227, 33.060022402896074], [-99.57994059929283, 33.15531969894715], [-100.05339930890096, 32.632560353598514], [-99.74344034359747, 32.01731540907891], [-98.96716326527918, 31.924388070946087]]]}}, {"type": "Feature", "properties": {"h3": "832a30fffffffff", "bars": 28, "breweries": 21, "golf_courses": 5, "boat_ramps": 29, "fishing_access": 32, "hardware_stores": 11, "campgrounds": 0, "bowling_pool_clubs": 23, "nfl_miles": 55.6, "nba_miles": 50.2, "mlb_miles": 99.4, "nhl_miles": 37.0, "casino_miles": 57.3}, "geometry": {"type": "Polygon", "coordinates": [[[-70.77262420310291, 43.34655143465862], [-71.55052924575753, 43.035560206435555], [-71.55848333948539, 42.41792704359448], [-70.80900570557183, 42.1121293062945], [-70.04260248359022, 42.415340072781305], [-70.01421100839474, 43.03201007307097], [-70.77262420310291, 43.34655143465862]]]}}, {"type": "Feature", "properties": {"h3": "834452fffffffff", "bars": 40, "breweries": 6, "golf_courses": 6, "boat_ramps": 8, "fishing_access": 10, "hardware_stores": 1, "campgrounds": 6, "bowling_pool_clubs": 1, "nfl_miles": 106.5, "nba_miles": 90.6, "mlb_miles": 156.5, "nhl_miles": 129.3, "casino_miles": 76.3}, "geometry": {"type": "Polygon", "coordinates": [[[-86.75436057989549, 30.374339458202368], [-86.27932783565213, 30.832256184099244], [-86.48784775839027, 31.446250156842748], [-87.17989672749181, 31.60442649522833], [-87.65903167210186, 31.14401657281158], [-87.44204456710632, 30.527943200536605], [-86.75436057989549, 30.374339458202368]]]}}, {"type": "Feature", "properties": {"h3": "83440afffffffff", "bars": 15, "breweries": 7, "golf_courses": 4, "boat_ramps": 5, "fishing_access": 9, "hardware_stores": 9, "campgrounds": 11, "bowling_pool_clubs": 0, "nfl_miles": 134.2, "nba_miles": 169.4, "mlb_miles": 125.1, "nhl_miles": 280.4, "casino_miles": 124.4}, "geometry": {"type": "Polygon", "coordinates": [[[-85.27706269846107, 27.765217013195986], [-84.81468252182852, 28.223333867668686], [-85.00714284003607, 28.834980045876637], [-85.67009274626189, 28.990791306805395], [-86.13674071864875, 28.52999626499663], [-85.93619087524844, 27.916087475170436], [-85.27706269846107, 27.765217013195986]]]}}, {"type": "Feature", "properties": {"h3": "83262dfffffffff", "bars": 10, "breweries": 6, "golf_courses": 10, "boat_ramps": 16, "fishing_access": 22, "hardware_stores": 4, "campgrounds": 11, "bowling_pool_clubs": 1, "nfl_miles": 256.2, "nba_miles": 359.5, "mlb_miles": 163.5, "nhl_miles": 113.3, "casino_miles": 228.0}, "geometry": {"type": "Polygon", "coordinates": [[[-92.25659268619185, 44.223095422856645], [-92.8541000587623, 43.78302934404948], [-92.58268675884928, 43.19216281409672], [-91.72982259888487, 43.03479179058443], [-91.12917935820074, 43.465408892741536], [-91.3842389088904, 44.062790040561886], [-92.25659268619185, 44.223095422856645]]]}}, {"type": "Feature", "properties": {"h3": "832815fffffffff", "bars": 30, "breweries": 2, "golf_courses": 7, "boat_ramps": 11, "fishing_access": 19, "hardware_stores": 5, "campgrounds": 6, "bowling_pool_clubs": 8, "nfl_miles": 368.6, "nba_miles": 312.6, "mlb_miles": 328.7, "nhl_miles": 337.2, "casino_miles": 194.0}, "geometry": {"type": "Polygon", "coordinates": [[[-121.88271267773588, 39.84864469677344], [-121.50080387637038, 40.415931916503304], [-121.9437268834602, 40.91885146671973], [-122.76858318165483, 40.851907214769206], [-123.1419319267879, 40.28458607724873], [-122.6990988675928, 39.784230841420204], [-121.88271267773588, 39.84864469677344]]]}}, {"type": "Feature", "properties": {"h3": "8326eefffffffff", "bars": 43, "breweries": 12, "golf_courses": 9, "boat_ramps": 2, "fishing_access": 16, "hardware_stores": 7, "campgrounds": 8, "bowling_pool_clubs": 5, "nfl_miles": 64.6, "nba_miles": 230.9, "mlb_miles": 59.0, "nhl_miles": 225.3, "casino_miles": 127.2}, "geometry": {"type": "Polygon", "coordinates": [[[-95.87710507147547, 36.081177827316736], [-95.37939994227249, 36.56770166310013], [-95.67110028492267, 37.17382395696937], [-96.46904184547842, 37.293731526522436], [-96.96815321456646, 36.80475078030148], [-96.6680060353176, 36.19834106591893], [-95.87710507147547, 36.081177827316736]]]}}, {"type": "Feature", "properties": {"h3": "8328d6fffffffff", "bars": 19, "breweries": 5, "golf_courses": 5, "boat_ramps": 16, "fishing_access": 14, "hardware_stores": 1, "campgrounds": 6, "bowling_pool_clubs": 11, "nfl_miles": 218.7, "nba_miles": 63.3, "mlb_miles": 195.7, "nhl_miles": 289.9, "casino_miles": 106.6}, "geometry": {"type": "Polygon", "coordinates": [[[-119.66490841732488, 47.2817327491024], [-119.23221501743073, 47.80409716753513], [-119.70563567474834, 48.26636789017849], [-120.61283582153811, 48.20391753366568], [-121.0361485865547, 47.68083349243753], [-120.56180060563707, 47.220906190997056], [-119.66490841732488, 47.2817327491024]]]}}, {"type": "Feature", "properties": {"h3": "8344e0fffffffff", "bars": 32, "breweries": 6, "golf_courses": 7, "boat_ramps": 9, "fishing_access": 1, "hardware_stores": 8, "campgrounds": 7, "bowling_pool_clubs": 4, "nfl_miles": 300.4, "nba_miles": 182.5, "mlb_miles": 333.9, "nhl_miles": 308.5, "casino_miles": 150.9}, "geometry": {"type": "Polygon", "coordinates": [[[-84.73295246542502, 29.89906782240826], [-84.26257560241332, 30.346368912980648], [-84.45440227965172, 30.956724773960858], [-85.1250201648158, 31.12226401184941], [-85.59995553405786, 30.67259376956367], [-85.3997328022232, 30.05977126868345], [-84.73295246542502, 29.89906782240826]]]}}, {"type": "Feature", "properties": {"h3": "8328f4fffffffff", "bars": 5, "breweries": 13, "golf_courses": 11, "boat_ramps": 4, "fishing_access": 34, "hardware_stores": 1, "campgrounds": 2, "bowling_pool_clubs": 15, "nfl_miles": 31.1, "nba_miles": 117.0, "mlb_miles": 199.0, "nhl_miles": 198.3, "casino_miles": 155.1}, "geometry": {"type": "Polygon", "coordinates": [[[-122.13483148443464, 44.05769081450338], [-121.7377846106953, 44.60505288134455], [-122.20136939043377, 45.07843776721966], [-123.0619138974771, 45.002082700322134], [-123.44954009529842, 44.454599865059286], [-122.98617149344271, 43.98357867786783], [-122.13483148443464, 44.05769081450338]]]}}, {"type": "Feature", "properties": {"h3": "8328a3fffffffff", "bars": 41, "breweries": 6, "golf_courses": 5, "boat_ramps": 14, "fishing_access": 12, "hardware_stores": 7, "campgrounds": 6, "bowling_pool_clubs": 6, "nfl_miles": 68.9, "nba_miles": 387.1, "mlb_miles": 354.8, "nhl_miles": 87.9, "casino_miles": 217.2}, "geometry": {"type": "Polygon", "coordinates": [[[-116.90361334684562, 42.268646199559925], [-116.4735624014566, 42.81358834126603], [-116.91167715946514, 43.326309757929465], [-117.78201941593719, 43.29171292818135], [-118.20456682630163, 42.74588647057748], [-117.76442128269251, 42.235534282449564], [-116.90361334684562, 42.268646199559925]]]}}, {"type": "Feature", "properties": {"h3": "832a8bfffffffff", "bars": 30, "breweries": 11, "golf_courses": 25, "boat_ramps": 33, "fishing_access": 16, "hardware_stores": 14, "campgrounds": 0, "bowling_pool_clubs": 24, "nfl_miles": 8.0, "nba_miles": 30.7, "mlb_miles": 61.5, "nhl_miles": 50.9, "casino_miles": 32.1}, "geometry": {"type": "Polygon", "coordinates": [[[-79.7325133981091, 36.71041742216859], [-80.35312006833853, 36.37340642995808], [-80.25814499659049, 35.81108208756661], [-79.55761808651526, 35.58356677506037], [-78.94137591454216, 35.91225854241561], [-79.02121654991561, 36.47669268967658], [-79.7325133981091, 36.71041742216859]]]}}, {"type": "Feature", "properties": {"h3": "832618fffffffff", "bars": 14, "breweries": 3, "golf_courses": 7, "boat_ramps": 5, "fishing_access": 4, "hardware_stores": 4, "campgrounds": 3, "bowling_pool_clubs": 1, "nfl_miles": 51.6, "nba_miles": 277.7, "mlb_miles": 261.4, "nhl_miles": 377.0, "casino_miles": 223.9}, "geometry": {"type": "Polygon", "coordinates": [[[-98.85304930040634, 40.38456935477076], [-98.34071099607598, 40.864460160882054], [-98.66728650140092, 41.448139208990376], [-99.51481113071188, 41.55163492267252], [-100.02738621807642, 41.069470869434845], [-99.69231801565282, 40.48610531608688], [-98.85304930040634, 40.38456935477076]]]}}, {"type": "Feature", "properties": {"h3": "8344adfffffffff", "bars": 15, "breweries": 3, "golf_courses": 1, "boat_ramps": 1, "fishing_access": 19, "hardware_stores": 0, "campgrounds": 7, "bowling_pool_clubs": 0, "nfl_miles": 128.1, "nba_miles": 55.9, "mlb_miles": 198.0, "nhl_miles": 234.3, "casino_miles": 192.3}, "geometry": {"type": "Polygon", "coordinates": [[[-81.4666485243196, 26.823209415358573], [-81.01555836148441, 27.26089110159464], [-81.17717341106804, 27.861791158277978], [-81.79769398399905, 28.027951836577206], [-82.25372934517684, 27.587840623822764], [-82.08430112269555, 26.984013476507926], [-81.4666485243196, 26.823209415358573]]]}}, {"type": "Feature", "properties": {"h3": "832688fffffffff", "bars": 49, "breweries": 1, "golf_courses": 2, "boat_ramps": 16, "fishing_access": 9, "hardware_stores": 3, "campgrounds": 13, "bowling_pool_clubs": 9, "nfl_miles": 141.0, "nba_miles": 232.7, "mlb_miles": 257.3, "nhl_miles": 141.6, "casino_miles": 78.4}, "geometry": {"type": "Polygon", "coordinates": [[[-104.33169514214511, 37.61299079256906], [-103.85102976556078, 38.13504916583624], [-104.20599904013338, 38.721189354023906], [-105.04826666914853, 38.78405339245845], [-105.52685292295116, 38.25975663382742], [-105.16538034685188, 37.6748476735819], [-104.33169514214511, 37.61299079256906]]]}}, {"type": "Feature", "properties": {"h3": "832655fffffffff", "bars": 18, "breweries": 16, "golf_courses": 3, "boat_ramps": 13, "fishing_access": 9, "hardware_stores": 4, "campgrounds": 1, "bowling_pool_clubs": 8, "nfl_miles": 329.3, "nba_miles": 307.9, "mlb_miles": 317.8, "nhl_miles": 228.9, "casino_miles": 99.8}, "geometry": {"type": "Polygon", "coordinates": [[[-91.79004902117875, 38.174145824564135], [-91.27779965282252, 38.62598379901026], [-91.54335025644869, 39.22565620613394], [-92.33065725048594, 39.37460189667144], [-92.8459540893116, 38.92062194056103], [-92.57096612895222, 38.31986150680523], [-91.79004902117875, 38.174145824564135]]]}}, {"type": "Feature", "properties": {"h3": "832749fffffffff", "bars": 31, "breweries": 0, "golf_courses": 5, "boat_ramps": 10, "fishing_access": 12, "hardware_stores": 8, "campgrounds": 5, "bowling_pool_clubs": 6, "nfl_miles": 187.0, "nba_miles": 148.0, "mlb_miles": 106.2, "nhl_miles": 233.7, "casino_miles": 71.6}, "geometry": {"type": "Polygon", "coordinates": [[[-84.57622004699657, 42.54595119318308], [-85.23367711992915, 42.15262667876492], [-85.06426190114368, 41.55187639845387], [-84.25536632224457, 41.34033600387873], [-83.60019678206457, 41.72421452886994], [-83.75144989279491, 42.32898615695193], [-84.57622004699657, 42.54595119318308]]]}}, {"type": "Feature", "properties": {"h3": "832622fffffffff", "bars": 14, "breweries": 4, "golf_courses": 2, "boat_ramps": 12, "fishing_access": 14, "hardware_stores": 0, "campgrounds": 8, "bowling_pool_clubs": 6, "nfl_miles": 388.4, "nba_miles": 240.6, "mlb_miles": 88.3, "nhl_miles": 127.4, "casino_miles": 62.8}, "geometry": {"type": "Polygon", "coordinates": [[[-97.33740086593316, 46.0923655509308], [-97.89531524021551, 45.62035329900979], [-97.55120876321169, 45.038256884696956], [-96.6635995160511, 44.92016292279368], [-96.09852408793901, 45.38313078452308], [-96.42784833213679, 45.97321288481191], [-97.33740086593316, 46.0923655509308]]]}}, {"type": "Feature", "properties": {"h3": "8326e3fffffffff", "bars": 41, "breweries": 1, "golf_courses": 7, "boat_ramps": 13, "fishing_access": 11, "hardware_stores": 1, "campgrounds": 8, "bowling_pool_clubs": 3, "nfl_miles": 58.6, "nba_miles": 175.8, "mlb_miles": 257.8, "nhl_miles": 54.2, "casino_miles": 32.1}, "geometry": {"type": "Polygon", "coordinates": [[[-96.96815321456646, 36.80475078030148], [-96.46904184547842, 37.293731526522436], [-96.77084887594457, 37.89623749700565], [-97.58020995813281, 38.00985752453172], [-98.08031194449836, 37.51844798399209], [-97.77015921905974, 36.915868467225344], [-96.96815321456646, 36.80475078030148]]]}}, {"type": "Feature", "properties": {"h3": "8348d8fffffffff", "bars": 37, "breweries": 11, "golf_courses": 8, "boat_ramps": 3, "fishing_access": 15, "hardware_stores": 3, "campgrounds": 5, "bowling_pool_clubs": 4, "nfl_miles": 384.5, "nba_miles": 45.5, "mlb_miles": 377.4, "nhl_miles": 386.3, "casino_miles": 42.6}, "geometry": {"type": "Polygon", "coordinates": [[[-105.85490359190689, 34.885495632584245], [-105.39245215561284, 35.425896502890346], [-105.74779673121111, 36.019808612927946], [-106.57142966961021, 36.071784898852435], [-107.03130185911286, 35.52911069563973], [-106.67024391085529, 34.936744364389185], [-105.85490359190689, 34.885495632584245]]]}}, {"type": "Feature", "properties": {"h3": "832ab3fffffffff", "bars": 48, "breweries": 15, "golf_courses": 3, "boat_ramps": 19, "fishing_access": 22, "hardware_stores": 3, "campgrounds": 12, "bowling_pool_clubs": 3, "nfl_miles": 212.8, "nba_miles": 284.7, "mlb_miles": 157.7, "nhl_miles": 206.9, "casino_miles": 88.8}, "geometry": {"type": "Polygon", "coordinates": [[[-82.12251259692785, 41.87847668738883], [-82.79333384406097, 41.50185138172187], [-82.65675622724562, 40.90136225917495], [-81.86750279548116, 40.67424641607379], [-81.20053412987326, 41.041629761320586], [-81.31882164973817, 41.64527030279075], [-82.12251259692785, 41.87847668738883]]]}}, {"type": "Feature", "properties": {"h3": "832833fffffffff", "bars": 16, "breweries": 11, "golf_courses": 8, "boat_ramps": 15, "fishing_access": 14, "hardware_stores": 1, "campgrounds": 15, "bowling_pool_clubs": 5, "nfl_miles": 328.8, "nba_miles": 154.3, "mlb_miles": 168.2, "nhl_miles": 215.9, "casino_miles": 59.7}, "geometry": {"type": "Polygon", "coordinates": [[[-121.82297224873773, 38.76738776291943], [-121.44467346223442, 39.33890002192065], [-121.88271267773588, 39.84864469677344], [-122.6990988675928, 39.784230841420204], [-123.06903465053608, 39.212681530805746], [-122.63105837724844, 38.70557110459394], [-121.82297224873773, 38.76738776291943]]]}}, {"type": "Feature", "properties": {"h3": "8344d5fffffffff", "bars": 9, "breweries": 0, "golf_courses": 4, "boat_ramps": 8, "fishing_access": 18, "hardware_stores": 9, "campgrounds": 11, "bowling_pool_clubs": 6, "nfl_miles": 146.3, "nba_miles": 110.6, "mlb_miles": 122.8, "nhl_miles": 245.1, "casino_miles": 72.7}, "geometry": {"type": "Polygon", "coordinates": [[[-81.07866492855536, 31.72607687093998], [-80.60792937128781, 32.1425357461079], [-80.77373611056632, 32.742681736561956], [-81.41879985273538, 32.9295794992344], [-81.89501544062873, 32.511355947593124], [-81.72068792738153, 31.908011853886673], [-81.07866492855536, 31.72607687093998]]]}}, {"type": "Feature", "properties": {"h3": "83264bfffffffff", "bars": 35, "breweries": 10, "golf_courses": 4, "boat_ramps": 15, "fishing_access": 23, "hardware_stores": 10, "campgrounds": 15, "bowling_pool_clubs": 7, "nfl_miles": 89.4, "nba_miles": 291.0, "mlb_miles": 89.7, "nhl_miles": 267.0, "casino_miles": 115.9}, "geometry": {"type": "Polygon", "coordinates": [[[-88.0658863098819, 34.05983621723472], [-87.57353322104679, 34.510058497564266], [-87.79966002517808, 35.12042641371537], [-88.5271961284651, 35.28247555937672], [-89.0235592299158, 34.830044724730286], [-88.78841621793354, 34.21779377568846], [-88.0658863098819, 34.05983621723472]]]}}, {"type": "Feature", "properties": {"h3": "8326b0fffffffff", "bars": 34, "breweries": 10, "golf_courses": 0, "boat_ramps": 8, "fishing_access": 1, "hardware_stores": 1, "campgrounds": 10, "bowling_pool_clubs": 0, "nfl_miles": 315.2, "nba_miles": 188.5, "mlb_miles": 343.3, "nhl_miles": 123.3, "casino_miles": 181.2}, "geometry": {"type": "Polygon", "coordinates": [[[-109.05311881073489, 42.27299893921172], [-108.57281007376784, 42.79086039866055], [-108.9734408784379, 43.33663545543503], [-109.85988280764394, 43.36274489173448], [-110.33577809752227, 42.84306664920783], [-109.92980248566015, 42.29910215223189], [-109.05311881073489, 42.27299893921172]]]}}, {"type": "Feature", "properties": {"h3": "834470fffffffff", "bars": 0, "breweries": 3, "golf_courses": 8, "boat_ramps": 7, "fishing_access": 11, "hardware_stores": 0, "campgrounds": 9, "bowling_pool_clubs": 7, "nfl_miles": 277.3, "nba_miles": 45.7, "mlb_miles": 231.6, "nhl_miles": 188.1, "casino_miles": 18.9}, "geometry": {"type": "Polygon", "coordinates": [[[-89.57123704945674, 27.53389417820175], [-89.10599862293965, 28.01782838283559], [-89.33080050129624, 28.63703577277875], [-90.02883293008414, 28.77369543736418], [-90.49723548365363, 28.286741498708036], [-90.26448250359262, 27.66617016798587], [-89.57123704945674, 27.53389417820175]]]}}, {"type": "Feature", "properties": {"h3": "832898fffffffff", "bars": 17, "breweries": 8, "golf_courses": 4, "boat_ramps": 0, "fishing_access": 16, "hardware_stores": 10, "campgrounds": 6, "bowling_pool_clubs": 2, "nfl_miles": 78.5, "nba_miles": 74.7, "mlb_miles": 93.6, "nhl_miles": 109.1, "casino_miles": 138.7}, "geometry": {"type": "Polygon", "coordinates": [[[-114.21600178473176, 46.49343479310051], [-113.74606662563717, 47.00451746602974], [-114.19305129718568, 47.499510710490746], [-115.11363574138194, 47.481190448823], [-115.57640244150916, 46.968697235228724], [-115.12592915683786, 46.475931191123145], [-114.21600178473176, 46.49343479310051]]]}}, {"type": "Feature", "properties": {"h3": "83298cfffffffff", "bars": 22, "breweries": 4, "golf_courses": 6, "boat_ramps": 1, "fishing_access": 11, "hardware_stores": 6, "campgrounds": 7, "bowling_pool_clubs": 3, "nfl_miles": 396.5, "nba_miles": 121.3, "mlb_miles": 286.3, "nhl_miles": 345.2, "casino_miles": 168.6}, "geometry": {"type": "Polygon", "coordinates": [[[-118.09873920679385, 37.32169681911912], [-117.69772807276907, 37.89180158932052], [-118.1190113151929, 38.42851196624436], [-118.9428082627461, 38.39246021299849], [-119.3366640401314, 37.821673499383714], [-118.91400022891516, 37.28761259523681], [-118.09873920679385, 37.32169681911912]]]}}, {"type": "Feature", "properties": {"h3": "832a80fffffffff", "bars": 41, "breweries": 12, "golf_courses": 0, "boat_ramps": 1, "fishing_access": 12, "hardware_stores": 6, "campgrounds": 6, "bowling_pool_clubs": 8, "nfl_miles": 211.4, "nba_miles": 269.2, "mlb_miles": 293.0, "nhl_miles": 69.8, "casino_miles": 213.7}, "geometry": {"type": "Polygon", "coordinates": [[[-80.31014656201951, 40.20558385007028], [-80.97281170358137, 39.84726423792644], [-80.86316038688348, 39.25671721647276], [-80.10813043428563, 39.0219379596368], [-79.45016220345619, 39.37138128434727], [-79.54242045141177, 39.96437928527364], [-80.31014656201951, 40.20558385007028]]]}}, {"type": "Feature", "properties": {"h3": "832771fffffffff", "bars": 41, "breweries": 12, "golf_courses": 5, "boat_ramps": 9, "fishing_access": 3, "hardware_stores": 8, "campgrounds": 0, "bowling_pool_clubs": 3, "nfl_miles": 116.1, "nba_miles": 352.5, "mlb_miles": 359.5, "nhl_miles": 211.2, "casino_miles": 25.9}, "geometry": {"type": "Polygon", "coordinates": [[[-87.92106735641548, 47.91250059445543], [-88.62387683209171, 47.475113179089746], [-88.38601869715757, 46.85043803470459], [-87.46665138254247, 46.65751335362676], [-86.76385612316132, 47.08474562818118], [-86.98009097592502, 47.71496486743984], [-87.92106735641548, 47.91250059445543]]]}}, {"type": "Feature", "properties": {"h3": "83264afffffffff", "bars": 9, "breweries": 17, "golf_courses": 17, "boat_ramps": 36, "fishing_access": 42, "hardware_stores": 1, "campgrounds": 5, "bowling_pool_clubs": 10, "nfl_miles": 20.9, "nba_miles": 55.4, "mlb_miles": 44.0, "nhl_miles": 165.9, "casino_miles": 104.2}, "geometry": {"type": "Polygon", "coordinates": [[[-89.0235592299158, 34.830044724730286], [-88.5271961284651, 35.28247555937672], [-88.76262581587908, 35.891945274509524], [-89.50356091135191, 36.05069440873939], [-90.003697795763, 35.59605190467914], [-89.75917248139794, 34.984893131397165], [-89.0235592299158, 34.830044724730286]]]}}, {"type": "Feature", "properties": {"h3": "832832fffffffff", "bars": 59, "breweries": 2, "golf_courses": 4, "boat_ramps": 5, "fishing_access": 18, "hardware_stores": 3, "campgrounds": 9, "bowling_pool_clubs": 6, "nfl_miles": 254.6, "nba_miles": 210.5, "mlb_miles": 159.8, "nhl_miles": 274.9, "casino_miles": 180.5}, "geometry": {"type": "Polygon", "coordinates": [[[-120.57845933476938, 38.30365554250539], [-120.19218036557425, 38.8749126384377], [-120.62501817993413, 39.393867603441024], [-121.44467346223442, 39.33890002192065], [-121.82297224873773, 38.76738776291943], [-121.38971138641872, 38.251087469086706], [-120.57845933476938, 38.30365554250539]]]}}, {"type": "Feature", "properties": {"h3": "832a1afffffffff", "bars": 44, "breweries": 11, "golf_courses": 1, "boat_ramps": 8, "fishing_access": 11, "hardware_stores": 0, "campgrounds": 1, "bowling_pool_clubs": 6, "nfl_miles": 123.6, "nba_miles": 67.4, "mlb_miles": 257.9, "nhl_miles": 261.0, "casino_miles": 155.0}, "geometry": {"type": "Polygon", "coordinates": [[[-74.41444270614038, 38.75001329066488], [-75.0990713078559, 38.432121226941305], [-75.06331695265312, 37.849068867978225], [-74.35982483891512, 37.58340219470152], [-73.68285574856036, 37.893343365515186], [-73.70169791468628, 38.476797234937344], [-74.41444270614038, 38.75001329066488]]]}}, {"type": "Feature", "properties": {"h3": "832772fffffffff", "bars": 20, "breweries": 0, "golf_courses": 4, "boat_ramps": 12, "fishing_access": 14, "hardware_stores": 7, "campgrounds": 3, "bowling_pool_clubs": 5, "nfl_miles": 239.1, "nba_miles": 175.2, "mlb_miles": 106.9, "nhl_miles": 250.9, "casino_miles": 104.3}, "geometry": {"type": "Polygon", "coordinates": [[[-90.78152579501695, 48.4574770794233], [-91.45818560247234, 48.002261922088664], [-91.17844711082972, 47.38363185794514], [-90.24235321110062, 47.21362581446894], [-89.56319289877194, 47.65874961923311], [-89.82224906931424, 48.28389484647072], [-90.78152579501695, 48.4574770794233]]]}}, {"type": "Feature", "properties": {"h3": "83270bfffffffff", "bars": 39, "breweries": 4, "golf_courses": 3, "boat_ramps": 11, "fishing_access": 2, "hardware_stores": 1, "campgrounds": 4, "bowling_pool_clubs": 2, "nfl_miles": 176.8, "nba_miles": 322.2, "mlb_miles": 95.5, "nhl_miles": 180.3, "casino_miles": 99.8}, "geometry": {"type": "Polygon", "coordinates": [[[-94.01286288263772, 47.845996395336904], [-94.63860762113772, 47.378049009400215], [-94.3211923328983, 46.773779344513805], [-93.39584904234346, 46.630019541751885], [-92.76498247543009, 47.08825483189807], [-93.06418433831384, 47.69991076316287], [-94.01286288263772, 47.845996395336904]]]}}, {"type": "Feature", "properties": {"h3": "8328f3fffffffff", "bars": 11, "breweries": 0, "golf_courses": 9, "boat_ramps": 14, "fishing_access": 23, "hardware_stores": 8, "campgrounds": 3, "bowling_pool_clubs": 4, "nfl_miles": 45.8, "nba_miles": 127.5, "mlb_miles": 157.5, "nhl_miles": 146.9, "casino_miles": 25.8}, "geometry": {"type": "Polygon", "coordinates": [[[-122.26940500099423, 46.08572593247763], [-121.86434240223866, 46.621609491158004], [-122.33898926103997, 47.07920542319071], [-123.21854399041668, 46.99858902180549], [-123.61370717823291, 46.46248549978461], [-123.13935229111728, 46.0072026708798], [-122.26940500099423, 46.08572593247763]]]}}, {"type": "Feature", "properties": {"h3": "834409fffffffff", "bars": 5, "breweries": 5, "golf_courses": 8, "boat_ramps": 1, "fishing_access": 19, "hardware_stores": 9, "campgrounds": 5, "bowling_pool_clubs": 6, "nfl_miles": 44.4, "nba_miles": 189.0, "mlb_miles": 320.5, "nhl_miles": 300.9, "casino_miles": 146.5}, "geometry": {"type": "Polygon", "coordinates": [[[-87.27450638580456, 28.2115105073958], [-86.80794203838373, 28.680133282026127], [-87.01654889201636, 29.29583342505069], [-87.69988929915671, 29.44481299708353], [-88.17027178884264, 28.973403097559856], [-87.9535258220553, 28.355821634566272], [-87.27450638580456, 28.2115105073958]]]}}, {"type": "Feature", "properties": {"h3": "8326d8fffffffff", "bars": 15, "breweries": 9, "golf_courses": 8, "boat_ramps": 2, "fishing_access": 12, "hardware_stores": 2, "campgrounds": 2, "bowling_pool_clubs": 4, "nfl_miles": 148.4, "nba_miles": 217.5, "mlb_miles": 62.8, "nhl_miles": 196.5, "casino_miles": 114.0}, "geometry": {"type": "Polygon", "coordinates": [[[-100.05339930890096, 32.632560353598514], [-99.57994059929283, 33.15531969894715], [-99.8919269560942, 33.76797243882122], [-100.68454781129164, 33.85727414177581], [-101.15776180034088, 33.33180163674792], [-100.83869940750532, 32.71975875592276], [-100.05339930890096, 32.632560353598514]]]}}, {"type": "Feature", "properties": {"h3": "8348cdfffffffff", "bars": 61, "breweries": 2, "golf_courses": 11, "boat_ramps": 8, "fishing_access": 15, "hardware_stores": 15, "campgrounds": 6, "bowling_pool_clubs": 7, "nfl_miles": 61.8, "nba_miles": 118.5, "mlb_miles": 303.4, "nhl_miles": 126.4, "casino_miles": 128.2}, "geometry": {"type": "Polygon", "coordinates": [[[-110.8135831654653, 33.96659210942723], [-110.37916481688075, 34.52844863697906], [-110.75816250105761, 35.11087460898331], [-111.5756629202815, 35.12917634403377], [-112.00568347042538, 34.56548052477443], [-111.62272575497785, 33.985325026440734], [-110.8135831654653, 33.96659210942723]]]}}, {"type": "Feature", "properties": {"h3": "8329b4fffffffff", "bars": 42, "breweries": 14, "golf_courses": 10, "boat_ramps": 13, "fishing_access": 8, "hardware_stores": 9, "campgrounds": 10, "bowling_pool_clubs": 9, "nfl_miles": 303.6, "nba_miles": 88.9, "mlb_miles": 121.5, "nhl_miles": 308.6, "casino_miles": 194.0}, "geometry": {"type": "Polygon", "coordinates": [[[-113.26800832642184, 32.85690516760766], [-112.85182686097026, 33.4291562613683], [-113.23827165842253, 34.00686720358983], [-114.04403771458595, 34.00971586940661], [-114.45507393531685, 33.43588476606372], [-114.0656081345257, 32.86078361749077], [-113.26800832642184, 32.85690516760766]]]}}, {"type": "Feature", "properties": {"h3": "832aa8fffffffff", "bars": 74, "breweries": 40, "golf_courses": 15, "boat_ramps": 36, "fishing_access": 31, "hardware_stores": 20, "campgrounds": 24, "bowling_pool_clubs": 8, "nfl_miles": 104.5, "nba_miles": 55.6, "mlb_miles": 23.3, "nhl_miles": 75.3, "casino_miles": 49.6}, "geometry": {"type": "Polygon", "coordinates": [[[-76.6034992237302, 39.5496023466371], [-77.2850167275602, 39.21538689141198], [-77.2218041649326, 38.62665557543465], [-76.494396522905, 38.37087421973937], [-75.81959124682997, 38.6967135553187], [-75.86542858246044, 39.28660460988249], [-76.6034992237302, 39.5496023466371]]]}}, {"type": "Feature", "properties": {"h3": "832a81fffffffff", "bars": 34, "breweries": 2, "golf_courses": 8, "boat_ramps": 0, "fishing_access": 14, "hardware_stores": 3, "campgrounds": 7, "bowling_pool_clubs": 4, "nfl_miles": 339.3, "nba_miles": 64.9, "mlb_miles": 345.2, "nhl_miles": 326.2, "casino_miles": 173.1}, "geometry": {"type": "Polygon", "coordinates": [[[-79.45016220345619, 39.37138128434727], [-80.10813043428563, 39.0219379596368], [-80.01080290275773, 38.436980628495995], [-79.27234864709442, 38.19924000150494], [-78.61941821988546, 38.54000205701095], [-78.69981411751283, 39.12708560115555], [-79.45016220345619, 39.37138128434727]]]}}, {"type": "Feature", "properties": {"h3": "83298dfffffffff", "bars": 8, "breweries": 10, "golf_courses": 4, "boat_ramps": 3, "fishing_access": 8, "hardware_stores": 10, "campgrounds": 2, "bowling_pool_clubs": 6, "nfl_miles": 324.1, "nba_miles": 66.6, "mlb_miles": 396.7, "nhl_miles": 212.5, "casino_miles": 109.2}, "geometry": {"type": "Polygon", "coordinates": [[[-119.3366640401314, 37.821673499383714], [-118.9428082627461, 38.39246021299849], [-119.37005432538994, 38.92041438893343], [-120.19218036557425, 38.8749126384377], [-120.57845933476938, 38.30365554250539], [-120.15030815558956, 37.77836118370325], [-119.3366640401314, 37.821673499383714]]]}}, {"type": "Feature", "properties": {"h3": "832899fffffffff", "bars": 32, "breweries": 11, "golf_courses": 6, "boat_ramps": 8, "fishing_access": 1, "hardware_stores": 5, "campgrounds": 11, "bowling_pool_clubs": 8, "nfl_miles": 253.8, "nba_miles": 369.2, "mlb_miles": 79.4, "nhl_miles": 129.4, "casino_miles": 171.2}, "geometry": {"type": "Polygon", "coordinates": [[[-115.57640244150916, 46.968697235228724], [-115.11363574138194, 47.481190448823], [-115.56933457709269, 47.966237332725626], [-116.49085177316248, 47.936498245216775], [-116.94580923942712, 47.4227341862198], [-116.48723369835943, 46.939973736614235], [-115.57640244150916, 46.968697235228724]]]}}, {"type": "Feature", "properties": {"h3": "832b9cfffffffff", "bars": 10, "breweries": 10, "golf_courses": 9, "boat_ramps": 0, "fishing_access": 18, "hardware_stores": 10, "campgrounds": 10, "bowling_pool_clubs": 6, "nfl_miles": 388.1, "nba_miles": 159.4, "mlb_miles": 326.6, "nhl_miles": 78.1, "casino_miles": 38.2}, "geometry": {"type": "Polygon", "coordinates": [[[-78.10036638488211, 45.98243219562387], [-78.87090677231961, 45.61293702645131], [-78.77616090386161, 44.98035914488244], [-77.93347564333743, 44.7153111535447], [-77.17066554161775, 45.075432084114624], [-77.24269992217245, 45.7098488803691], [-78.10036638488211, 45.98243219562387]]]}}, {"type": "Feature", "properties": {"h3": "8326b1fffffffff", "bars": 14, "breweries": 8, "golf_courses": 8, "boat_ramps": 8, "fishing_access": 18, "hardware_stores": 9, "campgrounds": 3, "bowling_pool_clubs": 7, "nfl_miles": 174.7, "nba_miles": 206.7, "mlb_miles": 284.6, "nhl_miles": 288.6, "casino_miles": 50.4}, "geometry": {"type": "Polygon", "coordinates": [[[-107.78504495046697, 41.684782082435596], [-107.30092855778555, 42.20072351180341], [-107.6918462556572, 42.75459323566918], [-108.57281007376784, 42.79086039866055], [-109.05311881073489, 42.27299893921172], [-108.656424990462, 41.72079892335978], [-107.78504495046697, 41.684782082435596]]]}}, {"type": "Feature", "properties": {"h3": "8344cafffffffff", "bars": 1, "breweries": 7, "golf_courses": 1, "boat_ramps": 4, "fishing_access": 13, "hardware_stores": 1, "campgrounds": 1, "bowling_pool_clubs": 2, "nfl_miles": 165.4, "nba_miles": 163.5, "mlb_miles": 322.3, "nhl_miles": 227.6, "casino_miles": 96.9}, "geometry": {"type": "Polygon", "coordinates": [[[-83.29474546431162, 35.10886396783513], [-82.80355548326627, 35.52352756897824], [-82.99298425130046, 36.12399583561639], [-83.6828330788421, 36.31262990722323], [-84.17939495534515, 35.89632540801398], [-83.98074902462155, 35.29304364656146], [-83.29474546431162, 35.10886396783513]]]}}, {"type": "Feature", "properties": {"h3": "8326a5fffffffff", "bars": 6, "breweries": 7, "golf_courses": 7, "boat_ramps": 5, "fishing_access": 2, "hardware_stores": 4, "campgrounds": 0, "bowling_pool_clubs": 1, "nfl_miles": 48.1, "nba_miles": 163.5, "mlb_miles": 79.4, "nhl_miles": 328.0, "casino_miles": 233.5}, "geometry": {"type": "Polygon", "coordinates": [[[-103.67580237493574, 43.036684837618914], [-103.16576828736255, 43.52552166245512], [-103.5359544106562, 44.08337983698416], [-104.42379294491253, 44.15126670265345], [-104.93180921341859, 43.66027697235521], [-104.55415513363963, 43.103568981844724], [-103.67580237493574, 43.036684837618914]]]}}, {"type": "Feature", "properties": {"h3": "83489afffffffff", "bars": 94, "breweries": 7, "golf_courses": 16, "boat_ramps": 11, "fishing_access": 35, "hardware_stores": 5, "campgrounds": 10, "bowling_pool_clubs": 17, "nfl_miles": 121.4, "nba_miles": 129.6, "mlb_miles": 206.4, "nhl_miles": 167.9, "casino_miles": 37.2}, "geometry": {"type": "Polygon", "coordinates": [[[-96.85028372372996, 30.485305775675588], [-96.37848748801379, 30.999471158461578], [-96.66289038040519, 31.619530626908528], [-97.42664390653239, 31.725397301780028], [-97.89937245694294, 31.208296808925436], [-97.60749634250917, 30.588285657111044], [-96.85028372372996, 30.485305775675588]]]}}, {"type": "Feature", "properties": {"h3": "832799fffffffff", "bars": 42, "breweries": 6, "golf_courses": 6, "boat_ramps": 0, "fishing_access": 19, "hardware_stores": 3, "campgrounds": 7, "bowling_pool_clubs": 6, "nfl_miles": 180.0, "nba_miles": 293.7, "mlb_miles": 114.1, "nhl_miles": 310.8, "casino_miles": 205.1}, "geometry": {"type": "Polygon", "coordinates": [[[-106.20654662007901, 44.266420576966794], [-105.70117194372358, 44.759514222988614], [-106.09298493308418, 45.30180951571724], [-106.99705703626465, 45.34950967581275], [-107.49914733568879, 44.85437026997786], [-107.10061371216128, 44.31358818455545], [-106.20654662007901, 44.266420576966794]]]}}, {"type": "Feature", "properties": {"h3": "83288dfffffffff", "bars": 4, "breweries": 9, "golf_courses": 1, "boat_ramps": 12, "fishing_access": 17, "hardware_stores": 2, "campgrounds": 5, "bowling_pool_clubs": 5, "nfl_miles": 110.9, "nba_miles": 81.0, "mlb_miles": 281.5, "nhl_miles": 216.2, "casino_miles": 242.0}, "geometry": {"type": "Polygon", "coordinates": [[[-119.58620856527754, 45.26980078295987], [-119.16278925258416, 45.80467278811835], [-119.62510983711626, 46.28277468166362], [-120.51192454027378, 46.22363787040548], [-120.92641545689145, 45.68816677691278], [-120.46316865071186, 45.21241970759802], [-119.58620856527754, 45.26980078295987]]]}}, {"type": "Feature", "properties": {"h3": "832ba8fffffffff", "bars": 20, "breweries": 9, "golf_courses": 6, "boat_ramps": 9, "fishing_access": 12, "hardware_stores": 9, "campgrounds": 1, "bowling_pool_clubs": 5, "nfl_miles": 166.7, "nba_miles": 204.8, "mlb_miles": 102.1, "nhl_miles": 282.5, "casino_miles": 203.1}, "geometry": {"type": "Polygon", "coordinates": [[[-71.50730190614411, 46.18492084704709], [-72.3309827221262, 45.860951505746876], [-72.3283771428682, 45.22487511422936], [-71.52532314965413, 44.9133823133506], [-70.71418619606771, 45.22912601897925], [-70.69358712389689, 45.864457127521554], [-71.50730190614411, 46.18492084704709]]]}}, {"type": "Feature", "properties": {"h3": "832ab4fffffffff", "bars": 39, "breweries": 9, "golf_courses": 1, "boat_ramps": 10, "fishing_access": 4, "hardware_stores": 5, "campgrounds": 1, "bowling_pool_clubs": 3, "nfl_miles": 149.9, "nba_miles": 105.9, "mlb_miles": 289.6, "nhl_miles": 223.9, "casino_miles": 113.3}, "geometry": {"type": "Polygon", "coordinates": [[[-80.98225290216081, 43.86011974432308], [-81.69280822068261, 43.480837645820664], [-81.56483274505669, 42.864980083853645], [-80.74633831735792, 42.6254470059868], [-80.04079830375713, 42.99531036263032], [-80.14859173400696, 43.614014770430416], [-80.98225290216081, 43.86011974432308]]]}}, {"type": "Feature", "properties": {"h3": "832981fffffffff", "bars": 8, "breweries": 9, "golf_courses": 6, "boat_ramps": 6, "fishing_access": 5, "hardware_stores": 7, "campgrounds": 10, "bowling_pool_clubs": 8, "nfl_miles": 289.6, "nba_miles": 272.3, "mlb_miles": 400.0, "nhl_miles": 239.8, "casino_miles": 130.1}, "geometry": {"type": "Polygon", "coordinates": [[[-116.86581607393956, 36.80404762503283], [-116.45808649989078, 37.37326325990091], [-116.87305699885412, 37.9184551694076], [-117.69772807276907, 37.89180158932052], [-118.09873920679385, 37.32169681911912], [-117.68192189802646, 36.779128493099215], [-116.86581607393956, 36.80404762503283]]]}}, {"type": "Feature", "properties": {"h3": "8348d9fffffffff", "bars": 8, "breweries": 2, "golf_courses": 5, "boat_ramps": 13, "fishing_access": 14, "hardware_stores": 9, "campgrounds": 0, "bowling_pool_clubs": 5, "nfl_miles": 382.7, "nba_miles": 214.5, "mlb_miles": 110.2, "nhl_miles": 178.2, "casino_miles": 147.0}, "geometry": {"type": "Polygon", "coordinates": [[[-107.03130185911286, 35.52911069563973], [-106.57142966961021, 36.071784898852435], [-106.93568071744238, 36.6598915474252], [-107.76532497176767, 36.70363636433371], [-108.22211933522497, 36.15881614550794], [-107.85247494327143, 35.572406202139746], [-107.03130185911286, 35.52911069563973]]]}}, {"type": "Feature", "properties": {"h3": "832672fffffffff", "bars": 41, "breweries": 7, "golf_courses": 6, "boat_ramps": 10, "fishing_access": 15, "hardware_stores": 6, "campgrounds": 11, "bowling_pool_clubs": 7, "nfl_miles": 215.9, "nba_miles": 69.8, "mlb_miles": 51.1, "nhl_miles": 314.0, "casino_miles": 83.6}, "geometry": {"type": "Polygon", "coordinates": [[[-92.60663007462672, 39.9710266428886], [-92.08570007892963, 40.41742119307039], [-92.36263426189475, 41.009208732636495], [-93.17024870898318, 41.15549994244885], [-93.69401955035252, 40.70701613439042], [-93.40741416499294, 40.114354570930544], [-92.60663007462672, 39.9710266428886]]]}}, {"type": "Feature", "properties": {"h3": "8326e4fffffffff", "bars": 17, "breweries": 3, "golf_courses": 8, "boat_ramps": 4, "fishing_access": 5, "hardware_stores": 7, "campgrounds": 9, "bowling_pool_clubs": 7, "nfl_miles": 237.9, "nba_miles": 80.8, "mlb_miles": 81.1, "nhl_miles": 319.0, "casino_miles": 208.5}, "geometry": {"type": "Polygon", "coordinates": [[[-96.56961054138694, 38.97678237482464], [-96.05920019096511, 39.45208416981631], [-96.36432448468614, 40.04575295013506], [-97.18874577054888, 40.16427574631937], [-97.7003525974505, 39.686673712805174], [-97.38644271263489, 39.092871357810246], [-96.56961054138694, 38.97678237482464]]]}}, {"type": "Feature", "properties": {"h3": "832766fffffffff", "bars": 23, "breweries": 8, "golf_courses": 0, "boat_ramps": 12, "fishing_access": 14, "hardware_stores": 8, "campgrounds": 3, "bowling_pool_clubs": 6, "nfl_miles": 76.9, "nba_miles": 338.8, "mlb_miles": 310.5, "nhl_miles": 147.2, "casino_miles": 249.8}, "geometry": {"type": "Polygon", "coordinates": [[[-85.71795435001428, 49.21041212495077], [-86.46839308952266, 48.78046010093184], [-86.25415610762578, 48.14384360824332], [-85.31316326127293, 47.93219863504297], [-84.56477557117547, 48.351816771820985], [-84.75501729060608, 48.99330316483745], [-85.71795435001428, 49.21041212495077]]]}}, {"type": "Feature", "properties": {"h3": "834464fffffffff", "bars": 28, "breweries": 4, "golf_courses": 5, "boat_ramps": 13, "fishing_access": 2, "hardware_stores": 7, "campgrounds": 1, "bowling_pool_clubs": 3, "nfl_miles": 115.6, "nba_miles": 305.5, "mlb_miles": 288.1, "nhl_miles": 350.0, "casino_miles": 158.4}, "geometry": {"type": "Polygon", "coordinates": [[[-93.05612094813121, 26.41651091529104], [-92.59583168685926, 26.922160336321134], [-92.84408659034243, 27.544651836359343], [-93.56019601847224, 27.662065251018905], [-94.02257695169038, 27.15312093103326], [-93.76681330910964, 26.53008159195551], [-93.05612094813121, 26.41651091529104]]]}}, {"type": "Feature", "properties": {"h3": "834558fffffffff", "bars": 27, "breweries": 2, "golf_courses": 9, "boat_ramps": 2, "fishing_access": 6, "hardware_stores": 3, "campgrounds": 0, "bowling_pool_clubs": 5, "nfl_miles": 231.6, "nba_miles": 254.9, "mlb_miles": 100.6, "nhl_miles": 392.4, "casino_miles": 83.8}, "geometry": {"type": "Polygon", "coordinates": [[[-91.17945345043819, 24.940185231117603], [-90.72410230687044, 25.439093258491404], [-90.95584471518366, 26.05899097633705], [-91.65048631043491, 26.180859620701675], [-92.10842561406868, 25.67855692404897], [-91.86918105025534, 25.057804545536484], [-91.17945345043819, 24.940185231117603]]]}}, {"type": "Feature", "properties": {"h3": "8312c9fffffffff", "bars": 36, "breweries": 4, "golf_courses": 8, "boat_ramps": 14, "fishing_access": 3, "hardware_stores": 2, "campgrounds": 6, "bowling_pool_clubs": 0, "nfl_miles": 397.3, "nba_miles": 352.1, "mlb_miles": 85.7, "nhl_miles": 351.8, "casino_miles": 73.7}, "geometry": {"type": "Polygon", "coordinates": [[[-112.59068543285649, 49.586208093520426], [-112.96214871628847, 49.052708709676324], [-112.42346691396821, 48.53739790005452], [-111.51774179348115, 48.54549437716631], [-111.12790674061374, 49.073527787167244], [-111.66177823612585, 49.599010794737744], [-112.59068543285649, 49.586208093520426]]]}}, {"type": "Feature", "properties": {"h3": "83260cfffffffff", "bars": 91, "breweries": 10, "golf_courses": 7, "boat_ramps": 25, "fishing_access": 31, "hardware_stores": 4, "campgrounds": 18, "bowling_pool_clubs": 8, "nfl_miles": 168.1, "nba_miles": 110.1, "mlb_miles": 41.4, "nhl_miles": 206.4, "casino_miles": 124.8}, "geometry": {"type": "Polygon", "coordinates": [[[-94.80553802493722, 41.43257584363507], [-94.27932241244888, 41.88317576433525], [-94.42821820107352, 42.175199876488385], [-94.57087709054083, 42.463805252952554], [-95.41290317262255, 42.5994085757242], [-95.94113308886169, 42.14666664008184], [-95.63270294556983, 41.56306454384191], [-94.80553802493722, 41.43257584363507]]]}}, {"type": "Feature", "properties": {"h3": "832ad0fffffffff", "bars": 51, "breweries": 16, "golf_courses": 8, "boat_ramps": 22, "fishing_access": 23, "hardware_stores": 14, "campgrounds": 15, "bowling_pool_clubs": 5, "nfl_miles": 195.7, "nba_miles": 277.1, "mlb_miles": 271.0, "nhl_miles": 57.1, "casino_miles": 191.9}, "geometry": {"type": "Polygon", "coordinates": [[[-78.17548888597466, 35.118875872173355], [-78.7871080475184, 34.79830903505101], [-78.71256036996262, 34.2488755719937], [-78.04069635615971, 34.018352969650344], [-77.43392342080651, 34.33099323204822], [-77.49411172725455, 34.88199209036301], [-78.17548888597466, 35.118875872173355]]]}}, {"type": "Feature", "properties": {"h3": "8326cdfffffffff", "bars": 45, "breweries": 2, "golf_courses": 12, "boat_ramps": 17, "fishing_access": 12, "hardware_stores": 3, "campgrounds": 13, "bowling_pool_clubs": 3, "nfl_miles": 187.7, "nba_miles": 134.3, "mlb_miles": 122.1, "nhl_miles": 204.0, "casino_miles": 39.4}, "geometry": {"type": "Polygon", "coordinates": [[[-95.22376469663934, 33.13469969517017], [-94.73829216575729, 33.63074926899124], [-95.0175072313011, 34.24608056480459], [-95.79039001375902, 34.36576408863896], [-96.27743708571964, 33.86703991881024], [-95.9901057960558, 33.25132839883662], [-95.22376469663934, 33.13469969517017]]]}}, {"type": "Feature", "properties": {"h3": "8328b5fffffffff", "bars": 31, "breweries": 12, "golf_courses": 5, "boat_ramps": 14, "fishing_access": 1, "hardware_stores": 0, "campgrounds": 1, "bowling_pool_clubs": 7, "nfl_miles": 45.9, "nba_miles": 374.6, "mlb_miles": 96.9, "nhl_miles": 204.3, "casino_miles": 248.1}, "geometry": {"type": "Polygon", "coordinates": [[[-114.32323284169927, 41.25564791008607], [-113.87977079744468, 41.798303058169935], [-114.30273411983745, 42.32945177868776], [-115.17238987791487, 42.31567276758436], [-115.60941648908782, 41.7717901861324], [-115.18337123085576, 41.24291137775971], [-114.32323284169927, 41.25564791008607]]]}}, {"type": "Feature", "properties": {"h3": "8348c2fffffffff", "bars": 27, "breweries": 3, "golf_courses": 2, "boat_ramps": 14, "fishing_access": 20, "hardware_stores": 4, "campgrounds": 2, "bowling_pool_clubs": 4, "nfl_miles": 73.6, "nba_miles": 169.8, "mlb_miles": 69.7, "nhl_miles": 279.2, "casino_miles": 167.5}, "geometry": {"type": "Polygon", "coordinates": [[[-106.06271853625502, 32.5921672943616], [-105.6104537760939, 33.14131985038157], [-105.95985630825147, 33.74267040100571], [-106.76706425175561, 33.79319640706605], [-107.21677649965987, 33.24164384793436], [-106.86194990310129, 32.64197557740735], [-106.06271853625502, 32.5921672943616]]]}}, {"type": "Feature", "properties": {"h3": "832a9dfffffffff", "bars": 3, "breweries": 6, "golf_courses": 4, "boat_ramps": 11, "fishing_access": 7, "hardware_stores": 6, "campgrounds": 10, "bowling_pool_clubs": 1, "nfl_miles": 293.3, "nba_miles": 40.4, "mlb_miles": 211.7, "nhl_miles": 87.8, "casino_miles": 68.2}, "geometry": {"type": "Polygon", "coordinates": [[[-81.39437152786543, 38.31788151711315], [-82.02277338234296, 37.96367178694048], [-81.90495827227049, 37.38966181159207], [-81.1745279110862, 37.16705220529028], [-80.54985392691756, 37.51257140742593], [-80.6517749548003, 38.0892982161225], [-81.39437152786543, 38.31788151711315]]]}}, {"type": "Feature", "properties": {"h3": "832b91fffffffff", "bars": 43, "breweries": 7, "golf_courses": 0, "boat_ramps": 0, "fishing_access": 10, "hardware_stores": 1, "campgrounds": 6, "bowling_pool_clubs": 2, "nfl_miles": 212.0, "nba_miles": 122.4, "mlb_miles": 72.2, "nhl_miles": 330.1, "casino_miles": 39.3}, "geometry": {"type": "Polygon", "coordinates": [[[-79.06872206001255, 46.88881037172931], [-79.84654576865691, 46.50971200024035], [-79.73596345528178, 45.87295881207168], [-78.87090677231961, 45.61293702645131], [-78.10036638488211, 45.98243219562387], [-78.18746122256381, 46.62142440903473], [-79.06872206001255, 46.88881037172931]]]}}, {"type": "Feature", "properties": {"h3": "832623fffffffff", "bars": 23, "breweries": 4, "golf_courses": 2, "boat_ramps": 6, "fishing_access": 4, "hardware_stores": 10, "campgrounds": 10, "bowling_pool_clubs": 2, "nfl_miles": 64.6, "nba_miles": 242.8, "mlb_miles": 259.7, "nhl_miles": 99.1, "casino_miles": 97.5}, "geometry": {"type": "Polygon", "coordinates": [[[-96.09852408793901, 45.38313078452308], [-96.6635995160511, 44.92016292279368], [-96.3392334597766, 44.33676606087388], [-95.46450687268344, 44.20868635642262], [-94.89335071955404, 44.66250266239066], [-95.20265391499771, 45.25351817622233], [-96.09852408793901, 45.38313078452308]]]}}, {"type": "Feature", "properties": {"h3": "83269afffffffff", "bars": 13, "breweries": 10, "golf_courses": 2, "boat_ramps": 14, "fishing_access": 13, "hardware_stores": 9, "campgrounds": 10, "bowling_pool_clubs": 7, "nfl_miles": 349.6, "nba_miles": 71.2, "mlb_miles": 76.2, "nhl_miles": 310.9, "casino_miles": 153.5}, "geometry": {"type": "Polygon", "coordinates": [[[-109.42657571411691, 36.77380422009684], [-108.97336718534912, 37.3206355255587], [-109.35503433417163, 37.895722787842566], [-110.19471681664965, 37.922017453032595], [-110.64382456482542, 37.373317686261025], [-110.25748485653355, 36.80019706117428], [-109.42657571411691, 36.77380422009684]]]}}, {"type": "Feature", "properties": {"h3": "834448fffffffff", "bars": 24, "breweries": 5, "golf_courses": 6, "boat_ramps": 5, "fishing_access": 4, "hardware_stores": 3, "campgrounds": 4, "bowling_pool_clubs": 1, "nfl_miles": 129.3, "nba_miles": 256.4, "mlb_miles": 299.6, "nhl_miles": 142.6, "casino_miles": 236.2}, "geometry": {"type": "Polygon", "coordinates": [[[-92.9568907274467, 32.76028088358095], [-92.47064617455729, 33.24526325005337], [-92.73203109190483, 33.861632643498695], [-93.48811693693578, 33.99388810917587], [-93.97672487676907, 33.50626944450676], [-93.7069497567746, 32.88905364263002], [-92.9568907274467, 32.76028088358095]]]}}, {"type": "Feature", "properties": {"h3": "83278efffffffff", "bars": 1, "breweries": 10, "golf_courses": 4, "boat_ramps": 3, "fishing_access": 16, "hardware_stores": 9, "campgrounds": 8, "bowling_pool_clubs": 3, "nfl_miles": 309.2, "nba_miles": 146.4, "mlb_miles": 59.6, "nhl_miles": 363.2, "casino_miles": 239.3}, "geometry": {"type": "Polygon", "coordinates": [[[-105.52476850499913, 46.824977445643775], [-105.9768346377574, 46.322960205813594], [-105.58130495895878, 45.78750358743272], [-104.67500723076466, 45.728764626626415], [-104.50198348772338, 45.88806673085448], [-104.19077675058249, 46.21806105243363], [-104.62043450111153, 46.77355602109694], [-105.52476850499913, 46.824977445643775]]]}}, {"type": "Feature", "properties": {"h3": "832882fffffffff", "bars": 31, "breweries": 6, "golf_courses": 1, "boat_ramps": 3, "fishing_access": 15, "hardware_stores": 10, "campgrounds": 9, "bowling_pool_clubs": 1, "nfl_miles": 230.2, "nba_miles": 392.0, "mlb_miles": 395.3, "nhl_miles": 376.2, "casino_miles": 46.0}, "geometry": {"type": "Polygon", "coordinates": [[[-114.2603475339209, 44.438604667829026], [-113.80137126750763, 44.963019740688274], [-114.23842794408571, 45.47301527696883], [-115.1379419913129, 45.456374543012544], [-115.59005729555875, 44.93065017420074], [-115.14968374123853, 44.4228727030157], [-114.2603475339209, 44.438604667829026]]]}}, {"type": "Feature", "properties": {"h3": "83275bfffffffff", "bars": 53, "breweries": 9, "golf_courses": 6, "boat_ramps": 11, "fishing_access": 17, "hardware_stores": 10, "campgrounds": 2, "bowling_pool_clubs": 7, "nfl_miles": 363.9, "nba_miles": 301.0, "mlb_miles": 43.5, "nhl_miles": 60.8, "casino_miles": 72.7}, "geometry": {"type": "Polygon", "coordinates": [[[-90.03523203991399, 42.70073950859948], [-90.63813445451983, 42.279561246754426], [-90.40169663885663, 41.69136794167966], [-89.5783976626672, 41.51855472869031], [-88.97404515054636, 41.9303291379041], [-89.19419148461513, 42.5242543323128], [-90.03523203991399, 42.70073950859948]]]}}, {"type": "Feature", "properties": {"h3": "832b1afffffffff", "bars": 2, "breweries": 0, "golf_courses": 6, "boat_ramps": 8, "fishing_access": 9, "hardware_stores": 10, "campgrounds": 11, "bowling_pool_clubs": 8, "nfl_miles": 316.2, "nba_miles": 192.5, "mlb_miles": 184.8, "nhl_miles": 270.6, "casino_miles": 141.3}, "geometry": {"type": "Polygon", "coordinates": [[[-69.1042100276903, 45.21071247992229], [-69.92424926378267, 44.90680391742177], [-69.95506755076666, 44.27784933847793], [-69.18790846746619, 43.95432744888113], [-68.38135851172929, 44.25066933287382], [-68.32855158299448, 44.87797629422121], [-69.1042100276903, 45.21071247992229]]]}}, {"type": "Feature", "properties": {"h3": "834459fffffffff", "bars": 19, "breweries": 8, "golf_courses": 2, "boat_ramps": 9, "fishing_access": 5, "hardware_stores": 16, "campgrounds": 6, "bowling_pool_clubs": 12, "nfl_miles": 71.6, "nba_miles": 118.3, "mlb_miles": 189.0, "nhl_miles": 237.2, "casino_miles": 126.9}, "geometry": {"type": "Polygon", "coordinates": [[[-90.5005057946158, 33.441811573125], [-90.01027450936651, 33.9096239578931], [-90.25431711311857, 34.523506555278985], [-90.9974006083456, 34.6709728803592], [-91.49084714009675, 34.200716475371294], [-91.23804838962502, 33.58545943938483], [-90.5005057946158, 33.441811573125]]]}}, {"type": "Feature", "properties": {"h3": "832634fffffffff", "bars": 41, "breweries": 1, "golf_courses": 4, "boat_ramps": 11, "fishing_access": 13, "hardware_stores": 3, "campgrounds": 0, "bowling_pool_clubs": 3, "nfl_miles": 71.0, "nba_miles": 196.4, "mlb_miles": 203.2, "nhl_miles": 259.2, "casino_miles": 87.7}, "geometry": {"type": "Polygon", "coordinates": [[[-99.91704879397018, 47.4715191071553], [-100.45715469278788, 46.98187518394739], [-100.0717641882968, 46.40446575739689], [-99.15981844689327, 46.3080068549222], [-98.61020742528743, 46.78892282839536], [-98.98163304593196, 47.375019255650244], [-99.91704879397018, 47.4715191071553]]]}}, {"type": "Feature", "properties": {"h3": "83281cfffffffff", "bars": 42, "breweries": 11, "golf_courses": 2, "boat_ramps": 1, "fishing_access": 0, "hardware_stores": 2, "campgrounds": 11, "bowling_pool_clubs": 0, "nfl_miles": 99.0, "nba_miles": 383.1, "mlb_miles": 228.3, "nhl_miles": 321.9, "casino_miles": 184.4}, "geometry": {"type": "Polygon", "coordinates": [[[-123.21638025157817, 41.34525311550237], [-122.83955755827012, 41.908032699954184], [-123.29242940050585, 42.39413795277968], [-124.12159870974749, 42.314985890182285], [-124.48927683995134, 41.752378226346124], [-124.03704261033864, 41.26873687505414], [-123.21638025157817, 41.34525311550237]]]}}, {"type": "Feature", "properties": {"h3": "83274afffffffff", "bars": 21, "breweries": 11, "golf_courses": 4, "boat_ramps": 17, "fishing_access": 46, "hardware_stores": 3, "campgrounds": 24, "bowling_pool_clubs": 0, "nfl_miles": 91.6, "nba_miles": 111.3, "mlb_miles": 131.0, "nhl_miles": 76.5, "casino_miles": 141.9}, "geometry": {"type": "Polygon", "coordinates": [[[-87.08855782006776, 43.16177540359025], [-87.72933357467593, 42.75216662666622], [-87.52625462013384, 42.15291741074852], [-86.69997762994755, 41.95830934914772], [-86.05978206677452, 42.35836393811643], [-86.24505772978344, 42.96249749580974], [-87.08855782006776, 43.16177540359025]]]}}, {"type": "Feature", "properties": {"h3": "832656fffffffff", "bars": 40, "breweries": 1, "golf_courses": 7, "boat_ramps": 7, "fishing_access": 16, "hardware_stores": 5, "campgrounds": 0, "bowling_pool_clubs": 7, "nfl_miles": 349.4, "nba_miles": 100.1, "mlb_miles": 96.6, "nhl_miles": 318.4, "casino_miles": 225.2}, "geometry": {"type": "Polygon", "coordinates": [[[-94.1523052750943, 38.59738728397954], [-93.6399927377515, 39.06093182076039], [-93.92540184962388, 39.65821611442709], [-94.73238379941706, 39.79258830675705], [-95.24686215665143, 39.3268029344755], [-94.95227836018208, 38.72890939398724], [-94.1523052750943, 38.59738728397954]]]}}, {"type": "Feature", "properties": {"h3": "832601fffffffff", "bars": 14, "breweries": 7, "golf_courses": 11, "boat_ramps": 16, "fishing_access": 0, "hardware_stores": 0, "campgrounds": 0, "bowling_pool_clubs": 3, "nfl_miles": 49.5, "nba_miles": 150.5, "mlb_miles": 327.3, "nhl_miles": 91.7, "casino_miles": 212.5}, "geometry": {"type": "Polygon", "coordinates": [[[-95.94113308886169, 42.14666664008184], [-95.41290317262255, 42.5994085757242], [-95.714151513397, 43.17622862726087], [-96.5686787521048, 43.30285315194157], [-96.74790269070408, 43.15220317516774], [-97.10067441178334, 42.84826475133103], [-96.78109474517304, 42.26994627914888], [-95.94113308886169, 42.14666664008184]]]}}, {"type": "Feature", "properties": {"h3": "8326f5fffffffff", "bars": 2, "breweries": 8, "golf_courses": 6, "boat_ramps": 3, "fishing_access": 10, "hardware_stores": 3, "campgrounds": 6, "bowling_pool_clubs": 5, "nfl_miles": 137.7, "nba_miles": 68.0, "mlb_miles": 174.2, "nhl_miles": 220.7, "casino_miles": 227.0}, "geometry": {"type": "Polygon", "coordinates": [[[-99.2133376486805, 38.22124189226134], [-98.7126879993659, 38.715048534677216], [-99.03502941157413, 39.30873979949334], [-99.86618475844227, 39.40829131413818], [-100.36691225519512, 38.91212353249477], [-100.03651908960924, 38.31878522811365], [-99.2133376486805, 38.22124189226134]]]}}, {"type": "Feature", "properties": {"h3": "8348eafffffffff", "bars": 11, "breweries": 3, "golf_courses": 8, "boat_ramps": 0, "fishing_access": 12, "hardware_stores": 1, "campgrounds": 7, "bowling_pool_clubs": 4, "nfl_miles": 318.5, "nba_miles": 151.9, "mlb_miles": 71.1, "nhl_miles": 204.4, "casino_miles": 101.7}, "geometry": {"type": "Polygon", "coordinates": [[[-109.69840479857707, 32.19761368713527], [-109.2648050608792, 32.76095001402532], [-109.6325113148718, 33.353312748176265], [-110.43815463973584, 33.380106099267024], [-110.86788520380775, 32.81469754997514], [-110.49596037119493, 32.22457225147604], [-109.69840479857707, 32.19761368713527]]]}}, {"type": "Feature", "properties": {"h3": "8326c2fffffffff", "bars": 18, "breweries": 9, "golf_courses": 4, "boat_ramps": 11, "fishing_access": 19, "hardware_stores": 3, "campgrounds": 7, "bowling_pool_clubs": 5, "nfl_miles": 253.0, "nba_miles": 217.6, "mlb_miles": 318.1, "nhl_miles": 110.4, "casino_miles": 226.6}, "geometry": {"type": "Polygon", "coordinates": [[[-99.72727821439909, 34.89533229754964], [-99.24327512809141, 35.407621943638006], [-99.55936122810363, 36.013834579238605], [-100.36700120712757, 36.10729552299554], [-100.85087699685029, 35.59245419067079], [-100.52734476868227, 34.98672226016669], [-99.72727821439909, 34.89533229754964]]]}}, {"type": "Feature", "properties": {"h3": "8328aafffffffff", "bars": 15, "breweries": 2, "golf_courses": 0, "boat_ramps": 14, "fishing_access": 13, "hardware_stores": 0, "campgrounds": 3, "bowling_pool_clubs": 8, "nfl_miles": 164.7, "nba_miles": 342.2, "mlb_miles": 355.8, "nhl_miles": 382.4, "casino_miles": 15.3}, "geometry": {"type": "Polygon", "coordinates": [[[-118.22714709007862, 43.79486167109358], [-117.80001237423949, 44.33494349167411], [-118.25023610663773, 44.830690622460246], [-119.12924580867033, 44.78397955971432], [-119.54817462838183, 44.24316182050442], [-119.09644738968407, 43.74978177246419], [-118.22714709007862, 43.79486167109358]]]}}, {"type": "Feature", "properties": {"h3": "83299efffffffff", "bars": 42, "breweries": 6, "golf_courses": 4, "boat_ramps": 1, "fishing_access": 6, "hardware_stores": 8, "campgrounds": 3, "bowling_pool_clubs": 6, "nfl_miles": 217.1, "nba_miles": 61.6, "mlb_miles": 398.9, "nhl_miles": 296.2, "casino_miles": 36.9}, "geometry": {"type": "Polygon", "coordinates": [[[-113.11299563455047, 38.52317070518968], [-112.67364833709534, 39.07514874188194], [-113.0799922648589, 39.62753033457677], [-113.92922740142475, 39.62565861628535], [-114.36291537359553, 39.07228591373415], [-113.95316655014147, 38.52217900389101], [-113.11299563455047, 38.52317070518968]]]}}, {"type": "Feature", "properties": {"h3": "832a92fffffffff", "bars": 29, "breweries": 16, "golf_courses": 13, "boat_ramps": 22, "fishing_access": 23, "hardware_stores": 14, "campgrounds": 23, "bowling_pool_clubs": 2, "nfl_miles": 170.9, "nba_miles": 152.1, "mlb_miles": 184.9, "nhl_miles": 124.5, "casino_miles": 106.5}, "geometry": {"type": "Polygon", "coordinates": [[[-85.53155199671416, 40.568530716727786], [-86.1528508037047, 40.18104608341415], [-85.97932795863906, 39.59650945572189], [-85.20075493173837, 39.395191332800444], [-84.58095168189637, 39.773483865856534], [-84.73805142411926, 40.36220275785905], [-85.53155199671416, 40.568530716727786]]]}}, {"type": "Feature", "properties": {"h3": "832b86fffffffff", "bars": 3, "breweries": 6, "golf_courses": 2, "boat_ramps": 3, "fishing_access": 9, "hardware_stores": 4, "campgrounds": 5, "bowling_pool_clubs": 6, "nfl_miles": 292.3, "nba_miles": 304.7, "mlb_miles": 154.5, "nhl_miles": 137.9, "casino_miles": 32.6}, "geometry": {"type": "Polygon", "coordinates": [[[-76.65244160094569, 48.00063071268831], [-77.47171852185642, 47.63456631781018], [-77.39313161281216, 46.989549598507395], [-76.52025005163934, 46.70915344677442], [-75.71063052474449, 47.06581343264443], [-75.76414270080915, 47.712136051804606], [-76.65244160094569, 48.00063071268831]]]}}, {"type": "Feature", "properties": {"h3": "832783fffffffff", "bars": 12, "breweries": 2, "golf_courses": 9, "boat_ramps": 1, "fishing_access": 4, "hardware_stores": 1, "campgrounds": 2, "bowling_pool_clubs": 7, "nfl_miles": 207.8, "nba_miles": 186.3, "mlb_miles": 232.9, "nhl_miles": 387.3, "casino_miles": 63.8}, "geometry": {"type": "Polygon", "coordinates": [[[-106.88627921020361, 47.414970587918305], [-107.32448787527257, 46.905890084274155], [-107.09373003588522, 46.635312973370326], [-106.89113139257609, 46.37120490190093], [-105.9768346377574, 46.322960205813594], [-105.52476850499913, 46.824977445643775], [-105.97493730941171, 47.37581277115479], [-106.88627921020361, 47.414970587918305]]]}}, {"type": "Feature", "properties": {"h3": "83265cfffffffff", "bars": 19, "breweries": 7, "golf_courses": 4, "boat_ramps": 13, "fishing_access": 3, "hardware_stores": 1, "campgrounds": 2, "bowling_pool_clubs": 4, "nfl_miles": 337.5, "nba_miles": 290.9, "mlb_miles": 54.5, "nhl_miles": 340.9, "casino_miles": 92.0}, "geometry": {"type": "Polygon", "coordinates": [[[-91.00650786525549, 36.35683320709261], [-90.50286043802035, 36.813692045289095], [-90.75761864964986, 37.41984163186537], [-91.52528283315517, 37.57043047609912], [-92.0321493720538, 37.11134950721395], [-91.76819383158636, 36.50392420307327], [-91.00650786525549, 36.35683320709261]]]}}, {"type": "Feature", "properties": {"h3": "832689fffffffff", "bars": 5, "breweries": 11, "golf_courses": 3, "boat_ramps": 5, "fishing_access": 12, "hardware_stores": 8, "campgrounds": 0, "bowling_pool_clubs": 4, "nfl_miles": 133.7, "nba_miles": 396.6, "mlb_miles": 51.2, "nhl_miles": 185.6, "casino_miles": 121.3}, "geometry": {"type": "Polygon", "coordinates": [[[-103.15358439412798, 36.95224132751914], [-102.67135684070738, 37.47197316662982], [-103.0166247796548, 38.06389585804876], [-103.85102976556078, 38.13504916583624], [-104.33169514214511, 37.61299079256906], [-103.97964158279838, 37.02212062763307], [-103.15358439412798, 36.95224132751914]]]}}, {"type": "Feature", "properties": {"h3": "832750fffffffff", "bars": 47, "breweries": 7, "golf_courses": 1, "boat_ramps": 14, "fishing_access": 3, "hardware_stores": 12, "campgrounds": 12, "bowling_pool_clubs": 2, "nfl_miles": 76.8, "nba_miles": 57.0, "mlb_miles": 295.5, "nhl_miles": 110.3, "casino_miles": 56.7}, "geometry": {"type": "Polygon", "coordinates": [[[-91.5556878387775, 46.31947489246788], [-92.19051450261026, 45.870995259652034], [-91.91464589780551, 45.26573817296497], [-91.02195806182638, 45.10235692568428], [-90.3842448618241, 45.5410685583273], [-90.64177118328807, 46.152864424246296], [-91.5556878387775, 46.31947489246788]]]}}, {"type": "Feature", "properties": {"h3": "83444efffffffff", "bars": 25, "breweries": 5, "golf_courses": 1, "boat_ramps": 9, "fishing_access": 18, "hardware_stores": 4, "campgrounds": 1, "bowling_pool_clubs": 0, "nfl_miles": 399.0, "nba_miles": 111.2, "mlb_miles": 272.6, "nhl_miles": 331.3, "casino_miles": 36.6}, "geometry": {"type": "Polygon", "coordinates": [[[-91.95800539803801, 32.009150705907736], [-91.4744264324729, 32.491469216001946], [-91.72652023620829, 33.10899485326931], [-92.47064617455729, 33.24526325005337], [-92.9568907274467, 32.76028088358095], [-92.69640319401918, 32.14171599111543], [-91.95800539803801, 32.009150705907736]]]}}, {"type": "Feature", "properties": {"h3": "832629fffffffff", "bars": 21, "breweries": 1, "golf_courses": 0, "boat_ramps": 7, "fishing_access": 1, "hardware_stores": 2, "campgrounds": 9, "bowling_pool_clubs": 6, "nfl_miles": 335.8, "nba_miles": 182.2, "mlb_miles": 50.6, "nhl_miles": 286.0, "casino_miles": 55.6}, "geometry": {"type": "Polygon", "coordinates": [[[-92.58268675884928, 43.19216281409672], [-93.16301751246294, 42.75684590617456], [-92.8939858109451, 42.173499913399915], [-92.05981396773501, 42.01893254592914], [-91.47626179179873, 42.44495953871468], [-91.72982259888487, 43.03479179058443], [-92.58268675884928, 43.19216281409672]]]}}, {"type": "Feature", "properties": {"h3": "83271dfffffffff", "bars": 13, "breweries": 2, "golf_courses": 4, "boat_ramps": 4, "fishing_access": 14, "hardware_stores": 2, "campgrounds": 0, "bowling_pool_clubs": 3, "nfl_miles": 273.0, "nba_miles": 219.6, "mlb_miles": 357.8, "nhl_miles": 212.5, "casino_miles": 35.6}, "geometry": {"type": "Polygon", "coordinates": [[[-96.62680414809547, 49.322623650249845], [-97.23846213489288, 48.83551998549632], [-96.87609867263421, 48.235177199632695], [-95.919336029062, 48.1136853421783], [-95.29996429594785, 48.59126756558293], [-95.64460844466419, 49.199828955070046], [-96.62680414809547, 49.322623650249845]]]}}, {"type": "Feature", "properties": {"h3": "832811fffffffff", "bars": 24, "breweries": 2, "golf_courses": 6, "boat_ramps": 3, "fishing_access": 20, "hardware_stores": 8, "campgrounds": 3, "bowling_pool_clubs": 8, "nfl_miles": 326.1, "nba_miles": 396.2, "mlb_miles": 321.5, "nhl_miles": 169.3, "casino_miles": 143.0}, "geometry": {"type": "Polygon", "coordinates": [[[-121.9437268834602, 40.91885146671973], [-121.55814017112195, 41.48159012976416], [-122.00605590090939, 41.977438071318026], [-122.83955755827012, 41.908032699954184], [-123.21638025157817, 41.34525311550237], [-122.76858318165483, 40.851907214769206], [-121.9437268834602, 40.91885146671973]]]}}, {"type": "Feature", "properties": {"h3": "832b80fffffffff", "bars": 31, "breweries": 5, "golf_courses": 9, "boat_ramps": 8, "fishing_access": 10, "hardware_stores": 6, "campgrounds": 4, "bowling_pool_clubs": 2, "nfl_miles": 49.4, "nba_miles": 255.0, "mlb_miles": 50.5, "nhl_miles": 331.8, "casino_miles": 81.0}, "geometry": {"type": "Polygon", "coordinates": [[[-75.71063052474449, 47.06581343264443], [-76.52025005163934, 46.70915344677442], [-76.45701590881599, 46.06857699323157], [-75.60821438528191, 45.78360843645858], [-74.80857540879882, 46.13112428385697], [-74.84769172933912, 46.77261804291032], [-75.71063052474449, 47.06581343264443]]]}}, {"type": "Feature", "properties": {"h3": "832a8cfffffffff", "bars": 103, "breweries": 15, "golf_courses": 16, "boat_ramps": 22, "fishing_access": 37, "hardware_stores": 7, "campgrounds": 5, "bowling_pool_clubs": 3, "nfl_miles": 78.2, "nba_miles": 76.8, "mlb_miles": 141.8, "nhl_miles": 199.0, "casino_miles": 116.3}, "geometry": {"type": "Polygon", "coordinates": [[[-78.61941821988546, 38.54000205701095], [-79.27234864709442, 38.19924000150494], [-79.18663376488543, 37.62023900972384], [-78.46437972241239, 37.380081735175224], [-77.81678026424703, 37.712363600309516], [-77.88602859567857, 38.293183317541775], [-78.61941821988546, 38.54000205701095]]]}}, {"type": "Feature", "properties": {"h3": "832998fffffffff", "bars": 14, "breweries": 9, "golf_courses": 6, "boat_ramps": 5, "fishing_access": 5, "hardware_stores": 2, "campgrounds": 3, "bowling_pool_clubs": 5, "nfl_miles": 330.2, "nba_miles": 291.1, "mlb_miles": 369.0, "nhl_miles": 50.2, "casino_miles": 179.6}, "geometry": {"type": "Polygon", "coordinates": [[[-114.36291537359553, 39.07228591373415], [-113.92922740142475, 39.62565861628535], [-114.34328852469069, 40.16973022155821], [-115.19411547389362, 40.15807864031529], [-115.62163013363723, 39.60348400894916], [-115.20463020380643, 39.061760306204434], [-114.36291537359553, 39.07228591373415]]]}}, {"type": "Feature", "properties": {"h3": "8328a4fffffffff", "bars": 36, "breweries": 9, "golf_courses": 2, "boat_ramps": 9, "fishing_access": 6, "hardware_stores": 7, "campgrounds": 8, "bowling_pool_clubs": 4, "nfl_miles": 103.2, "nba_miles": 53.7, "mlb_miles": 60.2, "nhl_miles": 256.6, "casino_miles": 19.7}, "geometry": {"type": "Polygon", "coordinates": [[[-116.8880063607481, 40.11631636231876], [-116.46717092132708, 40.6719532568919], [-116.89572496832274, 41.19846963760389], [-117.74720512310283, 41.166896140226825], [-118.16086677307435, 40.610403153902915], [-117.73035863738825, 40.08633331432501], [-116.8880063607481, 40.11631636231876]]]}}, {"type": "Feature", "properties": {"h3": "83441bfffffffff", "bars": 30, "breweries": 0, "golf_courses": 5, "boat_ramps": 14, "fishing_access": 19, "hardware_stores": 3, "campgrounds": 2, "bowling_pool_clubs": 5, "nfl_miles": 298.1, "nba_miles": 370.8, "mlb_miles": 343.9, "nhl_miles": 156.5, "casino_miles": 20.1}, "geometry": {"type": "Polygon", "coordinates": [[[-83.06021263657905, 28.35587270997888], [-82.59930359544812, 28.798395967574926], [-82.77553254619542, 29.404824504114075], [-83.4207979219266, 29.571467376092365], [-83.88649319019274, 29.126548039231647], [-83.70214639542924, 28.517398368122898], [-83.06021263657905, 28.35587270997888]]]}}, {"type": "Feature", "properties": {"h3": "8326eafffffffff", "bars": 75, "breweries": 22, "golf_courses": 4, "boat_ramps": 7, "fishing_access": 33, "hardware_stores": 11, "campgrounds": 2, "bowling_pool_clubs": 11, "nfl_miles": 179.0, "nba_miles": 169.6, "mlb_miles": 152.8, "nhl_miles": 97.6, "casino_miles": 55.8}, "geometry": {"type": "Polygon", "coordinates": [[[-96.07918187257589, 34.97867156983966], [-95.58685647554312, 35.47147276308673], [-95.87710507147547, 36.081177827316736], [-96.6680060353176, 36.19834106591893], [-97.16163325356518, 35.70299850455273], [-96.86314528739004, 35.093055453019566], [-96.07918187257589, 34.97867156983966]]]}}, {"type": "Feature", "properties": {"h3": "8328d2fffffffff", "bars": 10, "breweries": 11, "golf_courses": 6, "boat_ramps": 12, "fishing_access": 20, "hardware_stores": 7, "campgrounds": 10, "bowling_pool_clubs": 5, "nfl_miles": 102.7, "nba_miles": 388.7, "mlb_miles": 289.7, "nhl_miles": 374.4, "casino_miles": 199.9}, "geometry": {"type": "Polygon", "coordinates": [[[-119.70563567474834, 48.26636789017849], [-119.26815228492315, 48.782213869766984], [-119.74732445570325, 49.236415543264066], [-120.66507098823999, 49.17240699137574], [-121.09293475960447, 48.65576897503098], [-120.61283582153811, 48.20391753366568], [-119.70563567474834, 48.26636789017849]]]}}, {"type": "Feature", "properties": {"h3": "8344e1fffffffff", "bars": 14, "breweries": 10, "golf_courses": 9, "boat_ramps": 13, "fishing_access": 5, "hardware_stores": 6, "campgrounds": 4, "bowling_pool_clubs": 4, "nfl_miles": 85.8, "nba_miles": 302.4, "mlb_miles": 381.6, "nhl_miles": 381.5, "casino_miles": 107.0}, "geometry": {"type": "Polygon", "coordinates": [[[-85.59995553405786, 30.67259376956367], [-85.1250201648158, 31.12226401184941], [-85.32501821254023, 31.73393644358031], [-86.00849672566154, 31.89827870836089], [-86.48784775839027, 31.446250156842748], [-86.27932783565213, 30.832256184099244], [-85.59995553405786, 30.67259376956367]]]}}, {"type": "Feature", "properties": {"h3": "8344dcfffffffff", "bars": 72, "breweries": 1, "golf_courses": 5, "boat_ramps": 19, "fishing_access": 20, "hardware_stores": 7, "campgrounds": 18, "bowling_pool_clubs": 1, "nfl_miles": 303.4, "nba_miles": 72.3, "mlb_miles": 247.8, "nhl_miles": 100.6, "casino_miles": 198.3}, "geometry": {"type": "Polygon", "coordinates": [[[-81.59239281302997, 33.53115551279602], [-81.1122570247188, 33.94257931467154], [-81.28506171513413, 34.54203643223157], [-81.94686025410007, 34.73321123708656], [-82.43256797345202, 34.320172874426746], [-82.25090855639591, 33.71758753112421], [-81.59239281302997, 33.53115551279602]]]}}, {"type": "Feature", "properties": {"h3": "8327abfffffffff", "bars": 10, "breweries": 10, "golf_courses": 1, "boat_ramps": 13, "fishing_access": 20, "hardware_stores": 5, "campgrounds": 7, "bowling_pool_clubs": 0, "nfl_miles": 135.5, "nba_miles": 129.8, "mlb_miles": 64.4, "nhl_miles": 132.4, "casino_miles": 40.4}, "geometry": {"type": "Polygon", "coordinates": [[[-102.72101533449673, 47.713462012064824], [-103.22392617768794, 47.213263124004186], [-102.80501189697222, 46.6484532490752], [-101.89482153568153, 46.574670224714126], [-101.38037687428944, 47.06672349461017], [-101.78723733433154, 47.64071968962873], [-102.72101533449673, 47.713462012064824]]]}}, {"type": "Feature", "properties": {"h3": "832993fffffffff", "bars": 0, "breweries": 0, "golf_courses": 6, "boat_ramps": 7, "fishing_access": 13, "hardware_stores": 2, "campgrounds": 6, "bowling_pool_clubs": 7, "nfl_miles": 357.4, "nba_miles": 166.4, "mlb_miles": 175.1, "nhl_miles": 338.4, "casino_miles": 200.4}, "geometry": {"type": "Polygon", "coordinates": [[[-111.87295526034971, 37.95665429088354], [-111.42846747340154, 38.50707218335669], [-111.82681969887075, 39.06741181658577], [-112.67364833709534, 39.07514874188194], [-113.11299563455047, 38.52317070518968], [-112.71079295985878, 37.96501729487879], [-111.87295526034971, 37.95665429088354]]]}}, {"type": "Feature", "properties": {"h3": "8344a9fffffffff", "bars": 36, "breweries": 10, "golf_courses": 3, "boat_ramps": 2, "fishing_access": 14, "hardware_stores": 1, "campgrounds": 0, "bowling_pool_clubs": 4, "nfl_miles": 47.2, "nba_miles": 134.0, "mlb_miles": 77.7, "nhl_miles": 163.1, "casino_miles": 223.7}, "geometry": {"type": "Polygon", "coordinates": [[[-81.17717341106804, 27.861791158277978], [-80.72260057965917, 28.29419814759202], [-80.88346000618081, 28.895014588345113], [-81.50683401752877, 29.066476398399985], [-81.96649416243142, 28.63180650194559], [-81.79769398399905, 28.027951836577206], [-81.17717341106804, 27.861791158277978]]]}}, {"type": "Feature", "properties": {"h3": "832684fffffffff", "bars": 10, "breweries": 11, "golf_courses": 1, "boat_ramps": 8, "fishing_access": 2, "hardware_stores": 5, "campgrounds": 9, "bowling_pool_clubs": 7, "nfl_miles": 293.6, "nba_miles": 195.3, "mlb_miles": 275.3, "nhl_miles": 258.6, "casino_miles": 117.0}, "geometry": {"type": "Polygon", "coordinates": [[[-106.53252932602815, 41.07909053025752], [-106.04520129958527, 41.59301770455921], [-106.42623943121072, 42.15458658516988], [-107.30092855778555, 42.20072351180341], [-107.78504495046697, 41.684782082435596], [-107.39783271941425, 41.124728604734166], [-106.53252932602815, 41.07909053025752]]]}}, {"type": "Feature", "properties": {"h3": "834476fffffffff", "bars": 3, "breweries": 1, "golf_courses": 5, "boat_ramps": 3, "fishing_access": 6, "hardware_stores": 6, "campgrounds": 11, "bowling_pool_clubs": 8, "nfl_miles": 299.9, "nba_miles": 302.8, "mlb_miles": 135.5, "nhl_miles": 141.3, "casino_miles": 70.8}, "geometry": {"type": "Polygon", "coordinates": [[[-88.66491641548424, 26.780897033723473], [-88.2030466217463, 27.26177882469742], [-88.41962234488697, 27.87947727716662], [-89.10599862293965, 28.01782838283559], [-89.57123704945674, 27.53389417820175], [-89.34676634842963, 26.914683765992475], [-88.66491641548424, 26.780897033723473]]]}}, {"type": "Feature", "properties": {"h3": "832651fffffffff", "bars": 3, "breweries": 6, "golf_courses": 9, "boat_ramps": 8, "fishing_access": 15, "hardware_stores": 2, "campgrounds": 0, "bowling_pool_clubs": 5, "nfl_miles": 41.4, "nba_miles": 71.5, "mlb_miles": 336.6, "nhl_miles": 265.0, "casino_miles": 127.9}, "geometry": {"type": "Polygon", "coordinates": [[[-92.0321493720538, 37.11134950721395], [-91.52528283315517, 37.57043047609912], [-91.79004902117875, 38.174145824564135], [-92.57096612895222, 38.31986150680523], [-93.08073109400638, 37.85855198373414], [-92.80674956046143, 37.253778131328296], [-92.0321493720538, 37.11134950721395]]]}}, {"type": "Feature", "properties": {"h3": "832745fffffffff", "bars": 6, "breweries": 0, "golf_courses": 3, "boat_ramps": 2, "fishing_access": 20, "hardware_stores": 4, "campgrounds": 1, "bowling_pool_clubs": 7, "nfl_miles": 343.8, "nba_miles": 151.0, "mlb_miles": 183.1, "nhl_miles": 216.1, "casino_miles": 170.3}, "geometry": {"type": "Polygon", "coordinates": [[[-85.6475671207757, 46.24972452795303], [-86.34938599929104, 45.83255781386602], [-86.15066839108712, 45.21089901383896], [-85.27085282449885, 45.00166436410198], [-84.5708710903555, 45.40887730900232], [-84.74861378741058, 46.03517879775627], [-85.6475671207757, 46.24972452795303]]]}}, {"type": "Feature", "properties": {"h3": "8312dbfffffffff", "bars": 5, "breweries": 10, "golf_courses": 8, "boat_ramps": 6, "fishing_access": 5, "hardware_stores": 5, "campgrounds": 6, "bowling_pool_clubs": 5, "nfl_miles": 107.2, "nba_miles": 56.1, "mlb_miles": 198.3, "nhl_miles": 134.8, "casino_miles": 211.7}, "geometry": {"type": "Polygon", "coordinates": [[[-116.94580923942712, 47.4227341862198], [-116.49085177316248, 47.936498245216775], [-116.9548446125168, 48.41140947071007], [-117.8762106053973, 48.370220935755356], [-118.32273354360943, 47.85533601326519], [-117.85649765967405, 47.382751513852256], [-116.94580923942712, 47.4227341862198]]]}}, {"type": "Feature", "properties": {"h3": "834443fffffffff", "bars": 36, "breweries": 0, "golf_courses": 2, "boat_ramps": 12, "fishing_access": 3, "hardware_stores": 1, "campgrounds": 10, "bowling_pool_clubs": 5, "nfl_miles": 330.9, "nba_miles": 189.0, "mlb_miles": 312.3, "nhl_miles": 121.9, "casino_miles": 29.3}, "geometry": {"type": "Polygon", "coordinates": [[[-90.9800185549994, 31.253902586620843], [-90.49938240180008, 31.73353103145983], [-90.74237144889806, 32.35169080962794], [-91.4744264324729, 32.491469216001946], [-91.95800539803801, 32.009150705907736], [-91.7066395361683, 31.389765762886356], [-90.9800185549994, 31.253902586620843]]]}}, {"type": "Feature", "properties": {"h3": "83261efffffffff", "bars": 24, "breweries": 8, "golf_courses": 6, "boat_ramps": 8, "fishing_access": 15, "hardware_stores": 9, "campgrounds": 3, "bowling_pool_clubs": 7, "nfl_miles": 147.6, "nba_miles": 182.1, "mlb_miles": 347.4, "nhl_miles": 52.5, "casino_miles": 149.2}, "geometry": {"type": "Polygon", "coordinates": [[[-100.02738621807642, 41.069470869434845], [-99.51481113071188, 41.55163492267252], [-99.85224608011656, 42.12956813236519], [-100.71067609205066, 42.22482490502811], [-101.2229643372923, 41.74040806665298], [-100.87723598395897, 41.16300723807769], [-100.02738621807642, 41.069470869434845]]]}}, {"type": "Feature", "properties": {"h3": "834410fffffffff", "bars": 33, "breweries": 12, "golf_courses": 9, "boat_ramps": 10, "fishing_access": 19, "hardware_stores": 2, "campgrounds": 1, "bowling_pool_clubs": 7, "nfl_miles": 102.2, "nba_miles": 394.4, "mlb_miles": 390.0, "nhl_miles": 331.0, "casino_miles": 44.7}, "geometry": {"type": "Polygon", "coordinates": [[[-82.03318898654624, 24.732892835288837], [-81.58897344408541, 25.18009256208372], [-81.75196196394583, 25.779995539608365], [-82.36673399792846, 25.9353963699535], [-82.81562185023444, 25.48543599647445], [-82.6450697138172, 24.882853055373065], [-82.03318898654624, 24.732892835288837]]]}}, {"type": "Feature", "properties": {"h3": "8348d4fffffffff", "bars": 27, "breweries": 1, "golf_courses": 6, "boat_ramps": 3, "fishing_access": 20, "hardware_stores": 2, "campgrounds": 9, "bowling_pool_clubs": 4, "nfl_miles": 155.1, "nba_miles": 301.8, "mlb_miles": 330.6, "nhl_miles": 71.3, "casino_miles": 145.7}, "geometry": {"type": "Polygon", "coordinates": [[[-103.79837714158012, 31.258773934619278], [-103.3423716366388, 31.802733078571137], [-103.67449471772738, 32.412787538277755], [-104.46868792153305, 32.477527420900095], [-104.92304635066672, 31.93090849181692], [-104.58496660160148, 31.322223035888804], [-103.79837714158012, 31.258773934619278]]]}}, {"type": "Feature", "properties": {"h3": "8344d1fffffffff", "bars": 35, "breweries": 5, "golf_courses": 4, "boat_ramps": 8, "fishing_access": 14, "hardware_stores": 0, "campgrounds": 11, "bowling_pool_clubs": 8, "nfl_miles": 321.4, "nba_miles": 80.5, "mlb_miles": 93.9, "nhl_miles": 244.0, "casino_miles": 151.9}, "geometry": {"type": "Polygon", "coordinates": [[[-80.77373611056632, 32.742681736561956], [-80.29924287171775, 33.15249674439025], [-80.46417161699158, 33.75080630921313], [-81.1122570247188, 33.94257931467154], [-81.59239281302997, 33.53115551279602], [-81.41879985273538, 32.9295794992344], [-80.77373611056632, 32.742681736561956]]]}}, {"type": "Feature", "properties": {"h3": "8326acfffffffff", "bars": 6, "breweries": 1, "golf_courses": 9, "boat_ramps": 12, "fishing_access": 3, "hardware_stores": 4, "campgrounds": 8, "bowling_pool_clubs": 5, "nfl_miles": 356.0, "nba_miles": 135.1, "mlb_miles": 275.7, "nhl_miles": 245.9, "casino_miles": 126.2}, "geometry": {"type": "Polygon", "coordinates": [[[-102.58823664243123, 41.33165348280275], [-102.08289420935759, 41.825487140207606], [-102.43929616041419, 42.39644483631764], [-103.30874669480728, 42.47263130834439], [-103.81263795329835, 41.97659515542395], [-103.4486685997814, 41.40659183086195], [-102.58823664243123, 41.33165348280275]]]}}, {"type": "Feature", "properties": {"h3": "832af2fffffffff", "bars": 22, "breweries": 17, "golf_courses": 12, "boat_ramps": 9, "fishing_access": 39, "hardware_stores": 19, "campgrounds": 21, "bowling_pool_clubs": 12, "nfl_miles": 26.8, "nba_miles": 189.4, "mlb_miles": 82.7, "nhl_miles": 64.8, "casino_miles": 101.1}, "geometry": {"type": "Polygon", "coordinates": [[[-77.04114526173694, 36.88932098886056], [-77.68316385354365, 36.56531355829964], [-77.61868280728876, 35.99919217524387], [-76.92767041505323, 35.755725361379135], [-76.29144346808987, 36.0716675289531], [-76.34038735069178, 36.63904459260989], [-77.04114526173694, 36.88932098886056]]]}}, {"type": "Feature", "properties": {"h3": "832894fffffffff", "bars": 17, "breweries": 5, "golf_courses": 0, "boat_ramps": 5, "fishing_access": 9, "hardware_stores": 4, "campgrounds": 4, "bowling_pool_clubs": 7, "nfl_miles": 349.0, "nba_miles": 286.5, "mlb_miles": 390.1, "nhl_miles": 122.1, "casino_miles": 85.6}, "geometry": {"type": "Polygon", "coordinates": [[[-111.6319691148531, 43.39437445833112], [-111.16109935329885, 43.91575691615302], [-111.58050506517188, 44.44426404842243], [-112.47533090117112, 44.44934314082509], [-112.94056051139856, 43.92637854600678], [-112.51676733723512, 43.39991873803575], [-111.6319691148531, 43.39437445833112]]]}}, {"type": "Feature", "properties": {"h3": "832988fffffffff", "bars": 28, "breweries": 12, "golf_courses": 5, "boat_ramps": 4, "fishing_access": 13, "hardware_stores": 9, "campgrounds": 10, "bowling_pool_clubs": 1, "nfl_miles": 107.7, "nba_miles": 116.1, "mlb_miles": 336.6, "nhl_miles": 306.7, "casino_miles": 193.5}, "geometry": {"type": "Polygon", "coordinates": [[[-118.1190113151929, 38.42851196624436], [-117.71387004811588, 38.99442650641485], [-118.13971584415496, 39.52496303327108], [-118.97222902771867, 39.48699472856466], [-119.37005432538994, 38.92041438893343], [-118.9428082627461, 38.39246021299849], [-118.1190113151929, 38.42851196624436]]]}}, {"type": "Feature", "properties": {"h3": "832816fffffffff", "bars": 23, "breweries": 0, "golf_courses": 8, "boat_ramps": 12, "fishing_access": 5, "hardware_stores": 1, "campgrounds": 4, "bowling_pool_clubs": 8, "nfl_miles": 185.2, "nba_miles": 321.0, "mlb_miles": 228.7, "nhl_miles": 244.7, "casino_miles": 55.8}, "geometry": {"type": "Polygon", "coordinates": [[[-119.40415744564251, 40.00854171016792], [-119.0022822666251, 40.570571787496846], [-119.43899644923948, 41.08543425280383], [-120.27862578598697, 41.035725063983975], [-120.67257085346255, 40.47323742199881], [-120.2349433485944, 39.960906823268786], [-119.40415744564251, 40.00854171016792]]]}}, {"type": "Feature", "properties": {"h3": "83276dfffffffff", "bars": 12, "breweries": 0, "golf_courses": 3, "boat_ramps": 0, "fishing_access": 14, "hardware_stores": 0, "campgrounds": 5, "bowling_pool_clubs": 3, "nfl_miles": 138.6, "nba_miles": 336.5, "mlb_miles": 221.8, "nhl_miles": 268.7, "casino_miles": 44.1}, "geometry": {"type": "Polygon", "coordinates": [[[-81.36121919489459, 45.740535913335556], [-82.0982713239642, 45.3510318139141], [-81.95938006720374, 44.72398636912073], [-81.10509178727428, 44.483259351562076], [-80.3731962771293, 44.863075612320735], [-80.49026058459525, 45.493190346613915], [-81.36121919489459, 45.740535913335556]]]}}, {"type": "Feature", "properties": {"h3": "83262efffffffff", "bars": 3, "breweries": 7, "golf_courses": 11, "boat_ramps": 15, "fishing_access": 28, "hardware_stores": 5, "campgrounds": 15, "bowling_pool_clubs": 9, "nfl_miles": 188.0, "nba_miles": 129.0, "mlb_miles": 269.7, "nhl_miles": 104.6, "casino_miles": 166.6}, "geometry": {"type": "Polygon", "coordinates": [[[-94.89335071955404, 44.66250266239066], [-95.46450687268344, 44.20868635642262], [-95.15924431439741, 43.62466166795431], [-94.29776721678304, 43.48716930878649], [-93.72154726053162, 43.931758656716966], [-94.0115430332113, 44.52302796881887], [-94.89335071955404, 44.66250266239066]]]}}, {"type": "Feature", "properties": {"h3": "83446bfffffffff", "bars": 5, "breweries": 4, "golf_courses": 0, "boat_ramps": 6, "fishing_access": 1, "hardware_stores": 2, "campgrounds": 9, "bowling_pool_clubs": 3, "nfl_miles": 348.6, "nba_miles": 273.1, "mlb_miles": 284.0, "nhl_miles": 136.9, "casino_miles": 111.2}, "geometry": {"type": "Polygon", "coordinates": [[[-94.40039764921036, 31.277715125100947], [-93.92181459579034, 31.776382904517572], [-94.19050077755726, 32.395718151835744], [-94.94582051780955, 32.51690625937428], [-95.42621601661729, 32.015412916150055], [-95.14955036439949, 31.395578930777237], [-94.40039764921036, 31.277715125100947]]]}}, {"type": "Feature", "properties": {"h3": "834453fffffffff", "bars": 1, "breweries": 12, "golf_courses": 0, "boat_ramps": 7, "fishing_access": 4, "hardware_stores": 10, "campgrounds": 2, "bowling_pool_clubs": 0, "nfl_miles": 120.6, "nba_miles": 259.0, "mlb_miles": 379.5, "nhl_miles": 296.6, "casino_miles": 181.7}, "geometry": {"type": "Polygon", "coordinates": [[[-87.65903167210186, 31.14401657281158], [-87.17989672749181, 31.60442649522833], [-87.3969512004291, 32.2191263140691], [-88.10173760069401, 32.37535444162421], [-88.58478849403987, 31.912464736858755], [-88.35917170297719, 31.295846940135363], [-87.65903167210186, 31.14401657281158]]]}}, {"type": "Feature", "properties": {"h3": "832646fffffffff", "bars": 70, "breweries": 27, "golf_courses": 12, "boat_ramps": 22, "fishing_access": 29, "hardware_stores": 8, "campgrounds": 13, "bowling_pool_clubs": 14, "nfl_miles": 66.3, "nba_miles": 102.5, "mlb_miles": 119.6, "nhl_miles": 113.1, "casino_miles": 7.5}, "geometry": {"type": "Polygon", "coordinates": [[[-90.50409519657562, 38.47195783770137], [-89.98990121695093, 38.91425387206256], [-90.24581706815007, 39.51258888304703], [-91.02562347546493, 39.6699884133618], [-91.54335025644869, 39.22565620613394], [-91.27779965282252, 38.62598379901026], [-90.50409519657562, 38.47195783770137]]]}}, {"type": "Feature", "properties": {"h3": "832a16fffffffff", "bars": 84, "breweries": 11, "golf_courses": 17, "boat_ramps": 20, "fishing_access": 38, "hardware_stores": 19, "campgrounds": 9, "bowling_pool_clubs": 9, "nfl_miles": 199.6, "nba_miles": 148.4, "mlb_miles": 111.7, "nhl_miles": 96.6, "casino_miles": 64.0}, "geometry": {"type": "Polygon", "coordinates": [[[-74.59575903197567, 42.36298156091004], [-75.3334517237918, 42.02956371225367], [-75.29183984819713, 41.418569387234676], [-74.53218333455182, 41.14040930664568], [-73.80329613824564, 41.46540710860376], [-73.82523017536224, 42.0768682443254], [-74.59575903197567, 42.36298156091004]]]}}, {"type": "Feature", "properties": {"h3": "832613fffffffff", "bars": 17, "breweries": 4, "golf_courses": 4, "boat_ramps": 3, "fishing_access": 4, "hardware_stores": 8, "campgrounds": 3, "bowling_pool_clubs": 0, "nfl_miles": 330.0, "nba_miles": 328.9, "mlb_miles": 256.0, "nhl_miles": 277.8, "casino_miles": 175.0}, "geometry": {"type": "Polygon", "coordinates": [[[-101.2229643372923, 41.74040806665298], [-100.71067609205066, 42.22482490502811], [-101.05902113925103, 42.796528515834865], [-101.92784616911428, 42.88308817028958], [-102.43929616041419, 42.39644483631764], [-102.08289420935759, 41.825487140207606], [-101.2229643372923, 41.74040806665298]]]}}, {"type": "Feature", "properties": {"h3": "8326d4fffffffff", "bars": 1, "breweries": 10, "golf_courses": 7, "boat_ramps": 4, "fishing_access": 8, "hardware_stores": 6, "campgrounds": 6, "bowling_pool_clubs": 6, "nfl_miles": 305.2, "nba_miles": 249.9, "mlb_miles": 398.1, "nhl_miles": 333.8, "casino_miles": 95.6}, "geometry": {"type": "Polygon", "coordinates": [[[-101.9931329551529, 36.278414873038784], [-101.50984190904657, 36.795738900999524], [-101.84537674149988, 37.3929432826263], [-102.67135684070738, 37.47197316662982], [-103.15358439412798, 36.95224132751914], [-102.81101305686792, 36.35590377708359], [-101.9931329551529, 36.278414873038784]]]}}, {"type": "Feature", "properties": {"h3": "8348c9fffffffff", "bars": 45, "breweries": 3, "golf_courses": 8, "boat_ramps": 10, "fishing_access": 15, "hardware_stores": 10, "campgrounds": 5, "bowling_pool_clubs": 8, "nfl_miles": 148.1, "nba_miles": 101.2, "mlb_miles": 276.7, "nhl_miles": 241.0, "casino_miles": 84.0}, "geometry": {"type": "Polygon", "coordinates": [[[-110.75816250105761, 35.11087460898331], [-110.31895427278583, 35.66874988288663], [-110.70158839216803, 36.2467139530767], [-111.52761973622499, 36.26460513023572], [-111.96235777597163, 35.70493980448009], [-111.5756629202815, 35.12917634403377], [-110.75816250105761, 35.11087460898331]]]}}, {"type": "Feature", "properties": {"h3": "8329b0fffffffff", "bars": 30, "breweries": 2, "golf_courses": 4, "boat_ramps": 11, "fishing_access": 17, "hardware_stores": 2, "campgrounds": 10, "bowling_pool_clubs": 5, "nfl_miles": 272.9, "nba_miles": 118.8, "mlb_miles": 119.2, "nhl_miles": 350.2, "casino_miles": 112.7}, "geometry": {"type": "Polygon", "coordinates": [[[-113.23827165842253, 34.00686720358983], [-112.8176536835722, 34.57588678629265], [-113.20792162017284, 35.14928103888813], [-114.02202253385228, 35.15112552992632], [-114.43739814796155, 34.58058110356487], [-114.04403771458595, 34.00971586940661], [-113.23827165842253, 34.00686720358983]]]}}, {"type": "Feature", "properties": {"h3": "832aa4fffffffff", "bars": 21, "breweries": 5, "golf_courses": 4, "boat_ramps": 9, "fishing_access": 9, "hardware_stores": 7, "campgrounds": 1, "bowling_pool_clubs": 7, "nfl_miles": 59.3, "nba_miles": 268.4, "mlb_miles": 248.9, "nhl_miles": 263.4, "casino_miles": 126.0}, "geometry": {"type": "Polygon", "coordinates": [[[-76.96625784448885, 43.19540780277762], [-77.69992378807908, 42.84364383820976], [-77.62619472095602, 42.22794864619811], [-76.83896363372939, 41.962548563191234], [-76.11289266152629, 42.30542653194913], [-76.1663850796221, 42.922473011645366], [-76.96625784448885, 43.19540780277762]]]}}, {"type": "Feature", "properties": {"h3": "832755fffffffff", "bars": 12, "breweries": 8, "golf_courses": 1, "boat_ramps": 13, "fishing_access": 12, "hardware_stores": 8, "campgrounds": 4, "bowling_pool_clubs": 6, "nfl_miles": 59.5, "nba_miles": 347.5, "mlb_miles": 89.5, "nhl_miles": 112.1, "casino_miles": 111.2}, "geometry": {"type": "Polygon", "coordinates": [[[-89.98392497286626, 46.59501057326911], [-90.64177118328807, 46.152864424246296], [-90.3842448618241, 45.5410685583273], [-89.48793567147152, 45.36524780371865], [-88.82842497227374, 45.79748655638778], [-89.06656493399484, 46.41537750220255], [-89.98392497286626, 46.59501057326911]]]}}, {"type": "Feature", "properties": {"h3": "832661fffffffff", "bars": 36, "breweries": 7, "golf_courses": 2, "boat_ramps": 5, "fishing_access": 5, "hardware_stores": 1, "campgrounds": 7, "bowling_pool_clubs": 5, "nfl_miles": 267.2, "nba_miles": 103.7, "mlb_miles": 268.4, "nhl_miles": 41.7, "casino_miles": 79.3}, "geometry": {"type": "Polygon", "coordinates": [[[-86.9468991521532, 40.377069757823094], [-87.55198293001193, 39.98390911925493], [-87.36260903590565, 39.40397241810848], [-86.58381499249587, 39.212519339603276], [-85.97932795863906, 39.59650945572189], [-86.1528508037047, 40.18104608341415], [-86.9468991521532, 40.377069757823094]]]}}, {"type": "Feature", "properties": {"h3": "832b98fffffffff", "bars": 10, "breweries": 9, "golf_courses": 2, "boat_ramps": 7, "fishing_access": 2, "hardware_stores": 2, "campgrounds": 9, "bowling_pool_clubs": 6, "nfl_miles": 268.1, "nba_miles": 185.2, "mlb_miles": 387.5, "nhl_miles": 178.0, "casino_miles": 23.9}, "geometry": {"type": "Polygon", "coordinates": [[[-78.77616090386161, 44.98035914488244], [-79.5240110555761, 44.61014424449475], [-79.42239003199485, 43.984339238314476], [-78.59442734295867, 43.72655729245846], [-77.8534793235469, 44.08743518312012], [-77.93347564333743, 44.7153111535447], [-78.77616090386161, 44.98035914488244]]]}}, {"type": "Feature", "properties": {"h3": "8344c6fffffffff", "bars": 12, "breweries": 11, "golf_courses": 5, "boat_ramps": 0, "fishing_access": 10, "hardware_stores": 8, "campgrounds": 3, "bowling_pool_clubs": 0, "nfl_miles": 283.6, "nba_miles": 265.6, "mlb_miles": 129.6, "nhl_miles": 289.7, "casino_miles": 95.9}, "geometry": {"type": "Polygon", "coordinates": [[[-82.19302047717976, 31.483260732984867], [-81.72068792738153, 31.908011853886673], [-81.89501544062873, 32.511355947593124], [-82.550234191653, 32.692957007484985], [-83.02781051428768, 32.26628672448479], [-82.84493038105622, 31.65994875432246], [-82.19302047717976, 31.483260732984867]]]}}, {"type": "Feature", "properties": {"h3": "8326a1fffffffff", "bars": 8, "breweries": 1, "golf_courses": 6, "boat_ramps": 8, "fishing_access": 18, "hardware_stores": 4, "campgrounds": 2, "bowling_pool_clubs": 1, "nfl_miles": 336.6, "nba_miles": 147.4, "mlb_miles": 144.7, "nhl_miles": 302.0, "casino_miles": 155.1}, "geometry": {"type": "Polygon", "coordinates": [[[-103.81263795329835, 41.97659515542395], [-103.30874669480728, 42.47263130834439], [-103.67580237493574, 43.036684837618914], [-104.55415513363963, 43.103568981844724], [-105.05601162759498, 42.605380833300046], [-104.68169604199885, 42.04247572101021], [-103.81263795329835, 41.97659515542395]]]}}, {"type": "Feature", "properties": {"h3": "832889fffffffff", "bars": 21, "breweries": 6, "golf_courses": 2, "boat_ramps": 5, "fishing_access": 15, "hardware_stores": 5, "campgrounds": 3, "bowling_pool_clubs": 2, "nfl_miles": 381.3, "nba_miles": 370.6, "mlb_miles": 185.2, "nhl_miles": 122.2, "casino_miles": 185.9}, "geometry": {"type": "Polygon", "coordinates": [[[-119.62510983711626, 46.28277468166362], [-119.197103374418, 46.81148827909575], [-119.66490841732488, 47.2817327491024], [-120.56180060563707, 47.220906190997056], [-120.98065670250082, 46.691537435146365], [-120.51192454027378, 46.22363787040548], [-119.62510983711626, 46.28277468166362]]]}}, {"type": "Feature", "properties": {"h3": "832795fffffffff", "bars": 8, "breweries": 3, "golf_courses": 0, "boat_ramps": 9, "fishing_access": 16, "hardware_stores": 2, "campgrounds": 1, "bowling_pool_clubs": 5, "nfl_miles": 296.0, "nba_miles": 325.2, "mlb_miles": 175.1, "nhl_miles": 270.5, "casino_miles": 196.2}, "geometry": {"type": "Polygon", "coordinates": [[[-109.68880651923148, 48.540184348949865], [-110.09589854961865, 48.01806338923816], [-109.59713344468359, 47.48853775638439], [-108.69780321642347, 47.47123541801432], [-108.27458474194752, 47.98702810125281], [-108.76642656192467, 48.5265132085979], [-109.68880651923148, 48.540184348949865]]]}}, {"type": "Feature", "properties": {"h3": "834896fffffffff", "bars": 39, "breweries": 0, "golf_courses": 9, "boat_ramps": 0, "fishing_access": 3, "hardware_stores": 10, "campgrounds": 0, "bowling_pool_clubs": 0, "nfl_miles": 288.3, "nba_miles": 190.0, "mlb_miles": 176.9, "nhl_miles": 237.0, "casino_miles": 126.5}, "geometry": {"type": "Polygon", "coordinates": [[[-95.2031312441002, 26.748194311250685], [-94.74356847987167, 27.264005617361743], [-95.0077899311177, 27.887434318702965], [-95.73891640044029, 27.99517872049534], [-96.19990124935345, 27.476067579152744], [-95.92840433120918, 26.852534566580044], [-95.2031312441002, 26.748194311250685]]]}}, {"type": "Feature", "properties": {"h3": "83266efffffffff", "bars": 9, "breweries": 3, "golf_courses": 0, "boat_ramps": 4, "fishing_access": 13, "hardware_stores": 10, "campgrounds": 1, "bowling_pool_clubs": 8, "nfl_miles": 137.2, "nba_miles": 258.0, "mlb_miles": 89.4, "nhl_miles": 339.0, "casino_miles": 39.7}, "geometry": {"type": "Polygon", "coordinates": [[[-87.36260903590565, 39.40397241810848], [-87.9513817230312, 39.01478831061851], [-87.71532343105063, 38.4157484227961], [-86.97257510863982, 38.24185184594185], [-86.80217382555583, 38.38294405466132], [-86.40873573045069, 38.636347294629736], [-86.58381499249587, 39.212519339603276], [-87.36260903590565, 39.40397241810848]]]}}, {"type": "Feature", "properties": {"h3": "832762fffffffff", "bars": 39, "breweries": 1, "golf_courses": 4, "boat_ramps": 1, "fishing_access": 3, "hardware_stores": 7, "campgrounds": 3, "bowling_pool_clubs": 3, "nfl_miles": 320.1, "nba_miles": 339.3, "mlb_miles": 390.3, "nhl_miles": 168.9, "casino_miles": 111.3}, "geometry": {"type": "Polygon", "coordinates": [[[-86.25415610762578, 48.14384360824332], [-86.98009097592502, 47.71496486743984], [-86.76385612316132, 47.08474562818118], [-85.84399539960127, 46.8783138401057], [-85.11953722829627, 47.296991513995565], [-85.31316326127293, 47.93219863504297], [-86.25415610762578, 48.14384360824332]]]}}, {"type": "Feature", "properties": {"h3": "834889fffffffff", "bars": 10, "breweries": 0, "golf_courses": 8, "boat_ramps": 7, "fishing_access": 6, "hardware_stores": 7, "campgrounds": 5, "bowling_pool_clubs": 3, "nfl_miles": 41.0, "nba_miles": 281.8, "mlb_miles": 366.5, "nhl_miles": 340.7, "casino_miles": 172.2}, "geometry": {"type": "Polygon", "coordinates": [[[-102.68926577217127, 30.576699540271925], [-102.23204590148163, 31.11788008159638], [-102.55545485536122, 31.731491079606286], [-103.3423716366388, 31.802733078571137], [-103.79837714158012, 31.258773934619278], [-103.46878337498599, 30.646366477609185], [-102.68926577217127, 30.576699540271925]]]}}, {"type": "Feature", "properties": {"h3": "832788fffffffff", "bars": 9, "breweries": 1, "golf_courses": 8, "boat_ramps": 1, "fishing_access": 3, "hardware_stores": 4, "campgrounds": 10, "bowling_pool_clubs": 3, "nfl_miles": 204.4, "nba_miles": 391.8, "mlb_miles": 135.1, "nhl_miles": 58.0, "casino_miles": 206.1}, "geometry": {"type": "Polygon", "coordinates": [[[-104.19077675058249, 46.21806105243363], [-104.50198348772338, 45.88806673085448], [-104.67500723076466, 45.728764626626415], [-104.2905162119215, 45.18511786598635], [-103.39299520117827, 45.11622892460044], [-103.04503504977467, 45.43273193918354], [-102.88487990520927, 45.59527305852131], [-103.29433130519647, 46.154747410600926], [-104.19077675058249, 46.21806105243363]]]}}, {"type": "Feature", "properties": {"h3": "832694fffffffff", "bars": 2, "breweries": 4, "golf_courses": 5, "boat_ramps": 12, "fishing_access": 10, "hardware_stores": 6, "campgrounds": 11, "bowling_pool_clubs": 1, "nfl_miles": 74.2, "nba_miles": 313.0, "mlb_miles": 56.5, "nhl_miles": 346.7, "casino_miles": 170.9}, "geometry": {"type": "Polygon", "coordinates": [[[-110.46300855570529, 40.69042258022559], [-109.99819761948277, 41.2226393737195], [-110.40009121737634, 41.773015241263025], [-111.27157033330067, 41.78920913152274], [-111.73152352565994, 41.25531152946466], [-111.32500576940444, 40.706904716748035], [-110.46300855570529, 40.69042258022559]]]}}, {"type": "Feature", "properties": {"h3": "834460fffffffff", "bars": 10, "breweries": 5, "golf_courses": 5, "boat_ramps": 14, "fishing_access": 14, "hardware_stores": 9, "campgrounds": 4, "bowling_pool_clubs": 1, "nfl_miles": 174.1, "nba_miles": 163.4, "mlb_miles": 81.0, "nhl_miles": 184.1, "casino_miles": 122.3}, "geometry": {"type": "Polygon", "coordinates": [[[-92.84408659034243, 27.544651836359343], [-92.37929111142255, 28.046479314933773], [-92.62835076349998, 28.668863028887618], [-93.34993901016594, 28.790103604105283], [-93.81693163576479, 28.285110241006954], [-93.56019601847224, 27.662065251018905], [-92.84408659034243, 27.544651836359343]]]}}, {"type": "Feature", "properties": {"h3": "832608fffffffff", "bars": 98, "breweries": 30, "golf_courses": 25, "boat_ramps": 26, "fishing_access": 41, "hardware_stores": 28, "campgrounds": 10, "bowling_pool_clubs": 3, "nfl_miles": 34.4, "nba_miles": 123.8, "mlb_miles": 162.2, "nhl_miles": 141.5, "casino_miles": 16.3}, "geometry": {"type": "Polygon", "coordinates": [[[-95.02839653313511, 40.385877066261344], [-94.50810689717262, 40.84419021012662], [-94.80553802493722, 41.43257584363507], [-95.63270294556983, 41.56306454384191], [-96.15487277420792, 41.10256167837416], [-95.84809346832756, 40.5137835908502], [-95.02839653313511, 40.385877066261344]]]}}, {"type": "Feature", "properties": {"h3": "8344eefffffffff", "bars": 37, "breweries": 7, "golf_courses": 9, "boat_ramps": 10, "fishing_access": 14, "hardware_stores": 2, "campgrounds": 9, "bowling_pool_clubs": 6, "nfl_miles": 320.5, "nba_miles": 260.1, "mlb_miles": 350.5, "nhl_miles": 356.8, "casino_miles": 185.9}, "geometry": {"type": "Polygon", "coordinates": [[[-85.32501821254023, 31.73393644358031], [-84.84586180664866, 32.17753177892582], [-85.04559187893895, 32.78766273051838], [-85.73318835608876, 32.956620311538835], [-86.21691436901844, 32.51081356741386], [-86.00849672566154, 31.89827870836089], [-85.32501821254023, 31.73393644358031]]]}}, {"type": "Feature", "properties": {"h3": "8326c9fffffffff", "bars": 16, "breweries": 15, "golf_courses": 15, "boat_ramps": 7, "fishing_access": 26, "hardware_stores": 14, "campgrounds": 1, "bowling_pool_clubs": 2, "nfl_miles": 80.3, "nba_miles": 91.8, "mlb_miles": 177.5, "nhl_miles": 171.7, "casino_miles": 119.3}, "geometry": {"type": "Polygon", "coordinates": [[[-95.42621601661729, 32.015412916150055], [-94.94582051780955, 32.51690625937428], [-95.22376469663934, 33.13469969517017], [-95.9901057960558, 33.25132839883662], [-96.47197348814274, 32.74705636213247], [-96.18610552160048, 32.12895582276997], [-95.42621601661729, 32.015412916150055]]]}}, {"type": "Feature", "properties": {"h3": "8328b1fffffffff", "bars": 36, "breweries": 11, "golf_courses": 9, "boat_ramps": 3, "fishing_access": 10, "hardware_stores": 8, "campgrounds": 8, "bowling_pool_clubs": 1, "nfl_miles": 195.8, "nba_miles": 301.6, "mlb_miles": 213.5, "nhl_miles": 278.9, "casino_miles": 165.7}, "geometry": {"type": "Polygon", "coordinates": [[[-114.30273411983745, 42.32945177868776], [-113.85421829018077, 42.86629230138485], [-114.28177752018668, 43.39060164662038], [-115.1611634793217, 43.375823835306086], [-115.60310652830113, 42.837738262209285], [-115.17238987791487, 42.31567276758436], [-114.30273411983745, 42.32945177868776]]]}}, {"type": "Feature", "properties": {"h3": "832b8bfffffffff", "bars": 9, "breweries": 8, "golf_courses": 9, "boat_ramps": 0, "fishing_access": 0, "hardware_stores": 10, "campgrounds": 2, "bowling_pool_clubs": 8, "nfl_miles": 345.6, "nba_miles": 346.7, "mlb_miles": 353.0, "nhl_miles": 67.0, "casino_miles": 130.5}, "geometry": {"type": "Polygon", "coordinates": [[[-75.4200655058496, 43.26455227660656], [-76.1663850796221, 42.922473011645366], [-76.11289266152629, 42.30542653194913], [-75.3334517237918, 42.02956371225367], [-74.59575903197567, 42.36298156091004], [-74.6288343312773, 42.98080409174231], [-75.4200655058496, 43.26455227660656]]]}}, {"type": "Feature", "properties": {"h3": "832a99fffffffff", "bars": 15, "breweries": 5, "golf_courses": 4, "boat_ramps": 0, "fishing_access": 16, "hardware_stores": 3, "campgrounds": 8, "bowling_pool_clubs": 6, "nfl_miles": 185.2, "nba_miles": 124.6, "mlb_miles": 205.3, "nhl_miles": 328.5, "casino_miles": 120.3}, "geometry": {"type": "Polygon", "coordinates": [[[-81.90495827227049, 37.38966181159207], [-82.5173056742064, 37.0380908907069], [-82.39602229976812, 36.47258294615415], [-81.67748863508325, 36.25573182193217], [-81.06844866997488, 36.59871874543619], [-81.1745279110862, 37.16705220529028], [-81.90495827227049, 37.38966181159207]]]}}, {"type": "Feature", "properties": {"h3": "8329a3fffffffff", "bars": 63, "breweries": 14, "golf_courses": 10, "boat_ramps": 3, "fishing_access": 31, "hardware_stores": 0, "campgrounds": 3, "bowling_pool_clubs": 6, "nfl_miles": 150.4, "nba_miles": 192.3, "mlb_miles": 31.4, "nhl_miles": 57.6, "casino_miles": 126.0}, "geometry": {"type": "Polygon", "coordinates": [[[-116.85177786738714, 34.54785285861171], [-116.45234131278922, 35.12423585977483], [-116.85872455570934, 35.680261473304114], [-117.66644115562839, 35.65711968357492], [-118.05943919190457, 35.07977591454106], [-117.65127589971759, 34.526528228085574], [-116.85177786738714, 34.54785285861171]]]}}, {"type": "Feature", "properties": {"h3": "832b8dfffffffff", "bars": 39, "breweries": 10, "golf_courses": 4, "boat_ramps": 14, "fishing_access": 16, "hardware_stores": 8, "campgrounds": 3, "bowling_pool_clubs": 7, "nfl_miles": 382.1, "nba_miles": 170.8, "mlb_miles": 59.5, "nhl_miles": 120.3, "casino_miles": 121.8}, "geometry": {"type": "Polygon", "coordinates": [[[-73.11565075285877, 44.26714121387984], [-73.89466165493545, 43.93713070775397], [-73.87088825890976, 43.312829623995924], [-73.08947577680037, 43.018511082469935], [-72.3209858071375, 43.34015832956712], [-72.32338161918123, 43.96436330598874], [-73.11565075285877, 44.26714121387984]]]}}, {"type": "Feature", "properties": {"h3": "832696fffffffff", "bars": 35, "breweries": 12, "golf_courses": 9, "boat_ramps": 9, "fishing_access": 15, "hardware_stores": 10, "campgrounds": 5, "bowling_pool_clubs": 7, "nfl_miles": 81.0, "nba_miles": 313.4, "mlb_miles": 119.8, "nhl_miles": 162.9, "casino_miles": 210.0}, "geometry": {"type": "Polygon", "coordinates": [[[-111.77968666606232, 40.16717680240548], [-111.32500576940444, 40.706904716748035], [-111.73152352565994, 41.25531152946466], [-112.59692272355167, 41.261887535925915], [-113.04627123921182, 40.720619948005016], [-112.63570036247965, 40.17431764435183], [-111.77968666606232, 40.16717680240548]]]}}, {"type": "Feature", "properties": {"h3": "83278afffffffff", "bars": 18, "breweries": 8, "golf_courses": 8, "boat_ramps": 5, "fishing_access": 3, "hardware_stores": 0, "campgrounds": 2, "bowling_pool_clubs": 7, "nfl_miles": 90.6, "nba_miles": 298.1, "mlb_miles": 299.8, "nhl_miles": 78.5, "casino_miles": 158.6}, "geometry": {"type": "Polygon", "coordinates": [[[-104.80483851594849, 44.70154723793112], [-104.2905162119215, 45.18511786598635], [-104.67500723076466, 45.728764626626415], [-105.58130495895878, 45.78750358743272], [-106.09298493308418, 45.30180951571724], [-105.70117194372358, 44.759514222988614], [-104.80483851594849, 44.70154723793112]]]}}, {"type": "Feature", "properties": {"h3": "83488bfffffffff", "bars": 12, "breweries": 1, "golf_courses": 6, "boat_ramps": 3, "fishing_access": 14, "hardware_stores": 3, "campgrounds": 11, "bowling_pool_clubs": 5, "nfl_miles": 78.8, "nba_miles": 189.2, "mlb_miles": 373.6, "nhl_miles": 341.5, "casino_miles": 153.4}, "geometry": {"type": "Polygon", "coordinates": [[[-101.45286582983651, 31.040561505986297], [-100.98988538201289, 31.575020032864458], [-101.30674461086156, 32.18957833209205], [-102.09323459159485, 32.26874743091332], [-102.55545485536122, 31.731491079606286], [-102.23204590148163, 31.11788008159638], [-101.45286582983651, 31.040561505986297]]]}}, {"type": "Feature", "properties": {"h3": "8344ecfffffffff", "bars": 28, "breweries": 7, "golf_courses": 9, "boat_ramps": 8, "fishing_access": 4, "hardware_stores": 7, "campgrounds": 0, "bowling_pool_clubs": 8, "nfl_miles": 305.0, "nba_miles": 239.2, "mlb_miles": 195.8, "nhl_miles": 250.6, "casino_miles": 232.2}, "geometry": {"type": "Polygon", "coordinates": [[[-86.48784775839027, 31.446250156842748], [-86.00849672566154, 31.89827870836089], [-86.21691436901844, 32.51081356741386], [-86.9133484088028, 32.67350407324444], [-87.3969512004291, 32.2191263140691], [-87.17989672749181, 31.60442649522833], [-86.48784775839027, 31.446250156842748]]]}}, {"type": "Feature", "properties": {"h3": "832663fffffffff", "bars": 11, "breweries": 11, "golf_courses": 9, "boat_ramps": 2, "fishing_access": 4, "hardware_stores": 1, "campgrounds": 6, "bowling_pool_clubs": 5, "nfl_miles": 221.5, "nba_miles": 178.5, "mlb_miles": 392.6, "nhl_miles": 369.7, "casino_miles": 194.2}, "geometry": {"type": "Polygon", "coordinates": [[[-88.34556822819707, 40.169739893481236], [-88.93406727701122, 39.771436827084564], [-88.83115067474984, 39.48348483404259], [-88.70853093665518, 39.18482626620743], [-87.9513817230312, 39.01478831061851], [-87.36260903590565, 39.40397241810848], [-87.55198293001193, 39.98390911925493], [-88.34556822819707, 40.169739893481236]]]}}, {"type": "Feature", "properties": {"h3": "832a33fffffffff", "bars": 70, "breweries": 25, "golf_courses": 10, "boat_ramps": 18, "fishing_access": 28, "hardware_stores": 25, "campgrounds": 8, "bowling_pool_clubs": 4, "nfl_miles": 89.1, "nba_miles": 139.1, "mlb_miles": 147.5, "nhl_miles": 69.3, "casino_miles": 87.0}, "geometry": {"type": "Polygon", "coordinates": [[[-71.55848333948539, 42.41792704359448], [-72.31638457936062, 42.10438651576245], [-72.31417418594337, 41.49301815602842], [-71.5737719548038, 41.19572519045852], [-70.8264838679712, 41.501412206749244], [-70.80900570557183, 42.1121293062945], [-71.55848333948539, 42.41792704359448]]]}}, {"type": "Feature", "properties": {"h3": "834455fffffffff", "bars": 20, "breweries": 11, "golf_courses": 8, "boat_ramps": 10, "fishing_access": 6, "hardware_stores": 3, "campgrounds": 3, "bowling_pool_clubs": 4, "nfl_miles": 287.2, "nba_miles": 371.6, "mlb_miles": 87.8, "nhl_miles": 295.7, "casino_miles": 244.2}, "geometry": {"type": "Polygon", "coordinates": [[[-89.08631016580163, 29.73505696786574], [-88.61229518346315, 30.209230464940806], [-88.83767178341174, 30.827133220842338], [-89.54539288839108, 30.9724562642426], [-90.02283324742329, 30.49554307350628], [-89.78916802666802, 29.876068019726652], [-89.08631016580163, 29.73505696786574]]]}}, {"type": "Feature", "properties": {"h3": "834549fffffffff", "bars": 11, "breweries": 8, "golf_courses": 8, "boat_ramps": 11, "fishing_access": 20, "hardware_stores": 5, "campgrounds": 11, "bowling_pool_clubs": 1, "nfl_miles": 313.9, "nba_miles": 242.4, "mlb_miles": 249.8, "nhl_miles": 379.4, "casino_miles": 181.9}, "geometry": {"type": "Polygon", "coordinates": [[[-95.39505890822583, 25.605905522182397], [-94.94004746985867, 26.124885801610457], [-95.2031312441002, 26.748194311250685], [-95.92840433120918, 26.852534566580044], [-96.38475070596917, 26.330133141946444], [-96.11455478536654, 25.706835638565614], [-95.39505890822583, 25.605905522182397]]]}}, {"type": "Feature", "properties": {"h3": "832630fffffffff", "bars": 43, "breweries": 11, "golf_courses": 8, "boat_ramps": 4, "fishing_access": 13, "hardware_stores": 0, "campgrounds": 8, "bowling_pool_clubs": 1, "nfl_miles": 49.1, "nba_miles": 92.3, "mlb_miles": 281.3, "nhl_miles": 112.0, "casino_miles": 191.3}, "geometry": {"type": "Polygon", "coordinates": [[[-100.0717641882968, 46.40446575739689], [-100.5965313238916, 45.920797512850115], [-100.21889369364187, 45.34926358365524], [-99.32928299408815, 45.25282165698742], [-98.79535959722753, 45.7279012790844], [-99.15981844689327, 46.3080068549222], [-100.0717641882968, 46.40446575739689]]]}}, {"type": "Feature", "properties": {"h3": "832818fffffffff", "bars": 10, "breweries": 4, "golf_courses": 4, "boat_ramps": 2, "fishing_access": 1, "hardware_stores": 4, "campgrounds": 3, "bowling_pool_clubs": 8, "nfl_miles": 51.6, "nba_miles": 333.0, "mlb_miles": 76.9, "nhl_miles": 352.5, "casino_miles": 188.8}, "geometry": {"type": "Polygon", "coordinates": [[[-123.29242940050585, 42.39413795277968], [-122.9120702226041, 42.95208325014678], [-123.37013129044756, 43.430739375495556], [-124.20798214738188, 43.34902772978442], [-124.57897471140045, 42.79123388063512], [-124.12159870974749, 42.314985890182285], [-123.29242940050585, 42.39413795277968]]]}}, {"type": "Feature", "properties": {"h3": "832af4fffffffff", "bars": 28, "breweries": 23, "golf_courses": 17, "boat_ramps": 12, "fishing_access": 15, "hardware_stores": 16, "campgrounds": 22, "bowling_pool_clubs": 9, "nfl_miles": 197.7, "nba_miles": 37.9, "mlb_miles": 120.6, "nhl_miles": 129.3, "casino_miles": 137.7}, "geometry": {"type": "Polygon", "coordinates": [[[-75.06331695265312, 37.849068867978225], [-75.73122117927622, 37.531384610678955], [-75.68861007624854, 36.956068257573996], [-74.99434320602734, 36.69771610504629], [-74.33349053402493, 37.007467592902394], [-74.35982483891512, 37.58340219470152], [-75.06331695265312, 37.849068867978225]]]}}, {"type": "Feature", "properties": {"h3": "8326f1fffffffff", "bars": 43, "breweries": 5, "golf_courses": 8, "boat_ramps": 0, "fishing_access": 0, "hardware_stores": 4, "campgrounds": 3, "bowling_pool_clubs": 7, "nfl_miles": 338.8, "nba_miles": 368.1, "mlb_miles": 293.7, "nhl_miles": 273.1, "casino_miles": 192.5}, "geometry": {"type": "Polygon", "coordinates": [[[-99.3880806830619, 37.122712835426306], [-98.89309474489009, 37.62302216247537], [-99.2133376486805, 38.22124189226134], [-100.03651908960924, 38.31878522811365], [-100.5315103176315, 37.816058756323855], [-100.2034246562154, 37.2182254853264], [-99.3880806830619, 37.122712835426306]]]}}, {"type": "Feature", "properties": {"h3": "8344e3fffffffff", "bars": 34, "breweries": 11, "golf_courses": 9, "boat_ramps": 3, "fishing_access": 6, "hardware_stores": 4, "campgrounds": 7, "bowling_pool_clubs": 2, "nfl_miles": 394.0, "nba_miles": 66.8, "mlb_miles": 386.5, "nhl_miles": 304.6, "casino_miles": 43.0}, "geometry": {"type": "Polygon", "coordinates": [[[-84.45440227965172, 30.956724773960858], [-83.97995685373473, 31.398103115589777], [-84.17140095003263, 32.00722046528921], [-84.84586180664866, 32.17753177892582], [-85.32501821254023, 31.73393644358031], [-85.1250201648158, 31.12226401184941], [-84.45440227965172, 30.956724773960858]]]}}, {"type": "Feature", "properties": {"h3": "832606fffffffff", "bars": 2, "breweries": 6, "golf_courses": 4, "boat_ramps": 8, "fishing_access": 8, "hardware_stores": 2, "campgrounds": 2, "bowling_pool_clubs": 4, "nfl_miles": 42.0, "nba_miles": 207.9, "mlb_miles": 377.5, "nhl_miles": 54.4, "casino_miles": 233.2}, "geometry": {"type": "Polygon", "coordinates": [[[-98.97156735362213, 44.678964846639566], [-99.49064886689408, 44.2099989682831], [-99.14842441133113, 43.64370607111849], [-98.28394769594586, 43.536367485244874], [-98.10744761625118, 43.68940030393375], [-97.75484759977562, 43.99643299465012], [-98.09317185071814, 44.57193473857318], [-98.97156735362213, 44.678964846639566]]]}}, {"type": "Feature", "properties": {"h3": "8328a6fffffffff", "bars": 38, "breweries": 0, "golf_courses": 9, "boat_ramps": 13, "fishing_access": 9, "hardware_stores": 7, "campgrounds": 9, "bowling_pool_clubs": 8, "nfl_miles": 168.9, "nba_miles": 322.3, "mlb_miles": 154.4, "nhl_miles": 119.2, "casino_miles": 58.2}, "geometry": {"type": "Polygon", "coordinates": [[[-115.61558955521599, 40.693518193784435], [-115.18337123085576, 41.24291137775971], [-115.60941648908782, 41.7717901861324], [-116.47033167354553, 41.74890874142009], [-116.89572496832274, 41.19846963760389], [-116.46717092132708, 40.6719532568919], [-115.61558955521599, 40.693518193784435]]]}}, {"type": "Feature", "properties": {"h3": "83442bfffffffff", "bars": 4, "breweries": 12, "golf_courses": 8, "boat_ramps": 2, "fishing_access": 13, "hardware_stores": 8, "campgrounds": 8, "bowling_pool_clubs": 6, "nfl_miles": 73.1, "nba_miles": 119.6, "mlb_miles": 116.8, "nhl_miles": 159.5, "casino_miles": 99.8}, "geometry": {"type": "Polygon", "coordinates": [[[-87.778092171115, 26.028642434222984], [-87.31977540236294, 26.50644075528897], [-87.52832443922594, 27.122172716410894], [-88.2030466217463, 27.26177882469742], [-88.66491641548424, 26.780897033723473], [-88.44854183160528, 26.163515000508983], [-87.778092171115, 26.028642434222984]]]}}, {"type": "Feature", "properties": {"h3": "8348b3fffffffff", "bars": 13, "breweries": 12, "golf_courses": 9, "boat_ramps": 8, "fishing_access": 15, "hardware_stores": 8, "campgrounds": 10, "bowling_pool_clubs": 0, "nfl_miles": 81.3, "nba_miles": 164.6, "mlb_miles": 126.5, "nhl_miles": 271.2, "casino_miles": 230.9}, "geometry": {"type": "Polygon", "coordinates": [[[-97.56643115448124, 25.89925055438693], [-97.113691925157, 26.42793886620756], [-97.39223470138867, 27.051296070642437], [-98.13038997835126, 27.145530873716577], [-98.58375824566862, 26.613459278278306], [-98.29841729884166, 25.99055759358415], [-97.56643115448124, 25.89925055438693]]]}}, {"type": "Feature", "properties": {"h3": "83299afffffffff", "bars": 15, "breweries": 0, "golf_courses": 5, "boat_ramps": 6, "fishing_access": 3, "hardware_stores": 6, "campgrounds": 4, "bowling_pool_clubs": 8, "nfl_miles": 300.6, "nba_miles": 48.9, "mlb_miles": 226.1, "nhl_miles": 317.4, "casino_miles": 135.9}, "geometry": {"type": "Polygon", "coordinates": [[[-113.0799922648589, 39.62753033457677], [-112.63570036247965, 40.17431764435183], [-113.04627123921182, 40.720619948005016], [-113.90476786566882, 40.717903703638335], [-114.34328852469069, 40.16973022155821], [-113.92922740142475, 39.62565861628535], [-113.0799922648589, 39.62753033457677]]]}}, {"type": "Feature", "properties": {"h3": "832a8efffffffff", "bars": 32, "breweries": 7, "golf_courses": 7, "boat_ramps": 0, "fishing_access": 9, "hardware_stores": 10, "campgrounds": 3, "bowling_pool_clubs": 5, "nfl_miles": 225.0, "nba_miles": 381.4, "mlb_miles": 100.3, "nhl_miles": 384.3, "casino_miles": 141.4}, "geometry": {"type": "Polygon", "coordinates": [[[-80.01080290275773, 38.436980628495995], [-80.6517749548003, 38.0892982161225], [-80.54985392691756, 37.51257140742593], [-79.82307511536332, 37.281156428549345], [-79.18663376488543, 37.62023900972384], [-79.27234864709442, 38.19924000150494], [-80.01080290275773, 38.436980628495995]]]}}, {"type": "Feature", "properties": {"h3": "832b82fffffffff", "bars": 0, "breweries": 10, "golf_courses": 1, "boat_ramps": 3, "fishing_access": 20, "hardware_stores": 3, "campgrounds": 10, "bowling_pool_clubs": 6, "nfl_miles": 340.8, "nba_miles": 114.0, "mlb_miles": 338.3, "nhl_miles": 356.3, "casino_miles": 189.2}, "geometry": {"type": "Polygon", "coordinates": [[[-77.39313161281216, 46.989549598507395], [-78.18746122256381, 46.62142440903473], [-78.10036638488211, 45.98243219562387], [-77.24269992217245, 45.7098488803691], [-76.45701590881599, 46.06857699323157], [-76.52025005163934, 46.70915344677442], [-77.39313161281216, 46.989549598507395]]]}}, {"type": "Feature", "properties": {"h3": "83268bfffffffff", "bars": 27, "breweries": 10, "golf_courses": 1, "boat_ramps": 11, "fishing_access": 4, "hardware_stores": 0, "campgrounds": 7, "bowling_pool_clubs": 5, "nfl_miles": 53.6, "nba_miles": 66.4, "mlb_miles": 104.1, "nhl_miles": 130.7, "casino_miles": 31.6}, "geometry": {"type": "Polygon", "coordinates": [[[-104.4548159269732, 36.49436854843135], [-103.97964158279838, 37.02212062763307], [-104.33169514214511, 37.61299079256906], [-105.16538034685188, 37.6748476735819], [-105.63846949026974, 37.144813701454396], [-105.2800846070791, 36.55521783860182], [-104.4548159269732, 36.49436854843135]]]}}, {"type": "Feature", "properties": {"h3": "834880fffffffff", "bars": 14, "breweries": 4, "golf_courses": 6, "boat_ramps": 6, "fishing_access": 14, "hardware_stores": 10, "campgrounds": 6, "bowling_pool_clubs": 6, "nfl_miles": 153.9, "nba_miles": 180.2, "mlb_miles": 82.6, "nhl_miles": 42.1, "casino_miles": 184.3}, "geometry": {"type": "Polygon", "coordinates": [[[-99.61811745693126, 27.32326654959967], [-99.16445895138712, 27.85863255438862], [-99.45990612886956, 28.480513109678913], [-100.21565706573199, 28.566256070731242], [-100.66924910293525, 28.027691262354526], [-100.36724222569752, 27.40660140070485], [-99.61811745693126, 27.32326654959967]]]}}, {"type": "Feature", "properties": {"h3": "832658fffffffff", "bars": 8, "breweries": 18, "golf_courses": 0, "boat_ramps": 22, "fishing_access": 4, "hardware_stores": 11, "campgrounds": 16, "bowling_pool_clubs": 1, "nfl_miles": 120.2, "nba_miles": 239.6, "mlb_miles": 215.6, "nhl_miles": 117.7, "casino_miles": 194.9}, "geometry": {"type": "Polygon", "coordinates": [[[-91.25087961816433, 35.28356676218146], [-90.75237507180113, 35.74728091438723], [-91.00650786525549, 36.35683320709261], [-91.76819383158636, 36.50392420307327], [-92.26977028380901, 36.03788548382145], [-92.00664969796266, 35.42710247540937], [-91.25087961816433, 35.28356676218146]]]}}, {"type": "Feature", "properties": {"h3": "83274cfffffffff", "bars": 24, "breweries": 6, "golf_courses": 0, "boat_ramps": 7, "fishing_access": 5, "hardware_stores": 8, "campgrounds": 3, "bowling_pool_clubs": 2, "nfl_miles": 308.8, "nba_miles": 326.8, "mlb_miles": 345.8, "nhl_miles": 146.2, "casino_miles": 164.0}, "geometry": {"type": "Polygon", "coordinates": [[[-85.09013830826513, 44.38248318374426], [-85.7691546585194, 43.97718244704766], [-85.58594694205833, 43.36539943017474], [-84.74300492315953, 43.15449923256702], [-84.06608848383017, 43.5500972014725], [-84.2297977418372, 44.16620162797714], [-85.09013830826513, 44.38248318374426]]]}}, {"type": "Feature", "properties": {"h3": "83444afffffffff", "bars": 19, "breweries": 10, "golf_courses": 5, "boat_ramps": 0, "fishing_access": 17, "hardware_stores": 8, "campgrounds": 2, "bowling_pool_clubs": 1, "nfl_miles": 55.0, "nba_miles": 246.2, "mlb_miles": 181.9, "nhl_miles": 237.1, "casino_miles": 35.0}, "geometry": {"type": "Polygon", "coordinates": [[[-91.72652023620829, 33.10899485326931], [-91.23804838962502, 33.58545943938483], [-91.49084714009675, 34.200716475371294], [-92.24076384538549, 34.34064324326677], [-92.73203109190483, 33.861632643498695], [-92.47064617455729, 33.24526325005337], [-91.72652023620829, 33.10899485326931]]]}}, {"type": "Feature", "properties": {"h3": "832625fffffffff", "bars": 26, "breweries": 11, "golf_courses": 6, "boat_ramps": 13, "fishing_access": 32, "hardware_stores": 4, "campgrounds": 5, "bowling_pool_clubs": 2, "nfl_miles": 93.3, "nba_miles": 267.5, "mlb_miles": 85.8, "nhl_miles": 82.1, "casino_miles": 160.0}, "geometry": {"type": "Polygon", "coordinates": [[[-94.3211923328983, 46.773779344513805], [-94.9276864515363, 46.31017361461591], [-94.61432766464218, 45.7124026560662], [-93.71125208380603, 45.5708424609073], [-93.09963843916354, 46.02490047924244], [-93.39584904234346, 46.630019541751885], [-94.3211923328983, 46.773779344513805]]]}}, {"type": "Feature", "properties": {"h3": "83445efffffffff", "bars": 3, "breweries": 12, "golf_courses": 8, "boat_ramps": 7, "fishing_access": 20, "hardware_stores": 8, "campgrounds": 1, "bowling_pool_clubs": 4, "nfl_miles": 281.8, "nba_miles": 130.2, "mlb_miles": 111.1, "nhl_miles": 249.0, "casino_miles": 238.6}, "geometry": {"type": "Polygon", "coordinates": [[[-88.58478849403987, 31.912464736858755], [-88.10173760069401, 32.37535444162421], [-88.32756076372677, 32.990279535285396], [-89.04511876876445, 33.1440819007423], [-89.53187646021644, 32.6787249396241], [-89.29740992250282, 32.06205365124822], [-88.58478849403987, 31.912464736858755]]]}}, {"type": "Feature", "properties": {"h3": "832719fffffffff", "bars": 22, "breweries": 2, "golf_courses": 3, "boat_ramps": 1, "fishing_access": 9, "hardware_stores": 9, "campgrounds": 1, "bowling_pool_clubs": 3, "nfl_miles": 154.4, "nba_miles": 202.2, "mlb_miles": 261.9, "nhl_miles": 150.0, "casino_miles": 152.3}, "geometry": {"type": "Polygon", "coordinates": [[[-96.87609867263421, 48.235177199632695], [-97.46877562462615, 47.75274382966932], [-97.11264911498516, 47.158206641168945], [-96.18007188383456, 47.0379248642164], [-95.57986345738759, 47.511000583160836], [-95.919336029062, 48.1136853421783], [-96.87609867263421, 48.235177199632695]]]}}, {"type": "Feature", "properties": {"h3": "8326e6fffffffff", "bars": 36, "breweries": 9, "golf_courses": 5, "boat_ramps": 12, "fishing_access": 10, "hardware_stores": 6, "campgrounds": 2, "bowling_pool_clubs": 0, "nfl_miles": 152.8, "nba_miles": 322.8, "mlb_miles": 296.4, "nhl_miles": 270.7, "casino_miles": 80.0}, "geometry": {"type": "Polygon", "coordinates": [[[-97.89223833755214, 38.60821769761226], [-97.38644271263489, 39.092871357810246], [-97.7003525974505, 39.686673712805174], [-98.52859678867617, 39.79573246070415], [-99.03502941157413, 39.30873979949334], [-98.7126879993659, 38.715048534677216], [-97.89223833755214, 38.60821769761226]]]}}, {"type": "Feature", "properties": {"h3": "8348dbfffffffff", "bars": 23, "breweries": 2, "golf_courses": 5, "boat_ramps": 14, "fishing_access": 15, "hardware_stores": 7, "campgrounds": 7, "bowling_pool_clubs": 5, "nfl_miles": 318.9, "nba_miles": 215.3, "mlb_miles": 79.2, "nhl_miles": 272.4, "casino_miles": 34.3}, "geometry": {"type": "Polygon", "coordinates": [[[-105.74779673121111, 36.019808612927946], [-105.2800846070791, 36.55521783860182], [-105.63846949026974, 37.144813701454396], [-106.47055990059373, 37.1975222453905], [-106.93568071744238, 36.6598915474252], [-106.57142966961021, 36.071784898852435], [-105.74779673121111, 36.019808612927946]]]}}, {"type": "Feature", "properties": {"h3": "832ab6fffffffff", "bars": 17, "breweries": 2, "golf_courses": 8, "boat_ramps": 3, "fishing_access": 8, "hardware_stores": 10, "campgrounds": 1, "bowling_pool_clubs": 1, "nfl_miles": 361.2, "nba_miles": 345.9, "mlb_miles": 267.4, "nhl_miles": 332.6, "casino_miles": 151.0}, "geometry": {"type": "Polygon", "coordinates": [[[-82.53085691899865, 43.715201680027405], [-83.22495317846773, 43.3274852117277], [-83.07728989858396, 42.71502064738186], [-82.25504899651311, 42.48677453639969], [-81.56483274505669, 42.864980083853645], [-81.69280822068261, 43.480837645820664], [-82.53085691899865, 43.715201680027405]]]}}, {"type": "Feature", "properties": {"h3": "832baafffffffff", "bars": 37, "breweries": 3, "golf_courses": 0, "boat_ramps": 8, "fishing_access": 8, "hardware_stores": 8, "campgrounds": 8, "bowling_pool_clubs": 7, "nfl_miles": 275.4, "nba_miles": 93.5, "mlb_miles": 181.3, "nhl_miles": 360.9, "casino_miles": 153.6}, "geometry": {"type": "Polygon", "coordinates": [[[-73.1577583870519, 46.16991880038917], [-73.97008515141388, 45.8340078449846], [-73.94423101939223, 45.19783546523642], [-73.1292912470011, 44.89753814041206], [-72.3283771428682, 45.22487511422936], [-72.3309827221262, 45.860951505746876], [-73.1577583870519, 46.16991880038917]]]}}, {"type": "Feature", "properties": {"h3": "8344d8fffffffff", "bars": 74, "breweries": 8, "golf_courses": 14, "boat_ramps": 32, "fishing_access": 32, "hardware_stores": 5, "campgrounds": 25, "bowling_pool_clubs": 11, "nfl_miles": 87.7, "nba_miles": 111.2, "mlb_miles": 138.4, "nhl_miles": 132.4, "casino_miles": 65.0}, "geometry": {"type": "Polygon", "coordinates": [[[-81.28506171513413, 34.54203643223157], [-80.96241317188513, 34.81220254520871], [-80.76455087463756, 34.922719898438494], [-80.86354120190414, 35.47650247165216], [-81.56764955347069, 35.69592863462331], [-81.96464810116613, 35.469268792755024], [-82.12783028540211, 35.33339272044906], [-81.94686025410007, 34.73321123708656], [-81.28506171513413, 34.54203643223157]]]}}, {"type": "Feature", "properties": {"h3": "8326b3fffffffff", "bars": 10, "breweries": 12, "golf_courses": 8, "boat_ramps": 2, "fishing_access": 14, "hardware_stores": 2, "campgrounds": 2, "bowling_pool_clubs": 2, "nfl_miles": 304.9, "nba_miles": 214.1, "mlb_miles": 169.2, "nhl_miles": 118.8, "casino_miles": 129.6}, "geometry": {"type": "Polygon", "coordinates": [[[-109.13106255776393, 41.19652006940259], [-108.656424990462, 41.72079892335978], [-109.05311881073489, 42.27299893921172], [-109.92980248566015, 42.29910215223189], [-110.40009121737634, 41.773015241263025], [-109.99819761948277, 41.2226393737195], [-109.13106255776393, 41.19652006940259]]]}}, {"type": "Feature", "properties": {"h3": "832760fffffffff", "bars": 4, "breweries": 4, "golf_courses": 5, "boat_ramps": 3, "fishing_access": 1, "hardware_stores": 10, "campgrounds": 3, "bowling_pool_clubs": 8, "nfl_miles": 366.8, "nba_miles": 170.1, "mlb_miles": 209.1, "nhl_miles": 203.7, "casino_miles": 25.9}, "geometry": {"type": "Polygon", "coordinates": [[[-84.56477557117547, 48.351816771820985], [-85.31316326127293, 47.93219863504297], [-85.11953722829627, 47.296991513995565], [-84.20076364751621, 47.07689534261551], [-83.45536532365385, 47.48631533770046], [-83.62547902222268, 48.125916465157616], [-84.56477557117547, 48.351816771820985]]]}}, {"type": "Feature", "properties": {"h3": "83266cfffffffff", "bars": 83, "breweries": 10, "golf_courses": 3, "boat_ramps": 17, "fishing_access": 16, "hardware_stores": 18, "campgrounds": 17, "bowling_pool_clubs": 18, "nfl_miles": 65.2, "nba_miles": 177.4, "mlb_miles": 110.0, "nhl_miles": 177.3, "casino_miles": 137.3}, "geometry": {"type": "Polygon", "coordinates": [[[-85.97932795863906, 39.59650945572189], [-86.58381499249587, 39.212519339603276], [-86.40873573045069, 38.636347294629736], [-85.64463567093796, 38.439845541060436], [-85.04131071030116, 38.814779031598434], [-85.20075493173837, 39.395191332800444], [-85.97932795863906, 39.59650945572189]]]}}, {"type": "Feature", "properties": {"h3": "83289bfffffffff", "bars": 33, "breweries": 4, "golf_courses": 6, "boat_ramps": 14, "fishing_access": 7, "hardware_stores": 8, "campgrounds": 6, "bowling_pool_clubs": 5, "nfl_miles": 334.2, "nba_miles": 164.2, "mlb_miles": 325.4, "nhl_miles": 359.4, "casino_miles": 16.6}, "geometry": {"type": "Polygon", "coordinates": [[[-114.19305129718568, 47.499510710490746], [-113.71743852720768, 48.00364426397169], [-113.94290132525884, 48.24802896226247], [-114.21548436243627, 48.500419738252255], [-115.10105179976327, 48.47184510538458], [-115.56933457709269, 47.966237332725626], [-115.11363574138194, 47.481190448823], [-114.19305129718568, 47.499510710490746]]]}}, {"type": "Feature", "properties": {"h3": "832a83fffffffff", "bars": 8, "breweries": 7, "golf_courses": 2, "boat_ramps": 3, "fishing_access": 2, "hardware_stores": 8, "campgrounds": 10, "bowling_pool_clubs": 4, "nfl_miles": 116.1, "nba_miles": 107.3, "mlb_miles": 170.4, "nhl_miles": 298.2, "casino_miles": 42.8}, "geometry": {"type": "Polygon", "coordinates": [[[-80.86316038688348, 39.25671721647276], [-81.50832206153967, 38.90024656500459], [-81.39437152786543, 38.31788151711315], [-80.6517749548003, 38.0892982161225], [-80.01080290275773, 38.436980628495995], [-80.10813043428563, 39.0219379596368], [-80.86316038688348, 39.25671721647276]]]}}, {"type": "Feature", "properties": {"h3": "832680fffffffff", "bars": 14, "breweries": 6, "golf_courses": 5, "boat_ramps": 11, "fishing_access": 3, "hardware_stores": 7, "campgrounds": 10, "bowling_pool_clubs": 7, "nfl_miles": 212.4, "nba_miles": 252.7, "mlb_miles": 273.0, "nhl_miles": 187.9, "casino_miles": 72.3}, "geometry": {"type": "Polygon", "coordinates": [[[-106.63654852084517, 39.991254753316426], [-106.15496226189262, 40.511591734021536], [-106.53252932602815, 41.07909053025752], [-107.39783271941425, 41.124728604734166], [-107.87623309004873, 40.602369277665204], [-107.49266023992504, 40.03640451011159], [-106.63654852084517, 39.991254753316426]]]}}, {"type": "Feature", "properties": {"h3": "834472fffffffff", "bars": 8, "breweries": 9, "golf_courses": 9, "boat_ramps": 2, "fishing_access": 4, "hardware_stores": 10, "campgrounds": 8, "bowling_pool_clubs": 0, "nfl_miles": 360.7, "nba_miles": 92.9, "mlb_miles": 99.9, "nhl_miles": 372.1, "casino_miles": 136.4}, "geometry": {"type": "Polygon", "coordinates": [[[-88.41962234488697, 27.87947727716662], [-87.9535258220553, 28.355821634566272], [-88.17027178884264, 28.973403097559856], [-88.8612057756241, 29.116287935495304], [-89.33080050129624, 28.63703577277875], [-89.10599862293965, 28.01782838283559], [-88.41962234488697, 27.87947727716662]]]}}, {"type": "Feature", "properties": {"h3": "83264dfffffffff", "bars": 25, "breweries": 9, "golf_courses": 9, "boat_ramps": 10, "fishing_access": 0, "hardware_stores": 10, "campgrounds": 4, "bowling_pool_clubs": 1, "nfl_miles": 118.0, "nba_miles": 258.3, "mlb_miles": 209.7, "nhl_miles": 213.4, "casino_miles": 66.6}, "geometry": {"type": "Polygon", "coordinates": [[[-86.58366896478256, 35.39479763048994], [-86.08628847650205, 35.829172964942515], [-86.30321265174136, 36.43452708675165], [-87.02684565867368, 36.60770391373693], [-87.52877390017805, 36.17137689985008], [-87.30255388399085, 35.56384432142781], [-86.58366896478256, 35.39479763048994]]]}}, {"type": "Feature", "properties": {"h3": "832741fffffffff", "bars": 26, "breweries": 9, "golf_courses": 2, "boat_ramps": 12, "fishing_access": 18, "hardware_stores": 2, "campgrounds": 9, "bowling_pool_clubs": 8, "nfl_miles": 135.2, "nba_miles": 300.7, "mlb_miles": 163.4, "nhl_miles": 203.2, "casino_miles": 153.8}, "geometry": {"type": "Polygon", "coordinates": [[[-86.15066839108712, 45.21089901383896], [-86.83104800131284, 44.79577344582174], [-86.63049330507073, 44.181331990421754], [-85.7691546585194, 43.97718244704766], [-85.09013830826513, 44.38248318374426], [-85.27085282449885, 45.00166436410198], [-86.15066839108712, 45.21089901383896]]]}}, {"type": "Feature", "properties": {"h3": "83261afffffffff", "bars": 14, "breweries": 6, "golf_courses": 6, "boat_ramps": 2, "fishing_access": 3, "hardware_stores": 0, "campgrounds": 3, "bowling_pool_clubs": 8, "nfl_miles": 349.5, "nba_miles": 221.6, "mlb_miles": 191.1, "nhl_miles": 93.8, "casino_miles": 37.6}, "geometry": {"type": "Polygon", "coordinates": [[[-100.19890555870306, 39.99679955916903], [-99.69231801565282, 40.48610531608688], [-100.02738621807642, 41.069470869434845], [-100.87723598395897, 41.16300723807769], [-101.3834689067402, 40.671419232011786], [-101.04033001739265, 40.08859650843911], [-100.19890555870306, 39.99679955916903]]]}}, {"type": "Feature", "properties": {"h3": "8328f6fffffffff", "bars": 60, "breweries": 19, "golf_courses": 19, "boat_ramps": 2, "fishing_access": 34, "hardware_stores": 16, "campgrounds": 24, "bowling_pool_clubs": 3, "nfl_miles": 46.3, "nba_miles": 178.6, "mlb_miles": 235.3, "nhl_miles": 150.5, "casino_miles": 9.8}, "geometry": {"type": "Polygon", "coordinates": [[[-120.8733831358066, 44.67105014273242], [-120.46316865071186, 45.21241970759802], [-120.92641545689145, 45.68816677691278], [-121.80035362703275, 45.620168930047534], [-122.20136939043377, 45.07843776721966], [-121.7377846106953, 44.60505288134455], [-120.8733831358066, 44.67105014273242]]]}}, {"type": "Feature", "properties": {"h3": "834894fffffffff", "bars": 43, "breweries": 10, "golf_courses": 6, "boat_ramps": 8, "fishing_access": 13, "hardware_stores": 5, "campgrounds": 0, "bowling_pool_clubs": 8, "nfl_miles": 194.4, "nba_miles": 377.8, "mlb_miles": 213.6, "nhl_miles": 316.7, "casino_miles": 97.4}, "geometry": {"type": "Polygon", "coordinates": [[[-96.38475070596917, 26.330133141946444], [-95.92840433120918, 26.852534566580044], [-96.19990124935345, 27.476067579152744], [-96.93486152896807, 27.577045532850132], [-97.39223470138867, 27.051296070642437], [-97.113691925157, 26.42793886620756], [-96.38475070596917, 26.330133141946444]]]}}, {"type": "Feature", "properties": {"h3": "832793fffffffff", "bars": 44, "breweries": 9, "golf_courses": 1, "boat_ramps": 6, "fishing_access": 4, "hardware_stores": 4, "campgrounds": 7, "bowling_pool_clubs": 3, "nfl_miles": 367.6, "nba_miles": 70.2, "mlb_miles": 255.4, "nhl_miles": 235.7, "casino_miles": 75.6}, "geometry": {"type": "Polygon", "coordinates": [[[-110.13398538688482, 45.973009000163444], [-109.64045144512343, 46.472025493018016], [-110.06359945189497, 46.9881700413692], [-110.9857668256461, 47.003347818994186], [-111.47400876754263, 46.50252131175532], [-111.04555327898352, 45.988331425197224], [-110.13398538688482, 45.973009000163444]]]}}, {"type": "Feature", "properties": {"h3": "83440cfffffffff", "bars": 0, "breweries": 11, "golf_courses": 0, "boat_ramps": 9, "fishing_access": 16, "hardware_stores": 1, "campgrounds": 8, "bowling_pool_clubs": 0, "nfl_miles": 175.0, "nba_miles": 114.0, "mlb_miles": 329.5, "nhl_miles": 187.2, "casino_miles": 40.0}, "geometry": {"type": "Polygon", "coordinates": [[[-86.6566805904582, 26.365999088189653], [-86.1981159605384, 26.83644586989614], [-86.39877184860772, 27.450275084461573], [-87.06591121503291, 27.59558164657073], [-87.52832443922594, 27.122172716410894], [-87.31977540236294, 26.50644075528897], [-86.6566805904582, 26.365999088189653]]]}}, {"type": "Feature", "properties": {"h3": "8326dbfffffffff", "bars": 27, "breweries": 10, "golf_courses": 9, "boat_ramps": 4, "fishing_access": 8, "hardware_stores": 8, "campgrounds": 6, "bowling_pool_clubs": 5, "nfl_miles": 260.3, "nba_miles": 397.0, "mlb_miles": 183.1, "nhl_miles": 113.3, "casino_miles": 144.7}, "geometry": {"type": "Polygon", "coordinates": [[[-100.21178382023747, 31.48993750697799], [-99.74344034359747, 32.01731540907891], [-100.05339930890096, 32.632560353598514], [-100.83869940750532, 32.71975875592276], [-101.30674461086156, 32.18957833209205], [-100.98988538201289, 31.575020032864458], [-100.21178382023747, 31.48993750697799]]]}}, {"type": "Feature", "properties": {"h3": "8344c4fffffffff", "bars": 35, "breweries": 7, "golf_courses": 2, "boat_ramps": 5, "fishing_access": 17, "hardware_stores": 8, "campgrounds": 7, "bowling_pool_clubs": 4, "nfl_miles": 395.9, "nba_miles": 248.0, "mlb_miles": 318.7, "nhl_miles": 183.3, "casino_miles": 47.4}, "geometry": {"type": "Polygon", "coordinates": [[[-83.31850409944572, 31.226884197063043], [-82.84493038105622, 31.65994875432246], [-83.02781051428768, 32.26628672448479], [-83.69283998014656, 32.442355293369054], [-84.17140095003263, 32.00722046528921], [-83.97995685373473, 31.398103115589777], [-83.31850409944572, 31.226884197063043]]]}}, {"type": "Feature", "properties": {"h3": "8348d0fffffffff", "bars": 42, "breweries": 1, "golf_courses": 3, "boat_ramps": 7, "fishing_access": 5, "hardware_stores": 1, "campgrounds": 3, "bowling_pool_clubs": 8, "nfl_miles": 184.2, "nba_miles": 161.8, "mlb_miles": 238.2, "nhl_miles": 290.9, "casino_miles": 181.1}, "geometry": {"type": "Polygon", "coordinates": [[[-103.67449471772738, 32.412787538277755], [-103.21346351282811, 32.952736139569794], [-103.54814863738686, 33.55999056967539], [-104.35008670066111, 33.62601997179678], [-104.80948385921283, 33.08349164114393], [-104.46868792153305, 32.477527420900095], [-103.67449471772738, 32.412787538277755]]]}}, {"type": "Feature", "properties": {"h3": "832aabfffffffff", "bars": 41, "breweries": 24, "golf_courses": 20, "boat_ramps": 0, "fishing_access": 51, "hardware_stores": 2, "campgrounds": 9, "bowling_pool_clubs": 15, "nfl_miles": 155.7, "nba_miles": 81.0, "mlb_miles": 24.4, "nhl_miles": 48.4, "casino_miles": 14.1}, "geometry": {"type": "Polygon", "coordinates": [[[-77.2218041649326, 38.62665557543465], [-77.88602859567857, 38.293183317541775], [-77.81678026424703, 37.712363600309516], [-77.09992207378818, 37.46356103312861], [-76.44182063194287, 37.78870151370381], [-76.494396522905, 38.37087421973937], [-77.2218041649326, 38.62665557543465]]]}}, {"type": "Feature", "properties": {"h3": "8344cdfffffffff", "bars": 2, "breweries": 11, "golf_courses": 6, "boat_ramps": 14, "fishing_access": 12, "hardware_stores": 9, "campgrounds": 10, "bowling_pool_clubs": 8, "nfl_miles": 143.1, "nba_miles": 386.9, "mlb_miles": 60.7, "nhl_miles": 318.5, "casino_miles": 56.2}, "geometry": {"type": "Polygon", "coordinates": [[[-85.66138948768366, 34.61503882694923], [-85.16874173310372, 35.0474762408341], [-85.37659354933155, 35.65335164185885], [-86.08628847650205, 35.829172964942515], [-86.58366896478256, 35.39479763048994], [-86.36664811453322, 34.786557412272], [-85.66138948768366, 34.61503882694923]]]}}, {"type": "Feature", "properties": {"h3": "832b96fffffffff", "bars": 31, "breweries": 7, "golf_courses": 0, "boat_ramps": 3, "fishing_access": 16, "hardware_stores": 4, "campgrounds": 3, "bowling_pool_clubs": 0, "nfl_miles": 322.2, "nba_miles": 223.8, "mlb_miles": 291.4, "nhl_miles": 261.5, "casino_miles": 173.4}, "geometry": {"type": "Polygon", "coordinates": [[[-81.1289486739289, 48.69427678121295], [-81.91962699890831, 48.295316381881364], [-81.77383326329712, 47.65194933528007], [-80.86217543154129, 47.40430532989323], [-80.07760542692787, 47.79322858495945], [-80.19838038439238, 48.439703378795315], [-81.1289486739289, 48.69427678121295]]]}}, {"type": "Feature", "properties": {"h3": "832aa2fffffffff", "bars": 23, "breweries": 3, "golf_courses": 0, "boat_ramps": 2, "fishing_access": 2, "hardware_stores": 4, "campgrounds": 6, "bowling_pool_clubs": 5, "nfl_miles": 281.1, "nba_miles": 186.0, "mlb_miles": 112.1, "nhl_miles": 45.5, "casino_miles": 180.4}, "geometry": {"type": "Polygon", "coordinates": [[[-79.13357924779845, 42.13075584926555], [-79.8336450098895, 41.77011590418045], [-79.73406932047651, 41.16383398951623], [-78.95339110549301, 40.91596765371874], [-78.2591925507501, 41.267587719543165], [-78.33970272683199, 41.87598417517779], [-79.13357924779845, 42.13075584926555]]]}}, {"type": "Feature", "properties": {"h3": "8329aefffffffff", "bars": 5, "breweries": 9, "golf_courses": 11, "boat_ramps": 17, "fishing_access": 18, "hardware_stores": 5, "campgrounds": 5, "bowling_pool_clubs": 4, "nfl_miles": 112.5, "nba_miles": 358.9, "mlb_miles": 188.9, "nhl_miles": 172.0, "casino_miles": 14.9}, "geometry": {"type": "Polygon", "coordinates": [[[-118.05943919190457, 35.07977591454106], [-117.66644115562839, 35.65711968357492], [-118.07888611702317, 36.20520763596959], [-118.88578599606402, 36.17313904952839], [-119.27193449075268, 35.59505103252632], [-118.85814740530695, 35.04976785327959], [-118.05943919190457, 35.07977591454106]]]}}, {"type": "Feature", "properties": {"h3": "8326a8fffffffff", "bars": 11, "breweries": 6, "golf_courses": 8, "boat_ramps": 1, "fishing_access": 17, "hardware_stores": 1, "campgrounds": 8, "bowling_pool_clubs": 4, "nfl_miles": 162.4, "nba_miles": 82.1, "mlb_miles": 224.8, "nhl_miles": 132.8, "casino_miles": 141.4}, "geometry": {"type": "Polygon", "coordinates": [[[-102.73404143360327, 40.25424312923831], [-102.23467087857186, 40.75500461473314], [-102.58823664243123, 41.33165348280275], [-103.4486685997814, 41.40659183086195], [-103.9465559290587, 40.903609946548244], [-103.58562935902555, 40.32792640080799], [-102.73404143360327, 40.25424312923831]]]}}, {"type": "Feature", "properties": {"h3": "832890fffffffff", "bars": 36, "breweries": 4, "golf_courses": 7, "boat_ramps": 6, "fishing_access": 18, "hardware_stores": 7, "campgrounds": 3, "bowling_pool_clubs": 5, "nfl_miles": 386.0, "nba_miles": 205.2, "mlb_miles": 205.9, "nhl_miles": 251.3, "casino_miles": 21.4}, "geometry": {"type": "Polygon", "coordinates": [[[-111.58050506517188, 44.44426404842243], [-111.10398225599293, 44.95900881655575], [-111.5278651733555, 45.48044638501407], [-112.43294728088843, 45.485094955467176], [-112.90372166366609, 44.96873474052624], [-112.47533090117112, 44.44934314082509], [-111.58050506517188, 44.44426404842243]]]}}, {"type": "Feature", "properties": {"h3": "8326d2fffffffff", "bars": 7, "breweries": 4, "golf_courses": 1, "boat_ramps": 6, "fishing_access": 20, "hardware_stores": 3, "campgrounds": 10, "bowling_pool_clubs": 3, "nfl_miles": 328.1, "nba_miles": 188.5, "mlb_miles": 167.1, "nhl_miles": 232.8, "casino_miles": 179.7}, "geometry": {"type": "Polygon", "coordinates": [[[-103.41926593641563, 34.69951554102434], [-102.94786189978626, 35.23015257579706], [-103.2877707939648, 35.83053035051066], [-104.10563694167888, 35.89913044819891], [-104.57543863548263, 35.36605485489085], [-104.2290936992043, 34.76683203159689], [-103.41926593641563, 34.69951554102434]]]}}, {"type": "Feature", "properties": {"h3": "83279cfffffffff", "bars": 16, "breweries": 3, "golf_courses": 4, "boat_ramps": 1, "fishing_access": 12, "hardware_stores": 10, "campgrounds": 11, "bowling_pool_clubs": 5, "nfl_miles": 67.4, "nba_miles": 375.3, "mlb_miles": 211.6, "nhl_miles": 167.3, "casino_miles": 225.2}, "geometry": {"type": "Polygon", "coordinates": [[[-107.39950460843723, 45.88343632408194], [-106.89113139257609, 46.37120490190093], [-107.09373003588523, 46.635312973370326], [-107.32448787527257, 46.905890084274155], [-108.21902141506563, 46.935541920671724], [-108.7234066367154, 46.44575811640568], [-108.31049960065609, 45.92055755796771], [-107.39950460843723, 45.88343632408194]]]}}, {"type": "Feature", "properties": {"h3": "83489dfffffffff", "bars": 34, "breweries": 5, "golf_courses": 6, "boat_ramps": 15, "fishing_access": 12, "hardware_stores": 7, "campgrounds": 7, "bowling_pool_clubs": 13, "nfl_miles": 104.2, "nba_miles": 94.1, "mlb_miles": 263.2, "nhl_miles": 263.6, "casino_miles": 76.5}, "geometry": {"type": "Polygon", "coordinates": [[[-99.29873141956215, 29.633735070104283], [-98.83544690833988, 30.162307780560457], [-99.13451190737737, 30.78199736757274], [-99.90383678183301, 30.872540124279137], [-100.36716587192403, 30.34097829226808], [-100.061214992845, 29.72188188001257], [-99.29873141956215, 29.633735070104283]]]}}, {"type": "Feature", "properties": {"h3": "834403fffffffff", "bars": 6, "breweries": 1, "golf_courses": 1, "boat_ramps": 10, "fishing_access": 15, "hardware_stores": 9, "campgrounds": 0, "bowling_pool_clubs": 8, "nfl_miles": 384.9, "nba_miles": 345.3, "mlb_miles": 173.6, "nhl_miles": 153.6, "casino_miles": 226.1}, "geometry": {"type": "Polygon", "coordinates": [[[-84.706296703246, 25.933176371171974], [-84.25210191673743, 26.393299023041294], [-84.43720574569271, 27.002336593751956], [-85.08434762858586, 27.15353558293776], [-85.54279933420128, 26.69055662860529], [-85.34986854916377, 26.079254845305265], [-84.706296703246, 25.933176371171974]]]}}, {"type": "Feature", "properties": {"h3": "832984fffffffff", "bars": 112, "breweries": 28, "golf_courses": 18, "boat_ramps": 17, "fishing_access": 31, "hardware_stores": 5, "campgrounds": 24, "bowling_pool_clubs": 16, "nfl_miles": 80.3, "nba_miles": 68.1, "mlb_miles": 142.4, "nhl_miles": 33.0, "casino_miles": 118.1}, "geometry": {"type": "Polygon", "coordinates": [[[-115.64454936135779, 35.138559675017866], [-115.23486856624994, 35.71043313738079], [-115.63899826335394, 36.26911474881034], [-116.45518408861447, 36.25326221539647], [-116.85872455570934, 35.680261473304114], [-116.45234131278922, 35.12423585977483], [-115.64454936135779, 35.138559675017866]]]}}, {"type": "Feature", "properties": {"h3": "832675fffffffff", "bars": 30, "breweries": 8, "golf_courses": 0, "boat_ramps": 8, "fishing_access": 11, "hardware_stores": 6, "campgrounds": 10, "bowling_pool_clubs": 2, "nfl_miles": 204.6, "nba_miles": 83.3, "mlb_miles": 226.6, "nhl_miles": 153.6, "casino_miles": 17.0}, "geometry": {"type": "Polygon", "coordinates": [[[-90.40169663885663, 41.69136794167966], [-90.98764354069947, 41.27462228724992], [-90.75215834469323, 40.69437427078751], [-89.94593468395075, 40.525079792801314], [-89.35835857272995, 40.932576766537075], [-89.5783976626672, 41.51855472869031], [-90.40169663885663, 41.69136794167966]]]}}, {"type": "Feature", "properties": {"h3": "832769fffffffff", "bars": 43, "breweries": 3, "golf_courses": 6, "boat_ramps": 9, "fishing_access": 3, "hardware_stores": 5, "campgrounds": 5, "bowling_pool_clubs": 4, "nfl_miles": 107.4, "nba_miles": 134.6, "mlb_miles": 137.0, "nhl_miles": 385.1, "casino_miles": 95.6}, "geometry": {"type": "Polygon", "coordinates": [[[-81.95938006720374, 44.72398636912073], [-82.67441887372601, 44.33510025247356], [-82.53085691899865, 43.715201680027405], [-81.69280822068261, 43.480837645820664], [-80.98225290216081, 43.86011974432308], [-81.10509178727428, 44.483259351562076], [-81.95938006720374, 44.72398636912073]]]}}, {"type": "Feature", "properties": {"h3": "832ad5fffffffff", "bars": 11, "breweries": 7, "golf_courses": 6, "boat_ramps": 3, "fishing_access": 13, "hardware_stores": 5, "campgrounds": 5, "bowling_pool_clubs": 6, "nfl_miles": 140.7, "nba_miles": 104.8, "mlb_miles": 87.2, "nhl_miles": 247.3, "casino_miles": 68.7}, "geometry": {"type": "Polygon", "coordinates": [[[-76.87287932368407, 35.196463016034336], [-77.49411172725455, 34.88199209036301], [-77.43392342080651, 34.33099323204822], [-76.76697269679282, 34.093206750283215], [-76.15122465510558, 34.39988245397775], [-76.19689970896387, 34.95204734757289], [-76.87287932368407, 35.196463016034336]]]}}, {"type": "Feature", "properties": {"h3": "83455bfffffffff", "bars": 6, "breweries": 11, "golf_courses": 4, "boat_ramps": 12, "fishing_access": 7, "hardware_stores": 8, "campgrounds": 6, "bowling_pool_clubs": 6, "nfl_miles": 110.6, "nba_miles": 328.0, "mlb_miles": 305.9, "nhl_miles": 210.3, "casino_miles": 17.3}, "geometry": {"type": "Polygon", "coordinates": [[[-90.95584471518366, 26.05899097633705], [-90.49620904218764, 26.554345606517366], [-90.72846828903995, 27.17480405480845], [-91.42807071534146, 27.300910278879517], [-91.89040692600457, 26.802296818491634], [-91.65048631043491, 26.180859620701675], [-90.95584471518366, 26.05899097633705]]]}}, {"type": "Feature", "properties": {"h3": "832642fffffffff", "bars": 53, "breweries": 15, "golf_courses": 4, "boat_ramps": 33, "fishing_access": 34, "hardware_stores": 23, "campgrounds": 10, "bowling_pool_clubs": 15, "nfl_miles": 85.0, "nba_miles": 140.3, "mlb_miles": 141.5, "nhl_miles": 105.8, "casino_miles": 103.9}, "geometry": {"type": "Polygon", "coordinates": [[[-90.75761864964986, 37.41984163186537], [-90.24874192906739, 37.86955373666953], [-90.50409519657562, 38.47195783770137], [-91.27779965282252, 38.62598379901026], [-91.79004902117875, 38.174145824564135], [-91.52528283315517, 37.57043047609912], [-90.75761864964986, 37.41984163186537]]]}}, {"type": "Feature", "properties": {"h3": "832a12fffffffff", "bars": 7, "breweries": 6, "golf_courses": 8, "boat_ramps": 30, "fishing_access": 40, "hardware_stores": 3, "campgrounds": 14, "bowling_pool_clubs": 10, "nfl_miles": 75.4, "nba_miles": 96.3, "mlb_miles": 137.3, "nhl_miles": 189.8, "casino_miles": 55.3}, "geometry": {"type": "Polygon", "coordinates": [[[-75.29183984819713, 41.418569387234676], [-76.01006252272941, 41.084346131822244], [-75.96061877033631, 40.48049730850131], [-75.21179081645724, 40.21004129128598], [-74.50161701105772, 40.53584314350222], [-74.53218333455182, 41.14040930664568], [-75.29183984819713, 41.418569387234676]]]}}, {"type": "Feature", "properties": {"h3": "832ad3fffffffff", "bars": 26, "breweries": 1, "golf_courses": 5, "boat_ramps": 13, "fishing_access": 19, "hardware_stores": 3, "campgrounds": 9, "bowling_pool_clubs": 8, "nfl_miles": 102.8, "nba_miles": 320.9, "mlb_miles": 167.8, "nhl_miles": 282.3, "casino_miles": 129.6}, "geometry": {"type": "Polygon", "coordinates": [[[-78.71256036996262, 34.2488755719937], [-79.30981567879121, 33.93055451569935], [-79.27010935561717, 33.65946189170478], [-79.1922181813362, 33.362010663977124], [-78.56835598927807, 33.16526138947019], [-77.97552788553959, 33.47574095198446], [-78.04069635615971, 34.018352969650344], [-78.71256036996262, 34.2488755719937]]]}}, {"type": "Feature", "properties": {"h3": "832611fffffffff", "bars": 28, "breweries": 1, "golf_courses": 6, "boat_ramps": 9, "fishing_access": 9, "hardware_stores": 7, "campgrounds": 10, "bowling_pool_clubs": 2, "nfl_miles": 352.6, "nba_miles": 270.6, "mlb_miles": 374.3, "nhl_miles": 191.9, "casino_miles": 158.9}, "geometry": {"type": "Polygon", "coordinates": [[[-99.85224608011656, 42.12956813236519], [-99.33355209416003, 42.6043346350196], [-99.67337264756941, 43.17656914937768], [-100.54054158450512, 43.273526906742134], [-101.05902113925103, 42.796528515834865], [-100.71067609205066, 42.22482490502811], [-99.85224608011656, 42.12956813236519]]]}}, {"type": "Feature", "properties": {"h3": "834401fffffffff", "bars": 25, "breweries": 1, "golf_courses": 1, "boat_ramps": 2, "fishing_access": 10, "hardware_stores": 3, "campgrounds": 5, "bowling_pool_clubs": 5, "nfl_miles": 275.1, "nba_miles": 295.8, "mlb_miles": 257.9, "nhl_miles": 182.4, "casino_miles": 223.6}, "geometry": {"type": "Polygon", "coordinates": [[[-85.80443807602042, 25.611796096826893], [-85.34986854916377, 26.079254845305265], [-85.54279933420128, 26.69055662860529], [-86.1981159605384, 26.83644586989614], [-86.6566805904582, 26.365999088189653], [-86.45595470886799, 25.752672247023344], [-85.80443807602042, 25.611796096826893]]]}}, {"type": "Feature", "properties": {"h3": "8344f5fffffffff", "bars": 23, "breweries": 11, "golf_courses": 9, "boat_ramps": 8, "fishing_access": 14, "hardware_stores": 6, "campgrounds": 2, "bowling_pool_clubs": 2, "nfl_miles": 347.5, "nba_miles": 85.0, "mlb_miles": 124.5, "nhl_miles": 130.6, "casino_miles": 189.8}, "geometry": {"type": "Polygon", "coordinates": [[[-82.77553254619542, 29.404824504114075], [-82.31085347999998, 29.841742465516244], [-82.4864970493023, 30.44752307562566], [-83.13508846454988, 30.61922263563346], [-83.60470181011483, 30.180069290846312], [-83.4207979219266, 29.571467376092365], [-82.77553254619542, 29.404824504114075]]]}}, {"type": "Feature", "properties": {"h3": "8326d0fffffffff", "bars": 5, "breweries": 3, "golf_courses": 2, "boat_ramps": 6, "fishing_access": 3, "hardware_stores": 1, "campgrounds": 1, "bowling_pool_clubs": 7, "nfl_miles": 237.4, "nba_miles": 49.5, "mlb_miles": 182.9, "nhl_miles": 315.4, "casino_miles": 34.6}, "geometry": {"type": "Polygon", "coordinates": [[[-102.13793452204679, 35.154214271816485], [-101.66007792587162, 35.67711916144522], [-101.9931329551529, 36.278414873038784], [-102.81101305686792, 36.35590377708359], [-103.2877707939648, 35.83053035051066], [-102.94786189978626, 35.23015257579706], [-102.13793452204679, 35.154214271816485]]]}}, {"type": "Feature", "properties": {"h3": "8348c5fffffffff", "bars": 16, "breweries": 9, "golf_courses": 2, "boat_ramps": 1, "fishing_access": 20, "hardware_stores": 6, "campgrounds": 4, "bowling_pool_clubs": 3, "nfl_miles": 129.1, "nba_miles": 142.3, "mlb_miles": 265.5, "nhl_miles": 87.3, "casino_miles": 212.1}, "geometry": {"type": "Polygon", "coordinates": [[[-108.54050198559098, 31.56753075087874], [-108.10348784265715, 32.128626842611894], [-108.46330469280113, 32.72639169840883], [-109.2648050608792, 32.76095001402532], [-109.69840479857707, 32.19761368713527], [-109.33403493051533, 31.60196550573027], [-108.54050198559098, 31.56753075087874]]]}}, {"type": "Feature", "properties": {"h3": "832aa0fffffffff", "bars": 1, "breweries": 0, "golf_courses": 5, "boat_ramps": 13, "fishing_access": 10, "hardware_stores": 7, "campgrounds": 7, "bowling_pool_clubs": 8, "nfl_miles": 376.5, "nba_miles": 237.5, "mlb_miles": 88.6, "nhl_miles": 381.5, "casino_miles": 141.7}, "geometry": {"type": "Polygon", "coordinates": [[[-77.62619472095602, 42.22794864619811], [-78.33970272683199, 41.87598417517779], [-78.2591925507501, 41.267587719543165], [-77.48444201202977, 41.009468451994486], [-76.77780011363924, 41.352577944687276], [-76.83896363372939, 41.962548563191234], [-77.62619472095602, 42.22794864619811]]]}}, {"type": "Feature", "properties": {"h3": "8344c2fffffffff", "bars": 37, "breweries": 9, "golf_courses": 7, "boat_ramps": 10, "fishing_access": 20, "hardware_stores": 9, "campgrounds": 6, "bowling_pool_clubs": 8, "nfl_miles": 270.3, "nba_miles": 232.2, "mlb_miles": 367.2, "nhl_miles": 213.4, "casino_miles": 68.4}, "geometry": {"type": "Polygon", "coordinates": [[[-81.89501544062873, 32.511355947593124], [-81.41879985273538, 32.9295794992344], [-81.59239281302997, 33.53115551279602], [-82.25090855639591, 33.71758753112421], [-82.7325296014245, 33.29759889863749], [-82.550234191653, 32.692957007484985], [-81.89501544062873, 32.511355947593124]]]}}, {"type": "Feature", "properties": {"h3": "832a14fffffffff", "bars": 11, "breweries": 14, "golf_courses": 9, "boat_ramps": 11, "fishing_access": 26, "hardware_stores": 8, "campgrounds": 4, "bowling_pool_clubs": 4, "nfl_miles": 33.5, "nba_miles": 178.1, "mlb_miles": 244.4, "nhl_miles": 68.9, "casino_miles": 64.5}, "geometry": {"type": "Polygon", "coordinates": [[[-73.07691180312379, 42.400492689472884], [-73.82523017536224, 42.0768682443254], [-73.80329613824564, 41.46540710860376], [-73.05276289938404, 41.17754608654734], [-72.31417418594337, 41.49301815602842], [-72.31638457936062, 42.10438651576245], [-73.07691180312379, 42.400492689472884]]]}}, {"type": "Feature", "properties": {"h3": "83269dfffffffff", "bars": 34, "breweries": 0, "golf_courses": 7, "boat_ramps": 12, "fishing_access": 15, "hardware_stores": 4, "campgrounds": 0, "bowling_pool_clubs": 6, "nfl_miles": 327.3, "nba_miles": 254.9, "mlb_miles": 326.8, "nhl_miles": 237.4, "casino_miles": 59.3}, "geometry": {"type": "Polygon", "coordinates": [[[-106.83805720562071, 37.78099021339411], [-106.36757043650675, 38.313202067553185], [-106.73836834676085, 38.8916739874737], [-107.58547666157885, 38.93634563519711], [-108.05283071422248, 38.40206749257927], [-107.67634481803461, 37.82519364791113], [-106.83805720562071, 37.78099021339411]]]}}, {"type": "Feature", "properties": {"h3": "832885fffffffff", "bars": 35, "breweries": 6, "golf_courses": 6, "boat_ramps": 3, "fishing_access": 5, "hardware_stores": 10, "campgrounds": 6, "bowling_pool_clubs": 6, "nfl_miles": 119.4, "nba_miles": 68.5, "mlb_miles": 265.1, "nhl_miles": 226.0, "casino_miles": 203.0}, "geometry": {"type": "Polygon", "coordinates": [[[-116.91167715946514, 43.326309757929465], [-116.47686545483118, 43.86547838852734], [-116.91992232402644, 44.37097056454861], [-117.80001237423949, 44.33494349167411], [-118.22714709007862, 43.79486167109358], [-117.78201941593719, 43.29171292818135], [-116.91167715946514, 43.326309757929465]]]}}, {"type": "Feature", "properties": {"h3": "832791fffffffff", "bars": 39, "breweries": 12, "golf_courses": 4, "boat_ramps": 4, "fishing_access": 20, "hardware_stores": 8, "campgrounds": 4, "bowling_pool_clubs": 6, "nfl_miles": 107.7, "nba_miles": 64.6, "mlb_miles": 89.2, "nhl_miles": 79.7, "casino_miles": 122.0}, "geometry": {"type": "Polygon", "coordinates": [[[-108.7234066367154, 46.44575811640568], [-108.21902141506563, 46.935541920671724], [-108.69780321642347, 47.47123541801432], [-109.59713344468359, 47.48853775638439], [-109.73111322749872, 47.316606587222665], [-110.06359945189497, 46.9881700413692], [-109.64045144512343, 46.472025493018016], [-108.7234066367154, 46.44575811640568]]]}}, {"type": "Feature", "properties": {"h3": "832644fffffffff", "bars": 57, "breweries": 8, "golf_courses": 19, "boat_ramps": 31, "fishing_access": 12, "hardware_stores": 10, "campgrounds": 0, "bowling_pool_clubs": 4, "nfl_miles": 33.3, "nba_miles": 138.5, "mlb_miles": 62.8, "nhl_miles": 44.7, "casino_miles": 47.0}, "geometry": {"type": "Polygon", "coordinates": [[[-89.22413087488565, 38.75211193292732], [-88.70853093665518, 39.18482626620743], [-88.83115067474985, 39.48348483404258], [-88.93406727701122, 39.771436827084564], [-89.72621630626132, 39.94722184718562], [-90.24581706815007, 39.51258888304703], [-89.98990121695093, 38.91425387206256], [-89.22413087488565, 38.75211193292732]]]}}, {"type": "Feature", "properties": {"h3": "834892fffffffff", "bars": 56, "breweries": 0, "golf_courses": 7, "boat_ramps": 2, "fishing_access": 9, "hardware_stores": 0, "campgrounds": 15, "bowling_pool_clubs": 3, "nfl_miles": 123.8, "nba_miles": 115.5, "mlb_miles": 249.9, "nhl_miles": 304.5, "casino_miles": 94.8}, "geometry": {"type": "Polygon", "coordinates": [[[-95.0077899311177, 27.887434318702965], [-94.54359613382204, 28.399617614271598], [-94.80894774348356, 29.022701619768885], [-95.54600468393126, 29.133838359638744], [-96.01171169475361, 28.618476350212834], [-95.73891640044029, 27.99517872049534], [-95.0077899311177, 27.887434318702965]]]}}, {"type": "Feature", "properties": {"h3": "834469fffffffff", "bars": 4, "breweries": 10, "golf_courses": 1, "boat_ramps": 4, "fishing_access": 1, "hardware_stores": 4, "campgrounds": 12, "bowling_pool_clubs": 1, "nfl_miles": 205.7, "nba_miles": 91.8, "mlb_miles": 316.8, "nhl_miles": 113.3, "casino_miles": 91.6}, "geometry": {"type": "Polygon", "coordinates": [[[-95.62496066415092, 30.889040855562023], [-95.14955036439949, 31.395578930777237], [-95.42621601661729, 32.015412916150055], [-96.18610552160048, 32.12895582276997], [-96.66289038040519, 31.619530626908528], [-96.37848748801379, 30.999471158461578], [-95.62496066415092, 30.889040855562023]]]}}, {"type": "Feature", "properties": {"h3": "83266afffffffff", "bars": 0, "breweries": 1, "golf_courses": 3, "boat_ramps": 6, "fishing_access": 14, "hardware_stores": 3, "campgrounds": 11, "bowling_pool_clubs": 0, "nfl_miles": 111.7, "nba_miles": 304.7, "mlb_miles": 73.8, "nhl_miles": 279.8, "casino_miles": 64.0}, "geometry": {"type": "Polygon", "coordinates": [[[-87.25311694478663, 37.21205136645073], [-86.74629677784777, 37.641022055898055], [-86.97257510863982, 38.24185184594185], [-87.71532343105063, 38.4157484227961], [-88.22665315287705, 37.98492049527637], [-87.99076359407901, 37.38207405857689], [-87.25311694478663, 37.21205136645073]]]}}, {"type": "Feature", "properties": {"h3": "83275efffffffff", "bars": 24, "breweries": 10, "golf_courses": 4, "boat_ramps": 14, "fishing_access": 10, "hardware_stores": 2, "campgrounds": 10, "bowling_pool_clubs": 0, "nfl_miles": 308.1, "nba_miles": 237.8, "mlb_miles": 84.0, "nhl_miles": 213.2, "casino_miles": 85.2}, "geometry": {"type": "Polygon", "coordinates": [[[-90.76556646509754, 44.4976468251136], [-91.3842389088904, 44.062790040561886], [-91.12917935820074, 43.465408892741536], [-90.27244284723291, 43.29669345500196], [-89.65167499213148, 43.72195472101391], [-89.88945016677461, 44.3254610823114], [-90.76556646509754, 44.4976468251136]]]}}, {"type": "Feature", "properties": {"h3": "83445cfffffffff", "bars": 23, "breweries": 0, "golf_courses": 3, "boat_ramps": 1, "fishing_access": 7, "hardware_stores": 10, "campgrounds": 6, "bowling_pool_clubs": 5, "nfl_miles": 45.4, "nba_miles": 326.0, "mlb_miles": 250.5, "nhl_miles": 182.5, "casino_miles": 72.1}, "geometry": {"type": "Polygon", "coordinates": [[[-89.77947347040319, 31.59073781085478], [-89.29740992250282, 32.06205365124822], [-89.53187646021644, 32.6787249396241], [-90.25697589361646, 32.82559032395142], [-90.74237144889806, 32.35169080962794], [-90.49938240180008, 31.73353103145983], [-89.77947347040319, 31.59073781085478]]]}}, {"type": "Feature", "properties": {"h3": "834429fffffffff", "bars": 2, "breweries": 9, "golf_courses": 7, "boat_ramps": 11, "fishing_access": 19, "hardware_stores": 2, "campgrounds": 5, "bowling_pool_clubs": 1, "nfl_miles": 129.5, "nba_miles": 220.0, "mlb_miles": 286.9, "nhl_miles": 161.8, "casino_miles": 242.9}, "geometry": {"type": "Polygon", "coordinates": [[[-88.90624341338898, 25.678505903594054], [-88.44854183160528, 26.163515000508983], [-88.66491641548424, 26.780897033723473], [-89.34676634842963, 26.914683765992475], [-89.80771154120198, 26.426478135308493], [-89.58359912288472, 25.80770553355686], [-88.90624341338898, 25.678505903594054]]]}}, {"type": "Feature", "properties": {"h3": "832604fffffffff", "bars": 40, "breweries": 0, "golf_courses": 0, "boat_ramps": 5, "fishing_access": 20, "hardware_stores": 2, "campgrounds": 11, "bowling_pool_clubs": 8, "nfl_miles": 324.9, "nba_miles": 85.3, "mlb_miles": 123.8, "nhl_miles": 393.4, "casino_miles": 200.3}, "geometry": {"type": "Polygon", "coordinates": [[[-97.55120876321169, 45.038256884696956], [-98.09317185071814, 44.57193473857318], [-97.75484759977562, 43.99643299465012], [-96.8881726905838, 43.879336779294704], [-96.3392334597766, 44.33676606087388], [-96.6635995160511, 44.92016292279368], [-97.55120876321169, 45.038256884696956]]]}}, {"type": "Feature", "properties": {"h3": "8348edfffffffff", "bars": 22, "breweries": 12, "golf_courses": 7, "boat_ramps": 11, "fishing_access": 6, "hardware_stores": 0, "campgrounds": 11, "bowling_pool_clubs": 6, "nfl_miles": 168.9, "nba_miles": 88.5, "mlb_miles": 363.5, "nhl_miles": 214.7, "casino_miles": 117.8}, "geometry": {"type": "Polygon", "coordinates": [[[-112.13048627685284, 31.102514208036503], [-111.71402776454396, 31.67570849636622], [-112.08972175839837, 32.263404054744015], [-112.88531283853716, 32.275292328343376], [-113.29715001680889, 31.70025578469694], [-112.91813211642211, 31.11517337762597], [-112.13048627685284, 31.102514208036503]]]}}, {"type": "Feature", "properties": {"h3": "8344eafffffffff", "bars": 18, "breweries": 8, "golf_courses": 7, "boat_ramps": 3, "fishing_access": 18, "hardware_stores": 2, "campgrounds": 8, "bowling_pool_clubs": 5, "nfl_miles": 156.5, "nba_miles": 208.6, "mlb_miles": 352.4, "nhl_miles": 255.5, "casino_miles": 217.2}, "geometry": {"type": "Polygon", "coordinates": [[[-85.04559187893895, 32.78766273051838], [-84.56216250950773, 33.22486498194507], [-84.76157931053282, 33.83307477570319], [-85.45330381112981, 34.00657678923617], [-85.94146193124166, 33.56730688842859], [-85.73318835608876, 32.956620311538835], [-85.04559187893895, 32.78766273051838]]]}}, {"type": "Feature", "properties": {"h3": "83276bfffffffff", "bars": 10, "breweries": 1, "golf_courses": 8, "boat_ramps": 2, "fishing_access": 14, "hardware_stores": 4, "campgrounds": 4, "bowling_pool_clubs": 8, "nfl_miles": 172.2, "nba_miles": 40.3, "mlb_miles": 269.7, "nhl_miles": 176.5, "casino_miles": 58.6}, "geometry": {"type": "Polygon", "coordinates": [[[-83.53241940705863, 44.56359214005776], [-84.2297977418372, 44.16620162797714], [-84.06608848383017, 43.5500972014725], [-83.22495317846773, 43.3274852117277], [-82.53085691899865, 43.715201680027405], [-82.67441887372601, 44.33510025247356], [-83.53241940705863, 44.56359214005776]]]}}, {"type": "Feature", "properties": {"h3": "8326c5fffffffff", "bars": 2, "breweries": 19, "golf_courses": 11, "boat_ramps": 15, "fishing_access": 20, "hardware_stores": 23, "campgrounds": 2, "bowling_pool_clubs": 17, "nfl_miles": 187.9, "nba_miles": 59.6, "mlb_miles": 160.2, "nhl_miles": 177.1, "casino_miles": 28.9}, "geometry": {"type": "Polygon", "coordinates": [[[-97.16163325356518, 35.70299850455273], [-96.6680060353176, 36.19834106591893], [-96.96815321456646, 36.80475078030148], [-97.77015921905974, 36.915868467225344], [-98.26468196778652, 36.418021922644364], [-97.95639818402604, 35.81158255687421], [-97.16163325356518, 35.70299850455273]]]}}, {"type": "Feature", "properties": {"h3": "8328adfffffffff", "bars": 18, "breweries": 5, "golf_courses": 6, "boat_ramps": 10, "fishing_access": 10, "hardware_stores": 1, "campgrounds": 1, "bowling_pool_clubs": 8, "nfl_miles": 277.2, "nba_miles": 55.8, "mlb_miles": 377.6, "nhl_miles": 104.3, "casino_miles": 22.3}, "geometry": {"type": "Polygon", "coordinates": [[[-120.77078746563868, 42.59711240655074], [-120.36887002957451, 43.14958001390266], [-120.82151985597137, 43.64055980163682], [-121.6765887644535, 43.57663313227531], [-122.06974254043345, 43.02387844152024], [-121.61672150971295, 42.53532547133136], [-120.77078746563868, 42.59711240655074]]]}}, {"type": "Feature", "properties": {"h3": "8329a1fffffffff", "bars": 27, "breweries": 31, "golf_courses": 6, "boat_ramps": 6, "fishing_access": 4, "hardware_stores": 24, "campgrounds": 31, "bowling_pool_clubs": 16, "nfl_miles": 101.3, "nba_miles": 96.5, "mlb_miles": 20.2, "nhl_miles": 44.4, "casino_miles": 72.1}, "geometry": {"type": "Polygon", "coordinates": [[[-118.04038609770777, 33.94617247140065], [-117.65127589971759, 34.526528228085574], [-118.05943919190457, 35.07977591454106], [-118.85814740530695, 35.04976785327959], [-119.2405536967384, 34.468622114983724], [-118.83106703017792, 33.918266264246256], [-118.04038609770777, 33.94617247140065]]]}}, {"type": "Feature", "properties": {"h3": "832a95fffffffff", "bars": 3, "breweries": 13, "golf_courses": 20, "boat_ramps": 31, "fishing_access": 59, "hardware_stores": 5, "campgrounds": 29, "bowling_pool_clubs": 25, "nfl_miles": 105.3, "nba_miles": 65.4, "mlb_miles": 120.3, "nhl_miles": 141.4, "casino_miles": 83.2}, "geometry": {"type": "Polygon", "coordinates": [[[-82.65675622724562, 40.90136225917495], [-83.30907267004419, 40.52678315507312], [-83.16892327137472, 39.93432380888241], [-82.39374132585091, 39.71307115480017], [-81.74478029600353, 40.07851054514274], [-81.86750279548116, 40.67424641607379], [-82.65675622724562, 40.90136225917495]]]}}, {"type": "Feature", "properties": {"h3": "832b89fffffffff", "bars": 45, "breweries": 0, "golf_courses": 9, "boat_ramps": 4, "fishing_access": 16, "hardware_stores": 0, "campgrounds": 11, "bowling_pool_clubs": 1, "nfl_miles": 340.4, "nba_miles": 68.1, "mlb_miles": 117.7, "nhl_miles": 227.0, "casino_miles": 38.8}, "geometry": {"type": "Polygon", "coordinates": [[[-73.87088825890976, 43.312829623995924], [-74.6288343312773, 42.98080409174231], [-74.59575903197567, 42.36298156091004], [-73.82523017536224, 42.0768682443254], [-73.07691180312379, 42.400492689472884], [-73.08947577680037, 43.018511082469935], [-73.87088825890976, 43.312829623995924]]]}}, {"type": "Feature", "properties": {"h3": "832692fffffffff", "bars": 14, "breweries": 8, "golf_courses": 6, "boat_ramps": 3, "fishing_access": 6, "hardware_stores": 8, "campgrounds": 10, "bowling_pool_clubs": 3, "nfl_miles": 245.2, "nba_miles": 381.1, "mlb_miles": 241.0, "nhl_miles": 240.9, "casino_miles": 190.3}, "geometry": {"type": "Polygon", "coordinates": [[[-111.82681969887075, 39.06741181658577], [-111.37729263139737, 39.612654092889834], [-111.77968666606232, 40.16717680240548], [-112.63570036247965, 40.17431764435183], [-113.0799922648589, 39.62753033457677], [-112.67364833709534, 39.07514874188194], [-111.82681969887075, 39.06741181658577]]]}}, {"type": "Feature", "properties": {"h3": "832786fffffffff", "bars": 40, "breweries": 9, "golf_courses": 5, "boat_ramps": 10, "fishing_access": 14, "hardware_stores": 10, "campgrounds": 6, "bowling_pool_clubs": 1, "nfl_miles": 100.1, "nba_miles": 104.9, "mlb_miles": 184.6, "nhl_miles": 161.5, "casino_miles": 52.2}, "geometry": {"type": "Polygon", "coordinates": [[[-108.33307001218006, 49.049350358898764], [-108.76642656192467, 48.5265132085979], [-108.27458474194752, 47.98702810125281], [-107.35719982445057, 47.96046750109281], [-106.9080342369226, 48.476540273606695], [-107.39163686338135, 49.02599210807924], [-108.33307001218006, 49.049350358898764]]]}}, {"type": "Feature", "properties": {"h3": "832753fffffffff", "bars": 76, "breweries": 14, "golf_courses": 11, "boat_ramps": 10, "fishing_access": 35, "hardware_stores": 10, "campgrounds": 11, "bowling_pool_clubs": 13, "nfl_miles": 231.3, "nba_miles": 142.7, "mlb_miles": 221.1, "nhl_miles": 189.9, "casino_miles": 108.7}, "geometry": {"type": "Polygon", "coordinates": [[[-91.91464589780551, 45.26573817296497], [-92.5302926785185, 44.821273183839324], [-92.25659268619185, 44.223095422856645], [-91.3842389088904, 44.062790040561886], [-90.76556646509754, 44.4976468251136], [-91.02195806182638, 45.10235692568428], [-91.91464589780551, 45.26573817296497]]]}}, {"type": "Feature", "properties": {"h3": "832986fffffffff", "bars": 54, "breweries": 24, "golf_courses": 16, "boat_ramps": 23, "fishing_access": 57, "hardware_stores": 28, "campgrounds": 25, "bowling_pool_clubs": 0, "nfl_miles": 85.9, "nba_miles": 113.0, "mlb_miles": 72.0, "nhl_miles": 63.8, "casino_miles": 73.4}, "geometry": {"type": "Polygon", "coordinates": [[[-114.41935614065716, 35.71735287297622], [-113.99954869994481, 36.28418931486036], [-114.4009364165361, 36.84539669596593], [-115.2249999228253, 36.83723907450703], [-115.63899826335394, 36.26911474881034], [-115.23486856624994, 35.71043313738079], [-114.41935614065716, 35.71735287297622]]]}}, {"type": "Feature", "properties": {"h3": "832892fffffffff", "bars": 19, "breweries": 0, "golf_courses": 4, "boat_ramps": 3, "fishing_access": 6, "hardware_stores": 5, "campgrounds": 0, "bowling_pool_clubs": 4, "nfl_miles": 370.9, "nba_miles": 224.1, "mlb_miles": 245.4, "nhl_miles": 245.8, "casino_miles": 37.2}, "geometry": {"type": "Polygon", "coordinates": [[[-110.20277520441415, 44.94351199421163], [-109.71526216716137, 45.44963144071354], [-110.13398538688482, 45.973009000163444], [-111.04555327898352, 45.988331425197224], [-111.5278651733555, 45.48044638501407], [-111.10398225599293, 44.95900881655575], [-110.20277520441415, 44.94351199421163]]]}}, {"type": "Feature", "properties": {"h3": "83279efffffffff", "bars": 29, "breweries": 5, "golf_courses": 2, "boat_ramps": 2, "fishing_access": 8, "hardware_stores": 5, "campgrounds": 9, "bowling_pool_clubs": 3, "nfl_miles": 123.9, "nba_miles": 332.0, "mlb_miles": 73.1, "nhl_miles": 183.9, "casino_miles": 230.7}, "geometry": {"type": "Polygon", "coordinates": [[[-108.80864700364839, 45.42344039457866], [-108.31049960065609, 45.92055755796771], [-108.7234066367154, 46.44575811640568], [-109.64045144512343, 46.472025493018016], [-110.13398538688482, 45.973009000163444], [-109.71526216716137, 45.44963144071354], [-108.80864700364839, 45.42344039457866]]]}}, {"type": "Feature", "properties": {"h3": "8326aafffffffff", "bars": 93, "breweries": 4, "golf_courses": 23, "boat_ramps": 20, "fishing_access": 50, "hardware_stores": 15, "campgrounds": 5, "bowling_pool_clubs": 15, "nfl_miles": 178.9, "nba_miles": 152.6, "mlb_miles": 130.8, "nhl_miles": 194.7, "casino_miles": 83.0}, "geometry": {"type": "Polygon", "coordinates": [[[-104.07764721387741, 39.818276381292634], [-103.58562935902555, 40.32792640080799], [-103.9465559290587, 40.903609946548244], [-104.80650505224828, 40.968485961925744], [-105.2964616356886, 40.45665864078921], [-104.92866786193674, 39.88214685943859], [-104.07764721387741, 39.818276381292634]]]}}, {"type": "Feature", "properties": {"h3": "834451fffffffff", "bars": 19, "breweries": 0, "golf_courses": 9, "boat_ramps": 6, "fishing_access": 2, "hardware_stores": 0, "campgrounds": 5, "bowling_pool_clubs": 5, "nfl_miles": 356.7, "nba_miles": 196.3, "mlb_miles": 374.9, "nhl_miles": 83.4, "casino_miles": 196.0}, "geometry": {"type": "Polygon", "coordinates": [[[-88.83767178341174, 30.827133220842338], [-88.35917170297719, 31.295846940135363], [-88.58478849403987, 31.912464736858755], [-89.29740992250282, 32.06205365124822], [-89.77947347040319, 31.59073781085478], [-89.54539288839108, 30.9724562642426], [-88.83767178341174, 30.827133220842338]]]}}, {"type": "Feature", "properties": {"h3": "83262cfffffffff", "bars": 2, "breweries": 24, "golf_courses": 1, "boat_ramps": 19, "fishing_access": 33, "hardware_stores": 1, "campgrounds": 20, "bowling_pool_clubs": 17, "nfl_miles": 108.5, "nba_miles": 69.5, "mlb_miles": 130.2, "nhl_miles": 41.1, "casino_miles": 78.9}, "geometry": {"type": "Polygon", "coordinates": [[[-93.4181177280946, 44.97252619713555], [-94.0115430332113, 44.52302796881887], [-93.72154726053162, 43.931758656716966], [-92.8541000587623, 43.78302934404948], [-92.25659268619185, 44.223095422856645], [-92.5302926785185, 44.821273183839324], [-93.4181177280946, 44.97252619713555]]]}}, {"type": "Feature", "properties": {"h3": "832814fffffffff", "bars": 25, "breweries": 7, "golf_courses": 9, "boat_ramps": 9, "fishing_access": 16, "hardware_stores": 1, "campgrounds": 3, "bowling_pool_clubs": 6, "nfl_miles": 144.3, "nba_miles": 182.0, "mlb_miles": 87.6, "nhl_miles": 69.7, "casino_miles": 149.3}, "geometry": {"type": "Polygon", "coordinates": [[[-120.62501817993413, 39.393867603441024], [-120.2349433485944, 39.960906823268786], [-120.67257085346255, 40.47323742199881], [-121.50080387637038, 40.415931916503304], [-121.88271267773588, 39.84864469677344], [-121.44467346223442, 39.33890002192065], [-120.62501817993413, 39.393867603441024]]]}}, {"type": "Feature", "properties": {"h3": "832af0fffffffff", "bars": 6, "breweries": 25, "golf_courses": 8, "boat_ramps": 5, "fishing_access": 25, "hardware_stores": 16, "campgrounds": 13, "bowling_pool_clubs": 22, "nfl_miles": 41.0, "nba_miles": 41.8, "mlb_miles": 117.4, "nhl_miles": 104.7, "casino_miles": 83.3}, "geometry": {"type": "Polygon", "coordinates": [[[-75.68861007624854, 36.956068257573996], [-76.34038735069178, 36.63904459260989], [-76.29144346808987, 36.0716675289531], [-75.6063534040535, 35.820397914859804], [-74.96106465277055, 36.12952154472757], [-74.99434320602734, 36.69771610504629], [-75.68861007624854, 36.956068257573996]]]}}, {"type": "Feature", "properties": {"h3": "83441efffffffff", "bars": 12, "breweries": 8, "golf_courses": 9, "boat_ramps": 11, "fishing_access": 16, "hardware_stores": 3, "campgrounds": 3, "bowling_pool_clubs": 1, "nfl_miles": 135.9, "nba_miles": 194.8, "mlb_miles": 286.5, "nhl_miles": 247.4, "casino_miles": 41.4}, "geometry": {"type": "Polygon", "coordinates": [[[-82.53674565419657, 26.538800904738817], [-82.08430112269555, 26.984013476507926], [-82.25372934517684, 27.587840623822764], [-82.88344426087562, 27.749187849205157], [-83.34062128717333, 27.301399130917503], [-83.1633576675153, 26.694856208271307], [-82.53674565419657, 26.538800904738817]]]}}, {"type": "Feature", "properties": {"h3": "8326edfffffffff", "bars": 26, "breweries": 6, "golf_courses": 5, "boat_ramps": 5, "fishing_access": 6, "hardware_stores": 5, "campgrounds": 5, "bowling_pool_clubs": 0, "nfl_miles": 317.1, "nba_miles": 100.9, "mlb_miles": 165.9, "nhl_miles": 335.8, "casino_miles": 203.7}, "geometry": {"type": "Polygon", "coordinates": [[[-93.53712294595302, 35.70186260562032], [-93.03812642103752, 36.17697280525702], [-93.31108179083485, 36.78541768537121], [-94.09188246138397, 36.919535225439276], [-94.59315893467405, 36.44201636440428], [-94.3114299838499, 35.832810949500825], [-93.53712294595302, 35.70186260562032]]]}}, {"type": "Feature", "properties": {"h3": "832aadfffffffff", "bars": 79, "breweries": 4, "golf_courses": 14, "boat_ramps": 2, "fishing_access": 14, "hardware_stores": 6, "campgrounds": 21, "bowling_pool_clubs": 11, "nfl_miles": 57.0, "nba_miles": 182.6, "mlb_miles": 41.6, "nhl_miles": 185.0, "casino_miles": 43.8}, "geometry": {"type": "Polygon", "coordinates": [[[-75.17327401139909, 39.61267560898981], [-75.86542858246044, 39.28660460988249], [-75.81959124682997, 38.6967135553187], [-75.0990713078559, 38.432121226941305], [-74.41444270614038, 38.75001329066488], [-74.44277493761697, 39.340569383953905], [-75.17327401139909, 39.61267560898981]]]}}, {"type": "Feature", "properties": {"h3": "8328d5fffffffff", "bars": 37, "breweries": 18, "golf_courses": 0, "boat_ramps": 21, "fishing_access": 14, "hardware_stores": 19, "campgrounds": 28, "bowling_pool_clubs": 15, "nfl_miles": 12.8, "nba_miles": 34.5, "mlb_miles": 72.6, "nhl_miles": 33.9, "casino_miles": 44.5}, "geometry": {"type": "Polygon", "coordinates": [[[-122.33898926103997, 47.07920542319071], [-121.92979964946605, 47.60904605766893], [-122.41017544315145, 48.05856899249158], [-123.29954890974088, 47.97593444538911], [-123.6985862399974, 47.445811640773655], [-123.21854399041668, 46.99858902180549], [-122.33898926103997, 47.07920542319071]]]}}, {"type": "Feature", "properties": {"h3": "8348d2fffffffff", "bars": 16, "breweries": 8, "golf_courses": 7, "boat_ramps": 9, "fishing_access": 4, "hardware_stores": 10, "campgrounds": 0, "bowling_pool_clubs": 6, "nfl_miles": 249.9, "nba_miles": 278.9, "mlb_miles": 55.7, "nhl_miles": 101.3, "casino_miles": 81.7}, "geometry": {"type": "Polygon", "coordinates": [[[-102.4190142933208, 32.87992277449655], [-101.95168984375347, 33.41281335119367], [-102.2798673944424, 34.02111316045906], [-103.08198566257964, 34.09549248252311], [-103.54814863738686, 33.55999056967539], [-103.21346351282811, 32.952736139569794], [-102.4190142933208, 32.87992277449655]]]}}, {"type": "Feature", "properties": {"h3": "8327aefffffffff", "bars": 44, "breweries": 9, "golf_courses": 4, "boat_ramps": 0, "fishing_access": 14, "hardware_stores": 10, "campgrounds": 0, "bowling_pool_clubs": 1, "nfl_miles": 179.9, "nba_miles": 137.7, "mlb_miles": 346.7, "nhl_miles": 277.6, "casino_miles": 218.1}, "geometry": {"type": "Polygon", "coordinates": [[[-104.04070618278091, 49.422882258210315], [-104.54455472421519, 48.908480072614466], [-104.0933480578431, 48.3434911991997], [-103.14983421967217, 48.28331956108894], [-102.63256199401155, 48.789744776191924], [-103.07175831678056, 49.36434274792985], [-104.04070618278091, 49.422882258210315]]]}}, {"type": "Feature", "properties": {"h3": "8326ddfffffffff", "bars": 1, "breweries": 4, "golf_courses": 6, "boat_ramps": 3, "fishing_access": 12, "hardware_stores": 8, "campgrounds": 11, "bowling_pool_clubs": 1, "nfl_miles": 365.4, "nba_miles": 214.5, "mlb_miles": 255.0, "nhl_miles": 71.7, "casino_miles": 61.7}, "geometry": {"type": "Polygon", "coordinates": [[[-98.79659813541227, 33.060022402896074], [-98.31815688128158, 33.57504490038732], [-98.62272599746812, 34.18804644137447], [-99.41324934807534, 34.28569604325331], [-99.8919269560942, 33.76797243882122], [-99.57994059929283, 33.15531969894715], [-98.79659813541227, 33.060022402896074]]]}}, {"type": "Feature", "properties": {"h3": "8328a2fffffffff", "bars": 29, "breweries": 8, "golf_courses": 0, "boat_ramps": 0, "fishing_access": 7, "hardware_stores": 8, "campgrounds": 4, "bowling_pool_clubs": 5, "nfl_miles": 216.4, "nba_miles": 308.0, "mlb_miles": 46.6, "nhl_miles": 286.4, "casino_miles": 98.5}, "geometry": {"type": "Polygon", "coordinates": [[[-115.60941648908782, 41.7717901861324], [-115.17238987791487, 42.31567276758436], [-115.60310652830113, 42.837738262209285], [-116.4735624014566, 42.81358834126603], [-116.90361334684562, 42.268646199559925], [-116.47033167354553, 41.74890874142009], [-115.60941648908782, 41.7717901861324]]]}}, {"type": "Feature", "properties": {"h3": "832996fffffffff", "bars": 19, "breweries": 3, "golf_courses": 8, "boat_ramps": 4, "fishing_access": 1, "hardware_stores": 10, "campgrounds": 4, "bowling_pool_clubs": 6, "nfl_miles": 360.5, "nba_miles": 333.3, "mlb_miles": 50.6, "nhl_miles": 239.8, "casino_miles": 80.8}, "geometry": {"type": "Polygon", "coordinates": [[[-110.70158839216803, 36.2467139530767], [-110.25748485653355, 36.80019706117428], [-110.64382456482542, 37.373317686261025], [-111.47856531816083, 37.390820363100225], [-111.91812462505104, 36.835587714732156], [-111.52761973622499, 36.26460513023572], [-110.70158839216803, 36.2467139530767]]]}}, {"type": "Feature", "properties": {"h3": "83440efffffffff", "bars": 9, "breweries": 5, "golf_courses": 6, "boat_ramps": 10, "fishing_access": 4, "hardware_stores": 1, "campgrounds": 11, "bowling_pool_clubs": 6, "nfl_miles": 227.5, "nba_miles": 284.1, "mlb_miles": 354.2, "nhl_miles": 287.1, "casino_miles": 113.1}, "geometry": {"type": "Polygon", "coordinates": [[[-85.54279933420128, 26.69055662860529], [-85.08434762858586, 27.15353558293776], [-85.27706269846107, 27.765217013195986], [-85.93619087524844, 27.916087475170436], [-86.39877184860772, 27.450275084461573], [-86.1981159605384, 26.83644586989614], [-85.54279933420128, 26.69055662860529]]]}}, {"type": "Feature", "properties": {"h3": "832a8afffffffff", "bars": 73, "breweries": 4, "golf_courses": 13, "boat_ramps": 19, "fishing_access": 38, "hardware_stores": 10, "campgrounds": 14, "bowling_pool_clubs": 17, "nfl_miles": 56.1, "nba_miles": 179.1, "mlb_miles": 162.2, "nhl_miles": 186.6, "casino_miles": 41.0}, "geometry": {"type": "Polygon", "coordinates": [[[-80.54985392691756, 37.51257140742593], [-81.1745279110862, 37.16705220529028], [-81.06844866997488, 36.59871874543619], [-80.35312006833853, 36.37340642995808], [-79.7325133981091, 36.71041742216859], [-79.82307511536332, 37.281156428549345], [-80.54985392691756, 37.51257140742593]]]}}, {"type": "Feature", "properties": {"h3": "8344acfffffffff", "bars": 17, "breweries": 9, "golf_courses": 16, "boat_ramps": 29, "fishing_access": 8, "hardware_stores": 13, "campgrounds": 4, "bowling_pool_clubs": 5, "nfl_miles": 104.0, "nba_miles": 162.9, "mlb_miles": 259.0, "nhl_miles": 55.1, "casino_miles": 61.1}, "geometry": {"type": "Polygon", "coordinates": [[[-80.6985648447199, 26.06269431127275], [-80.25247667002984, 26.497927630378047], [-80.40714699047685, 27.095512736696875], [-81.01555836148441, 27.26089110159464], [-81.4666485243196, 26.823209415358573], [-81.30432432625489, 26.22261239495497], [-80.6985648447199, 26.06269431127275]]]}}, {"type": "Feature", "properties": {"h3": "832654fffffffff", "bars": 9, "breweries": 11, "golf_courses": 0, "boat_ramps": 12, "fishing_access": 10, "hardware_stores": 6, "campgrounds": 6, "bowling_pool_clubs": 4, "nfl_miles": 199.5, "nba_miles": 376.2, "mlb_miles": 361.9, "nhl_miles": 376.0, "casino_miles": 79.3}, "geometry": {"type": "Polygon", "coordinates": [[[-92.8459540893116, 38.92062194056103], [-92.33065725048594, 39.37460189667144], [-92.60663007462672, 39.9710266428886], [-93.40741416499294, 40.114354570930544], [-93.92540184962388, 39.65821611442709], [-93.6399927377515, 39.06093182076039], [-92.8459540893116, 38.92062194056103]]]}}, {"type": "Feature", "properties": {"h3": "832748fffffffff", "bars": 12, "breweries": 1, "golf_courses": 2, "boat_ramps": 2, "fishing_access": 0, "hardware_stores": 9, "campgrounds": 9, "bowling_pool_clubs": 4, "nfl_miles": 258.0, "nba_miles": 260.5, "mlb_miles": 254.7, "nhl_miles": 123.1, "casino_miles": 21.1}, "geometry": {"type": "Polygon", "coordinates": [[[-85.58594694205833, 43.36539943017474], [-86.24505772978344, 42.96249749580974], [-86.05978206677452, 42.35836393811643], [-85.23367711992915, 42.15262667876492], [-84.57622004699657, 42.54595119318308], [-84.74300492315953, 43.15449923256702], [-85.58594694205833, 43.36539943017474]]]}}, {"type": "Feature", "properties": {"h3": "8312defffffffff", "bars": 5, "breweries": 11, "golf_courses": 7, "boat_ramps": 2, "fishing_access": 16, "hardware_stores": 9, "campgrounds": 7, "bowling_pool_clubs": 5, "nfl_miles": 106.2, "nba_miles": 179.5, "mlb_miles": 210.6, "nhl_miles": 99.0, "casino_miles": 68.2}, "geometry": {"type": "Polygon", "coordinates": [[[-119.48526939097917, 49.77565725214473], [-119.74732445570325, 49.236415543264044], [-119.26815228492315, 48.782213869766984], [-118.34803963459348, 48.83483962054941], [-118.19820569309299, 49.0047655704105], [-118.00868948655962, 49.362604020042575], [-118.60586135236039, 49.8421618754201], [-119.48526939097917, 49.77565725214473]]]}}, {"type": "Feature", "properties": {"h3": "832b18fffffffff", "bars": 26, "breweries": 12, "golf_courses": 0, "boat_ramps": 14, "fishing_access": 8, "hardware_stores": 6, "campgrounds": 3, "bowling_pool_clubs": 3, "nfl_miles": 312.8, "nba_miles": 63.8, "mlb_miles": 373.8, "nhl_miles": 394.8, "casino_miles": 218.8}, "geometry": {"type": "Polygon", "coordinates": [[[-67.50096063823571, 45.16986457281727], [-68.32855158299448, 44.87797629422121], [-68.38135851172929, 44.25066933287382], [-67.62837396938464, 43.917380981419484], [-66.8151651244427, 44.202117735640144], [-66.74066220343661, 44.82717472085878], [-67.50096063823571, 45.16986457281727]]]}}, {"type": "Feature", "properties": {"h3": "834446fffffffff", "bars": 31, "breweries": 11, "golf_courses": 5, "boat_ramps": 13, "fishing_access": 14, "hardware_stores": 3, "campgrounds": 6, "bowling_pool_clubs": 6, "nfl_miles": 319.4, "nba_miles": 258.9, "mlb_miles": 336.8, "nhl_miles": 299.3, "casino_miles": 107.6}, "geometry": {"type": "Polygon", "coordinates": [[[-90.26205507934758, 29.393936678554414], [-89.78916802666802, 29.876068019726652], [-90.02283324742329, 30.49554307350628], [-90.7375967660805, 30.634217902507967], [-91.21354855983661, 30.149237162881917], [-90.97171877588484, 29.528453089584996], [-90.26205507934758, 29.393936678554414]]]}}, {"type": "Feature", "properties": {"h3": "832621fffffffff", "bars": 120, "breweries": 2, "golf_courses": 16, "boat_ramps": 6, "fishing_access": 28, "hardware_stores": 14, "campgrounds": 26, "bowling_pool_clubs": 1, "nfl_miles": 183.3, "nba_miles": 64.9, "mlb_miles": 119.6, "nhl_miles": 203.2, "casino_miles": 12.4}, "geometry": {"type": "Polygon", "coordinates": [[[-94.61432766464218, 45.7124026560662], [-95.20265391499771, 45.25351817622233], [-94.89335071955404, 44.66250266239066], [-94.0115430332113, 44.52302796881887], [-93.4181177280946, 44.97252619713555], [-93.71125208380603, 45.5708424609073], [-94.61432766464218, 45.7124026560662]]]}}, {"type": "Feature", "properties": {"h3": "83261cfffffffff", "bars": 24, "breweries": 8, "golf_courses": 0, "boat_ramps": 3, "fishing_access": 9, "hardware_stores": 7, "campgrounds": 6, "bowling_pool_clubs": 4, "nfl_miles": 318.5, "nba_miles": 142.9, "mlb_miles": 99.9, "nhl_miles": 146.0, "casino_miles": 231.0}, "geometry": {"type": "Polygon", "coordinates": [[[-98.66728650140092, 41.448139208990376], [-98.14891624471004, 41.920663967512574], [-98.47762586397931, 42.4989045647193], [-99.33355209416003, 42.6043346350196], [-99.85224608011656, 42.12956813236519], [-99.51481113071188, 41.55163492267252], [-98.66728650140092, 41.448139208990376]]]}}, {"type": "Feature", "properties": {"h3": "834413fffffffff", "bars": 44, "breweries": 8, "golf_courses": 2, "boat_ramps": 14, "fishing_access": 20, "hardware_stores": 7, "campgrounds": 1, "bowling_pool_clubs": 8, "nfl_miles": 78.0, "nba_miles": 310.0, "mlb_miles": 365.5, "nhl_miles": 281.2, "casino_miles": 45.3}, "geometry": {"type": "Polygon", "coordinates": [[[-81.75196196394583, 25.779995539608365], [-81.30432432625489, 26.22261239495497], [-81.4666485243196, 26.823209415358573], [-82.08430112269555, 26.984013476507926], [-82.53674565419657, 26.538800904738817], [-82.36673399792846, 25.9353963699535], [-81.75196196394583, 25.779995539608365]]]}}, {"type": "Feature", "properties": {"h3": "834441fffffffff", "bars": 26, "breweries": 5, "golf_courses": 7, "boat_ramps": 0, "fishing_access": 5, "hardware_stores": 7, "campgrounds": 9, "bowling_pool_clubs": 3, "nfl_miles": 357.7, "nba_miles": 72.5, "mlb_miles": 156.7, "nhl_miles": 273.5, "casino_miles": 182.2}, "geometry": {"type": "Polygon", "coordinates": [[[-92.185405912963, 30.901966753464293], [-91.7066395361683, 31.389765762886356], [-91.95800539803801, 32.009150705907736], [-92.69640319401918, 32.14171599111543], [-93.17771064982072, 31.651131434502837], [-92.9181381363641, 31.030789298012206], [-92.185405912963, 30.901966753464293]]]}}, {"type": "Feature", "properties": {"h3": "8326e2fffffffff", "bars": 10, "breweries": 11, "golf_courses": 1, "boat_ramps": 1, "fishing_access": 3, "hardware_stores": 7, "campgrounds": 10, "bowling_pool_clubs": 5, "nfl_miles": 70.7, "nba_miles": 294.6, "mlb_miles": 301.7, "nhl_miles": 391.1, "casino_miles": 158.8}, "geometry": {"type": "Polygon", "coordinates": [[[-98.08031194449836, 37.51844798399209], [-97.58020995813281, 38.00985752453172], [-97.89223833755214, 38.60821769761226], [-98.7126879993659, 38.715048534677216], [-99.2133376486805, 38.22124189226134], [-98.89309474489009, 37.62302216247537], [-98.08031194449836, 37.51844798399209]]]}}, {"type": "Feature", "properties": {"h3": "832ab2fffffffff", "bars": 10, "breweries": 6, "golf_courses": 8, "boat_ramps": 6, "fishing_access": 1, "hardware_stores": 2, "campgrounds": 5, "bowling_pool_clubs": 2, "nfl_miles": 98.4, "nba_miles": 92.1, "mlb_miles": 316.9, "nhl_miles": 58.5, "casino_miles": 87.4}, "geometry": {"type": "Polygon", "coordinates": [[[-83.07728989858396, 42.71502064738186], [-83.75144989279491, 42.32898615695193], [-83.60019678206457, 41.72421452886994], [-82.79333384406097, 41.50185138172187], [-82.12251259692785, 41.87847668738883], [-82.25504899651311, 42.48677453639969], [-83.07728989858396, 42.71502064738186]]]}}, {"type": "Feature", "properties": {"h3": "8344d4fffffffff", "bars": 28, "breweries": 4, "golf_courses": 2, "boat_ramps": 1, "fishing_access": 4, "hardware_stores": 3, "campgrounds": 0, "bowling_pool_clubs": 4, "nfl_miles": 44.4, "nba_miles": 219.1, "mlb_miles": 219.5, "nhl_miles": 330.7, "casino_miles": 157.9}, "geometry": {"type": "Polygon", "coordinates": [[[-80.28300499988717, 30.94258349799631], [-79.81780687388421, 31.357273978214007], [-79.97610329767856, 31.95558564646531], [-80.60792937128781, 32.1425357461079], [-81.07866492855536, 31.72607687093998], [-80.91203397456266, 31.12444775739536], [-80.28300499988717, 30.94258349799631]]]}}, {"type": "Feature", "properties": {"h3": "83298bfffffffff", "bars": 31, "breweries": 3, "golf_courses": 3, "boat_ramps": 9, "fishing_access": 15, "hardware_stores": 7, "campgrounds": 6, "bowling_pool_clubs": 7, "nfl_miles": 68.6, "nba_miles": 256.0, "mlb_miles": 128.1, "nhl_miles": 237.0, "casino_miles": 160.6}, "geometry": {"type": "Polygon", "coordinates": [[[-118.13971584415496, 39.52496303327108], [-117.73035863738825, 40.08633331432501], [-118.16086677307435, 40.610403153902915], [-119.0022822666251, 40.570571787496846], [-119.40415744564251, 40.00854171016792], [-118.97222902771867, 39.48699472856466], [-118.13971584415496, 39.52496303327108]]]}}, {"type": "Feature", "properties": {"h3": "832770fffffffff", "bars": 35, "breweries": 3, "golf_courses": 0, "boat_ramps": 2, "fishing_access": 4, "hardware_stores": 0, "campgrounds": 10, "bowling_pool_clubs": 5, "nfl_miles": 53.2, "nba_miles": 347.4, "mlb_miles": 280.1, "nhl_miles": 341.7, "casino_miles": 85.1}, "geometry": {"type": "Polygon", "coordinates": [[[-89.12049563222784, 48.731501936862685], [-89.82224906931424, 48.28389484647072], [-89.56319289877194, 47.65874961923311], [-88.62387683209171, 47.475113179089746], [-87.92106735641548, 47.91250059445543], [-88.15826880357098, 48.543656067803994], [-89.12049563222784, 48.731501936862685]]]}}, {"type": "Feature", "properties": {"h3": "83446efffffffff", "bars": 11, "breweries": 1, "golf_courses": 3, "boat_ramps": 13, "fishing_access": 11, "hardware_stores": 5, "campgrounds": 9, "bowling_pool_clubs": 9, "nfl_miles": 222.4, "nba_miles": 233.7, "mlb_miles": 196.8, "nhl_miles": 193.9, "casino_miles": 194.5}, "geometry": {"type": "Polygon", "coordinates": [[[-93.60763424743115, 29.41269588068114], [-93.13595107051557, 29.913302560384633], [-93.39459236635007, 30.53499084303406], [-94.13281252599877, 30.656687390365327], [-94.60651463818212, 30.15309002009295], [-94.34004143370629, 29.530809182898416], [-93.60763424743115, 29.41269588068114]]]}}, {"type": "Feature", "properties": {"h3": "8312d9fffffffff", "bars": 37, "breweries": 5, "golf_courses": 0, "boat_ramps": 1, "fishing_access": 9, "hardware_stores": 5, "campgrounds": 5, "bowling_pool_clubs": 6, "nfl_miles": 335.3, "nba_miles": 313.0, "mlb_miles": 343.6, "nhl_miles": 63.4, "casino_miles": 125.6}, "geometry": {"type": "Polygon", "coordinates": [[[-115.56933457709269, 47.966237332725626], [-115.10105179976327, 48.47184510538458], [-115.6619731190163, 48.969051103585215], [-116.54673122919283, 48.927839453512206], [-116.64869348272744, 48.74993256506913], [-116.9548446125168, 48.41140947071007], [-116.49085177316248, 47.936498245216775], [-115.56933457709269, 47.966237332725626]]]}}, {"type": "Feature", "properties": {"h3": "832743fffffffff", "bars": 15, "breweries": 8, "golf_courses": 5, "boat_ramps": 16, "fishing_access": 26, "hardware_stores": 16, "campgrounds": 6, "bowling_pool_clubs": 11, "nfl_miles": 94.2, "nba_miles": 49.5, "mlb_miles": 201.5, "nhl_miles": 322.4, "casino_miles": 114.7}, "geometry": {"type": "Polygon", "coordinates": [[[-87.71096057894515, 44.99247002732748], [-88.37117900977665, 44.57009027269658], [-88.15158637167617, 43.9608851693685], [-87.29055066840294, 43.76873847056317], [-86.63049330507073, 44.181331990421754], [-86.83104800131284, 44.79577344582174], [-87.71096057894515, 44.99247002732748]]]}}, {"type": "Feature", "properties": {"h3": "832649fffffffff", "bars": 5, "breweries": 7, "golf_courses": 9, "boat_ramps": 14, "fishing_access": 9, "hardware_stores": 6, "campgrounds": 9, "bowling_pool_clubs": 5, "nfl_miles": 133.5, "nba_miles": 247.1, "mlb_miles": 264.4, "nhl_miles": 373.8, "casino_miles": 159.4}, "geometry": {"type": "Polygon", "coordinates": [[[-86.85937307137037, 34.3452166003912], [-86.36664811453322, 34.786557412272], [-86.58366896478256, 35.39479763048994], [-87.30255388399085, 35.56384432142781], [-87.79966002517808, 35.12042641371537], [-87.57353322104679, 34.510058497564266], [-86.85937307137037, 34.3452166003912]]]}}, {"type": "Feature", "properties": {"h3": "832616fffffffff", "bars": 31, "breweries": 8, "golf_courses": 7, "boat_ramps": 7, "fishing_access": 5, "hardware_stores": 9, "campgrounds": 3, "bowling_pool_clubs": 4, "nfl_miles": 392.5, "nba_miles": 40.6, "mlb_miles": 48.6, "nhl_miles": 265.2, "casino_miles": 42.7}, "geometry": {"type": "Polygon", "coordinates": [[[-102.28711981280435, 43.44809410391682], [-101.76942218573427, 43.927308580120986], [-102.1316032070754, 44.48612601813074], [-103.01963396111636, 44.564787679348356], [-103.5359544106562, 44.08337983698416], [-103.16576828736255, 43.52552166245512], [-102.28711981280435, 43.44809410391682]]]}}, {"type": "Feature", "properties": {"h3": "834474fffffffff", "bars": 13, "breweries": 12, "golf_courses": 9, "boat_ramps": 6, "fishing_access": 13, "hardware_stores": 0, "campgrounds": 5, "bowling_pool_clubs": 5, "nfl_miles": 241.7, "nba_miles": 269.5, "mlb_miles": 44.1, "nhl_miles": 112.4, "casino_miles": 81.2}, "geometry": {"type": "Polygon", "coordinates": [[[-89.80771154120198, 26.426478135308493], [-89.34676634842963, 26.914683765992475], [-89.57123704945674, 27.53389417820175], [-90.26448250359262, 27.66617016798587], [-90.72846828903995, 27.17480405480845], [-90.49620904218764, 26.554345606517366], [-89.80771154120198, 26.426478135308493]]]}}, {"type": "Feature", "properties": {"h3": "83270afffffffff", "bars": 4, "breweries": 4, "golf_courses": 4, "boat_ramps": 8, "fishing_access": 17, "hardware_stores": 5, "campgrounds": 0, "bowling_pool_clubs": 1, "nfl_miles": 286.9, "nba_miles": 162.9, "mlb_miles": 300.8, "nhl_miles": 261.8, "casino_miles": 21.8}, "geometry": {"type": "Polygon", "coordinates": [[[-95.29996429594785, 48.59126756558293], [-95.919336029062, 48.1136853421783], [-95.57986345738759, 47.511000583160836], [-94.63860762113772, 47.378049009400215], [-94.01286288263772, 47.845996395336904], [-94.33431843970848, 48.45648707061603], [-95.29996429594785, 48.59126756558293]]]}}, {"type": "Feature", "properties": {"h3": "8328f2fffffffff", "bars": 22, "breweries": 6, "golf_courses": 10, "boat_ramps": 26, "fishing_access": 21, "hardware_stores": 15, "campgrounds": 15, "bowling_pool_clubs": 1, "nfl_miles": 187.9, "nba_miles": 146.9, "mlb_miles": 183.3, "nhl_miles": 249.5, "casino_miles": 98.0}, "geometry": {"type": "Polygon", "coordinates": [[[-120.92641545689145, 45.68816677691278], [-120.51192454027378, 46.22363787040548], [-120.98065670250082, 46.691537435146365], [-121.86434240223866, 46.621609491158004], [-122.26940500099423, 46.08572593247763], [-121.80035362703275, 45.620168930047534], [-120.92641545689145, 45.68816677691278]]]}}, {"type": "Feature", "properties": {"h3": "834408fffffffff", "bars": 21, "breweries": 7, "golf_courses": 6, "boat_ramps": 14, "fishing_access": 1, "hardware_stores": 8, "campgrounds": 4, "bowling_pool_clubs": 5, "nfl_miles": 239.9, "nba_miles": 46.7, "mlb_miles": 247.9, "nhl_miles": 159.4, "casino_miles": 230.3}, "geometry": {"type": "Polygon", "coordinates": [[[-86.39877184860772, 27.450275084461573], [-85.93619087524844, 27.916087475170436], [-86.13674071864875, 28.52999626499663], [-86.80794203838373, 28.680133282026127], [-87.27450638580456, 28.2115105073958], [-87.06591121503291, 27.59558164657073], [-86.39877184860772, 27.450275084461573]]]}}, {"type": "Feature", "properties": {"h3": "8348ccfffffffff", "bars": 22, "breweries": 1, "golf_courses": 2, "boat_ramps": 4, "fishing_access": 0, "hardware_stores": 5, "campgrounds": 6, "bowling_pool_clubs": 8, "nfl_miles": 343.3, "nba_miles": 245.6, "mlb_miles": 180.2, "nhl_miles": 254.3, "casino_miles": 218.2}, "geometry": {"type": "Polygon", "coordinates": [[[-109.6325113148718, 33.353312748176265], [-109.19416740762854, 33.91316015448695], [-109.5652699872179, 34.50180540172875], [-110.37916481688075, 34.52844863697906], [-110.8135831654653, 33.96659210942723], [-110.43815463973584, 33.380106099267024], [-109.6325113148718, 33.353312748176265]]]}}, {"type": "Feature", "properties": {"h3": "8329b3fffffffff", "bars": 39, "breweries": 10, "golf_courses": 1, "boat_ramps": 8, "fishing_access": 26, "hardware_stores": 2, "campgrounds": 15, "bowling_pool_clubs": 3, "nfl_miles": 138.3, "nba_miles": 270.2, "mlb_miles": 118.4, "nhl_miles": 182.5, "casino_miles": 44.9}, "geometry": {"type": "Polygon", "coordinates": [[[-113.20792162017284, 35.14928103888813], [-112.78277195801917, 35.714639130788434], [-113.17693905374581, 36.28332102865225], [-113.99954869994481, 36.28418931486036], [-114.41935614065716, 35.71735287297622], [-114.02202253385228, 35.15112552992632], [-113.20792162017284, 35.14928103888813]]]}}, {"type": "Feature", "properties": {"h3": "832b9bfffffffff", "bars": 23, "breweries": 12, "golf_courses": 0, "boat_ramps": 12, "fishing_access": 6, "hardware_stores": 1, "campgrounds": 7, "bowling_pool_clubs": 8, "nfl_miles": 49.0, "nba_miles": 213.8, "mlb_miles": 220.0, "nhl_miles": 108.5, "casino_miles": 232.1}, "geometry": {"type": "Polygon", "coordinates": [[[-79.42239003199485, 43.984339238314476], [-80.14859173400696, 43.614014770430416], [-80.04079830375713, 42.99531036263032], [-79.22728063889042, 42.74453343115546], [-78.50723161048337, 43.105571483487026], [-78.59442734295867, 43.72655729245846], [-79.42239003199485, 43.984339238314476]]]}}, {"type": "Feature", "properties": {"h3": "8344c9fffffffff", "bars": 33, "breweries": 4, "golf_courses": 5, "boat_ramps": 2, "fishing_access": 3, "hardware_stores": 8, "campgrounds": 10, "bowling_pool_clubs": 2, "nfl_miles": 113.9, "nba_miles": 53.2, "mlb_miles": 179.5, "nhl_miles": 351.3, "casino_miles": 42.2}, "geometry": {"type": "Polygon", "coordinates": [[[-85.37659354933155, 35.65335164185885], [-84.87939827143971, 36.07868094205102], [-85.08696804087774, 36.681622865275074], [-85.80111290981186, 36.86166619033961], [-86.30321265174136, 36.43452708675165], [-86.08628847650205, 35.829172964942515], [-85.37659354933155, 35.65335164185885]]]}}, {"type": "Feature", "properties": {"h3": "832776fffffffff", "bars": 19, "breweries": 0, "golf_courses": 9, "boat_ramps": 13, "fishing_access": 2, "hardware_stores": 5, "campgrounds": 7, "bowling_pool_clubs": 0, "nfl_miles": 77.1, "nba_miles": 315.8, "mlb_miles": 308.4, "nhl_miles": 48.1, "casino_miles": 193.2}, "geometry": {"type": "Polygon", "coordinates": [[[-90.36338380636086, 49.54021981060138], [-91.06289658034065, 49.08235655242536], [-90.78152579501695, 48.4574770794233], [-89.82224906931424, 48.28389484647072], [-89.12049563222784, 48.731501936862685], [-89.37985790283099, 49.362865127619955], [-90.36338380636086, 49.54021981060138]]]}}, {"type": "Feature", "properties": {"h3": "832682fffffffff", "bars": 40, "breweries": 3, "golf_courses": 5, "boat_ramps": 3, "fishing_access": 6, "hardware_stores": 4, "campgrounds": 4, "bowling_pool_clubs": 8, "nfl_miles": 154.9, "nba_miles": 198.8, "mlb_miles": 82.4, "nhl_miles": 93.8, "casino_miles": 79.3}, "geometry": {"type": "Polygon", "coordinates": [[[-107.9654745926629, 39.507925102689896], [-107.49266023992504, 40.03640451011159], [-107.87623309004873, 40.602369277665204], [-108.7382316478869, 40.63815220409986], [-109.20732784737721, 40.10774431412724], [-108.8182877537881, 39.54349001369253], [-107.9654745926629, 39.507925102689896]]]}}, {"type": "Feature", "properties": {"h3": "8326a4fffffffff", "bars": 0, "breweries": 9, "golf_courses": 8, "boat_ramps": 8, "fishing_access": 3, "hardware_stores": 3, "campgrounds": 8, "bowling_pool_clubs": 5, "nfl_miles": 237.8, "nba_miles": 137.6, "mlb_miles": 379.6, "nhl_miles": 329.4, "casino_miles": 149.9}, "geometry": {"type": "Polygon", "coordinates": [[[-104.93180921341859, 43.66027697235521], [-104.42379294491253, 44.15126670265345], [-104.80483851594849, 44.70154723793112], [-105.70117194372358, 44.759514222988614], [-106.20654662007901, 44.266420576966794], [-105.81838686788865, 43.71747767649695], [-104.93180921341859, 43.66027697235521]]]}}, {"type": "Feature", "properties": {"h3": "832798fffffffff", "bars": 10, "breweries": 1, "golf_courses": 4, "boat_ramps": 9, "fishing_access": 10, "hardware_stores": 8, "campgrounds": 7, "bowling_pool_clubs": 0, "nfl_miles": 86.8, "nba_miles": 209.5, "mlb_miles": 283.2, "nhl_miles": 78.1, "casino_miles": 27.6}, "geometry": {"type": "Polygon", "coordinates": [[[-107.49914733568879, 44.85437026997786], [-106.99705703626465, 45.34950967581275], [-107.39950460843723, 45.88343632408194], [-108.31049960065609, 45.92055755796771], [-108.80864700364839, 45.42344039457866], [-108.39991174612221, 44.89118918996348], [-107.49914733568879, 44.85437026997786]]]}}, {"type": "Feature", "properties": {"h3": "83288cfffffffff", "bars": 27, "breweries": 6, "golf_courses": 2, "boat_ramps": 11, "fishing_access": 19, "hardware_stores": 9, "campgrounds": 10, "bowling_pool_clubs": 7, "nfl_miles": 261.9, "nba_miles": 152.5, "mlb_miles": 334.3, "nhl_miles": 296.6, "casino_miles": 172.7}, "geometry": {"type": "Polygon", "coordinates": [[[-118.25023610663773, 44.830690622460246], [-117.81841359189073, 45.36478359426205], [-118.27385125808124, 45.852954302391], [-119.16278925258416, 45.80467278811835], [-119.58620856527754, 45.26980078295987], [-119.12924580867033, 44.78397955971432], [-118.25023610663773, 44.830690622460246]]]}}, {"type": "Feature", "properties": {"h3": "834899fffffffff", "bars": 34, "breweries": 1, "golf_courses": 7, "boat_ramps": 9, "fishing_access": 4, "hardware_stores": 1, "campgrounds": 11, "bowling_pool_clubs": 7, "nfl_miles": 75.0, "nba_miles": 151.7, "mlb_miles": 272.0, "nhl_miles": 315.9, "casino_miles": 125.6}, "geometry": {"type": "Polygon", "coordinates": [[[-99.13451190737737, 30.78199736757274], [-98.66627338815579, 31.30648651288573], [-98.96716326527918, 31.924388070946087], [-99.74344034359747, 32.01731540907891], [-100.21178382023747, 31.48993750697799], [-99.90383678183301, 30.872540124279137], [-99.13451190737737, 30.78199736757274]]]}}, {"type": "Feature", "properties": {"h3": "832980fffffffff", "bars": 28, "breweries": 4, "golf_courses": 19, "boat_ramps": 16, "fishing_access": 23, "hardware_stores": 12, "campgrounds": 5, "bowling_pool_clubs": 10, "nfl_miles": 203.5, "nba_miles": 224.9, "mlb_miles": 127.1, "nhl_miles": 30.7, "casino_miles": 80.2}, "geometry": {"type": "Polygon", "coordinates": [[[-115.63899826335394, 36.26911474881034], [-115.2249999228253, 36.83723907450703], [-115.63333052926637, 37.39060674213888], [-116.45808649989078, 37.37326325990091], [-116.86581607393956, 36.80404762503283], [-116.45518408861447, 36.25326221539647], [-115.63899826335394, 36.26911474881034]]]}}, {"type": "Feature", "properties": {"h3": "832671fffffffff", "bars": 44, "breweries": 15, "golf_courses": 7, "boat_ramps": 5, "fishing_access": 9, "hardware_stores": 12, "campgrounds": 11, "bowling_pool_clubs": 9, "nfl_miles": 217.8, "nba_miles": 196.5, "mlb_miles": 164.0, "nhl_miles": 262.2, "casino_miles": 35.4}, "geometry": {"type": "Polygon", "coordinates": [[[-90.24581706815007, 39.51258888304703], [-89.72621630626132, 39.94722184718562], [-89.94593468395075, 40.525079792801314], [-90.75215834469323, 40.69437427078751], [-90.94334815526815, 40.5570179341733], [-91.29193022272084, 40.26530489405515], [-91.02562347546493, 39.6699884133618], [-90.24581706815007, 39.51258888304703]]]}}, {"type": "Feature", "properties": {"h3": "832a85fffffffff", "bars": 35, "breweries": 2, "golf_courses": 4, "boat_ramps": 17, "fishing_access": 14, "hardware_stores": 6, "campgrounds": 9, "bowling_pool_clubs": 6, "nfl_miles": 115.8, "nba_miles": 117.5, "mlb_miles": 89.4, "nhl_miles": 196.8, "casino_miles": 28.1}, "geometry": {"type": "Polygon", "coordinates": [[[-78.86672238076726, 40.31514692089998], [-79.54242045141177, 39.96437928527364], [-79.45016220345619, 39.37138128434727], [-78.69981411751283, 39.12708560115555], [-78.02970892851182, 39.469101646343184], [-78.10427143231793, 40.064060432001234], [-78.86672238076726, 40.31514692089998]]]}}, {"type": "Feature", "properties": {"h3": "832991fffffffff", "bars": 13, "breweries": 11, "golf_courses": 9, "boat_ramps": 6, "fishing_access": 13, "hardware_stores": 9, "campgrounds": 5, "bowling_pool_clubs": 8, "nfl_miles": 289.9, "nba_miles": 102.3, "mlb_miles": 281.1, "nhl_miles": 306.2, "casino_miles": 182.3}, "geometry": {"type": "Polygon", "coordinates": [[[-113.1453039957422, 37.40819976752252], [-112.71079295985878, 37.96501729487879], [-113.11299563455047, 38.52317070518968], [-113.95316655014147, 38.52217900389101], [-114.38212699256789, 37.963948500966595], [-113.97660173610183, 37.408121995315796], [-113.1453039957422, 37.40819976752252]]]}}, {"type": "Feature", "properties": {"h3": "83289dfffffffff", "bars": 31, "breweries": 1, "golf_courses": 9, "boat_ramps": 9, "fishing_access": 14, "hardware_stores": 5, "campgrounds": 8, "bowling_pool_clubs": 1, "nfl_miles": 335.9, "nba_miles": 103.4, "mlb_miles": 384.1, "nhl_miles": 65.1, "casino_miles": 40.6}, "geometry": {"type": "Polygon", "coordinates": [[[-115.58330817592925, 45.956725025450886], [-115.12592915683786, 46.475931191123145], [-115.57640244150916, 46.968697235228724], [-116.48723369835943, 46.939973736614235], [-116.93698174171985, 46.41955712866162], [-116.48369847512731, 45.929068533958066], [-115.58330817592925, 45.956725025450886]]]}}, {"type": "Feature", "properties": {"h3": "8327a9fffffffff", "bars": 38, "breweries": 12, "golf_courses": 6, "boat_ramps": 5, "fishing_access": 15, "hardware_stores": 10, "campgrounds": 10, "bowling_pool_clubs": 0, "nfl_miles": 72.6, "nba_miles": 334.1, "mlb_miles": 359.4, "nhl_miles": 365.2, "casino_miles": 164.5}, "geometry": {"type": "Polygon", "coordinates": [[[-101.25789410863918, 48.13887926713145], [-101.78723733433154, 47.64071968962873], [-101.38037687428944, 47.06672349461017], [-100.45715469278788, 46.98187518394739], [-99.91704879397018, 47.4715191071553], [-100.31049339624114, 48.05453030450613], [-101.25789410863918, 48.13887926713145]]]}}, {"type": "Feature", "properties": {"h3": "8326b5fffffffff", "bars": 0, "breweries": 12, "golf_courses": 2, "boat_ramps": 10, "fishing_access": 4, "hardware_stores": 7, "campgrounds": 8, "bowling_pool_clubs": 4, "nfl_miles": 180.4, "nba_miles": 248.1, "mlb_miles": 110.4, "nhl_miles": 285.3, "casino_miles": 89.4}, "geometry": {"type": "Polygon", "coordinates": [[[-107.6918462556572, 42.75459323566918], [-107.20187935793095, 43.26384277624254], [-107.59657027994857, 43.811280598069516], [-108.48732664123924, 43.84781497007037], [-108.9734408784379, 43.33663545543503], [-108.57281007376784, 42.79086039866055], [-107.6918462556572, 42.75459323566918]]]}}, {"type": "Feature", "properties": {"h3": "832765fffffffff", "bars": 36, "breweries": 12, "golf_courses": 4, "boat_ramps": 14, "fishing_access": 13, "hardware_stores": 5, "campgrounds": 1, "bowling_pool_clubs": 0, "nfl_miles": 260.1, "nba_miles": 223.8, "mlb_miles": 345.1, "nhl_miles": 346.9, "casino_miles": 29.7}, "geometry": {"type": "Polygon", "coordinates": [[[-82.8554608412385, 48.535549998914846], [-83.62547902222268, 48.125916465157616], [-83.45536532365385, 47.48631533770046], [-82.53931309026711, 47.25245984745017], [-81.77383326329712, 47.65194933528007], [-81.91962699890831, 48.295316381881364], [-82.8554608412385, 48.535549998914846]]]}}, {"type": "Feature", "properties": {"h3": "8344dafffffffff", "bars": 13, "breweries": 0, "golf_courses": 22, "boat_ramps": 35, "fishing_access": 52, "hardware_stores": 11, "campgrounds": 7, "bowling_pool_clubs": 9, "nfl_miles": 147.4, "nba_miles": 50.8, "mlb_miles": 122.3, "nhl_miles": 75.2, "casino_miles": 38.1}, "geometry": {"type": "Polygon", "coordinates": [[[-80.25814499659049, 35.81108208756661], [-80.86354120190414, 35.47650247165216], [-80.76455087463756, 34.922719898438494], [-80.07459993914985, 34.70119681846804], [-79.47314411483413, 35.027552646866404], [-79.55761808651526, 35.58356677506037], [-80.25814499659049, 35.81108208756661]]]}}, {"type": "Feature", "properties": {"h3": "834463fffffffff", "bars": 24, "breweries": 6, "golf_courses": 6, "boat_ramps": 6, "fishing_access": 17, "hardware_stores": 3, "campgrounds": 10, "bowling_pool_clubs": 2, "nfl_miles": 211.0, "nba_miles": 107.8, "mlb_miles": 178.5, "nhl_miles": 372.8, "casino_miles": 212.4}, "geometry": {"type": "Polygon", "coordinates": [[[-92.62835076349998, 28.668863028887618], [-92.15897465849429, 29.166432312158097], [-92.40882197021234, 29.788256876597405], [-93.13595107051557, 29.913302560384633], [-93.60763424743115, 29.41269588068114], [-93.34993901016594, 28.790103604105283], [-92.62835076349998, 28.668863028887618]]]}}, {"type": "Feature", "properties": {"h3": "83260bfffffffff", "bars": 19, "breweries": 9, "golf_courses": 13, "boat_ramps": 21, "fishing_access": 8, "hardware_stores": 4, "campgrounds": 0, "bowling_pool_clubs": 1, "nfl_miles": 223.0, "nba_miles": 74.4, "mlb_miles": 292.6, "nhl_miles": 225.8, "casino_miles": 199.8}, "geometry": {"type": "Polygon", "coordinates": [[[-95.24686215665143, 39.3268029344755], [-94.73238379941706, 39.79258830675705], [-95.02839653313511, 40.385877066261344], [-95.84809346832756, 40.5137835908502], [-96.36432448468614, 40.04575295013506], [-96.05920019096511, 39.45208416981631], [-95.24686215665143, 39.3268029344755]]]}}, {"type": "Feature", "properties": {"h3": "8344f1fffffffff", "bars": 8, "breweries": 1, "golf_courses": 2, "boat_ramps": 10, "fishing_access": 13, "hardware_stores": 7, "campgrounds": 11, "bowling_pool_clubs": 6, "nfl_miles": 264.4, "nba_miles": 203.6, "mlb_miles": 192.7, "nhl_miles": 335.2, "casino_miles": 105.4}, "geometry": {"type": "Polygon", "coordinates": [[[-82.4864970493023, 30.44752307562566], [-82.01801008527427, 30.87851147076702], [-82.19302047717976, 31.483260732984867], [-82.84493038105622, 31.65994875432246], [-83.31850409944572, 31.226884197063043], [-83.13508846454988, 30.61922263563346], [-82.4864970493023, 30.44752307562566]]]}}, {"type": "Feature", "properties": {"h3": "8326ccfffffffff", "bars": 28, "breweries": 5, "golf_courses": 13, "boat_ramps": 19, "fishing_access": 0, "hardware_stores": 18, "campgrounds": 15, "bowling_pool_clubs": 13, "nfl_miles": 232.1, "nba_miles": 226.9, "mlb_miles": 104.3, "nhl_miles": 286.2, "casino_miles": 115.7}, "geometry": {"type": "Polygon", "coordinates": [[[-96.27743708571964, 33.86703991881024], [-95.79039001375902, 34.36576408863896], [-96.07918187257589, 34.97867156983966], [-96.86314528739004, 35.093055453019566], [-97.35139482679675, 34.59169925487439], [-97.0545644496254, 33.97861235156145], [-96.27743708571964, 33.86703991881024]]]}}, {"type": "Feature", "properties": {"h3": "8328b4fffffffff", "bars": 2, "breweries": 0, "golf_courses": 9, "boat_ramps": 7, "fishing_access": 11, "hardware_stores": 1, "campgrounds": 9, "bowling_pool_clubs": 7, "nfl_miles": 386.2, "nba_miles": 68.8, "mlb_miles": 302.9, "nhl_miles": 229.5, "casino_miles": 216.9}, "geometry": {"type": "Polygon", "coordinates": [[[-113.04627123921182, 40.720619948005016], [-112.59692272355167, 41.261887535925915], [-113.01180891638316, 41.801826964018844], [-113.87977079744468, 41.798303058169935], [-114.32323284169927, 41.25564791008607], [-113.90476786566882, 40.717903703638335], [-113.04627123921182, 40.720619948005016]]]}}, {"type": "Feature", "properties": {"h3": "8348c1fffffffff", "bars": 17, "breweries": 7, "golf_courses": 8, "boat_ramps": 1, "fishing_access": 16, "hardware_stores": 9, "campgrounds": 1, "bowling_pool_clubs": 3, "nfl_miles": 210.1, "nba_miles": 307.0, "mlb_miles": 385.7, "nhl_miles": 68.1, "casino_miles": 163.9}, "geometry": {"type": "Polygon", "coordinates": [[[-108.46330469280113, 32.72639169840883], [-108.02150413380762, 33.28406755756938], [-108.38454072897143, 33.87846680144814], [-109.19416740762854, 33.91316015448695], [-109.6325113148718, 33.353312748176265], [-109.2648050608792, 32.76095001402532], [-108.46330469280113, 32.72639169840883]]]}}, {"type": "Feature", "properties": {"h3": "8328d0fffffffff", "bars": 102, "breweries": 19, "golf_courses": 19, "boat_ramps": 3, "fishing_access": 21, "hardware_stores": 17, "campgrounds": 24, "bowling_pool_clubs": 0, "nfl_miles": 107.9, "nba_miles": 116.2, "mlb_miles": 107.9, "nhl_miles": 158.0, "casino_miles": 59.9}, "geometry": {"type": "Polygon", "coordinates": [[[-121.0361485865547, 47.68083349243753], [-120.61283582153811, 48.20391753366568], [-121.09293475960447, 48.65576897503098], [-121.99677632829633, 48.582192430911945], [-122.41017544315145, 48.05856899249158], [-121.92979964946605, 47.60904605766893], [-121.0361485865547, 47.68083349243753]]]}}, {"type": "Feature", "properties": {"h3": "8348ddfffffffff", "bars": 18, "breweries": 4, "golf_courses": 2, "boat_ramps": 0, "fishing_access": 19, "hardware_stores": 4, "campgrounds": 11, "bowling_pool_clubs": 4, "nfl_miles": 62.1, "nba_miles": 210.3, "mlb_miles": 100.9, "nhl_miles": 58.6, "casino_miles": 247.7}, "geometry": {"type": "Polygon", "coordinates": [[[-107.12498109494797, 34.38942296723111], [-106.67024391085529, 34.936744364389185], [-107.03130185911286, 35.52911069563973], [-107.85247494327143, 35.572406202139746], [-108.30416222025185, 35.02288629334718], [-107.93785023260513, 34.43227819342154], [-107.12498109494797, 34.38942296723111]]]}}, {"type": "Feature", "properties": {"h3": "8326e8fffffffff", "bars": 39, "breweries": 0, "golf_courses": 4, "boat_ramps": 7, "fishing_access": 2, "hardware_stores": 2, "campgrounds": 8, "bowling_pool_clubs": 1, "nfl_miles": 346.5, "nba_miles": 140.0, "mlb_miles": 87.7, "nhl_miles": 141.1, "casino_miles": 216.6}, "geometry": {"type": "Polygon", "coordinates": [[[-94.80734076683471, 35.34876922114293], [-94.3114299838499, 35.832810949500825], [-94.59315893467405, 36.44201636440428], [-95.37939994227249, 36.56770166310013], [-95.87710507147547, 36.081177827316736], [-95.58685647554312, 35.47147276308673], [-94.80734076683471, 35.34876922114293]]]}}, {"type": "Feature", "properties": {"h3": "8329a8fffffffff", "bars": 0, "breweries": 11, "golf_courses": 1, "boat_ramps": 9, "fishing_access": 5, "hardware_stores": 9, "campgrounds": 11, "bowling_pool_clubs": 2, "nfl_miles": 277.3, "nba_miles": 173.1, "mlb_miles": 103.1, "nhl_miles": 321.7, "casino_miles": 70.5}, "geometry": {"type": "Polygon", "coordinates": [[[-119.27193449075268, 35.59505103252632], [-118.88578599606402, 36.17313904952839], [-119.3039644931409, 36.71298358921949], [-120.10929921606825, 36.67191407652815], [-120.48820128870368, 36.0933022810262], [-120.06912716335565, 35.556274372503424], [-119.27193449075268, 35.59505103252632]]]}}, {"type": "Feature", "properties": {"h3": "832a9cfffffffff", "bars": 11, "breweries": 1, "golf_courses": 5, "boat_ramps": 2, "fishing_access": 4, "hardware_stores": 9, "campgrounds": 14, "bowling_pool_clubs": 2, "nfl_miles": 312.3, "nba_miles": 284.3, "mlb_miles": 172.3, "nhl_miles": 162.5, "casino_miles": 155.8}, "geometry": {"type": "Polygon", "coordinates": [[[-82.26705878743627, 39.125450661205164], [-82.89880301993625, 38.76237622077587], [-82.76859156459132, 38.183054563219144], [-82.02277338234296, 37.96367178694048], [-81.39437152786543, 38.31788151711315], [-81.50832206153967, 38.90024656500459], [-82.26705878743627, 39.125450661205164]]]}}, {"type": "Feature", "properties": {"h3": "834419fffffffff", "bars": 40, "breweries": 2, "golf_courses": 3, "boat_ramps": 9, "fishing_access": 11, "hardware_stores": 0, "campgrounds": 10, "bowling_pool_clubs": 4, "nfl_miles": 312.0, "nba_miles": 81.8, "mlb_miles": 100.3, "nhl_miles": 183.5, "casino_miles": 85.8}, "geometry": {"type": "Polygon", "coordinates": [[[-84.16396590042547, 28.067052188780938], [-83.70214639542924, 28.517398368122898], [-83.88649319019274, 29.126548039231647], [-84.54078767491532, 29.2878659951522], [-85.00714284003607, 28.834980045876637], [-84.81468252182852, 28.223333867668686], [-84.16396590042547, 28.067052188780938]]]}}, {"type": "Feature", "properties": {"h3": "832b90fffffffff", "bars": 34, "breweries": 3, "golf_courses": 6, "boat_ramps": 10, "fishing_access": 12, "hardware_stores": 7, "campgrounds": 4, "bowling_pool_clubs": 2, "nfl_miles": 231.0, "nba_miles": 196.5, "mlb_miles": 144.0, "nhl_miles": 327.0, "casino_miles": 104.8}, "geometry": {"type": "Polygon", "coordinates": [[[-80.07760542692787, 47.79322858495945], [-80.86217543154129, 47.40430532989323], [-80.73460069185393, 46.763942595185114], [-79.84654576865691, 46.50971200024035], [-79.06872206001255, 46.88881037172931], [-79.17203759557559, 47.53183516633613], [-80.07760542692787, 47.79322858495945]]]}}, {"type": "Feature", "properties": {"h3": "832699fffffffff", "bars": 20, "breweries": 8, "golf_courses": 0, "boat_ramps": 1, "fishing_access": 17, "hardware_stores": 10, "campgrounds": 5, "bowling_pool_clubs": 6, "nfl_miles": 259.8, "nba_miles": 274.7, "mlb_miles": 138.1, "nhl_miles": 137.3, "casino_miles": 203.5}, "geometry": {"type": "Polygon", "coordinates": [[[-106.93568071744238, 36.6598915474252], [-106.47055990059373, 37.1975222453905], [-106.83805720562071, 37.78099021339411], [-107.67634481803461, 37.82519364791113], [-108.13836018451853, 37.28546113576288], [-107.76532497176767, 36.70363636433371], [-106.93568071744238, 36.6598915474252]]]}}, {"type": "Feature", "properties": {"h3": "832881fffffffff", "bars": 16, "breweries": 10, "golf_courses": 9, "boat_ramps": 6, "fishing_access": 14, "hardware_stores": 10, "campgrounds": 11, "bowling_pool_clubs": 3, "nfl_miles": 304.4, "nba_miles": 251.9, "mlb_miles": 110.2, "nhl_miles": 161.5, "casino_miles": 177.2}, "geometry": {"type": "Polygon", "coordinates": [[[-116.91992232402644, 44.37097056454861], [-116.48024328983657, 44.90411193249163], [-116.92835502755169, 45.402185384016036], [-117.81841359189073, 45.36478359426205], [-118.25023610663773, 44.830690622460246], [-117.80001237423949, 44.33494349167411], [-116.91992232402644, 44.37097056454861]]]}}, {"type": "Feature", "properties": {"h3": "83278dfffffffff", "bars": 11, "breweries": 5, "golf_courses": 8, "boat_ramps": 0, "fishing_access": 0, "hardware_stores": 1, "campgrounds": 0, "bowling_pool_clubs": 6, "nfl_miles": 75.2, "nba_miles": 77.4, "mlb_miles": 200.5, "nhl_miles": 119.0, "casino_miles": 81.6}, "geometry": {"type": "Polygon", "coordinates": [[[-102.80501189697222, 46.6484532490752], [-103.29433130519647, 46.154747410600926], [-102.88487990520927, 45.59527305852131], [-101.99711950990842, 45.520472599940085], [-101.49676914671461, 46.006149047834136], [-101.89482153568153, 46.574670224714126], [-102.80501189697222, 46.6484532490752]]]}}, {"type": "Feature", "properties": {"h3": "83488efffffffff", "bars": 12, "breweries": 0, "golf_courses": 0, "boat_ramps": 9, "fishing_access": 2, "hardware_stores": 0, "campgrounds": 9, "bowling_pool_clubs": 3, "nfl_miles": 382.2, "nba_miles": 269.7, "mlb_miles": 294.9, "nhl_miles": 83.2, "casino_miles": 216.3}, "geometry": {"type": "Polygon", "coordinates": [[[-100.51962781584173, 29.186586469787937], [-100.061214992845, 29.72188188001257], [-100.36716587192403, 30.34097829226808], [-101.1381884540413, 30.423935041979828], [-101.59620527198447, 29.885644741509857], [-101.28368837257497, 29.267410410784862], [-100.51962781584173, 29.186586469787937]]]}}, {"type": "Feature", "properties": {"h3": "832666fffffffff", "bars": 16, "breweries": 12, "golf_courses": 20, "boat_ramps": 11, "fishing_access": 7, "hardware_stores": 22, "campgrounds": 5, "bowling_pool_clubs": 8, "nfl_miles": 92.7, "nba_miles": 177.5, "mlb_miles": 41.9, "nhl_miles": 129.5, "casino_miles": 160.5}, "geometry": {"type": "Polygon", "coordinates": [[[-88.97404515054636, 41.9303291379041], [-89.5783976626672, 41.51855472869031], [-89.35835857272995, 40.932576766537075], [-88.54992357173472, 40.75295554842209], [-87.94486478309473, 41.1553838498689], [-88.14871909648666, 41.746708998925556], [-88.97404515054636, 41.9303291379041]]]}}, {"type": "Feature", "properties": {"h3": "83275afffffffff", "bars": 27, "breweries": 11, "golf_courses": 5, "boat_ramps": 4, "fishing_access": 5, "hardware_stores": 1, "campgrounds": 4, "bowling_pool_clubs": 0, "nfl_miles": 177.8, "nba_miles": 159.8, "mlb_miles": 61.6, "nhl_miles": 384.0, "casino_miles": 77.2}, "geometry": {"type": "Polygon", "coordinates": [[[-91.12917935820074, 43.465408892741536], [-91.72982259888487, 43.03479179058443], [-91.47626179179873, 42.44495953871468], [-90.63813445451983, 42.279561246754426], [-90.03523203991399, 42.70073950859948], [-90.27244284723291, 43.29669345500196], [-91.12917935820074, 43.465408892741536]]]}}, {"type": "Feature", "properties": {"h3": "83271bfffffffff", "bars": 28, "breweries": 1, "golf_courses": 7, "boat_ramps": 14, "fishing_access": 6, "hardware_stores": 9, "campgrounds": 6, "bowling_pool_clubs": 2, "nfl_miles": 272.4, "nba_miles": 79.0, "mlb_miles": 234.6, "nhl_miles": 195.3, "casino_miles": 159.3}, "geometry": {"type": "Polygon", "coordinates": [[[-98.41541624608865, 47.86146567023137], [-98.98163304593196, 47.375019255650244], [-98.61020742528743, 46.78892282839536], [-97.687441361477, 46.680813951539314], [-97.11264911498516, 47.158206641168945], [-97.46877562462615, 47.75274382966932], [-98.41541624608865, 47.86146567023137]]]}}, {"type": "Feature", "properties": {"h3": "83485bfffffffff", "bars": 6, "breweries": 7, "golf_courses": 4, "boat_ramps": 1, "fishing_access": 1, "hardware_stores": 1, "campgrounds": 1, "bowling_pool_clubs": 4, "nfl_miles": 319.8, "nba_miles": 46.8, "mlb_miles": 219.2, "nhl_miles": 275.0, "casino_miles": 15.2}, "geometry": {"type": "Polygon", "coordinates": [[[-114.47239453782798, 32.284103737145365], [-114.0656081345257, 32.86078361749077], [-114.45507393531685, 33.43588476606372], [-115.25400548040932, 33.431536491573596], [-115.65531575982729, 32.85341853110773], [-115.26328580274907, 32.28108352781913], [-114.47239453782798, 32.284103737145365]]]}}, {"type": "Feature", "properties": {"h3": "832a36fffffffff", "bars": 4, "breweries": 12, "golf_courses": 8, "boat_ramps": 4, "fishing_access": 21, "hardware_stores": 12, "campgrounds": 18, "bowling_pool_clubs": 0, "nfl_miles": 181.9, "nba_miles": 305.7, "mlb_miles": 174.7, "nhl_miles": 158.8, "casino_miles": 172.9}, "geometry": {"type": "Polygon", "coordinates": [[[-71.53395847884435, 44.28339504097626], [-72.32338161918123, 43.96436330598874], [-72.3209858071375, 43.34015832956712], [-71.55052924575753, 43.035560206435555], [-70.77262420310291, 43.34655143465862], [-70.75368160053974, 43.97005800353858], [-71.53395847884435, 44.28339504097626]]]}}, {"type": "Feature", "properties": {"h3": "83444cfffffffff", "bars": 4, "breweries": 8, "golf_courses": 3, "boat_ramps": 0, "fishing_access": 12, "hardware_stores": 7, "campgrounds": 1, "bowling_pool_clubs": 8, "nfl_miles": 376.6, "nba_miles": 169.2, "mlb_miles": 285.5, "nhl_miles": 184.2, "casino_miles": 163.6}, "geometry": {"type": "Polygon", "coordinates": [[[-93.17771064982072, 31.651131434502837], [-92.69640319401918, 32.14171599111543], [-92.9568907274467, 32.76028088358095], [-93.7069497567746, 32.88905364263002], [-94.19050077755726, 32.395718151835744], [-93.92181459579034, 31.776382904517572], [-93.17771064982072, 31.651131434502837]]]}}, {"type": "Feature", "properties": {"h3": "834458fffffffff", "bars": 41, "breweries": 1, "golf_courses": 5, "boat_ramps": 8, "fishing_access": 10, "hardware_stores": 1, "campgrounds": 7, "bowling_pool_clubs": 4, "nfl_miles": 273.2, "nba_miles": 103.6, "mlb_miles": 54.2, "nhl_miles": 178.3, "casino_miles": 59.9}, "geometry": {"type": "Polygon", "coordinates": [[[-89.53187646021644, 32.6787249396241], [-89.04511876876445, 33.1440819007423], [-89.27994007433988, 33.75873840857769], [-90.01027450936651, 33.9096239578931], [-90.5005057946158, 33.441811573125], [-90.25697589361646, 32.82559032395142], [-89.53187646021644, 32.6787249396241]]]}}, {"type": "Feature", "properties": {"h3": "832633fffffffff", "bars": 44, "breweries": 6, "golf_courses": 1, "boat_ramps": 10, "fishing_access": 11, "hardware_stores": 7, "campgrounds": 1, "bowling_pool_clubs": 7, "nfl_miles": 304.7, "nba_miles": 90.4, "mlb_miles": 109.5, "nhl_miles": 299.1, "casino_miles": 154.3}, "geometry": {"type": "Polygon", "coordinates": [[[-100.21889369364187, 45.34926358365524], [-100.72915134761178, 44.8718451359702], [-100.54295977530182, 44.58897800884861], [-100.36671923775016, 44.308638103241314], [-99.49064886689408, 44.2099989682831], [-98.97156735362213, 44.678964846639566], [-99.32928299408815, 45.25282165698742], [-100.21889369364187, 45.34926358365524]]]}}, {"type": "Feature", "properties": {"h3": "83281bfffffffff", "bars": 31, "breweries": 6, "golf_courses": 1, "boat_ramps": 12, "fishing_access": 17, "hardware_stores": 10, "campgrounds": 4, "bowling_pool_clubs": 7, "nfl_miles": 232.2, "nba_miles": 340.3, "mlb_miles": 201.8, "nhl_miles": 398.5, "casino_miles": 23.7}, "geometry": {"type": "Polygon", "coordinates": [[[-123.37013129044756, 43.430739375495556], [-122.98617149344271, 43.98357867786783], [-123.44954009529842, 44.454599865059286], [-124.29625240032743, 44.370406328558374], [-124.67061556195907, 43.817688440617786], [-124.20798214738188, 43.34902772978442], [-123.37013129044756, 43.430739375495556]]]}}, {"type": "Feature", "properties": {"h3": "832600fffffffff", "bars": 3, "breweries": 5, "golf_courses": 0, "boat_ramps": 6, "fishing_access": 3, "hardware_stores": 3, "campgrounds": 10, "bowling_pool_clubs": 8, "nfl_miles": 205.0, "nba_miles": 284.1, "mlb_miles": 354.7, "nhl_miles": 93.6, "casino_miles": 151.1}, "geometry": {"type": "Polygon", "coordinates": [[[-97.75484759977562, 43.99643299465012], [-98.10744761625118, 43.68940030393375], [-98.28394769594586, 43.536367485244874], [-97.95309369921226, 42.963822827926336], [-97.10067441178334, 42.84826475133103], [-96.74790269070407, 43.15220317516774], [-96.5686787521048, 43.30285315194157], [-96.8881726905838, 43.879336779294704], [-97.75484759977562, 43.99643299465012]]]}}, {"type": "Feature", "properties": {"h3": "8326f4fffffffff", "bars": 4, "breweries": 0, "golf_courses": 2, "boat_ramps": 7, "fishing_access": 20, "hardware_stores": 0, "campgrounds": 7, "bowling_pool_clubs": 0, "nfl_miles": 127.4, "nba_miles": 273.6, "mlb_miles": 45.2, "nhl_miles": 267.8, "casino_miles": 227.6}, "geometry": {"type": "Polygon", "coordinates": [[[-100.36691225519512, 38.91212353249477], [-99.86618475844227, 39.40829131413818], [-100.19890555870306, 39.99679955916903], [-101.04033001739265, 40.08859650843911], [-101.54063946841433, 39.59010853928674], [-101.20006269485634, 39.00216267192555], [-100.36691225519512, 38.91212353249477]]]}}, {"type": "Feature", "properties": {"h3": "8348e9fffffffff", "bars": 105, "breweries": 6, "golf_courses": 14, "boat_ramps": 39, "fishing_access": 10, "hardware_stores": 26, "campgrounds": 18, "bowling_pool_clubs": 2, "nfl_miles": 162.5, "nba_miles": 36.5, "mlb_miles": 105.7, "nhl_miles": 159.2, "casino_miles": 32.8}, "geometry": {"type": "Polygon", "coordinates": [[[-112.08972175839837, 32.263404054744015], [-111.66883788254948, 32.83388073168828], [-112.04812930193182, 33.418019675790745], [-112.85182686097026, 33.4291562613683], [-113.26800832642184, 32.85690516760766], [-112.88531283853716, 32.275292328343376], [-112.08972175839837, 32.263404054744015]]]}}, {"type": "Feature", "properties": {"h3": "8328dcfffffffff", "bars": 12, "breweries": 6, "golf_courses": 5, "boat_ramps": 12, "fishing_access": 12, "hardware_stores": 5, "campgrounds": 1, "bowling_pool_clubs": 8, "nfl_miles": 89.4, "nba_miles": 341.1, "mlb_miles": 325.5, "nhl_miles": 315.1, "casino_miles": 154.4}, "geometry": {"type": "Polygon", "coordinates": [[[-123.78541407377031, 48.414997231106895], [-123.38242970987118, 48.93897284196864], [-123.8742581599765, 49.369796013988854], [-124.76817716259288, 49.2743785205805], [-125.16028121379581, 48.75024400982435], [-124.66948483336984, 48.32166660081046], [-123.78541407377031, 48.414997231106895]]]}}, {"type": "Feature", "properties": {"h3": "83274efffffffff", "bars": 42, "breweries": 2, "golf_courses": 3, "boat_ramps": 8, "fishing_access": 9, "hardware_stores": 13, "campgrounds": 5, "bowling_pool_clubs": 11, "nfl_miles": 175.6, "nba_miles": 145.1, "mlb_miles": 274.6, "nhl_miles": 39.3, "casino_miles": 28.3}, "geometry": {"type": "Polygon", "coordinates": [[[-86.63049330507073, 44.181331990421754], [-87.29055066840294, 43.76873847056317], [-87.08855782006776, 43.16177540359025], [-86.24505772978344, 42.96249749580974], [-85.58594694205833, 43.36539943017474], [-85.7691546585194, 43.97718244704766], [-86.63049330507073, 44.181331990421754]]]}}, {"type": "Feature", "properties": {"h3": "83265afffffffff", "bars": 40, "breweries": 9, "golf_courses": 6, "boat_ramps": 12, "fishing_access": 5, "hardware_stores": 0, "campgrounds": 7, "bowling_pool_clubs": 1, "nfl_miles": 42.3, "nba_miles": 104.6, "mlb_miles": 72.1, "nhl_miles": 274.6, "casino_miles": 223.4}, "geometry": {"type": "Polygon", "coordinates": [[[-92.5030269857023, 34.95441336025027], [-92.00664969796266, 35.42710247540937], [-92.26977028380901, 36.03788548382145], [-93.03812642103752, 36.17697280525702], [-93.53712294595302, 35.70186260562032], [-93.26521175979074, 35.0901083935365], [-92.5030269857023, 34.95441336025027]]]}}, {"type": "Feature", "properties": {"h3": "8344e6fffffffff", "bars": 26, "breweries": 11, "golf_courses": 7, "boat_ramps": 11, "fishing_access": 4, "hardware_stores": 3, "campgrounds": 2, "bowling_pool_clubs": 4, "nfl_miles": 228.3, "nba_miles": 188.3, "mlb_miles": 377.7, "nhl_miles": 259.8, "casino_miles": 23.8}, "geometry": {"type": "Polygon", "coordinates": [[[-83.88649319019274, 29.126548039231647], [-83.4207979219266, 29.571467376092365], [-83.60470181011483, 30.180069290846312], [-84.26257560241332, 30.346368912980648], [-84.73295246542502, 29.89906782240826], [-84.54078767491532, 29.2878659951522], [-83.88649319019274, 29.126548039231647]]]}}, {"type": "Feature", "properties": {"h3": "8326c1fffffffff", "bars": 46, "breweries": 31, "golf_courses": 5, "boat_ramps": 40, "fishing_access": 38, "hardware_stores": 22, "campgrounds": 26, "bowling_pool_clubs": 0, "nfl_miles": 69.0, "nba_miles": 29.7, "mlb_miles": 115.0, "nhl_miles": 113.9, "casino_miles": 47.9}, "geometry": {"type": "Polygon", "coordinates": [[[-97.35139482679675, 34.59169925487439], [-96.86314528739004, 35.093055453019566], [-97.16163325356518, 35.70299850455273], [-97.95639818402604, 35.81158255687421], [-98.44545303049377, 35.30764046610997], [-98.13903068922362, 34.69772079897264], [-97.35139482679675, 34.59169925487439]]]}}, {"type": "Feature", "properties": {"h3": "8328a9fffffffff", "bars": 34, "breweries": 8, "golf_courses": 3, "boat_ramps": 7, "fishing_access": 20, "hardware_stores": 10, "campgrounds": 3, "bowling_pool_clubs": 4, "nfl_miles": 58.1, "nba_miles": 79.2, "mlb_miles": 92.2, "nhl_miles": 338.3, "casino_miles": 225.6}, "geometry": {"type": "Polygon", "coordinates": [[[-120.82151985597137, 43.64055980163682], [-120.41549568695858, 44.18760218548445], [-120.8733831358066, 44.67105014273242], [-121.7377846106953, 44.60505288134455], [-122.13483148443464, 44.05769081450338], [-121.6765887644535, 43.57663313227531], [-120.82151985597137, 43.64055980163682]]]}}, {"type": "Feature", "properties": {"h3": "83299dfffffffff", "bars": 31, "breweries": 2, "golf_courses": 2, "boat_ramps": 10, "fishing_access": 1, "hardware_stores": 0, "campgrounds": 10, "bowling_pool_clubs": 5, "nfl_miles": 142.6, "nba_miles": 196.5, "mlb_miles": 160.3, "nhl_miles": 329.9, "casino_miles": 193.2}, "geometry": {"type": "Polygon", "coordinates": [[[-115.62754244415744, 38.50229569461808], [-115.20463020380643, 39.061760306204434], [-115.62163013363723, 39.60348400894916], [-116.46407789572766, 39.58328212827859], [-116.88045210211388, 39.02276887421968], [-116.46105044303361, 38.48350165035189], [-115.62754244415744, 38.50229569461808]]]}}, {"type": "Feature", "properties": {"h3": "832a91fffffffff", "bars": 11, "breweries": 6, "golf_courses": 23, "boat_ramps": 3, "fishing_access": 34, "hardware_stores": 5, "campgrounds": 10, "bowling_pool_clubs": 0, "nfl_miles": 95.8, "nba_miles": 35.2, "mlb_miles": 163.1, "nhl_miles": 134.6, "casino_miles": 70.5}, "geometry": {"type": "Polygon", "coordinates": [[[-83.16892327137472, 39.93432380888241], [-83.8035743654918, 39.562220194393774], [-83.66027743483397, 38.977984494053196], [-82.89880301993625, 38.76237622077587], [-82.26705878743627, 39.125450661205164], [-82.39374132585091, 39.71307115480017], [-83.16892327137472, 39.93432380888241]]]}}, {"type": "Feature", "properties": {"h3": "832b85fffffffff", "bars": 20, "breweries": 6, "golf_courses": 3, "boat_ramps": 11, "fishing_access": 10, "hardware_stores": 3, "campgrounds": 1, "bowling_pool_clubs": 5, "nfl_miles": 122.0, "nba_miles": 125.4, "mlb_miles": 188.5, "nhl_miles": 112.0, "casino_miles": 224.5}, "geometry": {"type": "Polygon", "coordinates": [[[-74.02409063550559, 47.11737490149015], [-74.84769172933912, 46.77261804291032], [-74.80857540879882, 46.13112428385697], [-73.97008515141388, 45.8340078449846], [-73.1577583870519, 46.16991880038917], [-73.17261991670398, 46.81165601575054], [-74.02409063550559, 47.11737490149015]]]}}, {"type": "Feature", "properties": {"h3": "83268efffffffff", "bars": 9, "breweries": 15, "golf_courses": 18, "boat_ramps": 15, "fishing_access": 3, "hardware_stores": 13, "campgrounds": 4, "bowling_pool_clubs": 6, "nfl_miles": 264.5, "nba_miles": 143.6, "mlb_miles": 126.3, "nhl_miles": 62.1, "casino_miles": 130.8}, "geometry": {"type": "Polygon", "coordinates": [[[-105.52685292295116, 38.25975663382742], [-105.04826666914853, 38.78405339245845], [-105.41287523466056, 39.36392672652147], [-106.26239443941063, 39.41811366402537], [-106.73836834676085, 38.8916739874737], [-106.36757043650675, 38.313202067553185], [-105.52685292295116, 38.25975663382742]]]}}, {"type": "Feature", "properties": {"h3": "832782fffffffff", "bars": 40, "breweries": 5, "golf_courses": 4, "boat_ramps": 3, "fishing_access": 10, "hardware_stores": 2, "campgrounds": 0, "bowling_pool_clubs": 0, "nfl_miles": 141.0, "nba_miles": 80.0, "mlb_miles": 207.6, "nhl_miles": 190.6, "casino_miles": 193.7}, "geometry": {"type": "Polygon", "coordinates": [[[-108.27458474194752, 47.98702810125281], [-108.69780321642347, 47.47123541801432], [-108.21902141506561, 46.935541920671746], [-107.32448787527257, 46.905890084274155], [-106.88627921020361, 47.414970587918305], [-107.35719982445057, 47.96046750109281], [-108.27458474194752, 47.98702810125281]]]}}, {"type": "Feature", "properties": {"h3": "834882fffffffff", "bars": 28, "breweries": 9, "golf_courses": 19, "boat_ramps": 5, "fishing_access": 40, "hardware_stores": 19, "campgrounds": 5, "bowling_pool_clubs": 17, "nfl_miles": 230.2, "nba_miles": 46.0, "mlb_miles": 230.6, "nhl_miles": 142.5, "casino_miles": 165.9}, "geometry": {"type": "Polygon", "coordinates": [[[-98.41735526448812, 27.768418502049627], [-97.95928273663748, 28.297437062380766], [-98.2478790417796, 28.919833571425052], [-99.00148080119773, 29.012715756827127], [-99.45990612886956, 28.480513109678913], [-99.16445895138712, 27.85863255438862], [-98.41735526448812, 27.768418502049627]]]}}, {"type": "Feature", "properties": {"h3": "832781fffffffff", "bars": 37, "breweries": 7, "golf_courses": 7, "boat_ramps": 4, "fishing_access": 0, "hardware_stores": 6, "campgrounds": 11, "bowling_pool_clubs": 3, "nfl_miles": 129.2, "nba_miles": 196.3, "mlb_miles": 120.1, "nhl_miles": 373.9, "casino_miles": 237.4}, "geometry": {"type": "Polygon", "coordinates": [[[-105.5111850527279, 47.88475205816081], [-105.97493730941171, 47.37581277115479], [-105.52476850499913, 46.824977445643775], [-104.62043450111153, 46.77355602109694], [-104.14330482734766, 47.27502787731517], [-104.58347433284543, 47.835422724850616], [-105.5111850527279, 47.88475205816081]]]}}, {"type": "Feature", "properties": {"h3": "83268dfffffffff", "bars": 36, "breweries": 0, "golf_courses": 6, "boat_ramps": 1, "fishing_access": 1, "hardware_stores": 7, "campgrounds": 11, "bowling_pool_clubs": 8, "nfl_miles": 50.1, "nba_miles": 222.8, "mlb_miles": 204.8, "nhl_miles": 315.5, "casino_miles": 200.6}, "geometry": {"type": "Polygon", "coordinates": [[[-103.0166247796548, 38.06389585804876], [-102.52880768036133, 38.57762995444294], [-102.876806697208, 39.1647845779263], [-103.71972047099817, 39.237206046551826], [-104.20599904013338, 38.721189354023906], [-103.85102976556078, 38.13504916583624], [-103.0166247796548, 38.06389585804876]]]}}, {"type": "Feature", "properties": {"h3": "834883fffffffff", "bars": 57, "breweries": 15, "golf_courses": 7, "boat_ramps": 2, "fishing_access": 35, "hardware_stores": 0, "campgrounds": 22, "bowling_pool_clubs": 13, "nfl_miles": 272.6, "nba_miles": 61.8, "mlb_miles": 103.8, "nhl_miles": 194.6, "casino_miles": 25.9}, "geometry": {"type": "Polygon", "coordinates": [[[-99.45990612886956, 28.480513109678913], [-99.00148080119773, 29.012715756827127], [-99.29873141956215, 29.633735070104283], [-100.061214992845, 29.72188188001257], [-100.51962781584173, 29.186586469787937], [-100.21565706573199, 28.566256070731242], [-99.45990612886956, 28.480513109678913]]]}}, {"type": "Feature", "properties": {"h3": "83265bfffffffff", "bars": 61, "breweries": 9, "golf_courses": 2, "boat_ramps": 14, "fishing_access": 27, "hardware_stores": 0, "campgrounds": 14, "bowling_pool_clubs": 7, "nfl_miles": 270.1, "nba_miles": 301.4, "mlb_miles": 157.7, "nhl_miles": 275.6, "casino_miles": 86.9}, "geometry": {"type": "Polygon", "coordinates": [[[-91.49084714009675, 34.200716475371294], [-90.9974006083456, 34.6709728803592], [-91.25087961816433, 35.28356676218146], [-92.00664969796266, 35.42710247540937], [-92.5030269857023, 34.95441336025027], [-92.24076384538549, 34.34064324326677], [-91.49084714009675, 34.200716475371294]]]}}, {"type": "Feature", "properties": {"h3": "83444dfffffffff", "bars": 29, "breweries": 11, "golf_courses": 0, "boat_ramps": 13, "fishing_access": 20, "hardware_stores": 1, "campgrounds": 6, "bowling_pool_clubs": 5, "nfl_miles": 231.1, "nba_miles": 146.8, "mlb_miles": 311.0, "nhl_miles": 291.3, "casino_miles": 158.9}, "geometry": {"type": "Polygon", "coordinates": [[[-94.19050077755726, 32.395718151835744], [-93.7069497567746, 32.88905364263002], [-93.97672487676907, 33.50626944450676], [-94.73829216575729, 33.63074926899124], [-95.22376469663934, 33.13469969517017], [-94.94582051780955, 32.51690625937428], [-94.19050077755726, 32.395718151835744]]]}}, {"type": "Feature", "properties": {"h3": "832628fffffffff", "bars": 36, "breweries": 12, "golf_courses": 3, "boat_ramps": 2, "fishing_access": 19, "hardware_stores": 5, "campgrounds": 11, "bowling_pool_clubs": 0, "nfl_miles": 214.7, "nba_miles": 350.4, "mlb_miles": 163.0, "nhl_miles": 55.7, "casino_miles": 100.1}, "geometry": {"type": "Polygon", "coordinates": [[[-93.72154726053162, 43.931758656716966], [-94.29776721678304, 43.48716930878649], [-94.0109533020247, 42.903169097505284], [-93.16301751246294, 42.75684590617456], [-92.58268675884928, 43.19216281409672], [-92.8541000587623, 43.78302934404948], [-93.72154726053162, 43.931758656716966]]]}}, {"type": "Feature", "properties": {"h3": "832810fffffffff", "bars": 29, "breweries": 9, "golf_courses": 0, "boat_ramps": 5, "fishing_access": 11, "hardware_stores": 2, "campgrounds": 10, "bowling_pool_clubs": 8, "nfl_miles": 293.8, "nba_miles": 241.9, "mlb_miles": 318.5, "nhl_miles": 89.8, "casino_miles": 93.7}, "geometry": {"type": "Polygon", "coordinates": [[[-120.67257085346255, 40.47323742199881], [-120.27862578598697, 41.035725063983975], [-120.72114945182996, 41.54116945198091], [-121.55814017112195, 41.48159012976416], [-121.9437268834602, 40.91885146671973], [-121.50080387637038, 40.415931916503304], [-120.67257085346255, 40.47323742199881]]]}}, {"type": "Feature", "properties": {"h3": "83441afffffffff", "bars": 34, "breweries": 1, "golf_courses": 7, "boat_ramps": 11, "fishing_access": 18, "hardware_stores": 3, "campgrounds": 11, "bowling_pool_clubs": 3, "nfl_miles": 155.4, "nba_miles": 363.3, "mlb_miles": 221.3, "nhl_miles": 192.3, "casino_miles": 27.8}, "geometry": {"type": "Polygon", "coordinates": [[[-82.25372934517684, 27.587840623822764], [-81.79769398399905, 28.027951836577206], [-81.96649416243142, 28.63180650194559], [-82.59930359544812, 28.798395967574926], [-83.06021263657905, 28.35587270997888], [-82.88344426087562, 27.749187849205157], [-82.25372934517684, 27.587840623822764]]]}}, {"type": "Feature", "properties": {"h3": "832a90fffffffff", "bars": 47, "breweries": 22, "golf_courses": 14, "boat_ramps": 31, "fishing_access": 32, "hardware_stores": 16, "campgrounds": 26, "bowling_pool_clubs": 3, "nfl_miles": 108.3, "nba_miles": 120.0, "mlb_miles": 175.6, "nhl_miles": 189.6, "casino_miles": 63.8}, "geometry": {"type": "Polygon", "coordinates": [[[-84.10098314612456, 40.743488594522496], [-84.73805142411926, 40.36220275785905], [-84.58095168189637, 39.773483865856534], [-83.8035743654918, 39.562220194393774], [-83.16892327137472, 39.93432380888241], [-83.30907267004419, 40.52678315507312], [-84.10098314612456, 40.743488594522496]]]}}, {"type": "Feature", "properties": {"h3": "83299cfffffffff", "bars": 23, "breweries": 12, "golf_courses": 1, "boat_ramps": 3, "fishing_access": 14, "hardware_stores": 1, "campgrounds": 1, "bowling_pool_clubs": 6, "nfl_miles": 363.3, "nba_miles": 143.8, "mlb_miles": 384.4, "nhl_miles": 79.4, "casino_miles": 79.8}, "geometry": {"type": "Polygon", "coordinates": [[[-114.38212699256789, 37.963948500966595], [-113.95316655014147, 38.52217900389101], [-114.36291537359553, 39.07228591373415], [-115.20463020380643, 39.061760306204434], [-115.62754244415744, 38.50229569461808], [-115.21492269630696, 37.95458819397158], [-114.38212699256789, 37.963948500966595]]]}}, {"type": "Feature", "properties": {"h3": "8328a8fffffffff", "bars": 44, "breweries": 2, "golf_courses": 7, "boat_ramps": 2, "fishing_access": 6, "hardware_stores": 8, "campgrounds": 10, "bowling_pool_clubs": 0, "nfl_miles": 145.5, "nba_miles": 389.0, "mlb_miles": 234.9, "nhl_miles": 87.5, "casino_miles": 96.5}, "geometry": {"type": "Polygon", "coordinates": [[[-119.5109793717686, 43.203253132665154], [-119.09644738968407, 43.74978177246419], [-119.54817462838183, 44.24316182050442], [-120.41549568695858, 44.18760218548445], [-120.82151985597137, 43.64055980163682], [-120.36887002957451, 43.14958001390266], [-119.5109793717686, 43.203253132665154]]]}}, {"type": "Feature", "properties": {"h3": "8326e9fffffffff", "bars": 28, "breweries": 11, "golf_courses": 0, "boat_ramps": 4, "fishing_access": 6, "hardware_stores": 1, "campgrounds": 0, "bowling_pool_clubs": 3, "nfl_miles": 340.6, "nba_miles": 227.1, "mlb_miles": 160.9, "nhl_miles": 248.3, "casino_miles": 169.1}, "geometry": {"type": "Polygon", "coordinates": [[[-93.75896753393855, 34.608571661173514], [-93.26521175979074, 35.0901083935365], [-93.53712294595302, 35.70186260562032], [-94.3114299838499, 35.832810949500825], [-94.80734076683471, 35.34876922114293], [-94.52686367565859, 34.73630623236729], [-93.75896753393855, 34.608571661173514]]]}}, {"type": "Feature", "properties": {"h3": "8326c0fffffffff", "bars": 41, "breweries": 15, "golf_courses": 18, "boat_ramps": 21, "fishing_access": 33, "hardware_stores": 17, "campgrounds": 14, "bowling_pool_clubs": 14, "nfl_miles": 102.0, "nba_miles": 59.2, "mlb_miles": 222.6, "nhl_miles": 69.1, "casino_miles": 52.5}, "geometry": {"type": "Polygon", "coordinates": [[[-98.44545303049377, 35.30764046610997], [-97.95639818402604, 35.81158255687421], [-98.26468196778652, 36.418021922644364], [-99.06992307032374, 36.52031233535239], [-99.55936122810363, 36.013834579238605], [-99.24327512809141, 35.407621943638006], [-98.44545303049377, 35.30764046610997]]]}}, {"type": "Feature", "properties": {"h3": "8348defffffffff", "bars": 30, "breweries": 5, "golf_courses": 4, "boat_ramps": 12, "fishing_access": 1, "hardware_stores": 2, "campgrounds": 5, "bowling_pool_clubs": 4, "nfl_miles": 204.1, "nba_miles": 99.9, "mlb_miles": 372.7, "nhl_miles": 296.3, "casino_miles": 82.0}, "geometry": {"type": "Polygon", "coordinates": [[[-104.69363749429463, 34.22882434656075], [-104.2290936992043, 34.76683203159689], [-104.57543863548263, 35.36605485489085], [-105.39245215561284, 35.425896502890346], [-105.85490359190689, 34.885495632584245], [-105.50255283780318, 34.28765877816975], [-104.69363749429463, 34.22882434656075]]]}}, {"type": "Feature", "properties": {"h3": "8344e5fffffffff", "bars": 11, "breweries": 11, "golf_courses": 2, "boat_ramps": 2, "fishing_access": 7, "hardware_stores": 1, "campgrounds": 0, "bowling_pool_clubs": 5, "nfl_miles": 246.8, "nba_miles": 198.7, "mlb_miles": 173.1, "nhl_miles": 113.9, "casino_miles": 181.2}, "geometry": {"type": "Polygon", "coordinates": [[[-85.87049879464817, 29.604362171366766], [-85.3997328022232, 30.05977126868345], [-85.59995553405786, 30.67259376956367], [-86.27932783565213, 30.832256184099244], [-86.75436057989549, 30.374339458202368], [-86.54577821124968, 29.759287059695453], [-85.87049879464817, 29.604362171366766]]]}}, {"type": "Feature", "properties": {"h3": "8328d1fffffffff", "bars": 85, "breweries": 10, "golf_courses": 11, "boat_ramps": 9, "fishing_access": 23, "hardware_stores": 14, "campgrounds": 17, "bowling_pool_clubs": 5, "nfl_miles": 144.2, "nba_miles": 51.1, "mlb_miles": 29.3, "nhl_miles": 234.0, "casino_miles": 122.9}, "geometry": {"type": "Polygon", "coordinates": [[[-122.41017544315145, 48.05856899249158], [-121.99677632829633, 48.582192430911945], [-122.48301928147703, 49.023550958741396], [-123.38242970987118, 48.93897284196864], [-123.78541407377031, 48.414997231106895], [-123.29954890974088, 47.97593444538911], [-122.41017544315145, 48.05856899249158]]]}}, {"type": "Feature", "properties": {"h3": "832badfffffffff", "bars": 29, "breweries": 5, "golf_courses": 2, "boat_ramps": 0, "fishing_access": 17, "hardware_stores": 8, "campgrounds": 5, "bowling_pool_clubs": 4, "nfl_miles": 210.6, "nba_miles": 144.3, "mlb_miles": 379.8, "nhl_miles": 393.0, "casino_miles": 149.8}, "geometry": {"type": "Polygon", "coordinates": [[[-69.85993944778377, 46.17620657510124], [-70.69358712389689, 45.864457127521554], [-70.71418619606771, 45.22912601897925], [-69.92424926378267, 44.90680391742177], [-69.1042100276903, 45.21071247992229], [-69.06056168917466, 45.844655190088524], [-69.85993944778377, 46.17620657510124]]]}}, {"type": "Feature", "properties": {"h3": "8344dbfffffffff", "bars": 18, "breweries": 28, "golf_courses": 10, "boat_ramps": 7, "fishing_access": 46, "hardware_stores": 15, "campgrounds": 28, "bowling_pool_clubs": 1, "nfl_miles": 48.0, "nba_miles": 129.7, "mlb_miles": 81.5, "nhl_miles": 100.0, "casino_miles": 117.4}, "geometry": {"type": "Polygon", "coordinates": [[[-81.06844866997488, 36.59871874543619], [-81.67748863508325, 36.25573182193217], [-81.56764955347069, 35.69592863462331], [-80.86354120190414, 35.47650247165216], [-80.25814499659049, 35.81108208756661], [-80.35312006833853, 36.37340642995808], [-81.06844866997488, 36.59871874543619]]]}}, {"type": "Feature", "properties": {"h3": "8326b6fffffffff", "bars": 28, "breweries": 5, "golf_courses": 1, "boat_ramps": 5, "fishing_access": 1, "hardware_stores": 9, "campgrounds": 10, "bowling_pool_clubs": 3, "nfl_miles": 250.0, "nba_miles": 120.0, "mlb_miles": 376.8, "nhl_miles": 140.1, "casino_miles": 20.3}, "geometry": {"type": "Polygon", "coordinates": [[[-110.33577809752227, 42.84306664920783], [-109.85988280764394, 43.36274489173448], [-110.27002239596406, 43.90005635791101], [-111.16109935329885, 43.91575691615302], [-111.6319691148531, 43.39437445833112], [-111.2169481531772, 42.858999769759265], [-110.33577809752227, 42.84306664920783]]]}}, {"type": "Feature", "properties": {"h3": "8327aafffffffff", "bars": 34, "breweries": 7, "golf_courses": 1, "boat_ramps": 8, "fishing_access": 12, "hardware_stores": 3, "campgrounds": 7, "bowling_pool_clubs": 5, "nfl_miles": 257.1, "nba_miles": 224.2, "mlb_miles": 60.2, "nhl_miles": 280.0, "casino_miles": 108.4}, "geometry": {"type": "Polygon", "coordinates": [[[-104.0933480578431, 48.3434911991997], [-104.58347433284543, 47.835422724850616], [-104.14330482734766, 47.27502787731517], [-103.22392617768794, 47.213263124004186], [-102.72101533449673, 47.713462012064824], [-103.14983421967217, 48.28331956108894], [-104.0933480578431, 48.3434911991997]]]}}, {"type": "Feature", "properties": {"h3": "83289efffffffff", "bars": 45, "breweries": 6, "golf_courses": 5, "boat_ramps": 6, "fishing_access": 11, "hardware_stores": 0, "campgrounds": 4, "bowling_pool_clubs": 5, "nfl_miles": 166.5, "nba_miles": 391.9, "mlb_miles": 354.7, "nhl_miles": 71.5, "casino_miles": 186.0}, "geometry": {"type": "Polygon", "coordinates": [[[-112.86603585780648, 45.997231473107895], [-112.38958367178162, 46.50677450531628], [-112.8274735794235, 47.011492642373454], [-113.74606662563717, 47.00451746602974], [-114.21600178473176, 46.49343479310051], [-113.77403673430686, 45.99086599644421], [-112.86603585780648, 45.997231473107895]]]}}, {"type": "Feature", "properties": {"h3": "8348e8fffffffff", "bars": 56, "breweries": 13, "golf_courses": 12, "boat_ramps": 14, "fishing_access": 18, "hardware_stores": 5, "campgrounds": 13, "bowling_pool_clubs": 11, "nfl_miles": 297.4, "nba_miles": 73.5, "mlb_miles": 205.9, "nhl_miles": 57.6, "casino_miles": 52.4}, "geometry": {"type": "Polygon", "coordinates": [[[-110.9211020510217, 31.656057609227645], [-110.49596037119493, 32.22457225147604], [-110.86788520380775, 32.81469754997514], [-111.66883788254948, 32.83388073168828], [-112.08972175839837, 32.263404054744015], [-111.71402776454396, 31.67570849636622], [-110.9211020510217, 31.656057609227645]]]}}, {"type": "Feature", "properties": {"h3": "832992fffffffff", "bars": 30, "breweries": 8, "golf_courses": 5, "boat_ramps": 1, "fishing_access": 18, "hardware_stores": 6, "campgrounds": 1, "bowling_pool_clubs": 0, "nfl_miles": 187.4, "nba_miles": 369.2, "mlb_miles": 189.2, "nhl_miles": 240.1, "casino_miles": 181.9}, "geometry": {"type": "Polygon", "coordinates": [[[-110.64382456482542, 37.373317686261025], [-110.19471681664965, 37.922017453032595], [-110.58483321289158, 38.489934629043816], [-111.42846747340154, 38.50707218335669], [-111.87295526034971, 37.95665429088354], [-111.47856531816083, 37.390820363100225], [-110.64382456482542, 37.373317686261025]]]}}, {"type": "Feature", "properties": {"h3": "8326f3fffffffff", "bars": 8, "breweries": 3, "golf_courses": 2, "boat_ramps": 13, "fishing_access": 12, "hardware_stores": 4, "campgrounds": 8, "bowling_pool_clubs": 7, "nfl_miles": 55.2, "nba_miles": 337.4, "mlb_miles": 340.5, "nhl_miles": 149.4, "casino_miles": 146.4}, "geometry": {"type": "Polygon", "coordinates": [[[-100.69279980327295, 36.70926693447674], [-100.2034246562154, 37.2182254853264], [-100.5315103176315, 37.816058756323855], [-101.35653446441069, 37.904322543968576], [-101.84537674149988, 37.3929432826263], [-101.50984190904657, 36.795738900999524], [-100.69279980327295, 36.70926693447674]]]}}, {"type": "Feature", "properties": {"h3": "832a86fffffffff", "bars": 29, "breweries": 7, "golf_courses": 0, "boat_ramps": 0, "fishing_access": 4, "hardware_stores": 4, "campgrounds": 4, "bowling_pool_clubs": 10, "nfl_miles": 306.3, "nba_miles": 188.9, "mlb_miles": 247.7, "nhl_miles": 325.2, "casino_miles": 101.8}, "geometry": {"type": "Polygon", "coordinates": [[[-81.20053412987326, 41.041629761320586], [-81.86750279548116, 40.67424641607379], [-81.74478029600353, 40.07851054514274], [-80.97281170358137, 39.84726423792644], [-80.31014656201951, 40.20558385007028], [-80.41502178338506, 40.80411255218103], [-81.20053412987326, 41.041629761320586]]]}}, {"type": "Feature", "properties": {"h3": "832683fffffffff", "bars": 31, "breweries": 11, "golf_courses": 10, "boat_ramps": 7, "fishing_access": 0, "hardware_stores": 1, "campgrounds": 12, "bowling_pool_clubs": 4, "nfl_miles": 209.1, "nba_miles": 374.6, "mlb_miles": 245.8, "nhl_miles": 163.6, "casino_miles": 123.1}, "geometry": {"type": "Polygon", "coordinates": [[[-106.73836834676085, 38.8916739874737], [-106.26239443941063, 39.41811366402537], [-106.63654852084517, 39.991254753316426], [-107.49266023992504, 40.03640451011159], [-107.9654745926629, 39.507925102689896], [-107.58547666157885, 38.93634563519711], [-106.73836834676085, 38.8916739874737]]]}}, {"type": "Feature", "properties": {"h3": "834475fffffffff", "bars": 27, "breweries": 4, "golf_courses": 7, "boat_ramps": 11, "fishing_access": 3, "hardware_stores": 5, "campgrounds": 8, "bowling_pool_clubs": 0, "nfl_miles": 344.3, "nba_miles": 98.6, "mlb_miles": 61.1, "nhl_miles": 155.1, "casino_miles": 221.4}, "geometry": {"type": "Polygon", "coordinates": [[[-90.72846828903995, 27.17480405480845], [-90.26448250359262, 27.66617016798587], [-90.49723548365363, 28.286741498708036], [-91.20184536818925, 28.417066060012278], [-91.66864845885823, 27.92257788237718], [-91.42807071534146, 27.300910278879517], [-90.72846828903995, 27.17480405480845]]]}}, {"type": "Feature", "properties": {"h3": "832650fffffffff", "bars": 8, "breweries": 5, "golf_courses": 2, "boat_ramps": 0, "fishing_access": 8, "hardware_stores": 5, "campgrounds": 6, "bowling_pool_clubs": 5, "nfl_miles": 57.5, "nba_miles": 145.0, "mlb_miles": 270.0, "nhl_miles": 67.7, "casino_miles": 60.5}, "geometry": {"type": "Polygon", "coordinates": [[[-93.08073109400638, 37.85855198373414], [-92.57096612895222, 38.31986150680523], [-92.8459540893116, 38.92062194056103], [-93.6399927377515, 39.06093182076039], [-94.1523052750943, 38.59738728397954], [-93.86810877424213, 37.995790956653956], [-93.08073109400638, 37.85855198373414]]]}}, {"type": "Feature", "properties": {"h3": "832744fffffffff", "bars": 40, "breweries": 2, "golf_courses": 1, "boat_ramps": 9, "fishing_access": 5, "hardware_stores": 8, "campgrounds": 5, "bowling_pool_clubs": 5, "nfl_miles": 337.7, "nba_miles": 286.6, "mlb_miles": 148.4, "nhl_miles": 286.8, "casino_miles": 176.8}, "geometry": {"type": "Polygon", "coordinates": [[[-86.76385612316132, 47.08474562818118], [-87.46665138254247, 46.65751335362676], [-87.24889677101704, 46.03401162370251], [-86.34938599929104, 45.83255781386602], [-85.6475671207757, 46.24972452795303], [-85.84399539960127, 46.8783138401057], [-86.76385612316132, 47.08474562818118]]]}}, {"type": "Feature", "properties": {"h3": "8312dafffffffff", "bars": 6, "breweries": 8, "golf_courses": 9, "boat_ramps": 5, "fishing_access": 4, "hardware_stores": 0, "campgrounds": 2, "bowling_pool_clubs": 8, "nfl_miles": 141.3, "nba_miles": 320.4, "mlb_miles": 188.3, "nhl_miles": 371.5, "casino_miles": 53.3}, "geometry": {"type": "Polygon", "coordinates": [[[-118.32273354360943, 47.85533601326519], [-117.8762106053973, 48.370220935755356], [-118.34803963459348, 48.83483962054941], [-119.26815228492315, 48.782213869766984], [-119.70563567474834, 48.26636789017849], [-119.23221501743073, 47.80409716753513], [-118.32273354360943, 47.85533601326519]]]}}, {"type": "Feature", "properties": {"h3": "832af6fffffffff", "bars": 55, "breweries": 9, "golf_courses": 16, "boat_ramps": 14, "fishing_access": 24, "hardware_stores": 33, "campgrounds": 34, "bowling_pool_clubs": 22, "nfl_miles": 77.9, "nba_miles": 102.8, "mlb_miles": 24.7, "nhl_miles": 66.9, "casino_miles": 10.9}, "geometry": {"type": "Polygon", "coordinates": [[[-76.44182063194287, 37.78870151370381], [-77.09992207378818, 37.46356103312861], [-77.04114526173694, 36.88932098886056], [-76.34038735069178, 36.63904459260989], [-75.68861007624854, 36.956068257573996], [-75.73122117927622, 37.531384610678955], [-76.44182063194287, 37.78870151370381]]]}}, {"type": "Feature", "properties": {"h3": "834442fffffffff", "bars": 8, "breweries": 0, "golf_courses": 7, "boat_ramps": 5, "fishing_access": 9, "hardware_stores": 5, "campgrounds": 2, "bowling_pool_clubs": 7, "nfl_miles": 360.3, "nba_miles": 255.2, "mlb_miles": 314.9, "nhl_miles": 163.1, "casino_miles": 181.8}, "geometry": {"type": "Polygon", "coordinates": [[[-90.02283324742329, 30.49554307350628], [-89.54539288839108, 30.9724562642426], [-89.77947347040319, 31.59073781085478], [-90.49938240180008, 31.73353103145983], [-90.9800185549994, 31.253902586620843], [-90.7375967660805, 30.634217902507967], [-90.02283324742329, 30.49554307350628]]]}}, {"type": "Feature", "properties": {"h3": "83261dfffffffff", "bars": 3, "breweries": 3, "golf_courses": 3, "boat_ramps": 4, "fishing_access": 27, "hardware_stores": 4, "campgrounds": 7, "bowling_pool_clubs": 4, "nfl_miles": 71.4, "nba_miles": 72.9, "mlb_miles": 57.2, "nhl_miles": 243.6, "casino_miles": 168.6}, "geometry": {"type": "Polygon", "coordinates": [[[-97.5045420715353, 40.75320359069346], [-96.98700321689786, 41.22348172328074], [-97.30468981823127, 41.80724070545743], [-98.14891624471004, 41.920663967512574], [-98.66728650140092, 41.448139208990376], [-98.34071099607598, 40.864460160882054], [-97.5045420715353, 40.75320359069346]]]}}, {"type": "Feature", "properties": {"h3": "83281afffffffff", "bars": 4, "breweries": 0, "golf_courses": 7, "boat_ramps": 12, "fishing_access": 13, "hardware_stores": 0, "campgrounds": 3, "bowling_pool_clubs": 1, "nfl_miles": 51.8, "nba_miles": 277.5, "mlb_miles": 253.5, "nhl_miles": 208.9, "casino_miles": 228.5}, "geometry": {"type": "Polygon", "coordinates": [[[-122.06974254043345, 43.02387844152024], [-121.6765887644535, 43.57663313227531], [-122.13483148443464, 44.05769081450338], [-122.98617149344271, 43.98357867786783], [-123.37013129044756, 43.430739375495556], [-122.9120702226041, 42.95208325014678], [-122.06974254043345, 43.02387844152024]]]}}, {"type": "Feature", "properties": {"h3": "8326defffffffff", "bars": 2, "breweries": 1, "golf_courses": 4, "boat_ramps": 10, "fishing_access": 0, "hardware_stores": 1, "campgrounds": 1, "bowling_pool_clubs": 3, "nfl_miles": 251.5, "nba_miles": 112.0, "mlb_miles": 281.4, "nhl_miles": 50.5, "casino_miles": 49.2}, "geometry": {"type": "Polygon", "coordinates": [[[-101.15776180034088, 33.33180163674792], [-100.68454781129164, 33.85727414177581], [-101.00583458142106, 34.46636932434066], [-101.80733189571966, 34.54921363695263], [-102.2798673944424, 34.02111316045906], [-101.95168984375347, 33.41281335119367], [-101.15776180034088, 33.33180163674792]]]}}, {"type": "Feature", "properties": {"h3": "832632fffffffff", "bars": 17, "breweries": 9, "golf_courses": 5, "boat_ramps": 5, "fishing_access": 5, "hardware_stores": 8, "campgrounds": 11, "bowling_pool_clubs": 3, "nfl_miles": 221.8, "nba_miles": 64.6, "mlb_miles": 335.1, "nhl_miles": 314.8, "casino_miles": 139.3}, "geometry": {"type": "Polygon", "coordinates": [[[-101.49676914671461, 46.006149047834136], [-101.99711950990842, 45.520472599940085], [-101.60751328987197, 44.95769689846376], [-100.72915134761178, 44.8718451359702], [-100.21889369364187, 45.34926358365524], [-100.5965313238916, 45.920797512850115], [-101.49676914671461, 46.006149047834136]]]}}, {"type": "Feature", "properties": {"h3": "83454bfffffffff", "bars": 45, "breweries": 3, "golf_courses": 4, "boat_ramps": 2, "fishing_access": 17, "hardware_stores": 0, "campgrounds": 11, "bowling_pool_clubs": 1, "nfl_miles": 372.7, "nba_miles": 371.4, "mlb_miles": 346.5, "nhl_miles": 210.9, "casino_miles": 179.1}, "geometry": {"type": "Polygon", "coordinates": [[[-94.22465979473938, 26.01763439170244], [-93.76681330910964, 26.53008159195551], [-94.02257695169038, 27.15312093103326], [-94.74356847987167, 27.264005617361743], [-95.2031312441002, 26.748194311250685], [-94.94004746985867, 26.124885801610457], [-94.22465979473938, 26.01763439170244]]]}}, {"type": "Feature", "properties": {"h3": "8348d3fffffffff", "bars": 11, "breweries": 7, "golf_courses": 1, "boat_ramps": 2, "fishing_access": 11, "hardware_stores": 6, "campgrounds": 6, "bowling_pool_clubs": 3, "nfl_miles": 225.1, "nba_miles": 186.7, "mlb_miles": 314.1, "nhl_miles": 153.1, "casino_miles": 124.5}, "geometry": {"type": "Polygon", "coordinates": [[[-103.54814863738686, 33.55999056967539], [-103.08198566257964, 34.09549248252311], [-103.41926593641563, 34.69951554102434], [-104.2290936992043, 34.76683203159689], [-104.69363749429463, 34.22882434656075], [-104.35008670066111, 33.62601997179678], [-103.54814863738686, 33.55999056967539]]]}}, {"type": "Feature", "properties": {"h3": "8328c6fffffffff", "bars": 66, "breweries": 4, "golf_courses": 7, "boat_ramps": 11, "fishing_access": 18, "hardware_stores": 1, "campgrounds": 2, "bowling_pool_clubs": 5, "nfl_miles": 179.9, "nba_miles": 147.4, "mlb_miles": 168.9, "nhl_miles": 252.3, "casino_miles": 146.4}, "geometry": {"type": "Polygon", "coordinates": [[[-123.61370717823291, 46.46248549978461], [-123.21854399041668, 46.99858902180549], [-123.6985862399974, 47.445811640773655], [-124.57301854665762, 47.35464640859371], [-124.95784332622617, 46.81852041383248], [-124.4787043573906, 46.373564816412106], [-123.61370717823291, 46.46248549978461]]]}}, {"type": "Feature", "properties": {"h3": "832aaefffffffff", "bars": 107, "breweries": 28, "golf_courses": 7, "boat_ramps": 35, "fishing_access": 26, "hardware_stores": 9, "campgrounds": 27, "bowling_pool_clubs": 13, "nfl_miles": 55.6, "nba_miles": 32.8, "mlb_miles": 180.5, "nhl_miles": 110.5, "casino_miles": 93.0}, "geometry": {"type": "Polygon", "coordinates": [[[-77.41627348738555, 40.4068706697936], [-78.10427143231793, 40.064060432001234], [-78.02970892851182, 39.469101646343184], [-77.2850167275602, 39.21538689141198], [-76.6034992237302, 39.5496023466371], [-76.66012604732039, 40.146019938317814], [-77.41627348738555, 40.4068706697936]]]}}, {"type": "Feature", "properties": {"h3": "8344d0fffffffff", "bars": 11, "breweries": 0, "golf_courses": 7, "boat_ramps": 10, "fishing_access": 3, "hardware_stores": 6, "campgrounds": 7, "bowling_pool_clubs": 8, "nfl_miles": 277.1, "nba_miles": 70.6, "mlb_miles": 91.6, "nhl_miles": 184.2, "casino_miles": 153.8}, "geometry": {"type": "Polygon", "coordinates": [[[-79.97610329767856, 31.95558564646531], [-79.50730575774624, 32.36379285613605], [-79.66464309657871, 32.960547168466526], [-80.29924287171775, 33.15249674439025], [-80.77373611056632, 32.742681736561956], [-80.60792937128781, 32.1425357461079], [-79.97610329767856, 31.95558564646531]]]}}, {"type": "Feature", "properties": {"h3": "8326abfffffffff", "bars": 13, "breweries": 5, "golf_courses": 1, "boat_ramps": 11, "fishing_access": 12, "hardware_stores": 10, "campgrounds": 6, "bowling_pool_clubs": 9, "nfl_miles": 279.3, "nba_miles": 150.4, "mlb_miles": 100.1, "nhl_miles": 156.4, "casino_miles": 107.8}, "geometry": {"type": "Polygon", "coordinates": [[[-102.876806697208, 39.1647845779263], [-102.38327656601042, 39.67218745301655], [-102.73404143360327, 40.25424312923831], [-103.58562935902555, 40.32792640080799], [-104.07764721387741, 39.818276381292634], [-103.71972047099817, 39.237206046551826], [-102.876806697208, 39.1647845779263]]]}}, {"type": "Feature", "properties": {"h3": "832893fffffffff", "bars": 45, "breweries": 12, "golf_courses": 9, "boat_ramps": 9, "fishing_access": 8, "hardware_stores": 10, "campgrounds": 6, "bowling_pool_clubs": 5, "nfl_miles": 211.3, "nba_miles": 257.1, "mlb_miles": 185.6, "nhl_miles": 214.4, "casino_miles": 80.5}, "geometry": {"type": "Polygon", "coordinates": [[[-111.5278651733555, 45.48044638501407], [-111.04555327898352, 45.988331425197224], [-111.47400876754263, 46.50252131175532], [-112.38958367178162, 46.50677450531628], [-112.86603585780648, 45.997231473107895], [-112.43294728088843, 45.485094955467176], [-111.5278651733555, 45.48044638501407]]]}}, {"type": "Feature", "properties": {"h3": "83276cfffffffff", "bars": 29, "breweries": 1, "golf_courses": 1, "boat_ramps": 4, "fishing_access": 15, "hardware_stores": 7, "campgrounds": 3, "bowling_pool_clubs": 2, "nfl_miles": 50.7, "nba_miles": 305.6, "mlb_miles": 338.9, "nhl_miles": 219.3, "casino_miles": 21.3}, "geometry": {"type": "Polygon", "coordinates": [[[-82.38806417358143, 46.61540825889103], [-83.12964906967848, 46.21603168207955], [-82.97364465947054, 45.585647728864046], [-82.0982713239642, 45.3510318139141], [-81.36121919489459, 45.740535913335556], [-81.49480557872756, 46.37441242476977], [-82.38806417358143, 46.61540825889103]]]}}, {"type": "Feature", "properties": {"h3": "83485afffffffff", "bars": 11, "breweries": 6, "golf_courses": 9, "boat_ramps": 10, "fishing_access": 10, "hardware_stores": 2, "campgrounds": 4, "bowling_pool_clubs": 1, "nfl_miles": 313.7, "nba_miles": 278.0, "mlb_miles": 227.2, "nhl_miles": 217.2, "casino_miles": 124.5}, "geometry": {"type": "Polygon", "coordinates": [[[-113.29715001680889, 31.70025578469694], [-112.88531283853716, 32.275292328343376], [-113.26800832642184, 32.85690516760766], [-114.0656081345257, 32.86078361749077], [-114.47239453782798, 32.284103737145365], [-114.08674713084895, 31.70518709522372], [-113.29715001680889, 31.70025578469694]]]}}, {"type": "Feature", "properties": {"h3": "832759fffffffff", "bars": 37, "breweries": 31, "golf_courses": 15, "boat_ramps": 32, "fishing_access": 16, "hardware_stores": 17, "campgrounds": 10, "bowling_pool_clubs": 17, "nfl_miles": 117.0, "nba_miles": 190.5, "mlb_miles": 23.8, "nhl_miles": 96.0, "casino_miles": 115.8}, "geometry": {"type": "Polygon", "coordinates": [[[-88.57218361194573, 42.93995835635918], [-89.19419148461513, 42.5242543323128], [-88.97404515054636, 41.9303291379041], [-88.14871909648666, 41.746708998925556], [-87.52625462013384, 42.15291741074852], [-87.72933357467593, 42.75216662666622], [-88.57218361194573, 42.93995835635918]]]}}, {"type": "Feature", "properties": {"h3": "832665fffffffff", "bars": 49, "breweries": 14, "golf_courses": 5, "boat_ramps": 12, "fishing_access": 14, "hardware_stores": 7, "campgrounds": 1, "bowling_pool_clubs": 0, "nfl_miles": 90.2, "nba_miles": 242.1, "mlb_miles": 279.9, "nhl_miles": 313.1, "casino_miles": 46.8}, "geometry": {"type": "Polygon", "coordinates": [[[-86.51301205302646, 41.36205036064854], [-87.13521844074239, 40.96525476290966], [-86.9468991521532, 40.377069757823094], [-86.1528508037047, 40.18104608341415], [-85.53155199671416, 40.568530716727786], [-85.70319925935871, 41.16126851923316], [-86.51301205302646, 41.36205036064854]]]}}, {"type": "Feature", "properties": {"h3": "83446afffffffff", "bars": 27, "breweries": 2, "golf_courses": 4, "boat_ramps": 11, "fishing_access": 12, "hardware_stores": 7, "campgrounds": 1, "bowling_pool_clubs": 7, "nfl_miles": 277.6, "nba_miles": 286.7, "mlb_miles": 246.0, "nhl_miles": 211.3, "casino_miles": 215.8}, "geometry": {"type": "Polygon", "coordinates": [[[-93.39459236635007, 30.53499084303406], [-92.9181381363641, 31.030789298012206], [-93.17771064982072, 31.651131434502837], [-93.92181459579034, 31.776382904517572], [-94.40039764921036, 31.277715125100947], [-94.13281252599877, 30.656687390365327], [-93.39459236635007, 30.53499084303406]]]}}, {"type": "Feature", "properties": {"h3": "832645fffffffff", "bars": 64, "breweries": 1, "golf_courses": 6, "boat_ramps": 8, "fishing_access": 31, "hardware_stores": 12, "campgrounds": 11, "bowling_pool_clubs": 12, "nfl_miles": 318.9, "nba_miles": 126.0, "mlb_miles": 40.1, "nhl_miles": 45.1, "casino_miles": 172.7}, "geometry": {"type": "Polygon", "coordinates": [[[-88.22665315287705, 37.98492049527637], [-87.71532343105063, 38.4157484227961], [-87.95138172303123, 39.0147883106185], [-88.70853093665518, 39.18482626620743], [-89.22413087488565, 38.75211193292732], [-88.97835730963845, 38.151267943330346], [-88.22665315287705, 37.98492049527637]]]}}, {"type": "Feature", "properties": {"h3": "832a15fffffffff", "bars": 44, "breweries": 18, "golf_courses": 0, "boat_ramps": 24, "fishing_access": 21, "hardware_stores": 12, "campgrounds": 3, "bowling_pool_clubs": 6, "nfl_miles": 128.4, "nba_miles": 131.9, "mlb_miles": 130.2, "nhl_miles": 218.0, "casino_miles": 57.6}, "geometry": {"type": "Polygon", "coordinates": [[[-72.31417418594337, 41.49301815602842], [-73.05276289938404, 41.17754608654734], [-73.04115286684838, 40.57280051748628], [-72.309922346989, 40.283772580806065], [-71.58112235658925, 40.59133885248256], [-71.5737719548038, 41.19572519045852], [-72.31417418594337, 41.49301815602842]]]}}, {"type": "Feature", "properties": {"h3": "832612fffffffff", "bars": 41, "breweries": 4, "golf_courses": 9, "boat_ramps": 1, "fishing_access": 2, "hardware_stores": 4, "campgrounds": 1, "bowling_pool_clubs": 5, "nfl_miles": 101.1, "nba_miles": 233.8, "mlb_miles": 53.5, "nhl_miles": 276.8, "casino_miles": 114.3}, "geometry": {"type": "Polygon", "coordinates": [[[-102.43929616041419, 42.39644483631764], [-101.92784616911428, 42.88308817028958], [-102.28711981280435, 43.44809410391682], [-103.16576828736255, 43.52552166245512], [-103.67580237493574, 43.036684837618914], [-103.30874669480728, 42.47263130834439], [-102.43929616041419, 42.39644483631764]]]}}, {"type": "Feature", "properties": {"h3": "832ad6fffffffff", "bars": 131, "breweries": 26, "golf_courses": 8, "boat_ramps": 1, "fishing_access": 60, "hardware_stores": 1, "campgrounds": 20, "bowling_pool_clubs": 12, "nfl_miles": 92.7, "nba_miles": 58.1, "mlb_miles": 26.7, "nhl_miles": 81.3, "casino_miles": 68.9}, "geometry": {"type": "Polygon", "coordinates": [[[-78.94137591454216, 35.91225854241561], [-79.55761808651526, 35.58356677506037], [-79.47314411483413, 35.027552646866404], [-78.7871080475184, 34.79830903505101], [-78.17548888597466, 35.118875872173355], [-78.2452152684179, 35.67671974864087], [-78.94137591454216, 35.91225854241561]]]}}, {"type": "Feature", "properties": {"h3": "8326d3fffffffff", "bars": 13, "breweries": 5, "golf_courses": 7, "boat_ramps": 8, "fishing_access": 10, "hardware_stores": 2, "campgrounds": 9, "bowling_pool_clubs": 4, "nfl_miles": 170.8, "nba_miles": 197.0, "mlb_miles": 218.9, "nhl_miles": 345.0, "casino_miles": 200.0}, "geometry": {"type": "Polygon", "coordinates": [[[-102.2798673944424, 34.02111316045906], [-101.80733189571966, 34.54921363695263], [-102.13793452204679, 35.154214271816485], [-102.94786189978626, 35.23015257579706], [-103.41926593641563, 34.69951554102434], [-103.08198566257964, 34.09549248252311], [-102.2798673944424, 34.02111316045906]]]}}, {"type": "Feature", "properties": {"h3": "8348c8fffffffff", "bars": 34, "breweries": 3, "golf_courses": 4, "boat_ramps": 4, "fishing_access": 1, "hardware_stores": 4, "campgrounds": 9, "bowling_pool_clubs": 6, "nfl_miles": 329.7, "nba_miles": 264.8, "mlb_miles": 384.9, "nhl_miles": 298.4, "casino_miles": 150.9}, "geometry": {"type": "Polygon", "coordinates": [[[-109.5652699872179, 34.50180540172875], [-109.12207881037462, 35.05772688064214], [-109.49663922433255, 35.64224051313173], [-110.31895427278583, 35.66874988288663], [-110.75816250105761, 35.11087460898331], [-110.37916481688075, 34.52844863697906], [-109.5652699872179, 34.50180540172875]]]}}, {"type": "Feature", "properties": {"h3": "832aa3fffffffff", "bars": 37, "breweries": 5, "golf_courses": 4, "boat_ramps": 1, "fishing_access": 18, "hardware_stores": 8, "campgrounds": 7, "bowling_pool_clubs": 6, "nfl_miles": 115.5, "nba_miles": 326.4, "mlb_miles": 274.6, "nhl_miles": 148.7, "casino_miles": 204.0}, "geometry": {"type": "Polygon", "coordinates": [[[-78.2591925507501, 41.267587719543165], [-78.95339110549301, 40.91596765371874], [-78.86672238076726, 40.31514692089998], [-78.10427143231793, 40.064060432001234], [-77.41627348738555, 40.4068706697936], [-77.48444201202977, 41.009468451994486], [-78.2591925507501, 41.267587719543165]]]}}, {"type": "Feature", "properties": {"h3": "83488dfffffffff", "bars": 27, "breweries": 10, "golf_courses": 8, "boat_ramps": 5, "fishing_access": 6, "hardware_stores": 6, "campgrounds": 6, "bowling_pool_clubs": 4, "nfl_miles": 265.0, "nba_miles": 203.2, "mlb_miles": 314.8, "nhl_miles": 105.0, "casino_miles": 19.4}, "geometry": {"type": "Polygon", "coordinates": [[[-102.82052092222764, 29.4164595052852], [-102.3682006129189, 29.961107168041362], [-102.68926577217127, 30.576699540271925], [-103.46878337498599, 30.646366477609185], [-103.91986614728505, 30.098849187839566], [-103.5927693527946, 29.484549533076915], [-102.82052092222764, 29.4164595052852]]]}}, {"type": "Feature", "properties": {"h3": "83278cfffffffff", "bars": 45, "breweries": 8, "golf_courses": 2, "boat_ramps": 9, "fishing_access": 15, "hardware_stores": 3, "campgrounds": 10, "bowling_pool_clubs": 7, "nfl_miles": 136.5, "nba_miles": 269.7, "mlb_miles": 331.2, "nhl_miles": 347.0, "casino_miles": 228.1}, "geometry": {"type": "Polygon", "coordinates": [[[-104.14330482734766, 47.27502787731517], [-104.62043450111153, 46.77355602109694], [-104.19077675058249, 46.21806105243363], [-103.29433130519647, 46.154747410600926], [-102.80501189697222, 46.6484532490752], [-103.22392617768794, 47.213263124004186], [-104.14330482734766, 47.27502787731517]]]}}, {"type": "Feature", "properties": {"h3": "832880fffffffff", "bars": 36, "breweries": 11, "golf_courses": 0, "boat_ramps": 8, "fishing_access": 6, "hardware_stores": 5, "campgrounds": 7, "bowling_pool_clubs": 2, "nfl_miles": 126.5, "nba_miles": 308.7, "mlb_miles": 315.6, "nhl_miles": 343.9, "casino_miles": 111.4}, "geometry": {"type": "Polygon", "coordinates": [[[-115.59665506826775, 43.89084755153695], [-115.14968374123853, 44.4228727030157], [-115.59005729555875, 44.93065017420074], [-116.48024328983657, 44.90411193249163], [-116.91992232402644, 44.37097056454861], [-116.47686545483118, 43.86547838852734], [-115.59665506826775, 43.89084755153695]]]}}, {"type": "Feature", "properties": {"h3": "832698fffffffff", "bars": 4, "breweries": 10, "golf_courses": 3, "boat_ramps": 13, "fishing_access": 13, "hardware_stores": 4, "campgrounds": 4, "bowling_pool_clubs": 2, "nfl_miles": 132.3, "nba_miles": 256.4, "mlb_miles": 186.1, "nhl_miles": 80.9, "casino_miles": 60.1}, "geometry": {"type": "Polygon", "coordinates": [[[-108.13836018451853, 37.28546113576288], [-107.67634481803461, 37.82519364791113], [-108.05283071422248, 38.40206749257927], [-108.89664859969002, 38.437429748171034], [-109.35503433417163, 37.895722787842566], [-108.97336718534912, 37.3206355255587], [-108.13836018451853, 37.28546113576288]]]}}, {"type": "Feature", "properties": {"h3": "8344c5fffffffff", "bars": 15, "breweries": 12, "golf_courses": 4, "boat_ramps": 7, "fishing_access": 15, "hardware_stores": 8, "campgrounds": 6, "bowling_pool_clubs": 6, "nfl_miles": 272.9, "nba_miles": 53.3, "mlb_miles": 97.4, "nhl_miles": 89.1, "casino_miles": 75.7}, "geometry": {"type": "Polygon", "coordinates": [[[-84.17140095003263, 32.00722046528921], [-83.69283998014656, 32.442355293369054], [-83.88385507059547, 33.04985213289601], [-84.56216250950773, 33.22486498194507], [-85.04559187893895, 32.78766273051838], [-84.84586180664866, 32.17753177892582], [-84.17140095003263, 32.00722046528921]]]}}, {"type": "Feature", "properties": {"h3": "8326a0fffffffff", "bars": 17, "breweries": 10, "golf_courses": 8, "boat_ramps": 2, "fishing_access": 20, "hardware_stores": 0, "campgrounds": 11, "bowling_pool_clubs": 7, "nfl_miles": 321.6, "nba_miles": 59.9, "mlb_miles": 362.7, "nhl_miles": 153.0, "casino_miles": 85.0}, "geometry": {"type": "Polygon", "coordinates": [[[-105.05601162759498, 42.605380833300046], [-104.55415513363963, 43.103568981844724], [-104.93180921341859, 43.66027697235521], [-105.81838686788865, 43.71747767649695], [-106.31760441924519, 43.217196123305854], [-105.9330358344131, 42.66182062951135], [-105.05601162759498, 42.605380833300046]]]}}, {"type": "Feature", "properties": {"h3": "832888fffffffff", "bars": 4, "breweries": 6, "golf_courses": 5, "boat_ramps": 10, "fishing_access": 2, "hardware_stores": 6, "campgrounds": 11, "bowling_pool_clubs": 2, "nfl_miles": 125.0, "nba_miles": 245.6, "mlb_miles": 220.1, "nhl_miles": 83.4, "casino_miles": 171.1}, "geometry": {"type": "Polygon", "coordinates": [[[-118.27385125808124, 45.852954302391], [-117.8372371194877, 46.380836711274966], [-118.29801072710565, 46.86127909782427], [-119.197103374418, 46.81148827909575], [-119.62510983711626, 46.28277468166362], [-119.16278925258416, 45.80467278811835], [-118.27385125808124, 45.852954302391]]]}}, {"type": "Feature", "properties": {"h3": "832794fffffffff", "bars": 37, "breweries": 12, "golf_courses": 8, "boat_ramps": 4, "fishing_access": 15, "hardware_stores": 1, "campgrounds": 3, "bowling_pool_clubs": 1, "nfl_miles": 318.3, "nba_miles": 152.8, "mlb_miles": 339.6, "nhl_miles": 305.4, "casino_miles": 204.4}, "geometry": {"type": "Polygon", "coordinates": [[[-111.12790674061374, 49.073527787167244], [-111.51774179348115, 48.54549437716631], [-110.99898258165783, 48.022768199123256], [-110.09589854961865, 48.01806338923816], [-109.68880651923148, 48.540184348949865], [-110.20166040095529, 49.072993651875855], [-111.12790674061374, 49.073527787167244]]]}}, {"type": "Feature", "properties": {"h3": "834895fffffffff", "bars": 15, "breweries": 6, "golf_courses": 3, "boat_ramps": 2, "fishing_access": 3, "hardware_stores": 2, "campgrounds": 3, "bowling_pool_clubs": 4, "nfl_miles": 198.2, "nba_miles": 131.6, "mlb_miles": 252.2, "nhl_miles": 216.5, "casino_miles": 103.1}, "geometry": {"type": "Polygon", "coordinates": [[[-97.39223470138867, 27.051296070642437], [-96.93486152896807, 27.577045532850132], [-97.21486769429804, 28.200277668103666], [-97.95928273663748, 28.297437062380766], [-98.41735526448812, 27.768418502049627], [-98.13038997835126, 27.145530873716577], [-97.39223470138867, 27.051296070642437]]]}}, {"type": "Feature", "properties": {"h3": "832a9bfffffffff", "bars": 7, "breweries": 5, "golf_courses": 8, "boat_ramps": 6, "fishing_access": 15, "hardware_stores": 10, "campgrounds": 3, "bowling_pool_clubs": 4, "nfl_miles": 356.6, "nba_miles": 377.3, "mlb_miles": 170.7, "nhl_miles": 297.6, "casino_miles": 208.0}, "geometry": {"type": "Polygon", "coordinates": [[[-83.25051816145493, 37.25186558288732], [-83.85003233713478, 36.894645861993595], [-83.78157439026246, 36.61292931884437], [-83.6828330788421, 36.31262990722323], [-82.99298425130044, 36.12399583561639], [-82.39602229976812, 36.47258294615415], [-82.5173056742064, 37.0380908907069], [-83.25051816145493, 37.25186558288732]]]}}, {"type": "Feature", "properties": {"h3": "83266dfffffffff", "bars": 2, "breweries": 20, "golf_courses": 19, "boat_ramps": 2, "fishing_access": 47, "hardware_stores": 21, "campgrounds": 25, "bowling_pool_clubs": 1, "nfl_miles": 171.4, "nba_miles": 192.6, "mlb_miles": 74.1, "nhl_miles": 141.6, "casino_miles": 52.5}, "geometry": {"type": "Polygon", "coordinates": [[[-85.04131071030116, 38.814779031598434], [-85.64463567093796, 38.439845541060436], [-85.48318195930669, 37.86789252824355], [-84.7336447667688, 37.666899981758796], [-84.13199405101001, 38.03290563639827], [-84.27805490252695, 38.608750130596704], [-85.04131071030116, 38.814779031598434]]]}}, {"type": "Feature", "properties": {"h3": "8348c0fffffffff", "bars": 44, "breweries": 5, "golf_courses": 1, "boat_ramps": 8, "fishing_access": 7, "hardware_stores": 7, "campgrounds": 6, "bowling_pool_clubs": 0, "nfl_miles": 367.5, "nba_miles": 181.5, "mlb_miles": 392.1, "nhl_miles": 132.0, "casino_miles": 36.2}, "geometry": {"type": "Polygon", "coordinates": [[[-107.3067438742382, 32.08662614187648], [-106.86194990310129, 32.64197557740735], [-107.21677649965987, 33.24164384793436], [-108.02150413380762, 33.28406755756938], [-108.46330469280113, 32.72639169840883], [-108.10348784265715, 32.128626842611894], [-107.3067438742382, 32.08662614187648]]]}}, {"type": "Feature", "properties": {"h3": "8328b3fffffffff", "bars": 15, "breweries": 4, "golf_courses": 3, "boat_ramps": 13, "fishing_access": 5, "hardware_stores": 7, "campgrounds": 10, "bowling_pool_clubs": 5, "nfl_miles": 356.6, "nba_miles": 316.0, "mlb_miles": 186.3, "nhl_miles": 52.2, "casino_miles": 218.6}, "geometry": {"type": "Polygon", "coordinates": [[[-112.97658060632165, 42.87058583428455], [-112.51676733723512, 43.39991873803575], [-112.94056051139856, 43.92637854600678], [-113.82809163347571, 43.92135439009325], [-114.28177752018668, 43.39060164662038], [-113.85421829018077, 42.86629230138485], [-112.97658060632165, 42.87058583428455]]]}}, {"type": "Feature", "properties": {"h3": "8326cbfffffffff", "bars": 125, "breweries": 30, "golf_courses": 23, "boat_ramps": 26, "fishing_access": 59, "hardware_stores": 26, "campgrounds": 21, "bowling_pool_clubs": 22, "nfl_miles": 79.9, "nba_miles": 156.4, "mlb_miles": 30.3, "nhl_miles": 39.6, "casino_miles": 32.6}, "geometry": {"type": "Polygon", "coordinates": [[[-96.66289038040519, 31.619530626908528], [-96.18610552160048, 32.12895582276997], [-96.47197348814274, 32.74705636213247], [-97.24236474254242, 32.855788524301914], [-97.72016755014828, 32.343533743201355], [-97.42664390653239, 31.725397301780028], [-96.66289038040519, 31.619530626908528]]]}}, {"type": "Feature", "properties": {"h3": "832761fffffffff", "bars": 4, "breweries": 5, "golf_courses": 6, "boat_ramps": 9, "fishing_access": 17, "hardware_stores": 5, "campgrounds": 7, "bowling_pool_clubs": 0, "nfl_miles": 314.3, "nba_miles": 270.9, "mlb_miles": 106.1, "nhl_miles": 199.6, "casino_miles": 165.7}, "geometry": {"type": "Polygon", "coordinates": [[[-83.45536532365385, 47.48631533770046], [-84.20076364751621, 47.07689534261551], [-84.02653176352197, 46.443778217353234], [-83.12964906967848, 46.21603168207955], [-82.38806417358143, 46.61540825889103], [-82.53931309026711, 47.25245984745017], [-83.45536532365385, 47.48631533770046]]]}}, {"type": "Feature", "properties": {"h3": "8344f0fffffffff", "bars": 0, "breweries": 6, "golf_courses": 3, "boat_ramps": 10, "fishing_access": 9, "hardware_stores": 5, "campgrounds": 9, "bowling_pool_clubs": 1, "nfl_miles": 79.9, "nba_miles": 129.9, "mlb_miles": 296.9, "nhl_miles": 316.3, "casino_miles": 167.6}, "geometry": {"type": "Polygon", "coordinates": [[[-81.67495982800875, 29.669968977915932], [-81.21164118710875, 30.098872365289004], [-81.37904453353687, 30.701620274456907], [-82.01801008527427, 30.87851147076702], [-82.4864970493023, 30.44752307562566], [-82.31085347999998, 29.841742465516244], [-81.67495982800875, 29.669968977915932]]]}}, {"type": "Feature", "properties": {"h3": "8344edfffffffff", "bars": 8, "breweries": 9, "golf_courses": 6, "boat_ramps": 12, "fishing_access": 10, "hardware_stores": 7, "campgrounds": 7, "bowling_pool_clubs": 2, "nfl_miles": 133.8, "nba_miles": 287.5, "mlb_miles": 337.6, "nhl_miles": 327.8, "casino_miles": 61.7}, "geometry": {"type": "Polygon", "coordinates": [[[-87.3969512004291, 32.2191263140691], [-86.9133484088028, 32.67350407324444], [-87.13043229377995, 33.286431802180765], [-87.8398924823717, 33.446999061636305], [-88.32756076372677, 32.990279535285396], [-88.10173760069401, 32.37535444162421], [-87.3969512004291, 32.2191263140691]]]}}, {"type": "Feature", "properties": {"h3": "8326c8fffffffff", "bars": 106, "breweries": 23, "golf_courses": 5, "boat_ramps": 25, "fishing_access": 56, "hardware_stores": 12, "campgrounds": 14, "bowling_pool_clubs": 0, "nfl_miles": 166.2, "nba_miles": 162.2, "mlb_miles": 118.3, "nhl_miles": 115.1, "casino_miles": 101.0}, "geometry": {"type": "Polygon", "coordinates": [[[-96.47197348814274, 32.74705636213247], [-95.9901057960558, 33.25132839883662], [-96.27743708571964, 33.86703991881024], [-97.0545644496254, 33.97861235156145], [-97.53754006539154, 33.47161199740263], [-97.24236474254242, 32.855788524301914], [-96.47197348814274, 32.74705636213247]]]}}, {"type": "Feature", "properties": {"h3": "8328b0fffffffff", "bars": 29, "breweries": 3, "golf_courses": 4, "boat_ramps": 11, "fishing_access": 5, "hardware_stores": 0, "campgrounds": 6, "bowling_pool_clubs": 6, "nfl_miles": 256.1, "nba_miles": 93.7, "mlb_miles": 384.9, "nhl_miles": 101.2, "casino_miles": 148.3}, "geometry": {"type": "Polygon", "coordinates": [[[-113.01180891638316, 41.801826964018844], [-112.55728794762912, 42.33726867342002], [-112.97658060632165, 42.87058583428455], [-113.85421829018077, 42.86629230138485], [-114.30273411983745, 42.32945177868776], [-113.87977079744468, 41.798303058169935], [-113.01180891638316, 41.801826964018844]]]}}, {"type": "Feature", "properties": {"h3": "8329a4fffffffff", "bars": 1, "breweries": 16, "golf_courses": 6, "boat_ramps": 14, "fishing_access": 26, "hardware_stores": 10, "campgrounds": 15, "bowling_pool_clubs": 1, "nfl_miles": 105.5, "nba_miles": 98.7, "mlb_miles": 333.3, "nhl_miles": 291.5, "casino_miles": 68.0}, "geometry": {"type": "Polygon", "coordinates": [[[-116.83830158928453, 32.260382821194064], [-116.44682746363316, 32.84225365731394], [-116.84497161723266, 33.40761647909381], [-117.63641658554964, 33.38814544988494], [-118.02171499490116, 32.805204901340964], [-117.62185404947833, 32.24279817976931], [-116.83830158928453, 32.260382821194064]]]}}, {"type": "Feature", "properties": {"h3": "832a98fffffffff", "bars": 31, "breweries": 6, "golf_courses": 2, "boat_ramps": 6, "fishing_access": 6, "hardware_stores": 9, "campgrounds": 3, "bowling_pool_clubs": 4, "nfl_miles": 301.6, "nba_miles": 108.2, "mlb_miles": 104.9, "nhl_miles": 325.3, "casino_miles": 21.8}, "geometry": {"type": "Polygon", "coordinates": [[[-82.76859156459132, 38.183054563219144], [-83.38386700128422, 37.8227312245424], [-83.25051816145493, 37.25186558288732], [-82.5173056742064, 37.0380908907069], [-81.90495827227049, 37.38966181159207], [-82.02277338234296, 37.96367178694048], [-82.76859156459132, 38.183054563219144]]]}}, {"type": "Feature", "properties": {"h3": "832b8cfffffffff", "bars": 16, "breweries": 3, "golf_courses": 9, "boat_ramps": 7, "fishing_access": 7, "hardware_stores": 5, "campgrounds": 9, "bowling_pool_clubs": 7, "nfl_miles": 70.9, "nba_miles": 208.8, "mlb_miles": 353.7, "nhl_miles": 390.8, "casino_miles": 108.4}, "geometry": {"type": "Polygon", "coordinates": [[[-73.94423101939223, 45.19783546523642], [-74.733644491947, 44.85920262247775], [-74.69773834783626, 44.229022586908755], [-73.89466165493545, 43.93713070775397], [-73.11565075285877, 44.26714121387984], [-73.1292912470011, 44.89753814041206], [-73.94423101939223, 45.19783546523642]]]}}, {"type": "Feature", "properties": {"h3": "8348f3fffffffff", "bars": 13, "breweries": 11, "golf_courses": 6, "boat_ramps": 11, "fishing_access": 13, "hardware_stores": 9, "campgrounds": 4, "bowling_pool_clubs": 1, "nfl_miles": 74.3, "nba_miles": 61.2, "mlb_miles": 159.8, "nhl_miles": 124.5, "casino_miles": 228.4}, "geometry": {"type": "Polygon", "coordinates": [[[-105.03439098167703, 30.771960526666696], [-104.58496660160148, 31.322223035888804], [-104.92304635066672, 31.93090849181692], [-105.71621949979533, 31.987732127070323], [-106.16355147503435, 31.43485636005659], [-105.81991206760108, 30.827781970723592], [-105.03439098167703, 30.771960526666696]]]}}, {"type": "Feature", "properties": {"h3": "832695fffffffff", "bars": 38, "breweries": 10, "golf_courses": 9, "boat_ramps": 11, "fishing_access": 1, "hardware_stores": 0, "campgrounds": 4, "bowling_pool_clubs": 8, "nfl_miles": 263.1, "nba_miles": 148.9, "mlb_miles": 182.1, "nhl_miles": 173.5, "casino_miles": 242.5}, "geometry": {"type": "Polygon", "coordinates": [[[-109.20732784737721, 40.10774431412724], [-108.7382316478869, 40.63815220409986], [-109.13106255776393, 41.19652006940259], [-109.99819761948277, 41.2226393737195], [-110.46300855570529, 40.69042258022559], [-110.06511734491542, 40.133901381241], [-109.20732784737721, 40.10774431412724]]]}}, {"type": "Feature", "properties": {"h3": "832789fffffffff", "bars": 35, "breweries": 0, "golf_courses": 9, "boat_ramps": 2, "fishing_access": 8, "hardware_stores": 2, "campgrounds": 8, "bowling_pool_clubs": 7, "nfl_miles": 374.9, "nba_miles": 356.0, "mlb_miles": 87.5, "nhl_miles": 154.2, "casino_miles": 139.6}, "geometry": {"type": "Polygon", "coordinates": [[[-102.1316032070754, 44.48612601813074], [-101.60751328987199, 44.95769689846376], [-101.99711950990842, 45.520472599940085], [-102.88487990520927, 45.59527305852131], [-103.04503504977468, 45.432731939183526], [-103.39299520117827, 45.11622892460044], [-103.01963396111636, 44.564787679348356], [-102.1316032070754, 44.48612601813074]]]}}, {"type": "Feature", "properties": {"h3": "83260afffffffff", "bars": 18, "breweries": 8, "golf_courses": 3, "boat_ramps": 20, "fishing_access": 2, "hardware_stores": 4, "campgrounds": 15, "bowling_pool_clubs": 8, "nfl_miles": 171.1, "nba_miles": 207.0, "mlb_miles": 77.6, "nhl_miles": 197.1, "casino_miles": 89.0}, "geometry": {"type": "Polygon", "coordinates": [[[-96.36432448468614, 40.04575295013506], [-95.84809346832756, 40.5137835908502], [-96.15487277420792, 41.10256167837416], [-96.98700321689786, 41.22348172328074], [-97.5045420715353, 40.75320359069346], [-97.18874577054888, 40.16427574631937], [-96.36432448468614, 40.04575295013506]]]}}, {"type": "Feature", "properties": {"h3": "83488afffffffff", "bars": 16, "breweries": 8, "golf_courses": 5, "boat_ramps": 6, "fishing_access": 5, "hardware_stores": 5, "campgrounds": 11, "bowling_pool_clubs": 7, "nfl_miles": 314.9, "nba_miles": 94.5, "mlb_miles": 347.1, "nhl_miles": 276.7, "casino_miles": 202.6}, "geometry": {"type": "Polygon", "coordinates": [[[-100.36716587192403, 30.34097829226808], [-99.90383678183301, 30.872540124279137], [-100.21178382023747, 31.48993750697799], [-100.98988538201289, 31.575020032864458], [-101.45286582983651, 31.040561505986297], [-101.1381884540413, 30.423935041979828], [-100.36716587192403, 30.34097829226808]]]}}, {"type": "Feature", "properties": {"h3": "832662fffffffff", "bars": 3, "breweries": 3, "golf_courses": 2, "boat_ramps": 0, "fishing_access": 7, "hardware_stores": 2, "campgrounds": 0, "bowling_pool_clubs": 7, "nfl_miles": 133.7, "nba_miles": 294.1, "mlb_miles": 197.1, "nhl_miles": 398.3, "casino_miles": 232.9}, "geometry": {"type": "Polygon", "coordinates": [[[-89.35835857272995, 40.932576766537075], [-89.94593468395075, 40.525079792801314], [-89.7262163062613, 39.94722184718562], [-88.93406727701122, 39.771436827084564], [-88.34556822819707, 40.169739893481236], [-88.54992357173472, 40.75295554842209], [-89.35835857272995, 40.932576766537075]]]}}, {"type": "Feature", "properties": {"h3": "832756fffffffff", "bars": 2, "breweries": 7, "golf_courses": 5, "boat_ramps": 17, "fishing_access": 15, "hardware_stores": 7, "campgrounds": 7, "bowling_pool_clubs": 1, "nfl_miles": 321.1, "nba_miles": 328.2, "mlb_miles": 78.6, "nhl_miles": 68.5, "casino_miles": 204.3}, "geometry": {"type": "Polygon", "coordinates": [[[-92.76498247543009, 47.08825483189807], [-93.39584904234346, 46.630019541751885], [-93.09963843916354, 46.02490047924244], [-92.19051450261026, 45.870995259652034], [-91.5556878387775, 46.31947489246788], [-91.83357986131593, 46.93155685393746], [-92.76498247543009, 47.08825483189807]]]}}, {"type": "Feature", "properties": {"h3": "832a32fffffffff", "bars": 23, "breweries": 26, "golf_courses": 5, "boat_ramps": 17, "fishing_access": 36, "hardware_stores": 21, "campgrounds": 18, "bowling_pool_clubs": 6, "nfl_miles": 158.7, "nba_miles": 248.2, "mlb_miles": 145.5, "nhl_miles": 155.8, "casino_miles": 72.3}, "geometry": {"type": "Polygon", "coordinates": [[[-72.3209858071375, 43.34015832956712], [-73.08947577680037, 43.018511082469935], [-73.07691180312379, 42.400492689472884], [-72.31638457936062, 42.10438651576245], [-71.55848333948539, 42.41792704359448], [-71.55052924575753, 43.035560206435555], [-72.3209858071375, 43.34015832956712]]]}}, {"type": "Feature", "properties": {"h3": "834454fffffffff", "bars": 4, "breweries": 3, "golf_courses": 7, "boat_ramps": 10, "fishing_access": 3, "hardware_stores": 5, "campgrounds": 0, "bowling_pool_clubs": 4, "nfl_miles": 285.3, "nba_miles": 285.0, "mlb_miles": 181.9, "nhl_miles": 252.5, "casino_miles": 238.5}, "geometry": {"type": "Polygon", "coordinates": [[[-88.17027178884264, 28.973403097559856], [-87.69988929915671, 29.44481299708353], [-87.91677296762013, 30.06185013106861], [-88.61229518346315, 30.209230464940806], [-89.08631016580163, 29.73505696786574], [-88.8612057756241, 29.116287935495304], [-88.17027178884264, 28.973403097559856]]]}}, {"type": "Feature", "properties": {"h3": "832af3fffffffff", "bars": 41, "breweries": 4, "golf_courses": 0, "boat_ramps": 2, "fishing_access": 29, "hardware_stores": 15, "campgrounds": 14, "bowling_pool_clubs": 10, "nfl_miles": 309.5, "nba_miles": 204.5, "mlb_miles": 33.3, "nhl_miles": 313.8, "casino_miles": 136.8}, "geometry": {"type": "Polygon", "coordinates": [[[-76.29144346808987, 36.0716675289531], [-76.92767041505323, 35.755725361379135], [-76.87287932368407, 35.196463016034336], [-76.19689970896387, 34.95204734757289], [-75.56663990889064, 35.26013569476645], [-75.6063534040535, 35.820397914859804], [-76.29144346808987, 36.0716675289531]]]}}, {"type": "Feature", "properties": {"h3": "8326f0fffffffff", "bars": 28, "breweries": 5, "golf_courses": 9, "boat_ramps": 2, "fishing_access": 6, "hardware_stores": 0, "campgrounds": 10, "bowling_pool_clubs": 4, "nfl_miles": 156.3, "nba_miles": 60.0, "mlb_miles": 65.5, "nhl_miles": 382.7, "casino_miles": 104.6}, "geometry": {"type": "Polygon", "coordinates": [[[-100.5315103176315, 37.816058756323855], [-100.03651908960924, 38.31878522811365], [-100.36691225519512, 38.91212353249477], [-101.20006269485634, 39.00216267192555], [-101.69457654233094, 38.497069773194205], [-101.35653446441069, 37.904322543968576], [-100.5315103176315, 37.816058756323855]]]}}, {"type": "Feature", "properties": {"h3": "8344e2fffffffff", "bars": 25, "breweries": 4, "golf_courses": 2, "boat_ramps": 3, "fishing_access": 12, "hardware_stores": 1, "campgrounds": 0, "bowling_pool_clubs": 3, "nfl_miles": 98.7, "nba_miles": 320.6, "mlb_miles": 142.6, "nhl_miles": 310.9, "casino_miles": 168.7}, "geometry": {"type": "Polygon", "coordinates": [[[-83.60470181011483, 30.180069290846312], [-83.13508846454988, 30.61922263563346], [-83.31850409944572, 31.226884197063043], [-83.97995685373473, 31.398103115589777], [-84.45440227965172, 30.956724773960858], [-84.26257560241332, 30.346368912980648], [-83.60470181011483, 30.180069290846312]]]}}, {"type": "Feature", "properties": {"h3": "8328a5fffffffff", "bars": 7, "breweries": 4, "golf_courses": 7, "boat_ramps": 12, "fishing_access": 13, "hardware_stores": 4, "campgrounds": 10, "bowling_pool_clubs": 2, "nfl_miles": 169.3, "nba_miles": 74.6, "mlb_miles": 172.3, "nhl_miles": 112.0, "casino_miles": 119.7}, "geometry": {"type": "Polygon", "coordinates": [[[-118.16086677307435, 40.610403153902915], [-117.74720512310283, 41.166896140226825], [-118.18247869023286, 41.68422995487124], [-119.03298857893009, 41.64259116738497], [-119.43899644923948, 41.08543425280383], [-119.0022822666251, 40.570571787496846], [-118.16086677307435, 40.610403153902915]]]}}, {"type": "Feature", "properties": {"h3": "8348b2fffffffff", "bars": 24, "breweries": 7, "golf_courses": 4, "boat_ramps": 9, "fishing_access": 19, "hardware_stores": 6, "campgrounds": 1, "bowling_pool_clubs": 6, "nfl_miles": 332.0, "nba_miles": 261.0, "mlb_miles": 196.3, "nhl_miles": 193.4, "casino_miles": 24.5}, "geometry": {"type": "Polygon", "coordinates": [[[-96.5663444578173, 25.181612967484053], [-96.11455478536654, 25.706835638565614], [-96.38475070596917, 26.330133141946444], [-97.113691925157, 26.42793886620756], [-97.56643115448124, 25.89925055438693], [-97.2893494723773, 25.27624461918032], [-96.5663444578173, 25.181612967484053]]]}}, {"type": "Feature", "properties": {"h3": "832999fffffffff", "bars": 21, "breweries": 7, "golf_courses": 3, "boat_ramps": 10, "fishing_access": 4, "hardware_stores": 7, "campgrounds": 8, "bowling_pool_clubs": 8, "nfl_miles": 70.2, "nba_miles": 208.6, "mlb_miles": 68.5, "nhl_miles": 328.6, "casino_miles": 85.6}, "geometry": {"type": "Polygon", "coordinates": [[[-115.62163013363723, 39.60348400894916], [-115.19411547389362, 40.15807864031529], [-115.61558955521599, 40.693518193784435], [-116.46717092132708, 40.6719532568919], [-116.8880063607481, 40.11631636231876], [-116.46407789572766, 39.58328212827859], [-115.62163013363723, 39.60348400894916]]]}}, {"type": "Feature", "properties": {"h3": "832a8dfffffffff", "bars": 32, "breweries": 19, "golf_courses": 26, "boat_ramps": 15, "fishing_access": 54, "hardware_stores": 18, "campgrounds": 3, "bowling_pool_clubs": 17, "nfl_miles": 23.8, "nba_miles": 19.4, "mlb_miles": 28.1, "nhl_miles": 72.4, "casino_miles": 14.2}, "geometry": {"type": "Polygon", "coordinates": [[[-77.81678026424703, 37.712363600309516], [-78.46437972241239, 37.380081735175224], [-78.38960204211891, 36.80737026208428], [-77.68316385354365, 36.56531355829964], [-77.04114526173694, 36.88932098886056], [-77.09992207378818, 37.46356103312861], [-77.81678026424703, 37.712363600309516]]]}}, {"type": "Feature", "properties": {"h3": "834462fffffffff", "bars": 42, "breweries": 11, "golf_courses": 9, "boat_ramps": 13, "fishing_access": 8, "hardware_stores": 5, "campgrounds": 4, "bowling_pool_clubs": 1, "nfl_miles": 316.7, "nba_miles": 45.9, "mlb_miles": 306.6, "nhl_miles": 206.6, "casino_miles": 199.8}, "geometry": {"type": "Polygon", "coordinates": [[[-91.66864845885823, 27.92257788237718], [-91.20184536818925, 28.417066060012278], [-91.44305997299979, 29.03851386192279], [-92.15897465849429, 29.166432312158097], [-92.62835076349998, 28.668863028887618], [-92.37929111142255, 28.046479314933773], [-91.66864845885823, 27.92257788237718]]]}}, {"type": "Feature", "properties": {"h3": "832b81fffffffff", "bars": 25, "breweries": 0, "golf_courses": 1, "boat_ramps": 6, "fishing_access": 9, "hardware_stores": 5, "campgrounds": 9, "bowling_pool_clubs": 7, "nfl_miles": 312.6, "nba_miles": 202.0, "mlb_miles": 330.8, "nhl_miles": 162.9, "casino_miles": 230.8}, "geometry": {"type": "Polygon", "coordinates": [[[-74.80857540879882, 46.13112428385697], [-75.60821438528191, 45.78360843645858], [-75.55918016903604, 45.14799053929841], [-74.733644491947, 44.85920262247775], [-73.94423101939223, 45.19783546523642], [-73.97008515141388, 45.8340078449846], [-74.80857540879882, 46.13112428385697]]]}}, {"type": "Feature", "properties": {"h3": "83268afffffffff", "bars": 11, "breweries": 3, "golf_courses": 2, "boat_ramps": 1, "fishing_access": 19, "hardware_stores": 4, "campgrounds": 10, "bowling_pool_clubs": 1, "nfl_miles": 196.2, "nba_miles": 46.4, "mlb_miles": 182.2, "nhl_miles": 44.8, "casino_miles": 169.1}, "geometry": {"type": "Polygon", "coordinates": [[[-105.63846949026974, 37.144813701454396], [-105.16538034685188, 37.6748476735819], [-105.52685292295116, 38.25975663382742], [-106.36757043650675, 38.313202067553185], [-106.83805720562071, 37.78099021339411], [-106.47055990059373, 37.1975222453905], [-105.63846949026974, 37.144813701454396]]]}}, {"type": "Feature", "properties": {"h3": "83274bfffffffff", "bars": 58, "breweries": 12, "golf_courses": 15, "boat_ramps": 9, "fishing_access": 23, "hardware_stores": 12, "campgrounds": 9, "bowling_pool_clubs": 1, "nfl_miles": 66.6, "nba_miles": 34.9, "mlb_miles": 62.9, "nhl_miles": 35.5, "casino_miles": 193.0}, "geometry": {"type": "Polygon", "coordinates": [[[-86.05978206677452, 42.35836393811643], [-86.69997762994755, 41.95830934914772], [-86.51301205302646, 41.36205036064854], [-85.70319925935871, 41.16126851923316], [-85.06426190114368, 41.55187639845387], [-85.23367711992915, 42.15262667876492], [-86.05978206677452, 42.35836393811643]]]}}, {"type": "Feature", "properties": {"h3": "834449fffffffff", "bars": 1, "breweries": 3, "golf_courses": 7, "boat_ramps": 10, "fishing_access": 4, "hardware_stores": 10, "campgrounds": 3, "bowling_pool_clubs": 6, "nfl_miles": 343.2, "nba_miles": 348.9, "mlb_miles": 233.9, "nhl_miles": 71.0, "casino_miles": 195.9}, "geometry": {"type": "Polygon", "coordinates": [[[-93.97672487676907, 33.50626944450676], [-93.48811693693578, 33.99388810917587], [-93.75896753393855, 34.608571661173514], [-94.52686367565859, 34.73630623236729], [-95.0175072313011, 34.24608056480459], [-94.73829216575729, 33.63074926899124], [-93.97672487676907, 33.50626944450676]]]}}, {"type": "Feature", "properties": {"h3": "832624fffffffff", "bars": 9, "breweries": 7, "golf_courses": 6, "boat_ramps": 0, "fishing_access": 3, "hardware_stores": 2, "campgrounds": 2, "bowling_pool_clubs": 7, "nfl_miles": 387.0, "nba_miles": 209.7, "mlb_miles": 349.5, "nhl_miles": 250.7, "casino_miles": 62.3}, "geometry": {"type": "Polygon", "coordinates": [[[-95.57986345738759, 47.511000583160836], [-96.18007188383456, 47.0379248642164], [-95.84570944784959, 46.44140657160158], [-94.9276864515363, 46.31017361461591], [-94.3211923328983, 46.773779344513805], [-94.63860762113772, 47.378049009400215], [-95.57986345738759, 47.511000583160836]]]}}, {"type": "Feature", "properties": {"h3": "832718fffffffff", "bars": 36, "breweries": 6, "golf_courses": 0, "boat_ramps": 5, "fishing_access": 0, "hardware_stores": 1, "campgrounds": 10, "bowling_pool_clubs": 6, "nfl_miles": 392.6, "nba_miles": 345.5, "mlb_miles": 305.3, "nhl_miles": 254.5, "casino_miles": 145.3}, "geometry": {"type": "Polygon", "coordinates": [[[-98.21021811077958, 48.94491700027529], [-98.79403956298103, 48.45327505218785], [-98.41541624608865, 47.86146567023137], [-97.46877562462615, 47.75274382966932], [-96.87609867263421, 48.235177199632695], [-97.23846213489288, 48.83551998549632], [-98.21021811077958, 48.94491700027529]]]}}, {"type": "Feature", "properties": {"h3": "8326e5fffffffff", "bars": 18, "breweries": 0, "golf_courses": 7, "boat_ramps": 6, "fishing_access": 15, "hardware_stores": 8, "campgrounds": 9, "bowling_pool_clubs": 7, "nfl_miles": 123.5, "nba_miles": 61.9, "mlb_miles": 46.8, "nhl_miles": 247.5, "casino_miles": 145.0}, "geometry": {"type": "Polygon", "coordinates": [[[-95.46105734504604, 38.25591609103318], [-94.95227836018208, 38.72890939398724], [-95.24686215665143, 39.3268029344755], [-96.05920019096511, 39.45208416981631], [-96.56961054138694, 38.97678237482464], [-96.26614408828843, 38.37853039512507], [-95.46105734504604, 38.25591609103318]]]}}, {"type": "Feature", "properties": {"h3": "832764fffffffff", "bars": 17, "breweries": 10, "golf_courses": 6, "boat_ramps": 14, "fishing_access": 15, "hardware_stores": 1, "campgrounds": 7, "bowling_pool_clubs": 5, "nfl_miles": 201.4, "nba_miles": 197.0, "mlb_miles": 98.1, "nhl_miles": 301.4, "casino_miles": 125.3}, "geometry": {"type": "Polygon", "coordinates": [[[-83.98131184812848, 49.413249968526785], [-84.75501729060608, 48.99330316483745], [-84.56477557117547, 48.351816771820985], [-83.62547902222268, 48.125916465157616], [-82.8554608412385, 48.535549998914846], [-83.02077145893769, 49.18127648788078], [-83.98131184812848, 49.413249968526785]]]}}, {"type": "Feature", "properties": {"h3": "832670fffffffff", "bars": 28, "breweries": 3, "golf_courses": 8, "boat_ramps": 3, "fishing_access": 18, "hardware_stores": 10, "campgrounds": 5, "bowling_pool_clubs": 7, "nfl_miles": 87.2, "nba_miles": 145.6, "mlb_miles": 296.1, "nhl_miles": 385.5, "casino_miles": 210.8}, "geometry": {"type": "Polygon", "coordinates": [[[-91.80789214271509, 41.436846004838245], [-92.18738989826338, 41.156062027797404], [-92.36263426189475, 41.009208732636495], [-92.08570007892963, 40.41742119307039], [-91.29193022272084, 40.26530489405515], [-90.94334815526814, 40.55701793417331], [-90.75215834469323, 40.69437427078751], [-90.98764354069947, 41.27462228724992], [-91.80789214271509, 41.436846004838245]]]}}, {"type": "Feature", "properties": {"h3": "8348dafffffffff", "bars": 43, "breweries": 10, "golf_courses": 5, "boat_ramps": 12, "fishing_access": 15, "hardware_stores": 2, "campgrounds": 9, "bowling_pool_clubs": 3, "nfl_miles": 141.7, "nba_miles": 309.7, "mlb_miles": 280.1, "nhl_miles": 86.5, "casino_miles": 61.9}, "geometry": {"type": "Polygon", "coordinates": [[[-104.57543863548263, 35.36605485489085], [-104.10563694167888, 35.89913044819891], [-104.4548159269732, 36.49436854843135], [-105.2800846070791, 36.55521783860182], [-105.74779673121111, 36.019808612927946], [-105.39245215561284, 35.425896502890346], [-104.57543863548263, 35.36605485489085]]]}}, {"type": "Feature", "properties": {"h3": "832ab5fffffffff", "bars": 38, "breweries": 7, "golf_courses": 1, "boat_ramps": 12, "fishing_access": 13, "hardware_stores": 7, "campgrounds": 4, "bowling_pool_clubs": 3, "nfl_miles": 115.4, "nba_miles": 56.9, "mlb_miles": 46.5, "nhl_miles": 357.1, "casino_miles": 98.9}, "geometry": {"type": "Polygon", "coordinates": [[[-80.04079830375713, 42.99531036263032], [-80.74633831735792, 42.6254470059868], [-80.63300923845013, 42.01414063841923], [-79.8336450098895, 41.77011590418045], [-79.13357924779845, 42.13075584926555], [-79.22728063889042, 42.74453343115546], [-80.04079830375713, 42.99531036263032]]]}}, {"type": "Feature", "properties": {"h3": "832ba9fffffffff", "bars": 10, "breweries": 2, "golf_courses": 8, "boat_ramps": 0, "fishing_access": 2, "hardware_stores": 5, "campgrounds": 6, "bowling_pool_clubs": 1, "nfl_miles": 262.3, "nba_miles": 83.4, "mlb_miles": 120.7, "nhl_miles": 132.8, "casino_miles": 95.0}, "geometry": {"type": "Polygon", "coordinates": [[[-70.71418619606771, 45.22912601897925], [-71.52532314965413, 44.9133823133506], [-71.53395847884435, 44.28339504097626], [-70.75368160053974, 43.97005800353858], [-69.95506755076666, 44.27784933847793], [-69.92424926378267, 44.90680391742177], [-70.71418619606771, 45.22912601897925]]]}}, {"type": "Feature", "properties": {"h3": "8326b2fffffffff", "bars": 22, "breweries": 12, "golf_courses": 0, "boat_ramps": 12, "fishing_access": 17, "hardware_stores": 4, "campgrounds": 2, "bowling_pool_clubs": 8, "nfl_miles": 257.5, "nba_miles": 77.5, "mlb_miles": 58.2, "nhl_miles": 380.7, "casino_miles": 202.8}, "geometry": {"type": "Polygon", "coordinates": [[[-110.40009121737634, 41.773015241263025], [-109.92980248566015, 42.29910215223189], [-110.33577809752227, 42.84306664920783], [-111.2169481531772, 42.858999769759265], [-111.68229620491502, 42.33122516439231], [-111.27157033330067, 41.78920913152274], [-110.40009121737634, 41.773015241263025]]]}}, {"type": "Feature", "properties": {"h3": "83289afffffffff", "bars": 7, "breweries": 1, "golf_courses": 9, "boat_ramps": 9, "fishing_access": 3, "hardware_stores": 8, "campgrounds": 0, "bowling_pool_clubs": 8, "nfl_miles": 77.9, "nba_miles": 266.8, "mlb_miles": 353.5, "nhl_miles": 368.0, "casino_miles": 51.9}, "geometry": {"type": "Polygon", "coordinates": [[[-112.8274735794235, 47.011492642373454], [-112.3452057389902, 47.514028634677466], [-112.78800392829437, 48.011188120377795], [-113.71743852720768, 48.00364426397169], [-114.19305129718568, 47.499510710490746], [-113.74606662563717, 47.00451746602974], [-112.8274735794235, 47.011492642373454]]]}}, {"type": "Feature", "properties": {"h3": "83298efffffffff", "bars": 18, "breweries": 11, "golf_courses": 7, "boat_ramps": 12, "fishing_access": 16, "hardware_stores": 7, "campgrounds": 11, "bowling_pool_clubs": 1, "nfl_miles": 95.5, "nba_miles": 170.9, "mlb_miles": 334.9, "nhl_miles": 84.3, "casino_miles": 62.4}, "geometry": {"type": "Polygon", "coordinates": [[[-116.87305699885412, 37.9184551694076], [-116.46105044303361, 38.48350165035189], [-116.88045210211388, 39.02276887421968], [-117.71387004811588, 38.99442650641485], [-118.1190113151929, 38.42851196624436], [-117.69772807276907, 37.89180158932052], [-116.87305699885412, 37.9184551694076]]]}}, {"type": "Feature", "properties": {"h3": "832a82fffffffff", "bars": 53, "breweries": 24, "golf_courses": 0, "boat_ramps": 7, "fishing_access": 30, "hardware_stores": 10, "campgrounds": 9, "bowling_pool_clubs": 16, "nfl_miles": 71.7, "nba_miles": 96.1, "mlb_miles": 212.0, "nhl_miles": 134.5, "casino_miles": 116.7}, "geometry": {"type": "Polygon", "coordinates": [[[-81.74478029600353, 40.07851054514274], [-82.39374132585091, 39.71307115480017], [-82.26705878743627, 39.125450661205164], [-81.50832206153967, 38.90024656500459], [-80.86316038688348, 39.25671721647276], [-80.97281170358137, 39.84726423792644], [-81.74478029600353, 40.07851054514274]]]}}, {"type": "Feature", "properties": {"h3": "832773fffffffff", "bars": 15, "breweries": 2, "golf_courses": 8, "boat_ramps": 6, "fishing_access": 7, "hardware_stores": 2, "campgrounds": 6, "bowling_pool_clubs": 6, "nfl_miles": 370.5, "nba_miles": 363.3, "mlb_miles": 382.7, "nhl_miles": 225.8, "casino_miles": 175.3}, "geometry": {"type": "Polygon", "coordinates": [[[-89.56319289877194, 47.65874961923311], [-90.24235321110062, 47.21362581446894], [-89.98392497286626, 46.59501057326911], [-89.06656493399484, 46.41537750220255], [-88.38601869715757, 46.85043803470459], [-88.62387683209171, 47.475113179089746], [-89.56319289877194, 47.65874961923311]]]}}, {"type": "Feature", "properties": {"h3": "83288bfffffffff", "bars": 1, "breweries": 7, "golf_courses": 2, "boat_ramps": 12, "fishing_access": 0, "hardware_stores": 8, "campgrounds": 1, "bowling_pool_clubs": 1, "nfl_miles": 161.8, "nba_miles": 184.6, "mlb_miles": 318.1, "nhl_miles": 196.3, "casino_miles": 107.4}, "geometry": {"type": "Polygon", "coordinates": [[[-118.29801072710565, 46.86127909782427], [-117.85649765967405, 47.382751513852256], [-118.32273354360943, 47.85533601326519], [-119.23221501743073, 47.80409716753513], [-119.66490841732488, 47.2817327491024], [-119.197103374418, 46.81148827909575], [-118.29801072710565, 46.86127909782427]]]}}, {"type": "Feature", "properties": {"h3": "834898fffffffff", "bars": 4, "breweries": 9, "golf_courses": 18, "boat_ramps": 3, "fishing_access": 40, "hardware_stores": 22, "campgrounds": 18, "bowling_pool_clubs": 13, "nfl_miles": 88.5, "nba_miles": 137.6, "mlb_miles": 115.2, "nhl_miles": 71.2, "casino_miles": 93.0}, "geometry": {"type": "Polygon", "coordinates": [[[-98.07524669549042, 30.066765690235204], [-97.60749634250917, 30.588285657111044], [-97.89937245694294, 31.208296808925436], [-98.66627338815579, 31.30648651288573], [-99.13451190737737, 30.78199736757274], [-98.83544690833988, 30.162307780560457], [-98.07524669549042, 30.066765690235204]]]}}, {"type": "Feature", "properties": {"h3": "8326a3fffffffff", "bars": 22, "breweries": 0, "golf_courses": 4, "boat_ramps": 14, "fishing_access": 16, "hardware_stores": 9, "campgrounds": 2, "bowling_pool_clubs": 6, "nfl_miles": 200.6, "nba_miles": 113.8, "mlb_miles": 236.0, "nhl_miles": 323.8, "casino_miles": 168.2}, "geometry": {"type": "Polygon", "coordinates": [[[-105.1775341855395, 41.53733370901215], [-104.68169604199885, 42.04247572101021], [-105.05601162759498, 42.605380833300046], [-105.9330358344131, 42.66182062951135], [-106.42623943121072, 42.15458658516988], [-106.04520129958527, 41.59301770455921], [-105.1775341855395, 41.53733370901215]]]}}, {"type": "Feature", "properties": {"h3": "834471fffffffff", "bars": 44, "breweries": 5, "golf_courses": 6, "boat_ramps": 12, "fishing_access": 6, "hardware_stores": 4, "campgrounds": 1, "bowling_pool_clubs": 0, "nfl_miles": 233.5, "nba_miles": 180.4, "mlb_miles": 298.8, "nhl_miles": 356.8, "casino_miles": 137.3}, "geometry": {"type": "Polygon", "coordinates": [[[-90.49723548365363, 28.286741498708036], [-90.02883293008414, 28.77369543736418], [-90.26205507934758, 29.393936678554414], [-90.97171877588484, 29.528453089584996], [-91.44305997299979, 29.03851386192279], [-91.20184536818925, 28.417066060012278], [-90.49723548365363, 28.286741498708036]]]}}, {"type": "Feature", "properties": {"h3": "8344c8fffffffff", "bars": 34, "breweries": 4, "golf_courses": 3, "boat_ramps": 1, "fishing_access": 16, "hardware_stores": 8, "campgrounds": 4, "bowling_pool_clubs": 8, "nfl_miles": 162.7, "nba_miles": 268.8, "mlb_miles": 48.4, "nhl_miles": 360.5, "casino_miles": 141.9}, "geometry": {"type": "Polygon", "coordinates": [[[-84.47288096872609, 34.86950649141064], [-83.98074902462155, 35.29304364656146], [-84.17939495534515, 35.89632540801398], [-84.87939827143971, 36.07868094205102], [-85.37659354933155, 35.65335164185885], [-85.16874173310372, 35.0474762408341], [-84.47288096872609, 34.86950649141064]]]}}, {"type": "Feature", "properties": {"h3": "83264cfffffffff", "bars": 16, "breweries": 3, "golf_courses": 4, "boat_ramps": 11, "fishing_access": 13, "hardware_stores": 8, "campgrounds": 1, "bowling_pool_clubs": 0, "nfl_miles": 343.0, "nba_miles": 133.5, "mlb_miles": 222.7, "nhl_miles": 84.6, "casino_miles": 192.8}, "geometry": {"type": "Polygon", "coordinates": [[[-87.52877390017805, 36.17137689985008], [-87.02684565867368, 36.60770391373693], [-87.25311694478663, 37.21205136645073], [-87.99076359407901, 37.38207405857689], [-88.49702860313924, 36.94377829582041], [-88.26134934148166, 36.33744919212107], [-87.52877390017805, 36.17137689985008]]]}}, {"type": "Feature", "properties": {"h3": "832740fffffffff", "bars": 7, "breweries": 7, "golf_courses": 4, "boat_ramps": 9, "fishing_access": 0, "hardware_stores": 7, "campgrounds": 5, "bowling_pool_clubs": 3, "nfl_miles": 329.9, "nba_miles": 396.0, "mlb_miles": 243.6, "nhl_miles": 362.0, "casino_miles": 162.5}, "geometry": {"type": "Polygon", "coordinates": [[[-87.24889677101704, 46.03401162370251], [-87.92981696089831, 45.608958755022485], [-87.71096057894515, 44.99247002732748], [-86.83104800131284, 44.79577344582174], [-86.15066839108712, 45.21089901383896], [-86.34938599929104, 45.83255781386602], [-87.24889677101704, 46.03401162370251]]]}}, {"type": "Feature", "properties": {"h3": "832619fffffffff", "bars": 34, "breweries": 9, "golf_courses": 3, "boat_ramps": 5, "fishing_access": 9, "hardware_stores": 4, "campgrounds": 10, "bowling_pool_clubs": 2, "nfl_miles": 297.2, "nba_miles": 227.1, "mlb_miles": 129.1, "nhl_miles": 158.0, "casino_miles": 151.9}, "geometry": {"type": "Polygon", "coordinates": [[[-97.7003525974505, 39.686673712805174], [-97.18874577054888, 40.16427574631937], [-97.5045420715353, 40.75320359069346], [-98.34071099607598, 40.864460160882054], [-98.85304930040634, 40.38456935477076], [-98.52859678867617, 39.79573246070415], [-97.7003525974505, 39.686673712805174]]]}}, {"type": "Feature", "properties": {"h3": "832b9afffffffff", "bars": 23, "breweries": 7, "golf_courses": 1, "boat_ramps": 2, "fishing_access": 13, "hardware_stores": 6, "campgrounds": 1, "bowling_pool_clubs": 1, "nfl_miles": 62.4, "nba_miles": 359.9, "mlb_miles": 211.5, "nhl_miles": 200.6, "casino_miles": 101.8}, "geometry": {"type": "Polygon", "coordinates": [[[-80.3731962771293, 44.863075612320735], [-81.10509178727428, 44.483259351562076], [-80.98225290216081, 43.86011974432308], [-80.14859173400696, 43.614014770430416], [-79.42239003199485, 43.984339238314476], [-79.5240110555761, 44.61014424449475], [-80.3731962771293, 44.863075612320735]]]}}, {"type": "Feature", "properties": {"h3": "832aa6fffffffff", "bars": 33, "breweries": 6, "golf_courses": 9, "boat_ramps": 8, "fishing_access": 16, "hardware_stores": 6, "campgrounds": 4, "bowling_pool_clubs": 7, "nfl_miles": 269.1, "nba_miles": 398.7, "mlb_miles": 288.0, "nhl_miles": 381.2, "casino_miles": 187.0}, "geometry": {"type": "Polygon", "coordinates": [[[-78.50723161048337, 43.105571483487026], [-79.22728063889042, 42.74453343115546], [-79.13357924779845, 42.13075584926555], [-78.33970272683199, 41.87598417517779], [-77.62619472095602, 42.22794864619811], [-77.69992378807908, 42.84364383820976], [-78.50723161048337, 43.105571483487026]]]}}, {"type": "Feature", "properties": {"h3": "8329b2fffffffff", "bars": 26, "breweries": 2, "golf_courses": 2, "boat_ramps": 8, "fishing_access": 4, "hardware_stores": 7, "campgrounds": 11, "bowling_pool_clubs": 7, "nfl_miles": 85.5, "nba_miles": 290.2, "mlb_miles": 346.7, "nhl_miles": 81.5, "casino_miles": 64.2}, "geometry": {"type": "Polygon", "coordinates": [[[-112.00568347042538, 34.56548052477443], [-111.5756629202815, 35.12917634403377], [-111.96235777597163, 35.70493980448009], [-112.78277195801917, 35.714639130788434], [-113.20792162017284, 35.14928103888813], [-112.8176536835722, 34.57588678629265], [-112.00568347042538, 34.56548052477443]]]}}, {"type": "Feature", "properties": {"h3": "8348cbfffffffff", "bars": 30, "breweries": 0, "golf_courses": 2, "boat_ramps": 8, "fishing_access": 11, "hardware_stores": 1, "campgrounds": 9, "bowling_pool_clubs": 6, "nfl_miles": 79.7, "nba_miles": 173.1, "mlb_miles": 144.3, "nhl_miles": 228.2, "casino_miles": 42.7}, "geometry": {"type": "Polygon", "coordinates": [[[-109.49663922433255, 35.64224051313173], [-109.04849433563587, 36.193816857037696], [-109.42657571411691, 36.77380422009684], [-110.25748485653355, 36.80019706117428], [-110.70158839216803, 36.2467139530767], [-110.31895427278583, 35.66874988288663], [-109.49663922433255, 35.64224051313173]]]}}, {"type": "Feature", "properties": {"h3": "83270dfffffffff", "bars": 19, "breweries": 5, "golf_courses": 4, "boat_ramps": 4, "fishing_access": 15, "hardware_stores": 0, "campgrounds": 2, "bowling_pool_clubs": 2, "nfl_miles": 322.2, "nba_miles": 191.8, "mlb_miles": 377.3, "nhl_miles": 149.9, "casino_miles": 81.6}, "geometry": {"type": "Polygon", "coordinates": [[[-92.04205353417109, 49.24511617377484], [-92.71499110822407, 48.77981199259808], [-92.41290989420196, 48.16190648897405], [-91.45818560247234, 48.002261922088664], [-90.78152579501695, 48.4574770794233], [-91.06289658034065, 49.08235655242536], [-92.04205353417109, 49.24511617377484]]]}}, {"type": "Feature", "properties": {"h3": "8326d6fffffffff", "bars": 11, "breweries": 11, "golf_courses": 7, "boat_ramps": 0, "fishing_access": 3, "hardware_stores": 8, "campgrounds": 5, "bowling_pool_clubs": 1, "nfl_miles": 353.4, "nba_miles": 190.3, "mlb_miles": 246.3, "nhl_miles": 243.7, "casino_miles": 226.6}, "geometry": {"type": "Polygon", "coordinates": [[[-103.2877707939648, 35.83053035051066], [-102.81101305686792, 36.35590377708359], [-103.15358439412798, 36.95224132751914], [-103.97964158279838, 37.02212062763307], [-104.4548159269732, 36.49436854843135], [-104.10563694167888, 35.89913044819891], [-103.2877707939648, 35.83053035051066]]]}}, {"type": "Feature", "properties": {"h3": "8328f5fffffffff", "bars": 48, "breweries": 15, "golf_courses": 19, "boat_ramps": 4, "fishing_access": 8, "hardware_stores": 16, "campgrounds": 20, "bowling_pool_clubs": 14, "nfl_miles": 208.6, "nba_miles": 185.9, "mlb_miles": 61.3, "nhl_miles": 200.5, "casino_miles": 23.9}, "geometry": {"type": "Polygon", "coordinates": [[[-123.44954009529842, 44.454599865059286], [-123.0619138974771, 45.002082700322134], [-123.53071236925733, 45.46530549026174], [-124.38647153673105, 45.37870875395827], [-124.76426272977164, 44.83130807205399], [-124.29625240032743, 44.370406328558374], [-123.44954009529842, 44.454599865059286]]]}}, {"type": "Feature", "properties": {"h3": "83440bfffffffff", "bars": 39, "breweries": 10, "golf_courses": 9, "boat_ramps": 6, "fishing_access": 12, "hardware_stores": 3, "campgrounds": 6, "bowling_pool_clubs": 5, "nfl_miles": 234.8, "nba_miles": 384.9, "mlb_miles": 360.4, "nhl_miles": 304.9, "casino_miles": 166.8}, "geometry": {"type": "Polygon", "coordinates": [[[-86.13674071864875, 28.52999626499663], [-85.67009274626189, 28.990791306805395], [-85.87049879464817, 29.604362171366766], [-86.54577821124968, 29.759287059695453], [-87.01654889201636, 29.29583342505069], [-86.80794203838373, 28.680133282026127], [-86.13674071864875, 28.52999626499663]]]}}, {"type": "Feature", "properties": {"h3": "8326dafffffffff", "bars": 10, "breweries": 11, "golf_courses": 0, "boat_ramps": 9, "fishing_access": 20, "hardware_stores": 4, "campgrounds": 8, "bowling_pool_clubs": 1, "nfl_miles": 271.8, "nba_miles": 70.7, "mlb_miles": 383.9, "nhl_miles": 235.1, "casino_miles": 193.0}, "geometry": {"type": "Polygon", "coordinates": [[[-101.30674461086156, 32.18957833209205], [-100.83869940750532, 32.71975875592276], [-101.15776180034088, 33.33180163674792], [-101.95168984375347, 33.41281335119367], [-102.4190142933208, 32.87992277449655], [-102.09323459159485, 32.26874743091332], [-101.30674461086156, 32.18957833209205]]]}}, {"type": "Feature", "properties": {"h3": "8328c2fffffffff", "bars": 72, "breweries": 16, "golf_courses": 6, "boat_ramps": 24, "fishing_access": 30, "hardware_stores": 16, "campgrounds": 0, "bowling_pool_clubs": 1, "nfl_miles": 214.2, "nba_miles": 178.9, "mlb_miles": 299.2, "nhl_miles": 107.1, "casino_miles": 49.2}, "geometry": {"type": "Polygon", "coordinates": [[[-123.6985862399974, 47.445811640773655], [-123.29954890974088, 47.97593444538911], [-123.78541407377031, 48.414997231106895], [-124.66948483336984, 48.32166660081046], [-125.05791785008323, 47.79145684480726], [-124.57301854665762, 47.35464640859371], [-123.6985862399974, 47.445811640773655]]]}}, {"type": "Feature", "properties": {"h3": "8329b6fffffffff", "bars": 113, "breweries": 5, "golf_courses": 25, "boat_ramps": 34, "fishing_access": 38, "hardware_stores": 10, "campgrounds": 25, "bowling_pool_clubs": 18, "nfl_miles": 23.8, "nba_miles": 159.5, "mlb_miles": 20.2, "nhl_miles": 88.9, "casino_miles": 51.9}, "geometry": {"type": "Polygon", "coordinates": [[[-112.04812930193182, 33.418019675790745], [-111.62272575497785, 33.985325026440734], [-112.00568347042538, 34.56548052477443], [-112.8176536835722, 34.57588678629265], [-113.23827165842253, 34.00686720358983], [-112.85182686097026, 33.4291562613683], [-112.04812930193182, 33.418019675790745]]]}}, {"type": "Feature", "properties": {"h3": "832aaafffffffff", "bars": 110, "breweries": 33, "golf_courses": 10, "boat_ramps": 24, "fishing_access": 16, "hardware_stores": 2, "campgrounds": 3, "bowling_pool_clubs": 3, "nfl_miles": 116.6, "nba_miles": 70.0, "mlb_miles": 51.4, "nhl_miles": 157.7, "casino_miles": 25.7}, "geometry": {"type": "Polygon", "coordinates": [[[-78.02970892851182, 39.469101646343184], [-78.69981411751283, 39.12708560115555], [-78.61941821988546, 38.54000205701095], [-77.88602859567857, 38.293183317541775], [-77.2218041649326, 38.62665557543465], [-77.2850167275602, 39.21538689141198], [-78.02970892851182, 39.469101646343184]]]}}, {"type": "Feature", "properties": {"h3": "832b9efffffffff", "bars": 26, "breweries": 10, "golf_courses": 2, "boat_ramps": 0, "fishing_access": 19, "hardware_stores": 5, "campgrounds": 2, "bowling_pool_clubs": 0, "nfl_miles": 296.8, "nba_miles": 147.3, "mlb_miles": 75.5, "nhl_miles": 91.3, "casino_miles": 224.9}, "geometry": {"type": "Polygon", "coordinates": [[[-79.73596345528178, 45.87295881207168], [-80.49026058459525, 45.493190346613915], [-80.3731962771293, 44.863075612320735], [-79.5240110555761, 44.61014424449475], [-78.77616090386161, 44.98035914488244], [-78.87090677231961, 45.61293702645131], [-79.73596345528178, 45.87295881207168]]]}}, {"type": "Feature", "properties": {"h3": "8344ccfffffffff", "bars": 16, "breweries": 6, "golf_courses": 1, "boat_ramps": 0, "fishing_access": 6, "hardware_stores": 3, "campgrounds": 9, "bowling_pool_clubs": 3, "nfl_miles": 217.5, "nba_miles": 310.9, "mlb_miles": 178.6, "nhl_miles": 81.4, "casino_miles": 29.2}, "geometry": {"type": "Polygon", "coordinates": [[[-84.76157931053282, 33.83307477570319], [-84.27382482312343, 34.263584494793], [-84.47288096872609, 34.86950649141064], [-85.16874173310372, 35.0474762408341], [-85.66138948768366, 34.61503882694923], [-85.45330381112981, 34.00657678923617], [-84.76157931053282, 33.83307477570319]]]}}, {"type": "Feature", "properties": {"h3": "8328f1fffffffff", "bars": 59, "breweries": 17, "golf_courses": 13, "boat_ramps": 4, "fishing_access": 30, "hardware_stores": 0, "campgrounds": 13, "bowling_pool_clubs": 7, "nfl_miles": 237.9, "nba_miles": 28.9, "mlb_miles": 153.9, "nhl_miles": 161.4, "casino_miles": 25.1}, "geometry": {"type": "Polygon", "coordinates": [[[-123.53071236925733, 45.46530549026174], [-123.13935229111728, 46.0072026708798], [-123.61370717823291, 46.46248549978461], [-124.4787043573906, 46.373564816412106], [-124.85998231411203, 45.83170168475174], [-124.38647153673105, 45.37870875395827], [-123.53071236925733, 45.46530549026174]]]}}, {"type": "Feature", "properties": {"h3": "83279bfffffffff", "bars": 35, "breweries": 10, "golf_courses": 2, "boat_ramps": 4, "fishing_access": 18, "hardware_stores": 6, "campgrounds": 7, "bowling_pool_clubs": 1, "nfl_miles": 344.7, "nba_miles": 220.2, "mlb_miles": 321.8, "nhl_miles": 91.3, "casino_miles": 142.0}, "geometry": {"type": "Polygon", "coordinates": [[[-107.59657027994857, 43.811280598069516], [-107.10061371216128, 44.31358818455545], [-107.49914733568879, 44.85437026997786], [-108.39991174612221, 44.89118918996348], [-108.89197055218331, 44.38693233492815], [-108.48732664123924, 43.84781497007037], [-107.59657027994857, 43.811280598069516]]]}}, {"type": "Feature", "properties": {"h3": "832709fffffffff", "bars": 10, "breweries": 12, "golf_courses": 3, "boat_ramps": 8, "fishing_access": 13, "hardware_stores": 8, "campgrounds": 7, "bowling_pool_clubs": 0, "nfl_miles": 40.4, "nba_miles": 207.3, "mlb_miles": 338.6, "nhl_miles": 144.1, "casino_miles": 243.4}, "geometry": {"type": "Polygon", "coordinates": [[[-92.41290989420196, 48.16190648897405], [-93.06418433831384, 47.69991076316287], [-92.76498247543009, 47.08825483189807], [-91.83357986131593, 46.93155685393746], [-91.17844711082972, 47.38363185794514], [-91.45818560247234, 48.002261922088664], [-92.41290989420196, 48.16190648897405]]]}}, {"type": "Feature", "properties": {"h3": "832615fffffffff", "bars": 0, "breweries": 0, "golf_courses": 7, "boat_ramps": 4, "fishing_access": 19, "hardware_stores": 4, "campgrounds": 10, "bowling_pool_clubs": 6, "nfl_miles": 399.7, "nba_miles": 343.3, "mlb_miles": 116.6, "nhl_miles": 342.6, "casino_miles": 81.1}, "geometry": {"type": "Polygon", "coordinates": [[[-99.67337264756941, 43.17656914937768], [-99.14842441133113, 43.64370607111849], [-99.49064886689408, 44.2099989682831], [-100.36671923775016, 44.308638103241314], [-100.89153038593886, 43.83928160646441], [-100.54054158450512, 43.273526906742134], [-99.67337264756941, 43.17656914937768]]]}}, {"type": "Feature", "properties": {"h3": "83489cfffffffff", "bars": 41, "breweries": 34, "golf_courses": 4, "boat_ramps": 19, "fishing_access": 11, "hardware_stores": 25, "campgrounds": 7, "bowling_pool_clubs": 26, "nfl_miles": 16.9, "nba_miles": 50.0, "mlb_miles": 28.0, "nhl_miles": 40.1, "casino_miles": 35.1}, "geometry": {"type": "Polygon", "coordinates": [[[-98.2478790417796, 28.919833571425052], [-97.78501324623744, 29.44533090648147], [-98.07524669549042, 30.066765690235204], [-98.83544690833988, 30.162307780560457], [-99.29873141956215, 29.633735070104283], [-99.00148080119773, 29.012715756827127], [-98.2478790417796, 28.919833571425052]]]}}, {"type": "Feature", "properties": {"h3": "832983fffffffff", "bars": 20, "breweries": 10, "golf_courses": 5, "boat_ramps": 10, "fishing_access": 8, "hardware_stores": 7, "campgrounds": 4, "bowling_pool_clubs": 3, "nfl_miles": 278.4, "nba_miles": 155.8, "mlb_miles": 115.8, "nhl_miles": 385.2, "casino_miles": 92.2}, "geometry": {"type": "Polygon", "coordinates": [[[-115.63333052926637, 37.39060674213888], [-115.21492269630696, 37.95458819397158], [-115.62754244415744, 38.50229569461808], [-116.46105044303361, 38.48350165035189], [-116.87305699885412, 37.9184551694076], [-116.45808649989078, 37.37326325990091], [-115.63333052926637, 37.39060674213888]]]}}, {"type": "Feature", "properties": {"h3": "832674fffffffff", "bars": 44, "breweries": 2, "golf_courses": 0, "boat_ramps": 9, "fishing_access": 15, "hardware_stores": 0, "campgrounds": 0, "bowling_pool_clubs": 2, "nfl_miles": 188.7, "nba_miles": 362.3, "mlb_miles": 293.2, "nhl_miles": 314.5, "casino_miles": 141.5}, "geometry": {"type": "Polygon", "coordinates": [[[-91.47626179179873, 42.44495953871468], [-92.05981396773501, 42.01893254592914], [-91.80789214271509, 41.436846004838245], [-90.98764354069947, 41.27462228724992], [-90.40169663885663, 41.69136794167966], [-90.63813445451983, 42.279561246754426], [-91.47626179179873, 42.44495953871468]]]}}, {"type": "Feature", "properties": {"h3": "832768fffffffff", "bars": 41, "breweries": 10, "golf_courses": 1, "boat_ramps": 8, "fishing_access": 0, "hardware_stores": 10, "campgrounds": 7, "bowling_pool_clubs": 1, "nfl_miles": 167.1, "nba_miles": 332.6, "mlb_miles": 337.9, "nhl_miles": 168.9, "casino_miles": 56.6}, "geometry": {"type": "Polygon", "coordinates": [[[-82.97364465947054, 45.585647728864046], [-83.6925549741009, 45.186984403185996], [-83.53241940705863, 44.56359214005776], [-82.67441887372601, 44.33510025247356], [-81.95938006720374, 44.72398636912073], [-82.0982713239642, 45.3510318139141], [-82.97364465947054, 45.585647728864046]]]}}, {"type": "Feature", "properties": {"h3": "834466fffffffff", "bars": 44, "breweries": 0, "golf_courses": 1, "boat_ramps": 7, "fishing_access": 11, "hardware_stores": 3, "campgrounds": 7, "bowling_pool_clubs": 0, "nfl_miles": 119.7, "nba_miles": 47.1, "mlb_miles": 141.2, "nhl_miles": 371.7, "casino_miles": 99.1}, "geometry": {"type": "Polygon", "coordinates": [[[-91.89040692600457, 26.802296818491634], [-91.42807071534146, 27.300910278879517], [-91.66864845885823, 27.92257788237718], [-92.37929111142255, 28.046479314933773], [-92.84408659034243, 27.544651836359343], [-92.59583168685926, 26.922160336321134], [-91.89040692600457, 26.802296818491634]]]}}, {"type": "Feature", "properties": {"h3": "83455afffffffff", "bars": 5, "breweries": 9, "golf_courses": 4, "boat_ramps": 12, "fishing_access": 7, "hardware_stores": 3, "campgrounds": 7, "bowling_pool_clubs": 5, "nfl_miles": 53.2, "nba_miles": 217.4, "mlb_miles": 293.5, "nhl_miles": 258.2, "casino_miles": 16.7}, "geometry": {"type": "Polygon", "coordinates": [[[-90.04031324918613, 25.315651423398464], [-89.58359912288472, 25.80770553355686], [-89.80771154120198, 26.426478135308493], [-90.49620904218764, 26.554345606517366], [-90.95584471518366, 26.05899097633705], [-90.72410230687044, 25.439093258491404], [-90.04031324918613, 25.315651423398464]]]}}, {"type": "Feature", "properties": {"h3": "832641fffffffff", "bars": 52, "breweries": 12, "golf_courses": 1, "boat_ramps": 8, "fishing_access": 18, "hardware_stores": 8, "campgrounds": 7, "bowling_pool_clubs": 2, "nfl_miles": 220.2, "nba_miles": 256.2, "mlb_miles": 224.9, "nhl_miles": 263.7, "casino_miles": 136.6}, "geometry": {"type": "Polygon", "coordinates": [[[-88.49702860313924, 36.94377829582041], [-87.99076359407901, 37.38207405857689], [-88.22665315287705, 37.98492049527637], [-88.97835730963845, 38.151267943330346], [-89.4887205669586, 37.71098336757695], [-89.2433276724965, 37.106361710659655], [-88.49702860313924, 36.94377829582041]]]}}, {"type": "Feature", "properties": {"h3": "8312cbfffffffff", "bars": 4, "breweries": 9, "golf_courses": 2, "boat_ramps": 11, "fishing_access": 2, "hardware_stores": 2, "campgrounds": 4, "bowling_pool_clubs": 3, "nfl_miles": 357.2, "nba_miles": 302.4, "mlb_miles": 138.8, "nhl_miles": 345.2, "casino_miles": 20.4}, "geometry": {"type": "Polygon", "coordinates": [[[-113.86933693347515, 49.03165396356894], [-114.21548436243627, 48.500419738252255], [-113.94290132525883, 48.24802896226248], [-113.71743852720768, 48.00364426397169], [-112.78800392829436, 48.01118812037778], [-112.42346691396821, 48.53739790005452], [-112.96214871628847, 49.052708709676324], [-113.86933693347515, 49.03165396356894]]]}}, {"type": "Feature", "properties": {"h3": "832a11fffffffff", "bars": 88, "breweries": 21, "golf_courses": 17, "boat_ramps": 19, "fishing_access": 16, "hardware_stores": 21, "campgrounds": 17, "bowling_pool_clubs": 14, "nfl_miles": 25.8, "nba_miles": 127.9, "mlb_miles": 187.0, "nhl_miles": 181.5, "casino_miles": 144.0}, "geometry": {"type": "Polygon", "coordinates": [[[-73.04115286684838, 40.57280051748628], [-73.76110412141598, 40.25598150701643], [-73.74080399827862, 39.658184000404006], [-73.01880359039345, 39.377181402834466], [-72.30787665118665, 39.68606179325923], [-72.309922346989, 40.283772580806065], [-73.04115286684838, 40.57280051748628]]]}}, {"type": "Feature", "properties": {"h3": "83260efffffffff", "bars": 82, "breweries": 27, "golf_courses": 13, "boat_ramps": 17, "fishing_access": 7, "hardware_stores": 21, "campgrounds": 29, "bowling_pool_clubs": 15, "nfl_miles": 73.3, "nba_miles": 136.8, "mlb_miles": 156.8, "nhl_miles": 51.4, "casino_miles": 35.5}, "geometry": {"type": "Polygon", "coordinates": [[[-96.15487277420792, 41.10256167837416], [-95.63270294556983, 41.56306454384191], [-95.94113308886169, 42.14666664008184], [-96.78109474517304, 42.26994627914888], [-97.30468981823127, 41.80724070545743], [-96.98700321689786, 41.22348172328074], [-96.15487277420792, 41.10256167837416]]]}}, {"type": "Feature", "properties": {"h3": "832648fffffffff", "bars": 26, "breweries": 8, "golf_courses": 7, "boat_ramps": 5, "fishing_access": 0, "hardware_stores": 6, "campgrounds": 3, "bowling_pool_clubs": 5, "nfl_miles": 69.5, "nba_miles": 245.9, "mlb_miles": 49.1, "nhl_miles": 305.5, "casino_miles": 244.9}, "geometry": {"type": "Polygon", "coordinates": [[[-87.79966002517808, 35.12042641371537], [-87.30255388399085, 35.56384432142781], [-87.52877390017805, 36.17137689985008], [-88.26134934148166, 36.33744919212107], [-88.76262581587908, 35.891945274509524], [-88.5271961284651, 35.28247555937672], [-87.79966002517808, 35.12042641371537]]]}}, {"type": "Feature", "properties": {"h3": "832ad2fffffffff", "bars": 54, "breweries": 2, "golf_courses": 14, "boat_ramps": 7, "fishing_access": 12, "hardware_stores": 5, "campgrounds": 10, "bowling_pool_clubs": 4, "nfl_miles": 52.0, "nba_miles": 222.2, "mlb_miles": 41.4, "nhl_miles": 163.7, "casino_miles": 17.3}, "geometry": {"type": "Polygon", "coordinates": [[[-79.47314411483413, 35.027552646866404], [-80.07459993914985, 34.70119681846804], [-79.98588846886723, 34.15372024055491], [-79.30981567879121, 33.93055451569935], [-78.71256036996262, 34.2488755719937], [-78.7871080475184, 34.79830903505101], [-79.47314411483413, 35.027552646866404]]]}}, {"type": "Feature", "properties": {"h3": "83446dfffffffff", "bars": 102, "breweries": 20, "golf_courses": 10, "boat_ramps": 16, "fishing_access": 15, "hardware_stores": 3, "campgrounds": 15, "bowling_pool_clubs": 7, "nfl_miles": 224.1, "nba_miles": 197.4, "mlb_miles": 195.1, "nhl_miles": 131.4, "casino_miles": 41.3}, "geometry": {"type": "Polygon", "coordinates": [[[-95.82009485976022, 29.756435411794246], [-95.3495800358604, 30.267601680669685], [-95.62496066415092, 30.889040855562023], [-96.37848748801379, 30.999471158461578], [-96.85028372372996, 30.485305775675588], [-96.56734672388517, 29.863730793699244], [-95.82009485976022, 29.756435411794246]]]}}, {"type": "Feature", "properties": {"h3": "834400fffffffff", "bars": 4, "breweries": 12, "golf_courses": 9, "boat_ramps": 9, "fishing_access": 14, "hardware_stores": 1, "campgrounds": 10, "bowling_pool_clubs": 7, "nfl_miles": 248.4, "nba_miles": 70.8, "mlb_miles": 61.8, "nhl_miles": 52.0, "casino_miles": 88.6}, "geometry": {"type": "Polygon", "coordinates": [[[-84.97132095174926, 24.860363841157277], [-84.52087528219386, 25.324809479265333], [-84.706296703246, 25.933176371171974], [-85.34986854916377, 26.079254845305265], [-85.80443807602042, 25.611796096826893], [-85.61132894034425, 25.001292895632595], [-84.97132095174926, 24.860363841157277]]]}}, {"type": "Feature", "properties": {"h3": "8344f4fffffffff", "bars": 44, "breweries": 1, "golf_courses": 2, "boat_ramps": 0, "fishing_access": 14, "hardware_stores": 0, "campgrounds": 4, "bowling_pool_clubs": 6, "nfl_miles": 63.7, "nba_miles": 283.9, "mlb_miles": 241.3, "nhl_miles": 146.2, "casino_miles": 104.6}, "geometry": {"type": "Polygon", "coordinates": [[[-81.96649416243142, 28.63180650194559], [-81.50683401752877, 29.066476398399985], [-81.67495982800875, 29.669968977915932], [-82.31085347999998, 29.841742465516244], [-82.77553254619542, 29.404824504114075], [-82.59930359544812, 28.798395967574926], [-81.96649416243142, 28.63180650194559]]]}}, {"type": "Feature", "properties": {"h3": "8329abfffffffff", "bars": 6, "breweries": 9, "golf_courses": 6, "boat_ramps": 3, "fishing_access": 19, "hardware_stores": 10, "campgrounds": 9, "bowling_pool_clubs": 0, "nfl_miles": 202.0, "nba_miles": 205.8, "mlb_miles": 192.9, "nhl_miles": 261.7, "casino_miles": 38.6}, "geometry": {"type": "Polygon", "coordinates": [[[-119.3039644931409, 36.71298358921949], [-118.91400022891516, 37.28761259523681], [-119.3366640401314, 37.821673499383714], [-120.15030815558956, 37.77836118370325], [-120.53286354396543, 37.203240126965284], [-120.10929921606825, 36.67191407652815], [-119.3039644931409, 36.71298358921949]]]}}, {"type": "Feature", "properties": {"h3": "832b93fffffffff", "bars": 41, "breweries": 10, "golf_courses": 0, "boat_ramps": 7, "fishing_access": 16, "hardware_stores": 5, "campgrounds": 9, "bowling_pool_clubs": 3, "nfl_miles": 78.9, "nba_miles": 44.4, "mlb_miles": 296.8, "nhl_miles": 253.4, "casino_miles": 212.6}, "geometry": {"type": "Polygon", "coordinates": [[[-80.73460069185393, 46.763942595185114], [-81.49480557872756, 46.37441242476977], [-81.36121919489459, 45.740535913335556], [-80.49026058459525, 45.493190346613915], [-79.73596345528178, 45.87295881207168], [-79.84654576865691, 46.50971200024035], [-80.73460069185393, 46.763942595185114]]]}}, {"type": "Feature", "properties": {"h3": "8344c1fffffffff", "bars": 36, "breweries": 2, "golf_courses": 8, "boat_ramps": 4, "fishing_access": 11, "hardware_stores": 6, "campgrounds": 7, "bowling_pool_clubs": 7, "nfl_miles": 106.9, "nba_miles": 89.6, "mlb_miles": 55.9, "nhl_miles": 86.0, "casino_miles": 152.4}, "geometry": {"type": "Polygon", "coordinates": [[[-83.88385507059547, 33.04985213289601], [-83.4011315026462, 33.47844071529843], [-83.59166912731055, 34.08394694471988], [-84.27382482312343, 34.263584494793], [-84.76157931053282, 33.83307477570319], [-84.56216250950773, 33.22486498194507], [-83.88385507059547, 33.04985213289601]]]}}, {"type": "Feature", "properties": {"h3": "83269cfffffffff", "bars": 32, "breweries": 10, "golf_courses": 5, "boat_ramps": 4, "fishing_access": 18, "hardware_stores": 8, "campgrounds": 2, "bowling_pool_clubs": 2, "nfl_miles": 209.0, "nba_miles": 257.2, "mlb_miles": 144.8, "nhl_miles": 389.3, "casino_miles": 136.7}, "geometry": {"type": "Polygon", "coordinates": [[[-108.05283071422248, 38.40206749257927], [-107.58547666157885, 38.93634563519711], [-107.9654745926629, 39.507925102689896], [-108.8182877537881, 39.54349001369253], [-109.28196805669877, 39.00726503389194], [-108.89664859969002, 38.437429748171034], [-108.05283071422248, 38.40206749257927]]]}}, {"type": "Feature", "properties": {"h3": "832884fffffffff", "bars": 42, "breweries": 10, "golf_courses": 2, "boat_ramps": 0, "fishing_access": 7, "hardware_stores": 8, "campgrounds": 8, "bowling_pool_clubs": 0, "nfl_miles": 191.9, "nba_miles": 110.3, "mlb_miles": 112.1, "nhl_miles": 367.1, "casino_miles": 199.5}, "geometry": {"type": "Polygon", "coordinates": [[[-115.60310652830113, 42.837738262209285], [-115.1611634793217, 43.375823835306086], [-115.59665506826775, 43.89084755153695], [-116.47686545483118, 43.86547838852734], [-116.91167715946514, 43.326309757929465], [-116.4735624014566, 42.81358834126603], [-115.60310652830113, 42.837738262209285]]]}}, {"type": "Feature", "properties": {"h3": "832790fffffffff", "bars": 21, "breweries": 3, "golf_courses": 7, "boat_ramps": 11, "fishing_access": 14, "hardware_stores": 9, "campgrounds": 11, "bowling_pool_clubs": 5, "nfl_miles": 346.7, "nba_miles": 243.8, "mlb_miles": 160.8, "nhl_miles": 147.9, "casino_miles": 92.2}, "geometry": {"type": "Polygon", "coordinates": [[[-110.99898258165783, 48.022768199123256], [-111.2547885124712, 47.675274549754484], [-111.41889328264209, 47.5101353287474], [-110.9857668256461, 47.003347818994186], [-110.06359945189497, 46.9881700413692], [-109.7311132274987, 47.31660658722268], [-109.59713344468359, 47.48853775638439], [-110.09589854961865, 48.01806338923816], [-110.99898258165783, 48.022768199123256]]]}}, {"type": "Feature", "properties": {"h3": "834891fffffffff", "bars": 13, "breweries": 14, "golf_courses": 1, "boat_ramps": 15, "fishing_access": 14, "hardware_stores": 0, "campgrounds": 20, "bowling_pool_clubs": 7, "nfl_miles": 192.2, "nba_miles": 137.6, "mlb_miles": 76.7, "nhl_miles": 141.1, "casino_miles": 130.8}, "geometry": {"type": "Polygon", "coordinates": [[[-97.21486769429804, 28.200277668103666], [-96.75277511563485, 28.72261927185323], [-97.03424627137409, 29.34525493284125], [-97.78501324623744, 29.44533090648147], [-98.2478790417796, 28.919833571425052], [-97.95928273663748, 28.297437062380766], [-97.21486769429804, 28.200277668103666]]]}}, {"type": "Feature", "properties": {"h3": "832669fffffffff", "bars": 21, "breweries": 12, "golf_courses": 6, "boat_ramps": 3, "fishing_access": 12, "hardware_stores": 2, "campgrounds": 0, "bowling_pool_clubs": 5, "nfl_miles": 43.6, "nba_miles": 168.8, "mlb_miles": 239.7, "nhl_miles": 91.3, "casino_miles": 118.5}, "geometry": {"type": "Polygon", "coordinates": [[[-85.08696804087774, 36.681622865275074], [-84.58516703208812, 37.099588896819924], [-84.7336447667688, 37.666899981758796], [-85.48318195930669, 37.86789252824355], [-85.6801431002824, 37.74418929902537], [-86.01789398947616, 37.46379401526499], [-85.80111290981186, 36.86166619033961], [-85.08696804087774, 36.681622865275074]]]}}, {"type": "Feature", "properties": {"h3": "83275dfffffffff", "bars": 149, "breweries": 23, "golf_courses": 2, "boat_ramps": 1, "fishing_access": 25, "hardware_stores": 12, "campgrounds": 18, "bowling_pool_clubs": 5, "nfl_miles": 34.3, "nba_miles": 39.1, "mlb_miles": 29.2, "nhl_miles": 104.7, "casino_miles": 22.5}, "geometry": {"type": "Polygon", "coordinates": [[[-88.15158637167617, 43.9608851693685], [-88.79219285436994, 43.54163405620284], [-88.57218361194573, 42.93995835635918], [-87.72933357467593, 42.75216662666622], [-87.08855782006776, 43.16177540359025], [-87.29055066840294, 43.76873847056317], [-88.15158637167617, 43.9608851693685]]]}}, {"type": "Feature", "properties": {"h3": "83445bfffffffff", "bars": 25, "breweries": 0, "golf_courses": 5, "boat_ramps": 16, "fishing_access": 6, "hardware_stores": 0, "campgrounds": 26, "bowling_pool_clubs": 4, "nfl_miles": 102.6, "nba_miles": 189.4, "mlb_miles": 45.6, "nhl_miles": 221.0, "casino_miles": 51.1}, "geometry": {"type": "Polygon", "coordinates": [[[-89.27994007433988, 33.75873840857769], [-88.78841621793354, 34.21779377568846], [-89.0235592299158, 34.830044724730286], [-89.75917248139794, 34.984893131397165], [-90.25431711311857, 34.523506555278985], [-90.01027450936651, 33.9096239578931], [-89.27994007433988, 33.75873840857769]]]}}, {"type": "Feature", "properties": {"h3": "832636fffffffff", "bars": 15, "breweries": 5, "golf_courses": 5, "boat_ramps": 10, "fishing_access": 5, "hardware_stores": 8, "campgrounds": 9, "bowling_pool_clubs": 6, "nfl_miles": 356.2, "nba_miles": 63.5, "mlb_miles": 92.0, "nhl_miles": 372.7, "casino_miles": 201.8}, "geometry": {"type": "Polygon", "coordinates": [[[-101.38037687428944, 47.06672349461017], [-101.89482153568153, 46.574670224714126], [-101.49676914671461, 46.006149047834136], [-100.5965313238916, 45.920797512850115], [-100.0717641882968, 46.40446575739689], [-100.45715469278788, 46.98187518394739], [-101.38037687428944, 47.06672349461017]]]}}, {"type": "Feature", "properties": {"h3": "83281efffffffff", "bars": 12, "breweries": 8, "golf_courses": 6, "boat_ramps": 11, "fishing_access": 11, "hardware_stores": 5, "campgrounds": 9, "bowling_pool_clubs": 6, "nfl_miles": 391.7, "nba_miles": 128.0, "mlb_miles": 56.6, "nhl_miles": 261.8, "casino_miles": 59.4}, "geometry": {"type": "Polygon", "coordinates": [[[-122.00605590090939, 41.977438071318026], [-121.61672150971295, 42.53532547133136], [-122.06974254043345, 43.02387844152024], [-122.9120702226041, 42.95208325014678], [-123.29242940050585, 42.39413795277968], [-122.83955755827012, 41.908032699954184], [-122.00605590090939, 41.977438071318026]]]}}, {"type": "Feature", "properties": {"h3": "834428fffffffff", "bars": 34, "breweries": 4, "golf_courses": 2, "boat_ramps": 5, "fishing_access": 7, "hardware_stores": 0, "campgrounds": 10, "bowling_pool_clubs": 4, "nfl_miles": 354.2, "nba_miles": 346.5, "mlb_miles": 388.6, "nhl_miles": 358.9, "casino_miles": 64.2}, "geometry": {"type": "Polygon", "coordinates": [[[-88.0238964946425, 24.931758998468943], [-87.56962207558321, 25.41353773669042], [-87.778092171115, 26.028642434222984], [-88.44854183160528, 26.163515000508983], [-88.90624341338898, 25.678505903594054], [-88.6900992915282, 25.061877845050393], [-88.0238964946425, 24.931758998468943]]]}}, {"type": "Feature", "properties": {"h3": "832603fffffffff", "bars": 5, "breweries": 12, "golf_courses": 7, "boat_ramps": 2, "fishing_access": 5, "hardware_stores": 8, "campgrounds": 6, "bowling_pool_clubs": 8, "nfl_miles": 171.1, "nba_miles": 222.1, "mlb_miles": 102.3, "nhl_miles": 290.4, "casino_miles": 135.7}, "geometry": {"type": "Polygon", "coordinates": [[[-97.30468981823127, 41.80724070545743], [-96.78109474517304, 42.26994627914888], [-97.10067441178334, 42.84826475133103], [-97.95309369921226, 42.963822827926336], [-98.47762586397931, 42.4989045647193], [-98.14891624471004, 41.920663967512574], [-97.30468981823127, 41.80724070545743]]]}}, {"type": "Feature", "properties": {"h3": "83298afffffffff", "bars": 30, "breweries": 11, "golf_courses": 7, "boat_ramps": 7, "fishing_access": 8, "hardware_stores": 9, "campgrounds": 6, "bowling_pool_clubs": 0, "nfl_miles": 114.6, "nba_miles": 362.2, "mlb_miles": 202.7, "nhl_miles": 124.4, "casino_miles": 66.4}, "geometry": {"type": "Polygon", "coordinates": [[[-116.88045210211388, 39.02276887421968], [-116.46407789572766, 39.58328212827859], [-116.8880063607481, 40.11631636231876], [-117.73035863738825, 40.08633331432501], [-118.13971584415496, 39.52496303327108], [-117.71387004811588, 38.99442650641485], [-116.88045210211388, 39.02276887421968]]]}}, {"type": "Feature", "properties": {"h3": "832896fffffffff", "bars": 27, "breweries": 6, "golf_courses": 9, "boat_ramps": 2, "fishing_access": 11, "hardware_stores": 4, "campgrounds": 8, "bowling_pool_clubs": 1, "nfl_miles": 88.4, "nba_miles": 70.3, "mlb_miles": 200.0, "nhl_miles": 166.6, "casino_miles": 152.2}, "geometry": {"type": "Polygon", "coordinates": [[[-110.27002239596406, 43.90005635791101], [-109.78838725262649, 44.41307088095467], [-110.20277520441415, 44.94351199421163], [-111.10398225599293, 44.95900881655575], [-111.58050506517188, 44.44426404842243], [-111.16109935329885, 43.91575691615302], [-110.27002239596406, 43.90005635791101]]]}}, {"type": "Feature", "properties": {"h3": "8344e9fffffffff", "bars": 29, "breweries": 8, "golf_courses": 9, "boat_ramps": 5, "fishing_access": 13, "hardware_stores": 7, "campgrounds": 7, "bowling_pool_clubs": 6, "nfl_miles": 187.2, "nba_miles": 329.6, "mlb_miles": 154.1, "nhl_miles": 177.7, "casino_miles": 57.2}, "geometry": {"type": "Polygon", "coordinates": [[[-87.13043229377995, 33.286431802180765], [-86.64229970516325, 33.73444676207316], [-86.85937307137037, 34.3452166003912], [-87.57353322104679, 34.510058497564266], [-88.0658863098819, 34.05983621723472], [-87.8398924823717, 33.446999061636305], [-87.13043229377995, 33.286431802180765]]]}}, {"type": "Feature", "properties": {"h3": "8326aefffffffff", "bars": 14, "breweries": 4, "golf_courses": 1, "boat_ramps": 5, "fishing_access": 2, "hardware_stores": 4, "campgrounds": 8, "bowling_pool_clubs": 8, "nfl_miles": 236.8, "nba_miles": 68.1, "mlb_miles": 139.5, "nhl_miles": 122.0, "casino_miles": 42.9}, "geometry": {"type": "Polygon", "coordinates": [[[-103.9465559290587, 40.903609946548244], [-103.4486685997814, 41.40659183086195], [-103.81263795329835, 41.97659515542395], [-104.68169604199885, 42.04247572101021], [-105.1775341855395, 41.53733370901215], [-104.80650505224828, 40.968485961925744], [-103.9465559290587, 40.903609946548244]]]}}, {"type": "Feature", "properties": {"h3": "8326c4fffffffff", "bars": 23, "breweries": 0, "golf_courses": 8, "boat_ramps": 3, "fishing_access": 10, "hardware_stores": 3, "campgrounds": 10, "bowling_pool_clubs": 5, "nfl_miles": 130.0, "nba_miles": 308.3, "mlb_miles": 316.7, "nhl_miles": 344.4, "casino_miles": 59.8}, "geometry": {"type": "Polygon", "coordinates": [[[-98.26468196778652, 36.418021922644364], [-97.77015921905974, 36.915868467225344], [-98.08031194449836, 37.51844798399209], [-98.89309474489009, 37.62302216247537], [-99.3880806830619, 37.122712835426306], [-99.06992307032374, 36.52031233535239], [-98.26468196778652, 36.418021922644364]]]}}, {"type": "Feature", "properties": {"h3": "8344d3fffffffff", "bars": 38, "breweries": 2, "golf_courses": 8, "boat_ramps": 14, "fishing_access": 8, "hardware_stores": 0, "campgrounds": 4, "bowling_pool_clubs": 4, "nfl_miles": 336.0, "nba_miles": 321.9, "mlb_miles": 185.4, "nhl_miles": 186.1, "casino_miles": 151.3}, "geometry": {"type": "Polygon", "coordinates": [[[-79.66464309657871, 32.960547168466526], [-79.1922181813362, 33.362010663977124], [-79.27010935561718, 33.65946189170478], [-79.30981567879121, 33.93055451569935], [-79.98588846886724, 34.15372024055491], [-80.46417161699158, 33.75080630921313], [-80.29924287171775, 33.15249674439025], [-79.66464309657871, 32.960547168466526]]]}}, {"type": "Feature", "properties": {"h3": "8328acfffffffff", "bars": 41, "breweries": 0, "golf_courses": 7, "boat_ramps": 10, "fishing_access": 16, "hardware_stores": 2, "campgrounds": 6, "bowling_pool_clubs": 3, "nfl_miles": 121.7, "nba_miles": 309.7, "mlb_miles": 210.8, "nhl_miles": 225.7, "casino_miles": 199.7}, "geometry": {"type": "Polygon", "coordinates": [[[-119.47459538788414, 42.150515256074875], [-119.06436946770576, 42.702497693633134], [-119.5109793717686, 43.203253132665154], [-120.36887002957451, 43.14958001390266], [-120.77078746563868, 42.59711240655074], [-120.32325760157734, 42.09879274049154], [-119.47459538788414, 42.150515256074875]]]}}, {"type": "Feature", "properties": {"h3": "8329a0fffffffff", "bars": 96, "breweries": 14, "golf_courses": 23, "boat_ramps": 29, "fishing_access": 21, "hardware_stores": 25, "campgrounds": 2, "bowling_pool_clubs": 10, "nfl_miles": 191.0, "nba_miles": 107.0, "mlb_miles": 210.3, "nhl_miles": 104.7, "casino_miles": 66.0}, "geometry": {"type": "Polygon", "coordinates": [[[-116.84497161723266, 33.40761647909381], [-116.44955635313666, 33.98696146415], [-116.85177786738714, 34.54785285861171], [-117.65127589971759, 34.526528228085574], [-118.04038609770777, 33.94617247140065], [-117.63641658554964, 33.38814544988494], [-116.84497161723266, 33.40761647909381]]]}}, {"type": "Feature", "properties": {"h3": "832a94fffffffff", "bars": 71, "breweries": 0, "golf_courses": 11, "boat_ramps": 4, "fishing_access": 36, "hardware_stores": 4, "campgrounds": 9, "bowling_pool_clubs": 0, "nfl_miles": 163.4, "nba_miles": 206.2, "mlb_miles": 124.3, "nhl_miles": 89.6, "casino_miles": 86.0}, "geometry": {"type": "Polygon", "coordinates": [[[-83.60019678206457, 41.72421452886994], [-84.25536632224457, 41.34033600387873], [-84.10098314612456, 40.743488594522496], [-83.30907267004419, 40.52678315507312], [-82.65675622724562, 40.90136225917495], [-82.79333384406097, 41.50185138172187], [-83.60019678206457, 41.72421452886994]]]}}, {"type": "Feature", "properties": {"h3": "832b88fffffffff", "bars": 25, "breweries": 12, "golf_courses": 8, "boat_ramps": 4, "fishing_access": 10, "hardware_stores": 9, "campgrounds": 0, "bowling_pool_clubs": 0, "nfl_miles": 372.0, "nba_miles": 95.3, "mlb_miles": 382.9, "nhl_miles": 158.9, "casino_miles": 163.0}, "geometry": {"type": "Polygon", "coordinates": [[[-74.69773834783626, 44.229022586908755], [-75.46516063450494, 43.88834601368958], [-75.4200655058496, 43.26455227660656], [-74.6288343312773, 42.98080409174231], [-73.87088825890976, 43.312829623995924], [-73.89466165493545, 43.93713070775397], [-74.69773834783626, 44.229022586908755]]]}}, {"type": "Feature", "properties": {"h3": "832ab1fffffffff", "bars": 38, "breweries": 9, "golf_courses": 9, "boat_ramps": 13, "fishing_access": 12, "hardware_stores": 6, "campgrounds": 3, "bowling_pool_clubs": 6, "nfl_miles": 62.9, "nba_miles": 179.1, "mlb_miles": 210.9, "nhl_miles": 158.4, "casino_miles": 241.1}, "geometry": {"type": "Polygon", "coordinates": [[[-80.63300923845013, 42.01414063841923], [-81.31882164973817, 41.64527030279075], [-81.20053412987326, 41.041629761320586], [-80.41502178338506, 40.80411255218103], [-79.73406932047651, 41.16383398951623], [-79.8336450098895, 41.77011590418045], [-80.63300923845013, 42.01414063841923]]]}}, {"type": "Feature", "properties": {"h3": "832691fffffffff", "bars": 40, "breweries": 4, "golf_courses": 1, "boat_ramps": 2, "fishing_access": 3, "hardware_stores": 10, "campgrounds": 8, "bowling_pool_clubs": 2, "nfl_miles": 51.5, "nba_miles": 288.0, "mlb_miles": 215.9, "nhl_miles": 107.2, "casino_miles": 31.3}, "geometry": {"type": "Polygon", "coordinates": [[[-109.28196805669877, 39.00726503389194], [-108.8182877537881, 39.54349001369253], [-109.20732784737721, 40.10774431412724], [-110.06511734491542, 40.133901381241], [-110.52457491657485, 39.595857080084485], [-110.13060871660272, 39.03348081858628], [-109.28196805669877, 39.00726503389194]]]}}, {"type": "Feature", "properties": {"h3": "8348d6fffffffff", "bars": 24, "breweries": 4, "golf_courses": 3, "boat_ramps": 3, "fishing_access": 9, "hardware_stores": 10, "campgrounds": 8, "bowling_pool_clubs": 1, "nfl_miles": 203.7, "nba_miles": 172.7, "mlb_miles": 44.0, "nhl_miles": 157.6, "casino_miles": 228.8}, "geometry": {"type": "Polygon", "coordinates": [[[-102.55545485536122, 31.731491079606286], [-102.09323459159485, 32.26874743091332], [-102.4190142933208, 32.87992277449655], [-103.21346351282811, 32.952736139569794], [-103.67449471772738, 32.412787538277755], [-103.3423716366388, 31.802733078571137], [-102.55545485536122, 31.731491079606286]]]}}, {"type": "Feature", "properties": {"h3": "832785fffffffff", "bars": 25, "breweries": 2, "golf_courses": 1, "boat_ramps": 2, "fishing_access": 17, "hardware_stores": 6, "campgrounds": 7, "bowling_pool_clubs": 1, "nfl_miles": 180.0, "nba_miles": 365.3, "mlb_miles": 114.3, "nhl_miles": 353.4, "casino_miles": 87.8}, "geometry": {"type": "Polygon", "coordinates": [[[-105.49688235797014, 48.95565160054664], [-105.97294090987613, 48.44002671845651], [-105.5111850527279, 47.88475205816081], [-104.58347433284543, 47.835422724850616], [-104.0933480578431, 48.3434911991997], [-104.54455472421519, 48.908480072614466], [-105.49688235797014, 48.95565160054664]]]}}, {"type": "Feature", "properties": {"h3": "8326e1fffffffff", "bars": 45, "breweries": 10, "golf_courses": 7, "boat_ramps": 2, "fishing_access": 19, "hardware_stores": 9, "campgrounds": 4, "bowling_pool_clubs": 3, "nfl_miles": 220.9, "nba_miles": 286.5, "mlb_miles": 139.2, "nhl_miles": 42.7, "casino_miles": 48.5}, "geometry": {"type": "Polygon", "coordinates": [[[-95.67110028492267, 37.17382395696937], [-95.16791149025016, 37.65373770677369], [-95.46105734504604, 38.25591609103318], [-96.26614408828843, 38.37853039512507], [-96.77084887594457, 37.89623749700565], [-96.46904184547842, 37.293731526522436], [-95.67110028492267, 37.17382395696937]]]}}, {"type": "Feature", "properties": {"h3": "834886fffffffff", "bars": 4, "breweries": 6, "golf_courses": 9, "boat_ramps": 12, "fishing_access": 7, "hardware_stores": 8, "campgrounds": 5, "bowling_pool_clubs": 7, "nfl_miles": 205.7, "nba_miles": 247.4, "mlb_miles": 305.4, "nhl_miles": 143.6, "casino_miles": 222.0}, "geometry": {"type": "Polygon", "coordinates": [[[-98.58375824566862, 26.613459278278306], [-98.13038997835126, 27.145530873716577], [-98.41735526448812, 27.768418502049627], [-99.16445895138712, 27.85863255438862], [-99.61811745693126, 27.32326654959967], [-99.32446238198222, 26.701001213867332], [-98.58375824566862, 26.613459278278306]]]}}, {"type": "Feature", "properties": {"h3": "83265efffffffff", "bars": 29, "breweries": 5, "golf_courses": 4, "boat_ramps": 6, "fishing_access": 19, "hardware_stores": 2, "campgrounds": 6, "bowling_pool_clubs": 3, "nfl_miles": 104.6, "nba_miles": 262.4, "mlb_miles": 195.5, "nhl_miles": 178.5, "casino_miles": 169.9}, "geometry": {"type": "Polygon", "coordinates": [[[-92.26977028380901, 36.03788548382145], [-91.76819383158636, 36.50392420307327], [-92.0321493720538, 37.11134950721395], [-92.80674956046143, 37.253778131328296], [-93.31108179083485, 36.78541768537121], [-93.03812642103752, 36.17697280525702], [-92.26977028380901, 36.03788548382145]]]}}, {"type": "Feature", "properties": {"h3": "834412fffffffff", "bars": 89, "breweries": 18, "golf_courses": 3, "boat_ramps": 25, "fishing_access": 44, "hardware_stores": 1, "campgrounds": 7, "bowling_pool_clubs": 5, "nfl_miles": 78.7, "nba_miles": 152.7, "mlb_miles": 82.5, "nhl_miles": 212.9, "casino_miles": 104.0}, "geometry": {"type": "Polygon", "coordinates": [[[-80.98588220815017, 25.02567795963954], [-80.54311139733623, 25.465678782546522], [-80.6985648447199, 26.06269431127275], [-81.30432432625489, 26.22261239495497], [-81.75196196394583, 25.779995539608365], [-81.58897344408541, 25.18009256208372], [-80.98588220815017, 25.02567795963954]]]}}, {"type": "Feature", "properties": {"h3": "832752fffffffff", "bars": 55, "breweries": 31, "golf_courses": 13, "boat_ramps": 35, "fishing_access": 7, "hardware_stores": 11, "campgrounds": 4, "bowling_pool_clubs": 24, "nfl_miles": 30.7, "nba_miles": 131.6, "mlb_miles": 64.4, "nhl_miles": 83.4, "casino_miles": 31.4}, "geometry": {"type": "Polygon", "coordinates": [[[-93.09963843916354, 46.02490047924244], [-93.71125208380603, 45.5708424609073], [-93.4181177280946, 44.97252619713555], [-92.5302926785185, 44.821273183839324], [-91.91464589780551, 45.26573817296497], [-92.19051450261026, 45.870995259652034], [-93.09963843916354, 46.02490047924244]]]}}, {"type": "Feature", "properties": {"h3": "834450fffffffff", "bars": 32, "breweries": 0, "golf_courses": 7, "boat_ramps": 0, "fishing_access": 2, "hardware_stores": 10, "campgrounds": 11, "bowling_pool_clubs": 7, "nfl_miles": 177.2, "nba_miles": 308.5, "mlb_miles": 348.1, "nhl_miles": 182.8, "casino_miles": 17.5}, "geometry": {"type": "Polygon", "coordinates": [[[-87.91677296762013, 30.06185013106861], [-87.44204456710632, 30.527943200536605], [-87.65903167210186, 31.14401657281158], [-88.35917170297719, 31.295846940135363], [-88.83767178341174, 30.827133220842338], [-88.61229518346315, 30.209230464940806], [-87.91677296762013, 30.06185013106861]]]}}, {"type": "Feature", "properties": {"h3": "83262bfffffffff", "bars": 7, "breweries": 11, "golf_courses": 2, "boat_ramps": 5, "fishing_access": 14, "hardware_stores": 7, "campgrounds": 7, "bowling_pool_clubs": 1, "nfl_miles": 69.7, "nba_miles": 276.5, "mlb_miles": 296.9, "nhl_miles": 197.6, "casino_miles": 125.6}, "geometry": {"type": "Polygon", "coordinates": [[[-94.0109533020247, 42.903169097505284], [-94.57087709054083, 42.463805252952554], [-94.42821820107349, 42.175199876488406], [-94.27932241244888, 41.88317576433525], [-93.4580322172988, 41.74324949577915], [-92.8939858109451, 42.173499913399915], [-93.16301751246294, 42.75684590617456], [-94.0109533020247, 42.903169097505284]]]}}, {"type": "Feature", "properties": {"h3": "832813fffffffff", "bars": 17, "breweries": 2, "golf_courses": 2, "boat_ramps": 13, "fishing_access": 0, "hardware_stores": 9, "campgrounds": 1, "bowling_pool_clubs": 2, "nfl_miles": 145.9, "nba_miles": 232.5, "mlb_miles": 180.7, "nhl_miles": 67.9, "casino_miles": 194.4}, "geometry": {"type": "Polygon", "coordinates": [[[-120.72114945182996, 41.54116945198091], [-120.32325760157734, 42.09879274049154], [-120.77078746563868, 42.59711240655074], [-121.61672150971295, 42.53532547133136], [-122.00605590090939, 41.977438071318026], [-121.55814017112195, 41.48159012976416], [-120.72114945182996, 41.54116945198091]]]}}, {"type": "Feature", "properties": {"h3": "83441dfffffffff", "bars": 43, "breweries": 4, "golf_courses": 2, "boat_ramps": 7, "fishing_access": 11, "hardware_stores": 2, "campgrounds": 3, "bowling_pool_clubs": 0, "nfl_miles": 361.4, "nba_miles": 231.6, "mlb_miles": 199.1, "nhl_miles": 57.2, "casino_miles": 164.2}, "geometry": {"type": "Polygon", "coordinates": [[[-84.43720574569271, 27.002336593751956], [-83.9792197136765, 27.45775521432786], [-84.16396590042547, 28.067052188780938], [-84.81468252182852, 28.223333867668686], [-85.27706269846107, 27.765217013195986], [-85.08434762858586, 27.15353558293776], [-84.43720574569271, 27.002336593751956]]]}}, {"type": "Feature", "properties": {"h3": "8326ecfffffffff", "bars": 33, "breweries": 10, "golf_courses": 1, "boat_ramps": 6, "fishing_access": 9, "hardware_stores": 7, "campgrounds": 0, "bowling_pool_clubs": 0, "nfl_miles": 57.5, "nba_miles": 175.9, "mlb_miles": 112.6, "nhl_miles": 129.9, "casino_miles": 228.6}, "geometry": {"type": "Polygon", "coordinates": [[[-94.59315893467405, 36.44201636440428], [-94.09188246138397, 36.919535225439276], [-94.3748517117925, 37.52511199031432], [-95.16791149025016, 37.65373770677369], [-95.67110028492267, 37.17382395696937], [-95.37939994227249, 36.56770166310013], [-94.59315893467405, 36.44201636440428]]]}}, {"type": "Feature", "properties": {"h3": "8328d4fffffffff", "bars": 25, "breweries": 5, "golf_courses": 0, "boat_ramps": 26, "fishing_access": 1, "hardware_stores": 0, "campgrounds": 10, "bowling_pool_clubs": 6, "nfl_miles": 146.6, "nba_miles": 30.8, "mlb_miles": 198.9, "nhl_miles": 37.1, "casino_miles": 110.3}, "geometry": {"type": "Polygon", "coordinates": [[[-120.98065670250082, 46.691537435146365], [-120.56180060563707, 47.220906190997056], [-121.0361485865547, 47.68083349243753], [-121.92979964946605, 47.60904605766893], [-122.33898926103997, 47.07920542319071], [-121.86434240223866, 46.621609491158004], [-120.98065670250082, 46.691537435146365]]]}}, {"type": "Feature", "properties": {"h3": "8344defffffffff", "bars": 85, "breweries": 5, "golf_courses": 5, "boat_ramps": 2, "fishing_access": 26, "hardware_stores": 16, "campgrounds": 3, "bowling_pool_clubs": 10, "nfl_miles": 91.1, "nba_miles": 156.0, "mlb_miles": 155.6, "nhl_miles": 221.7, "casino_miles": 64.0}, "geometry": {"type": "Polygon", "coordinates": [[[-80.46417161699158, 33.75080630921313], [-79.98588846886724, 34.15372024055491], [-80.07459993914985, 34.70119681846804], [-80.76455087463756, 34.922719898438494], [-80.96241317188513, 34.81220254520871], [-81.28506171513413, 34.54203643223157], [-81.1122570247188, 33.94257931467154], [-80.46417161699158, 33.75080630921313]]]}}, {"type": "Feature", "properties": {"h3": "832620fffffffff", "bars": 27, "breweries": 1, "golf_courses": 3, "boat_ramps": 3, "fishing_access": 3, "hardware_stores": 5, "campgrounds": 5, "bowling_pool_clubs": 2, "nfl_miles": 45.4, "nba_miles": 275.4, "mlb_miles": 44.3, "nhl_miles": 116.6, "casino_miles": 66.7}, "geometry": {"type": "Polygon", "coordinates": [[[-95.84570944784959, 46.44140657160158], [-96.42784833213679, 45.97321288481191], [-96.09852408793901, 45.38313078452308], [-95.20265391499771, 45.25351817622233], [-94.61432766464218, 45.7124026560662], [-94.9276864515363, 46.31017361461591], [-95.84570944784959, 46.44140657160158]]]}}, {"type": "Feature", "properties": {"h3": "8327adfffffffff", "bars": 42, "breweries": 4, "golf_courses": 9, "boat_ramps": 5, "fishing_access": 1, "hardware_stores": 1, "campgrounds": 3, "bowling_pool_clubs": 6, "nfl_miles": 148.6, "nba_miles": 255.6, "mlb_miles": 393.9, "nhl_miles": 76.7, "casino_miles": 141.0}, "geometry": {"type": "Polygon", "coordinates": [[[-101.12883117055961, 49.222029364106575], [-101.67394711231682, 48.718060319493745], [-101.25789410863918, 48.13887926713145], [-100.31049339624114, 48.05453030450613], [-99.75414774329751, 48.54984831729786], [-100.15596308003711, 49.1381680821327], [-101.12883117055961, 49.222029364106575]]]}}, {"type": "Feature", "properties": {"h3": "834445fffffffff", "bars": 36, "breweries": 2, "golf_courses": 4, "boat_ramps": 1, "fishing_access": 19, "hardware_stores": 5, "campgrounds": 10, "bowling_pool_clubs": 6, "nfl_miles": 284.0, "nba_miles": 390.1, "mlb_miles": 289.7, "nhl_miles": 159.5, "casino_miles": 164.3}, "geometry": {"type": "Polygon", "coordinates": [[[-92.40882197021234, 29.788256876597405], [-91.93478938680622, 30.281145000556982], [-92.185405912963, 30.901966753464293], [-92.9181381363641, 31.030789298012206], [-93.39459236635007, 30.53499084303406], [-93.13595107051557, 29.913302560384633], [-92.40882197021234, 29.788256876597405]]]}}, {"type": "Feature", "properties": {"h3": "8328a1fffffffff", "bars": 44, "breweries": 5, "golf_courses": 7, "boat_ramps": 1, "fishing_access": 10, "hardware_stores": 0, "campgrounds": 9, "bowling_pool_clubs": 7, "nfl_miles": 177.7, "nba_miles": 270.6, "mlb_miles": 123.7, "nhl_miles": 251.5, "casino_miles": 247.3}, "geometry": {"type": "Polygon", "coordinates": [[[-118.18247869023286, 41.68422995487124], [-117.76442128269251, 42.235534282449564], [-118.20456682630163, 42.74588647057748], [-119.06436946770576, 42.702497693633134], [-119.47459538788414, 42.150515256074875], [-119.03298857893009, 41.64259116738497], [-118.18247869023286, 41.68422995487124]]]}}, {"type": "Feature", "properties": {"h3": "832995fffffffff", "bars": 29, "breweries": 0, "golf_courses": 9, "boat_ramps": 3, "fishing_access": 9, "hardware_stores": 7, "campgrounds": 13, "bowling_pool_clubs": 12, "nfl_miles": 108.0, "nba_miles": 57.8, "mlb_miles": 75.6, "nhl_miles": 186.2, "casino_miles": 53.1}, "geometry": {"type": "Polygon", "coordinates": [[[-113.17693905374581, 36.28332102865225], [-112.74715944354234, 36.844605377679024], [-113.1453039957422, 37.40819976752252], [-113.97660173610183, 37.408121995315796], [-114.4009364165361, 36.84539669596593], [-113.99954869994481, 36.28418931486036], [-113.17693905374581, 36.28332102865225]]]}}, {"type": "Feature", "properties": {"h3": "832a89fffffffff", "bars": 96, "breweries": 13, "golf_courses": 20, "boat_ramps": 2, "fishing_access": 15, "hardware_stores": 28, "campgrounds": 21, "bowling_pool_clubs": 4, "nfl_miles": 55.2, "nba_miles": 109.2, "mlb_miles": 126.4, "nhl_miles": 91.0, "casino_miles": 100.7}, "geometry": {"type": "Polygon", "coordinates": [[[-78.38960204211891, 36.80737026208428], [-79.02121654991561, 36.47669268967658], [-78.94137591454216, 35.91225854241561], [-78.2452152684179, 35.67671974864087], [-77.61868280728876, 35.99919217524387], [-77.68316385354365, 36.56531355829964], [-78.38960204211891, 36.80737026208428]]]}}, {"type": "Feature", "properties": {"h3": "832686fffffffff", "bars": 41, "breweries": 4, "golf_courses": 0, "boat_ramps": 3, "fishing_access": 10, "hardware_stores": 5, "campgrounds": 3, "bowling_pool_clubs": 3, "nfl_miles": 234.2, "nba_miles": 366.4, "mlb_miles": 279.4, "nhl_miles": 129.4, "casino_miles": 176.5}, "geometry": {"type": "Polygon", "coordinates": [[[-107.87623309004873, 40.602369277665204], [-107.39783271941425, 41.124728604734166], [-107.78504495046697, 41.684782082435596], [-108.656424990462, 41.72079892335978], [-109.13106255776393, 41.19652006940259], [-108.7382316478869, 40.63815220409986], [-107.87623309004873, 40.602369277665204]]]}}, {"type": "Feature", "properties": {"h3": "832653fffffffff", "bars": 14, "breweries": 9, "golf_courses": 6, "boat_ramps": 8, "fishing_access": 10, "hardware_stores": 2, "campgrounds": 7, "bowling_pool_clubs": 0, "nfl_miles": 63.3, "nba_miles": 217.0, "mlb_miles": 383.3, "nhl_miles": 58.8, "casino_miles": 248.1}, "geometry": {"type": "Polygon", "coordinates": [[[-93.31108179083485, 36.78541768537121], [-92.80674956046143, 37.253778131328296], [-93.08073109400638, 37.85855198373414], [-93.86810877424213, 37.995790956653956], [-94.3748517117925, 37.52511199031432], [-94.09188246138397, 36.919535225439276], [-93.31108179083485, 36.78541768537121]]]}}]}