lon,lat
-124.81242,49.23513
-124.81118,49.25705
-124.81023,49.23621
-124.8064,49.23371
-124.42173,48.5535
-124.41331,43.11913
-124.41233,43.11914
-124.41223,43.11975
-124.41147,43.11917
-124.27467,48.25379
-124.265,42.04782
-124.2249,43.40701
-124.22423,43.40561
-124.20319,47.20874
-124.19928,49.26772
-124.17416,47.11408
-124.17009,40.80412
-124.16717,40.80397
-124.16401,40.78154
-124.16287,47.01534
-124.16217,47.00935
-124.16169,47.01471
-124.15095,46.95045
-124.10113,40.49307
-124.09136,40.86978
-124.08953,40.86552
-124.08724,40.87015
-124.06151,46.34554
-124.0612,44.63899
-124.0605,44.63822
-124.05729,44.63308
-124.05505,46.33493
-124.05458,46.33315
-124.05074,49.22317
-124.05019,46.4913
-124.04345,44.60384
-124.0392,41.53074
-123.99383,49.18673
-123.99252,40.87892
-123.99132,49.19222
-123.98705,49.16888
-123.9714,46.91545
-123.96169,45.88905
-123.96117,45.89694
-123.96052,45.89843
-123.94619,49.16508
-123.94571,45.60494
-123.94463,45.61168
-123.94436,45.61252
-123.94394,45.61163
-123.94344,45.61484
-123.94328,45.61579
-123.94262,49.16533
-123.93971,49.17007
-123.93787,49.16688
-123.93744,45.7184
-123.93707,49.16644
-123.93702,49.16606
-123.93696,49.16832
-123.93563,49.16357
-123.93523,45.71877
-123.9352,49.16316
-123.93493,49.16289
-123.93241,46.12259
-123.93134,49.14195
-123.92852,45.99372
-123.92825,45.99293
-123.92794,45.99308
-123.92676,45.99305
-123.92585,45.99344
-123.92562,45.97147
-123.92544,45.99326
-123.9246,45.99326
-123.92324,45.99342
-123.92258,46.03488
-123.92215,45.99295
-123.92185,45.99324
-123.92173,45.99323
-123.92105,46.02401
-123.91641,46.00122
-123.91118,46.01211
-123.88991,45.52472
-123.8779,49.11533
-123.87627,46.97674
-123.85242,46.97533
-123.84933,46.189
-123.84342,45.45658
-123.83517,46.1907
-123.83342,46.18851
-123.83194,46.19077
-123.83159,46.18984
-123.83154,46.19026
-123.83048,46.97379
-123.8288,46.18886
-123.82819,46.18835
-123.82746,46.18841
-123.82031,40.11764
-123.81926,48.99424
-123.81752,46.97429
-123.81751,48.99317
-123.81364,48.98943
-123.80642,39.44412
-123.80064,39.30488
-123.80032,39.30491
-123.8,45.42054
-123.79975,39.30569
-123.79852,39.30698
-123.78358,39.59199
-123.72812,48.92643
-123.72345,48.37799
-123.71411,46.89054
-123.70946,39.11759
-123.70846,48.77726
-123.70781,48.77918
-123.69254,48.76452
-123.69032,48.76283
-123.67859,48.38971
-123.67004,48.97745
-123.64678,42.1658
-123.62777,48.66012
-123.60955,48.81714
-123.55364,48.45909
-123.55265,46.56004
-123.53194,48.47699
-123.5222,48.43295
-123.50844,40.45249
-123.50076,48.8592
-123.49884,48.85145
-123.49878,48.85394
-123.48809,48.43536
-123.48253,39.68686
-123.46963,48.44545
-123.43382,48.12052
-123.43378,48.45221
-123.43255,48.11759
-123.4314,48.11917
-123.43139,48.1189
-123.43128,48.11901
-123.43067,48.64088
-123.42914,38.68041
-123.42669,48.65579
-123.42285,48.11486
-123.41717,48.43043
-123.41447,48.42997
-123.4121,43.12342
-123.412,40.35281
-123.4061,48.64949
-123.40144,48.43047
-123.39759,48.64988
-123.39759,48.65003
-123.38767,48.48588
-123.38513,48.42902
-123.38238,48.44277
-123.37586,48.45444
-123.37544,48.43521
-123.37495,48.42679
-123.36977,48.42673
-123.36965,44.53997
-123.36949,48.41526
-123.36948,48.42865
-123.36948,48.43198
-123.3694,48.42809
-123.36935,48.4303
-123.36913,48.42838
-123.36853,48.42811
-123.368,48.42162
-123.368,48.4301
-123.36793,48.42548
-123.36791,48.42682
-123.36783,48.42184
-123.36752,48.42126
-123.36749,39.00952
-123.36652,48.42591
-123.36551,48.42307
-123.36547,48.42333
-123.36545,48.42341
-123.36541,48.43035
-123.3654,48.42181
-123.36536,48.42177
-123.36534,48.42305
-123.36519,48.42303
-123.3649,48.43153
-123.36429,48.42248
-123.36419,48.42605
-123.36385,48.42871
-123.36338,48.4272
-123.36296,48.4251
-123.36284,48.42509
-123.3622,48.42371
-123.36201,48.46631
-123.3611,48.42429
-123.3576,48.42579
-123.35641,48.4142
-123.35435,39.41364
-123.35431,39.40978
-123.34838,43.20655
-123.34809,43.20628
-123.34568,48.89092
-123.34505,48.43055
-123.3446,43.20847
-123.34307,43.21005
-123.34302,43.21016
-123.3328,48.45074
-123.33099,42.43275
-123.32797,42.43849
-123.31643,44.91984
-123.31503,48.42665
-123.31488,48.42661
-123.31237,47.13449
-123.30794,48.46459
-123.30732,48.46609
-123.30042,48.85152
-123.29901,48.42021
-123.2979,46.57113
-123.28909,48.84854
-123.28145,44.57478
-123.27844,46.58825
-123.27583,44.45458
-123.27463,44.57725
-123.27329,44.56767
-123.27266,44.56747
-123.2666,45.64009
-123.26521,44.54748
-123.26351,44.56355
-123.26319,44.56178
-123.26244,44.56783
-123.26092,44.56289
-123.26088,44.56123
-123.26016,44.56402
-123.25996,44.56348
-123.25937,44.5634
-123.2589,44.56405
-123.25885,44.56415
-123.25809,49.26849
-123.25507,44.58658
-123.25017,49.26658
-123.23697,44.84844
-123.23456,44.84875
-123.22621,44.56349
-123.20808,39.14897
-123.2078,39.14987
-123.20551,39.15055
-123.20474,44.2105
-123.2034,46.10431
-123.20321,46.10446
-123.20242,39.2332
-123.20144,48.79778
-123.19709,45.21688
-123.19697,45.20989
-123.19651,45.20991
-123.1947,45.21086
-123.19428,45.21015
-123.19266,45.2098
-123.19041,45.20846
-123.18471,44.85242
-123.18421,49.26448
-123.18394,49.1243
-123.18359,49.12377
-123.18306,49.19553
-123.18218,49.19476
-123.18194,49.19274
-123.18182,49.19441
-123.1817,49.19275
-123.1813,49.26415
-123.18095,49.12417
-123.18073,40.55383
-123.18023,49.19223
-123.17994,49.19506
-123.17801,49.19639
-123.17583,49.19713
-123.17488,49.1974
-123.1747,49.26404
-123.17407,49.19775
-123.17257,49.26423
-123.16924,49.134
-123.16847,42.25674
-123.16828,49.17729
-123.16792,44.05423
-123.15677,49.26404
-123.15541,49.27159
-123.1554,49.27235
-123.15524,49.27095
-123.14539,49.2653
-123.14264,49.28858
-123.1418,49.28707
-123.14153,49.28727
-123.14136,49.26869
-123.14134,49.2874
-123.14108,49.28695
-123.14023,49.20963
-123.13968,49.26635
-123.13893,49.25921
-123.13807,49.26158
-123.1374,49.14012
-123.13701,49.18121
-123.13567,49.27055
-123.1352,49.17276
-123.13458,49.27041
-123.13456,49.28233
-123.13377,49.28226
-123.1329,49.2816
-123.13274,49.2815
-123.13243,49.27577
-123.13235,49.28073
-123.13201,49.19274
-123.13184,49.17893
-123.13175,49.29027
-123.13153,44.10268
-123.13116,44.10405
-123.13054,49.17772
-123.1304,49.2797
-123.12973,49.27965
-123.1296,44.10084
-123.12958,49.28746
-123.12911,49.28757
-123.12793,49.19358
-123.12755,49.19618
-123.1275,49.28666
-123.12687,49.27691
-123.12616,49.27695
-123.12568,49.27767
-123.12506,49.28024
-123.12476,44.05262
-123.12439,49.28692
-123.12419,49.27829
-123.12412,49.28222
-123.12411,49.27413
-123.12359,49.27943
-123.123,49.27907
-123.12269,49.27968
-123.12253,49.27978
-123.12144,49.2801
-123.1213,49.28977
-123.12102,49.27544
-123.12053,49.28634
-123.12044,49.27952
-123.12034,49.2852
-123.12022,49.27938
-123.11982,49.28115
-123.11967,49.28002
-123.11957,49.27609
-123.11952,49.27334
-123.11888,49.2835
-123.11864,49.26871
-123.11849,49.28515
-123.11689,49.2898
-123.11656,49.28557
-123.11625,49.20946
-123.11512,49.28294
-123.11502,38.44908
-123.11494,49.28016
-123.11484,49.28694
-123.11438,49.28384
-123.11411,49.27789
-123.11411,49.28402
-123.11386,49.28384
-123.11308,49.27977
-123.11307,49.27969
-123.11279,49.27876
-123.11264,45.52084
-123.11241,45.51982
-123.11237,49.2832
-123.11191,45.51937
-123.1119,45.51986
-123.11114,49.28241
-123.11099,49.28487
-123.11052,49.27472
-123.11047,44.05719
-123.10978,44.05698
-123.10975,49.28027
-123.1097,49.27799
-123.10933,49.27753
-123.10926,49.28281
-123.10905,49.28319
-123.10878,44.0553
-123.10851,49.28461
-123.10838,49.28413
-123.10772,49.28127
-123.10754,44.054
-123.10685,49.28021
-123.10681,49.28251
-123.10678,49.28177
-123.10638,49.27057
-123.10635,49.28358
-123.10625,49.28374
-123.10607,49.27176
-123.10589,49.2819
-123.1058,49.28261
-123.10558,49.28327
-123.10552,49.26391
-123.10531,49.26391
-123.10467,49.18354
-123.10455,47.21304
-123.10449,49.26866
-123.10443,49.28337
-123.10424,49.26727
-123.1042,49.28087
-123.10415,49.28279
-123.10413,49.28286
-123.10412,49.28292
-123.10412,49.28366
-123.10388,49.28356
-123.10358,48.07953
-123.10353,49.26944
-123.10352,49.26724
-123.1024,49.2822
-123.10133,49.27962
-123.1012,49.25068
-123.10118,49.26503
-123.10116,49.26444
-123.10101,49.25529
-123.101,49.25646
-123.10099,49.24612
-123.1009,49.2578
-123.10089,49.25813
-123.10069,49.27149
-123.10065,49.26007
-123.10065,49.26354
-123.10038,49.26833
-123.10022,49.28422
-123.10012,49.27658
-123.09962,49.27508
-123.09956,49.27631
-123.09951,49.27844
-123.09947,49.28004
-123.09858,48.07899
-123.09836,49.27779
-123.0982,49.28111
-123.09809,49.27842
-123.09798,49.27871
-123.09737,49.27914
-123.09684,44.04125
-123.09675,49.26882
-123.09672,49.26029
-123.09667,44.80525
-123.09642,49.26037
-123.0953,49.12938
-123.09497,49.28143
-123.09449,44.05007
-123.09413,44.04953
-123.09412,44.0498
-123.09412,44.05017
-123.09389,44.63935
-123.09381,44.05007
-123.09381,44.09197
-123.09292,44.05188
-123.09291,44.04967
-123.09271,47.19959
-123.09257,44.05015
-123.0925,49.26234
-123.09211,44.02639
-123.09197,44.63819
-123.08974,49.28101
-123.08949,44.05458
-123.08867,44.04567
-123.08841,44.05417
-123.08584,45.52159
-123.08573,45.52162
-123.08561,49.09055
-123.08442,44.04537
-123.08157,49.20988
-123.08059,44.02065
-123.08027,44.06019
-123.07916,47.48491
-123.07734,49.28021
-123.07605,49.23292
-123.07604,49.27776
-123.07576,49.28338
-123.07452,49.27747
-123.07448,49.28147
-123.07391,44.04615
-123.07368,49.28349
-123.07242,49.28208
-123.0723,49.09052
-123.0709,49.28208
-123.07041,49.02487
-123.07008,49.27035
-123.06988,49.26842
-123.06984,49.27084
-123.0698,49.27155
-123.06978,49.27294
-123.0695,49.26383
-123.06934,49.27367
-123.0681,44.08115
-123.06731,49.28429
-123.06724,49.28358
-123.06508,45.28036
-123.06496,49.28494
-123.06465,49.13474
-123.06432,49.28379
-123.06419,49.28379
-123.06043,44.09323
-123.05999,44.09352
-123.05712,49.10956
-123.05666,49.10927
-123.05519,49.28128
-123.0537,49.28128
-123.05308,44.94802
-123.05278,45.52045
-123.05238,44.94983
-123.05142,44.90396
-123.04938,44.94428
-123.04927,46.09884
-123.04748,49.00712
-123.04497,38.32858
-123.0444,44.91193
-123.04396,38.32964
-123.04218,49.0897
-123.04152,44.93878
-123.04085,44.94195
-123.03967,44.94001
-123.03897,49.1122
-123.03861,44.90037
-123.03838,44.93944
-123.03831,44.94162
-123.03812,49.23531
-123.0372,44.93906
-123.03508,44.0564
-123.03448,44.88687
-123.03447,44.89204
-123.0337,44.96211
-123.03293,44.94758
-123.0324,44.88831
-123.03162,38.67155
-123.03112,44.91918
-123.03111,44.91364
-123.03107,44.88384
-123.03035,44.92028
-123.02931,44.87915
-123.02866,44.88169
-123.02713,44.97509
-123.02711,49.13621
-123.02625,44.98566
-123.02616,45.00273
-123.02568,44.98185
-123.0256,44.99803
-123.02544,49.13603
-123.02469,44.98232
-123.02144,46.90202
-123.02126,44.04629
-123.02117,47.07968
-123.02101,44.04632
-123.02042,44.04725
-123.02026,44.04631
-123.01765,44.93959
-123.01733,44.9396
-123.01565,48.53534
-123.01536,48.53582
-123.0153,48.53333
-123.01527,44.91678
-123.01405,44.92317
-123.01351,49.28118
-123.01304,44.94898
-123.01047,46.78302
-123.00685,44.96384
-123.00522,49.2289
-123.00495,49.22851
-123.0047,49.22863
-123.00466,49.22889
-123.00445,49.2287
-123.00187,38.50359
-123.00176,49.25136
-123.00166,45.59766
-123.00019,38.50341
-122.99819,38.50215
-122.99805,44.96648
-122.99786,38.50216
-122.99778,38.49994
-122.99775,38.50215
-122.99752,38.50193
-122.99727,38.50195
-122.99028,49.16902
-122.98886,44.98733
-122.98783,45.52224
-122.98777,45.52313
-122.98699,45.52247
-122.9867,45.52375
-122.98574,44.93818
-122.98493,45.52278
-122.98478,45.52251
-122.98402,44.93949
-122.98395,44.92697
-122.98341,49.22272
-122.98307,44.94858
-122.98247,44.96536
-122.98193,44.95155
-122.98157,49.22314
-122.98058,44.9277
-122.97931,44.91013
-122.97486,45.30043
-122.97107,46.66509
-122.97033,46.66322
-122.97031,46.66535
-122.96974,49.2192
-122.96916,49.15334
-122.96836,42.3143
-122.96811,42.31423
-122.96759,38.70301
-122.96643,42.31354
-122.96117,45.53002
-122.95867,45.53154
-122.95654,49.18628
-122.95619,46.71541
-122.95563,47.04684
-122.95444,46.7156
-122.95439,46.71569
-122.95383,46.71802
-122.95328,45.3056
-122.94737,38.4079
-122.94647,49.26964
-122.9443,40.73579
-122.94412,49.22261
-122.94087,40.73329
-122.9405,40.73335
-122.93979,47.04577
-122.93653,46.49214
-122.93641,46.49113
-122.9351,46.09002
-122.93443,46.13764
-122.933,46.13838
-122.93204,46.14252
-122.93097,49.20773
-122.93063,49.22178
-122.93031,49.22073
-122.92968,44.04679
-122.92844,45.31434
-122.92778,47.04656
-122.92747,49.20204
-122.92668,46.14495
-122.92435,47.04579
-122.92381,46.13431
-122.92214,49.25616
-122.92192,38.65491
-122.92137,45.56294
-122.92137,49.21418
-122.91731,42.37434
-122.91694,45.53041
-122.91656,45.53121
-122.91625,42.3751
-122.9162,45.56258
-122.916,49.20946
-122.91351,49.15503
-122.91254,46.14255
-122.91246,49.20173
-122.91177,49.19993
-122.91053,46.14498
-122.91042,46.57473
-122.91009,49.20255
-122.90863,49.20223
-122.90827,49.20319
-122.90822,46.27576
-122.90821,46.27527
-122.90805,46.27502
-122.90798,45.49837
-122.90781,45.49832
-122.90757,45.15605
-122.90737,45.54979
-122.90675,48.69435
-122.90662,48.69564
-122.90595,49.20442
-122.90578,48.69636
-122.90562,47.01203
-122.90537,48.69492
-122.90523,47.01017
-122.90504,38.70669
-122.90424,38.70641
-122.90353,49.20531
-122.90298,47.04687
-122.9026,47.04388
-122.90198,47.04545
-122.90188,49.25163
-122.90171,47.04647
-122.90151,47.04648
-122.90104,47.04507
-122.90098,45.54909
-122.90087,47.04508
-122.90027,47.04473
-122.90025,47.04477
-122.89994,47.04512
-122.89746,47.04531
-122.89726,47.04535
-122.89705,47.04506
-122.8958,47.04547
-122.89565,45.53185
-122.89461,49.21814
-122.89457,47.04554
-122.89264,49.22488
-122.89194,49.20329
-122.89148,49.16364
-122.89101,49.24649
-122.89088,49.14955
-122.89057,49.26062
-122.88972,47.04549
-122.88855,45.49644
-122.88842,45.49645
-122.88772,49.17652
-122.88339,45.53635
-122.87845,45.75787
-122.87832,45.75739
-122.8755,45.72512
-122.87317,48.64467
-122.87121,38.61161
-122.87097,42.32734
-122.87033,49.23741
-122.87027,38.61027
-122.86995,38.60766
-122.86937,45.47456
-122.86905,38.61127
-122.86888,45.47601
-122.86831,45.52842
-122.86722,49.24874
-122.86335,49.20988
-122.86106,47.04365
-122.85736,49.27698
-122.85716,38.64859
-122.85386,46.85684
-122.85221,47.04646
-122.8504,42.32148
-122.84951,49.27865
-122.84946,45.51221
-122.84812,47.0796
-122.84584,49.18188
-122.84532,45.46495
-122.84511,45.42801
-122.84497,49.13435
-122.84478,46.00801
-122.8434,49.27693
-122.84253,45.51733
-122.84239,45.53119
-122.83852,38.97774
-122.83844,38.97775
-122.83635,49.22755
-122.83178,45.51082
-122.83037,45.43096
-122.83022,38.4934
-122.83006,38.58826
-122.82846,45.4421
-122.82791,45.49096
-122.82744,45.49138
-122.82716,47.04739
-122.82698,49.28267
-122.82586,49.28232
-122.82275,43.91619
-122.82273,47.03615
-122.82127,38.40364
-122.82054,47.45359
-122.8198,38.40389
-122.81842,47.03568
-122.81757,49.27964
-122.81664,38.54813
-122.8164,45.52097
-122.81629,38.54843
-122.81263,49.16949
-122.81154,49.19899
-122.81113,42.27104
-122.80974,49.27742
-122.80923,45.49348
-122.80883,45.49337
-122.80844,45.49124
-122.8079,45.48717
-122.8078,47.0362
-122.80673,49.02171
-122.80664,45.48634
-122.80637,45.48657
-122.80626,45.48696
-122.80617,45.52628
-122.80616,38.51003
-122.80582,45.48692
-122.80578,45.48697
-122.8057,45.52667
-122.80555,38.0676
-122.80467,45.48728
-122.80453,45.48733
-122.80446,49.18997
-122.80446,49.19012
-122.80437,49.19017
-122.80421,49.19017
-122.80266,48.10669
-122.8025,49.02946
-122.80226,49.02837
-122.80183,49.02944
-122.80144,45.52126
-122.80084,49.03163
-122.80048,45.48566
-122.79921,45.0686
-122.79885,45.06795
-122.79856,49.10399
-122.79811,45.06802
-122.79757,47.05067
-122.79717,45.57964
-122.79638,49.2819
-122.79386,45.44675
-122.79048,47.04086
-122.78712,42.24479
-122.78505,45.01402
-122.78461,38.52815
-122.78337,45.0052
-122.78283,45.00619
-122.78276,45.00545
-122.78252,45.00522
-122.78206,45.00454
-122.78161,49.26371
-122.78022,45.48683
-122.7784,49.15575
-122.77434,45.42937
-122.77337,45.32116
-122.77276,49.2668
-122.76981,48.00988
-122.76965,48.00988
-122.76886,48.13445
-122.76724,49.2527
-122.76662,45.44683
-122.76331,47.0759
-122.76179,45.59377
-122.76115,48.11733
-122.75733,48.11482
-122.75715,49.27192
-122.75584,45.58962
-122.75578,48.11431
-122.75546,45.59093
-122.75308,45.5898
-122.75151,45.58871
-122.75138,45.58898
-122.75114,48.99343
-122.74766,45.90105
-122.74763,45.58929
-122.745,48.92752
-122.7449,48.92671
-122.74479,48.92762
-122.74243,38.49246
-122.74089,45.90679
-122.73619,49.00538
-122.73409,49.10393
-122.73321,49.25299
-122.73274,49.25119
-122.73255,45.42119
-122.7301,49.1123
-122.72831,45.58419
-122.72193,45.58189
-122.72028,38.43834
-122.71966,38.43807
-122.71609,42.19676
-122.71575,42.19731
-122.71575,42.19747
-122.71574,46.53914
-122.71492,38.44019
-122.71485,38.44022
-122.71421,38.44135
-122.71339,42.19657
-122.71334,45.46709
-122.71332,38.44065
-122.71328,42.19811
-122.71274,38.44124
-122.7127,45.53823
-122.7127,45.54052
-122.7107,45.46868
-122.71061,42.19476
-122.71014,38.36497
-122.70923,45.46895
-122.70887,45.5401
-122.70763,38.32709
-122.70602,38.32598
-122.70559,38.32599
-122.70524,45.53669
-122.70478,38.32519
-122.70466,42.08172
-122.70408,45.81403
-122.70276,45.37536
-122.70208,49.12426
-122.70066,45.81405
-122.70026,45.5378
-122.70022,45.53622
-122.69874,45.52969
-122.69872,45.52794
-122.69863,45.53448
-122.69861,45.53535
-122.69859,45.53493
-122.69606,45.57695
-122.69587,45.56251
-122.69506,45.53401
-122.69499,45.53432
-122.69495,45.5345
-122.69487,45.52732
-122.69486,45.53176
-122.69459,45.52519
-122.69449,45.53245
-122.69434,45.52955
-122.69406,45.52649
-122.69273,45.52303
-122.69168,45.53266
-122.69154,45.52319
-122.69046,49.22251
-122.69035,45.52263
-122.68981,45.56251
-122.68916,45.56293
-122.68911,49.22483
-122.68907,45.52307
-122.68843,45.52281
-122.68832,45.5301
-122.68828,45.53044
-122.68769,45.52086
-122.68671,48.22118
-122.68628,45.53085
-122.6855,45.5259
-122.6851,45.52589
-122.68505,45.52279
-122.68502,45.51419
-122.68496,45.53092
-122.68495,45.52242
-122.68457,45.58355
-122.68453,45.52752
-122.68448,45.52689
-122.68412,45.52143
-122.68386,45.52709
-122.68385,45.52215
-122.68383,48.26209
-122.68344,45.52099
-122.68344,45.5264
-122.68339,45.52097
-122.68332,45.52279
-122.68316,45.52879
-122.68303,45.52735
-122.683,45.52488
-122.68278,45.52052
-122.68265,45.53138
-122.68256,45.52965
-122.68224,45.50575
-122.68182,45.51823
-122.68181,45.52423
-122.68165,45.52524
-122.68142,45.52607
-122.68133,45.52193
-122.6807,45.52282
-122.68008,45.56279
-122.67941,45.5236
-122.67937,45.52608
-122.67932,38.32301
-122.67872,45.51823
-122.67855,45.52088
-122.67841,45.52118
-122.67838,45.52629
-122.67834,45.5222
-122.67832,45.52257
-122.67825,49.11858
-122.67777,45.52239
-122.67777,45.52551
-122.67721,45.56239
-122.67718,45.56255
-122.67706,45.51389
-122.67692,45.54113
-122.67662,45.52367
-122.67655,45.51991
-122.67641,45.51938
-122.67634,45.51943
-122.67581,45.51274
-122.67573,45.56255
-122.67573,46.53175
-122.67569,45.52351
-122.67562,45.52405
-122.67559,49.11574
-122.67553,45.57736
-122.67545,45.54089
-122.67539,45.55168
-122.67538,45.51757
-122.67536,45.55415
-122.67533,45.54857
-122.6753,45.55134
-122.67529,45.55118
-122.67522,45.55291
-122.67515,45.55805
-122.67487,45.51702
-122.67486,45.52023
-122.67454,45.5602
-122.67446,45.57707
-122.67407,45.52513
-122.67404,45.5206
-122.67398,45.51067
-122.67368,45.51712
-122.67364,45.50917
-122.67325,45.52468
-122.67305,45.52248
-122.67298,45.51744
-122.67279,45.52248
-122.67264,45.52479
-122.67258,45.52262
-122.6725,45.62628
-122.67242,45.63
-122.67234,45.52168
-122.67232,45.62894
-122.67229,45.52057
-122.67208,45.62585
-122.67168,45.63745
-122.67168,45.63766
-122.67131,45.63448
-122.67118,45.6289
-122.67107,45.49598
-122.6705,47.56873
-122.67024,45.63432
-122.66844,49.04502
-122.66776,45.54854
-122.66675,49.16303
-122.66674,45.5626
-122.66651,45.54577
-122.66598,49.17192
-122.66565,45.51522
-122.66515,45.42059
-122.66511,49.11857
-122.66506,45.42063
-122.66466,45.41819
-122.66441,45.51883
-122.66383,45.41615
-122.66372,47.38929
-122.66347,49.11626
-122.66333,49.16541
-122.662,45.53941
-122.66181,45.68264
-122.66154,45.52377
-122.66147,45.52669
-122.66139,45.54883
-122.66118,45.57152
-122.66104,45.79842
-122.66097,45.53043
-122.66096,45.51879
-122.65987,45.52119
-122.65953,45.52425
-122.65934,45.51521
-122.65933,45.5629
-122.65884,45.54241
-122.65849,45.51193
-122.65815,45.52281
-122.65789,45.51903
-122.65753,45.51693
-122.65753,45.51925
-122.65731,44.4095
-122.65699,49.10635
-122.65695,45.52135
-122.65681,45.55935
-122.65661,45.50531
-122.65658,49.10613
-122.65641,45.51385
-122.65623,45.69232
-122.65561,45.50502
-122.65552,45.51597
-122.65524,45.5195
-122.65489,49.1623
-122.65468,45.3441
-122.65381,45.4981
-122.65359,49.10394
-122.65351,45.51531
-122.65283,45.50104
-122.65281,45.46901
-122.6525,47.56765
-122.6524,49.1052
-122.65239,45.51711
-122.65236,45.51915
-122.65235,45.51879
-122.65185,45.49226
-122.65142,45.51944
-122.65128,45.51771
-122.65126,45.51922
-122.65116,45.51922
-122.65115,45.51944
-122.65102,45.52232
-122.65077,45.52416
-122.65033,45.48781
-122.65024,45.53485
-122.65005,47.78362
-122.64987,49.21993
-122.64978,45.47412
-122.64942,45.47386
-122.64918,45.47874
-122.64885,45.51235
-122.64875,45.64148
-122.64848,48.28799
-122.64838,45.51233
-122.64819,45.53487
-122.6478,47.73521
-122.64776,45.51233
-122.64744,45.55918
-122.64735,45.52274
-122.64693,45.57208
-122.64622,47.56642
-122.64614,47.56555
-122.64612,47.73467
-122.64577,45.51234
-122.64502,45.52593
-122.64463,45.55897
-122.6443,38.2333
-122.64401,45.5349
-122.64369,45.52895
-122.64278,45.55917
-122.64216,45.55928
-122.64155,45.44606
-122.64119,45.4452
-122.64082,45.49848
-122.64014,45.62861
-122.64,45.38516
-122.63972,45.38443
-122.63951,48.91724
-122.6395,47.53989
-122.63911,45.52824
-122.63909,45.44062
-122.63854,45.51632
-122.63836,45.51221
-122.63794,45.52913
-122.63734,45.53529
-122.63728,38.23314
-122.63715,45.52326
-122.63714,45.5232
-122.63703,45.52908
-122.63683,47.54228
-122.63675,45.51942
-122.63671,47.54173
-122.63634,45.51941
-122.6358,45.49353
-122.63574,41.73172
-122.63511,45.56293
-122.63497,47.54205
-122.63468,45.56259
-122.63375,45.50469
-122.63324,45.50491
-122.63139,45.51632
-122.63111,45.56254
-122.63106,38.23037
-122.63003,47.60752
-122.62998,45.51656
-122.62995,45.51635
-122.62978,45.51634
-122.62978,45.51657
-122.62968,45.51686
-122.62944,45.51678
-122.6293,45.44679
-122.62903,45.44477
-122.62847,47.59578
-122.62783,47.5659
-122.62766,47.53341
-122.62759,47.56566
-122.62742,47.56598
-122.62721,47.3847
-122.62714,47.56517
-122.62693,47.54312
-122.62677,47.56552
-122.62658,47.39026
-122.62635,46.53204
-122.62605,45.51634
-122.62587,47.56588
-122.62578,47.54329
-122.62529,47.56588
-122.62493,45.40898
-122.62406,48.52937
-122.62378,47.56313
-122.62288,45.50509
-122.62179,45.53575
-122.62066,45.53694
-122.62063,45.55932
-122.62049,45.53492
-122.62024,45.55271
-122.61994,45.49004
-122.61991,45.49
-122.61712,45.62754
-122.61637,47.62079
-122.61592,45.51916
-122.6155,45.43492
-122.61513,47.57018
-122.61503,45.51216
-122.61448,45.5484
-122.61447,45.51666
-122.61362,45.5485
-122.6128,48.5149
-122.61278,48.51469
-122.61273,48.51875
-122.61252,45.5484
-122.6125,49.09026
-122.61232,48.51888
-122.61192,48.51735
-122.61132,45.51191
-122.60998,45.3569
-122.6099,45.54033
-122.60978,38.9102
-122.60953,45.47288
-122.60947,45.47533
-122.60947,45.54014
-122.60947,45.54054
-122.60932,46.93975
-122.60894,45.47948
-122.60832,45.52302
-122.60763,45.49515
-122.60753,45.3581
-122.6072,45.52217
-122.60712,45.35829
-122.60646,45.35859
-122.60617,46.94155
-122.60571,45.35652
-122.60438,45.5484
-122.60373,45.55235
-122.60333,45.64499
-122.60329,45.43177
-122.60295,45.53384
-122.60292,45.36081
-122.60265,42.07398
-122.60168,45.51938
-122.60112,45.63846
-122.6009,45.49763
-122.6,45.44721
-122.59962,45.36198
-122.59962,45.54833
-122.59842,45.58987
-122.5982,45.49002
-122.59757,45.58928
-122.59721,45.48964
-122.59573,45.48904
-122.59551,45.48932
-122.59507,45.48912
-122.59488,49.22025
-122.59467,45.37996
-122.59449,45.37971
-122.59433,45.59088
-122.59425,45.37836
-122.59386,45.37874
-122.59177,48.84705
-122.59134,45.58982
-122.59125,48.84685
-122.59117,49.22074
-122.59065,45.52657
-122.59035,48.84622
-122.59004,45.62517
-122.58956,49.21998
-122.58942,45.55565
-122.58892,45.46819
-122.58844,45.52661
-122.58782,45.47978
-122.58759,47.32119
-122.58701,45.52626
-122.58666,45.52661
-122.58615,45.38824
-122.58509,45.32836
-122.58408,37.9859
-122.58385,45.32763
-122.58275,45.51928
-122.58238,47.31061
-122.58195,47.32778
-122.58116,45.52626
-122.58055,45.33343
-122.58033,45.5193
-122.58009,45.32483
-122.57999,49.1686
-122.57977,38.57645
-122.57964,38.57517
-122.57952,38.57845
-122.57951,38.57889
-122.57947,45.32487
-122.57943,45.32484
-122.57932,38.57697
-122.57926,45.46744
-122.57921,45.47978
-122.579,38.57957
-122.57896,49.23752
-122.57894,49.23728
-122.57881,38.57996
-122.57861,45.52439
-122.57852,38.5793
-122.57842,45.33218
-122.57834,45.50813
-122.57799,38.57973
-122.57741,45.67868
-122.57729,49.17113
-122.57688,45.49724
-122.57684,38.58113
-122.57657,45.72204
-122.57577,38.58208
-122.5706,48.4618
-122.56974,45.55571
-122.56962,38.10822
-122.56911,45.49781
-122.56847,45.4811
-122.56843,45.48007
-122.56823,45.5262
-122.56387,45.51791
-122.56334,45.43399
-122.56227,37.9743
-122.56017,38.01388
-122.5588,37.97618
-122.55873,45.52713
-122.55808,45.50467
-122.55748,45.6463
-122.55734,45.78013
-122.55674,45.48954
-122.55624,45.51718
-122.55438,45.50442
-122.5543,45.62164
-122.55426,45.55867
-122.54924,38.21233
-122.54871,37.90575
-122.54865,45.49615
-122.54728,47.18127
-122.5471,45.61918
-122.54697,45.76827
-122.54578,45.55841
-122.54529,39.88272
-122.54508,39.37529
-122.54488,45.40831
-122.54362,47.1803
-122.54253,45.50429
-122.54063,37.97433
-122.53998,49.13177
-122.53321,48.79542
-122.53014,37.92589
-122.52888,45.51858
-122.5278,45.55497
-122.52707,49.13173
-122.52581,47.24128
-122.52567,45.771
-122.52563,45.77528
-122.52531,47.64829
-122.52402,45.49756
-122.52334,45.49771
-122.52309,45.61668
-122.52066,47.62471
-122.52059,47.62471
-122.51984,45.55319
-122.51864,48.76802
-122.51733,37.92759
-122.51725,47.63304
-122.51717,47.63485
-122.51681,37.9276
-122.51584,45.51894
-122.51498,47.62498
-122.51484,47.62498
-122.51416,47.27219
-122.51042,48.72029
-122.51025,45.51873
-122.50753,45.67149
-122.50718,37.76024
-122.50683,45.63695
-122.5056,37.76031
-122.50559,37.76032
-122.50556,45.40896
-122.50542,45.40889
-122.50486,37.74188
-122.50484,37.75285
-122.50473,47.29946
-122.50473,48.72028
-122.50453,37.75286
-122.50321,48.7195
-122.50266,48.71962
-122.50202,48.72105
-122.50047,45.7822
-122.49963,45.50419
-122.49896,37.74216
-122.49782,45.39227
-122.49782,48.38999
-122.49761,47.25562
-122.49754,48.39028
-122.49701,45.51834
-122.49694,45.39449
-122.49683,45.54947
-122.49678,37.60958
-122.49619,45.53442
-122.49584,48.39179
-122.4957,47.255
-122.49481,49.06074
-122.49457,37.60997
-122.49435,37.78235
-122.49416,45.50431
-122.49296,37.78152
-122.49159,37.65125
-122.49101,48.79181
-122.48917,47.27907
-122.48869,47.25516
-122.48869,48.7655
-122.48853,42.75185
-122.4882,47.27093
-122.48794,37.63315
-122.4868,37.85955
-122.48641,48.76426
-122.48636,45.49217
-122.48566,37.78024
-122.48494,45.53444
-122.48438,48.75294
-122.48401,47.20838
-122.48376,46.52915
-122.4835,47.20732
-122.48348,47.20661
-122.48112,48.75087
-122.48104,48.75079
-122.48093,37.74271
-122.48088,48.74638
-122.48056,48.74778
-122.48047,48.74783
-122.48033,37.85667
-122.48003,48.75199
-122.47998,48.74669
-122.47995,37.78013
-122.47979,48.75245
-122.47978,48.74995
-122.47952,48.75112
-122.47918,37.75427
-122.47908,48.74787
-122.47886,37.72216
-122.47879,48.74776
-122.47856,48.74914
-122.47855,37.76364
-122.47828,48.74938
-122.47818,37.75429
-122.47816,37.76524
-122.47809,38.30837
-122.47793,48.75201
-122.47776,45.52256
-122.47756,38.29467
-122.4772,48.75131
-122.47707,37.75435
-122.47701,37.78063
-122.47698,48.75102
-122.47688,48.75046
-122.4766,48.74898
-122.47602,37.7429
-122.47594,48.74896
-122.47571,47.25537
-122.47561,45.62429
-122.47552,45.60636
-122.47541,38.29565
-122.47518,45.60624
-122.47491,45.54042
-122.47461,47.25517
-122.47459,48.22366
-122.47447,38.29333
-122.47441,37.834
-122.4744,47.25517
-122.47325,47.23261
-122.47297,47.25558
-122.47266,37.7639
-122.47232,47.25556
-122.47211,47.25556
-122.47203,47.25531
-122.47181,47.25533
-122.47176,47.25556
-122.47117,47.25532
-122.47098,47.25534
-122.47055,37.70118
-122.46978,37.78061
-122.46968,37.7377
-122.46952,37.78097
-122.46855,37.73865
-122.46808,37.78265
-122.46785,47.27465
-122.46767,37.73895
-122.46671,37.76578
-122.46654,37.74041
-122.46645,37.76372
-122.46624,37.78302
-122.46621,47.25816
-122.46586,37.7642
-122.46578,37.74064
-122.46544,37.74083
-122.46517,37.78306
-122.46471,37.69394
-122.46463,48.76015
-122.46439,37.764
-122.46411,37.78284
-122.46404,37.78284
-122.46386,37.78122
-122.46382,37.76402
-122.46382,37.78312
-122.46371,37.76428
-122.46371,37.78313
-122.46283,37.7774
-122.46203,37.78131
-122.46144,37.78135
-122.46121,37.49463
-122.46116,48.00757
-122.46078,37.78136
-122.46051,37.78326
-122.45972,37.78105
-122.45848,47.26211
-122.45811,43.74757
-122.4571,38.29173
-122.45677,37.72417
-122.45651,38.29221
-122.45627,45.54538
-122.45621,45.51486
-122.4559,45.54524
-122.45581,38.2924
-122.45526,48.94192
-122.45373,47.26316
-122.45368,37.74388
-122.45361,48.75758
-122.45224,47.25209
-122.45221,37.76922
-122.45203,47.25247
-122.45201,47.25239
-122.45157,45.90978
-122.45105,37.67014
-122.45003,37.76531
-122.44988,37.70996
-122.4493,37.7696
-122.44929,37.78203
-122.44917,37.78204
-122.44871,37.76968
-122.44801,37.76977
-122.44797,37.73184
-122.44695,37.77563
-122.44695,37.80724
-122.44606,37.77004
-122.44605,37.77574
-122.44585,47.262
-122.44584,37.79855
-122.44579,47.26189
-122.44519,37.77034
-122.44417,37.77429
-122.44398,37.7705
-122.44377,48.56239
-122.44372,48.77004
-122.44369,48.56359
-122.44342,47.25785
-122.44334,48.77014
-122.44291,47.25769
-122.4426,37.80772
-122.4425,47.25765
-122.44192,47.2574
-122.44138,37.80028
-122.44103,47.25631
-122.44097,47.25568
-122.44026,37.80021
-122.43986,37.78608
-122.43985,47.25059
-122.43961,47.25662
-122.43953,47.25624
-122.43921,47.25692
-122.43908,37.80036
-122.43904,47.25614
-122.439,47.24257
-122.43899,47.25595
-122.4386,47.25419
-122.43846,37.77739
-122.43842,37.77715
-122.43827,37.80046
-122.43806,37.77556
-122.43795,37.77676
-122.43765,37.80017
-122.4375,37.7742
-122.43745,47.24243
-122.43733,47.24274
-122.43706,37.77212
-122.43693,37.80084
-122.43692,37.71437
-122.43655,45.53466
-122.43648,37.71417
-122.436,37.76074
-122.43595,37.79842
-122.4359,37.76093
-122.4359,47.2424
-122.43587,37.79821
-122.4357,37.79737
-122.43568,37.80008
-122.43532,47.23987
-122.43526,37.7616
-122.43523,37.76129
-122.435,37.7624
-122.43476,47.14488
-122.43467,45.5188
-122.43459,37.76102
-122.43458,37.79731
-122.43451,37.76106
-122.43436,37.72552
-122.43433,37.763
-122.43432,37.76083
-122.43424,37.75099
-122.43413,37.73416
-122.43407,37.79063
-122.43386,37.77157
-122.43377,37.76087
-122.43358,37.78834
-122.43331,37.76437
-122.43326,37.77186
-122.43325,47.24457
-122.43314,37.75147
-122.43273,45.49944
-122.43272,37.7272
-122.43265,37.78373
-122.43252,37.76443
-122.4325,37.78418
-122.43234,45.50031
-122.43224,45.51012
-122.43219,37.78511
-122.43213,37.80677
-122.43191,37.79766
-122.43182,37.765
-122.43176,37.77205
-122.43169,45.4985
-122.43161,37.78518
-122.43147,37.76527
-122.43142,37.77189
-122.43136,45.49931
-122.43122,37.77191
-122.43115,45.49866
-122.43102,37.77214
-122.43083,45.50002
-122.43074,37.79759
-122.43071,37.7976
-122.43058,45.50897
-122.43055,47.23968
-122.43026,45.49886
-122.43024,37.78564
-122.43019,47.24074
-122.43012,47.2384
-122.43003,37.7857
-122.43,37.78571
-122.42984,45.53594
-122.42945,37.76781
-122.42922,37.46478
-122.42918,37.76785
-122.42864,37.7856
-122.42854,37.76116
-122.42831,37.75174
-122.42828,37.76767
-122.42786,47.99942
-122.42747,47.24103
-122.42589,37.77638
-122.42575,45.50665
-122.42527,37.77067
-122.42484,37.80143
-122.42462,37.74374
-122.4245,37.73547
-122.42438,37.77682
-122.4243,37.76492
-122.4243,37.77683
-122.42423,37.7363
-122.42418,37.76815
-122.42417,37.77779
-122.42354,37.76495
-122.42336,37.75525
-122.42334,37.7794
-122.42324,37.76497
-122.42321,37.80564
-122.42317,37.77703
-122.42292,37.75529
-122.42277,37.77213
-122.42275,37.77653
-122.42273,37.76476
-122.42255,37.77683
-122.42246,37.76477
-122.42227,37.79769
-122.42224,37.79759
-122.4222,37.79702
-122.42218,37.7987
-122.42217,37.79714
-122.42216,37.7971
-122.42207,37.74409
-122.42205,37.79665
-122.42199,37.76422
-122.42198,37.76422
-122.42197,45.49872
-122.42187,37.77361
-122.42169,37.76097
-122.42168,37.76439
-122.42163,37.77622
-122.42163,37.78812
-122.42161,37.79583
-122.42156,37.76482
-122.42152,37.75942
-122.42133,37.76482
-122.42132,37.76029
-122.42128,37.7943
-122.42125,37.79274
-122.42121,37.79224
-122.42108,37.7931
-122.42092,37.79098
-122.4208,37.75511
-122.42078,37.76025
-122.42077,37.80652
-122.42072,37.79136
-122.42069,37.78995
-122.42066,37.75543
-122.42054,37.78908
-122.42052,37.749
-122.42042,37.75843
-122.42039,37.78838
-122.42035,37.75043
-122.42035,37.76985
-122.42035,37.78814
-122.42033,37.80752
-122.42021,37.74539
-122.41999,37.74518
-122.41997,37.78767
-122.41994,37.74527
-122.41989,37.79082
-122.41986,37.76839
-122.41982,37.78791
-122.41979,37.78697
-122.41964,37.74575
-122.41963,37.76277
-122.41956,37.77772
-122.41937,37.7553
-122.41933,37.74675
-122.41925,37.74688
-122.41925,37.7523
-122.41911,37.78337
-122.41908,37.75667
-122.41905,37.76038
-122.41903,37.75646
-122.41899,37.75943
-122.41893,37.78591
-122.4189,37.7823
-122.4188,37.75837
-122.41877,37.7574
-122.41862,37.76037
-122.41857,37.77637
-122.41848,37.75613
-122.41846,37.79553
-122.41844,37.75403
-122.41842,45.54304
-122.41833,37.75269
-122.41829,37.73931
-122.4182,37.78587
-122.41819,37.78718
-122.41809,37.75004
-122.418,37.76503
-122.41799,37.78623
-122.41764,37.78607
-122.41755,37.75542
-122.41755,37.78533
-122.41726,37.78266
-122.41725,37.79089
-122.41721,37.78229
-122.41719,37.79058
-122.41719,37.79116
-122.41716,37.76023
-122.41715,37.73903
-122.41711,37.75545
-122.41667,37.78831
-122.41649,37.78715
-122.41647,37.75247
-122.41629,37.75087
-122.41619,37.79102
-122.41612,37.78531
-122.41593,37.78651
-122.41587,45.50573
-122.41574,37.7782
-122.41567,37.75874
-122.4155,37.77839
-122.41537,37.73905
-122.41533,37.8041
-122.41519,37.78755
-122.41514,37.8039
-122.41501,37.76383
-122.41468,37.76041
-122.41461,37.8032
-122.41452,37.78667
-122.41445,37.78391
-122.41445,37.78669
-122.41428,45.50423
-122.41399,37.76013
-122.41399,37.80834
-122.41372,37.75264
-122.4137,45.52843
-122.41354,37.80837
-122.41334,37.76999
-122.41333,37.7656
-122.41328,37.77107
-122.41327,37.78588
-122.41317,37.75269
-122.41316,37.78591
-122.41308,37.78551
-122.41305,37.77128
-122.41292,37.78475
-122.41288,37.7871
-122.41265,37.78479
-122.4125,37.78672
-122.41248,37.77292
-122.41245,37.78696
-122.4124,37.78673
-122.41229,37.78099
-122.41226,45.50521
-122.41219,37.77313
-122.41207,37.78891
-122.41195,37.78964
-122.41187,37.78965
-122.41184,37.78775
-122.41164,37.77397
-122.41157,37.78873
-122.41153,37.62617
-122.41152,37.78612
-122.41152,37.79575
-122.41149,37.7595
-122.41141,37.62438
-122.41141,37.78708
-122.41139,37.80129
-122.41138,37.78303
-122.41133,37.78996
-122.41131,37.78782
-122.41119,37.75922
-122.41101,37.80036
-122.41093,37.7853
-122.41085,37.77216
-122.4107,37.77716
-122.41059,37.78984
-122.41054,37.79945
-122.41053,45.50563
-122.41052,37.78097
-122.41051,37.78412
-122.41043,37.77455
-122.41042,37.65511
-122.41041,37.79162
-122.41039,37.76057
-122.41034,37.81125
-122.41032,47.57906
-122.4103,37.78819
-122.41004,37.78185
-122.41001,37.79214
-122.41,37.79733
-122.4099,37.77864
-122.40985,37.806
-122.40978,37.65496
-122.40977,37.65522
-122.40974,37.78921
-122.40974,37.79954
-122.40953,37.77563
-122.40953,37.78934
-122.40952,37.78462
-122.40945,37.75772
-122.40944,37.75751
-122.40925,37.78273
-122.40913,37.73991
-122.40904,37.78257
-122.40904,37.79898
-122.40904,48.04032
-122.40898,37.80002
-122.4089,37.77577
-122.40882,37.77581
-122.40878,37.78646
-122.40876,37.78792
-122.40875,37.78624
-122.40872,37.78774
-122.4087,37.78893
-122.40867,37.78626
-122.40865,37.79889
-122.40863,37.78993
-122.40857,37.74852
-122.40851,45.53758
-122.4085,48.03947
-122.40842,37.78554
-122.40842,37.79971
-122.40836,37.77617
-122.40835,37.75295
-122.40814,37.79972
-122.40791,37.76329
-122.40791,37.79016
-122.4078,37.79977
-122.40776,37.7979
-122.40758,48.04052
-122.40752,37.79863
-122.40747,37.7996
-122.40746,37.79942
-122.40742,37.80027
-122.40736,37.80017
-122.40735,37.78629
-122.40734,37.79987
-122.40731,47.58008
-122.40729,37.78927
-122.40729,37.79024
-122.40716,37.76332
-122.40709,37.79855
-122.40708,37.79759
-122.40702,45.53531
-122.40659,37.79521
-122.40658,37.79367
-122.40652,37.76766
-122.40645,37.79542
-122.40644,37.79614
-122.40637,37.79822
-122.40626,37.78123
-122.40625,37.79574
-122.40621,37.79255
-122.40621,38.49342
-122.40617,37.79768
-122.40606,45.53685
-122.40604,37.78328
-122.40599,37.79764
-122.40596,37.79755
-122.40586,37.79714
-122.40586,37.79784
-122.40566,37.79002
-122.40564,37.79696
-122.40554,45.58492
-122.4054,45.58485
-122.40539,37.79664
-122.40533,37.79635
-122.40521,37.7815
-122.40519,37.79817
-122.40509,37.79795
-122.40494,37.79025
-122.40494,37.79796
-122.40472,37.79044
-122.40471,45.58492
-122.40451,45.58581
-122.40444,37.786
-122.40438,37.79412
-122.40435,37.72889
-122.40433,37.78541
-122.40413,37.79037
-122.40406,37.79009
-122.40406,37.79644
-122.40399,37.7278
-122.40382,37.7905
-122.40365,37.79167
-122.40364,37.7907
-122.40358,37.79096
-122.40356,37.79226
-122.40346,37.79706
-122.40328,37.78708
-122.4032,37.78757
-122.40315,37.74044
-122.40308,37.66211
-122.40285,37.77534
-122.40284,37.72538
-122.4028,37.78791
-122.40268,37.78105
-122.40254,37.79519
-122.40209,37.7884
-122.40201,37.79427
-122.4016,37.78962
-122.40155,37.79404
-122.40151,37.79416
-122.40136,37.78606
-122.40131,37.78705
-122.40129,37.78824
-122.40109,37.79127
-122.40097,37.78987
-122.40097,37.79551
-122.40071,37.79779
-122.40044,37.78676
-122.40022,37.78818
-122.40016,37.7879
-122.39975,37.78664
-122.39968,37.76806
-122.39968,37.7896
-122.39936,47.63943
-122.39932,37.78747
-122.39921,37.78419
-122.39915,37.79416
-122.39909,37.79402
-122.399,37.78756
-122.3987,37.79507
-122.39856,47.67542
-122.39855,37.78757
-122.39831,37.78407
-122.39823,47.67556
-122.39814,37.78855
-122.39811,37.77938
-122.39802,45.48616
-122.39696,37.76247
-122.39672,37.79377
-122.39659,37.7859
-122.39648,37.78065
-122.396,37.76274
-122.39432,37.77843
-122.39432,37.77991
-122.39431,47.66881
-122.39409,37.77894
-122.39396,37.79579
-122.39379,37.77825
-122.3937,37.77831
-122.39345,37.76644
-122.39316,37.77937
-122.3931,37.77932
-122.39262,45.8453
-122.39258,37.78245
-122.39237,37.77878
-122.39202,37.77845
-122.39174,47.6611
-122.39172,40.58171
-122.39105,37.77789
-122.39088,40.58202
-122.39082,37.77925
-122.3906,40.5842
-122.39046,40.58389
-122.39003,40.58194
-122.38981,40.58148
-122.38955,40.5842
-122.38949,47.93186
-122.38931,37.61319
-122.38917,37.61716
-122.38903,37.61312
-122.38855,45.54017
-122.38853,37.75804
-122.38853,37.75818
-122.38841,37.76074
-122.38835,37.76063
-122.38799,45.54064
-122.38785,47.67484
-122.38784,47.67469
-122.38783,47.6714
-122.38744,47.54655
-122.38743,47.54514
-122.38734,47.66852
-122.38733,47.56262
-122.38732,47.67543
-122.38728,45.51954
-122.38727,47.55378
-122.38721,47.56025
-122.38717,47.56154
-122.38714,40.55858
-122.38713,47.57919
-122.38709,47.56127
-122.38701,47.56062
-122.38701,47.56253
-122.38698,47.56181
-122.38692,41.41617
-122.3869,37.76874
-122.38683,47.80901
-122.38669,47.66852
-122.38668,47.55611
-122.38659,47.56299
-122.38658,47.56041
-122.38657,47.56485
-122.38656,47.80895
-122.38651,47.66801
-122.38649,37.76842
-122.38629,47.58272
-122.38608,47.66828
-122.38584,47.66815
-122.38574,47.58148
-122.38555,47.58134
-122.38526,37.61214
-122.3852,47.66773
-122.38517,37.61377
-122.38496,47.66709
-122.38492,47.66817
-122.38479,37.61321
-122.38477,47.80918
-122.38465,37.92546
-122.38427,47.66885
-122.38392,47.81067
-122.38371,47.65622
-122.38356,37.61536
-122.38354,47.64826
-122.3835,47.66645
-122.3835,47.6669
-122.3834,47.66892
-122.38328,47.66622
-122.38328,49.05637
-122.38318,37.61672
-122.38309,47.66612
-122.38297,47.66602
-122.3825,40.90633
-122.38232,47.66585
-122.38227,47.65059
-122.38192,47.66553
-122.38188,47.66546
-122.38173,47.56275
-122.38131,47.66446
-122.38127,47.66457
-122.38091,49.02243
-122.38086,47.66461
-122.38077,49.0492
-122.38062,49.05617
-122.38053,49.02246
-122.38047,47.66499
-122.38011,47.66361
-122.37994,47.66883
-122.37925,47.66456
-122.37923,47.66446
-122.37871,47.66425
-122.37838,47.81127
-122.37787,37.66219
-122.37778,47.80567
-122.37776,47.81082
-122.37676,47.81042
-122.37581,37.91746
-122.37557,47.81039
-122.37519,47.69523
-122.37491,47.67944
-122.37428,47.63065
-122.3739,47.66586
-122.37325,47.65654
-122.37323,47.66541
-122.37264,47.66664
-122.37218,47.66549
-122.3718,47.66268
-122.37119,47.66661
-122.37103,37.81683
-122.37103,47.66618
-122.37083,37.81709
-122.37036,47.66458
-122.36912,47.66486
-122.36876,49.04664
-122.36756,47.66455
-122.36742,38.40628
-122.36724,38.40641
-122.36574,47.66025
-122.3653,37.58523
-122.36516,47.63789
-122.36496,47.6761
-122.36484,37.90543
-122.36477,47.63948
-122.36456,47.65213
-122.36408,47.67611
-122.36297,47.67608
-122.36269,47.2833
-122.36136,47.63948
-122.35893,47.15521
-122.35856,47.62583
-122.35851,40.58094
-122.35829,47.62449
-122.35774,47.62083
-122.35749,40.57646
-122.35739,40.58016
-122.35734,47.97974
-122.35711,47.63805
-122.35692,47.62524
-122.35689,47.69046
-122.35678,47.65258
-122.35671,47.51836
-122.35658,47.62431
-122.35657,47.62493
-122.35657,47.65254
-122.35617,47.71933
-122.35595,47.62555
-122.35579,47.69049
-122.35576,47.7059
-122.35572,47.62555
-122.35567,47.68717
-122.35559,47.6204
-122.35555,47.6799
-122.35554,47.6923
-122.35552,47.69082
-122.3555,47.68223
-122.35549,47.68266
-122.3554,47.65224
-122.35536,47.51472
-122.35534,47.51784
-122.35522,47.65216
-122.35513,40.58763
-122.35511,47.68267
-122.35511,47.69026
-122.35511,47.6922
-122.35508,47.69174
-122.35508,47.69182
-122.35507,47.69206
-122.35506,47.68491
-122.35497,47.51652
-122.35496,47.517
-122.35494,47.51618
-122.35479,47.61463
-122.35457,47.67374
-122.35456,47.67783
-122.35414,45.57799
-122.35412,47.67635
-122.35399,47.65197
-122.35398,47.61499
-122.35365,47.61845
-122.35315,47.62558
-122.3524,47.65152
-122.35218,47.65152
-122.35206,47.62554
-122.35175,47.62558
-122.35169,47.62532
-122.35148,47.65064
-122.35129,48.24228
-122.35119,40.57147
-122.35107,37.59055
-122.35083,47.65082
-122.35018,47.65156
-122.34988,47.65895
-122.34976,47.6155
-122.34936,47.62052
-122.34921,47.64962
-122.34875,47.61451
-122.34828,47.6154
-122.34821,37.9195
-122.34815,47.61532
-122.3481,47.61452
-122.34783,47.6256
-122.34773,47.62693
-122.34733,47.61813
-122.34713,47.61394
-122.34707,47.6139
-122.34701,47.64931
-122.34697,47.61461
-122.3469,47.76066
-122.34687,47.46667
-122.34661,47.6148
-122.34656,47.61478
-122.34654,47.61239
-122.34646,47.46666
-122.34638,47.73792
-122.34637,47.46666
-122.34634,37.57957
-122.3463,47.61462
-122.34619,47.61456
-122.34616,47.61337
-122.34609,47.61451
-122.34604,47.61874
-122.34603,47.61447
-122.34581,47.61371
-122.34568,47.46688
-122.34565,47.61429
-122.34562,47.61247
-122.34558,47.61377
-122.34544,47.735
-122.34527,47.61161
-122.345,47.61313
-122.34484,47.61257
-122.34469,47.68384
-122.3446,48.42155
-122.34426,45.58037
-122.34419,47.65398
-122.34387,47.61321
-122.34373,47.61475
-122.34367,47.61311
-122.34351,48.34062
-122.3434,48.92024
-122.34319,47.64848
-122.34299,47.64996
-122.34285,47.6095
-122.34261,47.65711
-122.34242,47.66095
-122.34215,47.6106
-122.3421,47.65716
-122.34205,47.6102
-122.34202,47.63388
-122.34167,49.13217
-122.34138,47.61052
-122.34136,47.6095
-122.34119,47.6082
-122.34103,47.61112
-122.34099,47.46786
-122.34087,47.60953
-122.34086,47.61084
-122.34036,47.60826
-122.3401,47.61519
-122.34003,47.6115
-122.33997,47.61114
-122.33973,47.60601
-122.33945,47.62643
-122.33933,47.6156
-122.33932,47.60835
-122.33924,47.62075
-122.33877,47.62502
-122.33863,47.61259
-122.33863,48.41954
-122.3383,47.60664
-122.33823,47.61219
-122.33818,48.41843
-122.33798,48.41793
-122.33794,48.41887
-122.33789,47.60681
-122.33787,47.60677
-122.33779,47.56076
-122.3377,48.41931
-122.33727,47.6147
-122.33715,47.61471
-122.33669,47.60491
-122.33662,47.62558
-122.33622,47.46145
-122.33616,47.60489
-122.33588,47.30686
-122.3357,47.42508
-122.33567,47.60334
-122.33557,47.30688
-122.33549,47.5678
-122.33543,48.41932
-122.33536,47.60994
-122.33506,47.6115
-122.33497,45.28741
-122.33493,49.03759
-122.33464,47.61162
-122.33448,47.58756
-122.33443,47.59851
-122.33442,47.58748
-122.33442,47.59873
-122.33441,47.59885
-122.3344,47.6006
-122.33439,47.5996
-122.33437,47.601
-122.33403,47.60814
-122.334,47.61107
-122.33398,47.58449
-122.33398,47.60018
-122.33396,47.60111
-122.33396,47.60115
-122.33396,47.62291
-122.33394,47.60749
-122.3339,47.59327
-122.3339,47.66152
-122.33389,47.57635
-122.33389,47.62208
-122.33383,47.60816
-122.3338,47.60229
-122.33377,47.58959
-122.33357,47.59607
-122.33351,47.59257
-122.33349,47.66128
-122.33347,47.66878
-122.33333,47.5991
-122.33332,47.60101
-122.33323,47.59931
-122.33315,47.601
-122.33311,47.59844
-122.33272,47.66126
-122.33232,47.6615
-122.33219,47.60224
-122.33209,47.66876
-122.33205,47.59843
-122.332,47.60815
-122.33197,47.60199
-122.33184,47.59956
-122.33154,47.66896
-122.33146,47.62182
-122.33134,47.60016
-122.33112,47.66126
-122.33107,47.61665
-122.33103,47.61696
-122.33101,47.60016
-122.33094,48.47587
-122.33075,47.60673
-122.33065,47.59815
-122.33056,47.66127
-122.33051,47.6144
-122.32982,47.55209
-122.32958,47.62366
-122.32954,47.5735
-122.32947,47.65149
-122.32868,47.445
-122.32864,47.61377
-122.32831,47.6146
-122.32816,37.94115
-122.32815,47.61484
-122.32775,47.61413
-122.32773,47.67819
-122.32767,47.6155
-122.32757,47.61664
-122.32751,47.59847
-122.3274,47.6167
-122.32693,47.60846
-122.32678,47.62675
-122.32641,45.56255
-122.3263,47.61747
-122.3263,47.61794
-122.32619,47.59814
-122.32612,47.59818
-122.3261,47.63986
-122.32608,47.61535
-122.32607,47.61819
-122.32599,47.6183
-122.32594,47.61792
-122.32587,47.64696
-122.32577,47.61537
-122.32569,47.70627
-122.32568,47.55526
-122.32559,47.67581
-122.32557,47.62441
-122.32553,47.70191
-122.32548,47.62459
-122.32545,47.60944
-122.32514,47.61509
-122.32495,47.61397
-122.3249,47.61423
-122.32482,47.402
-122.3248,47.68024
-122.32466,47.61424
-122.32463,47.66123
-122.32459,47.68067
-122.32456,47.40569
-122.3244,37.56711
-122.32429,47.61396
-122.32429,47.61942
-122.32418,47.61932
-122.32416,47.61948
-122.32413,47.20714
-122.32399,47.61536
-122.32372,47.61508
-122.32371,37.56651
-122.32333,47.61972
-122.32319,47.69065
-122.32318,47.61974
-122.32302,47.74876
-122.32294,37.56579
-122.3223,47.61423
-122.32206,47.5391
-122.32204,47.61979
-122.32175,47.59689
-122.32136,47.55325
-122.32119,47.80016
-122.32118,47.62503
-122.32113,47.62437
-122.32108,47.61852
-122.32108,47.62041
-122.32103,47.61442
-122.32074,47.62463
-122.3207,47.57577
-122.3207,47.62238
-122.3207,47.62255
-122.32065,47.62125
-122.32021,47.61548
-122.31992,49.13271
-122.3198,47.61421
-122.31972,47.61238
-122.31963,47.61375
-122.31963,47.61421
-122.31939,47.55155
-122.31926,47.61359
-122.31906,37.56263
-122.31893,47.61277
-122.31873,47.61398
-122.3184,47.55049
-122.31837,47.61465
-122.3183,47.61397
-122.31828,47.5504
-122.31797,47.67519
-122.31786,47.31198
-122.31778,47.69064
-122.31769,47.54983
-122.31767,37.86621
-122.31756,47.66732
-122.31755,47.54961
-122.31751,47.54883
-122.31725,47.61423
-122.31721,47.673
-122.31713,47.55026
-122.31684,47.54898
-122.31677,47.67596
-122.31672,47.5489
-122.31664,47.54882
-122.31663,47.61328
-122.31656,47.6132
-122.31625,47.59968
-122.31597,47.60641
-122.3159,47.61335
-122.31576,47.61396
-122.31562,47.32255
-122.31534,47.61439
-122.31517,47.47396
-122.31513,47.52587
-122.31501,47.6757
-122.31484,47.60607
-122.31479,47.54766
-122.31464,47.66151
-122.31451,47.3247
-122.3144,47.61517
-122.31434,47.31128
-122.31419,47.65147
-122.31368,47.65998
-122.31344,47.65786
-122.31337,47.65888
-122.31331,41.31384
-122.31331,47.66082
-122.31312,47.65553
-122.31283,47.62337
-122.31283,47.62357
-122.31281,47.66776
-122.31279,47.62409
-122.3126,47.61505
-122.31242,47.62376
-122.31242,47.73559
-122.31236,47.6865
-122.31182,47.57847
-122.31093,47.59435
-122.31037,47.35774
-122.31019,47.5768
-122.31019,49.13402
-122.30988,47.78793
-122.30967,37.78667
-122.30915,37.96724
-122.30821,47.7846
-122.30713,47.62454
-122.30664,37.90893
-122.30632,47.67589
-122.30397,47.44525
-122.30395,47.55903
-122.30328,38.32315
-122.30322,47.44467
-122.30302,37.90204
-122.3029,37.90182
-122.30256,47.4389
-122.30229,37.89944
-122.30226,37.88129
-122.30226,47.43896
-122.30224,47.58337
-122.30218,47.61216
-122.30211,47.34226
-122.30206,47.44819
-122.30203,37.53811
-122.30186,37.78444
-122.30179,47.59913
-122.3016,47.61999
-122.30158,37.78443
-122.30123,38.24562
-122.30033,47.37205
-122.30025,47.44152
-122.29985,37.87948
-122.29985,37.89238
-122.29969,47.66251
-122.29964,47.44109
-122.29957,47.59941
-122.29947,37.78327
-122.29941,47.60819
-122.2994,37.89239
-122.29939,37.86651
-122.2992,37.89044
-122.29891,37.89901
-122.29868,37.78323
-122.298,47.44028
-122.29755,47.43216
-122.29752,47.43877
-122.29751,47.43906
-122.29749,47.18254
-122.29692,47.18397
-122.29681,47.66241
-122.29609,47.6684
-122.2959,37.53683
-122.29558,47.71828
-122.29505,47.18275
-122.29489,47.7203
-122.29463,47.08489
-122.29463,47.08527
-122.2944,47.23087
-122.29438,47.72029
-122.29405,37.84121
-122.29404,47.18367
-122.29399,47.4356
-122.29388,47.19201
-122.29387,47.19068
-122.29387,47.19114
-122.29379,37.84149
-122.29359,47.19135
-122.29359,47.19141
-122.29355,47.18979
-122.29335,47.72193
-122.29329,47.81967
-122.29311,47.72388
-122.293,38.28108
-122.29241,37.81469
-122.29168,47.13707
-122.29148,37.86765
-122.29108,47.79036
-122.29099,47.69062
-122.29092,37.84715
-122.2904,37.84104
-122.29033,37.88162
-122.29015,47.55731
-122.28971,37.83925
-122.28927,49.04882
-122.2892,37.85912
-122.28918,49.04854
-122.28915,47.61279
-122.2888,37.81878
-122.28859,37.80207
-122.28837,47.66098
-122.2883,37.89067
-122.28816,47.66141
-122.28816,49.03168
-122.28797,47.57817
-122.28772,37.79963
-122.28745,38.29842
-122.28745,38.3013
-122.28721,37.89975
-122.28501,47.55877
-122.28486,38.29872
-122.2848,47.55776
-122.28472,47.55604
-122.2846,47.55604
-122.28434,47.55604
-122.28423,37.81426
-122.28416,47.55796
-122.28363,37.82013
-122.28205,37.83861
-122.28161,49.04291
-122.28099,47.86595
-122.28058,47.55364
-122.28035,37.83186
-122.28032,47.75483
-122.27935,37.83013
-122.27873,47.90857
-122.2782,47.55165
-122.27814,37.79901
-122.27806,47.63596
-122.27757,47.63629
-122.27733,47.63645
-122.27719,47.55075
-122.277,37.77302
-122.27671,37.77158
-122.27665,38.26745
-122.27662,37.79601
-122.27658,37.77535
-122.27627,37.7971
-122.27606,37.79576
-122.27596,37.79481
-122.27594,37.79714
-122.27563,37.80109
-122.27555,37.79685
-122.27541,37.7955
-122.27527,37.79664
-122.275,37.80098
-122.27493,37.80349
-122.27491,37.80048
-122.2749,37.80594
-122.27483,46.55844
-122.27452,47.89746
-122.27412,37.80048
-122.27301,37.80189
-122.27216,37.84876
-122.27199,37.79452
-122.27189,41.21196
-122.27186,37.80693
-122.27175,37.84884
-122.27169,41.21098
-122.27168,47.87477
-122.2715,37.79604
-122.27129,37.85021
-122.27128,37.80334
-122.27104,37.80185
-122.27066,47.55574
-122.27054,37.80643
-122.27052,37.80651
-122.27051,37.79392
-122.27032,37.80733
-122.27022,45.39713
-122.27016,37.80668
-122.27013,37.80825
-122.26989,37.80767
-122.26969,37.80506
-122.26969,37.80512
-122.26969,37.80829
-122.26967,37.80505
-122.26961,37.80503
-122.26959,37.80813
-122.26956,37.80732
-122.26938,37.80516
-122.26931,37.8029
-122.26928,37.807
-122.26904,37.87965
-122.26899,37.80244
-122.26875,37.87342
-122.26867,37.81238
-122.26866,37.87265
-122.26858,37.80578
-122.26857,37.81282
-122.26856,37.80934
-122.26856,37.8717
-122.26822,37.83
-122.26819,37.81427
-122.26816,37.87176
-122.26768,37.86979
-122.26755,37.86814
-122.26743,37.8671
-122.26736,37.80723
-122.26712,37.80405
-122.26709,37.87075
-122.26698,37.81454
-122.26697,37.80683
-122.26693,46.86795
-122.26689,37.80278
-122.26669,37.81273
-122.26668,37.81121
-122.26658,46.86759
-122.26634,37.8066
-122.26627,49.15051
-122.26622,37.86705
-122.26618,37.81419
-122.26608,37.85301
-122.26565,37.81128
-122.26518,37.81434
-122.26508,37.81214
-122.26485,37.81296
-122.26464,37.79986
-122.26367,37.83115
-122.26359,37.80149
-122.26268,37.83503
-122.2624,37.83844
-122.26222,37.83673
-122.26212,47.38185
-122.2619,37.77038
-122.2616,37.81217
-122.26135,47.52009
-122.26135,47.52015
-122.26069,37.8687
-122.26065,38.22861
-122.26062,45.39612
-122.26057,37.85181
-122.26019,37.50685
-122.25993,37.50526
-122.25963,37.86786
-122.25902,37.77451
-122.25886,37.86627
-122.2588,37.86754
-122.25855,45.39752
-122.25823,37.86768
-122.25736,47.73304
-122.25731,47.73307
-122.25669,37.82805
-122.25655,37.86799
-122.25599,37.82828
-122.25598,37.80875
-122.25521,37.50179
-122.25488,37.80903
-122.25484,37.82473
-122.25434,37.80862
-122.25387,37.79986
-122.25334,37.79361
-122.25327,37.85774
-122.25255,37.85054
-122.25212,37.84645
-122.25197,37.79987
-122.25177,37.84287
-122.2516,37.84109
-122.25127,37.79949
-122.25121,37.83929
-122.25095,47.75978
-122.25061,37.80896
-122.25051,47.85034
-122.25042,37.42901
-122.25014,37.79959
-122.24986,37.8282
-122.24731,37.83044
-122.24718,37.81314
-122.24709,37.8125
-122.24705,37.81337
-122.24674,37.81306
-122.24661,37.81324
-122.24644,37.81356
-122.24503,37.81061
-122.24428,37.76271
-122.24412,37.76296
-122.24259,37.72452
-122.24251,37.7655
-122.2424,37.76576
-122.24226,47.88235
-122.24212,37.76531
-122.24193,37.85912
-122.2416,37.7659
-122.2403,37.76746
-122.24001,38.1006
-122.23923,48.50221
-122.23888,37.76847
-122.23882,48.50502
-122.23874,37.76354
-122.23842,48.50513
-122.23814,48.50317
-122.2369,47.58657
-122.23539,37.48689
-122.23521,37.48762
-122.23443,37.48637
-122.23342,47.38013
-122.2313,37.48716
-122.23117,47.30712
-122.23005,37.48523
-122.22973,37.4853
-122.2296,37.77978
-122.22944,47.36704
-122.22842,38.09465
-122.228,37.45574
-122.22717,47.39614
-122.22715,37.48671
-122.22697,37.48646
-122.22584,37.77735
-122.22462,47.20284
-122.22444,38.05249
-122.22409,47.32168
-122.22358,38.05321
-122.22297,37.4693
-122.22088,47.49928
-122.22057,47.93664
-122.2201,47.85788
-122.21982,47.8462
-122.21927,47.91143
-122.21735,48.00077
-122.2172,37.80052
-122.21638,37.80016
-122.21517,37.71143
-122.21469,47.98089
-122.21295,47.19832
-122.21218,47.87714
-122.21184,47.83541
-122.21172,37.71086
-122.2109,47.70709
-122.21045,37.82648
-122.21035,47.97912
-122.21034,47.83326
-122.20982,47.70685
-122.20972,47.83535
-122.20894,47.76272
-122.2088,47.98281
-122.20854,47.76278
-122.20839,47.97975
-122.20838,47.97856
-122.20781,47.67629
-122.20775,47.67608
-122.20773,47.91225
-122.20769,47.90042
-122.20757,47.97912
-122.20734,47.67601
-122.2073,47.67594
-122.20702,47.67601
-122.2068,47.47886
-122.20657,47.67517
-122.20643,47.97911
-122.20629,47.47979
-122.20619,47.67566
-122.20558,47.97944
-122.20554,47.67565
-122.20541,47.97943
-122.20525,47.75985
-122.20496,47.47977
-122.20488,47.76
-122.20474,47.76027
-122.20469,47.47956
-122.2046,47.47979
-122.20437,47.48105
-122.20432,47.76005
-122.20404,47.37187
-122.2038,47.61028
-122.2036,41.32111
-122.20347,47.09751
-122.20318,47.46226
-122.2027,47.67779
-122.20207,47.61657
-122.20133,47.61703
-122.20118,47.6172
-122.20089,47.61489
-122.20071,47.19112
-122.20059,48.00192
-122.20057,47.9817
-122.20045,47.6158
-122.20033,37.79363
-122.20032,47.61787
-122.20027,47.61498
-122.19975,47.67783
-122.19939,47.61948
-122.19933,47.37235
-122.19915,47.61184
-122.19865,47.61218
-122.19827,47.61402
-122.19823,47.61421
-122.19796,47.41659
-122.19767,37.79074
-122.19751,47.98165
-122.19657,47.61827
-122.19612,47.6197
-122.19531,37.78764
-122.19453,37.01115
-122.19432,47.97363
-122.1943,47.53281
-122.19393,48.00803
-122.19134,47.61697
-122.18695,37.4783
-122.18671,47.47738
-122.18637,47.61623
-122.18585,47.50068
-122.18431,48.12794
-122.18414,37.45495
-122.18393,47.28877
-122.18355,37.4526
-122.18332,38.04635
-122.18189,37.87872
-122.18124,37.70593
-122.18094,47.69914
-122.17981,47.87682
-122.17905,47.87751
-122.17898,47.86325
-122.17888,47.61981
-122.17782,47.62139
-122.17756,47.68032
-122.17619,48.05073
-122.17482,47.70332
-122.17446,37.75006
-122.17377,48.08073
-122.17215,47.75378
-122.17095,47.70993
-122.16877,47.57737
-122.1672,47.75702
-122.16708,47.67913
-122.16639,47.35853
-122.16493,47.66729
-122.16365,47.50459
-122.16277,47.75419
-122.16263,47.75348
-122.16203,47.16763
-122.16186,37.44493
-122.16043,47.75793
-122.15993,37.73043
-122.15969,38.04797
-122.15813,38.05014
-122.15778,47.74284
-122.15609,47.73722
-122.15461,37.72345
-122.15399,37.72241
-122.15376,47.7399
-122.15317,47.73339
-122.15173,47.76791
-122.14828,39.15596
-122.14807,47.73361
-122.14466,47.68555
-122.14372,37.4274
-122.1426,47.7344
-122.14243,47.63258
-122.1419,47.73222
-122.14114,47.68618
-122.13925,37.68575
-122.13736,47.63543
-122.13616,38.01742
-122.1358,38.01799
-122.13573,38.01749
-122.13571,41.25052
-122.13544,38.01755
-122.13346,38.21113
-122.13172,47.623
-122.13046,47.64128
-122.13012,47.67584
-122.12651,48.19703
-122.12612,47.67598
-122.12608,48.18176
-122.12494,47.67373
-122.1234,47.68192
-122.12315,47.67377
-122.12281,47.6737
-122.12277,47.67449
-122.12207,37.12411
-122.1218,37.12429
-122.12129,47.67199
-122.12047,37.89162
-122.12034,47.66883
-122.11809,37.37844
-122.11611,37.37998
-122.11573,37.29981
-122.11076,37.89354
-122.10629,48.00615
-122.10568,48.00369
-122.10542,47.66365
-122.10111,37.4156
-122.1003,40.03173
-122.09668,47.91265
-122.09619,47.91155
-122.09589,47.31262
-122.0943,47.91149
-122.09422,47.9112
-122.09363,47.91119
-122.09233,47.91068
-122.08895,37.08973
-122.08831,47.91442
-122.08371,37.67255
-122.08365,37.6736
-122.08309,37.67231
-122.0822,37.60908
-122.08154,37.67389
-122.08007,37.42625
-122.07994,37.42636
-122.07985,37.39206
-122.07975,37.39354
-122.07905,37.3933
-122.07901,37.39343
-122.07895,37.24715
-122.07841,37.38261
-122.07784,37.39497
-122.07435,47.57982
-122.07354,37.04497
-122.07346,49.13035
-122.06658,47.54967
-122.06576,37.31147
-122.06271,37.90011
-122.06153,37.94622
-122.06119,37.90073
-122.06031,37.89716
-122.05928,38.24952
-122.05818,37.9711
-122.05675,37.92678
-122.05351,47.54467
-122.05162,37.32321
-122.04902,36.9596
-122.04837,36.9607
-122.04801,37.55129
-122.0475,36.96078
-122.04532,47.3917
-122.04521,47.38939
-122.04393,47.38781
-122.04377,36.96119
-122.04281,47.55138
-122.04257,37.36951
-122.04145,47.54023
-122.04116,47.54043
-122.04039,37.3364
-122.03964,47.98302
-122.03834,36.98668
-122.03669,47.53119
-122.03669,47.53131
-122.0364,47.53058
-122.03588,37.25577
-122.03578,37.25578
-122.03562,37.25582
-122.03529,47.52989
-122.03521,37.97784
-122.03495,47.61548
-122.03401,37.97794
-122.03394,37.85084
-122.03364,37.25748
-122.03181,36.98607
-122.03059,37.37617
-122.03036,37.04813
-122.03004,37.37668
-122.02983,37.37695
-122.02942,37.37768
-122.02838,36.9759
-122.02792,36.97522
-122.02661,36.97734
-122.02659,36.97136
-122.02658,36.97358
-122.02614,37.54071
-122.0258,36.97353
-122.02571,36.96969
-122.02568,36.9719
-122.02567,36.97467
-122.02562,36.97424
-122.0255,36.97475
-122.02538,36.9707
-122.02536,36.97059
-122.02493,36.969
-122.02491,36.96893
-122.0247,36.96657
-122.02432,36.96207
-122.02426,47.70012
-122.02223,47.36558
-122.02126,47.36499
-122.02104,36.97686
-122.02079,37.37382
-122.02066,36.97848
-122.02046,36.96431
-122.01986,36.98025
-122.0193,47.36502
-122.01826,37.58699
-122.01597,45.37658
-122.01482,37.33492
-122.01273,36.97888
-122.01181,37.35198
-122.01039,47.32606
-122.01017,47.32661
-122.00805,36.96793
-122.00733,37.52688
-122.00627,37.06134
-122.00613,37.06167
-122.0045,37.55908
-122.00426,37.35304
-122.00271,37.19147
-122.00081,37.82235
-121.99693,37.39723
-121.99532,37.37874
-121.99485,37.33858
-121.9942,37.39193
-121.9937,37.30887
-121.99172,49.11808
-121.99135,47.20499
-121.99076,47.20275
-121.98982,47.20337
-121.98971,47.20379
-121.98927,47.20391
-121.98925,36.96454
-121.98904,47.20339
-121.98748,37.51995
-121.98721,47.73881
-121.9861,47.74249
-121.98592,47.74501
-121.98587,47.741
-121.98575,36.99649
-121.98549,37.22156
-121.98358,37.22288
-121.98268,47.21004
-121.98264,37.22568
-121.98079,37.22076
-121.98065,37.57718
-121.98061,37.32377
-121.98052,37.22831
-121.98001,37.22958
-121.97951,47.19986
-121.97931,45.35305
-121.97841,37.30469
-121.97821,37.31555
-121.97745,37.57645
-121.97682,37.35099
-121.97636,37.38104
-121.97531,37.77473
-121.97381,37.38211
-121.97365,45.63927
-121.97278,36.9631
-121.97218,45.35111
-121.97215,37.39747
-121.96999,36.96326
-121.9698,48.08317
-121.9695,37.39538
-121.96939,38.5218
-121.96907,38.5216
-121.96872,36.9639
-121.96859,38.5211
-121.96531,47.85915
-121.96456,49.09656
-121.96393,45.34695
-121.96267,37.13105
-121.96215,37.36904
-121.96213,49.06999
-121.9617,49.14043
-121.95979,37.53365
-121.95927,49.10901
-121.95887,37.76417
-121.95881,37.32352
-121.95778,49.16483
-121.9575,49.13537
-121.95707,36.98808
-121.95697,37.52339
-121.9564,36.98389
-121.95607,36.98878
-121.95492,49.17143
-121.95478,49.17156
-121.9546,36.99522
-121.95248,36.97248
-121.9523,36.97228
-121.95226,36.97221
-121.95216,49.17061
-121.95204,36.9729
-121.95186,36.97189
-121.95172,49.17116
-121.95078,37.33784
-121.94954,36.98324
-121.94816,37.32003
-121.94759,37.34897
-121.94612,37.34831
-121.94564,37.28691
-121.94535,37.28692
-121.94385,37.28579
-121.94294,37.28694
-121.94281,37.28693
-121.94154,37.28752
-121.93515,37.70728
-121.93504,37.9411
-121.93395,37.28798
-121.93316,37.28905
-121.93287,37.27463
-121.93231,37.27872
-121.93092,37.37048
-121.92996,37.36958
-121.9275,37.32322
-121.92694,37.70925
-121.92616,37.7084
-121.92402,37.36455
-121.92218,37.36257
-121.92196,37.32398
-121.92172,36.55827
-121.9208,36.55416
-121.91994,37.53212
-121.91897,37.42254
-121.91398,37.29691
-121.9137,47.64837
-121.9116,37.70447
-121.90892,36.97903
-121.90857,37.3608
-121.90815,37.31995
-121.90684,37.43123
-121.90656,37.32392
-121.90587,37.42877
-121.90546,37.33197
-121.90439,37.3321
-121.90417,37.2318
-121.90323,36.97669
-121.90209,36.6142
-121.9019,37.31021
-121.9014,37.33225
-121.89992,36.61537
-121.8985,37.3353
-121.89674,37.35095
-121.89621,37.42719
-121.89601,37.33332
-121.89589,37.31059
-121.89503,36.59827
-121.89501,37.34847
-121.89493,37.33434
-121.89491,37.33625
-121.89487,36.59895
-121.89478,36.59929
-121.89474,36.60014
-121.89464,36.59709
-121.89461,37.33661
-121.89443,37.33643
-121.89443,45.66709
-121.89405,37.3364
-121.89388,37.33619
-121.89373,37.33489
-121.89368,37.33491
-121.89361,37.33998
-121.8935,37.335
-121.89347,37.33562
-121.8934,37.33552
-121.89339,37.33505
-121.89319,37.33387
-121.89237,37.333
-121.8907,37.33668
-121.89021,37.35864
-121.89003,36.60175
-121.89001,37.33508
-121.88995,37.335
-121.88976,37.33535
-121.8897,37.33059
-121.8897,37.33529
-121.88968,37.3361
-121.88955,37.33509
-121.88948,37.33068
-121.88948,37.335
-121.8892,37.33704
-121.88919,37.33659
-121.8891,47.56752
-121.8889,37.33468
-121.88888,37.3327
-121.88884,37.3374
-121.88882,37.33675
-121.88845,37.33062
-121.88796,37.59389
-121.88785,37.33669
-121.88756,37.36204
-121.8867,37.33065
-121.8864,37.32945
-121.88585,37.33045
-121.88582,37.32931
-121.88549,37.32969
-121.88527,37.3336
-121.88469,38.03428
-121.88421,45.69363
-121.88247,38.03308
-121.87871,37.41637
-121.87739,37.2621
-121.87695,37.25796
-121.87676,37.36894
-121.87647,37.36858
-121.87635,37.65919
-121.87577,37.41529
-121.87455,37.66302
-121.87392,37.66454
-121.87329,37.31725
-121.87279,47.53065
-121.87097,47.52843
-121.86478,37.31968
-121.86366,37.38609
-121.85855,37.35119
-121.85662,37.3316
-121.852,36.60915
-121.84823,37.39978
-121.8475,39.72278
-121.84649,36.60934
-121.84474,37.35821
-121.84455,37.69669
-121.84331,37.35769
-121.84165,39.73032
-121.84066,39.72945
-121.83974,39.73062
-121.8396,39.73061
-121.83947,39.7307
-121.83934,37.29813
-121.83579,39.72524
-121.82662,47.85939
-121.82573,37.36251
-121.82471,37.69696
-121.82315,39.71893
-121.82223,36.61832
-121.81982,45.72902
-121.81757,39.71469
-121.81747,47.86182
-121.81557,47.86209
-121.81246,37.69865
-121.8037,36.68009
-121.80028,39.64576
-121.79146,36.92938
-121.79137,36.92938
-121.78663,47.49516
-121.78571,47.49474
-121.78327,42.22387
-121.78282,43.2151
-121.7822,42.22484
-121.78144,42.22619
-121.77513,37.22812
-121.77492,38.67763
-121.77332,38.67688
-121.77314,36.93464
-121.77314,37.68013
-121.77309,45.30194
-121.7705,37.68332
-121.77001,37.68147
-121.76995,36.23665
-121.76952,37.68304
-121.76848,37.68155
-121.7684,37.68158
-121.76825,37.68162
-121.76775,37.68332
-121.76761,37.68225
-121.76749,37.6826
-121.76077,36.91328
-121.75978,38.54716
-121.75891,36.76615
-121.75322,38.53852
-121.74228,38.54411
-121.74147,38.54378
-121.74059,38.54486
-121.73923,38.54403
-121.73904,38.54346
-121.73895,38.54447
-121.7389,38.54477
-121.73112,38.54482
-121.72559,38.54707
-121.72003,37.6759
-121.71943,37.67606
-121.71666,37.99824
-121.69715,37.93931
-121.69415,43.46371
-121.68821,37.95509
-121.67793,44.00286
-121.67096,46.60745
-121.65462,36.67367
-121.65343,44.37698
-121.653,37.12831
-121.63929,37.11154
-121.63819,37.11301
-121.6231,38.03469
-121.61748,39.13953
-121.60196,48.24946
-121.60123,48.24996
-121.59845,42.02415
-121.59637,36.69285
-121.58732,38.69324
-121.58708,39.13856
-121.57019,37.0088
-121.56954,37.00934
-121.56912,37.00707
-121.56896,37.00702
-121.54875,45.71028
-121.54337,38.56609
-121.53662,36.84433
-121.52624,38.51549
-121.5188,36.57092
-121.51348,38.52033
-121.51276,45.70944
-121.51197,39.05099
-121.50917,38.64098
-121.50461,38.5816
-121.50413,38.58367
-121.50205,38.57997
-121.49887,45.71194
-121.49763,38.5702
-121.49697,38.57158
-121.49517,38.57061
-121.49495,38.56205
-121.49399,38.56546
-121.49391,38.46476
-121.49384,38.56183
-121.49126,38.56843
-121.49108,38.5651
-121.49088,38.65437
-121.49041,38.5799
-121.48994,38.56078
-121.48967,37.39234
-121.4885,38.56864
-121.48822,46.92883
-121.4882,38.57166
-121.488,38.57221
-121.48732,38.58078
-121.48654,38.57618
-121.4864,38.5794
-121.48619,45.72781
-121.48605,38.57572
-121.48356,38.57413
-121.48265,38.57085
-121.48229,38.57717
-121.4813,38.57437
-121.48108,38.57839
-121.48044,38.57594
-121.48015,38.57567
-121.47985,38.57528
-121.47957,38.57345
-121.47902,38.56557
-121.476,38.55187
-121.47579,46.93682
-121.47562,38.55365
-121.47534,38.57413
-121.47527,38.57534
-121.47512,46.93513
-121.47436,46.93517
-121.47394,38.57523
-121.47258,38.57461
-121.46978,38.57382
-121.46957,38.57372
-121.45746,38.57084
-121.45169,38.54249
-121.4507,37.9948
-121.44663,43.87382
-121.44604,38.61222
-121.4445,36.50733
-121.44402,38.56018
-121.43664,43.87272
-121.427,38.48997
-121.42687,38.55479
-121.41405,38.57367
-121.4135,47.41006
-121.41257,37.74742
-121.41257,47.42116
-121.40233,36.85102
-121.4023,36.8513
-121.40229,36.85117
-121.40187,36.8522
-121.4014,36.84746
-121.40116,36.8526
-121.39722,36.85147
-121.3969,45.68329
-121.3875,38.41013
-121.3845,38.66364
-121.3598,47.70948
-121.35825,38.65061
-121.34014,38.56322
-121.33879,44.06322
-121.33796,38.0442
-121.33607,37.9838
-121.33383,44.14813
-121.33147,44.05077
-121.3314,36.43055
-121.33054,44.0505
-121.32982,38.61499
-121.32976,44.14708
-121.32862,44.05679
-121.3275,44.05644
-121.32744,38.61797
-121.3271,44.05649
-121.3257,38.66045
-121.32417,38.63648
-121.32333,39.36327
-121.3181,44.04999
-121.31764,38.00503
-121.31571,44.02388
-121.3154,44.05861
-121.31537,44.05129
-121.31515,44.05831
-121.31514,44.05131
-121.3145,44.05669
-121.3144,44.05945
-121.31427,44.05675
-121.31346,44.0573
-121.31294,44.05991
-121.31288,44.0577
-121.31288,44.05996
-121.31283,44.05919
-121.31274,44.05607
-121.31257,44.05851
-121.31254,37.93247
-121.31189,44.05963
-121.31179,44.05974
-121.31168,44.0593
-121.30878,38.76154
-121.30805,38.58787
-121.30371,44.09091
-121.30255,44.04051
-121.29676,38.0218
-121.29597,44.09155
-121.2948,44.08304
-121.29194,38.6932
-121.2919,44.03745
-121.29066,41.64788
-121.28557,38.75133
-121.28551,38.7518
-121.28542,38.75147
-121.28542,38.7521
-121.28526,38.88943
-121.28481,38.88969
-121.28434,38.75128
-121.28369,38.74948
-121.27597,45.22322
-121.27466,38.80425
-121.27029,38.64272
-121.26754,38.78404
-121.2662,44.0655
-121.26421,44.05435
-121.26242,44.2629
-121.26213,37.78527
-121.22625,40.31163
-121.22439,38.80047
-121.21517,38.63033
-121.20871,38.8101
-121.20405,37.79813
-121.19767,37.79838
-121.19104,44.24574
-121.18896,44.2839
-121.18495,45.60204
-121.18378,38.65843
-121.18272,45.64884
-121.18253,45.60178
-121.18104,45.60101
-121.17868,47.23702
-121.17716,38.67717
-121.17675,45.59853
-121.17643,38.67799
-121.17614,38.67074
-121.17201,44.27222
-121.16812,38.74274
-121.13019,40.27745
-121.13016,44.63339
-121.13001,44.63453
-121.12364,38.68855
-121.12353,38.65289
-121.10472,39.37
-121.10233,39.01462
-121.09854,35.56667
-121.09791,38.94281
-121.08975,47.74462
-121.0818,35.5641
-121.06542,38.65075
-121.0633,39.21748
-121.0573,45.65983
-121.03112,37.68853
-121.02224,37.31365
-121.02027,47.20814
-121.01932,39.26262
-121.01867,39.26328
-121.01807,39.26253
-121.01784,39.26228
-121.01779,39.26318
-121.01192,37.09968
-120.99944,37.92987
-120.99823,37.64046
-120.995,47.22206
-120.9942,47.22368
-120.99288,37.79477
-120.99135,37.66944
-120.98309,39.68326
-120.97972,37.57631
-120.96652,45.65872
-120.95757,37.68837
-120.95386,37.66391
-120.95356,39.10082
-120.95319,37.58979
-120.93839,37.73837
-120.93147,47.19423
-120.90893,38.81019
-120.90468,35.4492
-120.88622,44.33446
-120.88204,37.50674
-120.87513,37.49399
-120.86032,39.10705
-120.85677,44.3032
-120.85671,37.78196
-120.85285,35.36425
-120.85026,35.36675
-120.84874,38.48084
-120.84583,37.76701
-120.84358,39.47036
-120.84351,37.49626
-120.84115,35.32802
-120.83856,38.90705
-120.82867,39.56026
-120.82563,38.18814
-120.82434,38.41837
-120.80307,38.39308
-120.80306,38.39301
-120.78527,49.0637
-120.77434,38.34898
-120.7341,35.17906
-120.72663,38.5553
-120.72405,37.36081
-120.70712,35.54772
-120.70129,46.73118
-120.69703,35.57346
-120.69676,35.75075
-120.69667,35.75123
-120.69351,35.59011
-120.6921,35.62649
-120.69167,35.62805
-120.69079,35.61662
-120.68937,35.62798
-120.68925,35.62797
-120.68918,35.62728
-120.68885,35.62516
-120.68874,35.62746
-120.68849,35.62623
-120.68276,47.55137
-120.67609,35.26705
-120.67463,35.26744
-120.67306,35.15784
-120.67072,35.48936
-120.66973,35.48922
-120.66873,35.48979
-120.66767,35.48773
-120.66487,35.27768
-120.66484,35.27849
-120.66472,35.27933
-120.66415,35.27893
-120.66401,35.27895
-120.66397,35.27905
-120.66322,35.28179
-120.66319,35.27771
-120.66299,35.28021
-120.66279,47.59463
-120.66268,35.27951
-120.66153,35.28181
-120.66116,47.59556
-120.66097,47.59618
-120.66076,47.59533
-120.66006,35.2814
-120.66003,47.59459
-120.65977,47.59517
-120.65972,47.59625
-120.65847,47.59626
-120.65585,35.27545
-120.65567,35.28579
-120.65255,38.41146
-120.65063,35.28906
-120.64561,35.2639
-120.64439,35.25841
-120.64382,40.4145
-120.6424,35.1397
-120.64186,35.13885
-120.64152,35.14039
-120.64095,35.13904
-120.64086,35.1428
-120.64064,35.14197
-120.63806,37.97769
-120.6308,38.44302
-120.62531,35.21283
-120.6242,39.6164
-120.61883,39.76682
-120.61838,39.76785
-120.61473,46.65812
-120.60828,35.12943
-120.60615,47.57383
-120.60235,35.09995
-120.5489,46.99637
-120.54846,46.99612
-120.54745,46.99464
-120.54705,46.99461
-120.54631,46.9957
-120.54449,46.40504
-120.54228,41.48241
-120.54045,38.06954
-120.53969,38.06872
-120.53144,46.58457
-120.53015,47.00196
-120.5301,46.64342
-120.52027,47.0008
-120.51164,46.61545
-120.50969,46.60268
-120.50372,46.60256
-120.48509,38.92933
-120.47011,38.12025
-120.46558,38.13781
-120.46495,38.13754
-120.4644,38.13753
-120.46424,38.13752
-120.46223,37.99036
-120.4577,34.63823
-120.44833,34.86493
-120.44811,34.86492
-120.44803,34.86314
-120.44691,34.86435
-120.4468,34.86529
-120.44666,34.86529
-120.43642,34.99578
-120.43347,34.95335
-120.42701,34.95348
-120.40492,38.0267
-120.40112,38.03437
-120.40088,38.03527
-120.38318,37.9849
-120.38288,37.98451
-120.38229,37.98413
-120.38208,37.98338
-120.374,38.81474
-120.36942,38.2043
-120.35047,38.2557
-120.32514,47.44081
-120.31821,47.43021
-120.31627,46.43103
-120.3147,47.43487
-120.31301,47.42618
-120.31222,47.42522
-120.31211,47.42417
-120.30795,47.42001
-120.30248,45.99798
-120.29353,47.41646
-120.29291,47.4153
-120.29281,47.41511
-120.29131,39.3227
-120.27715,38.30148
-120.27543,34.74403
-120.25589,34.8528
-120.25408,39.36353
-120.25229,37.8273
-120.23979,37.97371
-120.23956,37.97373
-120.23662,39.19599
-120.23645,39.19588
-120.23612,39.19637
-120.23605,39.19727
-120.23516,39.19668
-120.23422,39.19706
-120.23201,34.82435
-120.23051,34.82002
-120.22999,38.03925
-120.22981,37.83915
-120.22075,47.3881
-120.21851,39.19946
-120.21515,44.9996
-120.18805,39.32722
-120.18777,34.6202
-120.18615,39.3278
-120.18602,48.47872
-120.18523,34.7956
-120.18427,39.32933
-120.16339,39.32191
-120.16064,47.89638
-120.14435,39.16625
-120.1422,39.17078
-120.13908,34.59394
-120.12115,39.2748
-120.12023,39.27427
-120.08152,38.80003
-120.08076,38.80043
-120.08053,38.80018
-120.07703,34.61328
-120.07294,47.64754
-120.0667,38.68323
-120.0243,47.84674
-120.02291,39.23632
-120.0209,38.85232
-120.01871,47.83963
-120.01764,47.84013
-120.01736,47.83974
-120.01462,46.32396
-120.01269,46.32397
-120.01238,46.3236
-120.00431,38.19973
-120.00236,38.91334
-119.99873,46.32777
-119.99644,47.09868
-119.97756,38.94198
-119.97086,38.94422
-119.96953,38.94633
-119.96561,37.48472
-119.96557,37.4856
-119.96526,37.48462
-119.96522,37.48465
-119.965,37.48431
-119.95665,38.94874
-119.9557,38.18976
-119.95144,39.2493
-119.94841,39.00687
-119.94661,38.95315
-119.94349,38.95768
-119.94208,38.95628
-119.9409,38.96216
-119.94081,38.96234
-119.9407,38.9609
-119.93088,38.92958
-119.93029,38.96801
-119.9165,34.43132
-119.91593,38.92421
-119.90986,38.93658
-119.90256,46.25588
-119.90045,48.05327
-119.89019,38.95996
-119.88934,37.20719
-119.88453,34.43355
-119.88259,39.62622
-119.88181,37.81254
-119.88145,37.8123
-119.87947,36.83336
-119.87616,34.43221
-119.86274,39.53536
-119.86183,36.80756
-119.8596,37.87643
-119.8592,39.51411
-119.85818,37.8759
-119.85782,39.54271
-119.85764,39.54271
-119.85671,47.07982
-119.85516,34.41297
-119.85248,39.48367
-119.85237,34.43948
-119.84894,36.83909
-119.8485,36.83909
-119.84381,39.63828
-119.84084,39.60527
-119.83398,39.53108
-119.82865,34.44072
-119.82844,36.82247
-119.82833,34.43581
-119.82782,39.51525
-119.82743,39.57106
-119.82609,39.52483
-119.82472,39.57036
-119.82394,38.77488
-119.82313,39.53672
-119.81974,34.43473
-119.81686,39.52636
-119.81677,39.52638
-119.8162,39.52514
-119.81612,39.52499
-119.81598,39.52023
-119.81598,39.52478
-119.81554,39.53181
-119.81553,39.52639
-119.81515,39.53131
-119.81514,39.532
-119.81513,39.52954
-119.81491,39.52651
-119.81473,39.52987
-119.81435,39.52905
-119.81434,39.5307
-119.8136,39.52721
-119.81314,39.52301
-119.81301,39.5227
-119.81268,39.52666
-119.8124,39.5267
-119.81183,39.52467
-119.81168,39.52942
-119.81137,39.52716
-119.81107,39.52814
-119.81077,39.5308
-119.81013,39.52019
-119.81012,39.53057
-119.80952,39.53102
-119.80931,39.51796
-119.8091,39.52509
-119.8089,39.52765
-119.80872,39.51738
-119.80822,39.51557
-119.80808,39.53094
-119.8075,39.51516
-119.80741,39.51416
-119.80661,36.80971
-119.80602,39.49361
-119.80544,39.50986
-119.80501,39.50618
-119.80501,39.50638
-119.80337,39.51398
-119.80333,39.5113
-119.80302,39.51687
-119.80292,39.50999
-119.80289,34.4355
-119.80274,36.75783
-119.80231,36.75747
-119.8022,39.50766
-119.80219,39.5334
-119.80141,36.75754
-119.80128,39.49762
-119.80126,36.75908
-119.80094,36.75927
-119.79984,36.75734
-119.79945,39.5326
-119.79907,39.49778
-119.79881,36.76175
-119.79688,39.49316
-119.79374,39.49071
-119.79322,36.72936
-119.79286,36.72906
-119.79129,36.83198
-119.7908,36.80327
-119.79004,36.80272
-119.78922,36.83137
-119.78881,36.78726
-119.78856,36.84916
-119.78744,36.7312
-119.78739,36.73116
-119.78735,36.73111
-119.78695,36.73132
-119.78515,36.73128
-119.78232,36.80703
-119.78169,39.55563
-119.78144,39.57651
-119.78056,39.52415
-119.7803,39.52449
-119.78014,39.5231
-119.78011,39.59386
-119.77999,39.52365
-119.77987,39.52284
-119.77959,39.52356
-119.77895,39.52246
-119.77781,39.52314
-119.77768,39.09086
-119.77343,39.50494
-119.77321,39.50688
-119.77244,39.53673
-119.76889,39.17958
-119.76766,39.13349
-119.76757,39.16598
-119.76718,39.16205
-119.76717,39.16248
-119.76717,39.16537
-119.76678,39.16536
-119.76661,39.47646
-119.76634,39.17167
-119.76489,39.17066
-119.764,39.478
-119.76395,38.95322
-119.75609,39.43779
-119.755,36.85229
-119.75408,39.55005
-119.75407,39.53524
-119.75246,36.83846
-119.75042,48.56036
-119.749,38.94126
-119.74884,38.94112
-119.74876,38.94105
-119.74655,39.48562
-119.74548,38.31111
-119.73504,34.43851
-119.73218,34.44057
-119.72872,36.85275
-119.72656,34.43749
-119.7215,34.40171
-119.71975,39.57778
-119.71605,34.41847
-119.7072,34.42371
-119.70692,34.42353
-119.70525,34.42412
-119.70476,34.42378
-119.70434,34.42297
-119.70428,34.42306
-119.70384,34.4227
-119.70345,34.42305
-119.70254,45.84005
-119.70142,36.8239
-119.70094,34.41787
-119.69853,34.41799
-119.69777,34.41864
-119.69766,34.4192
-119.69743,34.41909
-119.69731,34.41794
-119.69726,34.4179
-119.69645,34.41771
-119.69637,34.41723
-119.69618,34.41747
-119.69613,34.41176
-119.69611,34.41707
-119.69595,34.41185
-119.69589,34.41743
-119.6958,34.41202
-119.69572,34.41678
-119.69542,34.41656
-119.69474,34.41642
-119.69062,34.41451
-119.6905,34.42099
-119.69018,34.41505
-119.69014,34.41305
-119.68991,34.4129
-119.68883,34.41398
-119.68864,34.41569
-119.68574,34.40999
-119.67462,48.0098
-119.66088,37.32712
-119.65024,39.31101
-119.65016,39.30951
-119.64718,39.31258
-119.64386,37.45444
-119.64172,34.42117
-119.64058,34.42124
-119.62706,36.57314
-119.62436,36.97052
-119.62312,34.44681
-119.6155,36.56753
-119.61019,36.5773
-119.57392,37.74632
-119.57132,37.73737
-119.52513,49.24324
-119.52506,49.2433
-119.51729,34.3983
-119.46312,49.03333
-119.45151,36.59669
-119.45059,36.59222
-119.44914,36.59438
-119.44847,49.03087
-119.42182,36.34238
-119.39569,47.59114
-119.3772,38.75673
-119.34023,46.29706
-119.33298,45.91863
-119.31282,36.30218
-119.30101,34.28098
-119.29899,34.278
-119.29741,34.27979
-119.29633,34.28066
-119.29552,34.28096
-119.29428,34.2798
-119.29363,34.28069
-119.29198,36.33002
-119.29173,34.28099
-119.29066,45.8433
-119.28982,34.28099
-119.28659,36.33004
-119.2841,34.27683
-119.27748,34.45418
-119.27634,34.4521
-119.27543,46.2888
-119.27539,46.28712
-119.27457,46.27525
-119.27335,35.50048
-119.27334,46.275
-119.27293,46.28225
-119.26733,46.26979
-119.26495,34.24133
-119.24734,35.77125
-119.23934,34.19097
-119.19461,46.17379
-119.18657,34.23089
-119.17681,34.24021
-119.17672,34.24072
-119.17621,34.20307
-119.17429,46.82235
-119.16112,34.27867
-119.11709,37.76411
-119.11562,46.2499
-119.09112,46.2306
-119.08808,35.3136
-119.08431,37.762
-119.0759,37.7786
-119.07183,35.31599
-119.06215,35.35792
-119.05457,34.21968
-119.05414,43.58774
-119.05047,46.16889
-119.04071,34.2231
-119.03728,34.21648
-118.98552,37.65067
-118.98373,37.64999
-118.97751,35.065
-118.95176,44.41625
-118.91824,34.18355
-118.91388,34.40002
-118.90468,36.44005
-118.87735,34.18171
-118.87416,34.18358
-118.86974,34.21886
-118.86897,45.66251
-118.84305,34.03136
-118.83864,36.47962
-118.83772,34.17134
-118.81474,34.14611
-118.81057,34.25383
-118.80197,34.15518
-118.79972,45.66928
-118.7956,34.14731
-118.78764,45.67245
-118.78723,45.67189
-118.78709,45.67239
-118.78601,45.67295
-118.78482,45.67331
-118.781,39.46239
-118.75872,34.15417
-118.7379,48.64823
-118.71681,34.28579
-118.70809,34.27927
-118.67757,49.08804
-118.6259,34.16546
-118.61631,34.168
-118.60747,34.20119
-118.60707,34.20121
-118.60386,34.17854
-118.60205,34.1686
-118.60053,34.20123
-118.59695,34.25701
-118.59635,34.25703
-118.59153,34.1665
-118.59131,34.16647
-118.58967,34.24926
-118.58892,34.23332
-118.57184,34.19299
-118.56867,34.43366
-118.56642,37.23414
-118.55986,34.17297
-118.55647,34.24057
-118.55409,34.19369
-118.53655,34.17931
-118.53282,34.16866
-118.52925,34.38135
-118.51874,34.26509
-118.51106,34.16127
-118.49904,34.01525
-118.49848,34.02933
-118.49786,34.0144
-118.49716,34.01462
-118.49604,34.01331
-118.49567,34.01398
-118.49556,34.0103
-118.49547,34.01601
-118.49546,34.01378
-118.4952,34.014
-118.49462,34.01574
-118.49456,34.01568
-118.49354,34.01466
-118.48932,34.01834
-118.48609,34.02421
-118.48326,34.00131
-118.4826,34.0008
-118.48224,34.03187
-118.48094,33.99911
-118.48078,33.99505
-118.48066,34.03319
-118.48065,33.99886
-118.48029,33.99458
-118.47991,33.99414
-118.47676,34.02549
-118.47672,34.01545
-118.47461,40.18055
-118.47425,40.17912
-118.47394,40.18001
-118.47319,33.9987
-118.47265,33.98725
-118.46807,33.99105
-118.46613,34.0211
-118.46422,33.99033
-118.46408,33.98995
-118.46388,49.03137
-118.46352,33.98125
-118.46332,34.04771
-118.46005,34.02469
-118.45987,34.15293
-118.45197,34.67833
-118.45074,34.04604
-118.44861,33.98977
-118.4486,33.95907
-118.4485,33.95946
-118.4477,34.06193
-118.4472,34.0307
-118.4468,33.9604
-118.44666,34.06172
-118.44618,33.97961
-118.44614,34.08651
-118.4427,34.0334
-118.4425,34.03983
-118.442,34.03836
-118.44155,34.03902
-118.43962,34.28535
-118.43646,49.03223
-118.4325,34.04499
-118.4322,34.17229
-118.43156,33.99698
-118.43091,34.00421
-118.4304,34.03941
-118.42918,34.02774
-118.42855,33.99681
-118.42669,33.99698
-118.42631,33.99746
-118.42491,35.75579
-118.42026,35.75508
-118.41923,35.75752
-118.41734,33.91853
-118.41734,33.91866
-118.41697,33.9188
-118.41637,33.91819
-118.4157,33.91771
-118.41465,34.00942
-118.41345,34.08182
-118.41313,34.01553
-118.41308,34.00948
-118.41238,34.00785
-118.4122,34.18649
-118.41184,34.01628
-118.41121,33.88442
-118.41107,33.88446
-118.41068,33.94359
-118.41066,33.88411
-118.41058,33.94506
-118.40979,34.02775
-118.40954,34.00428
-118.40939,33.8854
-118.40909,33.88547
-118.40897,33.94351
-118.40714,34.00326
-118.40608,33.74823
-118.40607,34.1426
-118.40589,33.91661
-118.40426,33.94664
-118.40412,33.94688
-118.40257,34.02157
-118.4022,33.94208
-118.40217,33.94115
-118.40193,33.94056
-118.40152,33.86177
-118.40137,33.94603
-118.40106,33.86182
-118.40106,33.86223
-118.40077,33.86187
-118.40055,33.8619
-118.40019,33.86366
-118.39993,33.86359
-118.39987,33.94135
-118.39743,33.9202
-118.39732,33.94218
-118.39719,33.94138
-118.39663,34.02198
-118.39635,33.89403
-118.39624,33.88969
-118.39579,33.99495
-118.39575,33.9946
-118.39547,37.36185
-118.39508,37.36173
-118.39487,34.0244
-118.39485,34.02306
-118.39461,34.0246
-118.3941,34.0248
-118.39408,34.02503
-118.39301,34.09075
-118.39204,34.14308
-118.39165,33.84262
-118.39162,34.09078
-118.39159,33.84251
-118.39135,33.84201
-118.39112,33.84155
-118.39092,33.85109
-118.38822,34.09093
-118.38817,34.02803
-118.38785,33.81802
-118.38735,33.81629
-118.38599,34.09081
-118.38541,34.08429
-118.38532,34.08437
-118.38521,33.82268
-118.38516,34.08386
-118.38514,34.08339
-118.38487,34.08405
-118.38468,34.08475
-118.38414,34.08455
-118.38396,34.08534
-118.38362,34.08552
-118.38334,34.05487
-118.38139,34.08708
-118.38055,34.03049
-118.37897,33.88569
-118.37883,34.22414
-118.37754,34.09219
-118.37712,33.87304
-118.37697,34.08226
-118.37677,34.08215
-118.37635,34.078
-118.37615,34.0338
-118.37462,34.09462
-118.37357,34.16467
-118.37259,34.16112
-118.3724,34.16477
-118.37222,34.09497
-118.37222,34.16041
-118.37005,34.15836
-118.36966,34.09091
-118.36849,33.97733
-118.36741,33.85773
-118.36262,34.09096
-118.36261,34.06004
-118.3625,34.16479
-118.36174,33.87303
-118.36167,34.06528
-118.36113,33.85852
-118.36094,34.07182
-118.36093,33.83806
-118.35611,33.8659
-118.356,34.13837
-118.3552,34.08354
-118.35483,34.17338
-118.35457,34.13949
-118.35422,34.13924
-118.35405,34.13871
-118.3531,33.83953
-118.35234,34.15236
-118.35215,34.15238
-118.35212,33.87958
-118.35174,33.82107
-118.35067,34.19652
-118.34924,34.08341
-118.34768,34.08331
-118.34452,34.06029
-118.34409,33.8777
-118.34225,34.10079
-118.34203,46.06542
-118.34166,34.1012
-118.34159,34.10129
-118.33869,46.06717
-118.33864,46.06719
-118.33855,34.11247
-118.33854,34.10214
-118.33854,46.06723
-118.33839,46.06734
-118.33823,46.06694
-118.338,46.0676
-118.33796,46.06764
-118.3372,46.06836
-118.33684,46.06917
-118.33681,46.06877
-118.33599,46.06887
-118.33595,46.06949
-118.33594,34.101
-118.33583,34.10172
-118.33306,34.18063
-118.33245,34.10223
-118.33142,34.09963
-118.32975,34.10014
-118.32938,34.10005
-118.32907,34.10178
-118.32763,33.80756
-118.32712,33.86533
-118.32697,34.17438
-118.32686,34.09349
-118.32403,34.10024
-118.31914,33.80188
-118.3175,34.09821
-118.31659,33.83696
-118.31567,33.83343
-118.31257,34.0906
-118.31117,33.84701
-118.30957,34.18133
-118.30941,34.09209
-118.30909,34.09908
-118.30896,34.07553
-118.30886,34.18113
-118.30865,34.05699
-118.30842,34.17884
-118.30813,34.18065
-118.30811,34.17912
-118.30431,34.10189
-118.30281,34.25947
-118.30147,34.10196
-118.30105,34.06196
-118.30072,34.06344
-118.3002,34.17484
-118.29891,34.06106
-118.29754,34.06287
-118.29725,34.05279
-118.29725,34.05299
-118.29722,34.06196
-118.29223,34.06893
-118.29215,34.1031
-118.29201,34.07045
-118.29193,34.10284
-118.2919,34.06937
-118.29189,34.07696
-118.29164,34.10226
-118.29014,34.09995
-118.28944,34.09953
-118.28931,37.16561
-118.28779,34.02723
-118.28775,33.73864
-118.28698,34.10374
-118.28673,34.08785
-118.28671,34.08733
-118.28576,34.09748
-118.28479,33.73896
-118.2844,33.73853
-118.28439,34.06048
-118.28425,34.09569
-118.28411,34.02428
-118.28373,34.09517
-118.28302,34.0953
-118.28145,34.09294
-118.27824,34.09089
-118.2774,34.02563
-118.27515,33.86816
-118.27439,34.15049
-118.27378,34.08369
-118.27365,34.08293
-118.27281,34.10602
-118.27224,34.14809
-118.27153,34.10835
-118.26795,34.12361
-118.2673,34.04061
-118.26655,34.1243
-118.26548,34.044
-118.26548,34.07734
-118.26472,34.12527
-118.26439,34.1613
-118.26436,34.04569
-118.26415,34.05053
-118.26335,34.04409
-118.26192,34.13016
-118.2612,34.13066
-118.25992,34.08003
-118.25986,34.04994
-118.25945,34.09936
-118.25942,34.07793
-118.2591,34.04908
-118.25883,34.03938
-118.25856,34.04469
-118.25819,34.04967
-118.25747,34.0443
-118.25744,34.04995
-118.25743,34.04435
-118.25712,34.07648
-118.25682,34.05018
-118.25673,34.07631
-118.25651,34.04471
-118.25649,34.04911
-118.25628,34.04495
-118.25593,34.04704
-118.25578,34.04847
-118.25541,34.0528
-118.25536,34.08033
-118.25535,34.04284
-118.25527,34.15132
-118.25473,34.14469
-118.25442,34.07572
-118.25422,34.06652
-118.25387,34.04943
-118.25373,34.04276
-118.25291,34.04537
-118.25232,34.07422
-118.25159,34.07283
-118.25146,34.04519
-118.25142,34.04524
-118.25132,34.04599
-118.25107,34.04399
-118.24942,34.05095
-118.24939,34.04973
-118.24933,34.04983
-118.24931,34.04994
-118.24901,34.04484
-118.24803,34.04706
-118.24774,34.04836
-118.24763,34.04863
-118.2472,34.04717
-118.24672,34.1462
-118.24544,34.05026
-118.24526,34.05108
-118.2451,34.04899
-118.24334,34.11483
-118.23979,34.04789
-118.2385,34.04666
-118.23756,34.06575
-118.2375,34.04546
-118.23661,34.05558
-118.23596,34.06631
-118.23572,34.04572
-118.23529,34.04468
-118.2351,34.11389
-118.23362,44.9629
-118.23339,34.06574
-118.23322,34.0509
-118.23258,34.03446
-118.23139,34.20687
-118.23123,34.20643
-118.22892,34.20594
-118.22713,34.20546
-118.21664,34.12967
-118.21651,34.13974
-118.21289,34.13934
-118.20381,34.12104
-118.20139,44.74482
-118.19885,33.80411
-118.194,34.10881
-118.19396,34.1092
-118.19338,34.10975
-118.19333,34.10952
-118.19267,33.76483
-118.1926,33.77278
-118.19258,33.76953
-118.19258,34.11011
-118.19226,33.77254
-118.19225,33.76991
-118.19224,33.76967
-118.1922,33.77118
-118.19203,33.76902
-118.19095,33.76917
-118.19094,33.7697
-118.19094,33.76998
-118.18963,33.77035
-118.18824,33.95215
-118.1843,33.95185
-118.18093,34.0238
-118.18089,33.7716
-118.18047,33.77182
-118.17574,33.77183
-118.17485,33.77182
-118.16815,33.7755
-118.16651,33.77181
-118.15939,33.76572
-118.15909,33.77162
-118.15872,33.78273
-118.15864,33.78249
-118.15678,34.11563
-118.15472,33.94017
-118.15398,34.14465
-118.15304,33.77518
-118.15224,33.76427
-118.15194,33.76464
-118.15149,34.14426
-118.15109,34.14532
-118.15004,34.14536
-118.1493,33.76436
-118.14928,34.14687
-118.14911,34.14537
-118.14908,34.14631
-118.14859,34.14005
-118.14842,34.14176
-118.14835,34.14596
-118.14819,33.78294
-118.14579,33.78247
-118.14575,33.78247
-118.14493,33.82909
-118.14489,33.8292
-118.14424,34.0917
-118.14403,33.78273
-118.14371,33.85418
-118.14332,34.69784
-118.14315,33.79665
-118.14277,33.83285
-118.14252,34.69735
-118.14247,33.78249
-118.14174,33.83253
-118.14123,34.14603
-118.13704,34.14538
-118.13587,33.76052
-118.13574,33.76047
-118.13544,33.91738
-118.13362,33.78852
-118.13359,33.81006
-118.13355,33.80969
-118.13245,33.7595
-118.13233,33.93989
-118.1318,33.75909
-118.12794,34.09446
-118.12421,33.86051
-118.12228,33.75651
-118.1188,33.90121
-118.11431,33.78034
-118.11389,34.14577
-118.1076,33.82198
-118.10287,34.14588
-118.07843,34.70389
-118.07787,33.72432
-118.07255,33.71953
-118.07182,33.97121
-118.06371,36.60588
-118.0637,36.60682
-118.06323,33.71272
-118.06136,34.10636
-118.02698,39.2872
-118.00903,33.66783
-118.00046,34.14578
-118.00029,33.84395
-117.99773,46.31016
-117.99757,33.84615
-117.99745,46.31019
-117.99735,46.3102
-117.99696,33.85977
-117.99611,33.73435
-117.99577,33.86004
-117.99466,33.77519
-117.99448,33.7752
-117.98996,33.74418
-117.98716,33.67187
-117.98579,33.8171
-117.96902,33.99643
-117.96455,34.00764
-117.96299,33.94015
-117.95964,33.83129
-117.95653,33.77698
-117.95363,33.70013
-117.94893,33.77791
-117.94334,33.93172
-117.94184,33.82077
-117.94108,33.80414
-117.9351,33.80357
-117.92951,33.6168
-117.92928,33.60897
-117.92924,33.60892
-117.92885,33.64283
-117.92863,33.60893
-117.92752,33.80825
-117.92751,34.06512
-117.92658,33.80828
-117.92571,33.69465
-117.92522,33.87193
-117.92505,33.87255
-117.92449,33.8708
-117.92412,33.87055
-117.9238,33.61986
-117.92319,33.87002
-117.92299,33.8701
-117.92266,33.80922
-117.92225,33.80759
-117.92092,33.81483
-117.91996,33.8066
-117.91987,33.80657
-117.91977,33.66914
-117.9195,45.02834
-117.91907,33.80737
-117.91893,33.8074
-117.91838,33.64118
-117.91826,33.6413
-117.91662,33.84299
-117.91647,33.79575
-117.91627,33.83307
-117.91614,33.67912
-117.91485,33.83423
-117.91443,33.83172
-117.90773,34.13246
-117.90676,33.8084
-117.90446,33.77402
-117.90155,33.80456
-117.90078,33.93242
-117.89982,33.91666
-117.89947,33.91749
-117.89903,33.91838
-117.89034,34.08909
-117.8899,33.87305
-117.88957,33.79924
-117.8892,33.61726
-117.88577,33.67743
-117.88351,33.71489
-117.88252,33.7958
-117.8804,47.6693
-117.87916,33.86231
-117.87627,33.64094
-117.874,33.61702
-117.87012,33.88943
-117.86954,33.74661
-117.86742,33.74933
-117.86544,33.7483
-117.86529,45.20793
-117.86496,33.74818
-117.8644,33.66509
-117.86418,33.67586
-117.86344,33.67693
-117.86243,33.67821
-117.86188,33.67906
-117.86184,33.67913
-117.86143,33.67978
-117.8593,33.75545
-117.85168,33.78805
-117.85151,33.90958
-117.84797,33.68531
-117.84231,33.64894
-117.84024,33.57448
-117.83676,33.76873
-117.83622,33.7651
-117.83067,44.7783
-117.83001,44.77686
-117.8295,44.77878
-117.82837,33.69701
-117.82723,33.73141
-117.82506,33.73835
-117.82348,33.74246
-117.82269,33.72737
-117.81964,33.74542
-117.81734,33.74521
-117.81653,33.78867
-117.81496,34.04987
-117.81265,33.78732
-117.80064,49.07738
-117.78388,33.54252
-117.78305,33.54193
-117.78078,48.91678
-117.76578,34.09087
-117.76403,33.6682
-117.76171,34.08115
-117.74975,34.05706
-117.73767,40.97474
-117.73527,40.97403
-117.7352,40.97399
-117.73467,40.97321
-117.7342,40.97287
-117.73049,33.99993
-117.72643,33.57536
-117.71593,33.6318
-117.71133,33.48866
-117.70773,49.09552
-117.70079,33.46692
-117.69976,33.46765
-117.69915,33.61981
-117.69799,35.65019
-117.69246,33.45945
-117.69238,33.54185
-117.69203,35.65154
-117.6869,34.03461
-117.68199,34.1077
-117.67814,33.61443
-117.67369,33.56551
-117.6736,33.55319
-117.67171,34.12401
-117.67124,34.1054
-117.6701,35.63754
-117.66881,35.62233
-117.6681,35.62134
-117.66394,33.50178
-117.66354,34.10795
-117.6514,34.06626
-117.64853,33.87816
-117.64717,33.65407
-117.62353,33.43277
-117.61825,35.35486
-117.61463,33.4264
-117.6131,33.42744
-117.61177,33.42645
-117.61002,34.06585
-117.60973,34.06603
-117.60881,33.63642
-117.59297,34.13391
-117.59249,34.07164
-117.5915,36.26814
-117.58982,34.06039
-117.5881,34.06023
-117.57631,34.10774
-117.57544,47.48696
-117.56612,33.87502
-117.56509,47.49788
-117.56341,33.88996
-117.55943,33.92789
-117.55026,49.11309
-117.54752,33.93788
-117.5435,49.11522
-117.53921,47.62365
-117.53617,47.62469
-117.53129,34.11012
-117.53044,34.13565
-117.50456,33.80396
-117.50427,33.80488
-117.50136,33.79867
-117.49209,33.89527
-117.49058,33.89678
-117.48939,33.76468
-117.48852,47.74026
-117.48543,47.73842
-117.47353,33.90577
-117.46642,33.9085
-117.45461,33.90591
-117.45034,47.68559
-117.4469,47.68455
-117.43681,47.66322
-117.43352,47.65385
-117.43273,47.6564
-117.43199,47.65683
-117.43143,47.66144
-117.43133,47.65458
-117.42822,47.6552
-117.42708,47.65821
-117.42689,47.6778
-117.42682,47.66369
-117.42676,47.71542
-117.42671,47.65583
-117.4257,47.69373
-117.4237,47.65732
-117.42331,47.65767
-117.42301,47.65811
-117.42292,47.65811
-117.4215,47.69321
-117.42069,47.65997
-117.42068,47.65923
-117.42034,47.69329
-117.41934,47.65592
-117.41833,47.65779
-117.41712,47.65712
-117.41683,47.6554
-117.4148,47.65736
-117.41237,47.65891
-117.41215,47.65929
-117.4113,47.66
-117.41007,47.65367
-117.4082,47.67754
-117.40733,47.65384
-117.40567,34.2223
-117.40352,47.7487
-117.39683,47.66973
-117.39501,33.95514
-117.39432,47.66283
-117.38491,47.71644
-117.38235,33.19974
-117.38168,47.65743
-117.38167,47.65762
-117.38151,33.19581
-117.38085,33.19566
-117.37981,47.42857
-117.3786,33.19443
-117.3738,33.9814
-117.37332,33.9816
-117.37305,33.98145
-117.37293,33.9814
-117.37269,33.9813
-117.37265,33.98749
-117.37253,33.9812
-117.36938,47.60372
-117.36925,47.61442
-117.36818,47.60299
-117.3666,47.67216
-117.36619,34.47099
-117.36498,47.7053
-117.36494,47.70631
-117.36464,47.70382
-117.36136,33.17382
-117.36094,33.17364
-117.35511,33.19531
-117.35336,33.19497
-117.35138,33.21088
-117.35054,33.15962
-117.34979,33.16034
-117.34929,33.16003
-117.34903,33.21365
-117.34873,33.15983
-117.34816,33.16181
-117.34809,33.99002
-117.3453,33.14795
-117.34253,33.16253
-117.34042,33.98369
-117.32747,33.18592
-117.31419,47.65671
-117.30622,33.0745
-117.30068,33.28699
-117.29406,33.0454
-117.29273,33.04109
-117.29097,33.03876
-117.28942,33.0499
-117.28353,47.67005
-117.28308,47.68747
-117.28113,33.02001
-117.28107,33.18814
-117.27668,32.83264
-117.27443,33.19099
-117.27324,32.84896
-117.27184,32.84946
-117.26746,44.35119
-117.26566,32.95939
-117.2627,47.65839
-117.26249,47.64213
-117.26131,32.80798
-117.26094,33.12825
-117.25769,32.80876
-117.25732,33.04647
-117.25631,32.79872
-117.2558,32.79419
-117.25568,32.79816
-117.2554,32.79432
-117.25511,32.796
-117.25506,32.79177
-117.25485,32.79379
-117.25477,32.79252
-117.25471,32.79693
-117.25456,32.79699
-117.25433,32.79104
-117.2541,32.79362
-117.25335,32.78561
-117.253,32.7955
-117.25272,32.78268
-117.25263,32.79693
-117.25241,32.7722
-117.2524,32.79868
-117.25216,32.7484
-117.25209,32.74731
-117.25182,32.74751
-117.25176,32.77219
-117.25171,32.74745
-117.25162,32.74738
-117.25158,33.37163
-117.25147,32.74735
-117.25107,32.76556
-117.251,32.7657
-117.25083,32.79781
-117.2507,32.74715
-117.25066,32.79794
-117.25064,32.79746
-117.25053,32.74731
-117.25012,32.74611
-117.24997,32.74603
-117.24948,32.74535
-117.24912,32.74585
-117.24847,32.7451
-117.24838,32.79799
-117.24807,32.79845
-117.24803,32.74516
-117.24792,32.79784
-117.2472,47.67497
-117.24702,32.7983
-117.24638,32.75262
-117.24599,32.75181
-117.24588,33.59454
-117.2449,32.75117
-117.24489,32.75069
-117.24468,33.20011
-117.24416,32.79845
-117.24221,33.20071
-117.24213,33.20269
-117.23761,32.78859
-117.2363,32.80052
-117.23553,32.74516
-117.23551,33.13558
-117.2349,32.74403
-117.23474,32.74406
-117.23388,32.94952
-117.23388,32.94975
-117.23387,32.94979
-117.23367,32.94974
-117.23145,32.7216
-117.23007,38.06636
-117.22976,33.20982
-117.22905,32.72337
-117.22883,33.82689
-117.22883,38.06612
-117.22826,32.80232
-117.22734,32.7139
-117.22667,47.65686
-117.22613,33.29098
-117.22516,33.22228
-117.22432,32.73097
-117.22359,33.15489
-117.22302,32.87544
-117.21974,32.80621
-117.21955,34.0478
-117.21386,33.55378
-117.21373,33.17738
-117.21284,32.87208
-117.21206,32.74023
-117.21075,32.74358
-117.20997,32.74294
-117.20859,34.12818
-117.20734,32.77949
-117.20693,32.75038
-117.20618,32.78524
-117.20567,32.7541
-117.20465,32.73251
-117.20463,32.7322
-117.20453,32.7719
-117.20428,32.73249
-117.20239,32.74796
-117.20237,32.77195
-117.20184,32.77208
-117.20125,33.55729
-117.20011,32.69547
-117.19796,32.72721
-117.19787,47.65592
-117.19713,32.93829
-117.19545,47.6599
-117.19482,32.75255
-117.19392,32.79592
-117.19318,32.79517
-117.19221,32.74962
-117.1913,32.90069
-117.19105,32.74783
-117.1904,32.73086
-117.18999,32.73082
-117.18967,32.83485
-117.18811,32.74453
-117.18797,32.8357
-117.18391,34.05843
-117.1834,32.8241
-117.18276,34.05872
-117.18269,46.7291
-117.18242,34.0566
-117.18242,34.05679
-117.18237,34.05809
-117.18237,34.05834
-117.182,34.05873
-117.18167,34.05443
-117.18127,46.72984
-117.18114,46.72956
-117.18039,32.74262
-117.17977,32.83382
-117.17933,32.68602
-117.17873,32.6846
-117.17845,32.81839
-117.17648,32.73809
-117.17598,46.73596
-117.17552,47.65661
-117.17493,32.73651
-117.17418,32.81968
-117.17352,32.73291
-117.17271,32.69873
-117.1726,33.14534
-117.17253,32.75039
-117.17227,32.71637
-117.17095,32.72948
-117.17036,46.73427
-117.17034,32.72799
-117.16993,46.72584
-117.16961,44.76905
-117.16948,32.71792
-117.16936,32.71929
-117.16899,32.72574
-117.16887,32.72072
-117.16878,32.7088
-117.16861,32.71164
-117.1681,32.72283
-117.16806,32.70945
-117.16774,32.70983
-117.16703,32.76773
-117.16668,46.73355
-117.1659,32.79097
-117.16551,32.7501
-117.16532,33.12991
-117.16355,32.72882
-117.16306,32.71527
-117.16289,32.74836
-117.16243,32.74837
-117.162,32.87991
-117.1618,32.71118
-117.16119,32.70951
-117.16119,32.71098
-117.16091,32.71303
-117.16089,32.7129
-117.16088,32.71202
-117.16088,32.71221
-117.16088,32.7479
-117.16074,32.74362
-117.16065,32.74681
-117.16057,32.73784
-117.16056,32.71374
-117.16045,32.71448
-117.16035,32.71169
-117.16033,32.71411
-117.16031,32.71192
-117.16031,32.7121
-117.16031,32.71453
-117.1603,32.71092
-117.1603,32.71175
-117.16029,32.71064
-117.16029,32.71106
-117.1602,32.73754
-117.16016,32.73535
-117.16014,32.7478
-117.16013,32.74226
-117.16007,32.7243
-117.16,32.71406
-117.16,32.71424
-117.15999,32.71375
-117.15994,32.71087
-117.15994,32.72497
-117.1599,32.71055
-117.15985,32.71228
-117.15974,32.70961
-117.1595,32.71913
-117.15942,32.71284
-117.15941,32.71203
-117.15941,32.71376
-117.15939,32.71168
-117.15939,32.71334
-117.15908,32.71347
-117.15904,32.7031
-117.15903,32.71589
-117.15892,32.71057
-117.15876,32.71589
-117.15846,32.70892
-117.15763,32.71245
-117.15756,32.70877
-117.15756,32.70888
-117.15706,32.88671
-117.15646,32.83311
-117.15627,32.71025
-117.15599,32.82037
-117.15588,32.82525
-117.15577,32.82701
-117.15532,32.71598
-117.15506,32.71586
-117.15478,32.74825
-117.15445,32.81938
-117.1542,32.771
-117.15407,32.74818
-117.1529,32.74873
-117.15282,32.82935
-117.15259,32.74872
-117.15233,33.14458
-117.15213,32.71177
-117.15106,32.74829
-117.15071,32.82128
-117.1506,32.71243
-117.14998,32.70961
-117.14986,32.74904
-117.14933,32.71381
-117.14905,32.71526
-117.14905,33.49333
-117.14771,32.70233
-117.14685,32.77297
-117.14669,32.75308
-117.14662,32.74715
-117.14649,32.76127
-117.14645,32.76153
-117.14611,32.76233
-117.14559,32.76234
-117.14324,33.4857
-117.14282,32.74862
-117.14257,32.77405
-117.14239,32.75505
-117.14191,34.08317
-117.14174,46.73831
-117.14076,47.00688
-117.14052,32.71731
-117.14047,32.71439
-117.13983,32.75552
-117.13979,32.69812
-117.13965,32.69809
-117.13942,32.83636
-117.1394,33.54984
-117.13927,32.83066
-117.13849,32.83487
-117.1374,32.89433
-117.13712,32.89536
-117.13667,32.89513
-117.13208,32.58072
-117.13198,32.58413
-117.13122,32.74826
-117.13063,32.76274
-117.13051,32.75066
-117.13051,32.75086
-117.13051,32.75128
-117.13042,32.74902
-117.13042,32.74922
-117.13042,32.76003
-117.13039,32.76274
-117.13037,32.74136
-117.13037,32.74155
-117.13007,32.72171
-117.13007,32.72176
-117.13005,32.76239
-117.13001,32.72177
-117.12999,32.75203
-117.12995,32.74156
-117.12994,32.75459
-117.12988,32.75237
-117.12984,32.74792
-117.12982,32.74766
-117.12977,32.74828
-117.12973,32.72876
-117.12956,32.74766
-117.12954,32.75507
-117.12934,32.75558
-117.12875,32.75572
-117.12873,32.7556
-117.12873,32.75584
-117.12871,32.74861
-117.1287,32.74752
-117.12853,32.74863
-117.12848,32.74771
-117.12629,32.95678
-117.12625,32.74833
-117.12624,32.95781
-117.12547,32.73938
-117.12349,32.91784
-117.12296,32.89454
-117.12154,32.75501
-117.1212,32.76309
-117.12087,32.76321
-117.12051,32.76348
-117.12028,32.76348
-117.1198,32.74991
-117.119,32.58539
-117.1176,32.58463
-117.11661,32.6868
-117.11594,32.75
-117.114,32.53126
-117.11397,32.96098
-117.11394,32.53096
-117.11342,32.58427
-117.11284,32.58364
-117.11224,32.5836
-117.11215,32.74992
-117.11208,32.58365
-117.11178,32.66727
-117.1097,44.87736
-117.10784,33.45651
-117.1077,32.763
-117.10759,32.76309
-117.10711,33.45637
-117.10517,33.45665
-117.10461,32.83015
-117.10298,32.71172
-117.1024,32.74981
-117.10239,32.74976
-117.1012,32.78463
-117.10113,33.48215
-117.10095,32.78118
-117.0998,32.68228
-117.09827,32.67858
-117.09821,32.7933
-117.09661,32.79162
-117.09531,32.64713
-117.09496,33.11703
-117.09463,32.42379
-117.09404,32.64041
-117.09357,32.64234
-117.09321,32.66488
-117.09318,32.66481
-117.09253,32.63706
-117.09247,32.7562
-117.09242,32.75629
-117.09209,32.63862
-117.09136,33.00469
-117.09109,32.63413
-117.08998,32.63343
-117.08977,33.48154
-117.0897,33.48229
-117.08726,32.75646
-117.08668,32.62488
-117.08528,32.61916
-117.08462,33.70992
-117.08449,32.58261
-117.08411,32.72517
-117.08356,32.72293
-117.08277,32.97749
-117.08152,34.84769
-117.08108,32.79099
-117.08101,32.64364
-117.08037,32.64296
-117.08024,32.64169
-117.08007,32.6422
-117.08004,32.64212
-117.0795,32.64068
-117.07916,32.63986
-117.07889,33.03239
-117.07887,32.60142
-117.07326,32.62525
-117.07315,33.09245
-117.07279,47.22368
-117.07234,32.66811
-117.07185,32.66029
-117.07181,39.49303
-117.07155,33.10158
-117.07154,33.0935
-117.06935,32.77355
-117.06917,32.77377
-117.06874,32.5951
-117.06644,32.60575
-117.06403,32.60214
-117.06328,32.56146
-117.06235,32.75297
-117.0622,32.76437
-117.06081,32.7643
-117.06039,32.58406
-117.05975,33.13496
-117.05899,32.75416
-117.0587,33.53972
-117.05835,33.99674
-117.05829,32.34356
-117.056,32.34023
-117.05533,32.57388
-117.05308,32.95601
-117.05306,32.95613
-117.04809,32.76848
-117.04708,33.03328
-117.04699,32.59262
-117.04571,32.76842
-117.0448,32.75507
-117.04459,32.75453
-117.04426,32.76855
-117.03993,32.53728
-117.03977,32.53729
-117.03961,32.53731
-117.03958,32.53719
-117.03895,32.53727
-117.03881,32.76914
-117.03875,32.53755
-117.03866,32.53642
-117.03737,32.53102
-117.03731,32.53618
-117.03722,32.76818
-117.03712,32.53497
-117.03709,32.53101
-117.037,32.53101
-117.03687,32.53602
-117.03686,32.53592
-117.03684,32.53583
-117.03678,32.53563
-117.03676,32.53604
-117.03671,32.53124
-117.03665,32.53051
-117.03665,32.53074
-117.03664,32.53071
-117.03661,32.5338
-117.03646,32.53258
-117.03643,32.5356
-117.03632,32.53127
-117.03625,32.53081
-117.03624,32.53065
-117.03622,32.53056
-117.03585,32.52675
-117.03573,32.53085
-117.03567,32.53087
-117.03566,32.53113
-117.03557,32.53085
-117.03549,32.53117
-117.03541,32.52973
-117.03518,32.53095
-117.03512,32.44469
-117.03496,32.52436
-117.03413,32.66018
-117.03352,32.53106
-117.03298,32.74293
-117.03084,32.54024
-117.03059,32.76163
-117.02923,32.52171
-117.0279,32.77549
-117.0274,34.89995
-117.02736,32.52349
-117.02668,32.54132
-117.02482,32.53637
-117.0233,32.77185
-117.02322,32.52765
-117.0224,32.52761
-117.02152,32.79102
-117.02088,32.52232
-117.02071,32.67095
-117.02039,32.52628
-117.02034,32.79001
-117.01946,32.7651
-117.0185,32.76541
-117.01812,32.76552
-117.01811,32.77908
-117.01692,32.76565
-117.01677,32.71325
-117.01494,32.51698
-117.01318,32.80263
-117.01313,32.51542
-117.01223,32.75126
-117.01187,32.51402
-117.01155,32.51325
-117.00955,32.70848
-117.00902,32.77072
-117.00821,32.51512
-117.00808,32.51351
-117.00573,46.73008
-117.0029,32.79404
-117.0021,32.75184
-117.00165,46.73184
-117.00122,46.73277
-117.00077,46.73029
-116.99967,32.50822
-116.99859,33.09701
-116.99826,32.83753
-116.99798,32.70729
-116.99478,32.83801
-116.99345,32.47538
-116.99273,32.47727
-116.99263,32.50861
-116.99046,32.51123
-116.99036,34.88402
-116.98912,32.50935
-116.98617,32.50897
-116.98256,46.38457
-116.97175,32.79031
-116.97169,32.79038
-116.96769,32.62043
-116.96718,32.78102
-116.96713,32.62339
-116.96678,46.37439
-116.96562,32.79457
-116.96415,32.82856
-116.96378,32.83011
-116.96368,32.83054
-116.96271,32.79555
-116.96175,32.72902
-116.96145,32.62134
-116.95687,32.79464
-116.95603,32.79513
-116.95475,32.65412
-116.95405,32.65142
-116.95081,32.53051
-116.9508,32.53042
-116.95036,32.53082
-116.95013,32.53065
-116.94999,32.53082
-116.94845,32.81302
-116.94824,32.85279
-116.94808,32.85164
-116.94723,47.70893
-116.94217,32.74041
-116.94111,32.79456
-116.94096,44.02564
-116.93994,32.73715
-116.93449,32.80739
-116.93355,40.6411
-116.9332,32.8261
-116.92734,32.85621
-116.92383,32.72701
-116.92369,34.23908
-116.92047,32.45423
-116.91361,34.24034
-116.91301,34.2401
-116.91167,32.96828
-116.90517,32.83332
-116.90456,32.83299
-116.90406,47.71505
-116.9,46.92185
-116.89203,33.02657
-116.89004,34.23545
-116.88912,34.2363
-116.88512,47.33502
-116.87275,33.03933
-116.86609,32.49363
-116.86405,33.04415
-116.85219,33.85029
-116.85181,32.49158
-116.83145,32.81826
-116.82777,34.9056
-116.82602,34.90365
-116.82,43.97072
-116.80712,47.69496
-116.80374,43.54739
-116.80348,47.71184
-116.79188,47.75848
-116.79061,47.71151
-116.7902,32.83969
-116.78777,47.75582
-116.78727,47.75602
-116.78658,47.45337
-116.78592,47.67291
-116.78188,47.67372
-116.78137,47.67361
-116.78093,47.67566
-116.71282,33.74327
-116.69205,35.26125
-116.69115,43.66303
-116.68656,34.8272
-116.6758,44.57216
-116.64786,32.56703
-116.64473,32.56989
-116.62723,32.57317
-116.62702,32.5737
-116.62691,32.57371
-116.62322,48.36766
-116.62272,48.36674
-116.62272,48.36803
-116.59729,33.19698
-116.57342,34.05423
-116.57265,43.56394
-116.56553,43.60479
-116.55938,43.57932
-116.55774,48.29904
-116.54941,48.2763
-116.54907,48.27692
-116.54784,33.84866
-116.54768,33.82404
-116.5476,33.82402
-116.54725,33.82215
-116.54718,33.83747
-116.54703,33.824
-116.54662,33.82587
-116.54661,33.82015
-116.5466,33.82532
-116.54642,33.81424
-116.54539,33.82159
-116.54485,33.82085
-116.54473,33.82151
-116.54458,33.82136
-116.54443,33.82106
-116.54258,33.81239
-116.53982,33.80087
-116.52747,33.80185
-116.52554,33.80182
-116.51071,49.09569
-116.50895,49.09571
-116.5052,32.67969
-116.50093,43.8758
-116.49985,43.87619
-116.49968,43.87585
-116.4963,34.15683
-116.49007,43.69176
-116.48374,33.7887
-116.4569,33.76767
-116.43778,44.72907
-116.43142,43.6474
-116.42177,43.4913
-116.41559,34.12226
-116.41234,43.64792
-116.41224,34.12757
-116.40508,33.73086
-116.40276,33.72928
-116.39133,43.61028
-116.39133,43.61156
-116.39059,43.61122
-116.37276,43.64913
-116.36929,43.59072
-116.36481,43.59055
-116.3347,43.56172
-116.32946,33.72442
-116.32185,48.68406
-116.31614,43.59073
-116.31155,48.69606
-116.30503,43.5909
-116.29581,43.6547
-116.25336,43.58911
-116.25284,46.47829
-116.23916,43.62111
-116.22236,34.13466
-116.22038,43.56752
-116.21321,43.59925
-116.21187,43.61911
-116.21102,43.6256
-116.20718,43.61702
-116.20666,43.61742
-116.20648,43.61694
-116.20645,43.61124
-116.20632,43.61339
-116.20554,43.61304
-116.20551,43.61696
-116.20501,43.61797
-116.20447,43.61319
-116.20431,43.61464
-116.20351,43.62979
-116.2035,43.61723
-116.20129,43.61589
-116.20126,43.61579
-116.20119,43.61603
-116.20078,43.614
-116.19327,43.59179
-116.16562,36.49087
-116.13396,33.13693
-116.10689,40.71282
-116.10206,43.77138
-116.09864,44.904
-116.09698,44.90881
-116.05797,34.23417
-116.05125,36.26441
-115.9931,36.14974
-115.98983,36.19407
-115.9763,36.2031
-115.96099,39.51335
-115.925,47.47231
-115.92413,47.47174
-115.92412,47.47338
-115.92376,47.47256
-115.9235,47.47172
-115.92318,47.47148
-115.83325,43.82727
-115.78196,47.99569
-115.76132,40.83206
-115.75964,40.83083
-115.67602,40.78773
-115.55703,44.075
-115.50892,36.02049
-115.49898,32.67075
-115.49462,32.66269
-115.49451,32.66268
-115.49442,32.66267
-115.49426,32.6627
-115.49387,32.66418
-115.47255,33.25407
-115.45313,32.64768
-115.4531,32.64569
-115.45281,32.64598
-115.45222,32.64468
-115.43047,41.87548
-115.34067,47.59289
-115.33398,36.15617
-115.33352,36.15651
-115.33314,36.15116
-115.33305,36.15696
-115.3324,36.15613
-115.32825,36.2216
-115.31485,36.12739
-115.31456,36.12127
-115.31366,36.15729
-115.30579,36.0848
-115.29838,36.14759
-115.2973,36.08364
-115.29499,36.1454
-115.2886,36.28583
-115.28592,36.27772
-115.28501,36.28017
-115.28257,36.06404
-115.27886,36.0714
-115.27876,36.04102
-115.27822,36.06336
-115.27758,36.0644
-115.26933,36.05622
-115.25122,36.21578
-115.25006,36.2113
-115.24317,36.07088
-115.23596,36.24252
-115.23522,36.05659
-115.22339,36.06303
-115.22145,36.14298
-115.22141,36.14271
-115.20943,36.12646
-115.20739,36.12369
-115.20262,36.12658
-115.19855,36.03816
-115.19759,36.14398
-115.19463,36.11429
-115.19229,36.12612
-115.1834,36.09956
-115.17813,36.1188
-115.17712,36.0928
-115.17655,36.1099
-115.17636,36.09521
-115.17601,36.09351
-115.17592,36.09407
-115.17581,36.09546
-115.17572,36.01083
-115.17566,36.10446
-115.17557,36.09909
-115.17556,36.11801
-115.17529,36.09582
-115.1752,36.09531
-115.17515,36.10168
-115.1751,36.11781
-115.17503,36.10963
-115.17497,36.11591
-115.17459,36.08938
-115.17458,36.102
-115.17446,36.10506
-115.17414,36.10165
-115.1739,36.10969
-115.17364,36.10211
-115.17345,36.11024
-115.17317,36.02772
-115.17251,36.1047
-115.17224,36.10873
-115.17224,36.11901
-115.17202,36.11801
-115.17196,36.11908
-115.1719,36.11757
-115.17184,36.13435
-115.17182,36.11874
-115.17173,36.11736
-115.17081,36.11
-115.17037,36.11772
-115.17034,36.12214
-115.1703,36.12274
-115.17012,36.11405
-115.17012,36.11773
-115.1697,36.11629
-115.16966,35.96535
-115.16956,36.12234
-115.16953,36.12242
-115.16952,36.11678
-115.16938,36.11381
-115.16905,36.10257
-115.16903,36.12143
-115.16854,36.12193
-115.16782,36.09984
-115.16679,36.12637
-115.16428,36.12812
-115.16352,36.11323
-115.15656,36.14699
-115.15604,36.14619
-115.1555,36.14803
-115.15506,36.15528
-115.15497,36.14485
-115.15437,36.00084
-115.1535,36.15658
-115.15349,36.15672
-115.15255,36.1591
-115.15123,36.1093
-115.15104,36.10874
-115.15103,36.10869
-115.15093,36.08295
-115.14902,36.08359
-115.14791,36.08219
-115.14694,36.14364
-115.14644,36.08047
-115.14587,36.17139
-115.14564,36.17149
-115.14516,36.17239
-115.14509,36.1214
-115.14123,36.1722
-115.14109,36.16974
-115.14104,36.16919
-115.14094,36.16952
-115.14067,36.16893
-115.14052,36.17017
-115.14006,36.16882
-115.13997,36.16879
-115.13988,36.08049
-115.13966,36.16896
-115.13952,36.10033
-115.13948,36.10043
-115.13945,36.08095
-115.139,36.10016
-115.1387,36.08183
-115.13753,36.08599
-115.13682,36.11359
-115.13649,36.08145
-115.13611,36.10304
-115.13573,36.08064
-115.13545,36.03455
-115.13309,36.28397
-115.13306,36.16555
-115.13258,35.94061
-115.12149,36.10172
-115.11929,36.09767
-115.1173,35.94324
-115.11699,36.02025
-115.11639,36.0566
-115.1088,36.12942
-115.10384,35.9988
-115.10074,47.29827
-115.09132,36.12911
-115.09101,36.02124
-115.09099,36.1149
-115.0898,36.11574
-115.08646,36.02168
-115.0864,36.02117
-115.08007,36.06972
-115.07454,36.101
-115.07272,36.07575
-115.07173,32.55164
-115.06738,36.1374
-115.06718,32.34357
-115.06589,36.13351
-115.06498,36.128
-115.06471,36.12136
-115.06407,36.1594
-115.0629,36.14498
-115.06186,36.18178
-115.06162,36.17849
-115.05349,36.10234
-115.05188,36.06416
-115.05093,36.02691
-115.04027,36.04132
-115.02993,36.04102
-115.01912,36.05277
-115.01853,36.05394
-114.98415,36.03405
-114.98358,36.03194
-114.98316,36.03223
-114.98219,36.03219
-114.98207,36.03145
-114.95829,36.01478
-114.93782,44.2164
-114.93263,44.21715
-114.90155,31.11893
-114.89863,31.11485
-114.89324,39.24814
-114.89213,39.2483
-114.89033,39.24828
-114.89022,39.2483
-114.79225,43.34603
-114.77479,32.48075
-114.76418,32.47119
-114.76125,42.60032
-114.76037,42.59926
-114.73237,32.45184
-114.73017,32.71683
-114.66838,41.99155
-114.65137,32.60635
-114.64883,48.09901
-114.6352,35.0951
-114.6313,35.09385
-114.62602,35.13104
-114.62483,35.10014
-114.62167,35.14027
-114.62064,34.84835
-114.62029,35.10842
-114.6174,35.13495
-114.60645,34.83971
-114.57666,35.14383
-114.57634,35.14502
-114.57625,35.14429
-114.5762,35.14491
-114.57614,35.14507
-114.57609,35.15795
-114.57577,35.15789
-114.57548,35.15788
-114.57538,35.16251
-114.57515,35.15779
-114.57514,42.35164
-114.57509,35.15508
-114.57326,35.1544
-114.57295,35.1682
-114.57287,35.15467
-114.57269,35.15543
-114.57258,35.15438
-114.57243,35.15522
-114.57205,35.16807
-114.57197,35.1637
-114.57175,35.16399
-114.57168,35.16136
-114.57157,35.1675
-114.57145,35.16066
-114.57139,35.16009
-114.57139,35.16058
-114.57135,35.16344
-114.57131,35.16668
-114.57102,35.16747
-114.57096,35.1679
-114.57082,35.16795
-114.57068,35.16755
-114.56828,35.14969
-114.55111,48.51618
-114.47614,42.56056
-114.47369,42.55879
-114.47353,42.59697
-114.46812,42.55614
-114.45465,42.54814
-114.45465,42.5488
-114.45262,37.92903
-114.45238,37.92888
-114.45162,42.54889
-114.44352,36.53845
-114.44349,36.53984
-114.40785,42.93664
-114.4075,42.93654
-114.40463,34.49053
-114.38415,35.02666
-114.3834,35.0263
-114.36753,43.67064
-114.3667,34.53824
-114.36409,43.68035
-114.35486,48.48481
-114.34874,34.45928
-114.34094,34.46858
-114.33692,48.41087
-114.33692,48.41097
-114.33658,48.41077
-114.33657,48.41107
-114.33655,48.4119
-114.33293,48.23753
-114.32863,34.47523
-114.31541,48.20042
-114.3147,48.20163
-114.31465,48.19773
-114.3144,48.19493
-114.31358,48.19747
-114.31254,48.19454
-114.31191,48.1992
-114.31182,48.19642
-114.30018,48.17801
-114.29846,48.20037
-114.26955,48.21748
-114.26071,43.46467
-114.2358,44.50477
-114.23563,44.50513
-114.21087,32.6285
-114.20957,42.6058
-114.19382,41.26195
-114.18134,48.37285
-114.1561,46.24644
-114.15608,46.2469
-114.15574,46.24572
-114.15431,46.24724
-114.14574,46.41557
-114.12578,47.68994
-114.1158,46.31397
-114.09355,46.51076
-114.09353,46.51083
-114.08334,47.16017
-114.03782,46.90436
-114.02213,46.86732
-114.02018,46.87254
-114.01518,46.85399
-114.00389,46.87775
-113.99873,46.86558
-113.9973,46.87099
-113.99626,46.87115
-113.99622,46.87033
-113.99614,46.87201
-113.99611,46.87026
-113.99597,46.87225
-113.99585,46.87136
-113.99554,46.8721
-113.99515,46.87227
-113.99504,46.87665
-113.99473,46.8701
-113.9931,46.87545
-113.9928,46.86943
-113.99279,46.87365
-113.99252,46.8707
-113.90661,49.05156
-113.8971,45.17585
-113.89326,45.17519
-113.89284,45.17488
-113.89261,45.17537
-113.82796,46.83709
-113.82472,46.83525
-113.66767,42.79368
-113.6526,33.76033
-113.61346,43.91422
-113.58426,37.11028
-113.58371,37.10974
-113.58301,37.11066
-113.5655,37.10919
-113.55163,31.30264
-113.55045,31.31765
-113.54634,31.3175
-113.5432,31.32608
-113.50065,47.19556
-113.44889,45.61757
-113.43416,46.91699
-113.35705,44.67968
-113.30585,43.62894
-113.29456,46.33241
-113.24143,43.60978
-113.14471,46.66679
-113.06397,37.66754
-113.01377,48.55639
-113.0114,38.39379
-113.00161,37.18628
-112.95446,45.79221
-112.95295,46.12876
-112.95211,46.12898
-112.94858,46.1299
-112.9469,46.12841
-112.94185,46.12727
-112.94081,46.12864
-112.93533,44.18616
-112.85576,45.77734
-112.85328,42.78371
-112.85232,31.86363
-112.74883,45.75101
-112.68484,46.95532
-112.68387,45.62963
-112.68198,46.95539
-112.63949,45.21581
-112.61227,46.00831
-112.59112,44.63547
-112.53962,45.99787
-112.53942,45.99048
-112.53901,46.01213
-112.53613,46.01424
-112.53586,46.01259
-112.53548,46.01402
-112.53517,46.00726
-112.5333,46.01381
-112.52935,46.01163
-112.5257,46.0126
-112.47174,34.54443
-112.46082,42.90745
-112.45707,34.60361
-112.45235,42.8638
-112.45165,42.86315
-112.45126,42.86323
-112.45036,42.86248
-112.44894,42.86083
-112.4472,34.55078
-112.44319,42.85974
-112.42964,46.56051
-112.42143,33.43541
-112.38737,33.63922
-112.36537,33.48419
-112.36343,33.48755
-112.36192,33.98278
-112.35885,33.63675
-112.35836,33.49366
-112.35776,33.44659
-112.35698,33.53662
-112.35218,43.18416
-112.34236,33.50893
-112.33955,48.64057
-112.33907,34.20612
-112.33063,45.54428
-112.32112,33.74188
-112.31913,48.63008
-112.30551,33.4525
-112.30498,33.4537
-112.28756,33.49425
-112.27438,33.71228
-112.26599,33.50767
-112.26562,33.57996
-112.262,33.53334
-112.26174,33.53348
-112.26157,33.54804
-112.26147,33.53359
-112.26109,33.53368
-112.26079,33.53353
-112.26064,33.5342
-112.25514,48.30842
-112.24908,42.79245
-112.23397,34.2779
-112.23394,33.65331
-112.21962,33.53904
-112.20489,33.56799
-112.20377,33.58388
-112.20277,33.52261
-112.1914,35.25194
-112.19041,47.82215
-112.19021,33.6391
-112.18958,35.24995
-112.18835,35.25093
-112.18812,35.25075
-112.18503,47.81266
-112.18481,43.3042
-112.13877,33.67849
-112.13405,33.5523
-112.13277,33.58069
-112.12016,43.39103
-112.11976,36.05439
-112.11937,46.237
-112.11907,46.23771
-112.11714,33.538
-112.11654,33.50817
-112.11648,34.75056
-112.11622,34.75114
-112.11603,34.75097
-112.11356,33.71529
-112.10784,40.71079
-112.10751,40.71084
-112.10596,40.71082
-112.10076,45.87001
-112.09919,33.59324
-112.09798,33.64165
-112.09752,45.86973
-112.097,33.67533
-112.09687,32.9837
-112.0868,46.60371
-112.08661,33.45526
-112.08537,33.0796
-112.08292,33.46534
-112.08287,33.49869
-112.08227,33.49982
-112.08226,33.45636
-112.08012,33.50962
-112.07969,33.45099
-112.07868,33.45118
-112.07572,33.50975
-112.07532,33.4833
-112.07503,33.4833
-112.0749,33.44751
-112.07482,33.44989
-112.07472,33.44774
-112.07466,33.45781
-112.07447,33.44753
-112.07438,33.4474
-112.07436,33.45053
-112.07427,33.50715
-112.07413,33.46015
-112.07412,33.45594
-112.07411,33.51309
-112.0741,33.51348
-112.07407,33.45
-112.07407,33.46345
-112.07403,33.49778
-112.07401,33.44697
-112.07371,33.44754
-112.07361,33.44233
-112.07358,33.56107
-112.07357,33.44972
-112.07357,33.56387
-112.07334,33.44996
-112.07303,33.44951
-112.07296,33.44736
-112.0728,33.44754
-112.07275,33.44732
-112.07274,33.44748
-112.0722,33.44867
-112.07217,33.45791
-112.07214,33.44964
-112.07213,33.45886
-112.0721,33.51072
-112.07205,33.45791
-112.07176,33.5106
-112.07162,33.44963
-112.07148,33.44859
-112.07101,33.4479
-112.07101,33.45689
-112.07093,33.45795
-112.07041,33.45882
-112.07037,33.45167
-112.07035,33.45881
-112.07013,33.46024
-112.06983,33.45744
-112.0697,33.44616
-112.06963,47.00621
-112.06909,33.45896
-112.06638,33.56792
-112.06536,33.4904
-112.06498,33.45727
-112.06496,33.55982
-112.06491,33.54013
-112.06468,33.52561
-112.06464,33.52623
-112.06413,33.51853
-112.05806,34.7714
-112.05665,33.54066
-112.05658,33.50596
-112.05657,33.53003
-112.05541,33.55271
-112.05055,43.48455
-112.04944,43.50219
-112.04818,33.5318
-112.04816,33.46593
-112.04797,33.50801
-112.04776,33.50517
-112.04673,33.52313
-112.04651,43.49471
-112.04451,33.46592
-112.0436,43.47937
-112.04171,46.58629
-112.04144,43.48819
-112.04119,43.49297
-112.03989,46.58624
-112.03968,43.48868
-112.03901,43.49358
-112.03898,43.49356
-112.03895,46.5884
-112.03891,46.5877
-112.03891,46.58851
-112.03766,46.59066
-112.03758,46.5908
-112.03714,33.50521
-112.03679,46.58887
-112.03481,33.49514
-112.02761,40.77595
-112.027,33.52267
-112.02564,41.11107
-112.02524,33.64012
-112.02509,41.22742
-112.02432,40.7145
-112.02203,40.50842
-112.02172,41.17091
-112.02166,46.60029
-112.01538,33.65542
-112.01453,46.59968
-112.01407,33.59515
-112.01377,33.60967
-112.01342,40.52802
-112.0116,33.3789
-112.01125,42.61865
-112.01022,41.22977
-112.00947,33.43524
-112.00933,34.73262
-112.00896,33.43733
-112.00857,33.43441
-112.00854,42.61874
-112.00344,33.49544
-112.00333,33.49467
-112.00304,33.49547
-112.00244,40.54661
-112.00195,46.58966
-112.00081,33.4957
-112.00014,33.48077
-111.99855,33.61112
-111.99525,33.30319
-111.99333,33.48053
-111.9933,33.30569
-111.98937,33.49462
-111.98632,33.47371
-111.98619,33.44854
-111.98387,43.47134
-111.98342,33.3484
-111.98298,47.61479
-111.98272,40.78933
-111.98069,41.08411
-111.98023,33.63862
-111.9795,33.58406
-111.97882,40.62015
-111.97837,33.62414
-111.97787,33.49437
-111.97589,41.22055
-111.97579,33.3217
-111.97576,33.49496
-111.97473,41.22088
-111.97453,41.22054
-111.97412,41.22086
-111.97348,41.22412
-111.9731,41.22203
-111.97281,41.09954
-111.97266,33.67648
-111.97208,33.68422
-111.97151,41.19723
-111.9708,33.42029
-111.97023,41.21901
-111.97019,41.21948
-111.97008,41.21945
-111.96688,40.72545
-111.96672,48.74435
-111.96569,48.74559
-111.96508,33.40719
-111.96485,33.67593
-111.96311,33.67566
-111.95402,40.73275
-111.9496,48.16547
-111.94843,33.40757
-111.94515,33.50239
-111.94513,33.46162
-111.94488,33.42141
-111.94481,33.47348
-111.94464,33.31872
-111.94369,33.42164
-111.94303,33.3915
-111.94266,33.42065
-111.94151,33.42332
-111.94105,33.42569
-111.94059,33.42421
-111.94052,33.62503
-111.94042,40.64959
-111.94026,40.62263
-111.94014,33.42379
-111.94013,33.37744
-111.93984,33.42414
-111.93983,33.42636
-111.93982,33.42637
-111.93981,33.42527
-111.9398,33.42622
-111.93977,33.42534
-111.93973,33.42424
-111.93942,40.69923
-111.93878,33.42294
-111.93855,33.39351
-111.93855,33.39467
-111.93796,33.42223
-111.9302,33.49665
-111.92915,33.82915
-111.92886,33.31932
-111.9281,33.638
-111.92779,33.49937
-111.92756,33.49695
-111.92743,33.49924
-111.92719,33.4993
-111.92718,33.61531
-111.92682,33.49852
-111.92638,33.32047
-111.92614,33.61451
-111.92601,33.45339
-111.92585,33.31946
-111.92581,33.49916
-111.92566,33.46266
-111.92561,33.46446
-111.92557,33.5811
-111.92549,33.49423
-111.92502,33.50877
-111.92492,33.49297
-111.9247,33.69808
-111.92421,33.82733
-111.92417,33.58185
-111.92413,33.49936
-111.92378,33.49481
-111.92343,33.49973
-111.9233,33.49975
-111.92282,33.46629
-111.92238,33.50124
-111.92236,33.50162
-111.92158,33.50194
-111.91826,33.50143
-111.91648,33.46511
-111.91313,40.6224
-111.91237,33.35057
-111.91031,33.32139
-111.90843,33.45776
-111.90815,33.31962
-111.90737,33.37727
-111.90723,46.71217
-111.90714,33.40674
-111.90708,40.75388
-111.90639,33.37802
-111.90618,40.77997
-111.90455,33.42253
-111.90382,40.76907
-111.90378,40.76591
-111.90367,40.76981
-111.9032,40.78283
-111.90308,40.76909
-111.90296,40.76929
-111.90287,40.77877
-111.90286,40.76587
-111.90174,40.74322
-111.90173,40.74663
-111.90151,33.43332
-111.90144,40.76475
-111.90123,40.7569
-111.90093,40.76521
-111.90089,40.75812
-111.90085,40.72506
-111.90082,40.75789
-111.90049,40.75219
-111.90015,33.46651
-111.90003,40.76639
-111.8994,40.76627
-111.89926,40.73261
-111.89853,40.74953
-111.89711,40.76366
-111.89649,40.74998
-111.89603,40.7648
-111.89589,40.74952
-111.89588,40.7648
-111.89582,40.74954
-111.89565,40.74929
-111.89548,33.35493
-111.89437,40.76046
-111.89434,40.76525
-111.89427,40.76319
-111.89372,40.7228
-111.89353,33.62786
-111.89343,40.76691
-111.89335,33.62876
-111.89311,40.76693
-111.89283,40.76777
-111.89271,40.76471
-111.89206,40.61969
-111.8918,40.55796
-111.89168,40.66722
-111.89165,40.68454
-111.89159,40.76187
-111.89146,40.73329
-111.89143,40.74886
-111.89142,40.76366
-111.89139,40.7332
-111.89139,40.76565
-111.89137,40.75025
-111.89136,40.76638
-111.89134,40.57568
-111.89116,40.66718
-111.89084,40.76103
-111.89083,40.76234
-111.89081,40.76207
-111.89078,40.76181
-111.89074,33.36314
-111.89069,40.76085
-111.89067,40.75055
-111.89064,40.72126
-111.89059,33.28764
-111.89046,40.76526
-111.89039,33.56927
-111.89039,40.76086
-111.89019,40.76699
-111.89017,40.76108
-111.89013,40.75601
-111.88987,40.76089
-111.88986,40.76261
-111.88969,40.75789
-111.88945,40.75003
-111.88942,40.76123
-111.88942,40.76128
-111.88933,40.7638
-111.88876,40.76156
-111.88861,40.76253
-111.88859,40.69407
-111.88855,40.7371
-111.88855,40.76188
-111.88854,40.76172
-111.88853,40.76103
-111.88853,40.76114
-111.88853,40.76121
-111.88803,40.66544
-111.8879,40.75514
-111.88789,40.75588
-111.88786,40.74921
-111.88784,40.75117
-111.88782,40.74901
-111.88735,33.40838
-111.8872,40.50046
-111.88698,40.63867
-111.88688,40.52643
-111.88642,40.76406
-111.88632,40.76523
-111.88602,40.76522
-111.88387,33.26113
-111.88322,33.58387
-111.88284,40.76317
-111.88219,40.7685
-111.88126,33.55305
-111.87936,33.36486
-111.87856,40.74956
-111.87706,40.76303
-111.87631,40.76375
-111.87624,33.55491
-111.87487,33.4228
-111.87359,33.36355
-111.87073,40.75904
-111.8696,33.41407
-111.86825,33.54069
-111.86704,40.72561
-111.86658,40.74951
-111.86613,40.72613
-111.86588,40.66761
-111.86555,33.38948
-111.86379,40.40818
-111.86274,33.32006
-111.86174,33.26149
-111.86092,40.72516
-111.86055,40.72592
-111.86053,40.72566
-111.86052,33.32022
-111.86018,33.27462
-111.85984,40.72506
-111.85965,33.36601
-111.85936,40.73626
-111.85919,40.72433
-111.85909,40.72433
-111.85761,33.35013
-111.85755,33.36385
-111.85684,33.39185
-111.85533,48.50664
-111.85477,34.56481
-111.85398,40.70169
-111.85382,33.7274
-111.85345,33.39356
-111.84824,40.73693
-111.84536,40.68605
-111.84321,33.302
-111.84315,33.33591
-111.84278,33.30424
-111.84267,33.30323
-111.84261,33.37939
-111.84242,33.30011
-111.84232,33.3027
-111.84231,33.30323
-111.8423,33.30044
-111.8421,33.39409
-111.84202,33.29947
-111.84189,33.30202
-111.84175,33.3112
-111.84112,33.36298
-111.84,33.30046
-111.83963,33.43646
-111.83955,33.42681
-111.83719,33.41532
-111.83572,41.73169
-111.83536,41.7296
-111.83535,40.63882
-111.83456,41.73493
-111.83429,46.67858
-111.83396,41.73424
-111.83337,33.41562
-111.83303,33.37774
-111.83212,33.41531
-111.83089,40.75901
-111.8261,40.73872
-111.8237,33.33637
-111.80573,40.63249
-111.80469,40.63464
-111.80275,33.38487
-111.79882,40.37775
-111.79237,40.57543
-111.78999,33.35512
-111.78998,40.61825
-111.78947,33.35382
-111.78918,33.40879
-111.78749,33.40575
-111.787,33.37761
-111.77431,33.40721
-111.77341,33.29346
-111.76526,34.77551
-111.76409,34.78044
-111.75868,33.3053
-111.75855,33.30742
-111.75848,33.30751
-111.7567,33.38384
-111.75622,33.30492
-111.75049,33.41516
-111.74316,33.38335
-111.7422,33.30951
-111.74052,40.36408
-111.73883,33.33537
-111.73645,40.30742
-111.73254,40.0439
-111.72839,32.87728
-111.72008,33.36639
-111.70452,33.22734
-111.70189,33.4722
-111.68761,33.3331
-111.68522,33.32083
-111.6851,33.28526
-111.68282,33.4675
-111.68238,33.45095
-111.67922,45.20303
-111.66872,33.3075
-111.66675,33.38042
-111.66653,40.23398
-111.65654,40.58113
-111.64936,35.19484
-111.64914,35.19873
-111.64913,35.19529
-111.64903,35.19847
-111.649,35.1983
-111.64878,35.19755
-111.64843,35.19745
-111.64839,35.19897
-111.6472,35.19816
-111.64686,35.19744
-111.63431,33.32013
-111.63395,33.3196
-111.63319,33.24847
-111.59768,40.62338
-111.59236,40.61861
-111.59205,40.61896
-111.56754,33.41468
-111.55889,33.20312
-111.55581,40.68472
-111.55291,33.41347
-111.55269,45.89573
-111.55211,45.89261
-111.55056,33.41578
-111.54926,33.42271
-111.54647,31.49783
-111.53986,33.13791
-111.53918,40.72045
-111.52132,46.31943
-111.50821,40.65992
-111.50802,40.65245
-111.50679,40.65119
-111.50639,47.55064
-111.504,40.66118
-111.49744,40.64614
-111.49728,40.64718
-111.49605,40.64435
-111.49603,40.6436
-111.49576,40.64378
-111.49474,40.64198
-111.49472,40.64133
-111.48908,40.52538
-111.45965,36.91967
-111.45627,33.3516
-111.45242,34.38157
-111.4362,38.29975
-111.41393,40.51447
-111.41375,40.5096
-111.3984,40.9156
-111.36824,45.25953
-111.33141,47.51654
-111.33089,31.5747
-111.32364,47.50934
-111.32222,47.51096
-111.32024,32.37911
-111.31284,45.25954
-111.31264,45.25909
-111.30998,45.26027
-111.3097,47.52622
-111.30922,32.42777
-111.30779,47.52343
-111.30533,47.50554
-111.30482,47.50402
-111.3004,47.50487
-111.30019,47.50511
-111.29869,47.49217
-111.29821,47.50508
-111.29534,47.49292
-111.29523,47.50447
-111.29494,47.50547
-111.29493,47.50663
-111.29268,47.49198
-111.28267,47.51593
-111.27904,47.49331
-111.27521,47.49378
-111.26576,47.49247
-111.26534,47.49377
-111.25383,47.49347
-111.18493,45.67156
-111.18452,45.76103
-111.18343,45.77375
-111.16231,45.77938
-111.16042,43.81466
-111.10209,43.59254
-111.05413,45.66315
-111.04468,45.68777
-111.03914,45.67947
-111.03858,45.67947
-111.0355,45.67947
-111.03495,45.67947
-111.03468,45.69306
-111.03458,45.69292
-111.03371,45.6795
-111.03265,45.6795
-111.03241,45.67951
-111.0323,45.68057
-111.03224,45.67956
-111.03224,45.67962
-111.02759,32.13336
-111.01879,43.16237
-111.01655,43.16459
-111.00209,42.91941
-110.98459,32.218
-110.97671,32.33863
-110.97534,32.31722
-110.97486,32.35521
-110.97408,32.22421
-110.97218,32.24398
-110.96997,32.21871
-110.96997,32.22214
-110.9688,32.22666
-110.96852,32.22757
-110.96723,32.22198
-110.96657,32.22238
-110.96651,32.22231
-110.96618,32.22199
-110.96605,32.22549
-110.96573,32.22199
-110.96567,32.2249
-110.96547,32.22712
-110.96545,32.22871
-110.96544,32.22929
-110.96539,32.22628
-110.96538,32.22592
-110.95732,32.23187
-110.95529,48.51443
-110.94946,32.46418
-110.94784,32.4626
-110.94565,31.32992
-110.94561,31.33178
-110.94338,32.23572
-110.94329,32.285
-110.94302,32.28549
-110.93956,32.12111
-110.93387,42.72368
-110.93372,32.22188
-110.91355,32.26589
-110.90636,33.06013
-110.90305,46.54834
-110.90236,46.54832
-110.90096,46.54794
-110.89311,32.31019
-110.89077,32.30897
-110.87717,43.49834
-110.85484,39.68465
-110.82965,44.45672
-110.8272,43.58911
-110.77157,31.96596
-110.76526,40.40367
-110.76253,43.47988
-110.7622,43.48045
-110.76206,43.47939
-110.75322,31.5397
-110.7002,46.83801
-110.61145,43.84335
-110.58938,31.66152
-110.57655,45.6343
-110.5614,45.66119
-110.5609,45.66077
-110.56022,45.6618
-110.55718,45.66419
-110.52667,34.39176
-110.25459,31.53344
-110.25431,31.53617
-110.15832,34.90727
-110.10942,42.53816
-110.07336,46.42501
-110.06586,31.71241
-109.9637,44.50237
-109.95511,45.8353
-109.95497,45.83432
-109.94871,31.33505
-109.93179,45.01999
-109.9298,31.39723
-109.91409,31.44323
-109.91404,31.44297
-109.91355,31.44293
-109.89869,40.30243
-109.86767,37.15127
-109.86278,42.86647
-109.86275,42.86684
-109.862,42.86642
-109.83334,32.25164
-109.67883,48.55344
-109.67785,48.55408
-109.67751,48.55376
-109.67713,48.55372
-109.6769,48.55371
-109.66898,48.55218
-109.6583,48.55751
-109.63158,43.53352
-109.56209,33.94068
-109.55168,38.57695
-109.55036,38.57427
-109.52512,38.5573
-109.51368,40.45616
-109.50309,40.4557
-109.46781,41.52822
-109.46746,41.52802
-109.46726,41.52793
-109.4668,41.52763
-109.4426,45.52048
-109.44229,45.52045
-109.43833,42.05042
-109.42499,47.06634
-109.36082,34.5041
-109.32741,33.05017
-109.29791,33.05621
-109.24714,45.18521
-109.24714,45.18562
-109.24682,45.18732
-109.2468,45.18476
-109.2468,45.18507
-109.2377,34.90288
-109.23245,48.59466
-109.20665,41.59856
-109.16878,45.35908
-109.16715,45.35903
-109.00923,45.14281
-108.97067,45.48497
-108.91647,45.63131
-108.88269,33.31569
-108.81081,35.50857
-108.78083,45.66805
-108.77198,45.66582
-108.77037,45.66967
-108.76419,45.67132
-108.74728,45.67532
-108.7404,35.51693
-108.72743,42.83264
-108.72425,35.52986
-108.70003,35.52889
-108.62411,45.75459
-108.62038,45.75143
-108.6139,45.78445
-108.59277,39.09226
-108.58533,37.35002
-108.5835,45.78376
-108.57917,45.7702
-108.57725,45.74771
-108.57153,45.74035
-108.56912,39.06596
-108.56882,45.78433
-108.56632,39.06619
-108.56445,45.75583
-108.56184,39.07795
-108.56102,45.78376
-108.56052,39.06973
-108.55651,45.78686
-108.55542,45.77734
-108.55445,45.76998
-108.55387,39.0805
-108.55272,45.77731
-108.54394,39.10854
-108.5423,46.44118
-108.54167,46.44215
-108.54026,45.77692
-108.53984,45.77679
-108.53693,45.80423
-108.53112,45.76656
-108.50859,45.78058
-108.50813,45.78057
-108.50738,45.78348
-108.50641,45.78252
-108.50597,45.78256
-108.50572,45.78228
-108.50086,45.78338
-108.50029,45.78365
-108.49966,45.78355
-108.49443,45.78787
-108.47379,39.03636
-108.46541,39.04098
-108.46501,45.81314
-108.46084,45.79641
-108.45855,39.03719
-108.44845,39.04534
-108.43102,39.09121
-108.40434,39.07213
-108.39506,39.07456
-108.39451,39.08515
-108.39014,39.10783
-108.39006,39.10397
-108.38817,39.09197
-108.38475,39.10464
-108.36542,39.10673
-108.36449,39.11764
-108.36064,39.11445
-108.35098,45.90262
-108.35081,39.11068
-108.34654,45.94384
-108.3268,38.96531
-108.28998,37.34505
-108.28896,37.34455
-108.27658,32.77288
-108.25848,32.78669
-108.21252,43.64131
-108.15071,39.06942
-108.05471,44.48909
-108.05369,44.48868
-108.05146,35.36711
-108.03625,38.60657
-107.99752,38.60608
-107.94958,38.88942
-107.94672,43.97106
-107.93047,38.88765
-107.92879,38.90006
-107.926,38.90058
-107.92494,38.89853
-107.91513,38.91324
-107.91244,40.03731
-107.90599,40.03796
-107.9023,38.93049
-107.89957,38.50084
-107.88169,37.27099
-107.88164,37.27115
-107.88147,37.27168
-107.88072,37.27398
-107.88029,37.27584
-107.87758,38.47906
-107.87685,37.27996
-107.87682,37.27996
-107.87368,48.35962
-107.87241,48.35953
-107.86919,38.84287
-107.85289,38.84104
-107.81074,37.93687
-107.78018,38.83707
-107.67171,38.0243
-107.67126,38.02291
-107.67126,38.02298
-107.67126,38.02312
-107.67123,38.02421
-107.67118,38.02665
-107.67116,38.02661
-107.6501,31.846
-107.63438,31.83123
-107.63344,37.11441
-107.62675,31.77863
-107.62638,31.7787
-107.59716,38.86558
-107.5533,46.12954
-107.53348,39.57164
-107.5333,39.57133
-107.52714,35.07277
-107.44932,44.03422
-107.38913,35.17411
-107.34348,48.45657
-107.32502,39.54583
-107.32305,39.5476
-107.31978,39.51579
-107.25469,33.12838
-107.25059,33.14139
-107.24961,33.13864
-107.22375,39.41084
-107.21311,39.40067
-107.21138,39.40063
-107.21079,39.40041
-107.20801,39.40033
-107.08529,48.39393
-107.08072,39.37406
-107.07503,37.25756
-107.03883,39.64524
-107.00475,37.26865
-107.00391,37.26876
-106.98788,38.8699
-106.98732,38.86965
-106.98707,38.86962
-106.98689,38.8696
-106.98681,38.86989
-106.96596,38.89942
-106.96544,38.89983
-106.95614,44.79843
-106.95601,44.80058
-106.95599,44.82145
-106.95597,44.82263
-106.95561,44.79879
-106.95364,44.80297
-106.92713,38.54481
-106.92667,38.54513
-106.89255,34.05725
-106.85843,28.41062
-106.8396,39.65289
-106.83883,32.30686
-106.83253,40.48511
-106.83072,39.64141
-106.82864,39.65543
-106.82048,39.18984
-106.82044,39.18901
-106.82044,39.18989
-106.82042,39.18907
-106.82019,39.19028
-106.81843,39.189
-106.79521,32.27392
-106.77902,32.31054
-106.77894,32.31031
-106.77887,32.31004
-106.77868,41.21702
-106.75727,32.31158
-106.75705,32.29501
-106.74524,35.07704
-106.70356,35.12168
-106.7025,35.12232
-106.69887,44.34645
-106.69834,35.21613
-106.69697,35.21218
-106.69009,35.7718
-106.68826,35.14626
-106.6772,35.09426
-106.67371,39.75041
-106.67027,35.09849
-106.66763,35.10135
-106.66731,35.10154
-106.66722,35.1014
-106.66718,35.10147
-106.6649,35.24265
-106.66416,35.10136
-106.66235,35.18769
-106.66055,35.242
-106.65805,35.24044
-106.65702,35.11053
-106.65533,35.08544
-106.65493,35.0838
-106.65493,35.08474
-106.65491,35.08483
-106.65482,35.08484
-106.65477,35.20396
-106.65367,35.20668
-106.65345,35.08495
-106.65307,35.08496
-106.65305,35.08513
-106.65271,35.08456
-106.65253,35.08455
-106.65208,35.08474
-106.65201,35.0834
-106.65197,35.08475
-106.65195,35.08446
-106.65141,35.0847
-106.65102,35.08435
-106.65003,35.08076
-106.64925,35.08514
-106.64919,35.0839
-106.6479,35.10227
-106.64561,35.09769
-106.64526,35.20287
-106.64044,35.14002
-106.63808,35.08242
-106.63001,35.08152
-106.62418,35.08084
-106.62246,35.05896
-106.62104,31.846
-106.61991,35.08347
-106.61516,35.2244
-106.6149,35.27697
-106.61413,35.11784
-106.60994,35.08099
-106.60899,35.08057
-106.60886,35.07995
-106.6085,35.08051
-106.60684,35.07938
-106.60624,35.08037
-106.60611,35.13388
-106.60544,35.07948
-106.59582,35.07852
-106.59568,35.07842
-106.59453,35.08671
-106.59255,39.64437
-106.59166,39.64393
-106.59155,39.64385
-106.58923,39.64855
-106.58578,35.12782
-106.57956,36.90274
-106.57896,36.90407
-106.57807,35.17606
-106.57489,35.32695
-106.57121,35.10409
-106.56994,35.13002
-106.56992,35.10013
-106.55055,35.3018
-106.55008,35.09569
-106.53905,35.0709
-106.53369,31.83258
-106.532,35.12952
-106.52682,35.14639
-106.52525,35.14711
-106.52417,39.63521
-106.51633,30.61487
-106.51618,30.61536
-106.51617,35.119
-106.51405,35.11498
-106.51291,30.6179
-106.50807,31.79119
-106.50581,31.782
-106.50326,31.77762
-106.50295,31.77611
-106.50295,31.77725
-106.5029,31.77728
-106.5028,31.77698
-106.50239,31.77727
-106.49934,35.09626
-106.49824,35.11637
-106.49715,35.07386
-106.49478,39.62862
-106.49207,31.76463
-106.49195,31.76471
-106.48928,31.75755
-106.4884,31.76194
-106.48825,31.76177
-106.48531,31.7585
-106.48511,31.75854
-106.48372,36.52963
-106.48038,31.76286
-106.48033,31.73933
-106.47671,31.76576
-106.46963,39.62055
-106.46741,39.61972
-106.44316,31.74138
-106.44103,31.65763
-106.43806,31.92196
-106.42536,31.77277
-106.4251,31.7135
-106.42115,31.87947
-106.41997,39.62943
-106.41667,38.40635
-106.41566,31.66514
-106.41383,31.71679
-106.40986,35.0767
-106.40832,31.71251
-106.40779,48.8578
-106.40083,31.62224
-106.39422,31.6301
-106.39413,40.05881
-106.39365,31.63127
-106.38875,39.64315
-106.38815,39.64392
-106.38255,39.6442
-106.37945,39.64306
-106.37783,39.643
-106.37764,39.64234
-106.37717,39.6427
-106.37546,39.6424
-106.37413,39.64049
-106.37406,39.63915
-106.37375,39.64103
-106.3737,39.6413
-106.37369,39.64119
-106.37349,39.64221
-106.37344,39.64031
-106.37323,39.63988
-106.37317,39.6401
-106.37288,39.64156
-106.36754,39.63935
-106.36612,42.84233
-106.36563,35.13059
-106.35309,31.79492
-106.33871,31.77181
-106.31967,31.75322
-106.31734,31.75305
-106.3025,31.74402
-106.29533,34.96863
-106.29134,39.2467
-106.29131,39.2493
-106.29112,39.2472
-106.2819,40.7307
-106.16913,38.53497
-106.15254,35.4054
-106.13699,38.08655
-106.13051,28.65075
-106.12961,38.84249
-106.12864,38.84311
-106.12773,28.66666
-106.12473,35.43696
-106.1204,28.62995
-106.11912,38.8412
-106.11848,31.68241
-106.10816,37.7526
-106.10815,39.57557
-106.1054,28.65172
-106.09893,39.58926
-106.0967,39.57628
-106.09414,39.57612
-106.09403,39.48208
-106.09268,39.57628
-106.082,28.63332
-106.08071,35.99006
-106.07903,28.63381
-106.07894,28.63384
-106.07738,38.51617
-106.07451,28.63616
-106.07436,28.64174
-106.07383,28.63284
-106.07376,28.62971
-106.07351,28.62849
-106.07326,28.64145
-106.07245,28.62814
-106.07169,28.63572
-106.06704,39.48082
-106.06702,28.64966
-106.06505,28.61213
-106.0639,35.98833
-106.0534,39.51479
-106.05124,35.59658
-106.04734,39.48132
-106.04651,39.48077
-106.04643,39.6281
-106.0464,39.48469
-106.04632,39.48269
-106.0463,39.48274
-106.04592,39.48101
-106.04591,39.48153
-106.04539,39.48237
-106.0444,39.4769
-106.04432,39.47667
-106.04379,39.47614
-106.04329,35.59609
-106.0317,39.47314
-106.02918,38.52202
-106.02061,38.54896
-105.99647,35.65461
-105.99615,35.65588
-105.99387,35.66536
-105.99266,39.22034
-105.99253,38.53693
-105.99252,38.53685
-105.99093,38.53695
-105.98438,35.63942
-105.97376,35.6641
-105.95282,35.67731
-105.95029,35.67913
-105.94901,35.68312
-105.94894,35.68341
-105.94887,35.67987
-105.9451,35.68343
-105.94338,39.60763
-105.94317,35.68846
-105.94297,35.68855
-105.9407,35.68745
-105.94059,35.68728
-105.94058,35.68689
-105.94041,35.68848
-105.94035,35.68739
-105.93993,35.68635
-105.93953,35.68672
-105.93836,35.68307
-105.93805,35.68627
-105.93715,35.68825
-105.93684,35.68924
-105.93475,35.6865
-105.93356,35.68473
-105.9222,35.79987
-105.88,35.48085
-105.87669,37.46845
-105.87171,39.6421
-105.86669,37.46833
-105.85647,37.77957
-105.84934,46.40622
-105.82062,40.25198
-105.81738,40.25137
-105.81073,36.04338
-105.79609,39.02139
-105.7853,39.92113
-105.78318,39.96786
-105.76089,39.8751
-105.71756,39.29733
-105.69998,37.99442
-105.69616,39.7132
-105.6952,39.71132
-105.69509,39.71312
-105.66142,36.46538
-105.59527,41.31193
-105.59516,36.45827
-105.59416,41.30282
-105.58404,39.93825
-105.5761,36.40722
-105.57547,41.30972
-105.57484,36.40806
-105.57386,36.40548
-105.57318,36.40774
-105.57257,36.40804
-105.57239,36.40814
-105.57239,36.51555
-105.57068,36.51599
-105.5254,40.37668
-105.52384,40.37408
-105.52264,40.3765
-105.52255,40.37616
-105.51799,44.29237
-105.51768,39.74175
-105.51751,39.74195
-105.51719,39.74198
-105.51599,39.74147
-105.51529,39.96361
-105.51519,39.7419
-105.50965,39.96203
-105.50921,39.9599
-105.50431,44.294
-105.50429,44.29373
-105.50333,28.29172
-105.4929,44.27101
-105.49005,44.27555
-105.48722,44.29173
-105.4784,44.24814
-105.47409,28.20389
-105.47397,28.1779
-105.47343,28.17982
-105.47306,28.1865
-105.46966,28.19708
-105.46931,28.19653
-105.46716,38.13642
-105.4567,44.22829
-105.45084,36.59539
-105.43805,39.74662
-105.40772,45.44484
-105.40366,36.70682
-105.40266,36.70626
-105.37095,39.91999
-105.35207,39.66062
-105.32677,39.50104
-105.32141,39.6321
-105.3187,39.63316
-105.31536,39.42456
-105.29458,39.70743
-105.28828,36.39628
-105.2842,40.01611
-105.28328,40.01709
-105.28286,40.01758
-105.28254,40.01593
-105.28233,40.01755
-105.28032,40.01768
-105.27932,40.01943
-105.27928,40.01928
-105.27842,40.01642
-105.27522,40.01901
-105.26379,36.55382
-105.26029,40.01619
-105.25942,40.03173
-105.25933,40.01555
-105.25117,40.02051
-105.2498,39.98437
-105.24738,40.02143
-105.24548,40.01498
-105.23776,40.02375
-105.23763,40.02325
-105.23213,38.42738
-105.23158,38.4319
-105.22275,38.44724
-105.22218,39.75547
-105.22164,39.75992
-105.22115,39.75494
-105.2194,40.02179
-105.21842,40.02029
-105.21279,35.59446
-105.20518,39.71862
-105.20498,39.86362
-105.20382,39.86352
-105.20247,40.07392
-105.19735,39.70147
-105.19718,39.69837
-105.19701,39.69916
-105.19682,39.70071
-105.1945,38.41725
-105.19048,39.65387
-105.18611,39.77952
-105.17863,39.7351
-105.17663,38.74883
-105.17657,38.74681
-105.17558,39.77543
-105.17284,40.10342
-105.16849,39.82215
-105.16831,40.10044
-105.16461,39.95905
-105.16415,39.81482
-105.15583,39.84968
-105.1503,40.14206
-105.14211,40.39881
-105.13713,39.81352
-105.13649,39.81369
-105.13623,39.70347
-105.13622,39.98799
-105.13242,39.97954
-105.13238,39.97707
-105.13229,39.97817
-105.13132,39.97694
-105.13111,39.97718
-105.13106,39.57517
-105.12895,39.98045
-105.12854,39.97612
-105.1278,39.61445
-105.12677,39.58215
-105.12323,40.13892
-105.11959,39.68292
-105.11844,38.38858
-105.11785,39.56781
-105.11781,40.55414
-105.11687,39.96541
-105.1164,39.56673
-105.11548,40.57561
-105.11448,40.40783
-105.11356,40.15859
-105.1102,39.75443
-105.10852,39.65487
-105.10839,39.56863
-105.10692,39.59625
-105.1063,39.59644
-105.10357,39.99975
-105.10275,40.16421
-105.10274,40.16466
-105.10233,40.16632
-105.10232,40.15865
-105.10229,40.16791
-105.10186,40.40656
-105.10023,39.90934
-105.09931,39.6091
-105.09824,40.57438
-105.09757,40.55168
-105.09659,40.57514
-105.09629,39.87596
-105.09468,39.98541
-105.09095,39.99935
-105.09089,39.98955
-105.09056,39.5943
-105.0874,39.90593
-105.08672,39.92042
-105.08575,39.68375
-105.08499,40.57464
-105.08327,39.69637
-105.08248,39.79964
-105.08233,39.69807
-105.08108,39.80155
-105.08104,39.56552
-105.08079,39.79915
-105.08022,40.5229
-105.0801,39.69694
-105.08001,39.68971
-105.07997,39.86146
-105.07919,40.57949
-105.07914,40.4242
-105.07865,40.56638
-105.07841,40.58726
-105.07835,40.4268
-105.07832,40.58726
-105.07831,39.90998
-105.07826,40.52273
-105.07812,40.42421
-105.07797,39.80225
-105.07746,39.70879
-105.07742,40.58373
-105.0774,40.5844
-105.07734,40.39568
-105.07734,40.58458
-105.07734,40.58594
-105.07733,40.58606
-105.07732,40.58946
-105.0773,40.5884
-105.07695,39.90928
-105.07677,40.57854
-105.07677,40.58482
-105.07676,40.58619
-105.07674,40.58764
-105.07672,40.5758
-105.07665,40.58488
-105.07661,40.58996
-105.07652,40.57789
-105.07639,40.58949
-105.0763,40.58744
-105.07628,40.59024
-105.07619,40.53114
-105.07618,40.5876
-105.07571,40.58633
-105.07552,40.58738
-105.07539,40.58889
-105.07506,39.48465
-105.07474,40.39532
-105.07474,40.58832
-105.07456,40.58848
-105.07448,39.74055
-105.0744,40.37858
-105.07439,40.58816
-105.0736,40.39559
-105.07357,40.42083
-105.07335,40.54214
-105.07307,40.39502
-105.07304,40.39664
-105.07303,40.3932
-105.07126,40.39528
-105.07108,39.74157
-105.06855,40.59287
-105.06331,39.71155
-105.06045,40.52185
-105.05884,39.80076
-105.05761,40.52152
-105.05687,40.56619
-105.05679,40.56626
-105.05534,39.71178
-105.05516,39.7529
-105.05463,39.80042
-105.05431,39.75294
-105.05365,39.74824
-105.0536,39.89867
-105.05288,39.71775
-105.05246,39.74013
-105.05234,39.71092
-105.05217,39.84918
-105.05172,40.03636
-105.05112,39.77645
-105.05042,39.76946
-105.04963,39.74019
-105.04749,39.65494
-105.04691,40.39675
-105.04653,39.74053
-105.04416,39.77198
-105.04412,39.77417
-105.04388,39.77005
-105.04386,39.77518
-105.04382,39.77606
-105.04377,39.77989
-105.04367,39.77415
-105.04354,39.77885
-105.04254,39.76952
-105.04241,39.74055
-105.04223,40.58337
-105.04193,39.74168
-105.03961,39.74334
-105.03722,39.5068
-105.03617,39.61001
-105.0361,39.60881
-105.03487,39.78588
-105.03435,39.78689
-105.03429,38.96868
-105.03396,39.76936
-105.0339,39.93038
-105.03373,39.78884
-105.03215,39.7693
-105.03117,39.81176
-105.02814,39.55895
-105.02798,38.95592
-105.02794,39.78958
-105.02563,39.64997
-105.0256,39.75403
-105.02502,39.75448
-105.02498,39.78851
-105.02484,39.65098
-105.02472,39.85969
-105.02464,39.5938
-105.02452,39.61257
-105.02436,39.74741
-105.02378,39.75334
-105.02359,39.67827
-105.01964,39.61306
-105.01952,39.6136
-105.01948,39.71901
-105.01843,39.81245
-105.01819,39.61394
-105.01806,39.61359
-105.01806,39.72084
-105.01781,39.61358
-105.01744,39.61405
-105.01694,39.65308
-105.01662,39.73988
-105.01655,39.72343
-105.01651,39.61385
-105.0164,39.61355
-105.01615,39.76186
-105.01541,39.75859
-105.01498,38.93408
-105.01479,39.73724
-105.01361,39.75182
-105.01295,39.74922
-105.0129,39.74905
-105.0117,39.77677
-105.01158,39.76215
-105.01148,39.78407
-105.01125,39.75779
-105.01101,39.76192
-105.01047,39.65287
-105.01036,39.76154
-105.0093,39.75623
-105.0092,39.6971
-105.00906,39.6517
-105.00901,39.75686
-105.00842,39.75742
-105.00817,39.91469
-105.00775,39.75787
-105.00768,39.74697
-105.00719,39.81814
-105.00678,39.76136
-105.00565,39.76943
-105.00421,39.54589
-105.00398,39.76308
-105.00391,39.76462
-105.0038,39.6491
-105.00282,39.76391
-105.00263,39.72877
-105.00166,39.75112
-105.00117,39.70025
-105.00083,39.77694
-105.00082,39.74907
-105.00082,39.75082
-105.00064,39.75421
-105.00055,39.72347
-105.00027,39.74855
-105.00026,39.74817
-105.0002,39.7486
-105.00015,39.74864
-105.00001,39.75306
-104.99965,39.74994
-104.99962,39.74768
-104.99933,39.74865
-104.99927,39.74861
-104.99923,39.74934
-104.99921,39.74856
-104.9992,39.72914
-104.9992,39.74764
-104.99912,39.75218
-104.99908,39.73064
-104.99904,39.77318
-104.9989,39.71802
-104.99889,39.71748
-104.99888,39.74788
-104.99877,39.7246
-104.99876,39.72396
-104.99853,39.73396
-104.99848,39.75354
-104.99838,39.74599
-104.99798,39.74799
-104.9979,39.74792
-104.99778,39.74784
-104.99728,39.7531
-104.99692,39.67682
-104.99692,39.75319
-104.99686,39.75314
-104.99666,39.75269
-104.99649,39.7534
-104.99624,39.75243
-104.99601,39.7535
-104.99558,39.74641
-104.99541,39.75388
-104.99518,39.75441
-104.99511,39.75391
-104.9951,39.75616
-104.99507,39.75663
-104.99502,39.74532
-104.99501,39.75358
-104.99492,39.75365
-104.99484,39.75371
-104.99475,39.75378
-104.99465,39.75553
-104.99463,39.75551
-104.99457,39.75549
-104.99455,39.75547
-104.99454,39.75547
-104.99448,39.75542
-104.99435,39.96213
-104.99427,39.75529
-104.99419,39.75528
-104.99418,39.75515
-104.99404,39.74493
-104.99397,39.75293
-104.99383,39.75524
-104.9938,39.75696
-104.99378,39.75552
-104.99377,39.75553
-104.99376,39.75692
-104.99375,39.74425
-104.99374,39.7569
-104.9936,39.75567
-104.99353,39.75566
-104.9935,39.75568
-104.99341,39.74377
-104.99338,39.74359
-104.99338,39.75657
-104.99336,39.75584
-104.99336,39.75655
-104.9933,39.7565
-104.99329,39.75327
-104.99326,39.75402
-104.99308,39.75592
-104.99307,39.75622
-104.99281,39.756
-104.99281,39.75601
-104.9928,39.75602
-104.99231,39.71854
-104.99193,39.75326
-104.9918,39.75335
-104.99171,39.75382
-104.99168,39.7413
-104.9916,39.75355
-104.99147,39.75225
-104.99134,39.7434
-104.99129,39.75635
-104.99085,39.73702
-104.99082,39.75452
-104.99075,39.67907
-104.99058,39.73241
-104.99055,39.6238
-104.99029,39.75456
-104.99019,39.75502
-104.99004,39.88666
-104.98932,39.65674
-104.98928,39.73431
-104.98922,39.74267
-104.98912,39.65709
-104.98907,39.68262
-104.98854,39.59575
-104.98852,39.65661
-104.98838,39.69065
-104.98825,39.65508
-104.98806,39.63728
-104.98787,39.65675
-104.98786,39.66435
-104.98785,39.65438
-104.98784,39.65411
-104.98782,39.73266
-104.98781,39.71193
-104.98781,39.74411
-104.98777,39.68482
-104.98773,39.71632
-104.98772,39.71639
-104.98769,39.74439
-104.98766,39.74415
-104.98764,39.63703
-104.98743,39.65454
-104.98743,39.70766
-104.98735,39.71218
-104.98734,39.68503
-104.98734,39.68545
-104.98733,39.71442
-104.98731,39.71679
-104.98731,39.71691
-104.98731,39.71715
-104.9873,39.71261
-104.9873,39.71515
-104.98728,39.71373
-104.98728,39.72273
-104.98725,39.7175
-104.98724,39.71636
-104.98722,39.71769
-104.98722,39.7345
-104.98721,39.71556
-104.9872,39.69267
-104.98717,39.69276
-104.98715,39.75021
-104.9871,39.69138
-104.98702,39.72143
-104.98702,39.75778
-104.98697,39.6932
-104.98643,39.75849
-104.9864,39.75728
-104.98632,39.75955
-104.98598,39.76523
-104.9859,39.72866
-104.98498,39.75906
-104.98465,39.75934
-104.98454,39.73668
-104.98428,39.75979
-104.98425,39.76267
-104.98402,39.76285
-104.984,39.75035
-104.98399,39.72743
-104.98393,39.76001
-104.98384,39.75956
-104.98381,39.76301
-104.98324,39.73989
-104.98314,39.77844
-104.98309,39.73669
-104.9826,39.77808
-104.98258,39.73558
-104.98189,39.76106
-104.98183,39.74742
-104.98168,39.7399
-104.98167,39.74341
-104.9816,39.76194
-104.98157,39.65292
-104.98154,39.73345
-104.98138,39.65284
-104.98134,39.76415
-104.9813,39.74312
-104.98094,39.7399
-104.98086,39.73679
-104.98084,39.68247
-104.98079,39.69463
-104.98068,39.74606
-104.98064,39.7686
-104.98063,39.70964
-104.9806,39.68794
-104.98059,39.69648
-104.98057,39.76207
-104.98014,39.70047
-104.98012,39.76488
-104.97974,39.73723
-104.97946,39.7687
-104.97938,39.73697
-104.97925,39.77033
-104.97907,39.7402
-104.97906,39.74016
-104.97891,39.76526
-104.97822,39.72574
-104.97815,39.74016
-104.97774,39.74017
-104.97768,39.7549
-104.97759,39.7743
-104.97715,39.82936
-104.97704,39.75522
-104.97697,39.76936
-104.97694,39.77356
-104.97684,39.75591
-104.97672,39.81224
-104.97639,39.8081
-104.97619,39.73977
-104.97599,39.71453
-104.97577,39.74016
-104.97477,39.76695
-104.97463,39.76797
-104.9732,39.74308
-104.97244,39.74053
-104.97236,39.74024
-104.9723,39.73702
-104.97046,39.34806
-104.96977,39.77559
-104.96947,39.74022
-104.96929,39.77801
-104.96907,39.73987
-104.96812,39.74302
-104.96796,39.74302
-104.96741,39.67865
-104.96618,39.7683
-104.96582,39.73983
-104.964,39.73982
-104.96335,39.8988
-104.96302,39.74339
-104.96274,39.74341
-104.96267,42.04943
-104.96257,39.73694
-104.96238,39.43741
-104.962,39.74342
-104.96194,39.69683
-104.96162,39.92333
-104.96157,39.69669
-104.95995,39.74019
-104.9597,39.67976
-104.95864,39.73984
-104.95779,39.76983
-104.95761,39.72044
-104.95735,39.7174
-104.95606,39.71999
-104.9524,39.71955
-104.95139,39.71955
-104.95083,39.74037
-104.94949,39.77259
-104.94903,39.74035
-104.94856,39.73999
-104.94751,39.74033
-104.94679,39.73994
-104.9465,39.735
-104.94634,39.7405
-104.9458,39.73559
-104.94548,39.73975
-104.94542,40.11165
-104.94463,39.73991
-104.94139,39.91554
-104.94135,39.65848
-104.94125,39.91554
-104.941,39.7298
-104.94097,39.72946
-104.93986,39.7051
-104.93972,39.70763
-104.93971,39.56683
-104.93932,39.88356
-104.93863,39.68056
-104.93828,39.70525
-104.93742,39.69728
-104.93629,39.75418
-104.93596,40.48015
-104.93587,40.48016
-104.93582,39.72911
-104.93244,39.70309
-104.9319,39.67824
-104.93123,39.77395
-104.92919,39.65222
-104.92856,39.75825
-104.9284,39.73995
-104.92776,39.74057
-104.92738,39.70852
-104.92712,39.59351
-104.9248,39.568
-104.92063,36.50472
-104.92055,27.13341
-104.91728,39.74953
-104.91718,38.85934
-104.91574,38.857
-104.91531,38.85706
-104.91329,39.65428
-104.9132,39.67877
-104.91282,39.82905
-104.9066,39.74601
-104.90594,39.76959
-104.90566,39.74036
-104.90502,40.48012
-104.9038,39.72735
-104.90245,39.22787
-104.90221,39.67495
-104.90152,39.6189
-104.90104,39.61924
-104.90095,39.42688
-104.90093,39.65609
-104.90037,39.61925
-104.90029,39.61924
-104.89999,39.22798
-104.89995,39.22786
-104.89991,39.67586
-104.89852,39.6757
-104.89796,39.22791
-104.89782,39.61092
-104.8978,39.63742
-104.8975,27.11285
-104.89625,39.72027
-104.89572,39.69631
-104.8953,39.62701
-104.89298,39.56247
-104.89235,39.78081
-104.89133,39.69259
-104.89088,39.78071
-104.88915,39.74039
-104.88838,39.61829
-104.88627,39.61004
-104.88572,39.65119
-104.88475,39.5846
-104.88304,39.55436
-104.8816,39.74
-104.88098,39.56855
-104.88058,39.55585
-104.87745,39.73984
-104.87548,39.6794
-104.87514,39.74033
-104.87494,39.73012
-104.87458,39.74033
-104.87065,38.84877
-104.87065,39.54628
-104.87058,38.89639
-104.87022,38.85129
-104.87007,39.67551
-104.86884,39.09273
-104.86853,39.33686
-104.86756,39.6817
-104.86701,39.68168
-104.86697,39.68878
-104.86692,38.84999
-104.86505,39.67595
-104.86438,38.84731
-104.86421,39.66878
-104.8642,39.71069
-104.86266,38.84744
-104.86238,39.79282
-104.86234,38.84727
-104.86193,38.84629
-104.86172,39.37596
-104.86108,39.65977
-104.86051,39.37351
-104.86015,39.09546
-104.8598,39.37264
-104.85956,38.84023
-104.85808,39.91373
-104.85693,39.59337
-104.85438,38.89739
-104.8539,39.5373
-104.85115,38.81616
-104.85057,38.79076
-104.85051,39.66007
-104.85045,38.79144
-104.84888,39.66013
-104.84866,39.59616
-104.84788,38.79202
-104.8478,39.66092
-104.84436,39.57578
-104.84403,38.92276
-104.84212,38.89708
-104.84154,38.83049
-104.83999,38.80391
-104.83995,38.80561
-104.83853,38.80672
-104.83731,39.74905
-104.8371,38.83331
-104.83362,39.6758
-104.83138,38.92714
-104.83031,38.91341
-104.82858,39.70991
-104.82729,38.81074
-104.82495,38.8342
-104.82473,38.8258
-104.82465,38.82623
-104.82458,38.82489
-104.82443,38.83561
-104.82431,38.83641
-104.82425,38.83552
-104.82416,38.8263
-104.82413,38.83747
-104.82388,38.83266
-104.82379,39.0186
-104.82366,39.0189
-104.82364,38.83585
-104.82363,38.83587
-104.82354,39.02491
-104.82342,38.78997
-104.8234,38.79049
-104.82333,39.01792
-104.82314,38.83327
-104.82294,39.01782
-104.82282,38.8392
-104.82275,38.83477
-104.8226,38.83934
-104.82253,38.87158
-104.82144,41.13391
-104.82136,38.82798
-104.82132,38.81171
-104.82056,38.78837
-104.82043,38.82875
-104.81999,38.89408
-104.81878,38.82732
-104.8184,38.83253
-104.81803,38.89047
-104.81784,38.83198
-104.81717,39.61657
-104.81707,39.59454
-104.81669,38.86652
-104.81372,41.13538
-104.81244,38.87775
-104.81202,39.65266
-104.81198,39.6518
-104.81126,39.65172
-104.8096,39.63173
-104.80954,39.61011
-104.80947,39.67382
-104.80897,39.68628
-104.80832,39.67444
-104.80796,39.6978
-104.80736,39.67431
-104.80612,39.66701
-104.80509,38.99189
-104.79526,39.11653
-104.79439,39.62606
-104.7937,38.84247
-104.79004,38.8373
-104.7899,39.70084
-104.78928,39.63988
-104.78675,40.38836
-104.78602,38.91484
-104.78526,40.4097
-104.7825,38.90894
-104.78051,39.55724
-104.77647,38.91352
-104.77596,39.19492
-104.7745,39.75768
-104.7744,38.92481
-104.77394,38.94345
-104.77352,38.85848
-104.77078,39.65469
-104.77025,39.52702
-104.76988,39.52707
-104.769,38.90239
-104.76704,38.90029
-104.76631,38.89102
-104.76296,39.49444
-104.76057,39.48093
-104.75905,39.63527
-104.75901,39.63513
-104.75788,39.50921
-104.75753,40.42198
-104.75589,38.88186
-104.75588,38.86685
-104.7558,38.83151
-104.75565,38.87989
-104.75523,38.88159
-104.75437,38.88087
-104.7476,38.84157
-104.7448,40.39575
-104.74328,38.97198
-104.74184,42.27026
-104.7412,38.83748
-104.73832,40.42339
-104.73566,40.38364
-104.72746,40.38971
-104.72344,39.57522
-104.72131,38.89434
-104.7183,38.8548
-104.71815,38.85508
-104.71786,38.86668
-104.71671,38.88061
-104.71645,38.84127
-104.71504,38.89543
-104.71352,38.8896
-104.71316,47.10499
-104.70691,38.9994
-104.70436,38.32119
-104.70147,39.01255
-104.70086,38.79942
-104.70036,38.83781
-104.69995,38.85861
-104.69193,40.42672
-104.69106,40.42348
-104.6891,40.4271
-104.68403,38.92615
-104.67791,39.85388
-104.67739,39.86307
-104.67659,39.86315
-104.67598,39.8537
-104.67577,39.85873
-104.67411,39.8535
-104.67383,39.84756
-104.67169,39.85868
-104.67139,39.85364
-104.67127,39.86317
-104.66753,39.85784
-104.62013,38.2583
-104.6165,38.26307
-104.61557,38.24394
-104.61504,38.24263
-104.61454,38.23893
-104.61441,38.24429
-104.60986,38.2626
-104.60974,38.26543
-104.60791,38.26905
-104.60748,38.24433
-104.60658,38.25733
-104.60427,38.9421
-104.60094,38.94003
-104.59732,38.27105
-104.54812,45.89055
-104.5373,39.2215
-104.52404,33.41698
-104.51961,40.10884
-104.51708,48.14415
-104.50743,37.16759
-104.41343,45.02568
-104.39934,32.84242
-104.35145,38.23668
-104.35066,38.2363
-104.24134,41.64403
-104.23411,32.45455
-104.22372,32.40227
-104.18454,42.06359
-104.08375,44.14926
-104.02426,38.13106
-104.00766,46.91291
-103.85941,44.49076
-103.85917,44.48984
-103.8591,44.48754
-103.80974,44.47465
-103.72917,44.37806
-103.72549,38.05621
-103.72364,38.05532
-103.7131,44.38826
-103.67026,48.17053
-103.66303,41.8641
-103.66276,41.23668
-103.59991,43.76652
-103.59978,43.76616
-103.57501,43.93337
-103.54563,45.58211
-103.54562,45.58157
-103.52329,46.91419
-103.51251,44.41524
-103.51162,44.41526
-103.4526,44.41491
-103.43922,44.08376
-103.41585,25.57366
-103.41151,35.3661
-103.35858,25.55242
-103.32721,34.39672
-103.28815,44.06151
-103.25256,44.08051
-103.25229,44.01951
-103.2496,44.07936
-103.24586,30.20686
-103.23273,44.06418
-103.23232,44.08179
-103.23198,44.07292
-103.23194,44.0816
-103.23192,44.06818
-103.23115,44.08199
-103.23069,44.06172
-103.22959,44.08136
-103.22879,44.08009
-103.22879,44.08075
-103.22851,44.08039
-103.22808,44.07885
-103.22739,44.08052
-103.22265,44.10004
-103.20287,44.10288
-103.20267,44.09998
-103.20047,46.88552
-103.1995,46.88628
-103.18808,44.07866
-103.18475,36.45171
-103.12706,32.72922
-103.11266,40.96196
-102.99179,46.86517
-102.97698,41.1451
-102.89429,42.09709
-102.8588,42.09905
-102.81227,46.88662
-102.8056,46.87937
-102.79494,46.89456
-102.75226,47.37056
-102.64475,32.72462
-102.44833,44.06957
-102.44577,31.85527
-102.42444,46.9008
-102.39037,31.86634
-102.37487,31.88542
-102.34472,31.90242
-102.3139,46.88379
-102.29772,31.91081
-102.23794,31.9131
-102.2219,40.07955
-102.19284,25.50279
-102.17312,31.94366
-102.17197,31.94012
-102.14819,32.03198
-102.12545,32.02046
-102.11232,32.03913
-102.1102,31.98127
-102.10659,31.98443
-102.0815,31.99711
-102.08125,31.99712
-102.08124,31.99658
-102.06582,26.98689
-101.98532,43.72597
-101.98477,43.72393
-101.96561,35.85843
-101.92497,35.14598
-101.90176,33.52064
-101.88364,35.21005
-101.88252,35.21081
-101.88217,35.18614
-101.87728,35.2226
-101.87566,35.22163
-101.87122,35.21152
-101.86592,35.21006
-101.86325,35.211
-101.86311,35.21093
-101.8481,35.19831
-101.84777,35.19827
-101.83726,35.20755
-101.83712,35.2064
-101.83711,35.20647
-101.83699,35.20692
-101.83194,35.22455
-101.8319,35.26068
-101.83159,35.28113
-101.83035,35.24192
-101.82948,46.81624
-101.82939,35.25052
-101.82446,35.20214
-101.81227,35.18532
-101.80675,35.22221
-101.80658,35.22167
-101.80615,35.22173
-101.80578,35.22171
-101.80242,39.77436
-101.79283,35.22229
-101.79109,35.22167
-101.78485,35.22221
-101.73264,43.17241
-101.72693,34.2031
-101.7111,41.11248
-101.50335,47.85798
-101.47343,26.92291
-101.45652,31.19123
-101.45537,47.51109
-101.43985,26.7823
-101.42585,26.88491
-101.42567,26.8875
-101.42513,26.88576
-101.41491,26.93394
-101.41228,26.91277
-101.41154,26.90949
-101.40628,26.91297
-101.40448,26.95436
-101.39923,26.91485
-101.39591,26.9617
-101.37838,26.98349
-101.31682,48.20313
-101.29734,48.19586
-101.29638,48.23353
-101.29284,48.23522
-101.28936,48.23668
-101.12595,41.15718
-101.04689,39.39689
-101.04237,39.80692
-101.03949,39.38027
-101.02821,47.28844
-101.00264,41.1588
-100.98787,49.27085
-100.98446,37.98882
-100.94895,29.4556
-100.93353,29.32497
-100.93214,29.32534
-100.93163,29.32559
-100.93092,29.32568
-100.89652,46.82535
-100.7863,46.80633
-100.7854,46.80554
-100.78485,46.80553
-100.78403,46.8056
-100.77469,46.78336
-100.77455,46.79383
-100.7743,46.83311
-100.76107,41.13889
-100.55483,28.70307
-100.5292,39.82008
-100.5153,40.62965
-100.50888,27.01657
-100.49892,27.02487
-100.48294,28.70651
-100.44371,25.68764
-100.44008,28.6112
-100.43464,31.46012
-100.40605,25.66335
-100.40447,25.66274
-100.39563,25.73159
-100.37698,25.65217
-100.35853,25.64989
-100.35827,25.65027
-100.35638,25.64948
-100.35389,25.68273
-100.35117,44.46475
-100.33208,25.67566
-100.32664,25.6774
-100.31393,25.74157
-100.31379,25.66602
-100.31363,25.67021
-100.31231,25.67238
-100.31141,25.67326
-100.30818,25.66653
-100.30791,25.6683
-100.30741,25.66671
-100.30727,25.66746
-100.30725,25.66798
-100.3071,25.66632
-100.30708,25.6665
-100.3061,25.73636
-100.30573,25.66618
-100.30305,25.73951
-100.29989,25.68225
-100.2964,25.75602
-100.29422,25.65278
-100.29338,25.65086
-100.29228,25.76383
-100.28965,25.64635
-100.28432,25.64783
-100.28157,25.78009
-100.27537,25.77899
-100.26969,25.68474
-100.26881,25.8072
-100.26866,25.77171
-100.26717,25.68686
-100.26596,25.60211
-100.25869,25.68909
-100.24725,25.77623
-100.24452,25.69326
-100.24432,25.69336
-100.23973,25.78485
-100.2274,25.82827
-100.2191,25.72007
-100.19823,26.49812
-100.19538,41.42289
-100.18613,25.70885
-100.17973,26.50421
-100.1623,40.92697
-100.16182,40.92665
-100.06859,45.7251
-100.01762,37.75334
-100.01416,37.75248
-99.83113,26.87896
-99.79714,32.44343
-99.79713,32.44371
-99.78834,32.42622
-99.73211,32.44821
-99.71102,29.50267
-99.66435,49.18471
-99.66286,49.18425
-99.62002,45.77019
-99.61439,48.85939
-99.53623,27.47769
-99.51986,47.11809
-99.51986,47.11845
-99.50768,27.50233
-99.50551,27.50362
-99.47493,45.57857
-99.45909,27.57863
-99.42641,36.43431
-99.42524,41.86643
-99.4228,31.82951
-99.38703,36.43553
-99.38164,43.8033
-99.38021,40.44986
-99.36957,40.43723
-99.34306,43.82937
-99.33356,34.66135
-99.3332,43.80975
-99.3308,34.64905
-99.32934,43.8119
-99.32489,43.81407
-99.32465,44.07718
-99.30228,34.63737
-99.20018,44.517
-99.08652,40.72385
-99.08424,40.96654
-99.08414,40.67641
-99.08338,40.71423
-99.08218,40.6975
-99.08206,40.69388
-99.08151,40.69603
-99.08147,40.69569
-99.081,40.69561
-99.07995,40.69702
-99.02754,29.74117
-98.97917,31.72325
-98.97846,42.53144
-98.92961,41.60224
-98.91288,29.62957
-98.87606,30.27747
-98.86099,48.11162
-98.8592,48.11153
-98.84397,40.7505
-98.81902,30.13975
-98.79674,29.42669
-98.77926,38.36226
-98.73102,35.51612
-98.69711,29.45531
-98.69667,29.51396
-98.69485,39.4385
-98.68531,29.56384
-98.67487,29.45197
-98.67386,29.45255
-98.67105,29.55368
-98.66639,29.48989
-98.66468,29.72058
-98.64554,29.46643
-98.64009,29.51956
-98.63936,29.52085
-98.63282,29.57648
-98.62956,29.66027
-98.62809,29.40094
-98.62424,29.58897
-98.61554,29.54602
-98.60645,29.60998
-98.59834,29.6101
-98.59833,45.53248
-98.59581,29.51662
-98.59546,29.59241
-98.59533,29.59211
-98.58701,29.50747
-98.58569,29.56307
-98.57815,35.54961
-98.56991,29.49455
-98.5647,29.5278
-98.53539,29.55965
-98.52747,29.44965
-98.52747,29.54278
-98.52397,29.46267
-98.51198,29.43061
-98.51174,29.42653
-98.51136,29.42666
-98.50919,29.40409
-98.50773,29.462
-98.5066,40.59112
-98.50432,33.90405
-98.5041,29.52361
-98.50009,34.72648
-98.49959,29.45361
-98.49957,29.45344
-98.49948,29.52938
-98.49905,29.44162
-98.49784,45.15421
-98.49568,29.62866
-98.49528,29.40949
-98.49395,29.44204
-98.49386,29.44252
-98.49385,29.44233
-98.4935,29.5336
-98.49076,29.42351
-98.49073,29.4146
-98.48885,29.42633
-98.48859,29.42611
-98.48854,29.42566
-98.48806,29.44896
-98.48804,29.44882
-98.48787,45.45729
-98.48777,45.4541
-98.48651,29.56612
-98.48578,43.71558
-98.48515,29.61476
-98.4851,43.71353
-98.48456,29.43305
-98.48423,29.42659
-98.48373,29.43253
-98.48142,29.44666
-98.48068,29.442
-98.47969,29.43551
-98.47902,29.42197
-98.47858,29.42186
-98.47745,29.6092
-98.47394,38.82424
-98.47316,29.58927
-98.47146,29.52609
-98.47035,29.59197
-98.46976,29.42749
-98.4661,29.46088
-98.46382,29.47191
-98.46321,29.47244
-98.46235,29.47429
-98.45952,45.4598
-98.45525,45.45966
-98.45073,29.35258
-98.44889,29.51738
-98.44793,29.6541
-98.44593,45.45992
-98.44558,45.45946
-98.44376,29.60125
-98.44054,43.58913
-98.43981,29.57454
-98.43864,29.46989
-98.38373,40.60844
-98.37994,29.80441
-98.37879,29.58804
-98.36157,40.91617
-98.35943,40.92739
-98.34558,43.31798
-98.34174,40.91588
-98.34093,40.88838
-98.34063,40.89334
-98.33881,40.89757
-98.33427,29.56576
-98.32601,30.54929
-98.30072,26.04338
-98.28571,26.02014
-98.27715,30.57134
-98.26707,26.22082
-98.25478,26.1929
-98.23983,26.17995
-98.2382,26.20257
-98.23809,26.20173
-98.23163,26.20301
-98.21124,26.23848
-98.20291,32.21932
-98.20269,32.21942
-98.2025,32.22061
-98.20026,42.84152
-98.20006,32.21717
-98.18642,47.31354
-98.18488,43.03788
-98.16513,29.48606
-98.15764,29.13411
-98.15343,45.88281
-98.12252,48.02435
-98.11337,49.19194
-98.10386,45.45719
-98.10336,29.73031
-98.09894,45.44567
-98.09411,29.99675
-98.09075,30.19247
-98.09024,30.19333
-98.08877,30.19259
-98.06755,40.20081
-98.05568,30.06102
-98.03383,42.75021
-98.02901,37.15238
-98.02894,43.72445
-98.02578,43.70979
-98.02349,29.80636
-98.01389,43.69545
-98.01107,41.00714
-98.00023,46.92325
-97.98745,46.9258
-97.98629,30.34728
-97.98608,46.92817
-97.98315,29.56883
-97.97721,29.56075
-97.97038,29.5705
-97.96984,40.37086
-97.96638,30.14553
-97.96303,30.38737
-97.95357,30.22451
-97.9419,29.89282
-97.94157,29.88235
-97.94069,29.88363
-97.94065,29.8834
-97.94033,29.88351
-97.93919,30.30878
-97.93424,38.05449
-97.93224,38.08015
-97.93161,38.0591
-97.92715,30.41197
-97.90375,40.23694
-97.90156,30.71307
-97.8764,29.9888
-97.87607,29.98849
-97.86543,30.62648
-97.86182,30.44592
-97.85303,30.58159
-97.84546,30.3934
-97.84543,30.07783
-97.84253,27.50045
-97.83846,39.36097
-97.83617,36.40565
-97.83223,30.19115
-97.82904,30.45381
-97.82765,30.17217
-97.82666,30.16927
-97.82533,30.17204
-97.82515,30.5238
-97.82086,30.52878
-97.81784,30.23063
-97.81397,30.54749
-97.80706,30.47051
-97.80683,30.44626
-97.80681,30.44634
-97.80545,30.48169
-97.80439,30.47556
-97.79661,30.47077
-97.79072,31.08674
-97.78873,30.24028
-97.78777,30.23154
-97.78584,32.44234
-97.78502,30.24135
-97.78446,30.82565
-97.7825,30.22857
-97.78244,30.20991
-97.78126,30.45269
-97.7808,30.53383
-97.77256,30.27779
-97.77113,30.24834
-97.76888,30.24924
-97.76884,30.24526
-97.76877,30.24926
-97.76749,30.22927
-97.76742,30.2242
-97.76695,30.43502
-97.76479,30.4309
-97.76343,30.27407
-97.76315,30.25615
-97.76254,30.2538
-97.76157,30.22686
-97.76036,30.24149
-97.7603,30.22441
-97.76002,30.27355
-97.75992,28.43333
-97.75896,30.24141
-97.75866,30.26282
-97.75308,30.26959
-97.75285,30.26685
-97.75212,30.24349
-97.75079,30.26745
-97.75039,30.27036
-97.75037,30.27034
-97.75008,30.27027
-97.74994,30.27021
-97.7499,30.42853
-97.74984,30.26984
-97.74959,30.26703
-97.74955,30.25057
-97.74913,30.2696
-97.74867,30.26542
-97.74747,30.25654
-97.74648,30.26733
-97.74645,30.2593
-97.74591,30.26496
-97.7458,30.26769
-97.74541,30.26864
-97.74485,30.26697
-97.74477,30.44547
-97.74421,30.26777
-97.74416,31.10266
-97.74396,30.26751
-97.74372,30.26501
-97.74362,30.26705
-97.74352,30.26677
-97.7435,30.26562
-97.7435,30.26706
-97.74348,30.26692
-97.74331,30.2701
-97.74286,30.31107
-97.74254,30.26171
-97.74236,30.26866
-97.74212,30.27984
-97.74211,30.2667
-97.74203,30.26668
-97.74188,30.27123
-97.7418,30.23507
-97.74176,30.2697
-97.74162,30.29004
-97.74133,30.28613
-97.74115,30.26905
-97.74112,30.26772
-97.74101,30.29858
-97.741,30.26769
-97.7409,30.26766
-97.74076,30.26725
-97.74073,30.2672
-97.74067,30.26394
-97.74064,30.264
-97.74061,30.26407
-97.74059,30.2673
-97.74058,30.26757
-97.74011,30.26745
-97.74004,30.26708
-97.74001,30.26741
-97.73994,30.26711
-97.73981,30.26708
-97.7398,30.26735
-97.73968,30.26704
-97.73952,30.32196
-97.73935,30.30185
-97.73922,30.26691
-97.73909,30.26688
-97.73908,30.26715
-97.73906,30.31875
-97.73904,30.25839
-97.73902,30.26686
-97.73901,30.26713
-97.73898,30.26766
-97.73895,30.26684
-97.73893,30.26711
-97.73888,30.26682
-97.73864,30.26774
-97.73864,30.34024
-97.73862,30.26702
-97.73856,30.26671
-97.73856,30.26772
-97.73844,30.26774
-97.73841,30.26696
-97.73832,30.26038
-97.73826,30.2598
-97.73803,30.26378
-97.73798,30.26659
-97.73766,30.2665
-97.73651,30.26776
-97.73641,30.34462
-97.73633,30.26714
-97.73609,30.27006
-97.73589,30.26626
-97.73557,30.26623
-97.73469,30.29137
-97.73408,30.26502
-97.73405,42.02896
-97.73398,30.26482
-97.73321,30.26442
-97.73178,30.26497
-97.73162,30.26493
-97.73055,30.26465
-97.73053,29.90717
-97.72999,30.26229
-97.72939,30.26212
-97.72923,45.79171
-97.72918,30.36628
-97.72866,30.26401
-97.72811,30.26857
-97.72782,30.26382
-97.72761,30.26355
-97.72717,30.36902
-97.72687,30.39595
-97.72667,30.26323
-97.72648,30.40206
-97.72635,30.25788
-97.72546,35.4714
-97.72458,30.26249
-97.72365,30.25713
-97.72307,30.26172
-97.72307,30.40087
-97.72295,30.40117
-97.72286,30.40122
-97.72281,30.40136
-97.72279,30.26162
-97.72278,40.14077
-97.72277,47.32244
-97.72276,30.40085
-97.72222,30.31794
-97.72196,30.31785
-97.72192,30.33372
-97.7216,30.71511
-97.72117,30.40242
-97.72061,30.31722
-97.7204,30.2738
-97.72007,30.27496
-97.71996,30.23934
-97.71962,30.27393
-97.71958,30.39616
-97.71891,30.2602
-97.7189,30.28406
-97.71759,30.28479
-97.71539,30.26257
-97.71477,30.26289
-97.71426,30.31672
-97.71406,30.25323
-97.71076,30.253
-97.70511,30.29812
-97.70483,30.31252
-97.70445,30.29711
-97.70396,30.40048
-97.6992,30.25172
-97.69696,30.32044
-97.6968,30.27139
-97.69667,30.41544
-97.69665,30.36572
-97.69655,31.11894
-97.69396,30.61914
-97.6939,30.26732
-97.69352,41.69911
-97.68436,30.43608
-97.68342,30.38895
-97.67829,30.63673
-97.67821,30.63723
-97.6781,30.4791
-97.67686,30.63607
-97.67561,38.57262
-97.67386,30.4356
-97.67366,30.47046
-97.67131,30.43074
-97.6708,31.09099
-97.67023,31.09079
-97.66975,31.09075
-97.66854,30.51866
-97.6669,30.33104
-97.66637,30.20206
-97.66625,30.20205
-97.66489,30.20238
-97.66453,30.20228
-97.66323,30.20229
-97.65948,39.57299
-97.6571,30.66768
-97.65423,31.08638
-97.65309,30.57239
-97.65157,30.44588
-97.64704,30.49193
-97.6456,30.44682
-97.64188,46.10197
-97.63827,30.52388
-97.63452,35.55559
-97.61999,30.44038
-97.61982,30.44029
-97.61212,38.79571
-97.61015,30.80993
-97.60934,38.84139
-97.60671,37.03165
-97.60671,37.03213
-97.6067,37.03179
-97.60445,35.46369
-97.59838,35.39514
-97.59558,47.24576
-97.59462,35.39541
-97.58753,30.73478
-97.57361,35.53041
-97.56661,35.55127
-97.56565,35.59182
-97.56437,35.52266
-97.5523,35.50807
-97.54771,30.54309
-97.53893,42.49937
-97.53855,42.49938
-97.53721,30.94256
-97.53458,35.60415
-97.53347,35.60415
-97.53295,35.52338
-97.53279,35.52242
-97.53008,35.5082
-97.53004,35.51909
-97.53002,35.51473
-97.5298,35.49262
-97.52969,35.51538
-97.52962,35.51416
-97.52949,35.51498
-97.52716,44.01061
-97.52655,35.4662
-97.52642,35.4663
-97.52557,35.47235
-97.52435,35.46663
-97.52408,35.468
-97.52264,35.49864
-97.52132,35.47928
-97.52013,35.47859
-97.5198,35.47857
-97.51869,38.20237
-97.51756,35.46859
-97.51618,35.46859
-97.51576,35.46186
-97.51006,35.46662
-97.50943,25.96353
-97.50908,25.96356
-97.50883,35.4677
-97.50789,25.96335
-97.505,25.8716
-97.49923,35.48622
-97.49688,25.90289
-97.49515,35.2308
-97.49206,45.49636
-97.48827,25.87208
-97.47693,32.72537
-97.47108,25.84444
-97.46273,35.20315
-97.45796,39.80078
-97.44937,35.21132
-97.44502,35.22041
-97.44451,35.2123
-97.44424,35.21128
-97.44423,35.21291
-97.444,35.21128
-97.44387,35.21158
-97.44355,35.21156
-97.44186,32.72073
-97.4418,32.72096
-97.44178,37.72427
-97.44063,35.22347
-97.44029,35.22242
-97.4398,35.2227
-97.43655,43.35241
-97.43654,35.20068
-97.43461,30.35117
-97.42399,35.30606
-97.42025,31.1199
-97.41778,32.72721
-97.41734,32.67945
-97.41463,32.68218
-97.41413,30.57405
-97.41262,30.35304
-97.40056,42.89209
-97.39921,32.70973
-97.39893,39.59139
-97.39789,35.1522
-97.39778,39.59106
-97.39508,42.86997
-97.39448,27.79771
-97.39436,42.86997
-97.39398,27.79695
-97.39398,27.79756
-97.39374,27.79651
-97.39373,27.79656
-97.39359,27.79798
-97.3935,32.73751
-97.39293,27.79694
-97.39249,42.86994
-97.39092,42.86732
-97.38862,42.86946
-97.3757,37.69445
-97.37054,30.34659
-97.37017,32.73672
-97.36949,37.83161
-97.36417,32.75146
-97.36062,32.74816
-97.36056,32.74904
-97.36025,32.57827
-97.35857,32.70595
-97.35775,32.74853
-97.3576,42.37891
-97.35758,32.74853
-97.3574,32.74938
-97.35728,32.74866
-97.35695,32.74811
-97.35669,32.74804
-97.35667,32.74986
-97.35289,37.68936
-97.35217,32.7504
-97.35206,32.75072
-97.34957,32.78879
-97.34876,32.78874
-97.34871,32.78874
-97.34799,32.78816
-97.34477,38.04472
-97.34387,32.72627
-97.34168,32.73085
-97.34084,32.73039
-97.34073,32.73084
-97.34069,31.09634
-97.34055,32.73076
-97.33919,32.7305
-97.3389,32.73053
-97.33695,32.73053
-97.33586,31.97971
-97.33259,32.75486
-97.33207,32.6937
-97.33207,32.73052
-97.33188,32.69761
-97.33125,32.75332
-97.33084,32.75115
-97.33061,27.69006
-97.33023,32.75131
-97.32975,32.73873
-97.32832,37.68624
-97.32737,37.68679
-97.32731,32.74581
-97.32699,32.73685
-97.32688,37.6719
-97.32666,37.68777
-97.32579,32.75007
-97.32263,37.68281
-97.32093,31.95077
-97.31862,32.91522
-97.31205,32.90985
-97.30811,44.22752
-97.29649,33.08404
-97.2901,27.6315
-97.28124,37.68668
-97.27768,27.6666
-97.26403,37.6953
-97.26075,37.72116
-97.25438,32.93208
-97.25403,32.93281
-97.25393,32.93343
-97.23075,32.99562
-97.22391,41.94999
-97.22354,41.95025
-97.21997,32.73313
-97.21785,33.00057
-97.21759,47.10394
-97.21753,44.89006
-97.21573,44.1192
-97.21465,38.91781
-97.21373,26.07412
-97.21102,26.07613
-97.20737,42.4138
-97.20674,26.07729
-97.20528,44.48526
-97.20454,32.66975
-97.19775,32.82322
-97.19569,32.96507
-97.19279,32.90156
-97.18878,25.98565
-97.18202,32.77971
-97.17952,31.52926
-97.17753,29.43456
-97.17568,32.98271
-97.1737,29.42763
-97.17092,26.12478
-97.17009,32.98629
-97.16892,26.10266
-97.16875,26.10207
-97.16849,26.10938
-97.16812,32.98671
-97.16783,26.10407
-97.16724,26.10345
-97.16721,30.22875
-97.1672,26.10102
-97.16472,26.09183
-97.15912,30.00699
-97.15635,33.67868
-97.1508,32.73626
-97.14877,32.7386
-97.14771,33.62516
-97.14606,33.21419
-97.14606,33.21426
-97.14606,33.21446
-97.14602,33.2138
-97.14602,33.21388
-97.14592,29.57509
-97.14584,29.57467
-97.14572,29.57374
-97.14571,33.21379
-97.14142,32.61275
-97.13496,31.55697
-97.13406,33.21003
-97.13351,33.21363
-97.13337,33.21437
-97.13311,33.21574
-97.13304,33.21366
-97.13279,33.21674
-97.13232,33.21541
-97.13232,33.21544
-97.13218,33.75855
-97.13198,33.75796
-97.13083,32.83548
-97.13076,33.75915
-97.13049,31.55607
-97.13041,31.55614
-97.13041,33.75937
-97.12955,32.01057
-97.12853,32.94134
-97.12844,33.75938
-97.12821,32.01087
-97.12797,31.53562
-97.12793,33.75944
-97.12759,33.75985
-97.12477,33.19202
-97.12449,31.54033
-97.11952,29.42871
-97.11857,44.89196
-97.10872,29.68655
-97.10604,32.7385
-97.10599,32.73832
-97.10598,32.67893
-97.10586,32.7385
-97.09795,32.87733
-97.097,40.90751
-97.09248,43.22082
-97.09042,36.11511
-97.08871,47.92549
-97.08658,33.07297
-97.07234,33.03388
-97.06907,27.82505
-97.06825,32.75781
-97.06754,47.90136
-97.06405,36.12205
-97.06271,27.83376
-97.06226,47.40309
-97.05767,32.82138
-97.052,46.8835
-97.0472,33.07257
-97.04509,32.90722
-97.04446,47.91147
-97.03782,32.89283
-97.03698,32.8883
-97.0366,32.88855
-97.03652,33.04164
-97.03642,32.90602
-97.03635,32.90631
-97.03582,32.89755
-97.03552,32.90467
-97.03507,33.01046
-97.03421,32.88781
-97.03243,47.92658
-97.03112,47.92513
-97.03041,47.92399
-97.02542,47.92916
-97.01804,42.22942
-97.01801,46.64878
-97.01749,42.22958
-97.00993,30.41406
-97.00704,32.95313
-96.99579,42.41592
-96.99476,33.02484
-96.99471,33.04652
-96.99257,33.01351
-96.99176,33.01249
-96.99132,33.01957
-96.98618,33.22616
-96.98411,49.43997
-96.9841,49.44014
-96.98371,32.93619
-96.96145,33.3959
-96.9494,42.78168
-96.94618,43.63179
-96.94618,48.77451
-96.94593,43.62163
-96.94536,32.87447
-96.94485,32.87412
-96.93881,32.86951
-96.93421,42.7789
-96.93345,42.77918
-96.93293,42.77962
-96.93274,42.7796
-96.93267,42.77855
-96.93005,42.7792
-96.92199,44.32583
-96.91264,32.8703
-96.9086,48.6421
-96.90774,32.95224
-96.90727,46.83046
-96.907,32.95042
-96.89824,32.92416
-96.89711,32.89418
-96.89177,33.15179
-96.89172,33.12586
-96.89057,32.35877
-96.89051,32.35879
-96.87946,33.21745
-96.87885,39.89259
-96.87874,29.90418
-96.87813,32.59094
-96.87693,39.89301
-96.87164,33.21752
-96.86347,46.81574
-96.86072,33.07553
-96.86067,33.07418
-96.85909,39.36465
-96.85766,33.06948
-96.85733,33.06994
-96.85701,32.82161
-96.85695,32.95344
-96.8557,32.86295
-96.85512,32.82153
-96.85317,32.99589
-96.85134,32.86158
-96.84948,33.05524
-96.84936,37.81617
-96.84929,33.05524
-96.8413,33.15353
-96.84041,32.95479
-96.84036,32.84848
-96.83823,32.94799
-96.83743,32.7498
-96.83554,32.76923
-96.83468,41.08157
-96.83411,32.77881
-96.83401,41.08158
-96.83083,39.02945
-96.83023,32.95918
-96.83012,33.15311
-96.82982,39.02842
-96.82949,32.95371
-96.82928,39.02856
-96.82888,32.9532
-96.8288,33.10632
-96.82872,33.10718
-96.82862,32.74914
-96.82862,33.10968
-96.82794,32.74647
-96.82784,33.15252
-96.82767,32.74242
-96.82723,33.10729
-96.82684,39.0301
-96.82677,32.95367
-96.82635,33.13016
-96.82556,32.96166
-96.82424,32.95346
-96.82306,32.96181
-96.8229,33.15056
-96.82282,33.07974
-96.82281,33.07925
-96.82256,33.07594
-96.82255,33.07631
-96.82209,33.07702
-96.82168,33.07618
-96.81946,32.85065
-96.81895,32.95088
-96.81265,32.81173
-96.81205,41.92948
-96.81167,32.81175
-96.81151,41.92933
-96.81125,32.81122
-96.81097,32.81063
-96.81066,47.26421
-96.81018,32.81041
-96.81004,32.81031
-96.80858,49.07555
-96.8074,32.79767
-96.80558,32.78959
-96.80485,33.08997
-96.80475,32.86428
-96.80473,32.79476
-96.80455,46.83208
-96.80426,32.81273
-96.80414,32.79239
-96.80268,32.95303
-96.80263,32.99084
-96.80208,40.04862
-96.80177,39.02534
-96.80176,32.98864
-96.8013,32.95124
-96.80098,32.79799
-96.80075,32.78046
-96.80004,44.30807
-96.79995,32.77945
-96.79978,32.78191
-96.79971,44.31045
-96.79922,32.76998
-96.79905,44.30509
-96.79891,44.30924
-96.79888,44.30834
-96.79888,44.30896
-96.79887,44.30813
-96.79887,44.30995
-96.79878,32.78088
-96.79849,32.99927
-96.79844,44.30953
-96.79841,44.30809
-96.79829,32.78067
-96.79812,32.77993
-96.79611,46.90416
-96.79601,32.78119
-96.79463,43.46163
-96.79352,32.76609
-96.79318,32.76586
-96.79253,32.77794
-96.79122,32.79394
-96.78933,46.87683
-96.78926,46.87821
-96.78884,46.87427
-96.78883,46.87408
-96.78878,32.79544
-96.78859,46.87684
-96.78851,46.87572
-96.78816,40.84149
-96.78813,46.87566
-96.78742,46.87713
-96.78678,46.87934
-96.78596,32.78329
-96.7853,32.78379
-96.78506,32.78427
-96.78492,32.82089
-96.78463,32.78234
-96.78402,32.78446
-96.78359,32.78516
-96.78356,32.78405
-96.78352,32.78379
-96.78314,40.95592
-96.78299,32.78416
-96.78277,32.78205
-96.7825,32.78426
-96.77896,32.81506
-96.77884,32.81495
-96.77568,32.8381
-96.77504,32.83808
-96.77053,44.29878
-96.7705,32.81039
-96.77039,32.81552
-96.77038,32.84243
-96.77038,32.8514
-96.77001,32.81521
-96.77001,32.82421
-96.7698,44.29831
-96.76979,32.82341
-96.76837,43.54538
-96.76797,32.86941
-96.76785,32.86983
-96.76705,46.87464
-96.76695,46.87521
-96.76687,32.78147
-96.76685,46.87492
-96.76662,32.78189
-96.76494,45.33287
-96.76376,39.41725
-96.76192,32.79719
-96.76147,32.81161
-96.75344,43.51357
-96.75162,29.94666
-96.75146,32.83552
-96.75142,46.98864
-96.75012,32.83699
-96.7498,32.99349
-96.74889,40.28975
-96.74837,32.79413
-96.74742,40.79876
-96.74669,40.2541
-96.74615,40.30155
-96.7396,32.97734
-96.73774,32.96455
-96.73202,32.81241
-96.72799,43.55106
-96.72776,43.55179
-96.72769,43.55106
-96.72742,40.87759
-96.7271,43.54441
-96.72702,43.54546
-96.72701,40.87715
-96.727,43.54386
-96.72687,42.27756
-96.72687,42.2777
-96.7266,43.54544
-96.72657,43.5451
-96.72656,43.54623
-96.72503,43.54439
-96.72484,43.54438
-96.72437,43.54369
-96.72431,46.87507
-96.72325,40.86999
-96.72055,32.90043
-96.72009,43.5488
-96.71703,40.86958
-96.71604,32.87757
-96.71464,43.54845
-96.71211,40.81441
-96.71104,32.84642
-96.71081,40.81461
-96.71054,40.81559
-96.71037,40.81572
-96.71025,40.81604
-96.71024,39.11625
-96.70972,40.81388
-96.70942,40.81493
-96.7091,40.81528
-96.70889,40.81563
-96.70743,40.81414
-96.70576,33.13691
-96.7053,40.80982
-96.7053,40.81008
-96.70525,40.81525
-96.70502,33.00135
-96.70437,40.8138
-96.70387,40.81446
-96.70383,40.81383
-96.7036,40.77941
-96.7016,40.81491
-96.70144,40.81392
-96.70138,40.81456
-96.70108,33.00159
-96.70095,32.86532
-96.70087,40.81342
-96.70077,40.81338
-96.70073,40.81377
-96.7007,32.83448
-96.70045,40.81344
-96.7004,33.01813
-96.70039,40.8138
-96.70035,33.01953
-96.69911,43.43168
-96.69811,40.7276
-96.69786,32.83763
-96.6977,32.97538
-96.69763,40.81339
-96.69684,33.17596
-96.69672,32.83952
-96.69313,40.72182
-96.69233,40.81154
-96.68614,35.4859
-96.68612,32.86535
-96.68558,43.52877
-96.68401,33.0885
-96.68082,40.7387
-96.66864,40.98541
-96.6638,40.75672
-96.66322,32.84225
-96.66312,32.84233
-96.65422,40.75809
-96.65344,40.8283
-96.6517,33.19843
-96.64994,39.84187
-96.64969,44.43493
-96.64805,40.75693
-96.64376,49.51648
-96.64304,40.75905
-96.63572,45.22071
-96.63538,40.85721
-96.63498,45.22019
-96.6349,40.85725
-96.63261,40.61946
-96.63081,43.53588
-96.626,40.79769
-96.62448,40.84335
-96.62439,40.82121
-96.62371,40.78383
-96.61691,33.19807
-96.61596,33.19738
-96.61577,39.18869
-96.61481,33.19736
-96.61462,28.63924
-96.6134,45.22545
-96.6129,33.19695
-96.60733,40.76179
-96.60727,40.82729
-96.60431,42.75661
-96.58928,39.19763
-96.57579,39.18583
-96.57526,39.18583
-96.57517,39.18455
-96.57471,39.18534
-96.57468,39.18629
-96.57385,39.1856
-96.57353,39.18554
-96.57337,39.20824
-96.56221,39.17954
-96.56109,39.17916
-96.53982,29.69495
-96.53179,40.91283
-96.52893,48.57534
-96.50677,32.92082
-96.50248,43.71568
-96.49095,38.66146
-96.48793,42.14822
-96.48072,44.23684
-96.47538,41.45179
-96.4684,43.58287
-96.45357,43.13047
-96.43456,45.56816
-96.43024,40.81595
-96.42771,31.40767
-96.42624,44.50671
-96.42041,46.65209
-96.41713,32.93586
-96.41708,42.41548
-96.41513,42.42011
-96.40814,42.49506
-96.40265,33.51675
-96.40204,42.49024
-96.39795,43.84967
-96.39703,30.16679
-96.39678,30.16582
-96.39674,42.49451
-96.39587,42.51224
-96.39433,42.49556
-96.37436,30.67399
-96.37365,30.67333
-96.37325,34.0036
-96.37317,30.67232
-96.37308,30.67415
-96.36889,41.03896
-96.36439,43.61397
-96.35364,42.40083
-96.35118,42.43762
-96.34735,30.61694
-96.34703,30.61882
-96.34631,30.61781
-96.34557,30.61855
-96.33795,30.63122
-96.32095,30.61881
-96.31569,46.87888
-96.30346,30.66182
-96.29845,37.81729
-96.29435,37.81927
-96.29409,40.84086
-96.29335,37.81885
-96.2905,42.62647
-96.28133,41.28263
-96.2749,32.73628
-96.24799,41.14007
-96.24701,41.01004
-96.24036,34.19934
-96.23681,41.28261
-96.23594,41.26781
-96.23484,40.20695
-96.23157,41.29255
-96.22147,28.71416
-96.21786,34.53974
-96.21441,41.20547
-96.19898,41.20375
-96.19761,41.2041
-96.19729,41.18983
-96.19562,41.24758
-96.1956,41.24777
-96.19013,41.2329
-96.18972,41.23293
-96.18765,38.42053
-96.18594,41.26133
-96.18544,40.6573
-96.18539,41.23466
-96.18202,48.70051
-96.18059,38.40533
-96.18044,38.40689
-96.17959,41.23257
-96.17765,43.0799
-96.17663,43.08561
-96.17599,41.23221
-96.1743,41.29335
-96.17278,38.41202
-96.16051,41.26205
-96.15999,41.23495
-96.1596,41.29273
-96.15901,41.2474
-96.15866,41.29131
-96.15755,41.29559
-96.156,41.26547
-96.15232,42.12891
-96.14308,45.80852
-96.14219,41.2326
-96.14104,47.69816
-96.13587,41.54416
-96.13379,41.0816
-96.12351,41.54261
-96.1235,41.20986
-96.12265,41.23495
-96.11982,47.67304
-96.11837,41.23273
-96.11401,41.24758
-96.11216,36.0
-96.10215,33.11479
-96.10206,41.1801
-96.10157,41.17996
-96.09475,40.17818
-96.09304,41.26567
-96.09013,41.26659
-96.08723,30.60199
-96.08363,41.28948
-96.08302,41.28528
-96.08106,41.2069
-96.08104,41.20732
-96.08084,30.5973
-96.08013,41.28621
-96.07534,41.30845
-96.07054,41.28619
-96.07051,41.28699
-96.06749,42.48237
-96.06567,41.14497
-96.05353,41.305
-96.05331,41.30492
-96.05331,41.30499
-96.04799,41.24963
-96.04775,41.24964
-96.04762,41.24914
-96.04455,41.17685
-96.04454,41.20249
-96.0414,41.18914
-96.03932,41.2642
-96.0382,41.13931
-96.03746,41.2769
-96.03258,41.26263
-96.03244,41.24827
-96.03193,41.26171
-96.02522,41.22007
-96.02429,41.27633
-96.02127,41.24916
-96.01106,35.95179
-96.01006,41.28746
-96.00911,41.28605
-96.0087,41.28488
-96.00803,41.28481
-96.00642,41.28483
-95.99474,36.15273
-95.99461,41.24224
-95.9938,41.15204
-95.99224,36.15172
-95.99072,41.25985
-95.98989,36.15879
-95.98974,36.15118
-95.98947,36.15268
-95.98932,36.15994
-95.98866,41.27354
-95.9876,36.15673
-95.98688,36.15663
-95.98687,36.15662
-95.98627,36.15603
-95.98611,36.15959
-95.98467,36.15483
-95.98466,41.28107
-95.9787,36.02202
-95.978,41.25262
-95.97591,36.11518
-95.9759,36.11447
-95.97555,36.1031
-95.97551,36.11481
-95.97539,36.01919
-95.97289,36.14073
-95.97026,36.14072
-95.96918,41.25791
-95.96786,41.25763
-95.96508,41.14156
-95.96271,36.04157
-95.96122,36.15643
-95.9593,41.25946
-95.95927,36.02742
-95.95891,36.02652
-95.95857,36.08069
-95.95465,41.23669
-95.95431,36.03445
-95.94109,41.2564
-95.94016,41.25994
-95.93972,36.11547
-95.93698,41.25672
-95.93533,30.06939
-95.93487,41.25574
-95.93469,41.26746
-95.93423,41.26626
-95.93417,41.26673
-95.93356,41.26609
-95.93339,43.63422
-95.93278,41.25528
-95.93227,41.25636
-95.93217,41.25564
-95.93144,41.25424
-95.93109,41.25515
-95.93067,41.26155
-95.93057,41.26144
-95.92981,41.26025
-95.92981,41.26041
-95.92959,41.26142
-95.92948,41.25561
-95.92945,41.25568
-95.92461,36.07331
-95.9242,36.07734
-95.92135,36.03342
-95.92102,36.09016
-95.92086,41.15912
-95.92012,41.11304
-95.91531,41.2513
-95.91482,41.25161
-95.91463,41.25139
-95.91079,41.24269
-95.90492,36.11141
-95.90416,36.16596
-95.90404,36.10149
-95.90404,36.1363
-95.90399,36.11824
-95.90384,36.10103
-95.90373,36.1033
-95.90299,36.1192
-95.90262,36.01704
-95.89924,41.30069
-95.89853,41.30112
-95.89434,41.13632
-95.88836,36.06325
-95.88735,36.19081
-95.88708,36.04701
-95.88633,41.23625
-95.88544,35.95136
-95.88229,36.10411
-95.86953,36.11956
-95.86895,36.08653
-95.86796,36.04681
-95.86622,41.26261
-95.86581,41.25809
-95.86115,40.67656
-95.8459,46.81177
-95.84557,41.26252
-95.83926,38.63609
-95.83572,36.11858
-95.83412,29.39721
-95.82808,46.64354
-95.82331,46.81051
-95.81897,30.54454
-95.81459,36.0643
-95.81392,36.03234
-95.79791,35.97532
-95.79104,36.0509
-95.79102,36.05082
-95.79052,36.05529
-95.7818,39.0293
-95.78004,36.0446
-95.77586,30.35565
-95.77458,29.74083
-95.77415,29.73988
-95.77094,29.78845
-95.76467,39.01497
-95.7631,48.84555
-95.762,29.73565
-95.7581,29.78439
-95.75295,29.67446
-95.75092,29.77007
-95.75085,29.77129
-95.74992,29.77031
-95.73448,29.78691
-95.7341,29.78751
-95.73235,37.22312
-95.73087,40.48222
-95.72703,39.04363
-95.72646,39.04355
-95.72409,44.94413
-95.72385,44.94321
-95.72383,44.94308
-95.71686,46.55376
-95.71611,29.9797
-95.71433,46.28151
-95.71383,46.28127
-95.7127,29.64766
-95.70883,29.83168
-95.70866,30.18612
-95.7043,29.83218
-95.70156,46.72852
-95.69635,39.03869
-95.69577,39.02914
-95.69501,41.14339
-95.69113,36.06125
-95.68783,29.81144
-95.68717,38.98252
-95.68546,29.81274
-95.68448,29.89229
-95.68448,29.89236
-95.68373,29.87889
-95.68283,29.84988
-95.68279,29.86232
-95.68219,29.86571
-95.68126,29.64843
-95.6683,39.05133
-95.65017,29.64517
-95.64256,47.24617
-95.64188,42.63005
-95.64065,29.88021
-95.62504,29.99484
-95.62476,29.73728
-95.62448,29.74915
-95.62302,29.59303
-95.62181,29.59609
-95.62159,29.59678
-95.6213,29.99473
-95.62065,29.597
-95.61881,29.72168
-95.61612,30.09644
-95.61523,29.914
-95.61516,29.98894
-95.60972,29.98147
-95.60891,30.01237
-95.60809,29.75444
-95.60309,40.0634
-95.60252,40.06285
-95.5932,43.62009
-95.58973,29.78295
-95.5874,30.01327
-95.5861,29.58103
-95.58459,29.94785
-95.58335,29.89154
-95.57296,29.73762
-95.57241,46.59372
-95.57106,29.99598
-95.5697,29.04433
-95.56372,29.61817
-95.56146,29.78335
-95.54984,29.76682
-95.54252,29.78116
-95.53964,29.7922
-95.53852,30.0982
-95.5383,30.09856
-95.53758,44.81148
-95.53608,30.1827
-95.53437,39.85313
-95.53297,29.78296
-95.52751,39.85821
-95.52733,39.85722
-95.52507,29.88194
-95.52368,29.80748
-95.50558,30.06775
-95.50535,30.06788
-95.50416,32.66921
-95.50211,29.80357
-95.49925,30.07449
-95.49753,29.80331
-95.49662,29.6359
-95.48891,32.66261
-95.48766,29.99231
-95.48647,29.74863
-95.48514,30.04274
-95.48097,29.9202
-95.48002,29.89162
-95.47817,29.73212
-95.47736,43.17893
-95.47671,43.18005
-95.47586,29.88955
-95.47572,29.80899
-95.47418,29.8395
-95.47069,44.22288
-95.46847,30.33264
-95.4682,30.08215
-95.4645,29.78595
-95.46282,29.66614
-95.46274,29.82446
-95.46122,30.16227
-95.46007,29.74514
-95.45931,30.16077
-95.45734,29.93301
-95.45726,29.75433
-95.45389,30.16432
-95.45164,30.01492
-95.44963,29.04131
-95.44903,29.74709
-95.44664,30.12804
-95.43637,30.12629
-95.43496,30.05411
-95.43432,30.05378
-95.43213,29.80252
-95.43169,29.16493
-95.43117,29.82917
-95.42613,29.7344
-95.42609,29.7793
-95.42602,29.98952
-95.42451,29.73581
-95.42427,45.39938
-95.42287,29.80425
-95.42147,29.74102
-95.42129,29.74106
-95.42105,30.08125
-95.41948,29.74142
-95.41832,29.95011
-95.41819,29.80404
-95.41734,29.76068
-95.4148,29.77077
-95.4133,29.8978
-95.41195,29.80861
-95.41006,29.81128
-95.40975,29.82157
-95.40946,29.78833
-95.40919,29.79025
-95.40911,29.77082
-95.40862,29.7389
-95.40645,29.77931
-95.40388,29.77043
-95.40378,29.77042
-95.4011,29.74267
-95.40068,29.73416
-95.40036,29.71922
-95.40036,29.74338
-95.39983,29.76924
-95.39918,30.12117
-95.3986,29.75835
-95.39811,29.87049
-95.39789,29.76817
-95.39679,29.74261
-95.39678,29.74274
-95.39565,29.74363
-95.39314,29.78171
-95.39165,29.76776
-95.3909,29.74779
-95.3906,29.74779
-95.39028,29.74791
-95.39,29.73477
-95.38931,29.80881
-95.38689,29.77081
-95.38495,29.85545
-95.38339,29.76857
-95.38238,29.74739
-95.38223,29.77014
-95.38172,29.83768
-95.38157,29.80438
-95.38146,29.80464
-95.38086,29.76801
-95.38077,29.74366
-95.38015,30.01898
-95.3799,29.73832
-95.37979,29.73848
-95.37966,30.02831
-95.37964,29.73865
-95.37963,29.74199
-95.37942,29.74003
-95.37883,29.74869
-95.37879,29.74866
-95.37855,29.74915
-95.37844,29.74926
-95.3779,29.76753
-95.37789,29.74957
-95.37752,29.74528
-95.3775,46.5187
-95.37725,29.74982
-95.37693,29.75339
-95.37635,29.75256
-95.37621,29.74574
-95.376,29.74911
-95.37566,29.74298
-95.37518,29.83952
-95.37443,29.80424
-95.37362,29.74492
-95.36955,29.81182
-95.36891,29.78653
-95.36733,42.02275
-95.36551,29.74438
-95.36449,29.74404
-95.36311,29.75897
-95.36304,29.79842
-95.36295,29.75973
-95.36259,29.76131
-95.36244,29.76042
-95.36189,29.76054
-95.36188,29.76106
-95.36185,29.76118
-95.3618,29.76229
-95.36173,29.76241
-95.3614,29.76116
-95.36139,29.75462
-95.36133,29.76182
-95.36125,29.7619
-95.36124,29.76239
-95.36124,29.76349
-95.36121,29.76195
-95.36115,29.76203
-95.36101,29.7622
-95.36082,29.76245
-95.36063,29.76345
-95.36058,29.76343
-95.35996,29.76349
-95.35653,29.77399
-95.35648,29.74936
-95.35632,29.70213
-95.35599,42.01663
-95.35553,29.75215
-95.35548,29.90309
-95.35467,29.75169
-95.35266,29.7583
-95.34615,29.98565
-95.34582,29.98598
-95.34525,29.98565
-95.34259,29.98776
-95.33888,29.98779
-95.33885,29.98566
-95.33812,29.98579
-95.33787,29.7475
-95.33781,29.71886
-95.33713,29.72282
-95.33666,48.28187
-95.33541,29.98544
-95.33362,29.98564
-95.3335,29.98565
-95.33297,29.94431
-95.33254,29.98564
-95.33228,29.98774
-95.33149,29.73458
-95.32412,37.33753
-95.31867,29.89795
-95.31702,48.90531
-95.30746,40.83357
-95.30732,40.83371
-95.30574,38.95599
-95.30519,38.95657
-95.30455,32.2905
-95.30427,40.83362
-95.29658,32.35098
-95.28318,38.97081
-95.2756,32.31244
-95.27272,47.65352
-95.27174,29.99977
-95.26756,37.34219
-95.26607,37.33887
-95.26591,37.34282
-95.26512,30.0015
-95.26411,30.00611
-95.26344,38.96723
-95.26255,38.96742
-95.26178,30.0043
-95.25984,38.94424
-95.25958,38.92574
-95.25946,32.61216
-95.25852,46.92015
-95.25445,29.68462
-95.24718,30.0615
-95.24482,38.96778
-95.24159,29.99881
-95.23673,29.66191
-95.23627,38.96986
-95.23625,29.44619
-95.23615,38.96476
-95.23613,38.97251
-95.2357,38.9659
-95.2357,38.96675
-95.2357,38.97016
-95.23568,38.96496
-95.23567,38.96583
-95.23566,38.97036
-95.23537,38.96765
-95.235,38.96927
-95.23491,38.96927
-95.23491,38.97022
-95.23398,29.43917
-95.22932,38.9777
-95.22929,30.74821
-95.22872,38.96841
-95.22827,38.9777
-95.21682,29.93535
-95.21326,30.73986
-95.20382,29.99958
-95.19794,30.18323
-95.17044,29.99678
-95.15603,29.64588
-95.15374,29.58274
-95.15358,29.58302
-95.15171,37.79151
-95.15017,43.32399
-95.14965,29.54698
-95.14948,29.54566
-95.14925,43.34129
-95.14711,29.5844
-95.14541,29.56595
-95.14335,41.23489
-95.14329,41.23489
-95.14013,43.36257
-95.13582,41.91228
-95.13137,43.36766
-95.12978,43.36674
-95.12977,29.52397
-95.12642,29.54592
-95.12606,29.52697
-95.12522,43.41974
-95.12379,39.12926
-95.12316,29.55644
-95.12198,39.56209
-95.11984,39.56208
-95.1168,29.53919
-95.11504,39.56105
-95.10511,29.54558
-95.10348,29.54397
-95.10204,43.42408
-95.10204,43.42416
-95.10193,43.42401
-95.09837,46.75523
-95.09182,29.42669
-95.09162,29.5501
-95.08989,39.78599
-95.08172,29.31496
-95.06031,46.9209
-95.05982,46.92128
-95.05336,29.56542
-95.05306,29.56546
-95.04763,45.12079
-95.04631,29.47597
-95.0448,29.56409
-95.04204,29.56056
-95.04102,29.56238
-95.03808,40.74005
-95.03379,29.55866
-95.02138,29.54504
-95.01976,29.66474
-95.01846,36.52423
-95.01491,45.1239
-94.98092,29.50811
-94.9764,38.97717
-94.97119,38.97318
-94.96397,29.74644
-94.95266,45.73702
-94.95072,38.49063
-94.94484,32.72991
-94.94024,29.33063
-94.94014,29.33061
-94.9299,43.93913
-94.91349,39.31805
-94.91332,39.31806
-94.90213,39.41129
-94.90152,39.41124
-94.893,30.04538
-94.88457,38.94509
-94.883,47.47033
-94.8815,47.47131
-94.87908,47.46769
-94.8731,40.34936
-94.87272,40.34897
-94.87258,40.34592
-94.87148,40.34801
-94.87146,40.34829
-94.86757,29.24477
-94.86515,42.06374
-94.86504,42.06405
-94.86045,45.6016
-94.85366,39.76567
-94.82421,39.1216
-94.82235,41.90834
-94.82222,41.97895
-94.82209,39.12146
-94.80574,39.78671
-94.8024,47.57734
-94.79603,29.3069
-94.79591,29.30694
-94.79555,29.28514
-94.79549,43.31987
-94.79511,38.85363
-94.79359,29.30532
-94.79203,29.28939
-94.7916,29.30808
-94.79116,29.30547
-94.79095,29.30537
-94.79095,29.30864
-94.78443,29.30994
-94.7828,29.29443
-94.7815,45.13724
-94.77855,38.99862
-94.7664,38.90966
-94.76249,38.95508
-94.75726,39.22227
-94.7486,45.82429
-94.74055,38.92877
-94.73973,32.4953
-94.73423,40.99022
-94.72592,38.91338
-94.72523,38.9134
-94.72279,39.29873
-94.7222,39.29916
-94.71971,39.29851
-94.7026,38.91392
-94.68111,45.15139
-94.6781,41.8706
-94.67382,38.91024
-94.67204,38.98441
-94.67199,38.91549
-94.67167,38.91575
-94.67057,38.98364
-94.66923,38.93946
-94.66727,38.86856
-94.66684,38.86595
-94.66495,38.89977
-94.66481,39.25169
-94.66344,38.91157
-94.6621,38.88112
-94.66009,39.24184
-94.65907,38.88206
-94.65671,39.23225
-94.65385,39.02185
-94.65321,39.25336
-94.65102,39.02242
-94.64859,39.02263
-94.64789,39.10558
-94.64752,38.91728
-94.64685,38.91728
-94.64664,38.95729
-94.64649,38.95634
-94.6419,38.91348
-94.64052,37.07465
-94.63937,37.07743
-94.63904,37.07576
-94.63604,39.10088
-94.6237,39.11036
-94.62367,39.11002
-94.62249,39.10565
-94.62121,39.11017
-94.61716,39.04384
-94.61594,39.08956
-94.60718,39.05008
-94.60677,39.10428
-94.60599,39.05716
-94.60515,39.05739
-94.60475,39.09404
-94.6046,39.09489
-94.60432,39.04999
-94.60421,39.04998
-94.60403,39.10419
-94.60312,39.05706
-94.60035,48.71262
-94.60008,42.63037
-94.59914,39.10213
-94.59686,39.08381
-94.59599,39.0568
-94.59541,39.08132
-94.59479,38.99258
-94.59446,38.98223
-94.59424,38.97803
-94.59399,39.04076
-94.59228,39.0527
-94.59218,39.05267
-94.59204,38.18891
-94.59178,39.05285
-94.59172,39.05203
-94.59169,39.05291
-94.5915,39.05215
-94.59148,39.05267
-94.59123,39.05279
-94.59112,39.0522
-94.59106,39.05256
-94.5909,39.05298
-94.59063,39.05306
-94.59052,39.05195
-94.59014,39.05138
-94.59005,39.08687
-94.59002,39.05223
-94.58996,39.05369
-94.58984,39.09144
-94.58936,39.05369
-94.58924,39.10391
-94.58898,39.05387
-94.58883,39.08765
-94.58866,39.10455
-94.58854,39.10197
-94.58801,39.1973
-94.58742,39.03659
-94.58707,39.08794
-94.58665,39.10358
-94.58664,39.09037
-94.58636,39.05543
-94.58633,39.10477
-94.58609,39.04603
-94.58596,39.0564
-94.5858,39.09203
-94.58572,39.05963
-94.58566,39.10272
-94.58546,39.09292
-94.58541,38.89123
-94.58539,38.89054
-94.58526,39.0956
-94.58506,39.09003
-94.58479,39.1084
-94.58453,39.09966
-94.58431,39.1035
-94.5842,39.09844
-94.58411,39.10939
-94.58396,39.08896
-94.58387,38.94712
-94.58347,39.08935
-94.58343,39.09874
-94.5834,39.0929
-94.58324,39.02711
-94.58286,39.08341
-94.58274,39.09162
-94.5819,39.09818
-94.58177,39.09837
-94.58161,39.09458
-94.58139,39.09739
-94.58139,39.0975
-94.58138,39.10577
-94.58135,39.09809
-94.58135,39.0982
-94.58135,39.09826
-94.58134,39.09779
-94.58134,39.09788
-94.58119,39.10776
-94.58109,39.09122
-94.58108,39.09135
-94.58095,39.09504
-94.58064,39.10785
-94.58052,39.07067
-94.58036,39.09277
-94.57996,39.09944
-94.57993,39.07068
-94.57993,39.10036
-94.57992,39.09233
-94.57982,39.09318
-94.57956,39.06618
-94.57879,39.14066
-94.57876,39.09151
-94.57867,39.09346
-94.57759,39.09094
-94.57753,39.09173
-94.57743,39.221
-94.57726,39.09176
-94.57652,39.22316
-94.57626,39.1114
-94.57576,39.0917
-94.57553,39.14273
-94.57385,39.02319
-94.57144,39.11786
-94.56374,39.08753
-94.54865,39.1205
-94.54619,39.09853
-94.54106,36.18402
-94.53458,42.52942
-94.53391,42.53006
-94.53328,39.00726
-94.53185,39.10204
-94.52636,44.53306
-94.52202,39.24128
-94.52102,39.17694
-94.51651,46.82109
-94.51367,37.08568
-94.51347,37.09013
-94.51322,37.08509
-94.51204,48.16705
-94.50962,39.11228
-94.5004,41.9884
-94.48911,36.54589
-94.48348,44.31315
-94.47985,44.72016
-94.47452,39.04934
-94.46693,34.43229
-94.46653,44.31656
-94.46432,34.43246
-94.45514,34.7066
-94.45123,45.60837
-94.45045,45.60952
-94.43617,39.23597
-94.42625,39.03747
-94.4259,35.3879
-94.4231,35.38601
-94.41892,39.24619
-94.41771,39.0927
-94.41546,39.09262
-94.40315,35.318
-94.40235,38.91753
-94.39484,45.58145
-94.37813,38.91187
-94.37678,38.91247
-94.37604,38.91253
-94.37491,38.91301
-94.36692,32.54552
-94.36479,32.54695
-94.36424,41.05747
-94.36319,44.5405
-94.36134,41.05894
-94.36134,41.059
-94.35977,39.00373
-94.32699,35.3446
-94.3248,43.22036
-94.31871,45.56472
-94.31744,41.50473
-94.31555,46.49285
-94.30885,45.08007
-94.29631,36.27708
-94.29406,45.83024
-94.27923,39.01861
-94.27848,39.01858
-94.27546,39.00422
-94.23702,43.06899
-94.2276,45.61613
-94.22362,30.26974
-94.22157,46.59219
-94.22081,36.37741
-94.2193,45.75229
-94.21063,36.36732
-94.21017,36.36762
-94.20947,36.36665
-94.20817,47.9273
-94.20263,36.36643
-94.19832,46.35557
-94.19696,44.9033
-94.19629,36.3645
-94.19039,36.31619
-94.18865,44.27628
-94.1884,44.27623
-94.18781,36.30813
-94.18441,36.29568
-94.17321,30.07457
-94.17299,30.07617
-94.16876,30.07943
-94.16749,30.08018
-94.16741,30.0792
-94.16642,36.06631
-94.1664,30.11758
-94.16601,36.06472
-94.16591,45.53551
-94.16527,36.06732
-94.16399,36.06697
-94.16382,36.06595
-94.16349,36.06593
-94.16348,36.06625
-94.1632,36.06629
-94.16273,36.06653
-94.16238,36.06652
-94.16207,36.06619
-94.16104,36.06278
-94.16078,36.06331
-94.16029,36.06379
-94.15895,45.56098
-94.15841,45.5612
-94.15799,45.5607
-94.15727,45.56042
-94.14707,30.08615
-94.14236,30.08475
-94.14197,39.32072
-94.14048,45.55889
-94.13407,30.07153
-94.11789,36.33302
-94.11783,36.31686
-94.11692,36.3311
-94.11643,36.33213
-94.11578,36.33338
-94.11231,46.66732
-94.10863,46.6693
-94.08429,42.90891
-94.04636,44.96439
-94.04281,33.45521
-94.04118,43.23618
-94.01321,41.33432
-94.00715,44.16303
-94.0071,44.1631
-94.00665,44.16309
-94.00665,44.16368
-94.00655,44.16319
-94.00637,44.16336
-94.00625,44.16348
-94.00618,44.16408
-94.0054,44.16429
-94.00334,44.16655
-93.99701,30.90986
-93.99306,44.14561
-93.98709,29.97539
-93.98386,30.1309
-93.98314,29.95053
-93.97241,44.16971
-93.97094,45.06536
-93.96647,44.88452
-93.95851,29.99164
-93.95825,44.32493
-93.95818,44.32486
-93.95757,44.32333
-93.95757,44.32565
-93.95382,39.00019
-93.95146,41.5325
-93.94709,29.99318
-93.9335,40.62386
-93.92903,44.76775
-93.9141,45.64053
-93.88821,44.88536
-93.88584,41.61229
-93.88581,41.61179
-93.87531,45.17176
-93.8708,41.61318
-93.86751,41.61556
-93.83809,41.5997
-93.83477,41.6137
-93.83286,42.4697
-93.83129,48.63324
-93.80469,41.56481
-93.79285,41.64441
-93.79008,44.84988
-93.78916,45.04151
-93.78621,44.84996
-93.78442,41.56186
-93.78371,41.56069
-93.78353,41.56069
-93.78293,41.56069
-93.78223,41.5607
-93.77407,41.67359
-93.77187,41.59103
-93.77178,38.26032
-93.77177,41.59123
-93.7707,31.24575
-93.7631,35.44583
-93.76273,41.48354
-93.75516,41.61846
-93.75365,41.61076
-93.75317,41.59393
-93.74934,41.59666
-93.74911,32.51319
-93.74252,38.76321
-93.7419,38.76358
-93.74142,41.61452
-93.74129,38.76356
-93.74088,38.76458
-93.74075,38.76422
-93.74059,36.39939
-93.74027,41.59847
-93.74003,41.60273
-93.73987,41.65562
-93.73887,41.60607
-93.73878,38.76367
-93.73867,41.65559
-93.73852,41.6605
-93.73811,41.61604
-93.73695,36.40224
-93.73678,36.40307
-93.73671,41.60848
-93.73623,36.40229
-93.73553,45.44606
-93.73487,41.6139
-93.73475,41.65483
-93.7344,41.57245
-93.73411,45.33419
-93.73392,32.50063
-93.73364,32.50123
-93.73308,41.61435
-93.73048,41.18111
-93.72989,45.08379
-93.7284,41.62825
-93.72351,41.61519
-93.72284,41.59999
-93.72165,41.57981
-93.72059,41.59998
-93.71992,41.61382
-93.71436,41.77099
-93.71362,41.62896
-93.7108,41.62886
-93.70914,41.5721
-93.70912,41.57198
-93.70869,41.56995
-93.70639,46.53464
-93.70625,41.58551
-93.70496,37.34114
-93.69903,41.65089
-93.6984,41.66027
-93.69733,41.67364
-93.69711,41.63041
-93.69624,41.64862
-93.68459,32.52916
-93.6821,41.60021
-93.6793,42.01105
-93.67801,41.62855
-93.67551,44.19884
-93.67527,44.19885
-93.67457,44.19886
-93.67337,41.61953
-93.67326,41.62081
-93.66674,44.5443
-93.66653,44.93822
-93.65814,44.93578
-93.65036,42.0204
-93.65035,42.02108
-93.65033,42.02236
-93.65032,42.02168
-93.64992,42.02173
-93.64974,42.02173
-93.64829,42.02095
-93.64379,41.58598
-93.63991,41.58793
-93.63924,41.58644
-93.6382,41.5874
-93.63811,44.66645
-93.6324,41.56839
-93.62966,45.49174
-93.62902,41.5557
-93.62557,41.5499
-93.62278,41.73153
-93.6223,41.58655
-93.62223,41.58599
-93.62216,41.58512
-93.62216,41.58542
-93.62206,41.58555
-93.62201,41.58545
-93.62187,42.07774
-93.62162,41.58539
-93.62131,41.58471
-93.62097,41.58536
-93.62058,41.58505
-93.62017,41.6045
-93.62016,41.58502
-93.6201,41.58489
-93.61994,41.58507
-93.61988,41.58494
-93.61975,41.58172
-93.61969,41.58528
-93.61952,41.58506
-93.61818,41.71312
-93.61811,41.71273
-93.61782,41.71341
-93.61398,42.84612
-93.61356,41.58778
-93.61336,41.5765
-93.61194,41.59073
-93.6119,41.59088
-93.61106,41.58987
-93.61089,41.58964
-93.61088,41.5899
-93.61066,41.58882
-93.60579,41.72936
-93.60283,44.78839
-93.60004,41.70684
-93.59981,41.72382
-93.59978,41.70982
-93.59974,41.75384
-93.59933,41.73628
-93.58531,41.73228
-93.56635,44.21828
-93.56123,41.36149
-93.56075,41.3616
-93.56073,41.36043
-93.56013,41.3615
-93.54748,37.43628
-93.54068,49.42068
-93.53884,49.42111
-93.52924,41.89882
-93.52678,44.79794
-93.52594,44.79853
-93.52338,46.32823
-93.51722,44.9696
-93.50903,44.0778
-93.50153,41.64304
-93.49716,31.5633
-93.4966,39.3587
-93.49644,39.35762
-93.48508,44.78617
-93.46235,41.70063
-93.44425,44.22684
-93.44338,44.99633
-93.42383,36.63266
-93.42228,43.56199
-93.41098,44.92451
-93.40575,48.603
-93.3922,48.61016
-93.38983,45.19857
-93.38919,45.199
-93.38849,45.19856
-93.38805,45.19812
-93.38158,45.00846
-93.37622,45.03314
-93.37535,45.18685
-93.35992,45.15321
-93.35883,44.86761
-93.34993,45.16012
-93.34901,44.96746
-93.34152,44.77811
-93.33764,37.13902
-93.33402,37.21253
-93.32919,44.91275
-93.32322,37.14432
-93.31526,44.94963
-93.3148,37.22615
-93.31458,44.92426
-93.31147,46.61067
-93.3089,44.88296
-93.30856,41.01578
-93.30856,41.01602
-93.30851,41.01472
-93.30833,37.1608
-93.30773,37.261
-93.30773,41.01432
-93.3037,44.74582
-93.2991,44.94677
-93.2985,44.94885
-93.29758,37.15108
-93.29731,45.87745
-93.29724,44.95403
-93.29689,45.87718
-93.29684,44.9485
-93.29681,44.9491
-93.29625,44.94938
-93.29415,37.20853
-93.29384,37.20912
-93.29348,37.20777
-93.29284,37.20887
-93.2925,37.20799
-93.29216,37.20739
-93.29215,37.20733
-93.29214,37.20785
-93.29165,44.96204
-93.29136,44.94823
-93.29127,37.20882
-93.29066,37.20908
-93.29032,44.91221
-93.28876,44.94807
-93.28838,44.94802
-93.28834,44.94781
-93.28627,44.97996
-93.28584,44.88314
-93.28155,44.99868
-93.28061,44.9901
-93.28047,45.00012
-93.28003,44.98516
-93.27968,37.13885
-93.27949,44.97498
-93.27861,44.98866
-93.27857,44.89266
-93.27825,44.93923
-93.27817,44.98885
-93.27812,44.93397
-93.27811,44.98751
-93.27779,44.98806
-93.27756,44.95123
-93.27754,44.97008
-93.27752,44.78088
-93.27723,44.98484
-93.27707,44.74568
-93.27701,44.97613
-93.27697,44.97673
-93.27682,44.9554
-93.2765,44.97866
-93.27641,44.98514
-93.2761,44.97266
-93.276,44.98339
-93.27582,44.97844
-93.27567,37.15821
-93.27566,44.97835
-93.27551,44.97331
-93.27537,31.17053
-93.2746,44.97919
-93.27439,44.97408
-93.27425,44.97402
-93.27401,44.98041
-93.27392,36.53452
-93.27356,44.97853
-93.27337,44.98043
-93.27272,44.97861
-93.27252,44.97988
-93.27227,46.9954
-93.27203,44.9753
-93.27178,45.00512
-93.27148,44.98477
-93.27144,44.98301
-93.27139,44.9823
-93.27138,44.98347
-93.27107,44.98328
-93.27103,44.98573
-93.26919,44.9857
-93.26891,44.97566
-93.26888,43.82322
-93.26875,44.9858
-93.26783,45.40366
-93.26526,36.64916
-93.26353,42.5204
-93.26175,45.01013
-93.26138,37.19681
-93.26119,44.97832
-93.26095,44.97623
-93.26088,44.97839
-93.26046,44.94855
-93.25843,44.98714
-93.25829,37.24299
-93.25575,44.97627
-93.25565,44.98806
-93.25547,44.97667
-93.2553,36.64161
-93.25489,44.9887
-93.25458,44.98878
-93.25311,44.97515
-93.25209,44.99056
-93.25177,44.9746
-93.25154,45.00338
-93.2503,36.54304
-93.24988,36.64185
-93.24801,44.973
-93.24773,44.97335
-93.24759,44.99537
-93.24758,45.01366
-93.24712,44.92718
-93.24708,44.17436
-93.24706,44.96349
-93.24688,45.02131
-93.24437,45.00448
-93.24382,44.64773
-93.24065,44.79142
-93.24059,44.96262
-93.23989,37.14772
-93.2391,44.93432
-93.2391,44.93944
-93.23583,41.5985
-93.23559,41.59851
-93.23494,44.95636
-93.23448,45.13931
-93.23412,45.15835
-93.23369,44.94718
-93.23356,44.24912
-93.23298,44.95005
-93.23237,44.93423
-93.23236,44.92663
-93.23184,45.16878
-93.22972,44.98773
-93.22915,44.08601
-93.22845,44.97353
-93.22388,44.99359
-93.22322,44.99071
-93.2229,30.19849
-93.22278,44.91978
-93.22162,44.73784
-93.22021,44.94818
-93.2195,45.0844
-93.21846,30.20575
-93.2184,30.20557
-93.21827,30.20664
-93.21441,36.64398
-93.21361,44.97286
-93.21292,44.88537
-93.21278,44.88215
-93.21253,44.88275
-93.21246,44.88509
-93.2114,44.88437
-93.21115,44.88414
-93.20782,44.88017
-93.20748,44.88364
-93.20687,44.87975
-93.2064,44.87955
-93.20609,44.98778
-93.20538,44.88291
-93.20363,46.70227
-93.20091,44.88073
-93.19988,44.88106
-93.19776,45.05835
-93.19065,44.95819
-93.18683,44.91808
-93.18263,44.95758
-93.17792,44.93413
-93.17676,44.94668
-93.17587,44.68219
-93.17371,45.01589
-93.171,44.94643
-93.1708,44.83292
-93.17026,44.98092
-93.16397,40.0352
-93.16374,44.88737
-93.16158,44.45705
-93.15994,44.45741
-93.15826,44.84726
-93.14712,44.97097
-93.1458,44.99185
-93.14298,44.97032
-93.14243,44.8026
-93.13881,44.92705
-93.1358,44.64749
-93.13088,44.92699
-93.13079,44.85388
-93.12956,44.94008
-93.12779,44.92718
-93.12646,44.92811
-93.12622,44.73837
-93.12611,44.94419
-93.12589,44.73894
-93.12566,44.97032
-93.12146,44.96131
-93.12124,44.88459
-93.12103,44.94636
-93.11472,45.18169
-93.10907,45.18356
-93.10729,44.94119
-93.10709,42.36132
-93.10568,44.97795
-93.10562,44.99069
-93.10555,45.00063
-93.10228,41.52253
-93.09716,41.3179
-93.09627,41.3187
-93.09566,44.94486
-93.09566,44.9471
-93.09523,44.94619
-93.09389,44.95086
-93.09357,44.95084
-93.09331,44.94783
-93.09265,44.95257
-93.09257,44.95017
-93.08945,44.94707
-93.08856,44.95111
-93.08822,44.9262
-93.08802,44.95011
-93.08791,44.93871
-93.08619,31.76118
-93.08555,44.95042
-93.08522,45.79383
-93.07466,39.78624
-93.07337,44.96715
-93.07337,44.97008
-93.07184,44.96238
-93.07078,44.96243
-93.06586,44.96952
-93.05856,41.70222
-93.05413,34.51066
-93.05389,34.50984
-93.05289,41.69942
-93.05144,45.82984
-93.04698,48.44598
-93.01095,45.08553
-93.00888,45.08452
-93.00609,45.09034
-92.9939,38.18238
-92.99303,45.01205
-92.99254,45.0123
-92.99235,45.39613
-92.98902,43.65943
-92.98521,45.68764
-92.98376,45.03723
-92.97431,43.66982
-92.93853,39.43462
-92.93478,39.43308
-92.93449,44.60149
-92.93055,46.01007
-92.92381,47.42727
-92.91747,46.20072
-92.91593,41.40651
-92.90601,44.48783
-92.90484,44.9204
-92.87692,43.82185
-92.87567,40.7343
-92.86637,46.26174
-92.86524,46.13239
-92.85389,46.17922
-92.85357,44.73505
-92.85344,44.7334
-92.85203,44.74422
-92.85186,44.74345
-92.85155,44.74418
-92.85138,44.72363
-92.84891,44.74417
-92.84797,43.89033
-92.84756,43.89037
-92.84476,41.57813
-92.84147,46.31961
-92.83961,46.32036
-92.83691,30.48362
-92.82936,45.03551
-92.82929,45.03554
-92.82735,33.5803
-92.80599,45.05591
-92.801,44.74787
-92.78749,42.57771
-92.77451,42.36124
-92.76372,46.4522
-92.75551,44.06684
-92.7454,38.00705
-92.74428,38.97778
-92.7432,38.97657
-92.73449,44.0602
-92.72733,37.99891
-92.71704,38.1906
-92.7052,45.48859
-92.7045,37.98667
-92.68727,38.11396
-92.68058,43.06735
-92.6711,44.63055
-92.66642,45.02191
-92.65188,38.13091
-92.64921,38.13987
-92.63646,44.02931
-92.6274,44.85781
-92.62668,44.85773
-92.6265,44.85818
-92.626,44.85821
-92.62573,44.86203
-92.62547,44.8585
-92.62376,44.87131
-92.62243,47.53261
-92.58259,42.71086
-92.57734,38.34659
-92.5762,41.96152
-92.56781,44.10819
-92.55762,41.9646
-92.55518,43.36368
-92.54735,44.5626
-92.53958,47.46194
-92.5386,45.12402
-92.52477,48.12275
-92.52312,48.123
-92.5116,44.01751
-92.50018,31.29459
-92.49327,44.02189
-92.48954,43.86327
-92.48892,43.85509
-92.48863,44.03983
-92.48657,44.04024
-92.48606,43.95121
-92.48403,42.72594
-92.48356,42.72494
-92.48334,42.7259
-92.48268,45.57549
-92.48162,42.72539
-92.47825,44.03102
-92.47228,42.72593
-92.46954,42.72538
-92.46882,42.72564
-92.46595,47.4883
-92.46537,47.488
-92.46501,47.48842
-92.4647,44.02236
-92.46371,47.48993
-92.46369,44.0203
-92.46343,44.02013
-92.46249,44.04016
-92.46241,44.01407
-92.45967,44.17985
-92.45483,42.40674
-92.45277,46.7215
-92.44592,42.53634
-92.44585,31.31215
-92.44572,42.53544
-92.44572,42.53568
-92.44571,42.53713
-92.44571,42.53753
-92.44569,42.53659
-92.44569,42.53676
-92.44566,42.53702
-92.44539,42.53668
-92.44538,42.5354
-92.44538,42.5355
-92.44537,42.53546
-92.44537,42.53552
-92.44535,42.53643
-92.44446,42.53668
-92.44213,34.89458
-92.44145,35.09223
-92.42728,47.63229
-92.41939,30.63092
-92.41814,47.24602
-92.41231,41.01817
-92.41166,41.0186
-92.40451,34.85223
-92.40057,38.91326
-92.39436,41.91994
-92.38633,38.95345
-92.38604,45.18817
-92.38562,45.18911
-92.3824,41.98933
-92.36681,42.48799
-92.36621,34.67431
-92.36237,45.31175
-92.36236,45.31165
-92.35953,34.77317
-92.33938,42.49321
-92.33806,38.91123
-92.33709,42.67303
-92.33126,38.95138
-92.32956,38.95112
-92.32941,38.9514
-92.32882,38.95084
-92.328,38.95122
-92.32798,38.9506
-92.32777,38.95015
-92.32773,38.95094
-92.32768,38.95296
-92.32745,38.95037
-92.32741,38.95214
-92.32706,38.94759
-92.32657,38.95392
-92.32608,38.95165
-92.32583,38.95134
-92.32578,38.95103
-92.32554,38.96379
-92.32518,38.95164
-92.32496,38.95163
-92.32248,38.95728
-92.3166,42.00591
-92.31515,43.05944
-92.30972,34.7628
-92.3097,44.56045
-92.30953,44.56034
-92.30652,42.17105
-92.29521,44.24484
-92.29496,44.24447
-92.2809,37.77439
-92.28013,47.80444
-92.277,41.89641
-92.27672,47.80511
-92.27551,41.89614
-92.27397,44.44418
-92.27222,47.80517
-92.27063,34.74556
-92.26185,44.48375
-92.23821,46.1284
-92.23808,46.14357
-92.23664,47.53026
-92.23662,47.53016
-92.21096,46.78534
-92.19244,32.51663
-92.18175,46.82263
-92.18016,46.83841
-92.17323,45.81644
-92.1725,45.05829
-92.17046,38.57581
-92.16904,46.7387
-92.16904,46.73883
-92.16142,38.56926
-92.15816,45.39309
-92.14809,44.44046
-92.14605,47.0211
-92.14495,44.43797
-92.14466,45.99402
-92.1379,43.9751
-92.12698,38.87699
-92.12624,46.72121
-92.12401,46.76737
-92.12228,46.7687
-92.12221,46.76875
-92.12099,32.50859
-92.11991,46.56147
-92.11261,32.52327
-92.1123,46.00254
-92.11194,46.98185
-92.10434,46.71502
-92.10422,46.72372
-92.10369,46.72245
-92.10368,46.72343
-92.10328,45.67586
-92.10168,46.72825
-92.09825,46.73236
-92.09753,46.72682
-92.09684,46.73271
-92.09617,46.78359
-92.09615,44.88168
-92.09596,46.78377
-92.09538,46.78848
-92.09504,46.7897
-92.0929,46.72102
-92.08496,45.87818
-92.08484,44.95332
-92.08128,46.71961
-92.07446,33.63325
-92.06551,43.96721
-92.06304,37.84937
-92.05087,46.70497
-92.03882,45.04475
-92.02178,45.53256
-92.02167,45.53463
-92.01857,30.22574
-92.01754,30.22627
-92.00871,44.41966
-92.00844,41.66192
-92.00468,44.41798
-91.96901,46.50382
-91.96519,46.04231
-91.94449,46.18536
-91.94406,47.7132
-91.94187,46.16156
-91.94131,46.16326
-91.94047,44.8567
-91.93314,44.87597
-91.9299,44.87755
-91.92941,44.89873
-91.92828,44.87669
-91.92668,44.87662
-91.92544,44.87637
-91.92429,46.17112
-91.92248,44.87614
-91.92072,41.9028
-91.91993,44.32899
-91.91793,44.3258
-91.91665,44.32386
-91.91655,44.3237
-91.91612,44.32308
-91.9053,45.04353
-91.89735,45.20433
-91.89731,45.20393
-91.89133,30.26309
-91.86629,47.9034
-91.86563,41.7967
-91.86181,41.99634
-91.85385,45.40037
-91.84923,44.98882
-91.84331,45.40237
-91.82276,30.32501
-91.82187,30.32535
-91.81821,45.25865
-91.81814,45.2592
-91.80484,45.75379
-91.80021,47.92721
-91.79461,45.75392
-91.7946,45.75392
-91.76103,42.39456
-91.73855,45.50559
-91.73632,45.50358
-91.73586,45.50456
-91.73489,45.50451
-91.73447,45.5045
-91.73436,45.4823
-91.73428,45.50451
-91.7338,45.5018
-91.73363,45.50238
-91.73321,45.50362
-91.73107,45.50322
-91.72519,45.696
-91.72152,37.97796
-91.71763,44.13136
-91.71708,38.71035
-91.71482,41.96316
-91.70756,41.48331
-91.70258,41.8875
-91.69527,42.04356
-91.69353,41.29927
-91.68654,45.67368
-91.67798,46.25881
-91.6733,41.97624
-91.67293,41.97572
-91.67257,47.02582
-91.67239,47.01988
-91.67145,44.5681
-91.67123,47.0196
-91.67089,44.5666
-91.67038,44.56768
-91.66897,42.03396
-91.66869,41.97897
-91.66675,41.99351
-91.66645,41.97796
-91.66631,41.97834
-91.66503,41.97385
-91.66292,44.13258
-91.66199,41.97415
-91.66151,41.96451
-91.66095,41.96509
-91.66052,41.96515
-91.65846,41.97023
-91.63759,44.05252
-91.63544,44.05192
-91.63472,42.01006
-91.62632,42.02677
-91.62497,46.00508
-91.6148,37.998
-91.59885,42.03345
-91.59121,42.03312
-91.57705,41.67441
-91.56666,41.67273
-91.56524,41.67347
-91.55494,40.96604
-91.55493,40.96609
-91.55307,44.13339
-91.55084,46.30254
-91.53594,37.64608
-91.53441,41.65937
-91.53398,41.65885
-91.5335,41.65913
-91.53329,41.66098
-91.53293,41.65932
-91.53262,44.79919
-91.53043,41.6547
-91.52027,44.80141
-91.51771,44.8023
-91.50924,44.81749
-91.50289,44.81643
-91.50248,44.81649
-91.50236,41.6511
-91.50212,44.81557
-91.50124,44.81193
-91.50117,44.81441
-91.50101,44.81475
-91.50094,46.0025
-91.50076,44.81145
-91.50054,44.8124
-91.49977,44.81163
-91.49947,44.81495
-91.4991,45.98139
-91.49842,44.80959
-91.49786,46.31266
-91.49555,41.80696
-91.48867,45.10253
-91.48437,46.01422
-91.48431,46.01406
-91.46485,44.80046
-91.46388,44.7879
-91.4636,44.78947
-91.46128,38.9022
-91.45813,42.48323
-91.45397,40.71712
-91.45396,40.71678
-91.45125,45.23566
-91.45042,44.86785
-91.44457,44.80696
-91.44305,42.05908
-91.44101,44.00536
-91.4376,38.70447
-91.43751,38.70422
-91.43733,44.79601
-91.4369,38.70418
-91.43524,38.70529
-91.43404,44.80665
-91.43376,30.69252
-91.42763,44.88705
-91.42606,41.48772
-91.42605,41.48848
-91.41766,41.92278
-91.41694,41.92204
-91.4158,46.56528
-91.41479,39.93439
-91.41025,39.93274
-91.40849,39.94558
-91.40814,39.93954
-91.40773,39.93232
-91.40662,39.92126
-91.40423,39.93836
-91.40307,44.94073
-91.40246,31.56422
-91.39735,44.83355
-91.3968,39.94693
-91.39633,39.95177
-91.39356,44.93714
-91.3885,39.91381
-91.38711,44.9294
-91.38612,41.8872
-91.38608,42.92801
-91.38421,39.94559
-91.36792,44.93245
-91.3676,45.3255
-91.3578,39.71078
-91.35586,39.71012
-91.34675,41.67124
-91.34229,44.98123
-91.32853,45.32448
-91.3119,44.92597
-91.31082,40.63015
-91.30632,47.46125
-91.30178,43.83464
-91.29674,46.07293
-91.26761,29.69853
-91.26494,46.33061
-91.26291,46.83281
-91.25735,46.33199
-91.25409,43.36079
-91.25404,41.90423
-91.25385,43.81199
-91.25382,43.81205
-91.25378,43.80981
-91.2533,43.81154
-91.25327,43.80989
-91.25324,43.81221
-91.25323,43.81174
-91.25311,43.81234
-91.25281,43.81167
-91.25277,43.81279
-91.25267,43.8125
-91.25261,43.81308
-91.25255,43.81319
-91.25253,43.81261
-91.25241,43.8116
-91.25236,43.81184
-91.25218,43.81316
-91.25215,43.81321
-91.25213,43.81025
-91.25197,43.81136
-91.25192,43.81354
-91.25188,43.81172
-91.25184,43.81361
-91.25157,43.81139
-91.25154,43.81464
-91.25107,43.81114
-91.24997,43.85013
-91.24941,43.81236
-91.24659,43.84321
-91.24089,43.81746
-91.23672,30.29091
-91.23584,43.83474
-91.23533,43.83385
-91.23222,44.29448
-91.2302,38.41848
-91.22401,43.88396
-91.21911,43.66193
-91.21458,43.3623
-91.19739,43.42422
-91.19249,46.4794
-91.18819,30.45012
-91.1881,30.44864
-91.17628,30.41733
-91.17626,30.41748
-91.17624,30.41764
-91.15941,30.4262
-91.15682,30.44449
-91.14924,43.05172
-91.14886,43.05176
-91.14839,43.05177
-91.14617,43.09447
-91.14495,30.41789
-91.14393,43.05195
-91.1402,40.8251
-91.13709,40.41385
-91.12947,30.42382
-91.12824,41.77089
-91.12795,41.77015
-91.12356,46.19822
-91.11056,30.43163
-91.10581,40.81038
-91.10521,40.81061
-91.10288,40.81105
-91.09932,45.46319
-91.09745,30.25648
-91.07772,30.41004
-91.06624,38.63522
-91.05699,41.41858
-91.05114,30.41466
-91.05101,30.41213
-91.04634,41.42173
-91.04197,33.3555
-91.01447,38.55946
-91.01445,43.70209
-91.01285,38.56147
-91.01243,38.56128
-91.00636,38.44419
-91.00067,43.89172
-90.98898,43.89251
-90.98893,43.8921
-90.9861,38.53794
-90.98443,30.33462
-90.98238,30.33067
-90.98232,30.33057
-90.97438,43.05265
-90.95502,41.98359
-90.93729,30.32208
-90.93358,30.14136
-90.92215,30.28262
-90.91769,30.46814
-90.90738,46.43191
-90.90584,46.16487
-90.90433,30.48426
-90.90216,46.67037
-90.8983,46.67036
-90.89731,46.67035
-90.89268,46.67115
-90.88958,43.56738
-90.88855,43.55394
-90.88745,46.58981
-90.88654,42.79489
-90.88629,42.79503
-90.88446,43.08358
-90.88389,43.0834
-90.88069,46.59281
-90.88035,38.57051
-90.87856,46.5937
-90.8718,46.59881
-90.86356,38.81007
-90.85397,46.78958
-90.85341,38.81147
-90.85171,44.29264
-90.84856,44.29517
-90.83686,46.80189
-90.81693,46.81054
-90.81614,46.80823
-90.81606,46.81082
-90.8155,29.81141
-90.81507,46.81085
-90.81419,46.81078
-90.79702,43.95521
-90.79265,43.95739
-90.7907,29.88577
-90.78713,46.77945
-90.78626,46.7795
-90.78626,46.77956
-90.77986,38.63034
-90.77703,35.2494
-90.77616,38.6349
-90.77604,38.63513
-90.76965,38.80583
-90.76808,44.32885
-90.76767,33.94935
-90.74608,41.01062
-90.74377,38.99206
-90.7406,43.32848
-90.7362,38.78663
-90.73235,46.38845
-90.72302,45.07486
-90.72287,29.59703
-90.71405,47.639
-90.7061,43.13453
-90.70602,43.13536
-90.70602,43.13551
-90.70601,43.13603
-90.70564,43.13451
-90.70508,35.84079
-90.70024,38.81723
-90.69979,38.81055
-90.69463,38.80697
-90.68703,42.71888
-90.66816,42.51286
-90.6678,42.50362
-90.66698,42.49775
-90.66568,42.06913
-90.6649,42.50169
-90.66472,40.73255
-90.66403,42.49569
-90.66387,42.50071
-90.66369,42.49793
-90.66279,42.50422
-90.66258,42.50428
-90.66238,42.50433
-90.65834,46.32421
-90.65442,39.03269
-90.6476,33.44963
-90.64757,41.82352
-90.64703,40.92457
-90.64608,42.49424
-90.64601,42.49458
-90.64568,42.49389
-90.64328,42.49227
-90.64315,42.4922
-90.64306,42.49216
-90.63093,38.78976
-90.62215,43.83252
-90.61131,41.5224
-90.61122,42.54886
-90.61099,41.52242
-90.60528,38.74488
-90.58592,38.94833
-90.58454,38.94672
-90.58398,38.87653
-90.57808,41.51979
-90.57726,41.55891
-90.57632,41.52257
-90.57578,41.5228
-90.57321,38.79894
-90.57217,41.52116
-90.56738,38.79247
-90.56689,38.87178
-90.56337,38.74976
-90.55516,45.6905
-90.55141,38.6596
-90.54678,34.159
-90.54432,41.53119
-90.54394,41.49741
-90.5421,39.45084
-90.5398,41.82504
-90.53614,38.0482
-90.53511,38.59261
-90.51936,38.82726
-90.51805,38.62579
-90.51736,41.50598
-90.51709,38.62495
-90.51708,41.50607
-90.51668,41.50656
-90.51658,41.50625
-90.50798,41.52541
-90.50724,38.59207
-90.50674,41.45279
-90.50673,41.45275
-90.49651,41.53176
-90.49443,38.59603
-90.49429,38.83567
-90.49354,38.54775
-90.49349,38.53286
-90.4815,38.7806
-90.48085,42.72551
-90.48066,42.72575
-90.47744,42.73436
-90.47719,42.73488
-90.47706,42.73436
-90.47704,42.73443
-90.47701,42.73451
-90.47697,42.73463
-90.47687,42.73412
-90.47681,42.7343
-90.47675,42.73438
-90.4765,42.73482
-90.47646,42.73441
-90.4749,38.56849
-90.47442,38.56809
-90.46534,41.49153
-90.46377,41.45308
-90.46191,38.54168
-90.45948,30.05225
-90.4428,43.18598
-90.44073,38.71429
-90.43899,38.67035
-90.43645,43.34804
-90.42678,42.4173
-90.42663,42.41685
-90.42368,42.25846
-90.42194,42.25687
-90.41837,42.4063
-90.41396,46.49299
-90.41297,46.49323
-90.40833,38.58104
-90.39713,45.68979
-90.38627,43.34293
-90.38568,38.37122
-90.38511,38.7304
-90.38325,36.18609
-90.38291,40.96016
-90.37782,38.22059
-90.3769,38.50676
-90.37461,38.70036
-90.37222,29.93639
-90.37131,40.94918
-90.37119,38.72208
-90.3706,43.79338
-90.36998,38.70091
-90.36985,40.9467
-90.36984,40.94662
-90.36948,40.94688
-90.36774,40.94625
-90.36761,38.67344
-90.3666,38.45103
-90.36601,38.71893
-90.36464,38.70077
-90.36449,40.94629
-90.36338,38.52875
-90.3628,38.69334
-90.36191,38.51965
-90.36179,38.70407
-90.35713,38.73768
-90.35653,38.73788
-90.35521,38.5243
-90.35426,38.73686
-90.33934,40.93662
-90.33933,38.6718
-90.33775,38.5919
-90.33507,42.73875
-90.33502,34.94056
-90.33444,42.73878
-90.33443,38.62808
-90.3301,38.79516
-90.32834,39.11924
-90.32706,38.64864
-90.32566,43.18244
-90.31829,29.46924
-90.31645,38.63326
-90.30771,38.63837
-90.30495,38.6327
-90.30354,38.60567
-90.30297,38.65589
-90.30256,38.65586
-90.3003,38.65567
-90.29941,44.75731
-90.29901,38.602
-90.29557,43.22312
-90.29556,38.59379
-90.29131,38.65482
-90.28969,38.65429
-90.28812,45.54466
-90.28277,40.90835
-90.28078,38.6215
-90.27513,34.83578
-90.27494,34.83716
-90.2731,38.62926
-90.27298,38.61586
-90.26914,38.604
-90.26873,30.02202
-90.26595,38.54549
-90.26311,38.64479
-90.26208,38.62601
-90.26175,38.59979
-90.26171,38.64449
-90.2617,38.60193
-90.2617,38.64455
-90.26142,38.64032
-90.26128,38.64522
-90.26102,38.64911
-90.26091,38.54456
-90.25744,38.62704
-90.25707,29.99563
-90.25694,38.58882
-90.25693,29.99562
-90.25688,29.9942
-90.25674,29.99473
-90.25613,38.65081
-90.25424,38.55091
-90.25407,38.62749
-90.25378,29.99396
-90.25304,38.62737
-90.25274,42.47599
-90.25129,38.61076
-90.25115,38.55768
-90.25112,42.47703
-90.25098,38.63821
-90.25036,38.61638
-90.24979,38.66563
-90.24972,38.62833
-90.24767,38.5941
-90.247,38.56447
-90.24656,38.63722
-90.2465,38.59966
-90.24385,38.57132
-90.24285,38.60074
-90.24282,39.72061
-90.24102,30.00544
-90.24082,29.99639
-90.2403,30.00043
-90.23987,38.60227
-90.23964,38.58049
-90.23945,30.02468
-90.2393,38.63444
-90.23907,38.60613
-90.23842,30.02489
-90.23618,30.00701
-90.23479,29.98941
-90.23409,38.60891
-90.23334,38.59416
-90.23317,30.00512
-90.23253,39.72354
-90.23201,38.6388
-90.23055,38.63962
-90.22917,38.59385
-90.22865,38.59357
-90.22802,38.5937
-90.22756,38.59366
-90.22591,39.34631
-90.22579,38.63793
-90.22569,38.59342
-90.22555,38.6036
-90.22484,38.75098
-90.22398,38.6361
-90.22339,43.65282
-90.22057,30.00571
-90.21931,38.59275
-90.21741,38.74908
-90.2168,38.63353
-90.21421,38.59906
-90.21393,38.62145
-90.21378,38.62141
-90.21091,46.47435
-90.20729,38.62917
-90.20518,29.96334
-90.20252,41.97497
-90.20096,30.00531
-90.20043,38.63283
-90.19994,39.27064
-90.19991,30.01666
-90.19983,38.60817
-90.19965,30.00555
-90.19952,30.00556
-90.19911,38.63244
-90.1978,29.96401
-90.19752,38.63177
-90.19727,38.65153
-90.19608,38.63144
-90.19498,38.62953
-90.19478,38.63114
-90.19475,38.62987
-90.19465,29.96455
-90.19464,38.62983
-90.1944,38.61557
-90.19397,38.63132
-90.19191,38.6239
-90.19181,38.61838
-90.19148,38.62357
-90.19071,38.625
-90.1899,38.62829
-90.18836,38.62688
-90.18566,46.44995
-90.18562,38.63876
-90.18542,46.44969
-90.18508,46.44968
-90.18446,46.44996
-90.1843,46.44996
-90.18377,29.95853
-90.18315,46.44999
-90.18222,30.00549
-90.18221,38.97411
-90.18202,46.44972
-90.18149,44.65619
-90.18135,44.64947
-90.18044,32.29616
-90.17965,30.00646
-90.17885,30.00421
-90.17806,33.51775
-90.17378,44.66627
-90.1687,46.45464
-90.16868,30.00342
-90.163,38.61591
-90.16143,38.62619
-90.16051,38.62665
-90.15886,38.62713
-90.15758,38.60998
-90.15732,42.09595
-90.15727,42.09848
-90.15693,42.09595
-90.15641,42.09422
-90.15631,38.62643
-90.1563,42.09375
-90.1562,42.09407
-90.15607,41.45497
-90.15602,41.45479
-90.15551,41.45448
-90.15464,30.00872
-90.15441,30.00871
-90.1459,38.60192
-90.14353,40.19082
-90.14036,42.08925
-90.13681,29.95441
-90.13454,29.94309
-90.1344,29.94249
-90.1307,29.94824
-90.13055,42.96255
-90.13045,29.94778
-90.12915,29.94932
-90.12874,29.94136
-90.1273,38.58793
-90.12717,38.59313
-90.12601,29.94418
-90.12363,29.92265
-90.12349,29.94113
-90.12296,30.01827
-90.12294,30.01848
-90.12244,38.58426
-90.11968,38.88043
-90.11925,42.6794
-90.11844,42.67843
-90.11841,38.87885
-90.11802,42.68043
-90.11767,42.68005
-90.11766,42.67845
-90.11694,29.92129
-90.11434,29.99241
-90.11325,29.94694
-90.11084,38.64693
-90.11019,29.92048
-90.10978,29.97526
-90.10916,29.93509
-90.10827,38.5582
-90.10748,29.93502
-90.1072,38.57171
-90.10703,29.91736
-90.10699,29.91684
-90.10663,38.55995
-90.10645,29.97448
-90.10623,29.92054
-90.10332,29.92051
-90.1032,38.64323
-90.10316,29.91709
-90.10315,38.64529
-90.10307,38.56908
-90.1021,29.92065
-90.10148,29.92635
-90.10143,29.95298
-90.10124,29.92074
-90.10039,29.95157
-90.09995,29.97545
-90.0993,29.9754
-90.09916,29.96957
-90.09912,29.97557
-90.09358,29.98067
-90.09337,38.87135
-90.09217,29.92653
-90.09209,29.92655
-90.09167,29.97197
-90.08735,29.92348
-90.08732,29.93251
-90.08661,29.92404
-90.08638,29.97675
-90.08563,29.92458
-90.08435,29.98054
-90.0814,46.18129
-90.08124,29.9221
-90.08088,29.92696
-90.07968,29.935
-90.07958,38.73207
-90.07947,44.80905
-90.07843,29.94154
-90.07782,29.95708
-90.07689,29.98186
-90.07646,29.92166
-90.07642,29.98626
-90.07635,44.80325
-90.0752,29.93913
-90.07481,29.95402
-90.07468,29.95342
-90.07459,29.93169
-90.07429,29.9506
-90.07428,29.93212
-90.07427,32.31063
-90.0731,29.95184
-90.07295,29.95215
-90.07248,29.94273
-90.07216,29.94833
-90.07216,29.9542
-90.07216,29.95457
-90.07188,29.94838
-90.07183,29.93989
-90.07147,29.98409
-90.07122,29.95392
-90.07117,29.9392
-90.07071,29.93985
-90.0706,30.02779
-90.06976,29.94257
-90.06976,29.94397
-90.06948,29.95856
-90.06937,29.95753
-90.06917,29.95481
-90.06909,29.95955
-90.06905,29.9547
-90.06893,29.95508
-90.06889,29.95537
-90.0687,29.95451
-90.06865,29.95517
-90.06864,29.97872
-90.06862,29.93885
-90.0685,29.95584
-90.06847,29.95536
-90.06842,29.9566
-90.06826,29.95584
-90.06822,29.96045
-90.06816,29.95894
-90.06804,29.95057
-90.06799,29.96073
-90.06796,29.95426
-90.06796,29.95653
-90.06795,43.17728
-90.06788,29.95624
-90.06783,29.94245
-90.06773,29.95327
-90.0676,29.96118
-90.06753,29.94592
-90.06751,29.9464
-90.0675,29.9574
-90.06735,29.95985
-90.06724,29.94479
-90.06722,29.96161
-90.06721,29.94675
-90.06707,29.95691
-90.06698,29.96186
-90.06692,29.95458
-90.06691,29.93992
-90.06678,29.97096
-90.06667,29.96063
-90.06664,29.92966
-90.06649,29.95426
-90.06633,29.95798
-90.06629,29.95765
-90.06626,29.95764
-90.06622,29.94833
-90.06611,29.95505
-90.06598,29.95652
-90.06594,29.95344
-90.06592,29.94287
-90.06589,29.94195
-90.06579,29.95858
-90.06576,29.95995
-90.06576,29.96631
-90.06568,29.95872
-90.06549,29.95809
-90.06545,29.94698
-90.06542,29.95291
-90.06529,29.95909
-90.06523,29.95424
-90.06521,29.95922
-90.06514,29.95929
-90.06511,29.95911
-90.0651,29.95368
-90.06499,29.95925
-90.06491,29.9596
-90.06474,29.95949
-90.0642,29.96037
-90.06358,29.96105
-90.06335,29.95631
-90.06286,29.95818
-90.06214,29.96026
-90.0606,29.96274
-90.05991,29.96011
-90.05987,29.96016
-90.05982,29.96022
-90.05944,29.96408
-90.05942,35.13212
-90.05932,29.96749
-90.05925,29.96094
-90.05916,35.13294
-90.05899,29.96063
-90.05845,35.13263
-90.0584,35.13269
-90.05839,29.97364
-90.05831,29.96108
-90.05817,35.13836
-90.05809,29.96637
-90.05789,29.96394
-90.05786,29.96293
-90.0578,29.96282
-90.05776,29.96837
-90.05766,29.96381
-90.05764,29.96335
-90.05763,35.13662
-90.05759,29.96294
-90.05744,29.97268
-90.05735,35.13905
-90.05724,35.13831
-90.05694,29.9748
-90.05649,29.96748
-90.05633,30.48197
-90.05591,29.9689
-90.05573,29.96893
-90.05566,29.96852
-90.05529,35.13288
-90.05497,29.967
-90.05496,29.96854
-90.05412,35.14431
-90.05395,35.1427
-90.05389,35.14104
-90.05329,35.14095
-90.05326,35.14093
-90.05288,35.14088
-90.05274,35.14491
-90.05235,35.13948
-90.05221,29.96953
-90.05203,29.96692
-90.05154,35.1425
-90.05146,29.96502
-90.05141,29.96514
-90.05125,29.96495
-90.05123,35.13937
-90.05115,29.96602
-90.05101,29.96567
-90.05098,35.14483
-90.05095,35.14483
-90.05091,35.13934
-90.05084,35.13957
-90.05043,35.13931
-90.05019,29.95494
-90.04794,29.96877
-90.04717,29.96376
-90.04609,37.97984
-90.04597,37.97943
-90.04562,43.27904
-90.04503,35.17041
-90.04495,37.97876
-90.04493,35.1655
-90.04422,29.96791
-90.04382,29.96302
-90.04333,37.98038
-90.04105,35.14114
-90.04098,35.14106
-90.0336,29.96191
-90.03309,29.96282
-90.03224,29.96166
-90.02116,38.53799
-90.01673,38.53461
-90.01595,38.67662
-90.01434,35.15192
-90.01313,30.0403
-90.01303,30.03996
-90.01242,46.13263
-90.01212,35.13865
-90.01204,38.52851
-90.01033,35.15815
-90.00471,35.13819
-90.00452,35.16438
-90.00103,38.51728
-90.00014,29.91124
-89.99408,35.13722
-89.9937,42.99893
-89.99308,42.9993
-89.99125,35.12094
-89.99121,35.12046
-89.99068,35.13638
-89.99048,35.12503
-89.98588,38.57938
-89.98178,35.04305
-89.96866,44.48345
-89.9675,41.8094
-89.96716,41.80929
-89.96495,44.92175
-89.96269,38.51528
-89.95784,38.81398
-89.95775,43.99324
-89.95565,38.80193
-89.95005,35.1296
-89.93774,35.14478
-89.93074,38.57918
-89.9106,38.59244
-89.91029,38.59141
-89.8943,43.01624
-89.89204,35.11662
-89.89134,45.97439
-89.88119,39.27948
-89.85536,44.17534
-89.83819,43.77488
-89.83781,43.24758
-89.82778,44.39306
-89.82526,44.39101
-89.82401,44.39146
-89.82383,44.39161
-89.82318,44.392
-89.82063,45.44215
-89.81746,44.37102
-89.80743,44.13232
-89.8056,44.20185
-89.80414,44.06127
-89.80383,35.14151
-89.79916,40.6925
-89.79427,42.57755
-89.79401,35.14187
-89.79289,43.62347
-89.78784,43.62458
-89.78624,41.63146
-89.78312,30.27393
-89.78219,43.59042
-89.7817,43.58695
-89.78098,43.57527
-89.77651,43.6276
-89.77597,43.52831
-89.77573,43.52826
-89.77544,43.62684
-89.77542,43.62743
-89.77491,43.62759
-89.77297,41.06186
-89.77021,43.1656
-89.76885,44.79169
-89.76865,43.57009
-89.76755,33.00261
-89.76098,39.53729
-89.74493,43.47246
-89.74489,43.47167
-89.74222,43.43853
-89.73971,30.16253
-89.73297,45.47084
-89.73179,45.47118
-89.73079,39.75734
-89.72967,45.47122
-89.72433,39.75598
-89.72378,39.961
-89.72372,39.96071
-89.71874,44.78849
-89.71706,39.77152
-89.7167,39.77035
-89.71633,44.78916
-89.71457,44.68709
-89.71438,44.68732
-89.71119,45.8712
-89.71078,39.76806
-89.70971,45.87072
-89.70653,44.35909
-89.70645,44.95546
-89.70528,39.79361
-89.70441,39.67546
-89.70411,39.67516
-89.70407,39.67555
-89.70405,39.67697
-89.70402,44.79242
-89.70382,39.67698
-89.70154,44.79167
-89.69625,39.79485
-89.69568,41.78791
-89.69559,41.78771
-89.6953,41.78802
-89.69221,40.6662
-89.69036,44.77938
-89.68856,39.77007
-89.68804,41.36771
-89.68719,33.02148
-89.68661,39.80769
-89.68542,39.80085
-89.68362,39.73984
-89.68324,38.60366
-89.68247,39.79989
-89.68092,45.49151
-89.67725,39.80714
-89.67196,40.64597
-89.67134,39.74755
-89.67027,41.80211
-89.66868,39.81256
-89.66866,39.81364
-89.66725,41.45644
-89.66483,39.76823
-89.66238,39.8035
-89.66234,40.5527
-89.66094,39.7678
-89.65758,39.77034
-89.65701,39.56547
-89.65695,39.56512
-89.65517,39.80275
-89.65298,42.60701
-89.65252,39.78312
-89.65208,39.7997
-89.65169,39.8004
-89.65096,39.80307
-89.65059,44.94813
-89.65027,40.57088
-89.6502,39.80188
-89.65018,44.9885
-89.64988,39.76584
-89.64982,44.94206
-89.64956,39.80223
-89.64918,39.8001
-89.64905,40.57117
-89.64814,39.7827
-89.64768,42.46848
-89.64711,39.80189
-89.6469,39.80188
-89.64687,39.79698
-89.64677,40.56979
-89.64667,39.80102
-89.64561,39.79587
-89.64551,40.56899
-89.64508,39.75369
-89.64485,39.75609
-89.64475,39.75286
-89.64464,40.56866
-89.64447,44.94822
-89.64443,39.83068
-89.64441,46.11336
-89.64423,39.75228
-89.6441,40.57028
-89.64327,39.77916
-89.64218,39.76696
-89.64193,42.60006
-89.64133,39.78741
-89.64124,39.76696
-89.64121,44.43937
-89.64079,42.30249
-89.64072,39.77946
-89.64016,42.3025
-89.64003,42.60142
-89.64002,39.8271
-89.63997,44.96022
-89.63969,45.48368
-89.63969,45.48557
-89.63961,44.95301
-89.6396,44.97499
-89.63955,44.95336
-89.63944,39.83065
-89.6391,44.95526
-89.639,42.30139
-89.63879,44.96073
-89.63865,44.94898
-89.63852,39.79494
-89.63832,44.96269
-89.63817,39.71454
-89.63815,44.86627
-89.63771,39.71456
-89.6375,40.70401
-89.63728,39.75777
-89.63668,43.37334
-89.63592,39.78122
-89.6359,39.77731
-89.63581,39.77674
-89.63468,39.83311
-89.63429,42.81734
-89.63418,40.74229
-89.63409,42.81439
-89.63354,39.80883
-89.63314,42.81463
-89.6328,40.73434
-89.63272,46.56967
-89.63255,40.74187
-89.63161,40.72414
-89.63103,39.8306
-89.63025,39.81776
-89.63013,39.80926
-89.6299,42.27417
-89.62939,45.49661
-89.62925,44.96056
-89.62813,44.96222
-89.62805,44.96009
-89.62742,44.96884
-89.62736,44.96632
-89.62731,44.95902
-89.62721,43.41814
-89.62697,44.96625
-89.62666,43.35135
-89.62661,44.9595
-89.62636,39.76024
-89.62621,45.49556
-89.62594,44.9607
-89.62561,39.7137
-89.62538,40.70246
-89.62378,44.96684
-89.62353,44.97032
-89.62284,44.95885
-89.62193,39.75855
-89.62139,44.95839
-89.62121,42.29682
-89.62073,40.56761
-89.61934,42.29715
-89.6192,44.9586
-89.61902,39.85423
-89.61782,42.59726
-89.61742,44.95122
-89.61723,44.93509
-89.6162,39.84593
-89.61367,40.80857
-89.61332,44.92649
-89.61282,40.69921
-89.61278,40.78138
-89.61193,40.78139
-89.6119,38.22308
-89.60939,44.91309
-89.60642,39.80483
-89.6059,39.83127
-89.60513,39.8067
-89.60447,39.82883
-89.60389,45.48615
-89.60258,40.69936
-89.60225,40.74702
-89.6011,40.64546
-89.60063,39.89591
-89.59597,40.64719
-89.59538,40.76031
-89.5951,40.68545
-89.59477,40.68561
-89.5947,40.6858
-89.59455,42.7467
-89.59454,42.74656
-89.59415,42.74733
-89.59354,40.69518
-89.59332,41.5576
-89.5926,40.69298
-89.59098,40.69233
-89.58936,40.68845
-89.58651,44.52353
-89.58279,44.52353
-89.57951,40.66845
-89.5777,43.35895
-89.57614,44.53321
-89.57481,40.73511
-89.57436,40.74318
-89.56258,40.71219
-89.56161,44.49875
-89.55912,40.71758
-89.54741,40.37313
-89.54699,40.37195
-89.54601,40.37126
-89.54591,39.86356
-89.54533,43.03469
-89.54467,39.84653
-89.54399,44.46913
-89.54184,42.98873
-89.53975,39.84977
-89.53595,42.85977
-89.53549,42.8598
-89.53535,40.70369
-89.53391,42.85982
-89.53313,42.98808
-89.53279,43.00284
-89.53163,45.99028
-89.52752,40.82191
-89.52661,43.07337
-89.52589,42.92918
-89.52547,42.92985
-89.52446,43.05582
-89.52394,43.08976
-89.52358,43.39091
-89.52269,44.03492
-89.52146,40.65675
-89.52145,44.45512
-89.52083,37.30635
-89.52024,34.36676
-89.52017,34.3669
-89.52006,34.36606
-89.52002,34.36625
-89.52002,34.36689
-89.51986,34.36686
-89.5194,34.36631
-89.51931,34.36669
-89.51895,34.36772
-89.51876,34.36432
-89.51874,34.36717
-89.51835,37.30412
-89.51823,42.99536
-89.5182,34.36532
-89.51237,45.70389
-89.51233,43.10926
-89.51092,34.37706
-89.50351,42.58889
-89.49721,45.47731
-89.49307,44.21378
-89.48807,38.39254
-89.48707,45.91047
-89.48648,40.92846
-89.48546,43.10147
-89.48333,40.69184
-89.48297,40.9158
-89.47157,40.76329
-89.4644,43.54602
-89.46131,41.55867
-89.46088,43.4607
-89.45885,41.85375
-89.45822,45.03206
-89.45668,43.0137
-89.4534,39.58974
-89.45262,43.03801
-89.44599,44.57551
-89.44404,39.74937
-89.43763,45.03123
-89.43559,43.05289
-89.42577,43.00056
-89.42495,43.1852
-89.42357,43.06827
-89.42354,43.01766
-89.41628,43.06569
-89.41623,43.06574
-89.40927,43.07308
-89.40815,43.06764
-89.40779,43.07153
-89.40631,43.06791
-89.40102,43.06281
-89.40099,43.06156
-89.40003,43.07633
-89.39824,39.80953
-89.39801,39.80951
-89.39756,30.30011
-89.39716,43.07566
-89.39702,43.07344
-89.39674,43.07344
-89.39483,43.07497
-89.39481,45.03085
-89.39378,43.07502
-89.39373,43.07495
-89.39311,43.07399
-89.39308,43.00726
-89.39275,43.07472
-89.39262,43.07435
-89.39203,40.75968
-89.39176,43.07457
-89.3916,43.07467
-89.39139,43.07468
-89.39113,43.07018
-89.39044,43.07533
-89.39013,43.07953
-89.38934,39.65736
-89.38869,44.77078
-89.38856,43.0749
-89.38842,43.07489
-89.38835,43.07489
-89.38477,43.07248
-89.3847,43.07252
-89.38442,43.0727
-89.38235,43.03735
-89.38192,38.34384
-89.38154,43.07476
-89.38121,43.0743
-89.38115,43.07475
-89.38107,43.07453
-89.381,43.07511
-89.38098,43.07476
-89.38087,43.07476
-89.38034,42.45403
-89.38008,43.07448
-89.37946,43.08201
-89.37929,43.08209
-89.3791,30.37471
-89.37901,43.07383
-89.37888,43.07385
-89.37799,38.347
-89.37716,43.08361
-89.37708,43.07574
-89.37667,43.07603
-89.37638,43.0798
-89.37636,43.07622
-89.3763,43.07972
-89.37617,43.07998
-89.37575,43.08097
-89.37381,43.08237
-89.37373,43.08154
-89.37366,43.01127
-89.37255,30.28551
-89.37097,43.07843
-89.37021,43.07968
-89.36996,43.07945
-89.36528,43.08334
-89.36323,43.08978
-89.36322,40.14546
-89.36315,43.08983
-89.36293,43.10731
-89.36254,43.08467
-89.3623,43.08747
-89.36221,43.08756
-89.36099,43.1286
-89.36089,43.09071
-89.35563,43.09222
-89.35538,43.12335
-89.35485,43.03218
-89.35463,43.09247
-89.35459,43.09255
-89.35217,43.0961
-89.34965,43.04746
-89.34887,43.0986
-89.34633,31.32473
-89.34583,43.13402
-89.34569,43.13596
-89.34546,43.1361
-89.33486,37.77334
-89.33474,30.30762
-89.33232,42.4367
-89.33163,42.43646
-89.32885,43.79171
-89.32861,43.79199
-89.32848,43.79179
-89.32814,30.31241
-89.32805,31.33218
-89.32793,43.79193
-89.32612,43.05634
-89.32573,43.12616
-89.32443,43.11994
-89.32335,43.07928
-89.322,43.08342
-89.32134,45.79392
-89.32068,45.79941
-89.32044,45.80073
-89.32028,45.79035
-89.31651,37.12637
-89.29967,41.84079
-89.29906,42.78023
-89.29842,42.7805
-89.29814,42.10812
-89.29471,42.78009
-89.29456,31.32533
-89.29399,39.54921
-89.29384,39.5495
-89.28974,31.33
-89.28925,43.13833
-89.28734,43.10722
-89.28504,43.14164
-89.2612,40.72468
-89.25666,42.12678
-89.25652,42.12679
-89.25624,42.12613
-89.25583,42.12645
-89.25432,48.45151
-89.25208,45.91578
-89.25206,45.91567
-89.25067,42.12472
-89.25055,45.91549
-89.24927,48.44608
-89.24898,43.10834
-89.22937,48.43154
-89.22817,43.182
-89.22338,48.43421
-89.22184,42.91726
-89.22182,42.91611
-89.22141,48.43564
-89.221,48.43477
-89.22079,42.91694
-89.22022,42.91626
-89.22008,42.91659
-89.21977,42.91659
-89.21882,42.9166
-89.21835,43.96224
-89.21835,43.96243
-89.21636,37.72109
-89.21525,42.91694
-89.2152,42.91748
-89.20658,37.71923
-89.19689,40.79755
-89.19672,40.79624
-89.19567,40.79673
-89.17947,46.53472
-89.17885,46.53473
-89.16816,45.79809
-89.16615,44.85221
-89.16604,44.85255
-89.16069,45.9251
-89.14387,37.83159
-89.13107,44.50837
-89.12973,43.85018
-89.12874,43.84989
-89.1141,37.87912
-89.10708,42.29848
-89.10189,30.46944
-89.1005,42.26222
-89.09671,41.32884
-89.09629,42.26914
-89.0961,42.26942
-89.09579,30.36678
-89.09548,42.26964
-89.09514,42.27291
-89.09478,42.2712
-89.09448,30.36743
-89.09313,30.36761
-89.09216,41.32859
-89.09172,41.32863
-89.09053,42.26899
-89.09024,42.26922
-89.08985,42.26893
-89.08746,42.2731
-89.08722,42.26738
-89.08611,42.27372
-89.08144,42.26137
-89.0808,42.28815
-89.08076,42.28841
-89.08069,42.26129
-89.07673,42.25799
-89.07461,42.31473
-89.07276,42.45265
-89.06703,42.27469
-89.06615,41.92164
-89.0637,43.16716
-89.05943,42.23768
-89.05819,42.305
-89.05814,42.31321
-89.05806,42.30766
-89.05452,35.59247
-89.05424,42.67937
-89.05406,48.49777
-89.05297,38.08218
-89.05248,42.33867
-89.05209,38.09197
-89.0488,43.68972
-89.04126,42.30998
-89.03505,42.50241
-89.03451,42.49951
-89.0342,42.49984
-89.03391,40.90127
-89.03287,42.25244
-89.03076,42.23699
-89.03058,42.64699
-89.03037,42.49784
-89.02787,42.32654
-89.0267,42.68179
-89.02073,42.49766
-89.01488,43.33938
-89.01404,43.33812
-89.01402,43.33908
-89.01382,43.33763
-89.01006,41.34082
-89.00993,41.34125
-89.00641,40.4846
-89.00521,43.53819
-89.00497,42.99925
-89.0036,42.239
-89.00062,42.26821
-88.9968,42.31926
-88.99535,40.48053
-88.99365,40.48347
-88.99001,43.18372
-88.98988,43.1837
-88.98658,30.40193
-88.98633,40.50865
-88.98597,42.5224
-88.98555,40.50881
-88.98514,40.50939
-88.98355,42.32177
-88.98308,40.50994
-88.98221,40.51002
-88.98215,41.68849
-88.98213,40.51021
-88.98085,42.24294
-88.98071,42.24977
-88.97921,42.26678
-88.97352,45.48457
-88.97289,39.84064
-88.97252,40.45828
-88.97251,40.4585
-88.95798,43.52289
-88.94895,40.48501
-88.94892,40.48379
-88.94616,40.52894
-88.94397,40.48558
-88.92728,37.81687
-88.92344,40.49028
-88.92244,41.59011
-88.92153,41.5902
-88.9139,40.48303
-88.91229,43.08058
-88.91226,42.86203
-88.91089,43.21688
-88.89653,43.08618
-88.89575,30.43521
-88.8858,30.396
-88.88048,44.11281
-88.87827,42.94969
-88.873,30.39369
-88.86409,44.87213
-88.86376,44.8719
-88.86325,42.55375
-88.86297,42.55332
-88.86296,42.55314
-88.86145,40.87737
-88.85874,42.94129
-88.85441,35.65681
-88.8544,42.93712
-88.85073,42.26821
-88.84962,41.34697
-88.84783,35.66092
-88.84614,43.45047
-88.84389,41.34635
-88.84237,43.84332
-88.84185,41.34648
-88.84171,43.9317
-88.8415,41.34591
-88.83898,43.84369
-88.83874,42.25431
-88.83873,42.25435
-88.83797,43.84281
-88.83794,42.92974
-88.83777,42.93041
-88.83717,42.92671
-88.83683,42.92976
-88.83678,42.92633
-88.83649,42.92978
-88.83601,42.92893
-88.83131,42.91111
-88.82821,30.4185
-88.82771,30.41349
-88.82713,30.413
-88.82685,30.41348
-88.81957,30.41644
-88.81639,33.46349
-88.81446,33.46448
-88.80848,33.46539
-88.80848,43.00404
-88.80749,30.41389
-88.80744,43.0056
-88.80712,43.00455
-88.80669,43.00453
-88.80628,30.41579
-88.80612,43.00543
-88.80574,43.00421
-88.80465,39.71151
-88.80437,39.71081
-88.80261,33.4608
-88.80235,33.46058
-88.80218,33.46086
-88.80217,33.46056
-88.80204,33.46079
-88.77488,43.07572
-88.77397,43.07591
-88.76363,42.57812
-88.76335,43.08115
-88.75947,42.10018
-88.75932,42.09977
-88.75654,45.38616
-88.75472,34.2649
-88.75331,46.76398
-88.73988,44.39011
-88.73567,43.20749
-88.73203,42.83291
-88.7278,43.18207
-88.72712,43.19475
-88.72488,43.18995
-88.72383,43.19413
-88.72294,43.19403
-88.72241,43.19357
-88.72043,37.83915
-88.71354,44.11068
-88.71291,44.11071
-88.71266,34.289
-88.71042,40.74197
-88.7043,45.56429
-88.70424,43.19002
-88.70412,34.25861
-88.70238,43.40676
-88.69675,44.11239
-88.68867,41.98819
-88.68821,41.98819
-88.68608,41.98912
-88.682,44.19914
-88.68149,41.53053
-88.68097,41.52983
-88.67344,45.55675
-88.64632,42.63322
-88.64341,47.15593
-88.64035,44.33509
-88.63918,46.09135
-88.63772,37.07147
-88.63674,39.13948
-88.63018,44.86329
-88.62771,42.58342
-88.62138,41.64398
-88.62107,37.68351
-88.60855,44.76724
-88.60526,41.64665
-88.59927,42.53103
-88.59872,42.531
-88.59863,41.56255
-88.59733,41.56032
-88.59647,37.0869
-88.58852,43.98658
-88.58472,44.37333
-88.58416,47.12674
-88.58184,42.73392
-88.57291,47.122
-88.57208,47.12202
-88.56877,47.12207
-88.56833,47.12133
-88.56709,47.12173
-88.5629,44.04376
-88.5614,43.53017
-88.55725,44.73599
-88.5482,37.12294
-88.54752,44.02053
-88.54704,44.02051
-88.54664,44.0211
-88.54586,39.12225
-88.54497,44.82909
-88.54385,39.12154
-88.54365,39.12153
-88.54336,42.6731
-88.54234,44.01163
-88.54186,39.12127
-88.54178,39.12127
-88.54051,39.12852
-88.53824,44.02509
-88.53803,41.66265
-88.53784,44.02509
-88.5378,44.02473
-88.53779,44.02482
-88.53769,44.02023
-88.53769,44.02045
-88.53732,44.01889
-88.53732,44.019
-88.53732,44.02451
-88.53732,44.02467
-88.53723,44.01866
-88.53722,44.02125
-88.53714,41.66327
-88.53286,44.04265
-88.53005,41.66139
-88.52213,44.01254
-88.5208,44.01228
-88.50226,41.66053
-88.4997,43.11238
-88.49966,43.11158
-88.49935,43.1122
-88.49923,43.11014
-88.49917,43.10978
-88.49873,43.11132
-88.49846,43.11071
-88.49767,41.66204
-88.49707,41.66176
-88.49606,43.10925
-88.49296,44.22313
-88.49243,42.58393
-88.47908,43.09198
-88.47475,42.87876
-88.4726,43.01478
-88.47248,43.01518
-88.47171,44.1772
-88.46421,44.18752
-88.4642,44.16802
-88.46178,44.18567
-88.46051,41.65967
-88.45946,43.79146
-88.45565,41.65931
-88.45333,44.19894
-88.45332,44.19872
-88.44903,41.62161
-88.44807,46.23254
-88.44726,44.20127
-88.44719,46.23256
-88.4471,42.31614
-88.44673,41.64146
-88.44646,42.31664
-88.44605,41.66007
-88.44498,41.67573
-88.44228,41.65347
-88.43798,42.31491
-88.43783,42.31481
-88.43564,42.59069
-88.43563,42.59075
-88.43424,42.85449
-88.43414,42.30509
-88.43271,42.30873
-88.42965,42.58848
-88.42956,42.58841
-88.42803,41.65804
-88.42658,41.68961
-88.42594,42.1782
-88.42477,41.35691
-88.42455,41.35745
-88.42454,41.35716
-88.42412,41.35931
-88.42353,42.78305
-88.41623,42.29972
-88.41593,44.26581
-88.41354,44.26164
-88.41331,44.26201
-88.41312,44.26163
-88.41192,44.26164
-88.41172,44.26165
-88.41105,43.14482
-88.41095,44.26163
-88.4106,44.26219
-88.41056,44.26165
-88.40899,40.74966
-88.40875,43.14216
-88.40812,44.26199
-88.40795,44.26163
-88.40749,44.26166
-88.40744,44.26134
-88.40668,43.1387
-88.40642,44.26164
-88.40635,44.26164
-88.40612,42.78572
-88.40537,42.16131
-88.40508,42.78569
-88.40493,44.22807
-88.40388,44.25489
-88.40364,44.26164
-88.40336,44.26165
-88.40322,44.262
-88.4028,43.09956
-88.40207,44.26199
-88.40062,44.24379
-88.39733,44.2731
-88.39627,40.65209
-88.38022,39.06094
-88.38021,46.83814
-88.37871,43.31735
-88.37853,41.53279
-88.37514,44.25038
-88.37506,40.45911
-88.37494,42.10549
-88.36841,41.76279
-88.36641,43.05249
-88.36465,44.21115
-88.36284,44.21498
-88.36132,43.54347
-88.35957,43.6878
-88.35701,45.2375
-88.35418,45.23917
-88.35271,41.68426
-88.35245,41.68415
-88.35188,41.68414
-88.35047,41.81682
-88.34712,42.38577
-88.34691,43.10447
-88.34115,36.90664
-88.33255,43.11063
-88.32813,44.3939
-88.3215,36.61227
-88.31933,41.75874
-88.31815,42.21872
-88.31683,36.59845
-88.31582,41.75747
-88.31516,41.70169
-88.31506,41.91362
-88.315,41.75936
-88.31195,41.84792
-88.30812,41.88779
-88.3065,42.4758
-88.3064,42.4827
-88.30549,37.44607
-88.30499,41.88728
-88.30401,44.19663
-88.3033,42.17102
-88.29964,45.38935
-88.29667,42.37096
-88.29588,42.39327
-88.29432,42.39415
-88.29239,42.16676
-88.29097,43.32441
-88.28809,44.38712
-88.28799,44.38671
-88.28506,43.3346
-88.27864,43.3707
-88.27851,40.11545
-88.27689,41.70844
-88.27666,41.28806
-88.27431,42.34373
-88.27406,42.34333
-88.27247,42.4976
-88.27221,43.32427
-88.27136,45.39634
-88.27032,42.37858
-88.26966,41.45556
-88.26837,41.4197
-88.26639,42.34485
-88.26589,44.2793
-88.26318,39.98582
-88.26219,42.34608
-88.26187,42.34564
-88.26168,42.34591
-88.26157,42.34614
-88.25851,43.30987
-88.25738,41.56391
-88.25719,41.51666
-88.24966,42.53216
-88.24941,45.92257
-88.24828,40.0906
-88.24765,42.5297
-88.24617,42.01928
-88.24396,42.38002
-88.24378,40.11849
-88.24367,40.11993
-88.24302,40.11888
-88.24296,40.11908
-88.24295,45.3666
-88.24174,42.20876
-88.24107,42.20948
-88.24103,40.10988
-88.2404,42.20906
-88.23888,40.11102
-88.23784,42.20943
-88.23639,44.43268
-88.23383,43.01532
-88.23369,40.1077
-88.23347,43.01121
-88.23328,43.01127
-88.23284,43.01177
-88.23229,43.01119
-88.2308,43.01194
-88.23013,40.11042
-88.22976,43.04389
-88.22111,43.00827
-88.21428,45.34269
-88.21263,41.2645
-88.21256,42.76187
-88.20826,40.11523
-88.20556,43.04946
-88.19874,43.01871
-88.19803,41.52126
-88.19789,42.27098
-88.19527,41.42264
-88.18434,43.42619
-88.183,42.02158
-88.18299,43.43801
-88.18163,43.42259
-88.16784,41.49698
-88.16625,43.44972
-88.1643,44.02839
-88.16425,41.74902
-88.16365,43.15019
-88.16321,44.02939
-88.16233,44.3263
-88.16154,41.57609
-88.1615,41.54018
-88.15867,41.87071
-88.1503,41.7711
-88.14948,41.77138
-88.14903,41.7731
-88.14844,41.77134
-88.14835,41.77134
-88.14671,44.87151
-88.14671,44.87217
-88.14668,42.25748
-88.14629,41.77308
-88.14324,44.87536
-88.14296,42.92739
-88.14037,42.25957
-88.14029,42.25951
-88.13605,44.86439
-88.12874,39.68177
-88.12854,30.25056
-88.1282,45.50708
-88.12328,45.28294
-88.12293,41.89068
-88.1222,42.00443
-88.122,41.88706
-88.12052,44.49771
-88.11498,43.22145
-88.11006,42.68901
-88.10893,42.92823
-88.10858,43.03058
-88.10667,42.97869
-88.10653,43.22812
-88.10559,44.49251
-88.10515,43.22862
-88.10504,43.18301
-88.102,41.82996
-88.10185,30.6699
-88.10066,43.52713
-88.09954,45.4239
-88.09783,40.46031
-88.0972,43.2939
-88.09566,44.52494
-88.09137,42.45614
-88.09034,42.44638
-88.09027,42.44706
-88.0889,45.87573
-88.08865,45.83922
-88.08859,42.99606
-88.08807,45.8084
-88.08786,45.83921
-88.08781,45.80778
-88.08454,44.45135
-88.08396,42.41508
-88.0835,41.78238
-88.08198,41.94006
-88.08193,41.5277
-88.08179,41.52563
-88.08125,41.64185
-88.08091,42.05319
-88.08043,41.528
-88.07949,41.52463
-88.07928,41.93174
-88.07902,41.65589
-88.07821,41.50586
-88.07791,41.52493
-88.07741,41.98384
-88.07532,44.60519
-88.07217,42.878
-88.07197,45.79506
-88.06942,42.96388
-88.06937,44.44761
-88.06821,41.87667
-88.06697,41.87675
-88.0668,45.81755
-88.06666,44.48419
-88.06636,43.10377
-88.06633,43.10339
-88.06633,43.10408
-88.06633,43.10499
-88.06597,45.82137
-88.06528,44.48828
-88.06523,44.48835
-88.06446,45.8204
-88.06295,42.90894
-88.06164,42.42435
-88.06091,43.49807
-88.0586,45.83
-88.05738,42.07219
-88.0572,45.82629
-88.05698,45.82749
-88.05338,42.12254
-88.05327,43.07564
-88.05215,42.68685
-88.05208,42.68735
-88.04746,43.01214
-88.04708,42.97884
-88.04627,43.03567
-88.04619,42.04569
-88.04551,42.11113
-88.04514,42.11203
-88.04367,42.4148
-88.04354,43.12524
-88.04304,41.71749
-88.04066,42.3442
-88.03957,42.3442
-88.03956,42.34446
-88.03823,42.39587
-88.0309,44.5021
-88.02917,41.88476
-88.02493,42.49629
-88.02448,43.06065
-88.02373,42.10416
-88.02338,43.06067
-88.02173,40.30526
-88.02139,44.49248
-88.02132,41.83296
-88.02115,44.51795
-88.02033,44.51898
-88.01991,41.88663
-88.01951,43.0608
-88.0188,43.83376
-88.01785,44.51235
-88.01746,42.46522
-88.01698,44.49242
-88.01661,44.51331
-88.01598,44.49442
-88.01591,42.24826
-88.01562,44.51547
-88.01546,44.51569
-88.01536,44.51591
-88.01529,44.51598
-88.01523,44.51608
-88.01456,44.51705
-88.01307,41.7413
-88.01261,45.23255
-88.01231,41.97052
-88.01202,41.88892
-88.01187,45.23887
-88.01092,41.79495
-88.01045,44.51765
-88.00867,41.83786
-88.00862,43.05007
-88.0083,43.05048
-88.00774,43.07852
-88.00721,43.00621
-88.00691,42.99779
-88.00689,43.02631
-88.00525,43.01654
-88.00517,42.27036
-88.0051,42.94737
-88.00508,43.02247
-88.00435,42.09389
-88.00426,43.11265
-88.00247,43.0609
-88.00238,43.04828
-88.00118,43.10988
-88.00111,41.67391
-88.00071,43.02838
-88.00027,43.01794
-87.99955,43.06087
-87.99845,41.86018
-87.99843,42.1792
-87.99839,44.52435
-87.998,44.51166
-87.9978,41.67581
-87.99767,42.24031
-87.99759,45.23342
-87.99658,43.03155
-87.99512,43.06087
-87.9938,43.06093
-87.99329,44.51126
-87.99288,39.29775
-87.99282,43.10266
-87.99101,43.101
-87.99013,43.01217
-87.9896,43.10078
-87.98947,43.30084
-87.98911,43.09031
-87.98896,43.3007
-87.98866,43.29605
-87.98843,42.37048
-87.98766,43.01831
-87.98764,43.01812
-87.98755,43.0124
-87.98735,42.99488
-87.98732,43.01995
-87.98727,43.00656
-87.98723,43.01007
-87.98664,44.50566
-87.98538,44.51214
-87.98485,43.01242
-87.98468,42.08273
-87.98446,44.49388
-87.98441,42.08302
-87.98407,43.0963
-87.9832,42.083
-87.98263,43.06545
-87.98241,42.08425
-87.98227,44.50171
-87.98214,43.01831
-87.98189,43.74769
-87.98083,43.03677
-87.97975,46.40663
-87.97974,43.03683
-87.97947,43.20733
-87.97941,43.03681
-87.9779,44.49187
-87.97775,44.49239
-87.97774,44.49509
-87.97767,43.7477
-87.97754,43.01919
-87.97725,41.51618
-87.97719,44.49226
-87.97716,44.49238
-87.9766,41.51589
-87.97619,43.04904
-87.9757,43.04903
-87.97554,44.51227
-87.97547,44.49244
-87.97543,43.7474
-87.97464,43.7475
-87.97231,43.02007
-87.97208,41.74081
-87.97083,42.30541
-87.97055,42.98782
-87.97036,44.48092
-87.96993,43.05885
-87.96982,41.8865
-87.96943,41.88677
-87.96893,43.01238
-87.96892,41.88688
-87.96734,43.01607
-87.96629,41.84687
-87.96611,43.08964
-87.96221,43.02151
-87.96126,41.96062
-87.9603,43.00698
-87.96015,43.00972
-87.95952,42.09998
-87.95937,43.04502
-87.95907,41.48138
-87.95692,43.02182
-87.95642,42.19814
-87.95532,43.02192
-87.95432,42.61484
-87.95429,42.28853
-87.95357,42.28822
-87.95088,43.05402
-87.94943,42.91401
-87.9479,44.35675
-87.94657,42.25641
-87.94629,43.0124
-87.94579,41.71796
-87.94557,43.04852
-87.9452,43.01688
-87.94394,41.75678
-87.94344,43.0644
-87.94191,43.03342
-87.94147,43.00864
-87.94117,42.0128
-87.94113,42.2388
-87.93979,41.62792
-87.93958,43.00319
-87.93883,42.37881
-87.93832,43.01252
-87.93745,42.36881
-87.93705,40.9348
-87.93681,43.03491
-87.93618,42.366
-87.93581,42.1388
-87.93554,43.08977
-87.9352,42.06359
-87.93472,38.12993
-87.93418,38.12991
-87.93349,43.04016
-87.93347,43.00485
-87.9331,43.0392
-87.93268,41.63192
-87.93265,43.03448
-87.93145,41.62093
-87.93136,41.61908
-87.93097,43.01242
-87.9285,42.99182
-87.92766,43.02338
-87.92552,43.04558
-87.92469,43.04591
-87.92435,43.01092
-87.92254,43.04509
-87.92218,43.04511
-87.92136,43.0461
-87.92051,43.03852
-87.91959,43.06043
-87.91887,43.00636
-87.91872,43.02665
-87.91869,42.99775
-87.91857,43.00477
-87.91846,30.51331
-87.91839,43.02457
-87.91839,43.0247
-87.91805,43.02617
-87.91804,43.02442
-87.91804,43.0262
-87.91764,43.03869
-87.91722,43.03863
-87.91715,43.02616
-87.91704,43.02027
-87.91703,43.02294
-87.91673,43.05342
-87.91666,43.02049
-87.91666,43.02505
-87.9159,43.02751
-87.91565,43.04546
-87.91561,43.04489
-87.9156,43.04517
-87.91558,43.04174
-87.91558,43.05531
-87.91534,43.04454
-87.91496,43.0451
-87.91475,43.04111
-87.91469,43.04493
-87.91466,43.04354
-87.9146,43.04392
-87.91459,43.04449
-87.91459,43.04469
-87.91453,43.03829
-87.91441,43.05946
-87.9143,43.04394
-87.9143,43.044
-87.91428,43.03808
-87.91418,43.04472
-87.91414,43.01094
-87.91408,43.05414
-87.91383,43.04624
-87.91379,43.04397
-87.91304,43.02583
-87.91283,43.02413
-87.91282,43.02276
-87.91281,43.02371
-87.9128,43.02719
-87.91277,43.01219
-87.91277,43.01559
-87.91247,43.02274
-87.91247,43.02281
-87.91247,43.02413
-87.91247,43.02643
-87.91244,43.02675
-87.91242,43.02555
-87.91242,43.02895
-87.91232,43.02306
-87.91229,43.02567
-87.91224,43.03449
-87.9121,43.02335
-87.912,43.04593
-87.91198,43.02335
-87.91158,43.03893
-87.91145,43.01381
-87.91145,43.04589
-87.91135,43.04589
-87.91105,43.00678
-87.91104,43.00689
-87.91098,43.04187
-87.91088,43.01216
-87.91071,43.01216
-87.9107,43.00672
-87.91066,43.03889
-87.91058,43.00739
-87.91052,41.97816
-87.91051,43.04165
-87.91047,41.97889
-87.91031,43.04082
-87.9103,41.97924
-87.91024,41.97838
-87.90997,43.02919
-87.90927,42.97253
-87.90901,43.02962
-87.90887,43.03816
-87.90883,42.97939
-87.90881,43.03792
-87.9086,43.0329
-87.90831,43.00301
-87.90805,43.03368
-87.9076,43.03523
-87.90757,43.03489
-87.90755,43.03467
-87.90722,41.97708
-87.90704,43.04009
-87.90693,43.04041
-87.90691,43.03235
-87.90688,41.97802
-87.90677,43.03163
-87.9066,41.97518
-87.90646,43.03939
-87.90645,43.00542
-87.90645,43.02271
-87.9064,43.03912
-87.90639,43.00535
-87.90637,43.03945
-87.90628,43.03163
-87.90618,43.03164
-87.90608,43.00546
-87.90575,43.03962
-87.90572,41.98113
-87.90571,43.04075
-87.90532,43.04091
-87.90524,43.04023
-87.90523,43.04044
-87.90517,43.00438
-87.90515,43.05477
-87.90496,42.98727
-87.90488,43.04952
-87.90479,43.0038
-87.90465,43.00052
-87.90462,41.97608
-87.90449,42.99345
-87.90444,41.97597
-87.90398,43.00217
-87.90373,43.00254
-87.90359,43.03155
-87.90358,41.9773
-87.90324,43.03046
-87.90309,43.0495
-87.90299,43.06556
-87.90212,30.52548
-87.90205,43.07486
-87.9019,43.07487
-87.90179,30.52521
-87.90088,43.08564
-87.90085,43.04199
-87.90083,41.97675
-87.90059,43.08407
-87.90055,41.97538
-87.90054,41.97327
-87.90043,43.07547
-87.89997,43.071
-87.8995,43.04642
-87.89947,43.04676
-87.89883,41.80998
-87.89822,43.05527
-87.89817,43.05949
-87.89763,41.81026
-87.89731,41.76476
-87.89714,41.74045
-87.89713,41.97683
-87.897,43.05268
-87.89699,41.97441
-87.89695,42.99725
-87.89692,43.00053
-87.89689,43.00279
-87.89639,43.06552
-87.89632,43.05306
-87.8957,43.05307
-87.89561,43.05279
-87.89523,42.99785
-87.89515,43.05307
-87.895,43.05285
-87.89481,43.05451
-87.89471,30.86355
-87.89471,43.05284
-87.89448,43.05285
-87.89419,43.05284
-87.89317,42.69733
-87.89135,42.99792
-87.89069,41.97432
-87.89015,41.97402
-87.8891,43.06364
-87.88825,43.06029
-87.88815,43.0708
-87.88764,43.09606
-87.8876,43.09875
-87.8875,43.05781
-87.88737,42.04173
-87.88716,43.09798
-87.88709,43.0579
-87.88706,43.74745
-87.88679,42.04142
-87.88666,43.05999
-87.88659,41.76953
-87.88638,41.76963
-87.8859,44.56199
-87.88578,43.06197
-87.88576,47.46952
-87.88557,30.51658
-87.88557,41.7594
-87.88539,43.05982
-87.88534,43.05895
-87.88522,44.88316
-87.88505,42.99052
-87.88496,42.99001
-87.88448,42.9784
-87.88076,42.97902
-87.88057,37.10798
-87.88001,41.78998
-87.87859,43.06598
-87.87634,42.91261
-87.87584,42.97408
-87.87292,41.83451
-87.87081,44.88822
-87.86984,41.81382
-87.8698,41.81251
-87.86936,41.81315
-87.86795,41.97918
-87.86714,42.91069
-87.86515,42.90429
-87.86361,32.89181
-87.86344,42.95891
-87.86321,42.95929
-87.86236,41.969
-87.86038,42.97529
-87.86025,42.95756
-87.86008,42.7177
-87.85996,42.93765
-87.8596,42.91082
-87.85849,41.81745
-87.85458,42.71986
-87.85259,41.53609
-87.85236,41.80567
-87.8505,41.62869
-87.84896,42.5807
-87.84781,41.83512
-87.84632,41.81682
-87.84617,41.57998
-87.84532,42.27983
-87.84507,41.80426
-87.84492,41.82315
-87.84456,41.82243
-87.84441,41.82278
-87.83963,42.24856
-87.83935,41.9669
-87.8392,42.58786
-87.83654,32.51799
-87.83572,42.78025
-87.8356,41.98188
-87.83555,42.05404
-87.83338,41.82483
-87.83267,41.95186
-87.83182,41.75631
-87.83119,42.36022
-87.83119,42.36028
-87.82792,44.34805
-87.82771,42.24866
-87.82725,42.60612
-87.8267,42.02595
-87.82653,44.34752
-87.82622,42.43104
-87.82615,42.80439
-87.82579,42.56462
-87.82152,42.59344
-87.8215,42.59386
-87.82061,41.82809
-87.82046,41.94554
-87.82027,42.59427
-87.81971,42.58935
-87.81935,41.55614
-87.81922,42.78481
-87.81861,41.81317
-87.8179,41.8649
-87.81674,41.97377
-87.81579,42.00236
-87.81191,42.20685
-87.81173,41.88323
-87.81077,41.95288
-87.80829,41.87971
-87.80752,41.95035
-87.807,41.86511
-87.80682,41.87948
-87.80591,41.86481
-87.80577,41.87945
-87.80544,41.92364
-87.80472,41.92327
-87.8027,41.86485
-87.80211,41.99402
-87.80195,41.88754
-87.80134,41.99344
-87.80121,41.93067
-87.80021,42.07262
-87.8001,41.86492
-87.79852,41.95253
-87.79683,41.86497
-87.79654,42.71609
-87.79462,41.88597
-87.79448,41.83393
-87.79437,41.69044
-87.7942,41.87331
-87.79404,41.93836
-87.79388,41.93835
-87.79373,41.79237
-87.79341,41.84317
-87.7929,41.98905
-87.79156,41.55937
-87.79149,41.69037
-87.79024,41.55797
-87.7895,41.79193
-87.78642,41.94187
-87.78459,41.57552
-87.78456,41.9934
-87.78454,41.99426
-87.78425,41.5761
-87.78422,41.57632
-87.7823,41.86519
-87.78179,41.9686
-87.77884,41.93824
-87.77761,41.98054
-87.77498,41.96756
-87.77246,41.8804
-87.77229,41.96071
-87.77076,41.62332
-87.77054,41.9783
-87.77039,41.69071
-87.77038,41.87988
-87.76911,41.9776
-87.76831,41.93137
-87.76711,41.94921
-87.76673,41.9388
-87.76513,41.79557
-87.76286,41.97058
-87.7623,41.98152
-87.76174,41.77453
-87.76171,41.95303
-87.75698,41.96315
-87.75509,41.96114
-87.75491,41.95354
-87.75411,41.96043
-87.75339,41.83632
-87.75229,45.05518
-87.75219,41.41613
-87.75216,41.97516
-87.74951,41.72019
-87.74933,45.05462
-87.74753,41.95178
-87.74735,41.79838
-87.74443,41.96507
-87.74404,41.97082
-87.74285,41.78543
-87.74265,41.79798
-87.74129,42.01283
-87.73955,41.77866
-87.73943,41.96099
-87.73934,41.96055
-87.73646,41.88095
-87.73512,41.79286
-87.73426,41.95385
-87.73291,41.95382
-87.73232,41.80764
-87.73219,41.96247
-87.73129,41.98984
-87.73038,41.9429
-87.72911,41.84405
-87.72834,41.97036
-87.72823,41.7929
-87.72787,41.95577
-87.72774,41.94654
-87.72755,41.94548
-87.72741,41.80762
-87.72741,41.95719
-87.72734,41.93921
-87.7271,41.94498
-87.72707,41.91728
-87.72622,41.94106
-87.72528,41.91833
-87.72383,41.80618
-87.72275,41.93928
-87.72195,41.93548
-87.72128,41.91016
-87.72125,41.93929
-87.72108,41.6924
-87.72103,41.93716
-87.7204,41.69898
-87.71926,41.93178
-87.71905,41.9171
-87.71878,41.93944
-87.7183,41.95411
-87.71829,41.8446
-87.71749,37.9818
-87.71742,41.93453
-87.71741,41.93435
-87.71726,41.93934
-87.71659,41.93484
-87.71633,41.93935
-87.71578,41.95734
-87.71563,41.93206
-87.71555,41.92433
-87.71525,41.84458
-87.71516,41.91024
-87.71501,43.74335
-87.71377,37.99297
-87.71369,41.88492
-87.71344,41.92448
-87.71325,43.77714
-87.71316,41.92448
-87.71277,43.75023
-87.71139,41.93122
-87.71045,41.93077
-87.71018,41.93092
-87.71014,41.91725
-87.70991,41.96094
-87.70853,41.92487
-87.70837,41.80834
-87.70832,41.95594
-87.70829,41.94218
-87.70828,41.95377
-87.70818,41.94858
-87.70809,41.81148
-87.70786,41.95591
-87.70785,41.91723
-87.70731,41.9541
-87.70728,41.91772
-87.70724,41.9301
-87.70719,41.96108
-87.70708,41.74953
-87.70697,41.92896
-87.70681,41.92775
-87.70669,41.89204
-87.70655,41.9278
-87.70647,43.75039
-87.70588,41.96825
-87.70564,41.96139
-87.70552,41.94452
-87.70541,41.95416
-87.70532,41.93558
-87.70506,41.68335
-87.70448,41.92748
-87.70437,41.96136
-87.70409,41.92722
-87.70383,41.95421
-87.70345,41.93924
-87.70317,41.91732
-87.70303,41.91034
-87.70218,41.9257
-87.70197,42.0642
-87.70168,41.92542
-87.70147,41.93221
-87.70126,41.9251
-87.70114,41.92539
-87.70105,41.92535
-87.70085,41.92532
-87.70044,41.93951
-87.70029,41.91732
-87.69974,41.9176
-87.69974,41.93917
-87.69939,41.92401
-87.69908,41.92427
-87.69889,41.92425
-87.69888,41.91772
-87.6988,41.92364
-87.69862,41.99743
-87.69797,41.9371
-87.69783,38.1026
-87.69751,41.9221
-87.69751,41.93561
-87.69748,41.92185
-87.69748,41.92264
-87.6973,41.9273
-87.69725,41.92499
-87.69723,41.93886
-87.69706,41.9015
-87.69699,41.91963
-87.69696,41.89947
-87.69695,41.89904
-87.69685,41.8954
-87.69585,41.94764
-87.695,41.82759
-87.69405,41.92073
-87.69397,41.96874
-87.69386,41.92096
-87.69385,41.91009
-87.69361,41.98189
-87.69301,41.92466
-87.69294,41.99023
-87.69288,41.91996
-87.69196,41.89764
-87.69188,41.97342
-87.69122,41.93763
-87.69114,41.93084
-87.69073,41.89596
-87.69058,41.93428
-87.69012,41.91012
-87.68995,41.91856
-87.68959,41.89592
-87.68914,42.01938
-87.68852,41.96563
-87.68807,41.80136
-87.6878,41.92227
-87.68775,41.9173
-87.68775,41.91892
-87.68765,41.91655
-87.68729,41.89898
-87.68713,41.97613
-87.68706,41.96602
-87.68699,41.96649
-87.68697,41.99769
-87.6867,41.8986
-87.68668,41.89821
-87.68666,41.8973
-87.68665,41.90048
-87.68661,41.89863
-87.68643,41.93932
-87.68594,42.0483
-87.68586,41.8691
-87.68517,41.91749
-87.68517,41.91827
-87.68509,41.81972
-87.68476,41.81222
-87.68471,41.91526
-87.68455,41.89551
-87.68324,41.94663
-87.68302,41.96061
-87.68284,41.92203
-87.68265,41.95947
-87.68226,41.95942
-87.68217,41.95929
-87.68197,41.70547
-87.68197,41.91315
-87.68187,41.89931
-87.68179,41.89556
-87.68176,41.70027
-87.68147,41.69206
-87.68147,41.69438
-87.68143,41.95433
-87.68131,41.95754
-87.68078,41.95675
-87.68074,41.90295
-87.68069,41.97987
-87.68066,42.04794
-87.6806,41.94298
-87.68048,41.91988
-87.68021,41.65463
-87.6802,41.95436
-87.68014,41.95569
-87.67982,41.91759
-87.6797,42.0196
-87.67958,42.01931
-87.67928,41.90299
-87.67925,41.97706
-87.67918,41.903
-87.67909,41.90297
-87.67898,41.91796
-87.67892,41.96726
-87.67889,41.94336
-87.67884,41.92151
-87.67879,41.96161
-87.67861,41.95459
-87.67856,41.96129
-87.67844,41.91082
-87.67832,41.94352
-87.67813,41.85148
-87.67796,41.95449
-87.67788,41.95336
-87.67781,41.91764
-87.67779,41.953
-87.67777,41.95444
-87.67774,41.9153
-87.67762,41.90968
-87.67742,41.91699
-87.6774,41.90282
-87.67738,41.91798
-87.67724,41.91943
-87.67713,41.90982
-87.67708,41.95199
-87.67704,41.89071
-87.67695,34.80287
-87.6769,41.89912
-87.67685,41.89423
-87.67675,41.91037
-87.67675,41.95159
-87.67668,41.91007
-87.67664,41.9035
-87.6766,41.91038
-87.67652,41.95437
-87.67622,41.90339
-87.6762,41.90941
-87.67619,41.89619
-87.67613,41.90127
-87.67596,34.80111
-87.67595,41.94674
-87.67587,41.94313
-87.67582,41.96164
-87.67573,41.85441
-87.67559,41.909
-87.67559,41.96136
-87.67494,41.94715
-87.67493,41.91245
-87.67493,41.9676
-87.6749,41.96918
-87.67456,42.00999
-87.67455,41.9554
-87.67451,41.89806
-87.6744,41.95458
-87.67413,41.97988
-87.67386,41.96504
-87.67377,41.91623
-87.67278,41.88079
-87.67257,41.94475
-87.67252,41.90311
-87.67221,41.88701
-87.67213,41.88632
-87.67205,41.9031
-87.67183,41.89107
-87.6716,41.92862
-87.67154,41.89617
-87.67135,41.90346
-87.67132,41.67786
-87.6713,41.67785
-87.67126,41.88585
-87.67107,41.94357
-87.67098,41.90312
-87.67098,41.99854
-87.67094,41.99821
-87.67091,41.93803
-87.67086,41.94312
-87.67073,41.94231
-87.6707,41.99751
-87.67065,41.99704
-87.67058,41.88963
-87.67058,41.90583
-87.6705,41.99429
-87.67027,41.90348
-87.67023,41.99765
-87.6702,41.93989
-87.67012,41.91621
-87.67009,41.99716
-87.66996,41.91046
-87.66983,41.9052
-87.66973,41.95452
-87.6696,41.93978
-87.66941,41.90313
-87.6693,41.953
-87.66874,41.93228
-87.66874,41.97973
-87.6687,41.9508
-87.6687,41.95342
-87.66862,41.97974
-87.66858,41.97741
-87.66856,41.9766
-87.66855,41.97582
-87.66852,41.97588
-87.66849,41.87734
-87.66849,41.97844
-87.66844,41.97974
-87.66841,41.85484
-87.66811,41.97966
-87.66796,41.87959
-87.66791,41.97325
-87.66782,41.89628
-87.66776,41.97245
-87.66771,41.89634
-87.66765,41.97326
-87.66738,41.89085
-87.66721,41.72966
-87.66692,41.96696
-87.6668,41.88639
-87.66678,41.88942
-87.66673,41.8864
-87.66673,41.96594
-87.66655,41.99828
-87.66637,41.96223
-87.66634,42.00873
-87.66629,41.92181
-87.66625,42.00735
-87.6661,41.87375
-87.6659,41.93437
-87.66558,41.81599
-87.66527,41.92188
-87.66518,41.87981
-87.66517,41.93962
-87.66497,41.9368
-87.66451,41.92203
-87.66437,41.93634
-87.66435,41.94476
-87.66418,41.9454
-87.66414,41.89639
-87.66412,41.92504
-87.66393,41.86949
-87.66392,41.93416
-87.66382,41.95241
-87.66376,41.9468
-87.66376,42.01418
-87.66365,41.92845
-87.6636,41.92717
-87.66354,41.86913
-87.66348,41.85475
-87.66306,41.92511
-87.66302,41.86914
-87.66293,41.89634
-87.66264,41.91392
-87.66264,41.9201
-87.66254,41.85652
-87.66206,41.89329
-87.66192,41.88183
-87.66155,41.93486
-87.66148,41.86948
-87.66124,41.93056
-87.66117,42.00198
-87.66111,41.81191
-87.66074,42.00581
-87.66067,41.81061
-87.66066,41.85868
-87.66066,41.99202
-87.66065,41.99479
-87.66062,41.85777
-87.66057,41.98943
-87.66038,41.88685
-87.65996,41.9701
-87.65989,41.96918
-87.65988,42.00063
-87.65982,41.99443
-87.65979,41.93314
-87.65953,41.89013
-87.65952,41.82777
-87.65939,41.93281
-87.65925,41.9655
-87.65919,41.89052
-87.65918,41.96915
-87.65909,41.9501
-87.65908,41.93724
-87.65899,41.93469
-87.65891,41.94984
-87.65875,41.92614
-87.65875,41.96775
-87.65808,41.93228
-87.65792,41.94864
-87.65781,41.85774
-87.65769,41.84152
-87.65748,44.08858
-87.65739,41.8578
-87.65727,41.91783
-87.65724,41.94781
-87.65718,41.91793
-87.65682,41.94882
-87.65642,41.94684
-87.65633,41.94657
-87.65617,41.92181
-87.65601,41.9463
-87.65595,41.96948
-87.65588,41.92872
-87.65578,41.96162
-87.65566,41.8815
-87.65564,41.93012
-87.65559,41.96301
-87.65555,41.85778
-87.65537,41.94597
-87.65535,41.9454
-87.65531,41.94592
-87.65529,41.92986
-87.65515,41.97405
-87.65512,41.94501
-87.65509,41.94579
-87.65504,41.93273
-87.65504,41.94514
-87.65503,41.94573
-87.65501,41.9836
-87.65486,41.94539
-87.65485,41.89571
-87.65481,41.89567
-87.6548,41.9455
-87.6548,41.94742
-87.65467,41.9528
-87.65451,41.94159
-87.65446,41.94001
-87.65441,41.94435
-87.65437,41.88153
-87.65436,41.94341
-87.65427,41.9133
-87.65427,41.94045
-87.65414,41.94737
-87.65409,41.94479
-87.65407,41.94471
-87.65403,41.9476
-87.654,41.94787
-87.65398,41.94024
-87.65394,41.94745
-87.65394,41.94778
-87.6539,41.93821
-87.65386,41.88538
-87.6538,41.935
-87.65379,41.94005
-87.65366,41.93377
-87.6536,41.95857
-87.65356,41.91824
-87.65334,41.9293
-87.65332,41.92915
-87.65326,41.94342
-87.65319,41.92843
-87.65297,41.92165
-87.65293,41.91828
-87.65277,41.86931
-87.65267,41.85338
-87.65262,41.8854
-87.65255,41.89421
-87.65233,41.88657
-87.65211,41.91011
-87.65202,41.88646
-87.65201,41.88705
-87.65194,41.4692
-87.65194,41.88478
-87.65187,41.88651
-87.6518,41.88111
-87.65176,41.88689
-87.65171,41.96193
-87.65169,41.92772
-87.65133,41.88688
-87.65128,41.93972
-87.65114,41.83813
-87.65104,41.85814
-87.65068,41.94024
-87.65046,41.92632
-87.65028,41.93923
-87.65014,41.8846
-87.64975,41.94934
-87.64966,41.88576
-87.64963,41.94521
-87.64959,41.94533
-87.64956,41.88576
-87.64951,41.94351
-87.64947,41.94243
-87.64946,41.95212
-87.6494,41.94943
-87.6494,41.94998
-87.6494,41.95012
-87.64938,41.94864
-87.64938,41.94891
-87.64927,41.93329
-87.64927,41.93441
-87.64926,41.94477
-87.64925,41.94489
-87.64924,41.94327
-87.64924,41.94352
-87.64919,41.92952
-87.64918,41.94297
-87.64916,41.88662
-87.64914,41.90869
-87.64909,41.93987
-87.64907,41.94993
-87.64887,41.88588
-87.64885,41.9217
-87.64879,41.93146
-87.64873,41.91838
-87.64869,41.92774
-87.64853,41.91288
-87.64852,41.92664
-87.64843,41.88369
-87.64834,41.85328
-87.64834,41.91807
-87.6483,41.91773
-87.6483,41.94942
-87.64771,41.88476
-87.64756,41.93572
-87.64745,41.87961
-87.64729,41.8842
-87.64722,41.88484
-87.64713,41.87825
-87.64711,41.89106
-87.64706,41.89135
-87.64702,41.94722
-87.647,41.89104
-87.64684,41.89135
-87.64671,41.86554
-87.64669,41.86465
-87.64665,41.93527
-87.6465,41.93306
-87.64629,41.85321
-87.64627,41.85282
-87.6461,41.92339
-87.64606,41.93358
-87.64605,41.92335
-87.64599,41.92328
-87.64574,41.86464
-87.64568,41.94506
-87.64557,41.92332
-87.64549,41.92328
-87.64531,41.94381
-87.64512,41.92309
-87.64511,41.88586
-87.64487,41.8896
-87.64475,41.89027
-87.64471,41.93734
-87.64469,41.9354
-87.6445,41.93774
-87.64447,41.9368
-87.64442,41.93373
-87.64442,41.9357
-87.64431,41.94256
-87.64429,41.94251
-87.64423,41.93931
-87.64421,41.9397
-87.64411,41.93714
-87.64406,41.88587
-87.64406,41.93497
-87.64391,41.82544
-87.64382,41.16943
-87.64367,41.93002
-87.64275,41.85787
-87.64227,41.84838
-87.64214,41.88467
-87.64173,41.92802
-87.64158,41.9277
-87.64151,41.67181
-87.64151,41.9268
-87.64151,41.93299
-87.64125,41.92643
-87.64122,41.93181
-87.64115,41.88585
-87.64076,41.93272
-87.64072,41.82068
-87.64068,41.81424
-87.64065,41.88239
-87.64051,41.87758
-87.64042,41.88231
-87.64035,41.933
-87.63987,41.91815
-87.63931,41.82377
-87.639,41.87863
-87.63895,41.91459
-87.63879,41.87757
-87.63877,41.9115
-87.63864,41.87867
-87.63863,41.91762
-87.63821,41.88528
-87.63785,41.8898
-87.63782,41.8805
-87.63782,41.88162
-87.63759,41.88818
-87.6374,41.89455
-87.63737,41.91853
-87.63726,41.88968
-87.63717,41.88542
-87.63682,41.89685
-87.63641,41.89868
-87.63563,41.91134
-87.63553,41.91099
-87.63552,41.89728
-87.63534,41.88927
-87.63528,41.89718
-87.63524,41.8934
-87.63511,41.88928
-87.63503,41.87731
-87.63498,41.91138
-87.63492,41.90901
-87.63487,41.9093
-87.63475,41.90417
-87.63474,41.83047
-87.63458,41.88929
-87.63442,41.91534
-87.63433,41.90691
-87.6343,41.91007
-87.63423,41.90986
-87.6342,41.83468
-87.63406,41.88294
-87.63397,41.89575
-87.63393,41.83122
-87.63391,41.89203
-87.63388,41.89095
-87.63387,41.87656
-87.63381,41.89188
-87.63367,41.88475
-87.63354,41.88428
-87.63353,41.87642
-87.63325,41.87973
-87.63323,41.83064
-87.6332,41.88335
-87.63316,41.85315
-87.63311,41.89185
-87.63306,41.83469
-87.63237,41.89583
-87.63228,41.88791
-87.63208,41.88173
-87.63208,41.9041
-87.6318,41.89026
-87.63174,41.85263
-87.63171,41.88588
-87.6316,41.88942
-87.6315,41.88661
-87.6315,41.89608
-87.6314,41.89026
-87.63136,41.8899
-87.63132,41.87932
-87.63129,41.89051
-87.63126,41.88662
-87.6311,41.87677
-87.63099,41.89418
-87.63097,41.89633
-87.63081,41.89129
-87.63059,41.89043
-87.63046,41.87342
-87.63033,41.88223
-87.63027,41.88705
-87.63015,41.88043
-87.63003,41.88987
-87.62999,41.8939
-87.62984,41.88964
-87.62964,41.9042
-87.62955,41.90376
-87.62925,41.90333
-87.6292,41.88989
-87.62916,41.90453
-87.62912,41.87724
-87.62911,41.88986
-87.6291,30.29476
-87.62906,41.90337
-87.62896,41.87287
-87.62896,41.88991
-87.62895,41.87318
-87.6289,41.88816
-87.62877,30.29501
-87.62875,41.88705
-87.62875,41.90214
-87.62874,41.89343
-87.62871,41.89064
-87.62852,41.88991
-87.62851,41.89425
-87.62841,41.89434
-87.62838,41.88391
-87.62832,30.29502
-87.62831,41.88867
-87.6283,41.87932
-87.62828,41.83543
-87.62827,41.8915
-87.62826,41.89066
-87.62818,41.88978
-87.62794,41.89259
-87.62789,41.89262
-87.62764,41.88608
-87.62761,41.89976
-87.6275,41.89221
-87.62749,41.89229
-87.6274,41.8839
-87.62732,41.89228
-87.62713,41.89028
-87.62682,41.85391
-87.62678,41.85399
-87.62676,41.88056
-87.62666,41.89652
-87.62662,41.8888
-87.62638,41.88156
-87.62632,41.87891
-87.62632,41.91496
-87.62627,41.89691
-87.62617,41.90092
-87.6261,41.88589
-87.62609,41.88558
-87.62601,41.89221
-87.62599,41.88263
-87.62599,41.88596
-87.62591,41.86137
-87.62559,41.89298
-87.62525,41.88792
-87.62519,41.89118
-87.62512,41.89603
-87.62511,41.89599
-87.62507,41.88803
-87.62484,41.8816
-87.6248,41.87554
-87.6248,41.88657
-87.62479,41.89025
-87.62476,41.88176
-87.62463,41.8923
-87.62453,41.86352
-87.6245,41.87295
-87.62448,41.87209
-87.62436,41.85999
-87.62427,41.86252
-87.62423,41.85803
-87.62417,41.88781
-87.62407,41.91343
-87.62396,41.85156
-87.6238,41.89111
-87.62356,41.86192
-87.62346,41.84996
-87.62346,41.90039
-87.62342,41.90043
-87.62323,41.89234
-87.62315,41.88504
-87.62285,41.85266
-87.62262,41.89982
-87.62225,41.89948
-87.62161,41.88827
-87.62105,41.88618
-87.62084,41.89392
-87.62082,41.8916
-87.62042,41.85392
-87.6203,41.79419
-87.61978,41.888
-87.61971,41.88725
-87.61921,41.89209
-87.61911,41.89145
-87.61878,41.88886
-87.6184,41.88904
-87.61803,41.75823
-87.6166,41.89066
-87.61616,41.89207
-87.61611,41.80993
-87.61567,41.89387
-87.60941,41.89146
-87.6086,41.89133
-87.60825,41.75834
-87.60651,32.70363
-87.60634,41.81698
-87.60565,41.77971
-87.6056,41.75806
-87.60559,41.89124
-87.60554,41.75589
-87.60498,41.8913
-87.60447,41.89139
-87.59765,30.29081
-87.59685,41.7952
-87.59556,41.78803
-87.59213,37.84122
-87.59154,41.79928
-87.5893,41.80003
-87.58893,41.80148
-87.58767,30.29113
-87.58707,41.75898
-87.58619,41.79939
-87.5858,41.73202
-87.58193,41.79537
-87.57953,37.9734
-87.57887,37.97227
-87.5761,41.76671
-87.57301,37.97037
-87.57283,41.78155
-87.56848,44.14837
-87.56835,33.21112
-87.56788,33.20962
-87.56779,33.20938
-87.56771,33.21129
-87.56759,33.21133
-87.56751,33.21134
-87.56745,33.21027
-87.56697,33.20889
-87.56692,33.21069
-87.56667,33.21113
-87.56658,33.21121
-87.56509,41.76484
-87.5622,33.21182
-87.55536,45.61085
-87.55467,33.21061
-87.55467,33.21068
-87.5545,33.21124
-87.55443,33.21089
-87.55423,33.21086
-87.55326,45.61018
-87.55306,33.21055
-87.55237,33.21036
-87.5508,41.72043
-87.54824,40.12481
-87.54506,41.64798
-87.54272,41.7026
-87.53728,41.70257
-87.52689,41.15265
-87.52678,41.70257
-87.52574,45.68961
-87.51651,41.53535
-87.50291,41.49163
-87.50213,44.45811
-87.49991,37.32817
-87.49934,37.32833
-87.49925,41.6232
-87.47267,45.87941
-87.46794,46.28307
-87.46325,41.55649
-87.44872,45.62305
-87.44738,39.46921
-87.44561,41.53762
-87.43844,44.60818
-87.42182,41.29108
-87.41503,39.47077
-87.41234,37.94768
-87.40959,37.94603
-87.40761,39.46635
-87.40696,41.60167
-87.4069,39.45838
-87.4043,37.97346
-87.397,46.5437
-87.39657,39.44849
-87.39548,39.46799
-87.39463,46.54336
-87.39454,46.54355
-87.39423,46.55339
-87.39179,46.5432
-87.39156,39.45941
-87.38931,36.07553
-87.38413,44.82912
-87.38275,39.49203
-87.37909,39.47857
-87.37869,44.83564
-87.37857,44.8364
-87.37761,44.83584
-87.37626,36.07563
-87.37587,39.46398
-87.37543,44.8336
-87.37198,39.79219
-87.37037,39.52887
-87.36708,36.54002
-87.36402,44.83135
-87.35311,45.79835
-87.34172,46.28779
-87.33978,45.70232
-87.3365,41.52748
-87.336,41.53695
-87.33579,41.58479
-87.33365,41.58703
-87.32914,39.72772
-87.32569,30.53489
-87.29284,30.4512
-87.27087,36.57956
-87.26725,41.60037
-87.24936,40.51982
-87.24737,30.42053
-87.23729,41.42315
-87.23545,41.41984
-87.22656,41.4197
-87.22283,30.48875
-87.21682,30.4212
-87.21551,30.41264
-87.21509,30.41228
-87.21506,30.41218
-87.21502,30.41051
-87.21459,30.41023
-87.21448,30.40984
-87.21447,30.40866
-87.21422,30.41031
-87.21407,30.41033
-87.21294,30.40978
-87.21024,30.40879
-87.20644,30.43969
-87.17904,41.59808
-87.17903,41.51187
-87.17684,30.37131
-87.17427,38.65704
-87.16636,39.03459
-87.15253,40.93548
-87.15149,40.93718
-87.12694,39.52309
-87.12052,39.52458
-87.11188,30.60407
-87.10608,30.68119
-87.09753,45.71643
-87.08679,30.53693
-87.06695,45.74591
-87.06605,41.46699
-87.06128,41.46794
-87.06115,41.46827
-87.06015,45.74555
-87.05962,41.46706
-87.04782,39.88131
-87.0463,41.4684
-87.03854,30.62239
-87.03559,30.62312
-87.03448,35.61505
-86.96723,45.92624
-86.96091,40.45793
-86.95467,38.29592
-86.95184,38.29802
-86.94859,36.08069
-86.94769,36.07109
-86.92513,36.07271
-86.91988,36.12004
-86.91979,36.07627
-86.91411,40.45403
-86.90907,40.42381
-86.90838,40.42406
-86.90469,40.42193
-86.90048,40.42331
-86.89466,40.419
-86.89166,40.41876
-86.89124,41.71452
-86.89116,40.41928
-86.88914,40.41925
-86.88634,40.4101
-86.88629,40.38342
-86.87876,35.93216
-86.87404,40.42992
-86.87221,35.92439
-86.86812,40.60259
-86.8679,35.92591
-86.86782,36.15786
-86.86766,40.6026
-86.86517,39.64486
-86.86463,39.64339
-86.86438,39.64346
-86.86347,39.64162
-86.85938,40.39441
-86.85286,41.70417
-86.84906,36.15566
-86.84804,36.16254
-86.8432,34.17822
-86.84009,36.14079
-86.84005,35.91558
-86.82133,35.9478
-86.82118,33.463
-86.8124,39.76138
-86.80891,33.47384
-86.8019,33.51764
-86.79873,36.16605
-86.79843,36.14909
-86.79794,33.3445
-86.79747,36.14936
-86.79728,36.14945
-86.79701,36.15089
-86.79679,36.15107
-86.79663,36.16418
-86.79652,36.16431
-86.7964,36.14988
-86.79632,36.15543
-86.79627,33.50017
-86.79612,33.50135
-86.79605,36.15008
-86.79591,36.15118
-86.79584,36.1506
-86.79566,36.15301
-86.79512,36.16519
-86.79224,36.14281
-86.79158,33.48004
-86.79152,36.14291
-86.79123,36.15261
-86.79048,36.15296
-86.79032,33.51025
-86.7903,36.17611
-86.79013,36.02501
-86.78966,36.1532
-86.78887,36.12643
-86.78845,33.51116
-86.78834,33.5112
-86.78827,36.17537
-86.78816,33.51163
-86.788,33.5117
-86.78737,33.51136
-86.7868,33.51085
-86.78527,36.17389
-86.78526,36.15285
-86.78509,36.15322
-86.78464,36.15256
-86.78365,36.17294
-86.7836,36.17303
-86.78359,36.15278
-86.7835,36.15307
-86.78065,36.16407
-86.78029,36.15278
-86.77949,36.16114
-86.77927,36.16124
-86.77908,36.16096
-86.77885,36.16452
-86.77884,36.16459
-86.77874,36.15061
-86.77873,36.16441
-86.77855,36.16439
-86.77822,36.16476
-86.77686,36.16434
-86.77637,36.12488
-86.77599,36.16342
-86.77571,36.16184
-86.77542,36.16268
-86.77532,36.16083
-86.7753,36.16235
-86.7748,33.52466
-86.77468,36.16135
-86.77442,36.15933
-86.77353,36.13166
-86.76875,36.14299
-86.76834,36.14271
-86.76778,36.18555
-86.76617,37.96313
-86.76495,36.12434
-86.75994,36.17538
-86.75556,36.10585
-86.75545,36.17611
-86.7503,36.17844
-86.75013,36.17728
-86.75005,36.17832
-86.74916,36.18128
-86.7479,33.52944
-86.7469,36.11074
-86.74639,36.1891
-86.74574,36.17694
-86.74544,36.1316
-86.74344,41.79323
-86.74342,41.79333
-86.73911,36.20287
-86.7384,41.62751
-86.72951,36.18853
-86.72591,36.08356
-86.7248,36.20438
-86.72342,41.60992
-86.72144,41.61151
-86.72095,41.61213
-86.71873,36.24826
-86.71425,34.93287
-86.69832,36.21769
-86.6978,36.21855
-86.69405,34.75371
-86.69398,36.21863
-86.69386,40.59056
-86.67945,34.74341
-86.67944,34.74357
-86.67944,34.74372
-86.67388,34.71795
-86.67033,36.12924
-86.67029,36.13234
-86.67001,36.12874
-86.66993,36.13217
-86.66988,36.12828
-86.6698,36.12985
-86.669,36.12781
-86.66895,34.73503
-86.66797,36.13019
-86.66571,36.1702
-86.66397,40.59173
-86.6638,33.41182
-86.65335,34.7384
-86.64314,38.37318
-86.63382,34.73355
-86.63338,34.7359
-86.62344,41.29786
-86.62024,38.54931
-86.62024,38.54947
-86.61925,38.54955
-86.61174,34.71106
-86.61156,41.80279
-86.60978,33.61894
-86.60921,33.61828
-86.60851,33.61797
-86.60789,36.08842
-86.60491,34.7223
-86.59237,34.73401
-86.58787,34.73153
-86.58624,34.73792
-86.5862,34.73817
-86.58592,34.7319
-86.58518,34.73159
-86.58515,34.73154
-86.58393,34.73015
-86.58356,38.10495
-86.58251,34.74835
-86.58054,34.74869
-86.5743,34.66659
-86.57274,36.21982
-86.57128,34.6612
-86.57108,30.70596
-86.56884,39.16519
-86.5594,41.94682
-86.55616,41.94276
-86.55616,41.94278
-86.5463,41.56534
-86.53508,39.16692
-86.53467,39.16521
-86.53463,39.16541
-86.53449,39.16522
-86.53377,39.16835
-86.53348,39.19155
-86.53334,39.16578
-86.53312,39.16617
-86.52837,39.16635
-86.5264,39.13738
-86.52066,40.28031
-86.5196,42.0141
-86.51502,42.04325
-86.5121,30.39597
-86.49959,40.86356
-86.49825,30.52289
-86.49102,35.84266
-86.47173,38.73337
-86.46367,36.96036
-86.44834,43.95542
-86.44799,43.95206
-86.43912,43.94665
-86.43717,42.1025
-86.43656,43.94233
-86.4275,30.3901
-86.42451,32.45917
-86.39535,46.15108
-86.39412,35.8464
-86.39272,35.84689
-86.37511,39.6129
-86.36724,41.72054
-86.36466,40.75441
-86.36333,40.75615
-86.35961,41.8274
-86.35679,39.76237
-86.35614,33.83714
-86.35538,43.41703
-86.35504,43.41735
-86.33719,41.94696
-86.32243,41.66983
-86.31133,32.38002
-86.31094,32.38016
-86.31093,32.37841
-86.31021,39.66105
-86.31003,32.37701
-86.30923,39.77948
-86.30876,40.75617
-86.30299,43.20573
-86.29865,39.71631
-86.2979,39.71525
-86.29773,39.71718
-86.29758,39.71533
-86.29652,39.71816
-86.29405,39.71578
-86.2913,32.35192
-86.27587,43.20574
-86.27471,43.20605
-86.27418,42.40482
-86.27407,42.40494
-86.27391,42.40393
-86.27328,42.40306
-86.27231,39.87987
-86.27187,39.81673
-86.27152,39.81535
-86.26913,39.80966
-86.25761,43.23243
-86.25728,41.82978
-86.25565,43.23406
-86.25265,41.6728
-86.25222,41.6773
-86.25216,41.67455
-86.25216,43.23614
-86.25104,41.6749
-86.25061,41.67724
-86.25013,41.67536
-86.2501,41.67383
-86.24966,41.67383
-86.24785,39.20643
-86.24667,39.20703
-86.24458,41.67931
-86.24419,41.67794
-86.24346,41.67524
-86.24215,41.67526
-86.23579,41.69256
-86.23509,41.69134
-86.23434,43.06384
-86.23045,30.34738
-86.23021,30.34761
-86.22894,39.92661
-86.2229,39.7562
-86.22156,41.69728
-86.22028,41.69751
-86.21651,39.76348
-86.21619,41.6305
-86.21068,42.6379
-86.21064,42.63801
-86.21062,42.63779
-86.21042,42.63791
-86.2099,42.63827
-86.20808,34.26663
-86.20611,42.64407
-86.20562,42.65903
-86.20559,42.65676
-86.20512,42.65716
-86.20512,42.65818
-86.20425,30.34103
-86.20394,42.6553
-86.20357,42.65456
-86.20317,42.65504
-86.20235,42.08077
-86.20152,39.9012
-86.19936,43.07647
-86.18606,42.78977
-86.18014,41.66126
-86.18001,41.66097
-86.17988,41.66126
-86.17907,41.72677
-86.17646,42.67896
-86.17633,41.65839
-86.1748,41.72973
-86.17382,42.05772
-86.16793,43.35958
-86.16625,40.05341
-86.16306,40.02243
-86.16189,39.78121
-86.16074,39.77372
-86.15939,39.8256
-86.15653,39.76922
-86.15634,34.19576
-86.15451,39.77143
-86.15383,39.77177
-86.1538,39.77136
-86.15347,39.77159
-86.1532,39.77182
-86.15286,39.80313
-86.1523,39.76861
-86.15122,39.77329
-86.15115,39.97184
-86.14801,39.75953
-86.14769,39.7758
-86.14719,39.77614
-86.14652,39.75818
-86.14645,39.77666
-86.14634,39.9779
-86.14607,39.85131
-86.14606,39.84676
-86.14592,39.84268
-86.14572,39.87432
-86.14548,39.86955
-86.14544,39.84344
-86.14432,30.32317
-86.14416,39.86986
-86.14375,39.77928
-86.14365,39.8695
-86.14275,39.86986
-86.14237,39.75477
-86.14076,39.75254
-86.14055,39.75253
-86.13986,39.73631
-86.13963,39.75186
-86.13961,39.75098
-86.13958,39.75034
-86.13952,39.75152
-86.13716,39.78474
-86.13705,39.78216
-86.13698,39.89029
-86.13583,40.04948
-86.13333,40.06511
-86.13267,40.49055
-86.13035,39.99824
-86.12988,39.96627
-86.12867,39.84002
-86.12858,39.97825
-86.12837,42.78164
-86.12809,39.97033
-86.12786,39.97829
-86.12753,40.04286
-86.12392,39.83965
-86.1207,39.64976
-86.11608,41.29619
-86.11391,39.92562
-86.11143,42.79006
-86.10983,39.69277
-86.10415,42.79051
-86.10375,42.79019
-86.09554,39.87012
-86.09067,39.61578
-86.07711,39.76038
-86.07236,39.91335
-86.07083,39.76805
-86.07051,39.76753
-86.06969,40.09383
-86.06897,39.92614
-86.06679,43.07846
-86.061,39.91167
-86.04981,39.48019
-86.03645,39.92425
-86.02426,39.92822
-86.02358,39.92825
-86.023,39.95655
-86.02114,44.66375
-86.01769,39.95706
-86.01495,44.49941
-86.01032,39.70499
-86.00111,41.44201
-85.98891,39.7831
-85.95825,43.06026
-85.95809,37.13783
-85.95766,39.90135
-85.94014,43.36468
-85.9223,39.20264
-85.92171,39.20257
-85.91779,35.20556
-85.91675,39.95627
-85.89897,39.22937
-85.87935,42.35916
-85.87703,30.2156
-85.87582,30.21695
-85.87243,30.22351
-85.87194,30.2134
-85.87014,43.71216
-85.86597,30.22265
-85.86182,30.20799
-85.86066,41.59684
-85.85576,41.23828
-85.85154,38.31502
-85.84698,40.80263
-85.84415,41.33208
-85.83469,41.58408
-85.83431,41.58757
-85.83391,41.58661
-85.83373,33.66029
-85.83044,41.50059
-85.82145,40.79607
-85.8171,38.32791
-85.81626,41.72169
-85.80122,38.32208
-85.79915,30.35539
-85.7976,36.61644
-85.77367,30.18753
-85.76329,38.25755
-85.76306,42.62464
-85.76174,38.25707
-85.76169,38.25699
-85.76139,38.25634
-85.76099,33.81259
-85.76079,33.81365
-85.76071,33.81383
-85.7607,30.17638
-85.76031,38.25719
-85.75817,38.22886
-85.75795,38.25189
-85.75787,38.25183
-85.75782,38.25106
-85.75772,38.25173
-85.75765,38.25242
-85.75762,38.25248
-85.7574,38.25288
-85.75738,38.25179
-85.7572,38.25776
-85.75708,38.25186
-85.75706,38.25194
-85.75704,38.25243
-85.75693,38.25773
-85.75614,38.24572
-85.75592,38.25123
-85.75516,38.25686
-85.75376,38.25832
-85.75375,38.25829
-85.75354,38.25836
-85.75333,38.25722
-85.75322,38.25323
-85.75319,38.25836
-85.75289,38.25637
-85.75276,38.25635
-85.75266,38.25637
-85.75201,38.25677
-85.75185,38.25584
-85.75068,38.25561
-85.74913,38.25458
-85.7488,38.25596
-85.74874,38.25549
-85.74788,38.25718
-85.74691,38.25436
-85.74555,39.39581
-85.74519,38.21663
-85.7419,38.25334
-85.7413,38.27293
-85.74128,38.23363
-85.74098,38.18345
-85.74087,38.27147
-85.74079,38.18373
-85.74049,38.25324
-85.74029,38.18372
-85.74016,38.27182
-85.74009,38.27162
-85.74003,38.25497
-85.73992,38.25281
-85.7398,38.27086
-85.73873,38.25299
-85.73834,38.25336
-85.73828,38.25305
-85.73769,38.25332
-85.73706,38.23267
-85.73642,38.22764
-85.73573,38.25347
-85.7357,38.25039
-85.73293,38.24603
-85.73053,38.24796
-85.73052,40.1022
-85.72829,38.193
-85.72568,38.24221
-85.72542,38.24149
-85.72515,38.24114
-85.72505,38.24188
-85.72487,38.24069
-85.72232,42.67544
-85.7214,38.25911
-85.71915,38.25816
-85.7168,38.25672
-85.71661,38.2566
-85.71269,38.23403
-85.71105,30.18039
-85.70828,42.88368
-85.70817,38.25443
-85.70733,38.25354
-85.7056,42.72409
-85.70467,38.25364
-85.70463,38.25367
-85.70458,38.23052
-85.70409,38.25352
-85.70397,38.23057
-85.70268,30.1701
-85.70247,38.25371
-85.70169,30.16903
-85.70169,30.1691
-85.70144,38.22882
-85.6976,39.67332
-85.69381,38.224
-85.69362,38.2234
-85.68802,42.97632
-85.68459,42.97059
-85.68435,42.97082
-85.68306,42.97056
-85.682,44.03729
-85.68162,42.99016
-85.68139,43.07136
-85.68106,42.98517
-85.68076,42.97074
-85.68066,42.97048
-85.67862,42.99189
-85.6732,42.95943
-85.67288,42.96355
-85.67257,42.96264
-85.67254,42.97069
-85.67239,42.96658
-85.67208,42.97365
-85.67193,42.9665
-85.67163,42.96652
-85.67151,42.96603
-85.67049,42.96285
-85.67046,42.97734
-85.67031,42.96483
-85.67008,42.96157
-85.66985,42.96084
-85.66946,42.96311
-85.66811,42.96129
-85.66438,42.98865
-85.66186,30.15592
-85.65995,30.16833
-85.65988,40.56786
-85.65975,45.01133
-85.65918,42.99598
-85.65903,40.56724
-85.65736,38.25318
-85.65647,38.25273
-85.65478,38.2527
-85.6514,30.16138
-85.64982,42.96992
-85.64701,42.91987
-85.64636,42.96987
-85.64574,44.7552
-85.64534,42.96266
-85.64519,44.72385
-85.64161,42.44345
-85.63826,44.76387
-85.63679,42.11531
-85.63214,42.9554
-85.63206,42.95541
-85.62854,44.76432
-85.62688,44.76393
-85.6268,44.76598
-85.62604,44.76527
-85.62413,38.14308
-85.62401,44.76316
-85.62401,44.7632
-85.62365,44.76327
-85.62365,44.76333
-85.62361,44.76339
-85.62289,42.2828
-85.62127,44.76397
-85.62043,44.76014
-85.61951,44.74951
-85.61926,38.13784
-85.61803,44.76393
-85.61789,44.76255
-85.61686,44.76332
-85.61681,44.76398
-85.6168,45.12983
-85.61631,38.41519
-85.61402,44.75966
-85.60188,43.06376
-85.60184,43.06483
-85.59456,44.75851
-85.59043,42.21801
-85.58933,42.2535
-85.58344,42.28737
-85.58329,42.27951
-85.58182,42.29189
-85.58098,43.0588
-85.58002,42.2923
-85.57999,42.29234
-85.57994,42.29236
-85.57814,42.29436
-85.57622,38.31055
-85.56605,38.19584
-85.56543,38.32486
-85.56127,38.24414
-85.55256,38.27002
-85.53592,44.58395
-85.53296,42.254
-85.53257,42.11916
-85.52885,42.88188
-85.51503,38.28952
-85.51016,46.35651
-85.5093,38.28998
-85.50923,38.29005
-85.50795,41.45671
-85.50132,36.15103
-85.49641,41.33525
-85.4942,40.47486
-85.48442,39.33687
-85.48384,42.95524
-85.48383,43.70717
-85.48359,39.33782
-85.48324,32.60919
-85.48264,39.33699
-85.48049,32.60635
-85.48034,32.60669
-85.47785,31.24065
-85.47212,43.70081
-85.47154,43.70154
-85.47072,38.1912
-85.46694,37.80997
-85.46694,37.81017
-85.46399,42.71158
-85.46208,38.33272
-85.46127,38.71939
-85.44509,39.60965
-85.4406,44.1209
-85.43968,41.24192
-85.43262,31.25468
-85.42351,32.61509
-85.42001,41.71949
-85.40679,44.90362
-85.4058,40.19698
-85.40464,40.19747
-85.40433,40.19752
-85.40324,44.25455
-85.39913,44.41024
-85.39214,31.22243
-85.38011,38.73582
-85.3798,32.64932
-85.37931,32.64743
-85.379,38.73517
-85.37223,40.96125
-85.37213,39.93138
-85.3711,29.90826
-85.37107,36.79016
-85.37091,40.95916
-85.36622,39.92901
-85.35869,31.2148
-85.33048,39.20544
-85.32682,41.97047
-85.32598,43.67332
-85.31375,35.03444
-85.31217,35.04692
-85.31191,35.06433
-85.31144,35.04716
-85.31028,35.04721
-85.31028,35.04724
-85.31024,35.04683
-85.30941,35.05185
-85.30882,35.04242
-85.30868,35.04788
-85.30864,35.04773
-85.30856,35.04756
-85.30771,35.04647
-85.30738,35.05558
-85.30716,35.03985
-85.30709,35.03662
-85.30645,35.03687
-85.30619,35.03666
-85.30608,35.03666
-85.30564,35.04499
-85.30447,35.03581
-85.3031,29.81387
-85.28945,35.06956
-85.28776,33.74392
-85.28744,42.64888
-85.28383,44.94266
-85.28169,35.02648
-85.28058,44.83235
-85.27761,40.55544
-85.2762,44.88096
-85.27548,41.07651
-85.26881,40.19083
-85.26671,41.45254
-85.26488,45.07223
-85.26158,43.10503
-85.26082,43.10466
-85.25892,45.31865
-85.24365,43.31245
-85.24221,35.13649
-85.24101,35.1235
-85.23923,34.9966
-85.23272,43.09711
-85.22187,41.05941
-85.22105,39.29855
-85.21908,42.32408
-85.21814,35.00967
-85.20414,39.34015
-85.19756,41.28993
-85.19403,30.08674
-85.18319,42.32036
-85.1724,41.02045
-85.16712,41.04564
-85.16522,41.05452
-85.16402,41.11994
-85.15579,42.32924
-85.15228,41.06814
-85.1459,41.09247
-85.14574,43.59667
-85.14463,41.05405
-85.1413,41.07559
-85.14029,41.07797
-85.13937,41.07082
-85.13881,41.10566
-85.13795,41.06806
-85.13762,41.06819
-85.13687,41.1339
-85.13386,44.94004
-85.12902,41.17521
-85.11671,35.36817
-85.1052,41.17824
-85.1026,41.13102
-85.10246,41.13202
-85.10221,41.13102
-85.1012,41.13488
-85.09162,33.57282
-85.08996,33.58271
-85.08753,40.93505
-85.07528,33.57973
-85.07509,33.57898
-85.07508,41.17909
-85.075,33.57971
-85.07446,41.17942
-85.07444,33.57994
-85.05988,41.10303
-85.05567,35.08316
-85.04976,43.95105
-85.0335,46.36619
-85.03136,33.0382
-85.02063,46.1943
-85.02016,46.19403
-85.01787,42.44471
-85.01575,45.21176
-85.01515,45.21208
-85.01512,45.2127
-85.01374,45.21373
-85.01186,39.419
-85.00237,41.06406
-84.99961,32.47074
-84.99753,41.65691
-84.98358,29.72592
-84.98342,29.72783
-84.96884,46.34583
-84.96871,46.34639
-84.96217,33.98932
-84.95652,45.37381
-84.95581,45.37441
-84.95457,45.37383
-84.95418,45.37605
-84.95399,45.37383
-84.93158,45.16425
-84.93084,45.16408
-84.92514,40.83107
-84.9248,39.63433
-84.91212,32.46787
-84.90205,38.02614
-84.89863,45.07277
-84.89585,41.31599
-84.8946,39.81792
-84.88267,35.16048
-84.87797,38.19988
-84.87783,38.19836
-84.87754,38.19877
-84.87747,38.1993
-84.87741,38.19895
-84.87741,38.19936
-84.87729,38.19901
-84.87728,38.19911
-84.84748,32.84522
-84.84215,43.09257
-84.83627,43.38886
-84.83612,42.56194
-84.83283,38.14557
-84.81342,33.8188
-84.81309,35.24387
-84.77736,43.60366
-84.77717,41.95575
-84.77654,43.60389
-84.77652,43.60297
-84.77324,47.9902
-84.77138,47.9973
-84.76918,43.81892
-84.76522,33.72443
-84.76485,33.72527
-84.74942,39.16782
-84.74338,39.51066
-84.74304,39.51034
-84.74276,42.75543
-84.74247,42.62952
-84.7419,39.51032
-84.74146,39.51107
-84.73242,45.75682
-84.72734,45.86852
-84.72671,45.78123
-84.72656,41.07968
-84.726,45.78179
-84.7252,45.86801
-84.72436,39.02801
-84.71526,44.66138
-84.71507,44.66092
-84.71441,44.66193
-84.69409,38.99131
-84.68438,33.85901
-84.66321,41.98353
-84.66126,42.85997
-84.65953,38.97353
-84.65588,39.05038
-84.65527,39.05336
-84.65428,39.05337
-84.63496,39.74368
-84.62821,39.15075
-84.62565,30.42077
-84.62088,42.55702
-84.6172,45.85008
-84.61579,42.77558
-84.61565,45.41251
-84.61556,34.02248
-84.61378,39.14083
-84.61354,34.01989
-84.61261,39.15651
-84.61217,39.15617
-84.60801,35.20827
-84.60797,39.1558
-84.60532,39.09555
-84.60328,33.56712
-84.60262,34.04299
-84.60174,34.04205
-84.60066,33.40789
-84.59994,39.11834
-84.59976,46.2327
-84.59884,39.1496
-84.59664,35.4771
-84.59632,42.76853
-84.59324,33.39539
-84.59319,44.49874
-84.59283,46.23373
-84.58984,39.22814
-84.58772,39.2232
-84.58592,33.40139
-84.58564,39.2156
-84.57883,39.0252
-84.57601,39.01962
-84.57387,33.09442
-84.57294,37.8802
-84.57277,33.95296
-84.57233,37.87972
-84.57105,40.54768
-84.57,34.60584
-84.56853,33.41
-84.56248,42.4437
-84.56229,42.44402
-84.56094,39.08633
-84.56029,39.03599
-84.55991,39.03679
-84.55824,42.75448
-84.55645,38.20961
-84.55264,42.71867
-84.55254,42.72971
-84.55254,42.7317
-84.55213,42.72174
-84.55201,42.72049
-84.55043,33.95068
-84.54939,39.09354
-84.54887,33.95187
-84.54831,34.17534
-84.54787,42.7357
-84.54784,34.08719
-84.54767,39.39816
-84.54762,42.73339
-84.54734,42.71634
-84.54718,42.73338
-84.54701,39.19902
-84.54684,42.71567
-84.54367,42.77727
-84.5433,42.89323
-84.54324,39.1728
-84.54227,42.83623
-84.54166,42.78155
-84.54145,38.02914
-84.54134,38.02934
-84.54076,42.73337
-84.5402,39.15781
-84.54019,39.15806
-84.53987,39.15767
-84.53984,39.16244
-84.53974,39.1577
-84.53961,39.15943
-84.53926,39.1598
-84.53923,39.161
-84.53919,39.16036
-84.53515,39.09065
-84.52972,37.99534
-84.52805,39.07
-84.52691,38.01898
-84.52641,34.03378
-84.52234,39.11862
-84.52214,42.73376
-84.52188,42.73344
-84.5216,42.73382
-84.52125,39.11512
-84.52115,39.11472
-84.52091,33.89398
-84.52087,39.08717
-84.52042,39.14408
-84.52035,39.11811
-84.52015,39.14393
-84.51969,39.14342
-84.51969,39.14344
-84.51967,39.1277
-84.51956,39.11806
-84.51878,38.05567
-84.51836,39.11651
-84.51818,39.1079
-84.51817,39.11457
-84.51772,39.08398
-84.51771,39.08396
-84.5175,39.12827
-84.51749,39.11132
-84.51741,39.11274
-84.51739,39.1114
-84.51733,39.08396
-84.51731,42.76655
-84.51724,39.13153
-84.51717,39.12811
-84.51716,39.11714
-84.51704,38.00141
-84.5163,39.11053
-84.51627,39.1104
-84.51626,39.10798
-84.51618,33.88445
-84.51607,39.10753
-84.516,39.10944
-84.51585,39.10522
-84.51553,39.11184
-84.51534,39.10627
-84.51533,33.88378
-84.51525,39.1007
-84.5152,39.10934
-84.51491,39.09947
-84.5149,42.68331
-84.51489,33.88374
-84.5146,42.64014
-84.51456,39.11116
-84.5145,39.10121
-84.51417,39.10373
-84.51401,38.03809
-84.51399,39.12798
-84.51375,39.10613
-84.51365,39.10957
-84.51358,39.10958
-84.51358,42.7332
-84.51355,39.0992
-84.5134,39.10865
-84.51313,39.10666
-84.5131,39.09697
-84.51292,39.13983
-84.5129,39.10669
-84.5128,39.1097
-84.51279,39.12633
-84.51268,36.49909
-84.51267,39.10851
-84.51253,39.11211
-84.51248,39.09706
-84.51245,39.10854
-84.51238,39.1003
-84.51228,39.1111
-84.51226,39.1123
-84.51214,39.1105
-84.51205,39.10355
-84.51199,39.11111
-84.51179,39.1092
-84.51177,39.10906
-84.5117,42.73012
-84.51169,33.95029
-84.51145,39.10911
-84.5114,39.10884
-84.5112,39.10937
-84.51096,39.10569
-84.51068,39.11342
-84.51041,39.0839
-84.51015,39.10392
-84.51005,39.0861
-84.50984,39.09708
-84.50961,39.09751
-84.50953,39.13178
-84.50953,42.73572
-84.50935,38.05314
-84.50934,39.09754
-84.50933,39.09718
-84.50917,39.09816
-84.50901,39.09758
-84.50888,39.23374
-84.50887,39.08784
-84.50883,42.72973
-84.5088,39.09679
-84.5086,39.08831
-84.50849,34.17537
-84.50772,39.0881
-84.50748,33.46872
-84.50645,38.04454
-84.50618,34.51009
-84.50604,38.07263
-84.5041,33.87794
-84.50345,38.0435
-84.50225,38.0428
-84.50203,38.04304
-84.50196,38.04308
-84.50125,38.05039
-84.50043,39.2803
-84.49968,39.09065
-84.49965,38.0497
-84.49942,39.09086
-84.49867,38.05468
-84.49857,38.04689
-84.49856,38.04855
-84.49854,38.04875
-84.4985,38.04859
-84.49829,38.04891
-84.4978,39.1082
-84.49759,39.10761
-84.49729,38.04684
-84.4972,39.08646
-84.497,38.04857
-84.4968,39.09498
-84.49658,33.89821
-84.49655,39.0952
-84.49622,39.09531
-84.49554,39.28199
-84.49549,38.03451
-84.49532,34.23543
-84.49528,38.03468
-84.49475,39.08594
-84.49333,42.73442
-84.49227,39.08361
-84.49181,33.96849
-84.49158,30.06175
-84.49084,38.03012
-84.49075,39.12574
-84.49044,39.1254
-84.48997,34.23691
-84.48849,33.97155
-84.48843,39.12571
-84.48693,38.05452
-84.48633,38.05402
-84.48568,33.9046
-84.48364,40.22287
-84.48364,42.73585
-84.48363,42.73552
-84.4835,42.73529
-84.4832,39.28288
-84.48136,42.73547
-84.4812,38.05773
-84.48104,39.10833
-84.48098,42.73462
-84.47883,38.06503
-84.47837,45.64307
-84.47768,39.12989
-84.47763,42.73388
-84.47744,39.12883
-84.47711,45.64452
-84.47705,45.64458
-84.47688,45.64426
-84.47554,34.683
-84.47512,39.12178
-84.47058,33.88791
-84.47013,33.8649
-84.46999,33.88947
-84.4692,33.88937
-84.46842,33.91841
-84.46598,33.86656
-84.46587,38.01976
-84.46514,33.90605
-84.46071,42.59019
-84.46068,35.60134
-84.45737,39.4812
-84.45714,39.48121
-84.45558,33.87249
-84.45537,33.44835
-84.45537,33.4485
-84.45531,39.3875
-84.45511,38.01664
-84.45301,38.04628
-84.45259,42.58131
-84.45027,42.74846
-84.447,39.06438
-84.44482,39.14778
-84.44423,42.58031
-84.44265,33.644
-84.44254,33.64159
-84.43972,33.64092
-84.43909,33.63778
-84.43854,34.43711
-84.43711,39.11502
-84.4365,42.80395
-84.43643,33.64062
-84.43363,39.16878
-84.4327,42.27701
-84.43226,42.45
-84.43058,39.12885
-84.43037,33.73734
-84.43036,39.32665
-84.42828,33.97981
-84.42805,39.18218
-84.42772,39.31726
-84.4275,39.31751
-84.42629,33.80203
-84.42612,33.78913
-84.42567,33.64073
-84.42362,42.25516
-84.42355,39.31805
-84.42093,33.73117
-84.41997,33.63784
-84.41993,33.65903
-84.41948,33.80042
-84.41902,33.73007
-84.41862,33.6586
-84.4163,42.71882
-84.41413,42.72527
-84.41262,33.80866
-84.41258,33.803
-84.41208,33.78362
-84.41204,33.78576
-84.41072,33.77856
-84.41052,44.36332
-84.40988,33.79499
-84.40954,33.66273
-84.40904,44.37417
-84.40702,42.75357
-84.4067,42.75357
-84.40581,39.51731
-84.4055,42.24725
-84.40506,42.24733
-84.40369,39.51666
-84.4034,39.51612
-84.40294,33.74651
-84.40124,42.24781
-84.40093,33.75873
-84.40024,39.19289
-84.39907,33.75209
-84.39882,42.24835
-84.39711,33.62066
-84.39613,39.34945
-84.39575,33.79324
-84.39525,33.75027
-84.3945,33.73697
-84.39446,39.35635
-84.3942,33.73697
-84.39304,33.75707
-84.3928,33.75819
-84.38996,42.22687
-84.38995,33.75673
-84.38834,33.79031
-84.388,33.79091
-84.38771,33.78315
-84.38762,33.7884
-84.3876,33.78506
-84.38713,33.75957
-84.3869,33.75959
-84.38599,33.78588
-84.38594,33.78608
-84.38551,33.78638
-84.38506,33.77238
-84.38488,33.76166
-84.38445,33.78345
-84.38435,33.78569
-84.38426,33.7842
-84.38404,33.77903
-84.38355,33.78692
-84.38196,33.85646
-84.38163,33.75568
-84.38084,33.7811
-84.38073,33.93136
-84.37992,33.78167
-84.37908,33.75565
-84.3765,33.80042
-84.37589,33.75426
-84.37262,33.81162
-84.37228,34.98895
-84.37175,33.79822
-84.37164,33.75408
-84.37163,33.75417
-84.37155,33.75419
-84.37132,33.84523
-84.37113,33.79619
-84.37107,33.7966
-84.37103,33.79604
-84.37003,33.81096
-84.36878,33.82234
-84.36844,33.74188
-84.36827,39.24873
-84.36825,39.20327
-84.36766,33.82296
-84.36717,33.77893
-84.36711,33.77918
-84.36631,33.77306
-84.36544,33.75626
-84.36539,33.75646
-84.36504,33.75778
-84.36453,33.75626
-84.36387,33.75706
-84.363,33.76634
-84.36238,45.996
-84.36218,34.02266
-84.3605,33.74603
-84.36019,33.74569
-84.35779,33.764
-84.35583,46.5373
-84.35459,39.22668
-84.3542,33.78287
-84.35418,33.78282
-84.35306,33.77507
-84.35302,33.77833
-84.35298,33.77345
-84.35291,33.76667
-84.35278,33.77498
-84.35273,33.77182
-84.35272,33.77077
-84.35267,33.77702
-84.35266,33.77682
-84.35239,30.46569
-84.35238,42.8908
-84.35175,33.81703
-84.35037,46.49454
-84.35011,33.76484
-84.34974,46.5332
-84.34964,33.76231
-84.34962,33.76519
-84.34929,33.76554
-84.34884,33.76524
-84.34876,33.76404
-84.34853,46.50089
-84.34826,46.50133
-84.34812,46.49807
-84.34762,46.50052
-84.34687,46.50028
-84.34662,33.7411
-84.34643,46.50018
-84.34632,33.74056
-84.34626,33.74077
-84.34621,46.49924
-84.34612,33.74005
-84.34556,33.74003
-84.34506,33.74002
-84.34506,33.74004
-84.34478,33.74023
-84.34476,30.3946
-84.3446,30.39462
-84.34421,33.73945
-84.34373,39.4405
-84.33968,33.92384
-84.33707,33.83491
-84.33676,44.04382
-84.33597,30.45253
-84.33559,33.87125
-84.33549,33.83686
-84.33522,46.50758
-84.33511,33.83647
-84.33131,33.86094
-84.33004,39.07394
-84.3285,39.96383
-84.32762,46.50746
-84.3276,41.67389
-84.32684,41.6734
-84.32443,34.86514
-84.32438,31.53855
-84.32422,46.50533
-84.32025,30.44198
-84.31988,39.30243
-84.31705,46.53754
-84.3124,42.69095
-84.31219,33.81491
-84.30886,46.52324
-84.30844,30.44757
-84.30633,33.76617
-84.30351,33.75921
-84.30336,33.77548
-84.30323,30.48108
-84.3031,33.75949
-84.30303,33.89068
-84.30272,33.75999
-84.30191,33.95893
-84.30155,33.86796
-84.29816,33.89514
-84.29803,30.46425
-84.29784,40.9043
-84.29779,30.43683
-84.29761,30.47886
-84.2976,30.43645
-84.29753,30.44475
-84.29746,30.47892
-84.29737,30.43643
-84.29617,33.77447
-84.2961,33.77447
-84.29582,33.77507
-84.29581,33.77514
-84.29521,37.74645
-84.29515,33.77423
-84.29462,33.77228
-84.29407,30.4328
-84.29366,30.43527
-84.29321,30.44486
-84.2931,30.43287
-84.29309,30.44486
-84.29303,30.44486
-84.29287,30.44486
-84.29109,43.64087
-84.29045,30.43537
-84.28749,39.64076
-84.28743,34.0621
-84.28652,30.43392
-84.28567,33.89137
-84.28399,42.68931
-84.28222,30.44037
-84.28189,39.30378
-84.28153,33.92134
-84.28142,30.45649
-84.28096,30.455
-84.28045,30.44171
-84.28021,44.39868
-84.27979,30.44175
-84.27915,30.45447
-84.27905,30.4544
-84.27903,45.53376
-84.27855,30.45426
-84.27805,30.43465
-84.27802,34.07054
-84.27781,30.45607
-84.27745,39.36045
-84.27677,30.45711
-84.27137,33.77583
-84.27105,33.98806
-84.26904,30.46724
-84.2661,39.2659
-84.25904,39.26825
-84.25584,33.96586
-84.25472,30.50404
-84.2531,33.76996
-84.25183,30.43195
-84.24866,42.16156
-84.24827,33.8845
-84.24664,43.74317
-84.24516,43.61259
-84.23773,44.27644
-84.23452,39.55788
-84.23432,39.59859
-84.23431,39.59873
-84.23212,33.95462
-84.23189,33.81906
-84.23184,33.81908
-84.22956,42.68468
-84.22712,30.4512
-84.22602,30.48841
-84.22539,30.54284
-84.22536,43.65533
-84.22437,44.27954
-84.22344,34.11107
-84.22034,30.56236
-84.22032,39.67813
-84.21953,33.88443
-84.21764,39.34733
-84.21484,33.85288
-84.21445,33.8527
-84.21438,36.04025
-84.21274,33.94241
-84.20535,39.01916
-84.20486,34.071
-84.19662,33.83848
-84.19442,39.76141
-84.19356,40.57047
-84.19332,39.76388
-84.192,40.57042
-84.19012,39.76092
-84.18997,39.76046
-84.18984,41.9431
-84.18966,39.75935
-84.18965,39.76012
-84.18921,39.76164
-84.18907,34.17343
-84.18905,39.76016
-84.18861,40.29139
-84.18683,39.76312
-84.18681,39.76301
-84.1863,39.76395
-84.1855,39.75669
-84.18513,39.75709
-84.18473,39.76329
-84.18471,39.75707
-84.1844,39.75728
-84.18431,39.75728
-84.18408,39.75704
-84.18301,39.75698
-84.1829,39.7421
-84.18276,39.76117
-84.18228,39.74253
-84.18159,39.75911
-84.18157,39.75618
-84.18138,39.757
-84.17687,37.99403
-84.17076,33.80833
-84.17038,33.80748
-84.16281,39.66609
-84.15917,42.06957
-84.15866,39.61537
-84.15795,35.88105
-84.15786,39.62865
-84.15686,35.95125
-84.156,39.6446
-84.1555,35.88544
-84.14981,39.72331
-84.14626,34.21714
-84.14614,34.21639
-84.14474,39.68972
-84.14259,39.73147
-84.14021,33.95125
-84.13524,34.19485
-84.13287,41.2502
-84.13103,33.84161
-84.13085,39.79919
-84.12564,41.39054
-84.12013,43.52117
-84.11402,39.8483
-84.10917,39.75677
-84.10407,39.69347
-84.10181,39.6957
-84.10045,35.91162
-84.09622,36.94555
-84.09167,46.05764
-84.08318,39.73692
-84.07964,35.8578
-84.07734,39.7357
-84.0752,39.75819
-84.07225,42.66081
-84.06893,40.92506
-84.06788,43.60358
-84.0619,34.31649
-84.05859,36.02334
-84.05471,39.77797
-84.05264,39.05356
-84.04893,41.01925
-84.04736,33.84792
-84.03773,42.15021
-84.02984,34.1758
-84.02977,34.1773
-84.02932,35.93099
-84.0292,34.17771
-84.02527,39.82149
-84.02389,39.82224
-84.02251,39.79166
-84.02093,39.79068
-84.01598,34.0974
-84.015,39.82173
-84.01361,33.92184
-84.01064,43.43708
-84.00801,38.77402
-84.00754,38.77379
-83.98793,33.95347
-83.98731,33.95629
-83.98731,39.5009
-83.98356,33.93859
-83.98175,30.83623
-83.98,36.00566
-83.97945,30.83695
-83.97668,35.76158
-83.97458,43.46217
-83.97291,42.07178
-83.96702,42.00619
-83.9491,42.20607
-83.94784,36.00735
-83.94602,42.00383
-83.94541,42.00356
-83.9453,43.44315
-83.94187,38.05631
-83.93747,33.03535
-83.93558,35.95513
-83.93487,35.95577
-83.93274,35.95676
-83.93018,42.60765
-83.9298,39.6859
-83.92446,36.02441
-83.92425,42.62145
-83.92383,40.48449
-83.9235,35.97626
-83.92294,35.96723
-83.92248,35.97567
-83.92025,35.9681
-83.92015,35.96946
-83.91985,35.96974
-83.91967,35.96575
-83.91963,35.9657
-83.91961,35.96481
-83.91961,35.96591
-83.91943,35.96542
-83.91894,35.966
-83.91891,35.9659
-83.91885,35.96583
-83.9188,35.96572
-83.9188,35.97012
-83.91875,35.96996
-83.91868,35.97058
-83.91863,35.96475
-83.91854,35.97091
-83.91853,35.97025
-83.91852,35.97017
-83.9184,35.9698
-83.91832,35.96933
-83.91823,35.97036
-83.9182,35.97026
-83.91816,35.97028
-83.91799,35.96574
-83.9179,35.96434
-83.91788,35.96489
-83.91772,35.9647
-83.91757,35.96453
-83.91751,35.96425
-83.91425,35.97318
-83.90556,42.41826
-83.90495,35.95889
-83.90317,33.56587
-83.90005,35.96052
-83.88936,43.59833
-83.88914,42.33861
-83.88908,39.80745
-83.88886,43.59736
-83.88869,43.59794
-83.88839,39.80977
-83.88809,39.80705
-83.88683,43.59814
-83.88659,43.57455
-83.87792,35.92092
-83.87423,38.65644
-83.87288,42.58542
-83.86348,44.99052
-83.85912,43.06378
-83.85549,43.06309
-83.83099,42.9574
-83.81853,34.10102
-83.81621,45.41888
-83.80542,35.89281
-83.80324,41.51856
-83.80277,42.28312
-83.80027,45.28494
-83.79667,41.34518
-83.78906,31.17946
-83.78891,41.51631
-83.78119,42.16692
-83.77455,42.26943
-83.77226,42.17211
-83.77181,43.00344
-83.76878,39.93516
-83.76675,42.98012
-83.76467,38.64719
-83.76173,34.09725
-83.75168,42.63139
-83.75144,42.28137
-83.75122,42.28021
-83.75119,42.28003
-83.74971,42.27973
-83.74968,42.27948
-83.74964,42.28082
-83.74929,42.27972
-83.74884,42.27891
-83.74846,42.27916
-83.74798,31.16981
-83.74754,42.28106
-83.74699,42.78911
-83.74673,42.28055
-83.74611,42.28333
-83.74473,33.94349
-83.74434,42.28785
-83.74216,42.27892
-83.74205,33.94271
-83.74184,42.27893
-83.74173,42.22891
-83.74095,42.2781
-83.74035,43.32764
-83.73962,43.3289
-83.73912,43.32345
-83.73791,42.86219
-83.73571,43.30652
-83.73485,42.27482
-83.7348,42.27409
-83.73444,42.27446
-83.73432,42.27489
-83.7336,42.2749
-83.73264,42.94342
-83.72727,35.08616
-83.72526,43.19228
-83.72259,35.67878
-83.71932,39.35037
-83.71886,33.99166
-83.71328,33.79589
-83.71327,33.79434
-83.71318,33.79322
-83.71255,41.61078
-83.70671,42.30417
-83.70575,42.82035
-83.70505,42.79623
-83.70351,41.71722
-83.70294,41.71702
-83.7025,41.71878
-83.69748,42.24472
-83.69604,36.76119
-83.6957,43.02142
-83.69421,43.00928
-83.69188,43.01694
-83.69103,43.01497
-83.68457,41.5939
-83.68061,43.00734
-83.68015,33.813
-83.67648,41.96047
-83.66368,32.55707
-83.65746,42.31239
-83.65709,41.03974
-83.65445,42.94849
-83.65398,41.66264
-83.65253,40.89355
-83.65067,41.37472
-83.65064,41.37548
-83.65064,41.37556
-83.65064,41.37561
-83.65063,41.37524
-83.65063,41.37571
-83.6506,41.0359
-83.65044,41.04453
-83.65025,41.37509
-83.65025,41.37512
-83.65024,41.37665
-83.65023,41.32691
-83.65023,41.37384
-83.65016,41.37587
-83.65007,41.37388
-83.65003,41.03732
-83.65,41.37477
-83.64946,41.37499
-83.64938,41.03928
-83.64934,41.375
-83.64864,41.0379
-83.6483,41.03926
-83.64786,41.03763
-83.64679,41.39781
-83.64435,41.04656
-83.6437,41.52795
-83.63455,42.9735
-83.63435,42.97463
-83.6312,32.83629
-83.62792,41.5561
-83.62748,42.79163
-83.62739,41.77143
-83.62717,42.80107
-83.62713,42.80037
-83.62703,42.80042
-83.62462,41.68234
-83.62241,42.24557
-83.62237,41.37337
-83.62067,41.58105
-83.62058,41.58125
-83.62021,41.67685
-83.61499,42.24087
-83.61496,42.24118
-83.61474,42.24083
-83.61334,42.2412
-83.61076,42.24617
-83.61059,41.05467
-83.60942,42.24578
-83.60896,42.24581
-83.6084,42.24636
-83.60677,41.66295
-83.60335,42.59525
-83.60055,42.5857
-83.60047,42.58996
-83.60014,42.58647
-83.59977,41.54451
-83.58668,33.95789
-83.5811,41.61876
-83.57732,41.66766
-83.57291,36.44882
-83.57181,35.80422
-83.57139,35.87937
-83.57121,35.80369
-83.57097,35.80351
-83.57019,35.80663
-83.56997,35.80267
-83.56542,35.7973
-83.55792,41.63458
-83.55711,46.2566
-83.55633,41.69702
-83.55465,35.78857
-83.55386,42.67691
-83.55143,41.6554
-83.54974,41.65462
-83.54566,41.658
-83.54395,41.65765
-83.54159,41.65616
-83.54145,41.65612
-83.5408,41.64791
-83.54055,41.64833
-83.5402,41.64863
-83.54013,41.65038
-83.53935,41.64967
-83.53861,41.64663
-83.53801,41.64331
-83.53789,42.52447
-83.53754,41.6479
-83.53723,41.64811
-83.53712,41.6634
-83.53623,41.65394
-83.53545,41.6525
-83.53543,41.65202
-83.53421,41.65163
-83.52891,41.62875
-83.52522,41.6467
-83.52215,35.71502
-83.51812,35.71148
-83.51118,35.7139
-83.51095,35.71411
-83.51086,40.80194
-83.51082,35.71419
-83.50478,35.70956
-83.50289,35.71041
-83.49036,42.20833
-83.48415,42.53145
-83.48373,42.43092
-83.48304,42.43093
-83.48149,42.43135
-83.48009,34.85027
-83.47554,33.94388
-83.47368,42.35832
-83.46899,39.90855
-83.46738,42.47791
-83.46176,42.37923
-83.46125,42.37925
-83.46098,42.47833
-83.45753,41.73545
-83.45485,45.04504
-83.4542,41.59412
-83.45348,45.08158
-83.44781,39.88668
-83.44148,33.92236
-83.4373,41.32343
-83.43425,41.45021
-83.43399,45.06212
-83.43115,45.07002
-83.42691,33.96352
-83.41527,36.01509
-83.41517,36.01565
-83.41356,41.1565
-83.41118,41.82814
-83.40593,44.77065
-83.40141,42.55498
-83.40127,33.96344
-83.40076,33.96357
-83.40058,33.9635
-83.39574,42.33918
-83.3947,41.91603
-83.38872,33.32724
-83.38864,33.96897
-83.38683,33.96797
-83.38612,33.95564
-83.38584,42.28277
-83.3828,40.95177
-83.38238,42.64305
-83.38161,42.28223
-83.38036,33.95912
-83.38021,42.73173
-83.38016,33.95882
-83.37979,33.95835
-83.37942,33.95782
-83.37919,33.95938
-83.37916,33.95759
-83.37908,33.95904
-83.37904,33.95893
-83.37902,33.95849
-83.37873,33.95801
-83.37787,33.96109
-83.3773,33.95848
-83.37715,33.95804
-83.37712,33.95868
-83.3771,33.95892
-83.37707,33.95777
-83.37691,33.95897
-83.37672,33.95814
-83.37658,33.95818
-83.3764,33.95804
-83.37628,33.95823
-83.37559,33.95922
-83.37554,33.95906
-83.37552,33.95901
-83.37536,33.95932
-83.37527,40.26083
-83.37518,33.95813
-83.37505,33.9593
-83.37503,33.95882
-83.37493,33.95853
-83.37486,33.958
-83.37485,33.95854
-83.37483,33.95887
-83.37476,33.958
-83.37456,33.95846
-83.37451,33.95896
-83.37444,33.95953
-83.37434,33.959
-83.37429,30.99088
-83.37409,33.95777
-83.37405,33.95816
-83.37398,33.95779
-83.37378,33.95784
-83.37375,33.95881
-83.37359,33.95826
-83.37352,33.95827
-83.37025,41.6385
-83.3701,41.61946
-83.36951,41.68495
-83.36341,42.20724
-83.36198,42.57815
-83.36191,42.20313
-83.36027,42.20531
-83.36012,42.50028
-83.35845,41.51888
-83.35794,42.20855
-83.35646,42.63742
-83.35418,42.46993
-83.35414,42.46964
-83.35096,32.67281
-83.35064,42.22272
-83.34957,42.3967
-83.34918,42.22503
-83.34837,42.2488
-83.34777,42.22691
-83.34408,42.60549
-83.33994,33.92295
-83.33019,42.32588
-83.32695,43.04372
-83.31724,30.81704
-83.31322,42.35427
-83.31046,30.84566
-83.30986,30.84582
-83.30939,30.84593
-83.29878,30.84639
-83.29476,42.35574
-83.29235,42.63699
-83.28731,30.87254
-83.28422,30.8712
-83.28381,41.13289
-83.28162,40.82861
-83.28014,30.86004
-83.27865,30.83204
-83.27546,33.17874
-83.27382,42.30126
-83.27291,33.42744
-83.27179,42.13108
-83.26995,42.27445
-83.26565,42.35731
-83.25757,42.20459
-83.25591,42.30326
-83.24976,35.36902
-83.24916,42.30482
-83.24861,42.30494
-83.24846,42.30465
-83.24802,43.32444
-83.24586,42.6821
-83.24069,42.22753
-83.23633,42.25657
-83.23557,35.79384
-83.23495,42.40764
-83.2321,42.28197
-83.23128,42.34338
-83.2312,42.34337
-83.23108,39.95505
-83.23006,42.30609
-83.22727,42.29682
-83.22648,42.1122
-83.22493,42.34313
-83.22414,35.3735
-83.22205,35.37368
-83.22169,35.37367
-83.22145,42.63347
-83.22127,42.37238
-83.22071,42.32936
-83.22031,35.37389
-83.21806,42.55095
-83.21683,42.54732
-83.21568,42.68041
-83.21564,42.54721
-83.21562,42.54679
-83.21435,42.54645
-83.21415,42.54514
-83.21095,42.37217
-83.21056,39.89485
-83.2101,42.54278
-83.2091,42.25791
-83.20806,42.2587
-83.20793,42.25874
-83.20584,35.94664
-83.20356,35.96924
-83.19729,42.40168
-83.1964,42.35207
-83.19606,43.8462
-83.19573,37.24838
-83.19469,42.50315
-83.1934,42.48844
-83.19323,39.94917
-83.19059,42.19716
-83.19003,42.50325
-83.18694,42.5167
-83.18323,42.26765
-83.183,41.13245
-83.1801,42.23094
-83.17987,42.18334
-83.17963,42.40736
-83.17878,42.13864
-83.17729,41.11431
-83.17714,41.11568
-83.17656,41.11357
-83.17632,41.11391
-83.17571,40.05968
-83.17355,42.25509
-83.17235,42.64944
-83.15934,40.03393
-83.15607,42.24388
-83.15369,42.24379
-83.15228,39.98234
-83.15143,42.20435
-83.15128,42.20436
-83.15097,42.2012
-83.1508,42.20226
-83.15052,42.20436
-83.14976,42.20278
-83.1483,42.55761
-83.14714,42.53376
-83.14691,42.48771
-83.14679,42.48525
-83.14646,42.53284
-83.14603,42.53366
-83.14543,42.3446
-83.14526,42.48774
-83.14525,42.24099
-83.14476,42.48737
-83.14463,42.24244
-83.14439,42.4858
-83.144,42.48854
-83.14227,40.03311
-83.14126,42.43557
-83.14069,42.4876
-83.13998,42.25474
-83.1395,42.25614
-83.13893,42.33132
-83.1388,42.69637
-83.13865,42.46025
-83.13839,42.26015
-83.13839,42.46691
-83.13659,42.4607
-83.13639,42.46046
-83.13634,42.46036
-83.13632,42.46384
-83.13591,42.46176
-83.13553,42.46095
-83.13504,42.68087
-83.13444,42.46107
-83.1337,42.46011
-83.13343,42.4596
-83.13331,42.45944
-83.13304,42.32495
-83.13099,40.15352
-83.13057,41.35461
-83.13029,39.95364
-83.12997,39.95365
-83.12742,42.46799
-83.12664,42.30128
-83.12519,42.36298
-83.12331,40.07276
-83.12073,42.53154
-83.11908,40.02888
-83.11882,42.32692
-83.11803,42.46119
-83.11728,42.43847
-83.11692,42.35966
-83.11417,40.10274
-83.11416,40.09965
-83.11415,40.03067
-83.11389,40.09895
-83.11384,40.10117
-83.11383,40.10073
-83.11125,39.94237
-83.111,41.34702
-83.10979,40.10156
-83.10974,40.1011
-83.10944,40.10073
-83.109,40.10083
-83.10716,42.32155
-83.10449,42.46781
-83.10165,42.41987
-83.09679,40.10592
-83.09122,40.15337
-83.09106,40.03069
-83.08413,40.15803
-83.07947,42.33115
-83.07756,42.32547
-83.07738,40.45897
-83.07694,40.45908
-83.07674,42.36677
-83.07624,40.05817
-83.07589,40.1582
-83.07578,42.33156
-83.0757,40.1579
-83.07555,40.45549
-83.07549,42.33155
-83.07233,39.99521
-83.07213,42.36892
-83.0719,40.13545
-83.07144,42.32189
-83.07101,42.33157
-83.07086,42.33157
-83.07007,42.4277
-83.07,42.36224
-83.06992,42.33158
-83.0692,35.93994
-83.06865,42.3599
-83.06842,42.35261
-83.0679,40.29966
-83.06709,42.33214
-83.06692,42.35221
-83.06692,42.37135
-83.0663,42.37629
-83.06599,42.34613
-83.06566,42.4057
-83.06535,40.11785
-83.06482,42.3486
-83.06393,42.34774
-83.06332,42.32849
-83.06331,42.33165
-83.0629,39.8771
-83.0616,42.35245
-83.06054,42.39554
-83.0603,42.34455
-83.05931,42.26816
-83.05914,42.39774
-83.05843,42.34217
-83.05741,42.34626
-83.0567,42.39407
-83.05652,40.06483
-83.05638,42.33926
-83.05604,42.34069
-83.05595,42.34149
-83.05585,42.34154
-83.05572,42.3409
-83.05571,42.34091
-83.05563,42.33686
-83.05557,42.3416
-83.05549,42.33685
-83.05537,42.34504
-83.05531,42.34176
-83.05509,39.9894
-83.05486,42.34035
-83.05477,42.34056
-83.05465,42.34128
-83.05421,42.3405
-83.05419,42.34127
-83.05399,42.33803
-83.05378,29.60626
-83.05375,36.77795
-83.05346,40.08983
-83.05292,34.73824
-83.05275,42.33692
-83.05273,42.32938
-83.05258,42.33899
-83.05223,42.33653
-83.05221,41.25586
-83.05181,42.32903
-83.05146,42.33351
-83.05143,42.33301
-83.0514,42.33329
-83.05066,40.08998
-83.05059,42.32827
-83.0503,42.32837
-83.05007,42.33426
-83.04989,42.33377
-83.0498,42.33594
-83.04946,39.98889
-83.04886,42.33313
-83.04884,42.33532
-83.0486,42.33506
-83.04836,42.33445
-83.04833,42.32934
-83.04793,42.33457
-83.0477,42.33076
-83.04688,42.33469
-83.04678,42.32963
-83.04563,42.33058
-83.0456,42.33053
-83.04502,42.33653
-83.04485,42.33455
-83.0448,42.33447
-83.0446,39.98498
-83.04453,42.31612
-83.0445,39.9704
-83.04413,42.33409
-83.04404,42.33126
-83.04393,42.3345
-83.04256,39.98516
-83.04247,42.33374
-83.04211,42.33228
-83.04209,42.33524
-83.04033,42.31758
-83.04029,42.33435
-83.04012,42.32881
-83.04009,42.31769
-83.03987,40.06129
-83.03984,40.06125
-83.03979,39.97272
-83.03965,42.33117
-83.03911,42.34478
-83.03898,39.985
-83.03886,42.42626
-83.03882,42.34605
-83.03879,39.99382
-83.03853,42.34744
-83.0376,42.31501
-83.03756,42.31493
-83.03751,39.98496
-83.03441,42.62617
-83.03406,42.68065
-83.03399,42.43732
-83.03272,39.98433
-83.0327,39.98886
-83.02812,34.82504
-83.02644,40.20173
-83.02304,42.41348
-83.01984,40.06363
-83.01972,40.10942
-83.01852,42.7147
-83.01791,42.33648
-83.01703,39.98379
-83.01663,42.35812
-83.0155,40.00647
-83.0155,42.32199
-83.01545,40.02929
-83.01484,42.32373
-83.01425,40.01442
-83.01376,42.80335
-83.01343,42.30929
-83.01312,40.13415
-83.01271,39.99022
-83.01268,39.99059
-83.01247,39.98722
-83.01183,40.01567
-83.01171,40.01511
-83.01143,40.01546
-83.01139,40.01524
-83.0112,40.11475
-83.01101,39.95741
-83.01092,40.01199
-83.01082,42.31057
-83.01076,40.11473
-83.01072,40.01156
-83.01056,42.34898
-83.01051,40.0107
-83.0095,40.00659
-83.00948,40.00638
-83.00846,40.0038
-83.00845,40.00509
-83.00786,39.95026
-83.00737,39.99739
-83.00736,39.99768
-83.00692,39.99799
-83.0068,39.99172
-83.00655,39.99557
-83.00654,39.9938
-83.00645,42.52101
-83.00633,39.98798
-83.00615,39.99414
-83.0057,39.98694
-83.00562,39.98867
-83.00558,39.98633
-83.0055,39.97167
-83.00513,39.97171
-83.0051,39.97201
-83.00509,39.97224
-83.00503,39.98116
-83.00498,42.36195
-83.00491,39.98523
-83.00487,39.97236
-83.00485,39.98505
-83.00464,39.98355
-83.00463,39.9873
-83.00459,39.96991
-83.00449,39.97068
-83.00436,39.97253
-83.00436,39.97275
-83.00423,39.98181
-83.00412,39.98116
-83.00378,39.97684
-83.00306,39.97199
-83.00295,40.19975
-83.00283,39.97167
-83.00281,39.97182
-83.00279,39.97193
-83.00265,39.97128
-83.00241,40.19998
-83.00227,39.98679
-83.00183,38.73151
-83.00178,39.96965
-83.00064,39.95132
-83.0003,40.00865
-83.0003,40.01474
-83.00013,40.05465
-82.99997,40.01423
-82.99991,39.96389
-82.99984,39.96869
-82.99983,39.96356
-82.99978,39.9858
-82.99965,42.35831
-82.9991,40.06858
-82.99852,39.98227
-82.99842,39.96585
-82.99827,39.96782
-82.99822,39.97725
-82.9982,40.00305
-82.99813,39.98043
-82.99809,42.35893
-82.99755,39.94442
-82.99715,39.96582
-82.99715,39.96625
-82.99584,39.93714
-82.99569,39.96579
-82.99507,39.95743
-82.99359,39.9525
-82.99254,39.93516
-82.98871,35.49194
-82.98829,35.4899
-82.98768,42.36349
-82.9862,40.14718
-82.98275,39.94951
-82.98272,39.9498
-82.98186,39.33342
-82.98179,39.96322
-82.98109,40.12351
-82.97658,39.96283
-82.9765,39.96306
-82.97648,42.43766
-82.97542,38.73842
-82.97534,41.30531
-82.97501,41.30566
-82.97499,41.30551
-82.97453,40.1474
-82.97438,40.08829
-82.97176,42.32817
-82.96755,42.30731
-82.96722,40.0773
-82.96513,40.03772
-82.96285,40.06224
-82.95787,39.96243
-82.95746,39.96241
-82.95745,39.96254
-82.95627,39.96255
-82.9553,39.71316
-82.95422,34.68498
-82.95375,34.68484
-82.95161,42.53862
-82.94982,40.10957
-82.94927,34.68545
-82.94563,42.37974
-82.94559,42.38485
-82.94512,40.08861
-82.94415,42.33354
-82.94355,42.38558
-82.94175,39.95747
-82.93997,42.38138
-82.93981,42.38186
-82.93219,40.12698
-82.9317,40.12573
-82.93105,40.12392
-82.93004,42.31083
-82.92223,40.15039
-82.92186,29.58491
-82.91963,34.776
-82.91951,41.51387
-82.91465,42.30589
-82.91239,40.05467
-82.9121,40.05415
-82.90065,42.45962
-82.89849,42.46572
-82.89837,42.46413
-82.89798,42.46503
-82.88656,39.99933
-82.88425,39.89758
-82.88251,39.99803
-82.88249,42.54056
-82.88201,39.99783
-82.88137,39.99779
-82.87993,40.02014
-82.8798,42.59975
-82.87956,42.5995
-82.87829,39.92559
-82.87473,42.31159
-82.87244,40.01893
-82.87197,42.31174
-82.86789,34.11078
-82.86591,29.89809
-82.86413,40.06986
-82.85968,29.90244
-82.85824,40.2422
-82.85494,41.681
-82.8485,27.86696
-82.84205,27.84624
-82.84193,42.66468
-82.83792,42.66779
-82.83784,34.68356
-82.83748,34.68258
-82.8374,34.68228
-82.83736,34.68312
-82.83736,34.68331
-82.83729,34.68324
-82.83656,42.67234
-82.83323,27.88081
-82.83309,27.87901
-82.83153,42.18197
-82.82908,42.64446
-82.82856,27.95296
-82.82719,27.96686
-82.82654,27.9768
-82.82644,27.98777
-82.82005,41.65168
-82.81979,41.65319
-82.81975,41.65332
-82.81965,41.65447
-82.81953,41.65436
-82.8191,41.65269
-82.81884,41.6527
-82.81804,41.65276
-82.81749,41.65264
-82.81715,41.6527
-82.81567,41.6533
-82.81155,32.93643
-82.81099,41.6717
-82.80975,40.04404
-82.80132,27.80232
-82.80057,27.80238
-82.79928,27.96576
-82.79901,27.96574
-82.79208,27.84311
-82.7901,28.01114
-82.78994,28.01172
-82.7896,28.01405
-82.78807,28.01159
-82.78743,27.8273
-82.78646,28.012
-82.78357,39.92363
-82.78345,27.78664
-82.78305,27.78637
-82.78136,28.05123
-82.7765,36.86608
-82.77472,36.8671
-82.7713,28.02377
-82.76885,42.89666
-82.76879,42.89629
-82.76812,28.01892
-82.76498,27.91777
-82.76268,27.88611
-82.76214,27.91896
-82.76072,28.15534
-82.7605,28.15471
-82.76013,27.91838
-82.75756,28.15523
-82.75689,28.15222
-82.7566,28.15616
-82.75448,28.14571
-82.75332,27.74052
-82.75161,27.74142
-82.75155,27.7439
-82.74978,27.91567
-82.74909,27.74237
-82.74832,27.73337
-82.74788,27.7328
-82.74727,27.73541
-82.74694,41.13712
-82.74628,27.73363
-82.74602,27.73456
-82.74581,27.73248
-82.74576,27.7298
-82.74529,27.89318
-82.74512,27.89581
-82.74402,40.78391
-82.74388,27.72742
-82.74322,27.72645
-82.74315,27.7258
-82.74134,28.20037
-82.73947,42.03671
-82.73933,27.71564
-82.73909,28.16963
-82.73804,27.89357
-82.73617,27.52633
-82.7332,27.83872
-82.72764,27.89998
-82.72706,27.82139
-82.7256,41.54085
-82.72438,41.44889
-82.72367,41.6094
-82.72207,41.44647
-82.72184,27.9612
-82.71986,28.24899
-82.7198,28.24939
-82.71949,28.24955
-82.71926,28.25003
-82.71837,28.24984
-82.71534,27.50607
-82.7146,27.89487
-82.71371,41.45709
-82.71268,27.82215
-82.71224,41.59396
-82.71207,41.45718
-82.71154,41.59472
-82.7108,28.01134
-82.7102,27.97988
-82.70811,28.01154
-82.70743,28.01166
-82.70696,35.2537
-82.70694,28.26635
-82.70554,35.27448
-82.70525,35.27354
-82.70131,27.83953
-82.70074,27.78018
-82.69739,28.17808
-82.69724,27.46525
-82.69718,27.46543
-82.69679,27.4655
-82.69601,27.99047
-82.69541,27.99119
-82.69416,39.95826
-82.69069,27.99091
-82.69064,34.87052
-82.68957,27.99067
-82.68709,27.71371
-82.68557,34.55594
-82.68336,41.48447
-82.68001,27.8259
-82.67966,27.77593
-82.67572,27.77432
-82.67415,29.63831
-82.66985,27.89444
-82.66628,27.77085
-82.66522,40.99501
-82.66395,27.77085
-82.66145,27.77124
-82.66062,27.89283
-82.65899,46.38086
-82.65771,28.03636
-82.65741,27.77087
-82.65413,46.4875
-82.65393,27.77086
-82.65235,27.76894
-82.65136,27.771
-82.65097,34.50579
-82.65069,34.5044
-82.65032,27.82971
-82.65023,27.77096
-82.64763,27.7713
-82.6474,27.77229
-82.64705,27.77047
-82.6463,28.03213
-82.64347,27.7687
-82.64338,27.86653
-82.64277,27.771
-82.64092,27.77091
-82.64036,41.36749
-82.63873,27.79333
-82.63833,27.8215
-82.63802,28.19327
-82.63692,27.7718
-82.6369,27.77155
-82.63676,27.76966
-82.63675,27.77139
-82.63663,27.77192
-82.63662,27.7719
-82.63645,27.77139
-82.63638,27.7719
-82.63637,27.77138
-82.63618,27.77139
-82.63612,27.77139
-82.63585,27.77141
-82.63574,27.77957
-82.63573,27.77158
-82.63522,27.77384
-82.63494,27.7723
-82.63482,27.7723
-82.63446,27.76344
-82.63444,27.77228
-82.63363,27.77406
-82.63361,27.77392
-82.63269,27.77451
-82.63213,27.77604
-82.63076,27.7738
-82.62853,27.86703
-82.62251,27.77371
-82.62084,35.57087
-82.61881,28.78598
-82.61808,40.0917
-82.61735,41.24429
-82.61616,41.24187
-82.61594,41.2426
-82.61459,41.24043
-82.61413,41.24326
-82.61374,41.24261
-82.61292,28.1916
-82.61128,27.87062
-82.61043,28.43306
-82.61008,35.57761
-82.61004,34.82829
-82.60778,27.46106
-82.60607,41.2987
-82.60451,39.71227
-82.6041,35.58185
-82.60296,34.83078
-82.6028,34.83013
-82.60249,28.79216
-82.60067,39.7081
-82.59893,35.58715
-82.59871,27.44841
-82.59764,41.41102
-82.59746,28.04342
-82.59521,35.57904
-82.5944,35.57864
-82.59401,35.57799
-82.59347,28.49546
-82.59321,28.89934
-82.59221,28.04322
-82.59211,28.04323
-82.59183,28.04297
-82.59011,35.57785
-82.58469,35.57838
-82.58433,35.57828
-82.58414,28.89281
-82.5841,28.02729
-82.58129,28.86775
-82.57802,27.31914
-82.57574,27.41746
-82.57335,27.49604
-82.56967,35.58528
-82.56899,35.58824
-82.56889,35.5881
-82.56605,35.58616
-82.56486,35.58441
-82.56224,38.38007
-82.56079,35.69745
-82.56005,35.59608
-82.55674,35.60238
-82.55668,35.59507
-82.55652,35.59604
-82.55601,35.59147
-82.55478,35.59562
-82.55359,35.62591
-82.55217,35.59508
-82.55201,35.59142
-82.55127,35.59584
-82.55126,28.06367
-82.5501,39.42475
-82.54387,27.3313
-82.54314,28.43479
-82.5408,27.33633
-82.53919,27.6131
-82.53816,27.97973
-82.53771,27.98043
-82.53449,27.25111
-82.53444,27.25087
-82.53111,27.29035
-82.53081,43.269
-82.52924,27.89019
-82.52725,27.90514
-82.52387,34.72371
-82.52083,27.96613
-82.52073,27.96607
-82.51919,40.06813
-82.51874,40.06713
-82.5179,36.52013
-82.5173,41.03011
-82.51526,40.7614
-82.51486,40.75786
-82.51449,40.76113
-82.51411,40.76191
-82.5092,27.95917
-82.50732,27.49767
-82.50623,28.07996
-82.50604,28.05503
-82.50595,27.44483
-82.50547,35.59197
-82.50287,27.90754
-82.50286,27.95294
-82.50274,27.35332
-82.49907,42.70915
-82.49689,27.30731
-82.49656,34.52207
-82.49397,27.9049
-82.49354,41.32527
-82.48647,40.39379
-82.48322,27.94048
-82.48286,27.94058
-82.48281,27.94087
-82.48216,27.94452
-82.47926,38.41092
-82.47191,36.29456
-82.47138,36.29363
-82.47129,28.02564
-82.4686,40.04303
-82.46617,27.11364
-82.46554,27.94476
-82.46405,27.94482
-82.46375,27.96086
-82.46061,27.95002
-82.46015,27.95104
-82.46012,35.31744
-82.46011,27.95097
-82.46005,35.31418
-82.45995,35.31419
-82.45981,27.94805
-82.45971,35.31537
-82.45929,35.31655
-82.45905,27.99211
-82.45905,35.32219
-82.45902,27.95058
-82.45889,27.94894
-82.45881,27.94635
-82.45856,27.94952
-82.45848,27.94634
-82.45841,34.84699
-82.45665,35.32164
-82.45499,35.32284
-82.45311,27.92566
-82.45152,27.3906
-82.45151,27.39258
-82.45106,28.00952
-82.45089,28.00123
-82.44866,27.95122
-82.44852,38.41987
-82.44848,27.94889
-82.44811,29.39504
-82.44752,27.95124
-82.44701,27.95524
-82.44543,28.0536
-82.44501,27.70396
-82.44501,38.42049
-82.44492,28.06873
-82.44429,27.80648
-82.44422,38.42149
-82.44412,38.42113
-82.44374,38.4219
-82.4431,27.9608
-82.44284,27.9604
-82.44283,38.42109
-82.44277,34.96715
-82.44272,27.96143
-82.44261,34.96703
-82.44257,27.96017
-82.44257,27.9604
-82.44239,27.96011
-82.44225,27.9604
-82.44176,27.96047
-82.44162,27.96135
-82.44157,38.42108
-82.44144,27.96037
-82.44142,28.06873
-82.44073,34.96131
-82.44067,38.42327
-82.44034,38.42332
-82.44033,38.41503
-82.44024,27.96038
-82.44012,27.96038
-82.43982,27.96012
-82.43979,27.96038
-82.43952,38.42144
-82.43935,27.96127
-82.43883,27.96007
-82.43797,27.09965
-82.4363,28.08002
-82.43627,38.42201
-82.43409,34.86395
-82.43399,38.42241
-82.43302,38.42279
-82.43057,34.84891
-82.42923,34.84734
-82.42851,34.84702
-82.4284,34.91248
-82.42831,34.84864
-82.42786,34.8393
-82.42718,34.84894
-82.42492,35.52514
-82.42408,39.93021
-82.41716,28.03229
-82.41613,34.86602
-82.41592,34.86587
-82.41473,34.8527
-82.41438,28.0717
-82.41423,34.85323
-82.41295,34.85245
-82.41193,34.87362
-82.4119,39.91471
-82.41186,38.42479
-82.41161,34.84263
-82.41117,27.05682
-82.41052,34.84258
-82.41037,38.43167
-82.41028,27.96044
-82.40878,34.84308
-82.40828,28.07361
-82.40764,42.9915
-82.4074,42.97425
-82.40732,42.9706
-82.40719,42.97188
-82.40717,42.97201
-82.40688,29.65817
-82.40619,34.84275
-82.40561,42.99067
-82.40548,34.84435
-82.40451,34.84398
-82.40426,40.05862
-82.40411,34.84404
-82.4039,27.13722
-82.4039,27.13844
-82.4035,34.84422
-82.40276,34.84735
-82.4025,41.25455
-82.40184,42.98134
-82.40077,34.84632
-82.40047,34.84693
-82.40041,34.84702
-82.40025,42.59294
-82.39998,34.84626
-82.39997,28.05337
-82.39993,34.85059
-82.39962,34.84985
-82.39915,34.84817
-82.39885,34.8518
-82.39873,34.85191
-82.39864,42.96963
-82.3985,34.85127
-82.39819,34.85185
-82.39801,34.85229
-82.39788,34.85379
-82.39788,35.51468
-82.39757,42.96789
-82.3974,34.86131
-82.3972,34.852
-82.39706,34.86132
-82.39632,34.85071
-82.3963,34.84881
-82.39621,34.84662
-82.39582,34.85019
-82.39392,28.02759
-82.39383,28.02977
-82.38968,34.7138
-82.38725,43.00503
-82.3818,42.98483
-82.38167,28.55207
-82.3784,34.80604
-82.37339,26.99965
-82.37128,28.23528
-82.37036,28.05467
-82.37036,28.12816
-82.36989,38.41117
-82.36681,41.4219
-82.36532,41.4219
-82.36446,41.42161
-82.35956,34.84878
-82.35688,42.9804
-82.35554,42.98572
-82.35451,38.41342
-82.35444,36.31746
-82.35364,36.31448
-82.35255,36.31542
-82.35209,34.88327
-82.35172,40.4093
-82.35079,36.31722
-82.35005,36.31555
-82.34986,36.31735
-82.34969,36.31737
-82.34812,35.23656
-82.34562,29.65231
-82.3453,29.65223
-82.34522,29.65223
-82.34507,29.65227
-82.34507,29.65239
-82.34091,27.92372
-82.34035,34.84565
-82.3379,34.89894
-82.33787,36.31485
-82.3377,34.90151
-82.33642,38.41122
-82.33581,29.65188
-82.33293,34.85639
-82.33037,27.89481
-82.32788,27.92099
-82.32758,40.85897
-82.32701,29.65189
-82.32694,29.65051
-82.32691,29.65216
-82.32691,34.87396
-82.32575,29.65182
-82.32573,29.6507
-82.32474,29.65211
-82.32465,29.65213
-82.32462,29.64574
-82.32456,29.64959
-82.32344,29.64484
-82.32343,29.64925
-82.32288,26.90574
-82.32074,35.61438
-82.32061,35.61671
-82.32033,35.61623
-82.31938,34.91615
-82.31677,35.61975
-82.30818,38.41292
-82.30508,34.92373
-82.30334,35.91631
-82.29521,27.89279
-82.29502,34.82403
-82.29446,27.93899
-82.28456,34.91968
-82.28358,27.93734
-82.27779,40.85814
-82.27768,34.79537
-82.27735,34.81941
-82.27322,34.82005
-82.27144,34.82007
-82.27039,34.85907
-82.26878,27.85204
-82.26855,27.89106
-82.25755,34.82101
-82.25579,34.73728
-82.25568,34.7371
-82.25561,34.73687
-82.25538,34.73507
-82.2552,34.73783
-82.25497,34.73782
-82.25486,34.73736
-82.25432,34.73806
-82.23916,35.20933
-82.23658,40.63553
-82.23528,40.63602
-82.23501,29.22776
-82.23372,34.94944
-82.22786,34.80662
-82.22755,34.80622
-82.22701,34.93842
-82.22657,41.39827
-82.22631,41.39827
-82.22629,34.93636
-82.2246,41.39824
-82.21877,41.16847
-82.21834,41.16872
-82.21768,41.1691
-82.21742,34.8911
-82.21739,34.89121
-82.21733,34.89127
-82.21718,41.29087
-82.21477,36.34812
-82.21141,27.0339
-82.20765,41.41602
-82.20181,35.24937
-82.20125,34.69282
-82.19946,34.69298
-82.19854,33.47719
-82.19774,42.41268
-82.19571,40.80375
-82.18952,42.405
-82.18613,42.40579
-82.18493,41.45384
-82.18238,36.59508
-82.182,36.59507
-82.18149,35.62765
-82.18074,34.94061
-82.17904,42.59296
-82.1765,41.4662
-82.17533,42.41832
-82.17474,41.46549
-82.17458,41.46532
-82.17382,42.39334
-82.17363,42.39437
-82.16721,29.8346
-82.15864,41.36444
-82.15721,36.2849
-82.14306,41.44524
-82.13947,29.89411
-82.13824,41.44531
-82.13705,29.1869
-82.13694,41.444
-82.13637,41.44536
-82.12957,33.54372
-82.12714,33.47288
-82.12266,28.01585
-82.12257,28.01436
-82.12243,28.01503
-82.11829,41.23716
-82.11255,26.99101
-82.10951,41.49057
-82.10674,26.57925
-82.10523,39.32932
-82.10515,39.32927
-82.10421,41.36789
-82.1024,39.3277
-82.10219,39.32769
-82.10142,39.33059
-82.10131,39.32969
-82.1012,39.33038
-82.10119,39.3305
-82.10113,39.33117
-82.10099,39.32963
-82.10099,39.3297
-82.10096,39.33007
-82.10096,39.33012
-82.10095,39.33019
-82.10004,39.33091
-82.09048,35.04778
-82.0864,29.22974
-82.07838,33.4869
-82.07444,33.49129
-82.07065,26.62919
-82.07028,35.91635
-82.06874,35.9163
-82.06477,34.88763
-82.06198,35.91565
-82.0542,26.93865
-82.0537,33.51204
-82.0527,26.93437
-82.05062,26.93718
-82.05004,26.93347
-82.05003,41.50343
-82.04946,26.93579
-82.04854,26.93678
-82.04809,26.91926
-82.04783,41.50479
-82.04761,26.93409
-82.04599,41.49427
-82.03867,29.68935
-82.03644,34.73902
-82.03603,41.4506
-82.03386,41.45217
-82.03302,41.4535
-82.03007,33.49861
-82.02841,26.94329
-82.0228,28.80608
-82.02236,28.84439
-82.02234,41.49506
-82.02209,28.84431
-82.02173,28.8449
-82.02056,39.90369
-82.01119,35.68197
-82.01057,35.68156
-82.00963,39.93625
-82.0082,35.68293
-82.00573,39.93994
-82.00561,39.94055
-82.00212,26.63937
-82.00195,27.06107
-82.00131,36.17245
-82.00055,41.45351
-81.99486,34.92202
-81.98776,41.46072
-81.98235,41.38009
-81.98022,28.0009
-81.97461,26.61168
-81.972,33.47782
-81.97101,33.47686
-81.97028,33.47592
-81.96995,33.47653
-81.96969,35.03427
-81.96946,28.79019
-81.96711,33.47615
-81.9654,36.71235
-81.95998,33.47369
-81.95827,28.04614
-81.95739,28.02701
-81.95662,28.00516
-81.9558,28.04393
-81.95575,26.45447
-81.95575,27.98927
-81.95533,28.04357
-81.95532,28.0434
-81.95503,26.45514
-81.95434,28.04518
-81.95364,26.45196
-81.95219,41.46057
-81.95161,41.46112
-81.94911,26.51265
-81.94803,26.56294
-81.94251,35.95812
-81.94244,26.62618
-81.94101,34.95986
-81.93951,26.61772
-81.93651,38.45299
-81.93593,34.94879
-81.93589,34.94865
-81.93509,34.94929
-81.93457,40.79949
-81.93385,34.94987
-81.93302,40.81351
-81.93221,34.95207
-81.93219,34.94934
-81.92955,34.97014
-81.92938,34.94973
-81.92706,38.4563
-81.92521,40.80181
-81.92449,41.467
-81.9237,41.41859
-81.92286,28.00883
-81.9228,41.41739
-81.9207,41.41911
-81.91888,34.95325
-81.91155,41.4524
-81.90982,40.82766
-81.90368,41.3875
-81.90294,43.23287
-81.90137,34.93577
-81.90102,41.4203
-81.88763,26.55139
-81.88026,34.47328
-81.87658,26.63722
-81.87379,36.18688
-81.8731,41.43817
-81.87112,27.48197
-81.8708,26.6445
-81.8708,34.97914
-81.87025,36.1607
-81.87007,26.6441
-81.86994,26.54961
-81.8698,26.64414
-81.86899,26.64463
-81.86623,41.42114
-81.86452,26.64281
-81.86452,41.151
-81.86246,41.44197
-81.86235,41.44253
-81.86108,41.15598
-81.86021,35.14677
-81.8533,41.36824
-81.8529,41.36876
-81.85287,41.36691
-81.84632,42.32625
-81.84435,41.42673
-81.84433,41.36209
-81.8387,41.41085
-81.83844,41.41219
-81.83813,36.11924
-81.83116,41.37247
-81.82997,41.37386
-81.82805,41.4817
-81.82723,28.08758
-81.8272,41.48201
-81.8241,41.48401
-81.82395,41.48663
-81.82365,41.48666
-81.82241,41.34713
-81.82169,41.48427
-81.8205,41.48475
-81.82047,41.30964
-81.81634,41.44998
-81.81585,41.48523
-81.81583,41.45011
-81.81571,41.45052
-81.8157,41.45014
-81.81558,41.47769
-81.81553,41.48551
-81.8151,41.4855
-81.81492,41.35903
-81.81469,41.30763
-81.8138,41.45087
-81.81364,41.48522
-81.81087,41.47796
-81.80656,41.43345
-81.80636,41.48499
-81.80634,24.56154
-81.80628,41.47702
-81.80626,24.55945
-81.80595,41.47706
-81.80571,24.56186
-81.80554,24.55936
-81.80548,24.55882
-81.80523,24.55885
-81.80516,24.55876
-81.80509,24.55871
-81.80486,24.55838
-81.80486,26.25225
-81.80444,41.36901
-81.80392,41.47747
-81.80384,41.48526
-81.80356,41.48525
-81.80346,24.55614
-81.80343,41.48525
-81.80332,41.4034
-81.80328,24.55628
-81.80316,41.46243
-81.80296,24.55412
-81.80268,26.25181
-81.80264,41.40336
-81.80241,24.55516
-81.8023,26.20014
-81.80229,26.14118
-81.80224,24.5553
-81.80218,41.46312
-81.80206,26.14088
-81.80204,41.40571
-81.802,41.40633
-81.80169,41.43473
-81.80088,26.14101
-81.80079,41.47744
-81.80061,41.43354
-81.79997,24.55225
-81.79971,24.55187
-81.79971,35.50079
-81.79945,26.25302
-81.79922,26.17698
-81.79915,26.25306
-81.79898,41.48502
-81.79824,26.2535
-81.79806,24.54967
-81.79766,26.25264
-81.79747,26.25252
-81.79512,24.54838
-81.79492,26.15096
-81.79449,26.14845
-81.79371,26.14288
-81.79164,26.14744
-81.7907,41.47695
-81.79061,41.47695
-81.79026,41.48588
-81.79006,41.45493
-81.7898,26.3313
-81.78964,26.14299
-81.78946,41.47693
-81.78821,41.4555
-81.78685,41.13559
-81.78683,41.47691
-81.78666,41.48512
-81.78645,41.4769
-81.7861,41.45657
-81.78558,41.4769
-81.78391,41.39457
-81.78386,41.47715
-81.78371,41.3771
-81.78369,41.37737
-81.78366,32.41398
-81.78293,41.45714
-81.7828,41.45761
-81.78175,41.48494
-81.78034,26.13854
-81.77985,32.44822
-81.7794,26.33346
-81.77611,41.47683
-81.77511,41.47682
-81.77338,41.46062
-81.77287,41.47705
-81.77284,41.46077
-81.77276,41.47706
-81.77224,41.48407
-81.7712,41.48396
-81.77115,36.20762
-81.77097,36.79055
-81.77082,26.24684
-81.7691,41.45878
-81.76859,41.46183
-81.76845,41.48726
-81.76779,41.48328
-81.76731,41.38731
-81.76637,26.16583
-81.76569,41.4827
-81.76525,26.24264
-81.76398,41.45306
-81.7637,41.38985
-81.76358,24.57085
-81.76336,41.38732
-81.76074,41.39108
-81.75854,41.46245
-81.75845,41.42497
-81.75835,41.41881
-81.75776,41.47697
-81.75469,26.52814
-81.75396,41.46692
-81.75082,26.5659
-81.74883,41.46525
-81.7472,41.4804
-81.7459,41.37888
-81.74267,41.46355
-81.74147,38.35968
-81.73819,41.48873
-81.73794,41.4653
-81.73734,41.48583
-81.73479,41.41421
-81.73478,41.40529
-81.73461,41.43115
-81.73431,41.40581
-81.73421,41.40955
-81.73358,41.37868
-81.73356,41.43977
-81.73313,41.46016
-81.73238,28.01905
-81.73193,41.48375
-81.73024,28.02233
-81.72999,41.46243
-81.72985,41.0249
-81.72984,41.48406
-81.72941,25.95377
-81.72684,35.90841
-81.72676,28.80158
-81.7265,41.48492
-81.72616,41.48527
-81.72592,41.33154
-81.72486,41.4856
-81.72379,41.44054
-81.72375,25.9539
-81.72331,33.56168
-81.72296,41.42287
-81.72289,41.44153
-81.72243,33.5602
-81.72223,41.42405
-81.72217,41.42413
-81.72194,33.56021
-81.72114,33.56148
-81.71978,41.44007
-81.71961,41.47828
-81.71858,30.31242
-81.71847,41.36366
-81.71835,30.18897
-81.71815,30.31261
-81.7166,41.42836
-81.71599,41.49782
-81.71453,41.4801
-81.71431,30.30859
-81.71401,30.30837
-81.71157,41.46007
-81.71108,41.4896
-81.71092,41.45088
-81.71081,41.48976
-81.71025,41.41386
-81.7089,41.43684
-81.70849,38.37495
-81.70808,41.49486
-81.7076,41.49847
-81.70731,41.49958
-81.70659,41.49582
-81.70657,41.43978
-81.70649,41.44001
-81.7063,41.49827
-81.70627,41.49598
-81.70626,41.49402
-81.70621,41.5001
-81.70575,41.50006
-81.70526,41.48628
-81.70517,41.48617
-81.70513,41.48353
-81.70502,41.48596
-81.70492,41.48325
-81.70475,41.48563
-81.70469,41.48557
-81.7046,41.48604
-81.70455,41.48594
-81.70434,41.50102
-81.70425,41.48418
-81.70422,41.48473
-81.70411,41.48539
-81.70367,41.50042
-81.70365,41.4849
-81.70363,41.49858
-81.70247,41.49789
-81.70239,41.49814
-81.70068,41.48917
-81.70068,41.49952
-81.70022,41.48335
-81.70003,41.50094
-81.69975,41.45051
-81.69915,41.50059
-81.69832,41.49865
-81.69772,38.36793
-81.69729,41.43475
-81.69705,41.4061
-81.69697,41.43351
-81.69682,41.41986
-81.6959,41.49976
-81.6958,41.41899
-81.69558,41.50277
-81.69556,30.31288
-81.69457,41.49754
-81.69436,30.31186
-81.69432,30.31181
-81.69399,30.31133
-81.69387,30.31117
-81.69291,41.49821
-81.69275,41.4119
-81.69212,41.41019
-81.69186,41.50206
-81.69108,41.47666
-81.69102,41.50701
-81.69028,41.49909
-81.69027,41.49901
-81.69025,26.24659
-81.69015,41.49848
-81.6901,41.46993
-81.69009,41.49929
-81.68996,41.49881
-81.68994,41.49781
-81.68986,41.4772
-81.68976,41.50061
-81.68963,41.50676
-81.6891,41.4794
-81.68909,41.48201
-81.68899,41.49884
-81.68869,26.20973
-81.68848,41.48031
-81.688,35.74602
-81.68795,41.469
-81.68791,41.49801
-81.6877,27.98896
-81.68759,41.39556
-81.68738,37.30171
-81.68735,41.44782
-81.68731,41.4773
-81.68717,41.49859
-81.687,41.49896
-81.6867,41.48184
-81.68659,41.48128
-81.68631,41.48205
-81.68608,41.49853
-81.68608,41.49985
-81.68599,41.4986
-81.68589,41.49863
-81.68575,41.49805
-81.68572,41.49869
-81.68547,28.85403
-81.68539,41.50414
-81.68508,28.85326
-81.68501,41.48023
-81.68497,41.49953
-81.68483,41.50066
-81.68432,41.34413
-81.68431,41.47951
-81.68421,41.36833
-81.68362,41.48023
-81.68351,36.20151
-81.68136,41.49664
-81.68128,41.5012
-81.6812,41.50286
-81.68118,30.3145
-81.68117,41.50121
-81.6811,30.31468
-81.68069,30.32074
-81.68069,41.50392
-81.67997,28.36399
-81.67818,36.13224
-81.67737,41.51041
-81.67723,36.13272
-81.67556,36.1331
-81.67504,28.34859
-81.67485,41.5116
-81.67433,36.20835
-81.66841,41.51419
-81.6684,41.50815
-81.66609,41.48817
-81.66606,41.51542
-81.66584,41.51547
-81.66546,41.51232
-81.66438,41.51682
-81.66323,41.50925
-81.66269,41.44695
-81.65936,30.3283
-81.65919,41.51984
-81.65842,41.47406
-81.6575,30.32713
-81.65647,41.44617
-81.65635,30.32607
-81.65622,30.32603
-81.65599,30.326
-81.65578,30.32673
-81.65511,30.31188
-81.65452,30.3109
-81.65424,30.3452
-81.65382,41.45573
-81.65376,30.32548
-81.6537,41.44847
-81.65364,28.23689
-81.65304,41.52199
-81.65295,30.32533
-81.65111,41.46864
-81.64992,41.4482
-81.64971,41.48998
-81.64754,35.82204
-81.64657,29.42293
-81.64514,41.45868
-81.64511,41.46006
-81.64494,41.46915
-81.64416,41.44767
-81.64315,41.13637
-81.64114,41.52696
-81.6402,40.5024
-81.63867,41.44825
-81.63762,30.51639
-81.63677,38.34851
-81.63673,38.34847
-81.6344,38.35019
-81.6339,41.53025
-81.63321,41.45367
-81.63154,29.64656
-81.63033,29.64607
-81.63032,41.43512
-81.62581,28.474
-81.62318,30.12346
-81.62052,34.27391
-81.61642,31.83062
-81.61516,41.42974
-81.61425,41.13088
-81.6112,41.42464
-81.60889,41.013
-81.60888,41.01277
-81.60831,41.04228
-81.60816,41.52262
-81.60727,41.48135
-81.60564,28.35396
-81.6033,28.35224
-81.60232,28.15918
-81.6018,41.50024
-81.60145,30.17243
-81.59995,41.50457
-81.59753,40.88995
-81.59679,41.54184
-81.59622,41.50879
-81.59541,30.35209
-81.59356,41.50121
-81.59304,41.4874
-81.59262,41.50087
-81.59259,28.35578
-81.59197,28.35849
-81.59138,28.35707
-81.591,41.44507
-81.59097,41.44976
-81.59089,28.56434
-81.59075,28.56376
-81.58824,41.11832
-81.58737,28.41157
-81.58734,28.41088
-81.58729,28.41086
-81.58724,28.5652
-81.58593,28.56588
-81.58578,41.52637
-81.58548,41.5494
-81.58536,28.40586
-81.58514,28.40571
-81.58233,28.4185
-81.58072,41.50808
-81.58006,41.42241
-81.57867,41.55236
-81.5784,41.11329
-81.57819,41.41386
-81.5779,41.11439
-81.57429,28.41453
-81.57409,41.4187
-81.57394,41.56188
-81.5739,41.08402
-81.57319,41.57032
-81.57303,28.36248
-81.5729,28.40939
-81.57153,28.36334
-81.57141,28.36349
-81.57129,41.57123
-81.57045,41.57128
-81.56992,41.10947
-81.56883,41.57125
-81.56877,41.5163
-81.56854,41.41686
-81.56606,41.50137
-81.56574,41.50373
-81.56561,41.50027
-81.56551,41.49808
-81.56521,41.50076
-81.56519,41.50037
-81.56516,41.50015
-81.56504,41.49806
-81.564,38.30764
-81.56308,35.74367
-81.56211,28.35398
-81.56177,28.41189
-81.56048,28.36533
-81.56027,28.36725
-81.56019,28.35758
-81.55981,30.21942
-81.55962,28.35571
-81.55904,28.36591
-81.55884,28.35747
-81.55849,28.37101
-81.55841,28.37084
-81.5575,28.37056
-81.55731,41.44962
-81.55695,28.37107
-81.55652,41.50149
-81.55593,30.2646
-81.5557,28.36674
-81.55554,30.26471
-81.55432,41.00909
-81.55333,41.13666
-81.55323,41.13678
-81.55317,41.13691
-81.55279,41.13674
-81.55265,41.13644
-81.55251,41.13665
-81.55182,41.02394
-81.55005,41.57959
-81.54974,41.59374
-81.5497,41.58634
-81.5497,41.58957
-81.54959,41.59139
-81.54947,41.13331
-81.54911,41.132
-81.5486,41.13436
-81.54856,41.13446
-81.54852,41.02466
-81.54805,28.36746
-81.5472,28.37157
-81.54666,41.5751
-81.54621,41.0382
-81.54355,41.09645
-81.54343,41.0964
-81.54303,41.09659
-81.54245,28.36281
-81.54177,28.36536
-81.54044,35.27932
-81.54012,35.29028
-81.53902,41.46565
-81.53887,41.50072
-81.5379,41.52251
-81.53701,41.46606
-81.53688,28.38642
-81.53677,28.38058
-81.53666,41.46618
-81.53513,41.52031
-81.53486,41.39147
-81.53407,40.97996
-81.53355,28.37509
-81.52872,41.0458
-81.52774,41.07071
-81.52735,28.33087
-81.52725,41.02925
-81.52711,28.34312
-81.52705,41.58894
-81.52695,41.59343
-81.5269,28.34257
-81.52681,41.07053
-81.5266,41.59318
-81.52653,41.58845
-81.52652,41.03896
-81.52652,41.03921
-81.5247,41.08669
-81.52412,41.00311
-81.52412,41.61111
-81.52361,40.79671
-81.52319,41.07604
-81.5229,28.3758
-81.52285,41.07583
-81.52268,41.52016
-81.52258,41.0762
-81.52197,28.37079
-81.52194,40.79864
-81.52191,28.37657
-81.52157,40.9778
-81.52082,28.37009
-81.52072,41.07902
-81.51985,41.5198
-81.51956,41.07984
-81.51915,28.36917
-81.51895,41.52023
-81.51885,28.37038
-81.51878,28.36992
-81.51814,24.65981
-81.51806,28.37179
-81.51775,41.029
-81.51774,24.6601
-81.5172,41.09147
-81.51602,41.0847
-81.51593,28.32999
-81.51592,28.32893
-81.51591,28.37268
-81.51552,41.0854
-81.51551,41.08542
-81.51529,41.08805
-81.51514,41.08882
-81.51489,41.11146
-81.51445,41.04206
-81.51394,41.0843
-81.51076,27.59549
-81.51022,41.02942
-81.50997,41.07102
-81.50997,41.16009
-81.50904,41.15971
-81.50856,28.75697
-81.50837,28.36911
-81.50823,41.14101
-81.50769,41.12639
-81.5051,41.11087
-81.50446,28.39276
-81.50424,27.59546
-81.50169,28.38421
-81.50157,27.59535
-81.50001,41.42383
-81.49969,28.38515
-81.4993,41.62207
-81.49842,41.42376
-81.49651,35.84753
-81.49555,31.21648
-81.49085,41.03881
-81.48967,41.12927
-81.48935,41.1293
-81.48869,28.39822
-81.48747,28.3509
-81.48615,28.45065
-81.48614,41.45205
-81.48418,28.33933
-81.484,41.13077
-81.48396,41.13098
-81.48389,41.1313
-81.48262,41.13678
-81.48259,41.13701
-81.48088,28.33439
-81.47953,28.45112
-81.47623,28.43068
-81.47571,41.11953
-81.47383,28.4666
-81.47362,28.46601
-81.47353,41.51985
-81.4728,28.4727
-81.4727,28.43387
-81.47242,28.40108
-81.47239,28.4568
-81.47196,28.43003
-81.47148,28.42967
-81.4714,28.46524
-81.4711,28.43823
-81.47085,28.4016
-81.47018,28.45377
-81.47011,28.43249
-81.46991,28.47949
-81.46951,28.47874
-81.46945,28.47208
-81.46939,28.44367
-81.46922,28.4766
-81.46907,28.47845
-81.46767,41.02466
-81.46698,40.94962
-81.46609,28.67217
-81.46576,28.45075
-81.46554,28.47233
-81.46533,28.47251
-81.46508,40.95426
-81.46452,28.42428
-81.46442,28.42385
-81.46359,30.6717
-81.46334,28.40824
-81.46303,40.94814
-81.46285,30.67062
-81.46253,28.45999
-81.46249,30.67095
-81.46225,28.41087
-81.46219,28.42012
-81.4602,28.41185
-81.46007,39.41157
-81.45972,28.40768
-81.45906,41.61712
-81.45859,41.61745
-81.4584,41.55267
-81.45829,28.48469
-81.45807,41.62238
-81.45681,41.07228
-81.45634,41.07256
-81.45627,28.39916
-81.45547,39.41424
-81.45527,41.61979
-81.45427,41.53954
-81.45352,39.41187
-81.45246,28.43394
-81.4523,41.62114
-81.45138,41.53935
-81.45127,39.41168
-81.44973,28.43316
-81.44942,41.66277
-81.44931,28.44193
-81.44833,28.43001
-81.44813,40.79452
-81.44708,28.4427
-81.44568,40.4888
-81.44386,30.5556
-81.44343,41.58661
-81.44314,30.59519
-81.44306,41.64294
-81.44272,41.58654
-81.44253,41.58694
-81.44245,41.30739
-81.44167,35.09523
-81.44079,27.49537
-81.44065,41.24116
-81.4402,27.49917
-81.43879,30.63954
-81.43742,41.04724
-81.43732,31.36843
-81.43727,41.04599
-81.43669,40.91477
-81.43639,40.91476
-81.43621,31.36874
-81.43492,28.42526
-81.43477,28.42518
-81.43477,28.42531
-81.43445,28.4254
-81.4342,41.64288
-81.43369,27.50106
-81.43329,27.50088
-81.43317,41.66368
-81.43283,39.41824
-81.43213,40.85772
-81.42668,41.62678
-81.42466,40.81157
-81.42453,41.03192
-81.42437,40.85076
-81.42389,31.05837
-81.42163,41.05326
-81.41735,27.4178
-81.41682,29.92227
-81.41612,39.52105
-81.41522,36.06369
-81.41251,30.324
-81.40891,24.66207
-81.40874,41.00325
-81.40818,40.49814
-81.40698,41.64473
-81.40685,30.32577
-81.40683,41.64055
-81.40652,40.90085
-81.40634,24.66185
-81.40339,28.30281
-81.40257,40.92725
-81.40045,40.79971
-81.3989,40.79917
-81.39624,30.3242
-81.39589,31.13669
-81.39543,40.82455
-81.39528,31.13769
-81.39339,41.04922
-81.39062,30.2935
-81.3884,41.09534
-81.38474,25.84502
-81.38367,30.20547
-81.3811,37.58323
-81.37959,28.54046
-81.37937,28.54164
-81.3793,28.54374
-81.37925,28.54327
-81.37925,28.54337
-81.37894,28.54315
-81.37893,28.54175
-81.37893,28.54291
-81.37891,28.54305
-81.37885,28.54193
-81.3788,28.54273
-81.37762,28.54051
-81.37699,41.65754
-81.37641,41.7013
-81.37574,40.80039
-81.37405,28.49445
-81.37327,41.655
-81.37298,41.42587
-81.37269,28.54081
-81.3726,28.56924
-81.37254,28.56848
-81.37252,28.54253
-81.37154,35.72184
-81.37095,34.08032
-81.36991,28.75575
-81.3679,29.01931
-81.36734,28.56394
-81.36717,28.54355
-81.36679,28.5438
-81.36555,28.56395
-81.36464,28.55978
-81.36463,28.55989
-81.36424,28.55876
-81.36265,28.59336
-81.36265,28.60177
-81.36096,40.5991
-81.36066,41.15467
-81.36019,40.59985
-81.35959,28.51336
-81.35956,28.45083
-81.35947,41.70888
-81.35892,41.15284
-81.35883,41.153
-81.35856,41.15362
-81.35846,41.15362
-81.35837,41.15329
-81.35836,41.15315
-81.35804,41.70547
-81.358,41.15163
-81.358,41.15289
-81.35787,41.15573
-81.35761,41.7055
-81.35742,41.3148
-81.35675,41.15363
-81.35623,41.15343
-81.35612,28.78842
-81.35475,40.66739
-81.35277,41.15444
-81.35067,28.52429
-81.34966,34.16636
-81.34625,37.30743
-81.34433,24.66981
-81.34115,41.38516
-81.34058,28.68435
-81.33805,28.80825
-81.33295,41.15565
-81.33195,40.87147
-81.33047,33.94899
-81.32908,28.69378
-81.32786,35.77079
-81.32756,29.89034
-81.32556,35.73544
-81.32429,28.75729
-81.31869,29.8896
-81.31403,29.89767
-81.31365,29.89184
-81.31354,29.89445
-81.31324,29.89712
-81.31321,29.89648
-81.31274,29.89656
-81.31185,29.89181
-81.31162,33.97937
-81.3113,29.89483
-81.3112,29.89204
-81.31096,29.89153
-81.30871,28.46369
-81.30764,28.50174
-81.30577,28.45629
-81.30569,33.98794
-81.3054,28.45585
-81.30494,41.68046
-81.30178,41.6807
-81.30162,28.42686
-81.30124,28.43556
-81.30124,28.43568
-81.29916,29.03101
-81.29647,41.68136
-81.29458,29.89339
-81.29111,28.48009
-81.28603,28.70315
-81.28269,28.24719
-81.28257,41.67334
-81.2817,28.37398
-81.27839,28.37305
-81.27827,28.37299
-81.27814,28.37291
-81.27691,41.75486
-81.27316,41.46305
-81.27296,28.81097
-81.27134,28.89793
-81.27035,28.81053
-81.26987,28.81256
-81.26959,28.64594
-81.26771,28.81187
-81.2673,28.81197
-81.26722,28.81188
-81.26613,28.81115
-81.26613,28.81125
-81.26581,28.81161
-81.26247,28.69877
-81.2595,40.83774
-81.25635,28.43474
-81.25586,35.47075
-81.25421,32.13378
-81.25027,32.14631
-81.2468,34.12862
-81.24527,28.77576
-81.24308,28.77542
-81.24164,40.54774
-81.23906,34.12411
-81.23665,28.6624
-81.23633,29.55285
-81.23437,32.10888
-81.23397,29.55051
-81.22711,28.94562
-81.22687,29.54851
-81.22643,35.11159
-81.22276,31.98356
-81.22205,28.59712
-81.22186,28.59711
-81.21295,26.76767
-81.21095,28.59659
-81.21076,29.55648
-81.20946,28.65618
-81.20939,32.13552
-81.20935,41.5838
-81.20741,32.13561
-81.20736,28.625
-81.20703,28.24121
-81.20683,32.1356
-81.20681,28.65729
-81.20615,35.48336
-81.20366,29.6193
-81.20315,28.65717
-81.20154,28.55672
-81.19695,29.40741
-81.19608,28.55361
-81.1949,32.12014
-81.19405,28.54903
-81.19107,29.57135
-81.19079,29.57086
-81.1907,29.57135
-81.18969,34.10695
-81.18875,29.60553
-81.18362,35.26274
-81.18072,29.4742
-81.169,37.89247
-81.15599,28.51033
-81.15032,33.89781
-81.14891,39.85432
-81.14215,31.98019
-81.14086,33.97145
-81.13765,37.74959
-81.11179,32.087
-81.1103,29.25624
-81.10484,31.99442
-81.10452,38.05551
-81.10301,31.99327
-81.10056,32.05599
-81.10019,24.71166
-81.10014,40.93288
-81.09828,32.05254
-81.09786,41.28455
-81.09772,41.2849
-81.09707,38.9237
-81.09629,32.08078
-81.09626,32.08055
-81.09588,32.07982
-81.09561,32.08055
-81.09517,32.08075
-81.09513,32.08322
-81.09495,32.07959
-81.09494,32.08351
-81.09489,32.08054
-81.09475,32.07932
-81.09453,32.08264
-81.09451,32.08059
-81.09447,32.08261
-81.09439,32.08274
-81.09417,32.08267
-81.09354,32.07996
-81.0935,32.0751
-81.09338,32.08016
-81.09336,32.07863
-81.0931,32.07872
-81.093,32.07433
-81.09299,32.08212
-81.09277,32.07428
-81.09275,32.07864
-81.09263,32.07366
-81.09252,32.08198
-81.09228,32.08184
-81.09215,32.07535
-81.09212,32.08108
-81.09196,32.08099
-81.09175,32.07523
-81.09161,32.07949
-81.09121,29.30214
-81.09064,32.07889
-81.09057,32.08059
-81.09044,32.08139
-81.08976,32.08121
-81.0881,32.07995
-81.08692,40.91492
-81.08488,32.08319
-81.08384,36.9504
-81.07915,32.07735
-81.07889,29.261
-81.07885,33.92876
-81.07687,33.97444
-81.073,24.71811
-81.07284,29.19386
-81.06383,32.04404
-81.05597,33.99357
-81.05595,33.99379
-81.05594,33.99396
-81.04862,41.24142
-81.04301,29.29044
-81.04165,29.17035
-81.04003,33.99834
-81.03977,33.99954
-81.03967,34.00107
-81.03875,36.27368
-81.03811,33.99927
-81.03796,34.00312
-81.03786,33.99886
-81.03778,35.24267
-81.03773,35.24295
-81.03766,34.00133
-81.03757,33.99903
-81.03742,34.00065
-81.03689,33.99975
-81.03686,33.99967
-81.03656,34.00017
-81.03654,34.00845
-81.03639,34.0072
-81.03624,34.0023
-81.03579,34.01308
-81.03543,33.99883
-81.03506,33.99977
-81.03092,34.93417
-81.02888,29.23045
-81.02483,29.12902
-81.02293,29.15933
-81.02064,29.21424
-81.01834,29.20963
-81.0172,33.99987
-81.01621,29.23404
-81.01595,29.23413
-81.0155,33.99851
-81.01546,33.99841
-81.01426,29.23471
-81.01355,29.23495
-81.01219,29.18164
-81.005,29.13007
-81.00238,29.1734
-81.0023,34.06938
-80.99416,35.69529
-80.98857,35.98781
-80.98805,32.01347
-80.98491,32.01393
-80.98435,32.01539
-80.98435,32.01542
-80.97642,41.18825
-80.97443,41.19049
-80.97274,29.15702
-80.96202,41.18322
-80.95867,34.0716
-80.9586,34.06408
-80.9523,41.85916
-80.94878,32.29819
-80.94779,35.22489
-80.9473,35.22018
-80.9467,35.22157
-80.94644,24.76612
-80.94521,35.21812
-80.94417,35.22024
-80.94251,35.2187
-80.94154,34.04398
-80.94139,35.22088
-80.94139,35.22252
-80.94131,34.04376
-80.94092,35.22081
-80.94047,35.22445
-80.94045,35.22548
-80.94034,24.76962
-80.93994,35.22049
-80.91907,26.75714
-80.91442,41.66137
-80.91125,34.14122
-80.9022,34.57571
-80.89936,29.0384
-80.89878,34.57211
-80.89874,41.755
-80.89716,29.03846
-80.8914,29.02811
-80.89093,35.48016
-80.88414,35.18149
-80.88002,35.44437
-80.87996,29.01164
-80.87984,35.18058
-80.87982,35.00414
-80.87899,35.44563
-80.87896,35.44537
-80.8782,35.06854
-80.87789,35.18683
-80.87739,35.59506
-80.87623,29.00141
-80.87486,35.5881
-80.87474,35.48789
-80.87433,35.22724
-80.87381,35.23385
-80.87347,35.22701
-80.8732,35.19263
-80.87182,35.19601
-80.86816,35.50579
-80.86708,35.08977
-80.86564,35.22943
-80.86414,35.21063
-80.86403,35.20312
-80.86214,35.20866
-80.862,35.20897
-80.86113,32.23834
-80.86103,35.20661
-80.86103,35.21868
-80.86099,35.21879
-80.86068,35.20968
-80.86044,41.66083
-80.8604,35.21147
-80.85991,32.23888
-80.85988,35.2076
-80.85931,35.21302
-80.85749,35.48255
-80.85715,35.21763
-80.85657,35.21653
-80.85627,35.21632
-80.85611,35.21637
-80.85591,35.21813
-80.85561,40.90109
-80.85484,35.21629
-80.85477,35.45774
-80.85473,35.21636
-80.85391,35.21867
-80.85377,33.50867
-80.85347,35.22011
-80.85322,35.21573
-80.85312,36.24358
-80.85158,35.05402
-80.84953,35.16024
-80.84934,31.9926
-80.84908,31.99248
-80.849,31.99273
-80.84887,35.17196
-80.84881,35.23237
-80.84831,35.05425
-80.84783,35.17448
-80.84739,31.99148
-80.84667,35.22574
-80.84631,35.22632
-80.84615,35.2269
-80.84513,35.23095
-80.84399,35.23295
-80.84363,32.01293
-80.84324,35.27094
-80.84267,35.22302
-80.84231,35.22531
-80.84228,35.22846
-80.84206,35.22946
-80.84172,35.22796
-80.84168,35.22799
-80.84154,35.22779
-80.84154,35.22807
-80.8409,35.22572
-80.84047,35.22691
-80.83576,35.21349
-80.83351,35.2464
-80.83344,35.24773
-80.83334,35.24754
-80.83198,35.24698
-80.82784,35.23374
-80.8269,35.21429
-80.82685,35.21418
-80.82572,35.23261
-80.82488,28.55743
-80.82296,35.22816
-80.81864,41.23565
-80.81799,35.21255
-80.81781,41.23659
-80.8178,41.23648
-80.81767,35.22098
-80.81602,41.23599
-80.81552,35.22126
-80.81456,35.24085
-80.81376,35.21909
-80.81362,35.22109
-80.81354,33.94786
-80.81274,35.2417
-80.8119,35.2192
-80.81146,35.58362
-80.81043,32.23605
-80.80916,35.22006
-80.80743,28.61143
-80.80648,35.24643
-80.80551,35.24727
-80.80469,35.23551
-80.80467,28.57664
-80.80424,35.248
-80.80417,35.24755
-80.80248,28.58407
-80.80215,35.23687
-80.79989,34.17226
-80.798,28.55597
-80.79686,35.25017
-80.7964,35.25037
-80.79637,35.25026
-80.79613,28.54676
-80.79179,35.2518
-80.79095,27.21022
-80.77568,39.29549
-80.7753,41.10107
-80.77499,38.67346
-80.76917,35.42885
-80.76882,35.42952
-80.76504,32.16045
-80.76474,32.15444
-80.76249,28.4597
-80.7601,41.04336
-80.75792,35.18759
-80.75695,32.15565
-80.7569,41.17816
-80.75629,35.17746
-80.75588,35.33679
-80.75385,41.18864
-80.752,32.1407
-80.75117,32.14355
-80.74924,32.1418
-80.74669,35.1722
-80.74362,41.09943
-80.74053,35.31678
-80.72764,35.37328
-80.72714,28.2433
-80.7266,28.35458
-80.72633,28.35659
-80.72618,28.24319
-80.72596,28.2399
-80.72465,28.35503
-80.72445,40.05699
-80.72407,40.07062
-80.72375,40.07064
-80.72343,35.11956
-80.7233,28.2932
-80.72321,35.11975
-80.72266,40.06934
-80.72263,35.38979
-80.7208,32.1847
-80.71944,35.11685
-80.70235,35.12811
-80.70187,41.15512
-80.70099,41.15356
-80.69963,41.10318
-80.69728,28.23215
-80.6966,28.23234
-80.69444,32.19546
-80.69269,32.44324
-80.69238,32.38444
-80.68375,34.22207
-80.68247,40.07733
-80.68187,28.52452
-80.67653,40.3758
-80.67518,32.35008
-80.67223,28.03361
-80.67152,40.98709
-80.67145,28.08009
-80.66932,38.86162
-80.66361,40.99488
-80.66252,41.238
-80.66201,41.06421
-80.65925,41.01986
-80.65892,27.94836
-80.65524,28.12236
-80.65338,35.17653
-80.65237,41.10117
-80.65231,35.3216
-80.65136,35.32168
-80.65113,41.10104
-80.65102,41.10118
-80.65086,41.10176
-80.6506,41.10081
-80.65032,41.10188
-80.65024,41.10125
-80.64164,28.07909
-80.64158,41.09707
-80.63652,28.03816
-80.63609,27.99968
-80.63445,28.00064
-80.63378,41.01715
-80.63361,41.02295
-80.62722,28.13023
-80.62679,28.13024
-80.62633,28.12957
-80.62584,24.92572
-80.62324,28.03315
-80.62291,27.99743
-80.61534,41.05474
-80.61463,40.36126
-80.61414,28.40863
-80.6126,28.39544
-80.61152,28.39499
-80.61121,28.34342
-80.61104,28.33352
-80.61045,28.32134
-80.61041,28.31859
-80.61027,28.32479
-80.61017,28.32412
-80.61016,28.32329
-80.60961,28.31823
-80.60948,28.3182
-80.60947,28.31821
-80.60915,28.31778
-80.60862,28.31833
-80.60857,28.3183
-80.60813,34.27256
-80.60755,28.33847
-80.60725,28.35449
-80.60628,24.94131
-80.6061,28.07926
-80.60537,28.38782
-80.60532,24.9418
-80.60502,28.35855
-80.60132,40.46549
-80.60058,28.36769
-80.59843,34.24677
-80.58412,28.13709
-80.58107,35.4079
-80.56162,35.89487
-80.55834,37.141
-80.55345,37.13907
-80.50998,27.96907
-80.50093,27.81647
-80.49486,41.21183
-80.49111,37.20831
-80.48995,27.80799
-80.48767,27.83926
-80.48499,27.79001
-80.47617,35.66301
-80.47142,27.82318
-80.4713,27.82332
-80.47122,27.82319
-80.46917,27.81431
-80.46476,27.80763
-80.46355,33.48219
-80.46173,41.9533
-80.46097,41.51397
-80.45607,39.081
-80.43471,25.09602
-80.43173,27.26814
-80.43002,35.39672
-80.42628,35.23356
-80.42603,35.23367
-80.41944,37.23459
-80.41651,37.22971
-80.41645,37.22965
-80.41635,37.2321
-80.41625,37.22981
-80.41605,37.22968
-80.41594,37.22986
-80.41557,37.23134
-80.41514,37.23063
-80.4151,37.23089
-80.41425,37.22949
-80.40506,41.01652
-80.39958,27.63905
-80.39947,27.64008
-80.39636,27.76123
-80.39054,36.0747
-80.39052,36.07462
-80.38758,36.03644
-80.38725,36.03844
-80.38586,25.68895
-80.38291,27.64027
-80.38288,25.78661
-80.38199,36.0337
-80.38178,36.03301
-80.38113,36.02854
-80.38102,25.78673
-80.38098,25.78682
-80.37398,40.77477
-80.37328,26.12698
-80.37233,39.26487
-80.37162,33.95177
-80.36889,41.75859
-80.35955,25.58817
-80.35167,25.59669
-80.35079,40.3167
-80.34283,42.01471
-80.34185,33.92121
-80.3416,36.27864
-80.33974,25.81442
-80.33222,40.77815
-80.31927,41.99983
-80.31782,42.00012
-80.31447,26.15593
-80.31376,25.69093
-80.30877,40.7193
-80.30843,40.67248
-80.30512,25.81881
-80.30249,27.4665
-80.29961,40.85843
-80.29684,26.00637
-80.29651,27.17067
-80.29325,40.65476
-80.28948,25.80878
-80.28463,25.79784
-80.28426,25.79788
-80.28246,40.70107
-80.28227,40.70092
-80.28147,25.79733
-80.28129,25.79227
-80.28102,40.69167
-80.28096,25.79518
-80.28019,25.79702
-80.28,40.69148
-80.27968,25.79501
-80.27961,25.71922
-80.27958,25.73983
-80.27903,40.69078
-80.27902,25.79128
-80.27835,25.74081
-80.27811,25.80822
-80.27789,26.30088
-80.27711,25.7974
-80.27652,25.79741
-80.2765,25.7905
-80.27363,25.79098
-80.27361,25.79783
-80.27338,25.79816
-80.27193,25.79852
-80.261,25.7512
-80.26063,36.10114
-80.25992,25.751
-80.25892,36.10368
-80.25728,36.09514
-80.25596,36.09704
-80.25376,35.82326
-80.25352,35.82324
-80.25316,27.19202
-80.25266,27.19469
-80.25265,27.19525
-80.25203,35.8249
-80.25141,26.00779
-80.24697,40.49665
-80.2465,36.10195
-80.24632,36.10294
-80.24571,40.49574
-80.24547,40.49573
-80.24539,40.49573
-80.2452,40.49486
-80.24505,40.16989
-80.24492,40.16831
-80.2447,40.4969
-80.24469,40.16748
-80.24453,40.49676
-80.24434,40.49406
-80.24429,40.16703
-80.24398,36.09888
-80.24391,40.4972
-80.24322,25.72776
-80.24177,25.72933
-80.24173,36.10002
-80.24156,36.10555
-80.24131,36.09973
-80.24103,36.09877
-80.2387,26.12303
-80.23776,40.44192
-80.23339,25.72874
-80.23267,38.99514
-80.23259,38.99712
-80.23218,26.04514
-80.23131,26.68289
-80.23025,26.3496
-80.22969,26.68227
-80.22922,26.6831
-80.22911,40.58959
-80.22847,40.58845
-80.2276,26.34953
-80.22602,27.2444
-80.22602,38.99435
-80.22573,27.24448
-80.22561,38.99417
-80.22361,40.51945
-80.22305,25.76554
-80.21978,25.76583
-80.21133,42.05828
-80.21101,25.89933
-80.21047,25.76613
-80.20953,38.77529
-80.20477,26.64582
-80.2032,41.62049
-80.20206,42.00503
-80.20017,25.80304
-80.1983,25.79965
-80.19814,25.79936
-80.19612,25.76717
-80.19524,25.80315
-80.19522,25.8034
-80.19518,27.14961
-80.1947,25.79579
-80.19408,25.76426
-80.19402,25.76497
-80.1939,25.78466
-80.19378,25.89655
-80.19332,25.86484
-80.19316,25.85193
-80.19305,25.78467
-80.19287,25.76661
-80.19223,25.75894
-80.19202,25.77301
-80.19199,25.82182
-80.19198,25.81218
-80.19064,25.76843
-80.19008,25.77534
-80.18935,26.36732
-80.18925,25.77056
-80.18649,25.77836
-80.1857,25.7775
-80.18531,25.77739
-80.18098,40.54046
-80.18054,40.54114
-80.18001,40.54009
-80.17405,25.74518
-80.17378,26.08591
-80.16832,36.03161
-80.16695,42.09264
-80.16376,42.07939
-80.16191,40.27826
-80.1583,41.64284
-80.15578,26.26984
-80.15574,32.60593
-80.15555,26.05341
-80.15529,39.48283
-80.15494,42.10323
-80.15475,41.63727
-80.1547,25.70461
-80.15246,26.33318
-80.15204,41.63784
-80.15091,42.09813
-80.14975,26.58937
-80.14652,26.12035
-80.14625,26.12071
-80.14621,26.12035
-80.14607,26.12035
-80.14449,33.0394
-80.14383,25.79056
-80.14373,26.11982
-80.1437,42.1058
-80.14366,26.1196
-80.14362,33.04059
-80.1434,26.01021
-80.14337,26.1109
-80.14325,41.99771
-80.14263,26.13174
-80.14168,26.13251
-80.14158,26.13458
-80.14114,33.04163
-80.14102,25.77912
-80.14066,26.13552
-80.14036,26.14626
-80.14029,25.78904
-80.14009,25.78907
-80.13977,26.11961
-80.13963,26.13352
-80.13961,25.77146
-80.1396,26.11967
-80.13925,26.15509
-80.13919,26.13531
-80.13879,26.15569
-80.13872,26.15657
-80.13863,25.79033
-80.13823,39.48161
-80.13802,26.125
-80.13779,26.12933
-80.13762,26.15702
-80.13748,26.1561
-80.13747,26.15709
-80.13732,26.15717
-80.13688,26.12784
-80.13616,25.77412
-80.1359,25.77377
-80.1357,26.15739
-80.13481,39.48209
-80.13469,26.15797
-80.1337,25.79078
-80.1336,26.11944
-80.13357,25.7681
-80.13349,26.15858
-80.13293,25.76822
-80.13289,25.79081
-80.13268,25.79082
-80.13257,26.10176
-80.13231,25.78157
-80.13219,26.17158
-80.13198,26.10061
-80.1319,25.78399
-80.13183,26.17184
-80.13165,42.09071
-80.13156,25.78728
-80.13147,25.78529
-80.13114,26.17435
-80.13108,25.77997
-80.13102,26.17154
-80.13101,26.17184
-80.131,26.1707
-80.13098,26.17111
-80.13097,25.78685
-80.13074,25.78504
-80.13061,25.78121
-80.13056,25.79211
-80.13006,25.78472
-80.13003,42.11072
-80.13002,26.17397
-80.12955,25.7956
-80.12953,33.0417
-80.12942,25.78784
-80.12869,35.48689
-80.1284,25.85539
-80.12829,39.4825
-80.12776,25.79496
-80.12708,41.87578
-80.1265,25.80463
-80.1265,26.36577
-80.12641,25.80462
-80.1253,40.51007
-80.12349,26.36279
-80.12315,26.45634
-80.12218,25.8118
-80.12204,25.93321
-80.12184,25.81421
-80.12126,33.04468
-80.12086,25.85632
-80.12064,25.93007
-80.12046,25.85045
-80.1202,39.47208
-80.12,25.83431
-80.11892,26.16683
-80.11774,25.9916
-80.11662,42.09631
-80.11575,26.01348
-80.1157,26.01381
-80.11557,26.01523
-80.11552,26.01621
-80.11551,26.01634
-80.1155,26.88981
-80.11546,26.01734
-80.11545,26.01748
-80.1153,26.01984
-80.11528,26.02005
-80.11524,26.02093
-80.11346,42.08514
-80.11244,26.71912
-80.11232,26.13755
-80.11194,26.39329
-80.11021,26.70732
-80.10911,40.32814
-80.10727,26.18944
-80.10641,41.33927
-80.1051,42.10012
-80.10495,42.11994
-80.10471,26.11946
-80.10468,32.9135
-80.10459,26.12025
-80.10406,26.12935
-80.10334,26.13659
-80.10332,40.7108
-80.1023,26.23201
-80.10126,42.10251
-80.10071,26.16861
-80.09957,42.10261
-80.0994,43.92822
-80.09791,40.70386
-80.09779,26.2313
-80.09718,26.18967
-80.09673,43.91961
-80.09546,40.38237
-80.09499,40.66811
-80.09492,43.91964
-80.09393,40.61711
-80.09364,38.22317
-80.09312,40.61385
-80.09299,42.09212
-80.09263,26.30491
-80.09254,40.02217
-80.09221,26.68754
-80.09141,43.92901
-80.09054,26.3658
-80.09002,26.23168
-80.08993,26.53605
-80.08965,44.41959
-80.0891,42.11461
-80.08856,43.92155
-80.08806,26.36797
-80.08782,33.01387
-80.08766,36.11403
-80.08753,40.39246
-80.08752,42.10661
-80.08656,42.11519
-80.08641,42.13166
-80.0864,42.08891
-80.08592,26.34631
-80.08489,40.39654
-80.08441,42.12762
-80.08417,26.9587
-80.08381,26.34851
-80.08377,26.8232
-80.08324,42.09511
-80.08312,35.87712
-80.08218,42.12606
-80.08191,42.12526
-80.08143,42.12569
-80.07913,26.93196
-80.07883,42.13533
-80.07715,26.37169
-80.07667,26.40215
-80.07636,26.31668
-80.07587,26.31577
-80.07551,26.31715
-80.07546,42.11419
-80.07377,40.47281
-80.07364,42.12863
-80.07304,26.55918
-80.07297,26.46151
-80.07268,26.46149
-80.07175,42.12578
-80.07132,26.46421
-80.07086,26.84522
-80.07074,26.46519
-80.06977,26.46104
-80.06924,34.36758
-80.06876,36.11776
-80.06863,40.50149
-80.06804,26.44738
-80.06761,42.13616
-80.06755,40.41549
-80.06582,26.46147
-80.06398,26.70097
-80.06383,39.73076
-80.06077,42.11756
-80.06061,42.1392
-80.05919,40.63146
-80.05875,26.46056
-80.05787,40.49641
-80.05768,32.73057
-80.05763,40.32134
-80.05737,26.88115
-80.05731,32.73319
-80.05721,32.73309
-80.05629,40.48731
-80.05628,26.7133
-80.05622,26.73525
-80.05601,37.29324
-80.0556,42.14109
-80.05545,26.61599
-80.05522,26.6157
-80.05485,42.13595
-80.05376,26.61569
-80.05355,26.67546
-80.05233,26.71346
-80.05019,26.71241
-80.04946,40.38864
-80.049,42.12118
-80.04878,42.10853
-80.04602,33.16699
-80.04403,40.38701
-80.044,40.3818
-80.04332,32.95529
-80.04068,40.37758
-80.04066,33.00442
-80.03948,42.1126
-80.03886,33.00227
-80.03834,32.8248
-80.03778,32.88596
-80.03693,40.39283
-80.03682,26.61286
-80.03665,40.39308
-80.03661,42.14801
-80.03607,32.8849
-80.03569,35.92991
-80.03489,40.5222
-80.0347,40.39457
-80.03433,40.46705
-80.0343,40.39484
-80.03419,26.78298
-80.03385,42.10591
-80.03143,40.51846
-80.03126,40.47604
-80.02788,40.36394
-80.02728,40.34332
-80.02621,32.90617
-80.02489,39.98034
-80.02325,43.19435
-80.02283,40.39552
-80.02257,40.39537
-80.02206,40.51626
-80.02196,40.51649
-80.02169,32.87588
-80.02082,35.97846
-80.02017,32.97232
-80.01918,32.78838
-80.01863,35.97609
-80.01817,32.80394
-80.01718,40.45159
-80.01688,35.9727
-80.01633,42.15766
-80.01555,40.59268
-80.01546,42.15063
-80.01432,40.36752
-80.01351,42.14126
-80.01241,32.86767
-80.01221,42.14189
-80.01158,40.44606
-80.01151,40.44572
-80.01035,35.96045
-80.01034,40.44623
-80.01014,35.95942
-80.00873,40.44619
-80.00864,35.96281
-80.00768,40.44645
-80.0074,40.11834
-80.00722,40.45556
-80.0072,40.42992
-80.00718,40.429
-80.0069,32.98591
-80.00537,40.43369
-80.004,35.41438
-80.004,40.44801
-80.00397,42.16731
-80.00385,40.43334
-80.00312,40.25071
-80.00288,40.44112
-80.00278,40.25225
-80.00242,40.443
-80.00216,40.44237
-80.00165,42.16814
-80.00143,40.45322
-80.00093,40.05357
-80.00036,40.44374
-79.99998,40.4537
-79.99985,40.44264
-79.99823,40.45458
-79.99786,40.00274
-79.9969,40.44335
-79.99657,40.44343
-79.99642,40.44436
-79.99636,40.44118
-79.99573,40.44432
-79.99569,40.44366
-79.99475,40.38487
-79.99398,42.15044
-79.99375,40.4457
-79.99268,40.42195
-79.99157,43.49175
-79.99068,43.21665
-79.98996,33.19999
-79.9889,40.46009
-79.98806,40.4486
-79.98715,32.90148
-79.98691,33.20636
-79.98582,40.4497
-79.98575,40.4513
-79.98505,39.65794
-79.98494,40.45092
-79.9835,40.45156
-79.98305,41.94113
-79.98296,37.22351
-79.98272,40.45211
-79.98236,40.3697
-79.98206,40.36962
-79.97552,32.88168
-79.97551,40.42618
-79.97545,40.48088
-79.97539,43.22792
-79.9753,40.37336
-79.97467,39.63248
-79.97409,40.48209
-79.9728,39.89194
-79.97261,32.8532
-79.97253,40.55531
-79.97241,40.47937
-79.97158,41.87645
-79.97124,40.47871
-79.97061,40.47869
-79.96977,40.47821
-79.96901,43.94534
-79.96899,40.78917
-79.96821,40.47874
-79.96792,40.4255
-79.96772,40.45678
-79.9677,40.46143
-79.96769,40.38612
-79.96733,32.73891
-79.96604,40.45682
-79.96538,40.01447
-79.96475,40.42872
-79.96467,40.46655
-79.96436,40.46208
-79.96403,40.46695
-79.96378,40.45798
-79.96113,36.04228
-79.961,40.46999
-79.96097,40.47121
-79.96088,40.46512
-79.96066,40.46483
-79.96063,40.47048
-79.96038,40.47092
-79.96004,40.47136
-79.95978,36.38725
-79.95908,40.47271
-79.95907,43.26667
-79.95888,36.38743
-79.95793,39.62954
-79.95789,40.47462
-79.95749,39.62826
-79.95745,40.44179
-79.95737,39.62968
-79.95705,40.47727
-79.95644,40.47876
-79.95575,39.62868
-79.95571,39.63108
-79.95566,37.27021
-79.95554,39.62942
-79.95552,40.4789
-79.95546,39.6294
-79.95545,40.47899
-79.95544,39.63203
-79.95527,39.63214
-79.95526,39.62954
-79.95504,39.63062
-79.955,39.63066
-79.95499,39.63066
-79.95495,39.63173
-79.95476,40.43708
-79.95473,40.46517
-79.95446,40.43656
-79.95392,40.48148
-79.95321,40.46406
-79.95292,32.80225
-79.95129,32.82234
-79.95075,39.62728
-79.95032,32.79913
-79.95026,40.46248
-79.95018,39.6236
-79.94973,37.27209
-79.94925,40.59216
-79.94919,43.26566
-79.94899,37.27268
-79.94898,40.46378
-79.94897,40.45405
-79.94827,40.46144
-79.94811,37.27218
-79.94803,40.48468
-79.94752,40.45793
-79.94666,32.79884
-79.94594,43.24786
-79.94514,40.45937
-79.94461,32.79656
-79.94321,37.27037
-79.94281,32.79546
-79.94274,32.7952
-79.94126,37.25671
-79.94114,32.65729
-79.94113,32.79265
-79.94112,32.79298
-79.94073,32.79686
-79.94063,32.79296
-79.9405,32.79175
-79.94036,32.79155
-79.94022,32.79135
-79.94019,32.65644
-79.94017,32.79128
-79.94013,32.79354
-79.94012,32.79121
-79.94007,43.25216
-79.94006,32.79111
-79.93995,32.7908
-79.93995,32.79088
-79.93948,32.7903
-79.93945,37.27195
-79.93924,37.27059
-79.93908,32.79011
-79.93894,32.7899
-79.93893,37.27135
-79.93887,32.78942
-79.93863,32.78908
-79.93861,32.78944
-79.93831,32.78957
-79.93809,32.78831
-79.93799,40.63915
-79.93756,32.79531
-79.93733,40.44277
-79.93698,32.78818
-79.93692,32.78723
-79.93683,32.78724
-79.93586,32.78493
-79.93559,32.78453
-79.93552,32.78596
-79.93525,32.78513
-79.93519,35.99471
-79.93514,32.78615
-79.93497,32.78622
-79.93475,40.45123
-79.93431,43.65451
-79.93393,40.45104
-79.93386,44.76859
-79.93352,32.77961
-79.93281,32.77791
-79.93272,32.78098
-79.93217,32.78216
-79.93206,32.78302
-79.93201,32.77799
-79.93183,32.78195
-79.9317,32.78087
-79.92945,32.78011
-79.92876,43.65181
-79.92872,32.77681
-79.92827,32.78052
-79.92798,32.78088
-79.92785,32.78236
-79.92783,32.78229
-79.9273,32.78058
-79.92681,32.77945
-79.92671,32.7786
-79.92662,40.48674
-79.92639,43.1635
-79.92633,40.49619
-79.92625,32.77895
-79.92599,43.64921
-79.92576,43.67016
-79.92569,43.67034
-79.92546,40.45995
-79.92512,40.46037
-79.92461,40.46239
-79.92387,40.20134
-79.92337,40.43169
-79.92326,40.20078
-79.92322,40.46039
-79.9231,40.43395
-79.92272,40.43793
-79.92271,40.4371
-79.92082,40.47625
-79.91948,40.43768
-79.91768,43.26386
-79.91764,40.84061
-79.91343,40.5484
-79.91302,37.4166
-79.91006,32.85905
-79.90943,36.71598
-79.9088,36.70825
-79.90663,32.86279
-79.90327,40.38568
-79.90138,40.48901
-79.90052,40.14032
-79.89862,40.44819
-79.89385,40.4323
-79.89243,36.99746
-79.89168,36.07561
-79.89152,36.0521
-79.88842,40.02106
-79.88717,36.08609
-79.88692,36.08586
-79.886,43.25407
-79.8846,43.22048
-79.88457,43.51159
-79.88436,43.22382
-79.88416,43.8819
-79.88355,43.51307
-79.88142,36.06948
-79.88126,43.64821
-79.87948,32.8125
-79.87856,43.25823
-79.87832,43.25727
-79.87807,43.25794
-79.87783,43.2584
-79.87781,43.26296
-79.87779,43.26282
-79.87743,43.25831
-79.87739,43.25847
-79.87738,43.23932
-79.87558,36.06775
-79.87484,40.42882
-79.87371,40.35201
-79.87259,43.25789
-79.87237,40.4896
-79.87221,40.3648
-79.87183,43.25168
-79.87131,43.25192
-79.87011,43.25213
-79.87003,43.25211
-79.86995,43.25208
-79.86922,32.92066
-79.86908,32.79211
-79.86873,43.25082
-79.8685,43.25148
-79.8679,43.25221
-79.86766,40.60799
-79.86731,44.58292
-79.86699,44.58306
-79.8669,43.26192
-79.86672,43.26238
-79.86585,43.26362
-79.86574,43.26391
-79.86561,43.26494
-79.86529,43.25665
-79.86491,40.07924
-79.86491,43.25654
-79.86427,43.2497
-79.86342,43.26335
-79.86295,43.25458
-79.86295,43.50581
-79.86244,43.2715
-79.86156,43.50743
-79.86154,42.2064
-79.86092,40.62528
-79.8597,43.26246
-79.85915,36.06965
-79.85875,42.94994
-79.85745,42.94973
-79.85745,43.25828
-79.85713,43.23129
-79.85692,36.13387
-79.85615,36.13053
-79.85609,36.12997
-79.85567,36.12926
-79.85544,32.79287
-79.85347,40.61136
-79.85331,43.27145
-79.85273,43.26099
-79.85095,43.25244
-79.84952,38.92341
-79.84941,43.25226
-79.84934,38.92584
-79.84708,43.25952
-79.84385,40.50629
-79.84373,43.35816
-79.84304,43.21995
-79.84242,38.92003
-79.842,40.41042
-79.84189,43.1944
-79.84125,43.23627
-79.84093,40.40831
-79.84006,40.41685
-79.83941,43.22842
-79.83749,42.21058
-79.83697,40.27257
-79.83693,40.53974
-79.83628,32.76271
-79.83624,43.22819
-79.83462,40.42527
-79.83427,43.21123
-79.83331,36.11254
-79.82966,43.22585
-79.82897,43.39661
-79.8287,41.39737
-79.82792,36.0689
-79.82785,36.0689
-79.82773,36.0689
-79.82576,40.40465
-79.82483,43.25345
-79.82464,36.10545
-79.82367,43.39155
-79.82363,36.06323
-79.82358,36.06355
-79.82344,43.25336
-79.82328,36.06396
-79.82029,36.06401
-79.81922,43.36438
-79.81917,36.06385
-79.81866,36.10557
-79.81858,36.10386
-79.81778,43.33669
-79.81706,32.82156
-79.81638,43.25049
-79.81635,36.09624
-79.81531,35.70592
-79.81397,40.74908
-79.81375,36.09258
-79.81321,36.09207
-79.81276,36.09178
-79.81212,43.68376
-79.81119,43.19138
-79.81058,36.08947
-79.80977,43.37328
-79.80684,43.23992
-79.80629,44.0221
-79.80611,43.40744
-79.80547,40.54133
-79.80545,43.37834
-79.80537,44.01992
-79.8053,44.02261
-79.80488,36.08514
-79.80477,44.02244
-79.8044,36.0843
-79.80419,40.23836
-79.8035,36.06407
-79.80296,36.06667
-79.80149,34.17196
-79.80137,43.32838
-79.80049,36.0757
-79.79879,36.07314
-79.79825,43.24749
-79.79712,36.13347
-79.7963,43.37175
-79.79622,43.72795
-79.79596,43.32623
-79.79404,43.19988
-79.79397,36.13112
-79.79394,36.07937
-79.79354,43.24429
-79.79347,36.06511
-79.79297,36.07885
-79.79224,36.06951
-79.79185,36.06591
-79.79174,36.07269
-79.79165,36.07308
-79.7916,36.06632
-79.79157,36.0782
-79.7915,36.06969
-79.79131,36.0662
-79.79124,36.06735
-79.79117,36.0684
-79.79105,36.06862
-79.79093,36.06597
-79.79075,36.06861
-79.79061,36.0657
-79.79039,36.06865
-79.7902,43.2399
-79.79019,36.07121
-79.79015,36.07086
-79.79015,36.07165
-79.79014,32.78465
-79.78991,32.78543
-79.78824,42.23112
-79.78614,36.07104
-79.78596,43.28289
-79.78508,36.10136
-79.78467,36.10108
-79.78254,36.07232
-79.78005,43.68192
-79.77974,43.58252
-79.77729,43.67076
-79.77607,43.43496
-79.77583,43.36414
-79.77288,43.69501
-79.77179,43.23995
-79.77069,40.21133
-79.76858,43.35524
-79.76526,34.17096
-79.76511,40.56641
-79.76464,43.59296
-79.76335,43.37211
-79.76243,43.67819
-79.76168,43.25566
-79.75996,43.58299
-79.75994,43.58281
-79.7594,43.74009
-79.75886,43.57985
-79.75874,43.68777
-79.75173,40.08446
-79.75062,43.61047
-79.74976,40.7943
-79.74923,40.38839
-79.74683,43.69961
-79.74567,43.68542
-79.74272,43.46554
-79.74223,43.46498
-79.74002,43.65642
-79.7337,43.38473
-79.73267,39.89367
-79.7308,43.40319
-79.72765,43.71316
-79.7276,39.90041
-79.72711,43.42676
-79.72524,43.71637
-79.7232,44.39153
-79.72295,43.58953
-79.72133,44.40226
-79.71828,43.58593
-79.7171,43.55201
-79.71703,43.58208
-79.71624,43.48235
-79.71611,43.67809
-79.71506,43.58246
-79.71449,44.35558
-79.71353,44.35457
-79.71278,43.64388
-79.71028,43.4649
-79.71011,40.58523
-79.71002,36.15117
-79.7089,44.18963
-79.70864,41.43388
-79.70817,41.43343
-79.70668,43.60288
-79.70602,43.647
-79.70481,43.54045
-79.70115,43.22209
-79.69921,36.51414
-79.69435,42.11764
-79.69301,43.69263
-79.68924,44.3891
-79.689,44.3894
-79.68728,44.41146
-79.68682,44.38947
-79.68454,43.52209
-79.68338,43.52576
-79.68305,44.40889
-79.68004,43.45559
-79.67809,44.41503
-79.6772,44.34459
-79.67583,43.52676
-79.67566,43.44057
-79.67433,44.37046
-79.67233,41.62676
-79.67228,43.53982
-79.6712,39.46855
-79.67078,40.33282
-79.66877,43.5104
-79.66658,43.44886
-79.66525,36.36039
-79.66421,44.36692
-79.66388,43.54882
-79.66288,43.53917
-79.66168,43.64893
-79.65952,43.56751
-79.65343,43.57705
-79.65171,43.48836
-79.65026,43.49913
-79.64948,43.51304
-79.64329,43.70378
-79.64229,43.65267
-79.64159,43.58957
-79.63812,43.52841
-79.63595,43.59058
-79.63173,43.82306
-79.6315,43.64214
-79.62848,43.84392
-79.62516,43.69146
-79.62425,43.63976
-79.62385,43.685
-79.62315,43.51696
-79.62066,43.68248
-79.62025,43.6825
-79.62018,43.68236
-79.62017,43.68364
-79.61986,43.68496
-79.61777,43.58092
-79.61494,43.68175
-79.61477,43.68187
-79.61305,43.53159
-79.61251,43.58454
-79.61147,43.67911
-79.61132,43.68132
-79.60914,43.72739
-79.60805,40.39722
-79.60754,40.62699
-79.60721,40.62787
-79.60663,40.6268
-79.60338,43.59528
-79.60322,43.59515
-79.60262,36.06303
-79.60185,43.6118
-79.60124,43.73119
-79.59696,43.6361
-79.5929,43.66232
-79.58857,43.66406
-79.58796,43.5498
-79.58743,35.43359
-79.58719,40.39894
-79.58489,43.60538
-79.58456,43.55288
-79.58425,43.55266
-79.58291,38.41222
-79.58209,43.55522
-79.57805,44.65066
-79.57772,43.61361
-79.57704,43.64139
-79.57699,42.32296
-79.57449,43.76488
-79.56922,36.06128
-79.56893,43.56908
-79.56779,43.6449
-79.56498,42.92486
-79.56377,43.71202
-79.56085,43.19339
-79.56067,43.74893
-79.55874,44.11875
-79.55231,43.63242
-79.55116,43.8275
-79.54998,43.78785
-79.5489,43.6209
-79.54886,43.75113
-79.54873,43.80766
-79.54579,40.30339
-79.54525,43.60108
-79.54498,43.60059
-79.5448,43.60016
-79.54473,43.84194
-79.54294,43.61646
-79.54238,43.7537
-79.54203,36.10604
-79.54117,43.83055
-79.54101,43.75274
-79.54101,43.84216
-79.54082,43.84352
-79.53851,43.09551
-79.53701,43.72077
-79.53671,43.59353
-79.53661,40.76469
-79.5362,40.76521
-79.53358,43.6439
-79.53297,43.78905
-79.53213,43.64547
-79.53204,43.5946
-79.53103,40.77112
-79.53064,43.59497
-79.52662,43.77487
-79.52141,43.83314
-79.5213,43.64498
-79.52017,43.64523
-79.5185,37.33576
-79.51821,43.63016
-79.51814,43.63103
-79.51436,43.74223
-79.51417,43.64689
-79.51308,37.6802
-79.51001,43.59954
-79.50971,36.06845
-79.50916,43.62508
-79.50883,43.5998
-79.5075,43.64837
-79.50644,43.64829
-79.50444,43.70394
-79.50435,43.60113
-79.50388,43.702
-79.50378,43.70356
-79.50375,43.70349
-79.50137,43.62646
-79.49871,39.14697
-79.49861,43.6178
-79.49297,43.77326
-79.49037,43.76517
-79.48857,43.76545
-79.48847,43.7637
-79.48765,43.65825
-79.4876,43.68614
-79.48458,43.64907
-79.48306,43.64945
-79.48302,43.66965
-79.48173,35.22362
-79.47826,43.68251
-79.47741,43.17683
-79.4757,43.65109
-79.47367,43.67891
-79.47319,39.12976
-79.47295,43.68044
-79.47127,43.69084
-79.47107,43.68227
-79.47095,43.66563
-79.47041,43.66562
-79.46998,35.19543
-79.46975,35.19511
-79.46923,44.00506
-79.46891,35.19581
-79.46869,43.68239
-79.46866,43.66521
-79.46695,43.99783
-79.46675,43.73035
-79.46674,43.68217
-79.46624,43.66531
-79.46566,42.20967
-79.46515,43.66529
-79.46478,43.73139
-79.46463,44.22893
-79.46454,43.666
-79.46437,43.73148
-79.46405,43.66469
-79.46353,43.66531
-79.46352,43.66507
-79.46251,43.69312
-79.46114,43.69342
-79.46064,43.73231
-79.45961,43.65464
-79.45946,43.67448
-79.45863,43.68311
-79.4582,43.67442
-79.45671,43.65526
-79.45647,43.65532
-79.45382,43.67594
-79.45314,43.65634
-79.45309,43.70868
-79.45295,43.67595
-79.45292,43.65752
-79.45285,43.66515
-79.45131,43.65173
-79.45101,43.65099
-79.45045,43.67649
-79.45032,43.65009
-79.45024,43.64983
-79.45019,43.69516
-79.45016,43.67654
-79.44998,43.64917
-79.44964,43.64829
-79.44964,43.67629
-79.44873,43.65253
-79.44805,43.65735
-79.44802,43.65194
-79.44801,43.65222
-79.44727,43.64215
-79.44689,43.69609
-79.44685,43.68682
-79.44589,43.67713
-79.44538,43.63901
-79.44501,43.63907
-79.44254,37.78374
-79.44246,43.65854
-79.44236,43.6779
-79.44215,43.67831
-79.44191,43.63966
-79.44185,43.63967
-79.44132,43.63978
-79.44088,43.69309
-79.4403,43.65118
-79.44003,43.67843
-79.43973,43.64009
-79.43959,43.63988
-79.43927,43.6592
-79.43924,43.67897
-79.43921,43.67861
-79.43913,43.66924
-79.43911,43.63375
-79.43905,43.6876
-79.439,43.67902
-79.43865,43.68746
-79.43853,43.68712
-79.43849,43.66977
-79.43806,43.68594
-79.43798,43.65918
-79.43792,43.65947
-79.4378,43.6595
-79.43726,43.65963
-79.43696,43.64982
-79.43648,43.66981
-79.43621,36.06695
-79.43616,43.6498
-79.43604,43.86082
-79.4355,43.64071
-79.43536,43.64973
-79.43534,43.64997
-79.43514,43.64996
-79.43513,43.64969
-79.43436,43.64991
-79.43426,43.64081
-79.43426,43.64994
-79.43402,43.85197
-79.4338,43.65215
-79.4335,43.64135
-79.43308,43.64983
-79.43263,43.6498
-79.43255,43.85413
-79.43236,43.66061
-79.43177,43.84556
-79.43171,43.6382
-79.43169,43.67477
-79.43164,43.79607
-79.43147,43.66702
-79.43133,43.66086
-79.43085,43.64163
-79.43061,43.64165
-79.43054,43.68085
-79.43042,43.6608
-79.43032,43.64177
-79.43027,43.64178
-79.43004,43.70018
-79.43002,43.64973
-79.42971,43.64974
-79.42971,43.71805
-79.42958,43.661
-79.42939,43.6811
-79.42903,44.05744
-79.42822,43.66157
-79.42793,43.63896
-79.42787,43.66136
-79.42736,43.66171
-79.4273,43.66173
-79.42699,43.64963
-79.4261,43.6538
-79.4259,43.63575
-79.4257,43.65387
-79.42533,43.6496
-79.42523,43.66195
-79.42521,43.66222
-79.42516,43.82554
-79.42507,43.65402
-79.42497,43.64957
-79.42496,43.64308
-79.42473,43.66205
-79.42444,43.66237
-79.42431,43.66241
-79.42406,43.66247
-79.42403,43.66248
-79.42396,43.66249
-79.42382,43.66253
-79.42346,43.66262
-79.42308,43.64962
-79.42302,43.6495
-79.4229,43.64349
-79.42226,43.64362
-79.42219,43.65462
-79.42213,43.66263
-79.42209,43.65464
-79.42205,43.64926
-79.42198,43.64368
-79.42192,43.64925
-79.42176,43.64925
-79.42145,43.64379
-79.42108,43.64924
-79.42084,43.64909
-79.42081,43.64901
-79.42072,43.63941
-79.42072,43.64973
-79.42071,43.6497
-79.4207,43.64875
-79.42053,43.64832
-79.42051,43.64908
-79.42044,43.64893
-79.42034,43.63946
-79.4202,43.64404
-79.4202,43.79965
-79.42009,43.64728
-79.42009,43.64958
-79.41997,43.6496
-79.41993,43.63886
-79.41985,43.64662
-79.41984,43.64659
-79.41966,43.7352
-79.41917,43.64555
-79.41889,43.68282
-79.41882,43.64456
-79.4188,43.65533
-79.41834,43.64441
-79.41776,43.66381
-79.41764,43.65503
-79.41732,43.66368
-79.41723,43.63844
-79.41649,43.65522
-79.41622,43.66431
-79.41601,44.61009
-79.41592,43.77947
-79.41576,43.77931
-79.41563,44.10615
-79.41554,43.88052
-79.41549,43.65507
-79.41513,43.6644
-79.4151,44.60995
-79.41497,43.77849
-79.41481,43.77843
-79.41466,43.65518
-79.4146,43.65519
-79.41455,44.01494
-79.4144,43.6452
-79.41435,43.655
-79.41368,43.65513
-79.41358,43.65406
-79.41355,43.6554
-79.4135,43.70368
-79.41334,43.65544
-79.41329,43.65551
-79.41327,43.65071
-79.41325,43.65095
-79.41303,43.65551
-79.41296,43.65528
-79.41261,41.6833
-79.41247,43.65088
-79.41234,43.66406
-79.41227,41.68299
-79.41211,43.64186
-79.41198,43.65575
-79.41189,43.66639
-79.41154,43.66537
-79.4115,43.65554
-79.41149,43.76271
-79.41128,43.76419
-79.41098,43.65596
-79.41052,43.64576
-79.41048,43.64577
-79.41033,43.65158
-79.41011,43.66523
-79.40992,43.65583
-79.40982,43.65585
-79.40924,43.65151
-79.40915,43.64604
-79.40903,43.64606
-79.40846,43.65653
-79.40825,43.66552
-79.40763,43.70494
-79.40753,43.65212
-79.40732,43.64641
-79.40698,43.65682
-79.40688,43.64644
-79.40678,43.65201
-79.40668,43.65651
-79.40646,43.64189
-79.40586,43.6515
-79.4057,43.65704
-79.4041,43.64688
-79.40374,43.73165
-79.40304,43.65662
-79.40285,43.64374
-79.40271,43.64757
-79.4027,43.65649
-79.40251,43.65505
-79.40247,43.65766
-79.40228,43.65489
-79.4021,35.34177
-79.40199,43.65396
-79.40173,43.64429
-79.40173,43.65431
-79.40166,43.65784
-79.40158,43.64781
-79.40156,43.65294
-79.40118,43.65282
-79.40097,43.66743
-79.40076,36.06977
-79.40061,43.64454
-79.40029,43.66072
-79.40028,43.65317
-79.40022,43.64428
-79.40017,43.64427
-79.40017,43.65753
-79.39999,43.65709
-79.39998,43.64561
-79.39991,43.65317
-79.39985,43.64435
-79.39949,43.64442
-79.39941,43.64327
-79.39924,43.71199
-79.39895,43.65603
-79.39854,43.70858
-79.3984,43.64494
-79.39837,43.64351
-79.39831,43.70753
-79.39825,37.81392
-79.39758,43.64861
-79.39739,43.66918
-79.39719,43.66953
-79.39702,43.6993
-79.39698,43.64489
-79.3965,43.65338
-79.39644,43.6684
-79.39637,43.70701
-79.39621,43.64433
-79.39602,43.69665
-79.396,43.63133
-79.3959,43.64905
-79.39576,43.64805
-79.39562,43.64761
-79.39515,43.64814
-79.39412,43.64003
-79.39384,43.659
-79.39372,43.6705
-79.39358,43.64561
-79.39331,43.64889
-79.39326,43.6496
-79.39302,43.70797
-79.3929,42.15991
-79.39289,43.70876
-79.39176,43.65436
-79.39174,43.65468
-79.39161,43.65439
-79.39109,43.64948
-79.39104,43.64881
-79.39099,43.67085
-79.39048,43.64896
-79.39042,43.64749
-79.3902,43.64817
-79.39019,43.64813
-79.39018,43.64635
-79.39018,43.65019
-79.39015,43.64809
-79.39004,36.5862
-79.39003,43.64802
-79.38995,43.67157
-79.38995,43.67852
-79.38988,43.64806
-79.38977,43.64709
-79.38973,43.70797
-79.38969,43.64688
-79.38936,43.64931
-79.38933,43.64774
-79.38933,43.69768
-79.38912,43.64822
-79.38911,43.64828
-79.38903,43.64824
-79.38903,43.64867
-79.38889,43.64828
-79.38857,43.64762
-79.38847,43.65054
-79.38832,43.67096
-79.38806,43.66694
-79.38803,43.66697
-79.38698,43.64556
-79.38633,43.6475
-79.3858,36.58174
-79.38569,43.66553
-79.38512,43.66779
-79.38479,41.21537
-79.38434,41.21378
-79.38432,43.6608
-79.3842,43.64619
-79.38394,43.64288
-79.38389,43.64515
-79.38336,43.65735
-79.3831,43.64636
-79.38306,43.66504
-79.38293,43.64241
-79.38262,43.67033
-79.38225,43.64843
-79.38208,43.64941
-79.38197,43.65829
-79.38165,43.64584
-79.38129,43.64584
-79.38093,43.66168
-79.38063,43.65248
-79.38063,43.66449
-79.38059,43.65654
-79.38053,43.6497
-79.38052,43.66422
-79.3805,43.66507
-79.38028,43.66458
-79.38019,43.66426
-79.38017,43.66415
-79.38014,43.63831
-79.38012,43.66154
-79.38009,43.66428
-79.37998,43.64258
-79.3798,43.64993
-79.37958,43.66297
-79.37957,43.64751
-79.37956,43.65359
-79.37902,43.6513
-79.37902,43.65452
-79.37815,43.65021
-79.37797,43.65787
-79.37783,43.8467
-79.37768,43.64655
-79.37764,43.64815
-79.37744,43.64264
-79.37729,43.65158
-79.37724,43.64943
-79.37624,43.64112
-79.37591,43.84719
-79.3756,43.65232
-79.37522,43.64892
-79.37519,43.6522
-79.37515,43.70518
-79.37514,43.64844
-79.37506,43.64846
-79.37486,43.65327
-79.37467,43.64855
-79.37455,43.64684
-79.37429,43.64695
-79.37409,43.64705
-79.37409,43.64846
-79.37406,43.64985
-79.37355,43.64825
-79.37354,43.64732
-79.37345,43.64844
-79.37332,43.64847
-79.37304,43.64861
-79.3719,43.64904
-79.37112,43.64978
-79.37035,43.65067
-79.36922,43.66689
-79.36897,43.66393
-79.36888,43.66394
-79.36855,40.30301
-79.36763,43.66285
-79.36754,43.66279
-79.36732,43.66309
-79.36611,43.65287
-79.36386,43.65592
-79.36381,43.71051
-79.36373,43.65589
-79.36281,39.55653
-79.36103,43.8704
-79.36012,43.75619
-79.35995,43.64989
-79.35983,43.65059
-79.35916,43.65694
-79.35869,43.67579
-79.3584,43.65041
-79.35812,43.67619
-79.35756,43.65063
-79.35753,43.67661
-79.35738,43.67632
-79.35729,43.67634
-79.35688,43.67645
-79.35651,44.3027
-79.35637,43.67654
-79.35479,43.65502
-79.35307,43.67717
-79.35265,43.66516
-79.35204,43.78609
-79.35178,43.66574
-79.35075,43.65879
-79.35071,43.66571
-79.35023,43.65891
-79.35014,43.75469
-79.35013,43.65866
-79.35007,43.65902
-79.34957,43.65904
-79.34946,43.67789
-79.34918,43.81828
-79.34878,42.08879
-79.34818,43.67844
-79.34789,43.67818
-79.34725,43.67863
-79.3469,43.65965
-79.34453,43.7337
-79.34349,43.66042
-79.34331,43.69481
-79.34307,43.6605
-79.34302,43.67914
-79.34103,43.67985
-79.33897,43.66142
-79.33787,43.68046
-79.3371,43.66878
-79.33695,44.24547
-79.33625,43.66897
-79.33591,43.66928
-79.33542,43.68066
-79.33534,43.66224
-79.33454,43.68117
-79.33452,42.48727
-79.33314,43.68147
-79.33244,43.66264
-79.33155,43.68181
-79.33143,43.68184
-79.33136,43.68185
-79.33085,43.77445
-79.33077,43.66325
-79.33042,43.68207
-79.33037,43.66304
-79.33014,43.68213
-79.32999,43.68215
-79.32906,43.6618
-79.32835,43.66379
-79.32816,43.68254
-79.3281,43.68255
-79.328,43.66349
-79.32757,43.68233
-79.32754,43.68234
-79.32743,43.68236
-79.32694,43.68281
-79.32493,39.50461
-79.32392,43.68345
-79.32321,43.68362
-79.32068,43.77183
-79.32067,43.77245
-79.31993,43.66354
-79.31934,43.67249
-79.31909,35.94674
-79.31882,43.68455
-79.31821,43.67332
-79.31728,43.68488
-79.31555,43.68526
-79.31512,43.75876
-79.31474,43.7419
-79.31402,43.68559
-79.31337,43.68537
-79.31214,43.686
-79.31105,43.681
-79.30983,43.68653
-79.30869,45.04045
-79.30701,43.68719
-79.30556,43.8218
-79.30504,43.86049
-79.30448,43.66927
-79.30303,43.72241
-79.30245,43.66963
-79.30242,43.66937
-79.30209,43.66946
-79.30201,43.66949
-79.30125,43.76053
-79.3002,43.68868
-79.29941,43.68887
-79.29913,43.6705
-79.29733,43.74534
-79.29577,43.7457
-79.29509,43.67124
-79.29505,43.68986
-79.29502,43.67091
-79.29301,43.74627
-79.29101,43.76324
-79.29021,43.72663
-79.28845,43.7314
-79.28747,43.68061
-79.28719,43.68038
-79.28575,43.04442
-79.28527,43.04393
-79.28492,43.67332
-79.28471,43.68088
-79.28359,43.74737
-79.28063,43.6931
-79.27836,43.04836
-79.27682,43.75313
-79.27675,43.95586
-79.27453,43.77567
-79.2715,43.68718
-79.27144,43.68723
-79.26945,43.00404
-79.26809,43.68947
-79.26798,43.1548
-79.26779,36.09687
-79.26773,43.68968
-79.2671,43.76843
-79.26693,43.78746
-79.26692,43.2024
-79.26684,43.20246
-79.26668,42.99537
-79.26658,43.20223
-79.26277,43.69291
-79.26028,43.16517
-79.26023,43.87612
-79.25946,42.98951
-79.25936,43.9682
-79.25815,43.96926
-79.25695,43.14593
-79.25584,41.54775
-79.25576,43.1463
-79.25431,43.18995
-79.25391,43.20052
-79.25263,43.18261
-79.25172,42.88614
-79.25156,43.1897
-79.25024,42.88692
-79.25019,42.88644
-79.24994,43.70735
-79.24971,43.73586
-79.24957,43.97093
-79.24841,42.99202
-79.24826,43.1186
-79.24818,43.0154
-79.2456,43.15638
-79.24542,43.15702
-79.24531,43.15713
-79.24525,43.15726
-79.24509,43.15686
-79.24483,43.15762
-79.24446,43.7437
-79.24382,43.15831
-79.2437,43.15802
-79.2416,42.09672
-79.24097,43.16064
-79.24088,43.87803
-79.24052,43.1652
-79.23473,43.16804
-79.23094,43.17897
-79.23055,43.72621
-79.22758,43.76814
-79.22695,43.13171
-79.22029,43.74511
-79.21976,43.74395
-79.21959,43.17246
-79.21915,43.13472
-79.21899,43.17247
-79.21825,43.11747
-79.21755,43.744
-79.21702,43.16737
-79.21658,43.17509
-79.21478,40.91265
-79.21446,43.14523
-79.2138,43.1452
-79.20973,43.76278
-79.20909,43.74686
-79.2078,43.18722
-79.20341,44.55147
-79.20253,43.14203
-79.19831,43.75886
-79.19767,43.7595
-79.19555,43.79025
-79.17757,35.72157
-79.1773,35.72099
-79.17721,42.46815
-79.17619,43.80746
-79.17597,35.92416
-79.16733,41.83705
-79.15471,44.42994
-79.15312,40.62357
-79.15267,44.42382
-79.15029,40.62278
-79.15002,40.62277
-79.14914,41.84536
-79.14777,41.84536
-79.14718,33.42972
-79.1466,43.08779
-79.14119,37.41342
-79.14112,37.41051
-79.14023,37.41269
-79.14003,37.41407
-79.13923,37.41178
-79.13923,43.79764
-79.13917,37.41155
-79.13867,37.41298
-79.13724,41.84239
-79.13676,37.41189
-79.13408,41.84032
-79.13389,41.84019
-79.13142,43.80903
-79.13041,43.05505
-79.12951,41.83662
-79.123,43.83109
-79.11985,43.08949
-79.11911,43.81569
-79.11477,43.82102
-79.11113,36.07193
-79.11047,43.10513
-79.10949,43.07125
-79.10511,43.84195
-79.10499,33.47204
-79.10142,36.07518
-79.10105,43.12198
-79.10009,36.07558
-79.09971,43.11499
-79.09923,36.08529
-79.09862,33.48356
-79.09682,43.07599
-79.09215,43.08879
-79.09154,43.08962
-79.09042,43.08972
-79.08466,43.82175
-79.08305,43.83027
-79.08184,43.08675
-79.08111,41.16078
-79.0766,43.09209
-79.07578,43.09159
-79.07258,43.09805
-79.07254,35.90987
-79.07217,38.14972
-79.07208,35.91019
-79.07105,35.91035
-79.07052,35.91154
-79.07041,35.91044
-79.06998,35.91089
-79.06897,35.91001
-79.06826,35.27864
-79.06804,43.84194
-79.06761,35.91045
-79.06665,35.91077
-79.06599,44.26271
-79.06575,35.90959
-79.06455,43.10677
-79.06374,35.91024
-79.06273,35.91063
-79.06268,35.91135
-79.06258,35.91069
-79.06251,35.91071
-79.06245,42.8639
-79.06201,43.08571
-79.05877,35.91218
-79.05777,35.91363
-79.0568,35.91328
-79.05543,35.91302
-79.0553,35.91277
-79.0549,35.91367
-79.05481,43.85394
-79.05421,35.91392
-79.054,35.91407
-79.05397,35.91524
-79.053,35.9148
-79.05288,35.91447
-79.05212,42.88058
-79.05182,42.88249
-79.04836,41.1673
-79.04641,35.05824
-79.03819,43.86843
-79.03059,40.2188
-79.02825,43.84348
-79.02807,33.58694
-79.02721,43.8425
-79.02695,33.57468
-79.02648,43.84123
-79.02518,33.57508
-79.02392,43.08841
-79.02263,43.8419
-79.02173,43.84736
-79.01914,33.79906
-79.01905,33.79847
-79.01534,43.83171
-79.00173,33.62119
-78.99931,39.41825
-78.99924,33.57761
-78.99695,33.7883
-78.99523,33.66092
-78.98232,43.10444
-78.97696,33.61776
-78.97453,35.17182
-78.97198,40.94504
-78.96806,35.07069
-78.96611,33.62735
-78.96315,39.08351
-78.96267,33.68463
-78.96265,43.87482
-78.96217,35.96494
-78.95784,35.91816
-78.95741,35.92094
-78.95664,43.91655
-78.95281,35.96717
-78.95084,40.3451
-78.94918,40.34973
-78.94906,43.87774
-78.94877,43.87715
-78.9474,36.00716
-78.94658,43.91817
-78.94416,43.85882
-78.94386,37.71035
-78.94314,43.87931
-78.94301,43.88144
-78.94224,43.87948
-78.94204,43.90074
-78.94184,43.87829
-78.94087,43.88073
-78.94065,33.64721
-78.9392,44.10178
-78.93815,35.07877
-78.93814,42.71218
-78.93663,43.85671
-78.93663,44.10022
-78.93149,34.98229
-78.93107,40.34217
-78.93055,40.34078
-78.92922,40.34007
-78.92859,39.65755
-78.92818,43.89392
-78.92745,40.34025
-78.92682,35.04557
-78.9258,40.29766
-78.9257,40.33879
-78.92555,40.30466
-78.92447,43.88414
-78.92394,39.65529
-78.92377,35.97432
-78.92355,40.32907
-78.9228,40.30338
-78.92235,40.30297
-78.91905,36.01605
-78.91681,40.29442
-78.91623,40.32624
-78.91583,40.29483
-78.91511,40.31655
-78.91312,40.32608
-78.91251,40.31038
-78.91214,42.92023
-78.90941,40.3273
-78.90747,43.00996
-78.90611,38.16011
-78.90524,35.77779
-78.90498,36.00007
-78.90434,35.99261
-78.90415,36.00256
-78.90374,35.99641
-78.90348,37.88203
-78.9032,43.88786
-78.90162,36.00306
-78.9016,36.00336
-78.90151,35.99526
-78.90131,35.99665
-78.90121,35.99574
-78.90096,35.9971
-78.90083,35.99705
-78.90054,35.99682
-78.90042,35.99645
-78.90041,35.99474
-78.90023,36.00345
-78.89973,42.91796
-78.89934,42.91809
-78.8993,42.9183
-78.89928,36.00395
-78.89928,42.91844
-78.89912,36.00395
-78.899,42.91718
-78.89893,35.69862
-78.89817,40.33613
-78.89815,42.92234
-78.8975,42.93085
-78.89375,33.68278
-78.89172,42.89871
-78.89122,42.94687
-78.89069,42.92001
-78.89,42.92416
-78.88988,42.95625
-78.88975,35.8486
-78.88535,42.94318
-78.88505,42.94345
-78.88502,42.91867
-78.88458,42.94028
-78.88207,33.71714
-78.88165,33.71729
-78.88137,33.71772
-78.88129,33.71789
-78.87986,36.68862
-78.87948,33.69203
-78.87939,42.89959
-78.87935,42.89938
-78.87914,43.02825
-78.87887,43.01745
-78.87842,33.69264
-78.87803,33.69386
-78.87771,43.92879
-78.87767,43.02361
-78.87759,43.0238
-78.87756,43.02621
-78.87748,42.88753
-78.87728,42.91039
-78.87725,42.91149
-78.87724,43.02368
-78.87719,42.92293
-78.87719,42.92445
-78.87703,42.90103
-78.87692,42.91214
-78.87649,33.71513
-78.87649,42.88004
-78.87634,42.87709
-78.87632,42.93282
-78.87555,42.88026
-78.87545,42.89042
-78.87523,42.89932
-78.87503,42.89033
-78.875,42.8882
-78.8748,42.89112
-78.87477,42.89121
-78.87472,42.88052
-78.87469,42.88186
-78.87467,42.87519
-78.87456,43.92191
-78.87455,42.87537
-78.87424,42.89576
-78.87416,42.893
-78.87394,42.89297
-78.87393,42.89388
-78.87366,42.89954
-78.87359,42.8875
-78.87327,42.9844
-78.87323,42.88821
-78.87297,42.89551
-78.87262,35.89656
-78.87248,42.89229
-78.8724,42.86957
-78.87239,42.89076
-78.87234,42.88813
-78.87212,42.88679
-78.87207,33.70159
-78.87197,42.8998
-78.87184,42.88674
-78.87167,42.89928
-78.87158,42.86956
-78.87118,42.97396
-78.87097,42.89929
-78.8709,43.93555
-78.87061,42.96912
-78.86999,35.78505
-78.86967,38.44769
-78.86931,43.93439
-78.86922,42.95305
-78.86864,42.95098
-78.8681,42.94578
-78.86674,42.94794
-78.86653,38.44888
-78.86427,35.73926
-78.86358,42.94792
-78.86338,35.73844
-78.86089,42.86618
-78.86063,42.86614
-78.8598,42.86586
-78.85975,43.89862
-78.85932,43.89728
-78.85905,44.28466
-78.85814,42.87826
-78.85775,43.88436
-78.85722,42.94787
-78.85328,42.98847
-78.85294,42.94753
-78.85155,42.86973
-78.85094,35.73274
-78.85082,38.32269
-78.85053,42.94752
-78.84924,43.91943
-78.84811,35.78863
-78.84781,43.88608
-78.84771,43.01454
-78.84736,42.98052
-78.84679,42.98051
-78.84585,42.8757
-78.84534,42.87495
-78.84405,33.72623
-78.8415,42.94746
-78.83941,42.94768
-78.83907,38.36402
-78.8375,42.86708
-78.83382,37.96745
-78.82924,42.71523
-78.82716,35.79098
-78.82512,42.82565
-78.82399,42.84111
-78.82369,37.84028
-78.82351,42.84277
-78.82286,42.97585
-78.81915,40.58587
-78.81627,43.90678
-78.81543,43.89054
-78.81465,42.85018
-78.81196,42.87204
-78.81118,35.78609
-78.81023,35.61572
-78.80693,42.87169
-78.80675,35.77184
-78.80599,33.74923
-78.80088,42.99718
-78.79993,35.58301
-78.79949,43.9084
-78.79832,35.73659
-78.79825,35.73626
-78.79613,41.24872
-78.79525,35.59326
-78.79187,40.2851
-78.79138,35.59382
-78.79068,35.87376
-78.7859,35.73781
-78.78389,35.79
-78.78236,35.78736
-78.77959,40.66106
-78.77938,35.78794
-78.77777,35.78809
-78.77759,35.78779
-78.7775,35.78736
-78.77459,40.24811
-78.77162,35.82702
-78.76864,43.01411
-78.7678,35.77709
-78.7659,38.81725
-78.76567,41.12101
-78.76545,41.12094
-78.76324,42.92563
-78.76274,39.65089
-78.76216,41.1188
-78.76152,39.65175
-78.76125,35.59668
-78.76032,39.65043
-78.75994,42.99255
-78.75969,39.6426
-78.75831,35.78026
-78.75722,35.78005
-78.75647,39.34157
-78.75377,42.84204
-78.74935,42.1523
-78.74894,42.1524
-78.74888,35.50779
-78.74424,42.96262
-78.74317,42.96294
-78.74132,35.51475
-78.73936,44.35509
-78.73851,44.5369
-78.73768,44.35604
-78.73331,42.93377
-78.73283,40.48448
-78.7322,39.6855
-78.72651,40.48541
-78.72571,40.48593
-78.72532,40.48503
-78.72514,40.48457
-78.72498,44.92526
-78.72477,40.48588
-78.72476,40.48491
-78.72379,44.92454
-78.7234,33.79972
-78.72077,35.78376
-78.71198,35.78609
-78.70082,33.80722
-78.69782,42.98222
-78.69701,43.92566
-78.6959,42.99671
-78.69181,43.91269
-78.69108,43.17007
-78.6899,43.93059
-78.68907,43.91214
-78.68888,43.17237
-78.68761,43.911
-78.68751,35.79312
-78.6868,43.91144
-78.6864,36.11964
-78.6863,43.91108
-78.67639,42.50917
-78.67544,40.0059
-78.67527,35.77939
-78.67272,33.81899
-78.67199,42.90163
-78.66846,35.58397
-78.66774,35.7881
-78.66759,42.50895
-78.66568,42.50832
-78.66078,35.78988
-78.66032,35.88501
-78.65757,35.90242
-78.65569,35.78185
-78.65336,35.77969
-78.65127,41.95629
-78.65065,35.78815
-78.65049,40.62974
-78.64975,40.63349
-78.64957,35.78764
-78.64957,35.78793
-78.64926,40.6331
-78.6488,33.82598
-78.64859,35.77845
-78.64805,35.78598
-78.64805,41.95248
-78.64797,35.78012
-78.6477,35.78611
-78.64763,35.78458
-78.64759,35.78534
-78.64758,35.78538
-78.64755,35.7848
-78.64747,35.78752
-78.64745,35.78765
-78.64745,35.7878
-78.64734,35.78207
-78.64726,35.78376
-78.64724,35.7843
-78.64715,35.78568
-78.64712,35.78267
-78.64698,35.7882
-78.64671,35.78851
-78.64664,35.80434
-78.64641,35.78265
-78.64563,35.78218
-78.64542,35.77994
-78.64527,35.78043
-78.64511,35.88172
-78.64507,35.78963
-78.64501,35.77593
-78.64437,35.77467
-78.64424,35.77831
-78.64372,35.77965
-78.64297,41.95596
-78.64279,41.95618
-78.63904,35.77797
-78.63892,35.77349
-78.63877,35.80066
-78.63813,35.7774
-78.63687,35.77539
-78.63677,35.77739
-78.63674,35.77798
-78.63459,35.79047
-78.63456,35.78946
-78.63425,42.97309
-78.63421,35.78874
-78.63417,40.50573
-78.63398,35.78886
-78.63387,40.50586
-78.62786,35.81348
-78.62772,42.76766
-78.62742,42.768
-78.62723,41.96415
-78.62681,41.9643
-78.62528,35.80767
-78.62436,35.89385
-78.62385,35.79998
-78.62269,35.86763
-78.62203,35.80806
-78.61995,35.89465
-78.61973,35.80801
-78.61888,35.8652
-78.61451,35.83699
-78.61172,35.70421
-78.61102,42.76546
-78.6052,35.70668
-78.6034,35.28871
-78.59391,33.8935
-78.59045,35.86577
-78.5902,35.90766
-78.58928,35.90729
-78.58887,40.63672
-78.58478,40.46769
-78.58256,35.8836
-78.58081,36.29792
-78.5713,35.86396
-78.56818,35.6043
-78.56736,35.60735
-78.56111,35.6116
-78.56077,35.94017
-78.56034,35.94041
-78.54786,41.42864
-78.5477,35.79112
-78.54427,35.37666
-78.53982,35.86342
-78.53497,40.74712
-78.53478,40.74649
-78.51542,38.02571
-78.51242,40.5301
-78.51194,35.67826
-78.50995,35.97786
-78.50967,35.97802
-78.50394,40.01861
-78.50253,40.01918
-78.50059,38.03637
-78.50036,38.03481
-78.4959,37.80038
-78.49582,35.95067
-78.49468,40.0195
-78.49434,35.96799
-78.49139,38.03796
-78.48805,38.03596
-78.48649,38.03503
-78.48571,34.63631
-78.48272,38.03128
-78.48202,38.02612
-78.481,38.03049
-78.47858,38.03
-78.47644,35.65413
-78.47626,43.21213
-78.46534,35.91694
-78.46302,38.1009
-78.46273,37.24154
-78.45799,35.65182
-78.45725,36.10327
-78.44902,41.85602
-78.44245,41.0226
-78.43935,33.90358
-78.43783,40.41945
-78.43592,41.02512
-78.4263,40.47156
-78.39741,41.28941
-78.39429,37.30183
-78.39422,37.30178
-78.39412,40.42356
-78.39164,40.42682
-78.38656,43.22111
-78.37753,40.52049
-78.37023,35.78121
-78.37,35.78116
-78.36665,35.52954
-78.36423,44.27853
-78.35631,35.51567
-78.34949,35.49755
-78.34898,35.51261
-78.34819,44.55447
-78.34504,35.50279
-78.33243,44.31887
-78.32313,44.30565
-78.3224,44.30568
-78.32206,44.30567
-78.3217,44.30569
-78.32117,44.30596
-78.32085,44.30328
-78.32052,44.30355
-78.32026,44.30615
-78.32026,44.30639
-78.32024,44.30626
-78.32002,44.30269
-78.32002,44.30749
-78.3199,44.30114
-78.31983,44.30525
-78.31944,44.30579
-78.31935,44.30579
-78.31927,44.30578
-78.3191,44.30581
-78.31907,44.3057
-78.31905,44.30528
-78.31763,44.28965
-78.31383,35.82203
-78.31277,35.82169
-78.30389,35.52314
-78.29896,44.28978
-78.2942,43.95231
-78.29125,43.94976
-78.29058,44.35818
-78.27332,44.42236
-78.22753,41.51059
-78.22715,39.62817
-78.22672,38.65734
-78.22671,39.6274
-78.22657,41.5104
-78.22262,40.89578
-78.21377,33.91587
-78.19281,38.92227
-78.18274,42.99606
-78.17409,43.98015
-78.17198,43.95936
-78.16923,43.95936
-78.16812,42.06571
-78.16618,39.18424
-78.16545,39.18481
-78.16527,39.18472
-78.1649,39.18579
-78.16453,42.98792
-78.16409,43.96001
-78.15711,39.20029
-78.14187,40.9579
-78.14106,40.19693
-78.11386,33.91246
-78.10428,33.91246
-78.084,38.84023
-78.06569,39.59263
-78.06363,34.02452
-78.05383,40.80023
-78.03883,39.57687
-78.03274,42.22261
-78.03243,42.22293
-78.02326,39.96862
-78.02125,33.92655
-78.02056,33.92451
-78.02053,33.92179
-78.02012,33.92189
-78.01987,41.52941
-78.0019,42.7181
-77.99798,35.38173
-77.9979,37.07993
-77.99393,38.47198
-77.9909,38.85618
-77.97987,39.31278
-77.96245,39.4587
-77.96159,38.90766
-77.95664,44.30891
-77.95014,34.23782
-77.94994,35.38614
-77.94949,34.23469
-77.94938,34.23224
-77.94904,34.23702
-77.94904,34.23706
-77.94878,34.23404
-77.94844,34.23432
-77.94844,34.23439
-77.94842,34.23551
-77.94794,34.2363
-77.94793,34.2341
-77.94768,35.38508
-77.94397,38.84834
-77.93955,43.2167
-77.93756,42.60078
-77.93639,41.02642
-77.92683,34.55091
-77.90972,34.26646
-77.90475,34.04186
-77.90136,38.89191
-77.89875,34.10264
-77.89801,34.14362
-77.89697,34.02117
-77.89216,34.24192
-77.88783,44.00489
-77.88495,34.22179
-77.88359,34.20979
-77.88175,38.07145
-77.87094,40.79684
-77.86411,39.31251
-77.863,40.79318
-77.86287,34.16535
-77.86286,34.16549
-77.86177,40.79412
-77.86153,40.79422
-77.86141,40.79413
-77.86115,40.79388
-77.86078,40.79364
-77.86055,40.79375
-77.86025,40.79504
-77.86016,40.79368
-77.86006,40.79375
-77.85956,40.79532
-77.85945,40.79538
-77.85909,40.79448
-77.85866,40.79494
-77.85732,40.7973
-77.85662,40.7976
-77.85637,40.79814
-77.85591,40.79814
-77.85522,39.12013
-77.85161,35.96278
-77.8508,39.29289
-77.84594,39.11119
-77.84493,40.8319
-77.82583,39.09676
-77.82286,39.43457
-77.81651,42.79643
-77.81462,39.30322
-77.80438,39.42986
-77.80415,39.43696
-77.80396,38.72732
-77.80168,35.95895
-77.79722,40.77937
-77.79436,37.51552
-77.79215,42.25428
-77.79199,38.75512
-77.7906,42.25453
-77.78334,40.91403
-77.77806,40.91069
-77.76904,43.0145
-77.76184,43.01561
-77.75386,40.7692
-77.74819,39.45849
-77.74803,42.91401
-77.74615,39.32645
-77.73965,38.78341
-77.73388,39.60129
-77.73206,43.25447
-77.73126,39.32394
-77.72586,39.64904
-77.72106,39.64092
-77.70494,43.16878
-77.70081,42.91247
-77.69991,39.63361
-77.69958,43.25416
-77.69538,43.26434
-77.68813,43.20802
-77.6861,38.85088
-77.67701,39.17879
-77.67571,38.74396
-77.66601,37.50477
-77.66422,43.16448
-77.66205,37.50574
-77.66107,37.50456
-77.66098,42.32717
-77.6568,37.50332
-77.65593,39.94183
-77.64852,43.19369
-77.63789,43.20037
-77.62745,38.79335
-77.6201,43.14212
-77.61892,43.12237
-77.615,43.15776
-77.61404,37.62088
-77.61155,43.15012
-77.61065,43.14928
-77.60952,37.52556
-77.60911,43.25803
-77.60475,43.14288
-77.60458,43.15535
-77.60433,43.1425
-77.60422,42.31652
-77.60368,37.64844
-77.60184,37.43901
-77.6015,43.15673
-77.60121,43.15666
-77.60092,43.15656
-77.6006,43.15029
-77.60045,43.15055
-77.60034,43.1436
-77.5999,43.14667
-77.59972,43.15665
-77.59915,43.14982
-77.59805,39.76163
-77.59804,43.14197
-77.598,39.76173
-77.59789,43.15872
-77.59738,43.15397
-77.59732,43.15904
-77.59607,43.13997
-77.59535,43.15353
-77.59523,43.15379
-77.59511,43.15406
-77.59508,43.15416
-77.59471,43.15498
-77.59448,43.1552
-77.59439,43.15542
-77.59398,43.14659
-77.59387,43.14653
-77.59332,43.14648
-77.5929,43.15126
-77.59236,38.20497
-77.5923,40.71489
-77.59181,43.15092
-77.59066,43.14495
-77.5906,43.14489
-77.59054,37.68125
-77.59024,39.74568
-77.5887,43.16594
-77.58747,37.68278
-77.58692,43.16333
-77.58626,43.14976
-77.58611,39.75942
-77.58538,43.14166
-77.58476,43.15603
-77.58391,37.6485
-77.58295,35.26175
-77.58106,43.09537
-77.58093,39.75503
-77.58015,43.13896
-77.57987,44.10428
-77.57973,43.1563
-77.57937,37.50739
-77.57846,44.10126
-77.57827,43.14814
-77.57794,40.59287
-77.57593,43.18708
-77.57437,40.85589
-77.57325,39.76099
-77.57199,44.10416
-77.56966,43.15053
-77.56546,39.11444
-77.56491,39.11444
-77.56488,39.1145
-77.56487,39.11506
-77.56485,39.11455
-77.56483,39.11463
-77.56459,39.11572
-77.56458,39.11508
-77.56426,39.1141
-77.56376,44.29179
-77.56315,39.11231
-77.56078,43.15078
-77.56019,43.17069
-77.55962,43.17021
-77.55285,36.66748
-77.54484,37.636
-77.53921,37.57554
-77.53586,38.2902
-77.5331,44.10764
-77.533,34.82105
-77.53248,44.10778
-77.53241,37.62597
-77.529,39.43442
-77.52827,38.95088
-77.51962,37.57274
-77.51941,34.44253
-77.51894,39.01871
-77.51893,37.5732
-77.51839,34.44291
-77.51773,37.57321
-77.51702,43.1751
-77.5147,43.09082
-77.51383,35.59046
-77.51178,38.78067
-77.5071,37.5932
-77.50073,37.37222
-77.4991,37.48618
-77.49832,37.58176
-77.49418,37.59108
-77.49382,39.71276
-77.49375,39.08134
-77.49338,37.59076
-77.49065,43.13176
-77.48964,37.52202
-77.48886,37.59167
-77.48592,37.55486
-77.48421,43.11421
-77.48387,37.55447
-77.48236,37.55387
-77.48165,37.75836
-77.48131,37.47394
-77.48095,37.55315
-77.48003,38.30743
-77.47817,43.06137
-77.47584,43.20403
-77.47566,37.75803
-77.47563,39.04461
-77.47556,39.01614
-77.4747,37.57062
-77.47448,37.5685
-77.47243,37.55313
-77.47241,39.04454
-77.47189,37.7607
-77.47156,37.56368
-77.47139,37.56784
-77.46959,37.61364
-77.46956,37.57071
-77.4693,37.56174
-77.46919,37.56606
-77.4676,37.60277
-77.46553,37.54892
-77.46423,38.30206
-77.46271,37.56662
-77.46075,39.90142
-77.46048,37.54749
-77.45828,37.67312
-77.45636,37.68536
-77.45415,39.05166
-77.45392,39.0505
-77.45383,39.05245
-77.45165,38.94888
-77.45139,38.94862
-77.45097,38.94887
-77.45092,38.94887
-77.44967,38.94534
-77.44957,38.94888
-77.44954,37.3551
-77.4473,38.94883
-77.44704,38.86711
-77.44693,37.70857
-77.44666,37.35721
-77.44574,37.84033
-77.4456,38.94884
-77.4452,38.94547
-77.4447,38.94859
-77.44312,38.94546
-77.44297,37.52669
-77.44286,37.5477
-77.44285,43.13405
-77.44245,37.54475
-77.442,37.54688
-77.4418,38.94546
-77.44179,37.83971
-77.4417,38.94547
-77.44048,37.54624
-77.43989,38.28756
-77.43957,37.54301
-77.43828,37.52446
-77.43778,37.53925
-77.43769,37.54882
-77.43729,37.6912
-77.43706,37.54248
-77.43701,37.54313
-77.43671,38.26089
-77.43597,37.69155
-77.43542,38.75892
-77.43487,35.47842
-77.43421,37.53612
-77.43342,41.74656
-77.43286,37.5346
-77.42963,44.15614
-77.4287,37.53384
-77.42665,37.53425
-77.42578,38.89374
-77.42035,37.53277
-77.41909,37.52789
-77.41598,34.77999
-77.41594,37.53524
-77.41361,37.52136
-77.41273,37.282
-77.41225,39.37273
-77.41084,39.41609
-77.41078,39.41451
-77.40967,38.95051
-77.40915,38.94992
-77.40689,37.51261
-77.40444,44.1849
-77.39177,44.17778
-77.3876,44.21909
-77.38649,38.96979
-77.38627,38.96946
-77.38582,44.16686
-77.38565,44.16652
-77.38557,38.97085
-77.38366,44.13891
-77.3799,39.89658
-77.37922,44.18121
-77.37789,38.47228
-77.37476,38.95637
-77.36933,38.96697
-77.36359,41.30955
-77.3606,38.95787
-77.35851,38.95831
-77.35796,39.04056
-77.35518,34.70455
-77.35487,37.35069
-77.35083,39.90129
-77.3481,35.6295
-77.34188,38.60323
-77.34117,38.96828
-77.3407,38.96886
-77.33972,38.64635
-77.33154,37.5069
-77.33078,37.50909
-77.32986,41.18085
-77.32387,38.57639
-77.32145,38.85377
-77.31857,42.33401
-77.31817,42.33401
-77.31779,38.85472
-77.31772,38.68365
-77.31757,41.18445
-77.31574,41.21829
-77.31064,41.18548
-77.30626,38.8463
-77.30619,38.84694
-77.3055,38.84721
-77.30461,38.65141
-77.29975,38.78795
-77.29968,41.74905
-77.29309,38.63651
-77.29268,41.59423
-77.29039,38.99726
-77.28802,38.63007
-77.28782,38.62941
-77.27943,42.88626
-77.27927,42.88632
-77.2773,44.47343
-77.27281,42.87644
-77.26963,41.19374
-77.26808,40.27158
-77.26116,38.90418
-77.2608,38.6846
-77.25468,38.66337
-77.23677,42.48754
-77.23644,38.93108
-77.23409,41.12998
-77.23378,42.10617
-77.23215,38.9234
-77.23129,39.82566
-77.23076,39.82572
-77.23071,38.87353
-77.23047,38.87119
-77.22999,38.87378
-77.22923,38.86978
-77.22383,39.14176
-77.22162,42.41032
-77.21632,44.08803
-77.20924,39.01646
-77.2078,38.92408
-77.20571,38.90218
-77.19859,43.86294
-77.193,38.82893
-77.19232,42.40609
-77.18333,38.78342
-77.18014,38.93364
-77.17872,43.99384
-77.17699,38.88627
-77.17643,38.88008
-77.1758,38.77899
-77.17208,39.16807
-77.17183,38.88032
-77.16258,39.16095
-77.16132,38.87247
-77.15032,39.0842
-77.1467,38.19315
-77.14433,39.36918
-77.14147,42.96843
-77.14109,38.88575
-77.14055,44.00811
-77.13978,44.00843
-77.13695,41.17564
-77.1298,40.47829
-77.12282,38.81305
-77.12187,39.06008
-77.12016,38.84095
-77.1189,38.84135
-77.1188,38.84139
-77.11727,39.04924
-77.11125,38.88242
-77.11021,39.05603
-77.10844,38.88268
-77.10229,35.50481
-77.10178,38.92562
-77.1016,42.96128
-77.10005,35.10375
-77.09861,38.98867
-77.09767,38.989
-77.09715,38.99015
-77.09644,38.98912
-77.09524,38.9823
-77.09501,38.88605
-77.09469,35.09862
-77.09411,38.88688
-77.09366,38.98121
-77.09346,35.09247
-77.09319,38.88409
-77.09299,38.88864
-77.09287,38.88869
-77.0928,38.88871
-77.09272,38.88545
-77.09188,44.43442
-77.09101,38.88962
-77.08754,38.89098
-77.0875,38.8623
-77.08721,38.86266
-77.0865,38.89021
-77.08467,38.86283
-77.08427,38.86304
-77.08012,35.09938
-77.07856,41.80767
-77.07854,41.80762
-77.07843,38.89379
-77.07825,39.02785
-77.07816,38.97452
-77.07566,38.96444
-77.07368,40.9872
-77.07163,38.89795
-77.07076,38.80297
-77.07042,38.90602
-77.07004,38.95591
-77.06627,38.91236
-77.0656,38.90531
-77.06322,38.90674
-77.06318,38.90551
-77.06311,38.90277
-77.06297,38.90538
-77.06287,35.84237
-77.06133,38.90401
-77.06098,42.15125
-77.06089,38.90357
-77.06069,38.90504
-77.0606,42.15021
-77.05876,38.82595
-77.05869,42.14429
-77.05866,38.90536
-77.05861,38.824
-77.05838,42.14398
-77.05805,38.93524
-77.05769,38.93472
-77.05727,42.14403
-77.05722,42.15873
-77.05721,38.93411
-77.05707,38.93386
-77.05706,42.16161
-77.05596,34.6583
-77.0559,34.65806
-77.05489,38.80596
-77.05457,38.85313
-77.05434,38.80613
-77.05411,38.86087
-77.05409,38.92293
-77.05385,38.90356
-77.05316,38.84965
-77.05316,38.84966
-77.05214,39.03553
-77.05154,38.92416
-77.05154,42.14275
-77.05073,38.93138
-77.05041,39.04073
-77.05024,39.04087
-77.04978,38.89719
-77.04977,39.06096
-77.0497,39.0034
-77.04957,38.85577
-77.04948,38.85897
-77.0486,38.9098
-77.04857,38.9103
-77.04836,38.9098
-77.04659,38.91431
-77.04583,38.80553
-77.04579,38.90278
-77.04546,38.91362
-77.04513,38.91162
-77.04435,38.91191
-77.04419,42.14141
-77.04392,38.8041
-77.04383,38.92149
-77.04372,38.90429
-77.04371,38.90601
-77.04362,38.92194
-77.04345,38.85802
-77.04333,44.47585
-77.04316,38.92173
-77.04315,38.91037
-77.04278,38.90584
-77.04278,38.90659
-77.04273,38.90389
-77.04272,38.85267
-77.04266,38.92194
-77.04266,38.92319
-77.04264,38.92184
-77.04263,38.8561
-77.04257,38.92171
-77.04239,38.92241
-77.04237,38.90583
-77.04224,38.92201
-77.04223,38.84844
-77.0422,38.90636
-77.0422,38.92208
-77.04213,38.90622
-77.04211,38.9217
-77.04209,38.90628
-77.04209,38.90786
-77.04203,38.80458
-77.042,38.92151
-77.04198,38.90638
-77.04194,42.14164
-77.04193,38.90837
-77.04188,38.91953
-77.04186,38.92086
-77.04185,38.91539
-77.04176,38.92059
-77.04175,38.80454
-77.04169,38.92041
-77.04163,38.92031
-77.04162,38.92279
-77.04159,38.92014
-77.04155,38.9201
-77.04151,38.9198
-77.04144,38.91507
-77.04142,38.91729
-77.04136,38.85027
-77.04136,38.90657
-77.04118,38.9064
-77.04038,35.10819
-77.04033,38.90118
-77.04028,40.11265
-77.04017,38.89996
-77.03999,35.10577
-77.03995,38.80274
-77.03991,38.80435
-77.03973,35.10553
-77.03962,38.91334
-77.03927,35.10633
-77.03923,38.90292
-77.03883,38.90284
-77.03871,38.91234
-77.03853,35.10621
-77.03827,38.9102
-77.03827,38.91053
-77.03827,38.91086
-77.03826,38.91098
-77.03821,38.93134
-77.0382,38.91047
-77.03795,38.93073
-77.0374,38.9294
-77.03731,38.91685
-77.03544,38.91681
-77.03538,38.91684
-77.0343,38.90538
-77.03403,38.90358
-77.03389,38.89986
-77.03336,38.90981
-77.03332,38.89673
-77.03323,38.9098
-77.03319,38.95666
-77.03309,38.93773
-77.03307,38.93751
-77.03301,38.93779
-77.03268,38.90281
-77.03265,38.91684
-77.03262,38.90986
-77.03246,38.93223
-77.03237,38.91155
-77.03237,38.91573
-77.03229,38.90928
-77.03224,38.89646
-77.03222,38.91162
-77.0322,38.90944
-77.0322,38.91279
-77.03219,38.90928
-77.03218,38.90906
-77.03218,38.90913
-77.03173,38.91286
-77.03172,38.91469
-77.0317,38.90848
-77.0317,38.91542
-77.03169,38.91726
-77.03168,38.90804
-77.03164,38.91737
-77.03161,38.91747
-77.03158,38.90788
-77.03154,38.90979
-77.0315,38.91425
-77.03131,38.91718
-77.03125,38.92005
-77.03123,38.99497
-77.03118,38.91686
-77.03105,38.91681
-77.031,38.91685
-77.03098,38.91677
-77.03087,38.90448
-77.03086,38.89713
-77.03074,38.91679
-77.03063,41.23864
-77.03059,38.91683
-77.03034,40.39026
-77.02857,38.99898
-77.02853,38.90279
-77.02848,38.91716
-77.0284,38.90284
-77.02834,38.89559
-77.02798,38.92993
-77.02797,38.96534
-77.02764,38.91682
-77.02732,38.91686
-77.0273,38.91673
-77.02729,38.90952
-77.02726,38.88107
-77.02724,38.91685
-77.02696,38.99353
-77.02667,38.94866
-77.02666,38.88057
-77.02664,38.90276
-77.0265,38.87986
-77.02643,38.91721
-77.02638,38.99359
-77.02636,38.99286
-77.0263,38.99197
-77.02628,38.99117
-77.02618,38.97844
-77.02608,38.99642
-77.02577,38.90318
-77.02535,38.87926
-77.02527,38.91833
-77.02506,38.89636
-77.02503,38.91683
-77.02487,38.91826
-77.02479,38.94026
-77.02476,38.91845
-77.02475,38.90657
-77.02461,38.91715
-77.02457,38.93918
-77.02448,38.94204
-77.02447,38.90635
-77.02434,38.93503
-77.02424,38.87864
-77.02423,38.90325
-77.02422,38.91683
-77.02421,38.91739
-77.02418,38.90676
-77.02413,38.9065
-77.02408,38.87865
-77.02406,38.93606
-77.024,38.87883
-77.02399,38.93229
-77.02393,38.8784
-77.02385,38.93179
-77.02379,38.91605
-77.02376,38.91605
-77.02376,38.93411
-77.02374,38.91593
-77.02371,38.89652
-77.0237,38.90658
-77.02364,38.87837
-77.0236,38.92963
-77.02329,38.93084
-77.02322,38.93192
-77.02319,38.8963
-77.02297,38.92565
-77.0229,38.92828
-77.02287,38.92779
-77.02286,38.95652
-77.02272,38.91574
-77.02259,38.89995
-77.0225,38.897
-77.02214,38.87781
-77.02214,38.89515
-77.02212,38.91144
-77.02211,38.89901
-77.02209,38.89933
-77.02172,38.91078
-77.02171,38.9035
-77.02171,38.91066
-77.02171,38.91071
-77.02155,38.89424
-77.02145,38.90102
-77.02138,38.91541
-77.02138,38.91572
-77.02125,38.89995
-77.02013,38.91535
-77.02012,38.89708
-77.02012,38.89717
-77.02001,38.72477
-77.01924,38.89846
-77.01911,38.89952
-77.01832,38.97419
-77.01814,38.88306
-77.01727,38.90023
-77.01721,38.78392
-77.0161,38.78531
-77.01556,38.78348
-77.01545,38.78551
-77.01536,38.78566
-77.01294,39.02111
-77.01274,38.91527
-77.01271,38.91577
-77.01255,38.86909
-77.01194,38.91542
-77.01082,40.40304
-77.01065,38.89527
-77.00979,38.89717
-77.00952,38.89718
-77.00908,38.79555
-77.00873,38.79529
-77.00872,38.87486
-77.00803,38.87486
-77.00782,38.90223
-77.00764,38.87528
-77.00763,38.87514
-77.00731,38.87384
-77.00721,38.87489
-77.00679,38.8748
-77.0067,41.23855
-77.00648,38.87256
-77.00642,38.87484
-77.00585,38.88039
-77.00569,41.24034
-77.00562,38.88464
-77.0039,41.23993
-77.00312,41.24078
-77.00304,38.90444
-77.00301,41.24164
-77.00295,38.90579
-77.00284,38.89464
-77.00244,38.90548
-77.00182,41.24089
-77.00115,38.8864
-77.00086,38.91387
-77.0007,38.8751
-77.00035,38.87428
-76.99993,38.92167
-76.99973,38.90006
-76.99954,38.90788
-76.99883,38.90793
-76.99868,38.90902
-76.99805,38.90724
-76.99773,38.91071
-76.99771,38.90954
-76.99771,38.92175
-76.99745,38.90858
-76.99717,38.90823
-76.99632,38.84719
-76.99596,38.88527
-76.99576,38.88577
-76.99564,38.90003
-76.99557,38.92358
-76.99528,38.87783
-76.99475,38.92593
-76.99447,38.88222
-76.9942,38.90035
-76.99417,39.57322
-76.99359,38.90657
-76.99206,38.9
-76.99171,38.9
-76.9912,38.90036
-76.99102,38.90037
-76.98987,38.90036
-76.98903,38.90036
-76.98892,38.90036
-76.98883,38.90036
-76.98718,38.89949
-76.98707,38.90002
-76.98699,38.90004
-76.98684,39.26421
-76.98659,38.90004
-76.98598,38.90037
-76.98578,38.90037
-76.98528,38.91531
-76.9844,38.88017
-76.98393,38.91409
-76.98363,38.91466
-76.98352,42.86779
-76.98352,42.86786
-76.98346,38.91472
-76.98306,39.80136
-76.98156,39.79968
-76.98131,38.91485
-76.9806,38.90391
-76.97832,38.52856
-76.97694,38.88489
-76.97581,38.52887
-76.97455,39.83081
-76.97389,38.91925
-76.97373,38.93054
-76.97251,44.01488
-76.9724,38.9199
-76.97132,40.2885
-76.96945,39.36607
-76.96441,40.45589
-76.95756,39.17971
-76.95283,38.96872
-76.94972,44.24788
-76.94606,40.23857
-76.9456,38.94674
-76.94489,40.34164
-76.94315,39.40373
-76.94035,38.95256
-76.93644,38.96992
-76.93534,38.98712
-76.93455,38.99087
-76.92772,39.89257
-76.92302,40.33645
-76.9208,40.23993
-76.89331,40.25861
-76.89135,40.26871
-76.89123,40.27138
-76.89011,40.27186
-76.89006,39.30736
-76.88979,39.30732
-76.88966,40.26943
-76.88855,40.26892
-76.88827,40.26989
-76.8882,40.26789
-76.88608,40.26544
-76.88599,40.26533
-76.8855,40.26705
-76.88525,40.26713
-76.88489,40.26147
-76.88476,40.26171
-76.88467,40.26164
-76.88436,40.26107
-76.88427,40.2614
-76.88414,40.26095
-76.88377,40.26122
-76.8837,40.26128
-76.88301,40.26052
-76.87974,40.26109
-76.87864,40.26147
-76.87658,40.96959
-76.86671,41.64602
-76.86562,41.02014
-76.86531,40.13486
-76.86531,41.08859
-76.8653,39.1694
-76.86419,42.90446
-76.86389,40.22703
-76.86381,39.28066
-76.86318,39.20643
-76.86192,41.08264
-76.86181,40.80059
-76.8606,37.90227
-76.85698,39.28145
-76.85157,41.0447
-76.84393,39.10323
-76.84369,39.18653
-76.83934,40.28679
-76.83693,39.17696
-76.83443,38.09371
-76.83404,40.25897
-76.82531,42.12884
-76.82517,39.18585
-76.82222,42.16739
-76.82172,42.16742
-76.8207,39.18738
-76.81906,39.19096
-76.81491,39.1902
-76.81151,42.1324
-76.80792,42.08762
-76.80772,42.08736
-76.80649,39.28631
-76.79581,40.2259
-76.7897,42.33655
-76.78166,39.40644
-76.77707,39.09076
-76.77155,39.85447
-76.7689,40.34943
-76.75878,40.26626
-76.75629,37.9598
-76.7468,39.98479
-76.74639,39.09958
-76.74249,34.72629
-76.74063,37.27918
-76.73574,40.19683
-76.73288,37.32108
-76.73187,39.98106
-76.72966,40.20052
-76.72961,39.96203
-76.72956,39.96642
-76.72955,38.82407
-76.72864,39.96454
-76.72792,38.32622
-76.72699,39.15695
-76.72263,37.28883
-76.71743,41.25018
-76.71262,37.27398
-76.71233,37.27396
-76.70855,38.9567
-76.70672,37.27115
-76.70663,43.31605
-76.70601,37.27119
-76.69924,39.94084
-76.69376,39.09754
-76.68948,39.92971
-76.68937,40.66035
-76.68935,39.92974
-76.68914,44.76926
-76.68749,39.02696
-76.6758,39.23208
-76.67358,39.18109
-76.67193,39.17988
-76.67014,40.09031
-76.66757,39.18139
-76.66542,34.71795
-76.66539,34.71748
-76.66039,42.54175
-76.65955,38.72049
-76.65555,40.28757
-76.65451,39.26503
-76.65256,39.2668
-76.65047,39.28093
-76.64861,40.98655
-76.648,39.3665
-76.6476,37.23603
-76.64691,37.23094
-76.64503,39.33652
-76.64404,39.33599
-76.64387,39.3358
-76.64253,39.28847
-76.64196,39.28341
-76.64116,39.45312
-76.63909,38.29295
-76.63653,34.73068
-76.6363,38.29317
-76.63523,40.95982
-76.63438,39.33094
-76.63404,39.33134
-76.63377,39.28588
-76.63341,39.33098
-76.63287,39.33119
-76.63203,39.331
-76.63179,39.1457
-76.63148,39.28302
-76.63135,36.98231
-76.62946,39.32856
-76.62926,39.33133
-76.62401,39.32141
-76.62261,39.31962
-76.6226,39.28565
-76.62214,39.32167
-76.62208,39.31518
-76.62125,39.28944
-76.62084,39.29025
-76.62031,39.28558
-76.61964,39.30679
-76.61938,39.29472
-76.61875,39.29602
-76.61838,39.3114
-76.61838,40.96118
-76.61829,39.31376
-76.61762,40.00201
-76.61671,39.3095
-76.61665,39.31048
-76.61604,39.29867
-76.61602,39.30514
-76.61597,39.30751
-76.61596,39.2897
-76.61571,39.32615
-76.61567,39.30004
-76.61552,39.29344
-76.61516,39.31769
-76.61498,39.27057
-76.61461,39.2788
-76.61453,39.27729
-76.61447,39.2763
-76.61447,39.27642
-76.61424,39.27692
-76.6142,39.27623
-76.614,39.28497
-76.61368,39.27698
-76.61357,39.27149
-76.61348,39.27674
-76.61334,39.28825
-76.61309,39.27678
-76.61298,39.28836
-76.61264,39.90073
-76.61244,39.28917
-76.61185,39.18103
-76.6117,39.27174
-76.61157,39.26965
-76.61142,41.23062
-76.61069,39.32461
-76.61055,39.32419
-76.61048,39.30402
-76.61016,39.35816
-76.60991,39.27268
-76.60955,39.32752
-76.60951,40.95651
-76.60948,39.28965
-76.60938,39.34426
-76.60936,39.28965
-76.6093,39.32962
-76.60922,39.15691
-76.60741,39.27298
-76.6074,41.77982
-76.60539,40.96591
-76.60468,39.27296
-76.60418,39.27748
-76.60402,39.27243
-76.60399,39.40043
-76.60349,39.40182
-76.60319,39.40041
-76.60252,39.40128
-76.60247,39.3996
-76.60244,39.3997
-76.60221,39.2718
-76.60213,39.4007
-76.60207,39.40101
-76.60138,39.40101
-76.6003,39.26842
-76.59904,39.28651
-76.59893,39.27095
-76.59878,39.4048
-76.59677,39.27019
-76.59576,40.30703
-76.59508,39.28463
-76.59488,39.28111
-76.59477,39.28119
-76.59447,39.12802
-76.59432,39.27044
-76.59413,39.28151
-76.59358,39.28324
-76.59358,39.28329
-76.59358,39.28334
-76.59356,39.28156
-76.59305,39.28301
-76.59305,39.28306
-76.59303,39.28264
-76.59269,39.28199
-76.59259,39.28367
-76.59256,39.28201
-76.59248,39.28202
-76.59234,39.28267
-76.59222,39.28202
-76.59209,39.28146
-76.59208,39.27305
-76.59155,39.28201
-76.59132,39.28203
-76.59112,39.26822
-76.59101,39.28206
-76.59096,39.28144
-76.59095,39.28125
-76.59088,39.26813
-76.59,39.28656
-76.58841,39.22617
-76.58831,39.22504
-76.5878,39.28593
-76.58769,40.7802
-76.58731,39.28779
-76.58722,39.22635
-76.58689,39.22448
-76.58684,39.28495
-76.58674,39.22296
-76.58647,39.18366
-76.58601,39.1837
-76.58585,39.28815
-76.58531,39.28379
-76.58365,36.72824
-76.58311,40.81105
-76.58191,39.00234
-76.58123,39.28493
-76.58045,39.28318
-76.57977,39.28421
-76.5793,39.28399
-76.57909,39.2771
-76.57892,39.28221
-76.57852,39.28199
-76.57801,39.28122
-76.5776,39.5693
-76.57717,39.28306
-76.5766,39.28612
-76.57601,39.2799
-76.57588,39.27991
-76.57557,39.28042
-76.57552,39.05005
-76.57529,39.28044
-76.57511,39.28044
-76.57482,39.28045
-76.57459,39.27998
-76.57445,39.2852
-76.57417,39.28544
-76.57385,39.28048
-76.57332,39.28321
-76.57332,39.33862
-76.57302,44.2382
-76.5726,39.33949
-76.5713,39.28634
-76.57097,39.28023
-76.56968,39.28435
-76.56954,39.28233
-76.56937,44.23663
-76.569,40.78522
-76.56831,44.24096
-76.56824,42.93177
-76.56807,39.28399
-76.56756,39.28062
-76.56754,44.27214
-76.56703,39.28773
-76.56674,39.28346
-76.56606,40.7892
-76.5657,39.32775
-76.56546,39.28759
-76.56508,42.18734
-76.56506,39.28681
-76.5647,39.2914
-76.56419,40.78738
-76.56413,39.27686
-76.56344,39.39629
-76.56274,39.39299
-76.56259,39.39307
-76.56229,40.05576
-76.56208,40.78972
-76.55891,40.78647
-76.55873,40.78423
-76.55816,39.28685
-76.55799,38.9343
-76.55732,39.28893
-76.55695,40.05569
-76.55578,40.05515
-76.55562,39.28696
-76.5551,39.28698
-76.55404,40.05559
-76.55239,40.05595
-76.54988,40.69913
-76.54938,40.78439
-76.54733,39.3683
-76.54597,40.78874
-76.54524,39.37072
-76.54457,39.28763
-76.54424,40.0582
-76.54387,39.37289
-76.54373,39.37311
-76.54325,39.37365
-76.54257,39.389
-76.54253,39.37439
-76.54124,40.43801
-76.54061,39.12733
-76.54051,39.32488
-76.53925,40.59107
-76.53859,39.37916
-76.53556,37.1288
-76.53463,39.27254
-76.5344,38.16556
-76.53428,37.13007
-76.53398,39.12505
-76.53212,39.35375
-76.53085,39.26367
-76.52945,39.16742
-76.52877,40.02617
-76.52809,39.35726
-76.52805,37.12279
-76.5275,42.00259
-76.52654,39.2706
-76.52374,38.30322
-76.5233,39.27278
-76.52303,38.23966
-76.52159,41.94638
-76.51851,39.26655
-76.51845,38.2245
-76.51593,39.12933
-76.51278,41.9824
-76.50972,42.43883
-76.50958,38.96094
-76.5064,38.47338
-76.50509,40.78945
-76.5036,40.03258
-76.50255,38.23774
-76.5024,39.26998
-76.49959,42.43963
-76.4992,42.4394
-76.49789,40.65137
-76.49703,42.4407
-76.49667,40.82166
-76.49537,38.29131
-76.49505,44.22847
-76.49499,42.43969
-76.49482,42.45228
-76.49479,38.97824
-76.49453,39.28436
-76.49368,44.22667
-76.49337,38.97807
-76.49319,42.43962
-76.49262,44.23348
-76.49183,38.97811
-76.4911,44.22778
-76.49087,38.97787
-76.49082,38.97786
-76.49069,38.97785
-76.49006,44.23265
-76.48979,38.97976
-76.48894,44.23208
-76.48871,37.08378
-76.48855,39.39302
-76.48812,44.23257
-76.4873,42.44199
-76.48719,38.97713
-76.48628,38.946
-76.48544,44.23284
-76.48495,44.23207
-76.4838,44.23096
-76.4821,44.23201
-76.48163,44.23128
-76.48163,44.23131
-76.48125,44.22922
-76.48087,44.23094
-76.48079,44.22943
-76.48072,44.22942
-76.48068,42.4801
-76.48067,44.229
-76.48061,44.23165
-76.48024,38.96915
-76.47964,39.30663
-76.47909,44.23309
-76.47811,37.08168
-76.47782,42.4795
-76.47667,39.30848
-76.47616,39.39663
-76.47484,40.79499
-76.47471,39.30906
-76.47405,40.79267
-76.47171,37.09086
-76.46664,39.41008
-76.46654,40.79368
-76.46609,36.18989
-76.46526,39.37115
-76.4645,39.37139
-76.46284,40.81724
-76.4623,39.25686
-76.46188,38.32659
-76.46056,40.95206
-76.457,37.14662
-76.4568,41.00291
-76.45642,39.23508
-76.45605,38.31948
-76.45571,41.00369
-76.45467,41.00386
-76.45372,39.31029
-76.4485,39.73263
-76.44786,39.31158
-76.44629,39.32482
-76.44485,39.33473
-76.44358,39.30665
-76.44355,39.33166
-76.44255,41.74838
-76.43348,38.37441
-76.43317,42.94758
-76.4309,38.21985
-76.4293,42.94598
-76.42767,40.79967
-76.42757,39.28242
-76.42014,36.82308
-76.41726,40.79498
-76.4144,39.33478
-76.41278,39.3347
-76.41213,40.79385
-76.41202,40.79347
-76.41186,40.79364
-76.41134,39.36714
-76.40946,40.79516
-76.40886,39.33668
-76.40848,40.80077
-76.40076,39.35268
-76.39483,39.32925
-76.3938,37.0435
-76.39303,37.10926
-76.39283,37.03611
-76.39251,37.12118
-76.39216,37.04512
-76.39039,40.62855
-76.38163,37.7109
-76.36814,39.66407
-76.36814,42.59053
-76.36441,36.81195
-76.35857,39.56871
-76.34654,39.53343
-76.34551,37.03125
-76.34383,37.0259
-76.34358,37.02601
-76.34132,37.0245
-76.34079,40.75084
-76.3374,40.78301
-76.33262,43.1592
-76.33008,40.78384
-76.32646,39.49809
-76.32554,39.69826
-76.32133,37.01797
-76.31881,40.05068
-76.31841,36.77255
-76.31814,36.95089
-76.31555,40.04362
-76.31424,40.06638
-76.31182,40.04673
-76.30873,40.04232
-76.30774,37.03112
-76.3073,40.15808
-76.30691,40.15654
-76.30686,40.03797
-76.30686,40.03839
-76.30683,40.03871
-76.30663,40.15697
-76.30661,41.04384
-76.3059,40.03827
-76.30501,40.04029
-76.30455,40.03801
-76.30424,40.03799
-76.30164,36.87875
-76.30016,43.22952
-76.30005,40.04195
-76.29838,40.04381
-76.2979,36.86764
-76.29708,41.73115
-76.29523,36.88256
-76.29241,36.84651
-76.29202,36.84635
-76.29192,36.84692
-76.29148,36.84447
-76.29147,36.84461
-76.29146,36.84836
-76.29104,36.84914
-76.29089,36.84422
-76.29083,36.84435
-76.29069,36.84915
-76.29064,36.84415
-76.2906,36.84433
-76.29,36.85055
-76.28922,36.85212
-76.28884,36.85265
-76.28802,36.85708
-76.28693,40.79278
-76.28466,40.79406
-76.2846,40.79407
-76.28377,40.79351
-76.28376,40.793
-76.28315,40.79172
-76.28029,40.67228
-76.27583,43.11603
-76.27315,39.6319
-76.26596,36.77838
-76.26571,40.69227
-76.26179,40.68485
-76.26169,40.69402
-76.26095,40.69023
-76.26065,40.69087
-76.2606,43.05282
-76.25897,40.69046
-76.25789,40.69094
-76.25369,44.90157
-76.253,40.69184
-76.25217,44.90077
-76.25201,44.90163
-76.25031,44.90016
-76.24985,44.90043
-76.24546,36.94252
-76.2423,40.79481
-76.24088,36.76833
-76.23779,36.79149
-76.2345,40.78576
-76.23307,36.91009
-76.23292,36.7755
-76.22969,43.1518
-76.22849,40.7801
-76.22725,40.78454
-76.22715,36.82043
-76.22653,40.78477
-76.22434,38.78695
-76.22386,38.78384
-76.22093,36.30089
-76.21883,40.02916
-76.21602,40.67833
-76.20843,40.81949
-76.20548,40.69168
-76.20272,40.81737
-76.20251,40.82221
-76.20247,40.82043
-76.20185,40.69279
-76.20126,40.19622
-76.20067,40.81918
-76.19861,40.69318
-76.19838,40.69098
-76.19813,40.69052
-76.19793,40.68931
-76.19753,40.68279
-76.19641,40.68561
-76.19637,40.68503
-76.19604,40.82138
-76.19571,40.6862
-76.19526,40.62981
-76.19515,40.82168
-76.19497,40.86489
-76.19472,40.0871
-76.19464,40.68547
-76.19314,45.22741
-76.19218,36.92825
-76.19171,43.04839
-76.19027,43.0465
-76.18949,40.71798
-76.18903,39.52036
-76.18877,40.71701
-76.18853,43.03318
-76.18844,40.71873
-76.18833,36.71556
-76.18712,36.71727
-76.18681,40.67276
-76.18613,40.71942
-76.18599,40.67256
-76.18548,42.58993
-76.18306,40.71378
-76.1806,42.59799
-76.18049,42.59661
-76.18034,42.59652
-76.17997,42.59804
-76.1789,42.59994
-76.17771,39.98267
-76.17657,40.17837
-76.17571,43.6882
-76.17393,40.68687
-76.17354,40.78881
-76.1735,40.62821
-76.17249,40.62941
-76.17194,43.0405
-76.17064,43.13574
-76.16941,40.69609
-76.16903,36.87194
-76.16597,40.7032
-76.16589,40.69347
-76.16521,40.69551
-76.16429,44.32789
-76.16213,44.33006
-76.1611,43.07563
-76.16105,43.01897
-76.16065,44.33057
-76.15849,44.32597
-76.1566,43.08096
-76.1564,45.14159
-76.15576,43.04863
-76.15342,43.04812
-76.1534,43.04755
-76.15252,43.05948
-76.15183,43.66063
-76.15132,43.05068
-76.15115,43.05011
-76.14881,40.81126
-76.14869,40.81079
-76.14864,45.14137
-76.14544,43.06076
-76.14499,45.1392
-76.14353,45.13804
-76.14344,40.81227
-76.14299,43.00278
-76.14294,45.13725
-76.14291,40.81268
-76.14283,40.81239
-76.14249,40.81245
-76.1421,45.13713
-76.14115,43.0082
-76.14088,43.24584
-76.14054,40.81283
-76.14041,41.14144
-76.14037,40.81287
-76.14021,43.07232
-76.13995,40.81322
-76.13956,43.07216
-76.13678,43.04254
-76.13646,43.04193
-76.13572,40.65532
-76.13528,40.81253
-76.13461,36.84282
-76.13251,39.54237
-76.13156,36.8423
-76.13149,41.99004
-76.12924,36.84678
-76.12923,40.81366
-76.12339,43.0581
-76.12308,43.07973
-76.11982,43.78369
-76.11916,43.04102
-76.11896,40.72226
-76.11679,40.26655
-76.11635,40.71967
-76.11527,40.78538
-76.11475,43.08068
-76.11042,36.83908
-76.09808,43.07011
-76.0958,43.06953
-76.09021,40.83896
-76.08857,36.77561
-76.08686,36.80248
-76.08659,40.72918
-76.08568,43.64427
-76.0788,43.06547
-76.07757,41.1728
-76.07746,38.57023
-76.0742,36.91021
-76.07241,40.23707
-76.07205,42.10966
-76.06893,36.84469
-76.06871,43.03512
-76.06529,42.09969
-76.06001,40.62262
-76.04687,38.56224
-76.0334,45.15664
-76.01999,37.26722
-76.01971,40.94329
-76.01773,40.9822
-76.01621,37.26766
-76.00984,41.16081
-76.00852,41.199
-76.00818,36.7573
-76.00498,41.18538
-76.00495,41.20118
-76.00197,43.07377
-76.00159,41.19966
-75.99886,40.68603
-75.99872,36.78317
-75.99842,39.96318
-75.99841,41.20001
-75.99729,41.20692
-75.9969,40.89334
-75.99514,40.90214
-75.9935,40.9022
-75.99346,40.90399
-75.99276,40.82247
-75.99206,41.19948
-75.98669,41.18539
-75.9843,36.39713
-75.98156,36.85898
-75.97892,43.00144
-75.97622,36.85101
-75.97582,36.85003
-75.97562,36.84974
-75.97561,36.84969
-75.97545,39.78742
-75.97412,39.78821
-75.96973,40.80038
-75.96931,40.79777
-75.96859,40.79852
-75.96441,40.91508
-75.96291,40.99408
-75.96154,40.8033
-75.95837,45.27295
-75.95551,41.33406
-75.95405,41.195
-75.95362,39.98497
-75.95135,40.31107
-75.95005,42.09925
-75.94228,41.22284
-75.94145,41.2211
-75.94119,40.31497
-75.94068,40.924
-75.94042,45.16473
-75.93918,41.22368
-75.93692,41.23215
-75.93598,41.19551
-75.93363,44.3784
-75.93362,40.36101
-75.9327,41.22686
-75.93174,41.12025
-75.92763,41.23601
-75.92182,43.97649
-75.91977,41.22676
-75.9185,41.22392
-75.91846,44.3366
-75.91774,43.98141
-75.91757,44.33596
-75.91517,41.22815
-75.91517,41.23104
-75.91467,42.08983
-75.91381,43.9786
-75.91372,42.09887
-75.91356,41.22951
-75.91356,42.10094
-75.91343,40.09558
-75.91288,42.10095
-75.91174,42.1019
-75.91174,43.97463
-75.91117,42.09884
-75.90978,45.29723
-75.90875,43.97372
-75.9085,43.97493
-75.90848,41.23487
-75.90695,41.12801
-75.90673,41.24278
-75.90614,43.9736
-75.90436,40.32823
-75.90242,41.23169
-75.90224,43.9725
-75.90217,43.97249
-75.90196,41.23783
-75.90189,43.93111
-75.90184,43.97675
-75.90144,43.97688
-75.90097,41.21162
-75.89962,41.21403
-75.89857,41.27786
-75.89795,41.23248
-75.89792,41.2782
-75.89767,41.23283
-75.8966,41.22001
-75.89561,41.22795
-75.89555,41.28364
-75.8952,41.22799
-75.88932,41.24193
-75.88904,41.24207
-75.88874,41.2215
-75.88844,40.83038
-75.88808,41.23111
-75.88513,45.29952
-75.88264,41.22977
-75.88261,41.1781
-75.87868,41.24732
-75.87725,41.23683
-75.87719,41.23643
-75.87696,41.24843
-75.87552,41.24773
-75.87521,39.82252
-75.87462,41.24643
-75.8742,41.23424
-75.87414,41.23388
-75.8703,41.24884
-75.86972,41.25563
-75.8696,41.22279
-75.86938,41.24627
-75.86883,41.24591
-75.86612,41.2479
-75.86561,41.25611
-75.8639,41.25798
-75.86388,41.24692
-75.86312,41.25256
-75.86254,41.26867
-75.86236,41.2689
-75.86202,41.24746
-75.86027,41.25875
-75.86003,41.25863
-75.85785,41.25703
-75.85737,41.27699
-75.85054,41.27377
-75.84928,41.27499
-75.84867,41.25485
-75.848,41.25992
-75.84566,41.25905
-75.84523,41.26616
-75.84454,41.25861
-75.84387,41.27029
-75.84165,41.2702
-75.83675,41.31233
-75.83675,44.91589
-75.83167,41.26737
-75.83112,41.31602
-75.82946,39.60799
-75.82287,41.26917
-75.82238,41.26897
-75.82205,41.26942
-75.82131,41.26923
-75.81886,36.32636
-75.81731,41.32139
-75.81536,40.86291
-75.81136,39.76871
-75.8087,40.86541
-75.80846,42.39582
-75.80055,44.29777
-75.79706,44.21585
-75.79418,40.80385
-75.78269,41.56438
-75.77824,40.51656
-75.77782,40.51601
-75.77585,42.32367
-75.76215,39.67726
-75.75954,40.26681
-75.75737,41.06488
-75.75715,41.03823
-75.74956,39.68345
-75.74921,39.68348
-75.74895,41.32094
-75.74857,37.7126
-75.742,40.86462
-75.74003,40.8638
-75.73931,40.86357
-75.73422,40.87095
-75.7332,40.87472
-75.72334,39.64352
-75.71675,40.25286
-75.71328,39.84611
-75.71081,39.71883
-75.71075,40.82741
-75.71062,39.69667
-75.71044,39.71844
-75.7103,40.82885
-75.7099,39.84672
-75.7096,39.77497
-75.70866,40.8354
-75.70861,40.83463
-75.70179,40.50426
-75.70175,41.37263
-75.70079,40.50339
-75.70072,40.82979
-75.70035,40.83336
-75.6926,39.743
-75.69003,44.58777
-75.68835,44.58748
-75.68634,41.40333
-75.68498,44.5893
-75.68475,44.58971
-75.68473,44.58917
-75.68405,44.58921
-75.68374,39.86371
-75.6827,44.59072
-75.67642,39.59609
-75.67481,39.71204
-75.67338,41.40101
-75.66761,40.84037
-75.66632,39.73253
-75.66159,41.40881
-75.66016,41.40932
-75.65881,39.68995
-75.65679,41.40777
-75.65193,40.30546
-75.65015,39.55504
-75.64939,40.24572
-75.64749,40.24511
-75.64738,40.24569
-75.64723,45.01703
-75.64713,41.42274
-75.64162,42.89901
-75.6382,40.79537
-75.63543,40.33199
-75.63015,40.37287
-75.62823,40.02278
-75.62684,41.47461
-75.6258,40.4755
-75.62228,40.58575
-75.62149,40.3833
-75.61961,40.37165
-75.61549,40.79932
-75.61077,39.95887
-75.61067,39.95863
-75.61056,40.24646
-75.61012,40.80146
-75.6076,39.95958
-75.60757,39.95935
-75.6073,39.95948
-75.6069,39.95963
-75.60566,39.96019
-75.60349,39.9614
-75.60294,38.34514
-75.60253,38.3654
-75.60247,38.34988
-75.60246,39.96073
-75.60233,40.50883
-75.60054,38.36605
-75.60036,40.80535
-75.59939,41.10017
-75.59888,39.78042
-75.59878,39.78032
-75.59852,42.44217
-75.59742,38.36581
-75.59556,38.66466
-75.59056,41.06098
-75.59047,39.28042
-75.58957,43.11575
-75.58872,40.40019
-75.58801,39.94866
-75.58516,40.2921
-75.58487,41.0516
-75.58425,40.35088
-75.57703,39.51662
-75.56695,40.56456
-75.56052,39.73342
-75.56048,40.17726
-75.55584,38.4569
-75.55518,40.03525
-75.55358,40.89288
-75.54979,40.12892
-75.54898,39.74408
-75.54774,40.14054
-75.54766,39.8009
-75.54757,40.13093
-75.54729,40.17932
-75.545,41.52541
-75.54459,39.88069
-75.54429,42.82655
-75.54296,40.03987
-75.5385,40.75475
-75.53577,40.14016
-75.53308,40.42723
-75.52782,41.71644
-75.5266,40.05343
-75.52266,40.83263
-75.52029,39.15947
-75.52025,40.81092
-75.5178,40.13365
-75.51723,40.13376
-75.51609,40.13406
-75.51597,40.13407
-75.51431,44.70963
-75.5136,44.70899
-75.51281,44.71024
-75.5125,40.13414
-75.51152,40.13456
-75.51122,40.13494
-75.51029,40.52744
-75.50836,40.6939
-75.50717,39.8166
-75.50646,39.80486
-75.5046,40.74889
-75.5042,41.57316
-75.50414,41.57102
-75.50363,35.35273
-75.49908,39.82535
-75.49865,40.60379
-75.49854,40.90055
-75.49667,40.65471
-75.49217,40.67372
-75.48981,40.6717
-75.48738,40.62581
-75.48556,40.60583
-75.48355,40.60363
-75.47902,40.61908
-75.47886,40.60806
-75.47832,40.61119
-75.47759,41.00935
-75.47571,40.19843
-75.47543,40.61047
-75.47513,40.60907
-75.4735,40.6048
-75.47323,40.60197
-75.47148,40.60265
-75.46925,40.60934
-75.46893,44.33458
-75.46876,40.61403
-75.46023,40.61133
-75.4601,40.61555
-75.45876,42.56115
-75.45673,40.27551
-75.45445,44.71412
-75.45343,40.22469
-75.45259,40.62023
-75.45028,40.60794
-75.44847,40.84795
-75.44831,39.82151
-75.44161,40.62496
-75.44101,40.04812
-75.43968,40.62845
-75.43829,39.97672
-75.43724,40.04806
-75.43511,40.65265
-75.43355,40.61803
-75.43265,39.82891
-75.4315,40.61983
-75.43101,39.88406
-75.42783,40.62108
-75.42721,42.99418
-75.42703,40.65764
-75.42633,39.86745
-75.42633,40.64316
-75.42004,41.18332
-75.41748,39.82063
-75.41626,40.09696
-75.41574,40.09658
-75.41376,39.81502
-75.41089,40.55908
-75.40981,40.62399
-75.39729,40.22306
-75.39537,39.83345
-75.39381,39.84484
-75.3938,38.17766
-75.39211,39.83114
-75.39155,39.83262
-75.39111,39.83165
-75.39007,39.83095
-75.38808,40.60643
-75.38803,40.04538
-75.38797,39.91782
-75.38527,43.04202
-75.38362,40.60992
-75.38235,40.62228
-75.38226,40.62024
-75.38222,40.621
-75.38188,40.61985
-75.38156,40.62136
-75.38132,40.61149
-75.38081,40.62218
-75.37934,43.04834
-75.37891,40.62244
-75.37882,40.61032
-75.37816,40.62443
-75.37815,40.61035
-75.37809,40.61056
-75.37725,40.61073
-75.37573,40.61214
-75.37536,40.63115
-75.37531,39.84498
-75.37407,40.6122
-75.37369,40.61412
-75.37263,39.84895
-75.37215,40.35173
-75.37068,40.62395
-75.37052,40.61077
-75.36997,39.8461
-75.36756,40.61409
-75.36687,39.86374
-75.36559,39.846
-75.36494,39.85109
-75.36361,39.84442
-75.3612,39.84824
-75.36054,39.85673
-75.36051,37.93215
-75.36031,39.84869
-75.36001,40.6157
-75.35953,40.61447
-75.35738,45.25734
-75.35737,40.61459
-75.35709,40.61531
-75.35526,40.6114
-75.35516,39.90411
-75.35465,39.85298
-75.35228,39.85491
-75.35067,39.86313
-75.3501,39.93702
-75.34847,39.85037
-75.34801,39.85082
-75.34797,40.11966
-75.34774,39.85135
-75.34758,40.47551
-75.34754,41.05134
-75.34715,40.74139
-75.34619,40.64582
-75.3456,40.6442
-75.3456,41.05259
-75.34497,40.10839
-75.34486,40.25401
-75.3415,40.5871
-75.34096,40.5789
-75.34062,40.11322
-75.3382,41.01467
-75.33738,40.02544
-75.33735,39.64597
-75.33559,40.1047
-75.33476,40.24208
-75.33252,43.15756
-75.32281,43.08213
-75.32257,40.46572
-75.32222,39.87887
-75.32219,39.87891
-75.32172,40.74083
-75.32153,41.11344
-75.32121,41.11317
-75.32098,41.11288
-75.32029,40.0226
-75.32029,40.46997
-75.31941,41.95471
-75.31753,40.93159
-75.31685,40.14623
-75.31606,40.93338
-75.31582,40.26738
-75.31287,40.37456
-75.31269,39.89892
-75.31206,40.73809
-75.31178,40.74111
-75.30975,40.74073
-75.30733,40.2904
-75.30675,39.94844
-75.30621,39.94884
-75.30592,40.07464
-75.30535,40.3534
-75.30355,40.24054
-75.30242,39.86001
-75.3021,45.26929
-75.29664,40.37366
-75.29233,40.0087
-75.29192,40.85061
-75.29125,43.12285
-75.29122,40.00746
-75.29039,40.00693
-75.28989,40.00716
-75.28898,41.93974
-75.28896,40.23546
-75.28034,40.03757
-75.27638,40.21014
-75.27409,40.29291
-75.27365,40.46812
-75.2712,40.76348
-75.27069,41.17299
-75.26637,40.2871
-75.26276,39.95282
-75.26246,39.95047
-75.26216,43.08638
-75.25629,41.57377
-75.2549,40.26726
-75.25471,41.57028
-75.25203,39.87296
-75.24845,41.28183
-75.24756,39.87359
-75.24671,39.87477
-75.24387,39.87382
-75.24386,39.913
-75.24374,39.87451
-75.24374,43.10368
-75.24348,39.87402
-75.2433,39.91103
-75.24024,40.0693
-75.23973,39.8776
-75.23854,39.92439
-75.23823,40.67726
-75.23817,39.8755
-75.23709,39.88059
-75.23619,39.91358
-75.23559,39.92684
-75.23385,39.43165
-75.23311,39.92437
-75.23197,44.46644
-75.23194,38.45845
-75.23129,39.93361
-75.23073,39.92792
-75.2299,45.10134
-75.2296,39.93185
-75.22853,40.00009
-75.22648,40.04239
-75.22613,40.02658
-75.22553,40.02633
-75.22496,40.02666
-75.22435,40.15466
-75.2241,40.1538
-75.22404,40.15352
-75.22396,39.44178
-75.22315,40.02569
-75.22302,40.02512
-75.22299,40.74028
-75.22283,39.94776
-75.2228,40.02524
-75.22221,40.02501
-75.22221,40.02557
-75.22192,40.0249
-75.22158,40.02475
-75.22119,40.02459
-75.22115,40.71796
-75.22112,40.02454
-75.22109,39.95926
-75.22059,40.02411
-75.22017,40.02379
-75.2196,41.29668
-75.21935,38.3255
-75.21923,39.44952
-75.21899,40.02256
-75.21882,39.44981
-75.21858,40.02747
-75.21756,40.12302
-75.21746,40.68898
-75.2173,39.94836
-75.2164,43.14255
-75.21595,40.02159
-75.21576,40.03411
-75.21553,40.02632
-75.21507,40.00117
-75.21446,40.02274
-75.21369,40.15832
-75.21348,39.4542
-75.21295,40.0254
-75.21287,40.01864
-75.21244,40.02042
-75.21225,43.15127
-75.21106,40.69152
-75.21068,41.31248
-75.21058,40.01708
-75.21038,39.95281
-75.2086,40.69077
-75.20841,40.69079
-75.20824,40.6908
-75.20787,40.03139
-75.20729,39.94831
-75.20673,40.0293
-75.2059,40.69153
-75.20283,39.95374
-75.20269,40.07416
-75.2025,39.95707
-75.20245,40.6909
-75.20223,40.37178
-75.20085,40.01368
-75.20084,40.07098
-75.19849,44.66472
-75.19679,40.06795
-75.19644,38.63368
-75.19579,39.95375
-75.19519,40.98527
-75.19445,40.69121
-75.19425,39.95639
-75.1942,40.05393
-75.19384,40.00924
-75.19384,40.98563
-75.19368,40.98568
-75.19331,40.98537
-75.19263,40.98644
-75.19082,40.05974
-75.19073,40.05961
-75.19066,39.9358
-75.19065,40.98642
-75.19007,39.93834
-75.18945,40.59479
-75.18942,40.01091
-75.1889,40.97941
-75.18421,39.95517
-75.1842,39.85834
-75.18371,39.95275
-75.18348,40.997
-75.18303,40.99537
-75.18197,40.99828
-75.18195,40.99788
-75.18085,39.97435
-75.18018,39.97428
-75.18008,39.95155
-75.17968,39.94509
-75.17945,39.94177
-75.17915,40.68141
-75.17902,39.97384
-75.17839,39.93916
-75.17746,40.68138
-75.17686,39.94514
-75.17639,39.91251
-75.17578,39.91524
-75.17565,39.95374
-75.17552,39.95242
-75.17515,39.95313
-75.17489,39.95212
-75.17477,39.91159
-75.17438,41.01446
-75.17402,39.95067
-75.17399,39.96183
-75.17321,39.95003
-75.17311,39.92626
-75.17305,39.95
-75.17239,39.96533
-75.17223,39.95202
-75.17222,39.93599
-75.17181,39.93085
-75.17053,39.95139
-75.16963,39.9604
-75.16962,39.90427
-75.16957,39.94947
-75.16947,39.90444
-75.16829,39.95225
-75.16826,39.94732
-75.16808,39.94769
-75.16803,39.9557
-75.16748,39.94397
-75.16748,39.95061
-75.16703,39.92715
-75.1668,39.95035
-75.16676,39.95443
-75.16665,39.94732
-75.16653,39.9477
-75.16636,39.94833
-75.16511,39.92848
-75.16451,39.96303
-75.16363,39.92685
-75.16354,39.94633
-75.16333,39.93011
-75.16328,39.95068
-75.16293,39.95063
-75.16278,39.94541
-75.16274,39.95061
-75.16259,39.95061
-75.16252,39.95059
-75.16229,39.94884
-75.16204,39.92796
-75.16199,39.93581
-75.16171,40.02304
-75.16154,39.94775
-75.16144,39.9295
-75.16106,39.93227
-75.16051,39.97915
-75.16049,39.94974
-75.15987,39.92542
-75.15958,39.95172
-75.15946,39.96073
-75.15924,39.953
-75.15923,39.94808
-75.15861,39.93625
-75.15849,39.93411
-75.15774,39.94621
-75.15768,39.93905
-75.15762,39.95415
-75.15756,39.93982
-75.15744,39.95388
-75.15722,39.95385
-75.15641,40.00918
-75.15594,41.37072
-75.15555,39.9603
-75.15539,39.52802
-75.15478,39.93689
-75.15455,39.93704
-75.15189,39.94187
-75.15035,39.94168
-75.15011,39.95921
-75.15003,39.92196
-75.14973,39.92192
-75.14925,39.9417
-75.14909,39.94152
-75.14888,38.29295
-75.14759,39.94106
-75.14754,39.94118
-75.14723,39.96064
-75.14682,39.93631
-75.14597,39.94955
-75.14553,39.94106
-75.14547,39.96643
-75.14474,39.94989
-75.14461,39.94454
-75.14418,39.94849
-75.14415,39.9486
-75.14414,39.9469
-75.14411,39.94883
-75.14396,39.95378
-75.14389,39.94873
-75.14368,39.9755
-75.14355,39.9773
-75.14353,39.96986
-75.14348,39.94635
-75.14328,39.94813
-75.14321,39.96102
-75.14307,39.94818
-75.14135,39.96205
-75.14117,39.85503
-75.14094,39.96206
-75.14034,38.77534
-75.14033,39.96447
-75.14003,39.97458
-75.14002,39.96627
-75.13995,39.96281
-75.13974,39.97366
-75.13931,39.9661
-75.13714,39.97628
-75.13623,39.9962
-75.1359,38.73035
-75.13579,39.96256
-75.1357,39.96495
-75.13539,39.96564
-75.13497,39.96552
-75.13468,39.96948
-75.13456,39.96924
-75.13451,40.18834
-75.13436,38.62198
-75.1343,39.97052
-75.13426,39.96907
-75.13372,41.85046
-75.13184,39.86796
-75.13182,39.96954
-75.13062,40.30928
-75.13042,39.97846
-75.13029,40.03637
-75.12963,39.99757
-75.12913,39.94057
-75.12863,39.73197
-75.12789,39.94747
-75.12769,40.09412
-75.12689,39.74934
-75.12677,39.98251
-75.12602,39.98524
-75.12558,39.97373
-75.1231,39.98033
-75.12206,39.93848
-75.12168,39.95326
-75.12166,40.11515
-75.12148,40.22089
-75.12087,40.20159
-75.11411,39.92205
-75.11389,39.70589
-75.11364,40.1503
-75.11324,40.94728
-75.11323,39.9329
-75.10872,40.37246
-75.10866,38.5454
-75.1086,39.99284
-75.10806,39.9233
-75.10746,40.00568
-75.10744,40.00572
-75.10693,39.92761
-75.10684,39.88839
-75.10683,40.93546
-75.10333,39.93193
-75.10158,39.9445
-75.10083,40.19982
-75.1001,40.78023
-75.09944,39.98877
-75.09566,40.65656
-75.09423,38.5451
-75.09139,39.88048
-75.08965,39.92228
-75.08698,38.32823
-75.08695,40.05822
-75.08626,38.71602
-75.08605,40.18037
-75.08583,39.88067
-75.08252,38.70289
-75.0813,39.74672
-75.07798,40.05788
-75.07695,38.35327
-75.0763,38.71585
-75.0755,39.9521
-75.07483,38.69494
-75.0742,38.35753
-75.06873,40.06808
-75.06579,38.38846
-75.06522,39.95151
-75.06498,40.0527
-75.06393,38.39373
-75.06352,42.44836
-75.06193,42.45415
-75.06076,40.32456
-75.0595,38.40854
-75.05943,38.40879
-75.05775,38.42498
-75.05756,38.42538
-75.05755,39.91171
-75.05606,39.96418
-75.05534,38.43309
-75.05323,41.06625
-75.05292,39.89992
-75.05081,39.87371
-75.04492,40.16791
-75.04326,40.12313
-75.03757,40.03817
-75.02285,39.98941
-75.01143,40.21631
-75.0072,39.95467
-75.00476,40.97867
-75.00137,41.43283
-74.99987,39.69681
-74.99536,39.68661
-74.98838,44.66964
-74.98702,44.67046
-74.98701,43.02525
-74.98426,44.68524
-74.98104,40.40774
-74.97995,40.75882
-74.9774,40.75877
-74.97481,43.70934
-74.97478,41.76259
-74.97469,41.76272
-74.97005,43.71492
-74.96091,40.98291
-74.9463,40.3677
-74.93753,40.2293
-74.93473,40.01289
-74.92803,41.37187
-74.92776,42.70619
-74.92567,40.8749
-74.92474,38.93107
-74.92444,38.93135
-74.92326,38.9324
-74.92277,38.93432
-74.92066,38.93058
-74.91798,38.93316
-74.91556,41.47472
-74.9111,38.93171
-74.90996,38.94997
-74.90811,41.23572
-74.9005,40.10768
-74.89545,40.66737
-74.8937,44.93222
-74.89314,44.93321
-74.88828,44.92037
-74.87402,39.49321
-74.86609,40.13947
-74.85236,40.53018
-74.84148,39.42093
-74.82359,40.90476
-74.81534,38.99052
-74.81248,38.98813
-74.80982,38.98712
-74.80154,41.32346
-74.80129,41.25228
-74.80125,41.32363
-74.7999,38.99105
-74.79461,39.00806
-74.79336,39.00801
-74.79009,39.00357
-74.78734,41.16221
-74.78523,42.18848
-74.76587,40.21878
-74.7658,40.21993
-74.76174,40.21572
-74.76018,40.20816
-74.76018,41.85591
-74.76009,39.05398
-74.75926,40.21289
-74.75681,45.03132
-74.75625,40.20896
-74.75361,40.20864
-74.75269,40.21136
-74.75182,40.20494
-74.75139,45.03
-74.75107,40.54443
-74.75075,40.20743
-74.74966,40.30292
-74.74913,40.19896
-74.74906,40.21381
-74.74897,40.20935
-74.7488,40.21235
-74.74862,40.20343
-74.74848,40.22998
-74.74821,40.2301
-74.74749,40.21344
-74.74647,45.02368
-74.74587,40.23375
-74.74543,40.20877
-74.74512,40.20877
-74.74475,40.21069
-74.74475,40.21144
-74.74466,40.23103
-74.74443,40.20479
-74.74393,40.21665
-74.74353,40.20266
-74.74336,40.19954
-74.7428,44.55687
-74.7423,40.20652
-74.74142,40.2051
-74.74039,40.20466
-74.74038,40.21245
-74.73914,40.20805
-74.73912,40.21158
-74.73896,45.033
-74.73834,40.2002
-74.73755,40.20349
-74.73705,40.22823
-74.73523,40.20251
-74.73158,45.02912
-74.73002,40.21661
-74.72887,41.78068
-74.7287,45.01789
-74.71333,40.91097
-74.71224,40.14654
-74.7082,40.83997
-74.70415,45.01897
-74.70395,40.60698
-74.692,41.37345
-74.66126,40.23032
-74.66034,40.35062
-74.65725,43.81283
-74.65162,40.9432
-74.65155,40.35238
-74.64898,42.14831
-74.64885,41.67499
-74.64863,41.66009
-74.64849,41.67469
-74.64848,41.66026
-74.64832,41.66042
-74.64702,42.14917
-74.64604,40.50245
-74.64134,44.97038
-74.6411,44.97027
-74.64107,44.97056
-74.64003,41.03198
-74.63774,39.25828
-74.63356,40.92826
-74.62832,39.28747
-74.62319,42.93103
-74.61648,40.56976
-74.61276,40.56861
-74.61121,40.5678
-74.60968,40.5676
-74.59801,41.62572
-74.59581,40.87524
-74.59481,39.31077
-74.58738,40.54287
-74.57975,39.43123
-74.57346,40.72357
-74.57308,39.4512
-74.57187,40.90703
-74.5717,39.27501
-74.55868,39.39078
-74.54972,39.9536
-74.54026,39.61637
-74.53803,40.14746
-74.52809,40.56162
-74.52329,40.67391
-74.52194,39.39227
-74.52014,41.18398
-74.51479,40.53596
-74.5009,45.14121
-74.49981,39.42385
-74.49924,40.53755
-74.49916,39.42373
-74.49696,39.46596
-74.4928,40.57293
-74.48719,43.15743
-74.48274,40.79704
-74.48271,40.79695
-74.4827,40.79687
-74.48051,40.79543
-74.47133,39.34371
-74.46921,40.84718
-74.4561,40.49626
-74.45503,40.50099
-74.4529,40.4996
-74.44733,39.35158
-74.4473,39.3517
-74.44625,39.35378
-74.44603,39.35335
-74.44582,39.35396
-74.44578,39.35251
-74.44553,39.35346
-74.44552,39.35166
-74.44535,39.35231
-74.44519,39.35235
-74.44483,39.35225
-74.44472,39.35207
-74.44434,40.49618
-74.44421,40.49568
-74.44372,40.49497
-74.44222,39.35193
-74.44139,39.36015
-74.43873,40.14649
-74.43676,39.51845
-74.43577,39.35499
-74.43575,39.35622
-74.43559,39.35497
-74.43526,39.3557
-74.43488,39.35542
-74.43482,40.68903
-74.43474,39.35478
-74.43474,39.35507
-74.43408,39.35523
-74.434,39.35575
-74.43396,39.35526
-74.43359,39.3555
-74.43309,39.35606
-74.43305,39.35701
-74.43177,39.35609
-74.43164,39.35761
-74.43139,43.85736
-74.42883,39.38448
-74.42798,39.37977
-74.4279,39.38444
-74.42786,39.37959
-74.42721,39.37879
-74.42678,40.77992
-74.42664,39.38542
-74.42663,39.36018
-74.42661,39.36013
-74.42627,39.38439
-74.42616,40.50014
-74.42606,39.35894
-74.42221,39.35887
-74.42198,39.35807
-74.42179,39.35815
-74.42172,39.35843
-74.42134,39.35857
-74.42035,39.36068
-74.41996,39.35924
-74.41996,39.36037
-74.41922,39.35974
-74.41868,39.35965
-74.4165,39.50484
-74.41562,40.75849
-74.41001,40.90801
-74.40304,40.4641
-74.39303,40.44434
-74.39244,41.45401
-74.38721,39.39547
-74.38363,40.87527
-74.38183,40.42398
-74.38116,40.88559
-74.37349,41.26255
-74.37134,43.00679
-74.37011,45.08648
-74.368,40.51962
-74.36723,40.7151
-74.3611,40.54133
-74.36109,41.25677
-74.35805,40.71706
-74.35786,41.25925
-74.35073,43.05102
-74.35058,40.66746
-74.3423,39.64766
-74.34225,40.43004
-74.33491,42.59823
-74.3301,40.65284
-74.32474,40.65165
-74.32435,40.98825
-74.32158,43.05358
-74.31871,40.86176
-74.30738,42.06285
-74.30572,40.65608
-74.30366,40.65443
-74.30255,40.72105
-74.30229,40.24137
-74.29793,42.94678
-74.29632,40.87263
-74.28237,40.6588
-74.2815,44.84966
-74.27991,40.65975
-74.27775,40.73101
-74.27745,40.73111
-74.27716,40.66118
-74.27553,42.04589
-74.27407,40.23398
-74.27058,40.69535
-74.26982,40.02186
-74.25148,40.95003
-74.25129,42.30676
-74.25089,42.30736
-74.24417,40.88324
-74.24161,40.53956
-74.24003,40.72493
-74.23714,40.53843
-74.23522,40.9246
-74.23199,40.77129
-74.23034,40.91896
-74.22902,40.85361
-74.22813,40.9642
-74.22613,41.53064
-74.21865,39.59226
-74.21835,40.81617
-74.21768,40.55404
-74.21631,40.52325
-74.21335,40.64379
-74.21197,40.64456
-74.20784,42.2081
-74.20428,40.43728
-74.2021,40.43743
-74.20028,42.94517
-74.20024,45.26008
-74.19781,39.95325
-74.19771,40.79305
-74.1973,40.55962
-74.19305,42.93706
-74.19208,39.62756
-74.19183,40.56409
-74.19027,41.17201
-74.18881,41.32865
-74.1879,41.32682
-74.18767,40.68312
-74.18718,40.07627
-74.18597,39.96421
-74.18543,40.9412
-74.18235,43.21644
-74.18069,40.77312
-74.17925,40.69834
-74.17885,40.69745
-74.17763,40.69626
-74.17686,40.61519
-74.17578,40.68976
-74.17477,40.69478
-74.17338,40.69546
-74.17335,39.92695
-74.173,40.69566
-74.17274,40.69418
-74.17216,40.74053
-74.17156,43.22557
-74.17038,40.73434
-74.17019,40.80275
-74.16957,40.74474
-74.16912,40.74315
-74.16786,40.36477
-74.16545,40.54507
-74.16534,40.44221
-74.16474,40.80123
-74.16421,40.54433
-74.16242,40.81556
-74.16214,40.62634
-74.15996,40.80657
-74.15995,40.18085
-74.15774,40.72416
-74.15618,40.81244
-74.15587,40.95908
-74.15568,40.77934
-74.15553,40.94876
-74.15417,41.11577
-74.15414,42.04019
-74.15385,40.81802
-74.15381,40.72652
-74.15374,40.82495
-74.15312,39.91308
-74.1531,40.94923
-74.15181,40.53654
-74.15083,40.54935
-74.15051,40.55136
-74.14999,40.76236
-74.14984,40.00473
-74.14831,40.53928
-74.14253,40.73224
-74.14247,40.62457
-74.1412,40.64776
-74.1397,42.51397
-74.13802,40.78219
-74.13529,45.2525
-74.13521,40.62561
-74.13323,40.963
-74.13182,45.25492
-74.13164,40.44162
-74.13143,40.0693
-74.12978,40.04157
-74.12934,45.25919
-74.12867,45.25647
-74.12844,41.03027
-74.12805,40.6266
-74.12716,41.31477
-74.12574,45.2564
-74.12446,41.31536
-74.12435,44.32148
-74.12366,42.04008
-74.12021,42.04077
-74.11897,40.62885
-74.11842,42.04091
-74.11587,40.57494
-74.11313,40.3994
-74.1102,40.92328
-74.10964,39.75955
-74.10928,40.63798
-74.10738,40.63482
-74.10698,40.42892
-74.10415,40.58717
-74.10117,40.5912
-74.10053,40.82894
-74.09146,40.2114
-74.09094,42.37119
-74.0909,41.11003
-74.08739,41.74723
-74.08336,40.60335
-74.08213,41.84406
-74.07987,40.63823
-74.07972,40.62881
-74.07679,40.64338
-74.0767,40.64226
-74.07594,40.62565
-74.07573,40.62655
-74.07555,40.63715
-74.07532,40.62637
-74.07461,40.34891
-74.0736,40.62872
-74.07178,39.93593
-74.07111,39.94047
-74.07028,39.94332
-74.06975,40.08305
-74.06947,40.70687
-74.06888,41.51907
-74.0687,40.72546
-74.06764,40.72481
-74.06655,42.89284
-74.06431,40.73197
-74.06314,40.6098
-74.05458,42.42074
-74.04952,40.87414
-74.04923,40.7238
-74.04743,40.7229
-74.04589,40.72137
-74.04522,40.72128
-74.04488,40.23657
-74.04449,40.72122
-74.04435,40.75838
-74.04361,40.72046
-74.04274,40.72006
-74.04256,40.72142
-74.04115,40.74869
-74.04084,40.72166
-74.0406,40.88804
-74.04003,40.72083
-74.03998,40.71324
-74.03977,41.53571
-74.03919,45.28944
-74.03817,40.41177
-74.03601,40.71598
-74.0359,40.73826
-74.03582,40.7149
-74.03558,40.31968
-74.03491,40.72808
-74.03421,40.6153
-74.03403,40.11102
-74.03397,40.11178
-74.03386,40.6171
-74.03352,40.7157
-74.03317,40.6188
-74.03233,40.74163
-74.03225,40.73761
-74.03213,40.74648
-74.03209,40.74647
-74.03198,40.72041
-74.03194,40.62172
-74.03188,40.73755
-74.03156,40.73767
-74.03148,40.62287
-74.03134,40.73763
-74.03105,40.7426
-74.03094,40.75022
-74.03083,40.74004
-74.03045,40.73826
-74.03041,40.7369
-74.03032,40.73613
-74.03024,40.73893
-74.03017,40.73919
-74.03011,40.73937
-74.03008,40.62544
-74.02964,40.74092
-74.02959,40.75326
-74.02957,40.61734
-74.02934,40.73602
-74.02928,40.62827
-74.02926,40.73618
-74.02896,40.74315
-74.02888,40.62841
-74.02865,40.62979
-74.02682,40.74971
-74.02679,40.75161
-74.0267,40.62068
-74.0263,40.63465
-74.02618,40.77509
-74.02586,40.63661
-74.02455,40.75308
-74.02405,40.62649
-74.02298,40.62907
-74.02278,40.62873
-74.02264,41.05836
-74.02176,40.63121
-74.02072,41.93276
-74.01904,40.67675
-74.01898,40.67767
-74.01883,40.67729
-74.01833,40.68914
-74.01757,40.63833
-74.01731,40.63818
-74.01697,41.93726
-74.01696,40.64195
-74.01688,40.67568
-74.01681,42.72065
-74.01539,40.67725
-74.01534,40.71496
-74.0148,40.64404
-74.01463,40.7081
-74.01422,40.65148
-74.01295,40.21615
-74.01278,40.70956
-74.01251,40.67785
-74.0125,40.70396
-74.01238,40.70368
-74.01173,40.70411
-74.01147,40.70903
-74.01146,40.65111
-74.01107,40.6791
-74.01101,40.67915
-74.01101,40.70325
-74.01092,41.49918
-74.01041,40.7177
-74.01039,40.70592
-74.01028,40.70588
-74.0101,40.67369
-74.00989,40.70456
-74.00984,40.63542
-74.00984,40.72086
-74.00971,40.71627
-74.0097,40.71433
-74.00963,40.72371
-74.00949,40.7259
-74.00941,40.7523
-74.00929,40.71514
-74.00904,40.71855
-74.00902,40.71411
-74.00897,40.21622
-74.00895,40.7068
-74.0089,40.71522
-74.00885,40.73956
-74.00875,40.68105
-74.00869,40.70507
-74.00869,40.70782
-74.00869,40.70986
-74.00849,40.74068
-74.00844,40.74063
-74.00834,40.70529
-74.00815,40.70712
-74.00813,40.71261
-74.00813,40.71359
-74.00808,40.70658
-74.00805,40.74129
-74.00804,40.73494
-74.00799,40.74046
-74.00794,40.72578
-74.0079,40.74069
-74.00784,40.74079
-74.00781,40.70919
-74.00756,40.7058
-74.00755,40.74292
-74.00745,40.70543
-74.00745,40.73574
-74.00721,40.71995
-74.00719,40.71541
-74.00712,40.71003
-74.00703,40.65602
-74.00702,40.65739
-74.007,40.65541
-74.00698,40.71029
-74.00696,40.74273
-74.00695,40.71082
-74.00682,40.73157
-74.00664,40.73039
-74.00652,40.70811
-74.00649,40.65713
-74.00641,40.73425
-74.00618,40.73569
-74.00618,40.74235
-74.00612,40.65681
-74.00608,40.73343
-74.00567,40.7409
-74.00566,40.71976
-74.00566,40.74228
-74.00561,40.71982
-74.00554,40.74026
-74.00548,40.73313
-74.00531,40.73316
-74.00521,40.46549
-74.00514,40.70817
-74.00503,40.73012
-74.00497,40.72064
-74.00494,40.71845
-74.00484,40.71927
-74.00482,40.72245
-74.00481,40.71856
-74.0048,40.73323
-74.00477,40.65066
-74.00471,40.74728
-74.00459,40.72865
-74.00446,40.72374
-74.0044,40.74799
-74.00433,40.72614
-74.00432,40.6813
-74.00429,40.75171
-74.00423,40.73055
-74.00421,41.9298
-74.00418,40.70579
-74.00408,40.75077
-74.00384,40.73233
-74.00376,40.73804
-74.00375,40.73764
-74.00364,40.72984
-74.00362,41.92942
-74.00356,40.72218
-74.00352,40.7385
-74.00345,40.7332
-74.00341,40.7254
-74.00338,40.75049
-74.00336,40.7332
-74.00328,40.71912
-74.00328,40.73363
-74.00324,40.73186
-74.00316,40.74357
-74.00314,40.72397
-74.00311,40.69403
-74.00311,40.74361
-74.00303,40.74462
-74.00302,40.73407
-74.00295,40.72311
-74.00288,40.73435
-74.00272,40.75329
-74.00264,40.65573
-74.00242,40.73384
-74.00226,40.73378
-74.00219,40.73944
-74.00216,40.73382
-74.00215,40.73342
-74.00211,40.22373
-74.00211,40.73941
-74.00205,40.70767
-74.00205,40.72704
-74.00204,40.75453
-74.00195,40.75106
-74.00189,40.72815
-74.00188,40.73933
-74.00181,40.22367
-74.00166,40.73246
-74.00163,40.73454
-74.00159,40.74017
-74.00146,40.74597
-74.0014,40.73216
-74.00137,40.73185
-74.00135,40.68749
-74.00099,40.73073
-74.00087,40.7083
-74.00082,40.72991
-74.00074,40.73008
-74.00068,40.21865
-74.00068,40.64424
-74.00067,40.74266
-74.00061,40.73142
-74.00059,40.73923
-74.00059,40.75399
-74.00058,40.72975
-74.00053,40.73011
-74.00044,40.72991
-74.00039,40.72996
-74.00037,40.72995
-74.00023,40.72885
-74.00018,40.7426
-74.00016,40.7288
-74.00012,40.73391
-74.00008,40.71919
-74.00008,40.72727
-74.00002,40.72725
-74.00002,40.73219
-73.99994,40.22052
-73.99992,40.73886
-73.99989,40.22066
-73.99983,40.71651
-73.9995,40.72846
-73.99944,40.84626
-73.99941,40.72985
-73.99937,40.22509
-73.99934,40.72861
-73.99934,40.72993
-73.99932,40.72837
-73.99928,40.72836
-73.99925,40.67507
-73.99922,40.72833
-73.99916,40.72805
-73.99912,40.7283
-73.99908,40.64576
-73.99907,40.67613
-73.99907,40.71981
-73.99893,40.72975
-73.99886,40.72971
-73.99866,40.7529
-73.99863,40.75289
-73.99857,40.72955
-73.99854,40.7531
-73.99842,40.67748
-73.99837,40.74454
-73.99834,40.75027
-73.99833,40.7503
-73.99825,40.67406
-73.99823,40.22399
-73.99821,40.71306
-73.99821,40.75047
-73.99821,40.75308
-73.99819,40.71455
-73.99816,40.71439
-73.99812,40.72581
-73.9981,40.22344
-73.99808,40.7205
-73.99808,40.73309
-73.99807,40.71434
-73.99799,40.67764
-73.99792,40.69139
-73.99792,40.72181
-73.99788,40.74523
-73.99781,40.73271
-73.99773,40.64705
-73.99772,40.67894
-73.99764,40.71907
-73.99745,40.73283
-73.99708,40.74688
-73.99705,40.69115
-73.99697,40.74262
-73.99692,40.72115
-73.99677,41.10312
-73.99674,40.75314
-73.99666,40.71594
-73.99659,40.72219
-73.99656,40.65855
-73.99646,40.71938
-73.99642,40.72192
-73.99641,44.29613
-73.99637,40.74342
-73.99633,40.76319
-73.9963,40.69029
-73.99618,40.74415
-73.99597,40.76496
-73.99592,40.72669
-73.9959,40.72671
-73.99584,40.76451
-73.99574,40.74876
-73.99573,40.75172
-73.99571,40.69078
-73.99551,40.70242
-73.99547,40.7213
-73.9954,40.76004
-73.99538,40.74991
-73.99536,40.7266
-73.99531,40.69034
-73.99528,40.71712
-73.99503,40.72598
-73.99502,40.71965
-73.99502,40.74969
-73.99501,40.72134
-73.995,40.72573
-73.99474,40.72468
-73.99464,40.73037
-73.99462,40.72116
-73.99461,40.72463
-73.99459,40.73873
-73.99454,40.68048
-73.99449,40.66052
-73.99445,40.74433
-73.99433,40.74994
-73.99429,40.72125
-73.99428,40.74494
-73.99425,40.71243
-73.99423,40.71776
-73.99421,40.66443
-73.99418,40.74449
-73.99418,40.76171
-73.99416,40.756
-73.99413,40.7493
-73.99407,40.7561
-73.99406,40.71895
-73.99404,40.68655
-73.99395,40.68138
-73.99386,40.68693
-73.99383,40.7616
-73.99375,40.72046
-73.99372,40.73868
-73.99367,40.6609
-73.99364,40.72655
-73.99364,40.73317
-73.99361,40.74586
-73.99359,40.74475
-73.99358,40.7568
-73.99354,40.75688
-73.99353,40.68241
-73.99349,40.71572
-73.99349,40.7195
-73.99349,40.7458
-73.99348,40.7207
-73.99343,40.72128
-73.9934,40.76278
-73.99338,40.74575
-73.99336,40.68266
-73.99335,40.71947
-73.99332,40.74762
-73.9933,40.71724
-73.99329,40.66853
-73.99325,40.75284
-73.99324,40.72464
-73.99323,40.74124
-73.99322,40.7495
-73.99319,40.72172
-73.99317,40.68252
-73.99317,40.74705
-73.99314,40.68257
-73.99314,40.74075
-73.9931,40.66186
-73.99307,40.75721
-73.99307,40.75839
-73.99306,40.73649
-73.99303,40.73498
-73.99303,40.7531
-73.99302,40.66154
-73.99293,40.72252
-73.99293,40.74139
-73.99283,40.72265
-73.99282,40.74828
-73.99281,40.74976
-73.99279,40.68308
-73.99267,40.75807
-73.99265,40.72477
-73.99264,40.7497
-73.99263,40.72544
-73.99258,40.72497
-73.99258,40.74179
-73.99247,40.75655
-73.99244,40.72122
-73.99243,40.72201
-73.99238,40.69908
-73.99237,40.68413
-73.99236,40.76339
-73.99229,40.72731
-73.99228,40.69928
-73.99223,40.76377
-73.99219,40.72672
-73.99218,40.74282
-73.99217,40.75364
-73.99217,40.75439
-73.99214,40.75939
-73.99213,40.72246
-73.99208,40.68457
-73.99207,40.71506
-73.99206,40.75587
-73.99206,44.29479
-73.99204,40.72303
-73.99203,40.76387
-73.99202,40.63532
-73.99199,40.71376
-73.99197,40.73452
-73.99197,40.75552
-73.99195,40.75386
-73.99194,40.74441
-73.9919,40.75618
-73.99187,40.72685
-73.99186,40.75222
-73.99182,40.74725
-73.99177,40.72574
-73.99177,40.7291
-73.99175,40.73624
-73.99174,40.75032
-73.99173,40.75999
-73.99163,40.68927
-73.99163,40.7292
-73.99155,40.68086
-73.99155,40.76469
-73.99152,40.7154
-73.99152,40.71932
-73.99149,41.13369
-73.99146,40.76484
-73.99142,40.69203
-73.9914,40.75231
-73.99137,40.71888
-73.99137,40.75362
-73.99135,40.72688
-73.99134,40.75971
-73.99133,40.73666
-73.99128,40.6632
-73.99126,40.66019
-73.99123,40.75391
-73.99119,40.73758
-73.99118,40.6633
-73.99112,40.74811
-73.9911,40.76085
-73.99108,40.75599
-73.99105,40.68564
-73.99104,41.14068
-73.99096,40.71474
-73.99096,40.74646
-73.99094,40.68581
-73.99092,40.68706
-73.99088,40.71474
-73.99083,40.75209
-73.99078,40.72465
-73.99074,40.74441
-73.9907,40.76076
-73.99069,40.81625
-73.9906,40.77209
-73.99056,40.72757
-73.99056,40.74455
-73.99055,40.70298
-73.99053,40.7183
-73.99049,40.71958
-73.99048,40.74452
-73.99046,40.7179
-73.99044,40.75409
-73.99041,40.66059
-73.99036,40.71982
-73.99035,40.71766
-73.99032,40.71772
-73.99028,40.74526
-73.99028,40.75553
-73.99026,40.71886
-73.99026,40.76089
-73.99025,40.72543
-73.99025,40.75426
-73.99024,40.76201
-73.99022,40.74523
-73.99021,40.71794
-73.9902,40.72583
-73.99013,40.75236
-73.99007,40.71539
-73.99004,40.73179
-73.99004,40.74514
-73.98996,40.73991
-73.98995,40.72067
-73.98994,40.71846
-73.9899,40.72243
-73.9899,40.74993
-73.98983,40.71791
-73.98983,40.72084
-73.98981,40.72599
-73.98981,40.73961
-73.9898,40.72659
-73.9898,40.73961
-73.98979,40.68795
-73.98979,40.72308
-73.98977,40.66481
-73.98976,40.71393
-73.98974,40.67326
-73.98974,40.74986
-73.98973,40.72102
-73.98971,40.75956
-73.9897,40.72876
-73.98968,40.75901
-73.98967,40.68862
-73.98964,40.71629
-73.9896,40.75454
-73.98959,40.7162
-73.98955,40.75395
-73.98948,40.72922
-73.98945,40.7194
-73.98945,40.72709
-73.98945,40.72867
-73.9894,40.76765
-73.98937,40.76334
-73.98934,40.66529
-73.98934,40.76261
-73.98933,40.72046
-73.9893,40.75239
-73.98929,40.76269
-73.98921,40.73754
-73.9892,40.74401
-73.98914,40.72595
-73.98909,40.72286
-73.98909,40.72695
-73.98905,40.6747
-73.98898,40.72715
-73.98895,40.66577
-73.98887,40.71948
-73.98886,40.76439
-73.98882,40.72165
-73.98882,40.75417
-73.98879,40.74395
-73.98879,40.74418
-73.98875,40.72162
-73.98875,40.73082
-73.98874,40.68886
-73.98873,40.72971
-73.9887,40.75521
-73.98866,40.72833
-73.98862,40.72699
-73.98862,40.73469
-73.98858,40.72829
-73.98857,40.72706
-73.98855,40.72345
-73.98854,40.73488
-73.98852,40.7235
-73.98849,40.72132
-73.98849,40.72717
-73.98846,40.68582
-73.98838,40.72133
-73.98837,40.71886
-73.98836,40.73216
-73.98835,40.76498
-73.98834,40.69252
-73.98833,40.72159
-73.98831,40.7221
-73.9883,40.70308
-73.98829,40.71996
-73.98826,40.75314
-73.98825,40.74486
-73.98823,40.72181
-73.98822,40.72329
-73.98817,40.66716
-73.98817,40.71993
-73.98816,40.72714
-73.98815,40.71827
-73.98815,40.72023
-73.98813,40.74394
-73.98811,40.72344
-73.98806,40.72943
-73.98802,40.72097
-73.98801,40.72433
-73.98791,40.76071
-73.98788,40.76528
-73.98782,40.72002
-73.98782,40.72003
-73.98781,40.72961
-73.98781,40.73457
-73.98779,40.73277
-73.98774,40.66721
-73.98773,40.72929
-73.98758,40.73242
-73.98757,40.72128
-73.98753,40.70052
-73.98747,40.72361
-73.98745,40.75468
-73.98742,40.74779
-73.98741,40.73614
-73.9874,40.76598
-73.98736,40.76432
-73.98735,40.70228
-73.98733,40.66769
-73.9873,40.71967
-73.9873,40.71985
-73.9873,40.72946
-73.98727,40.7295
-73.98726,40.73928
-73.98725,40.76012
-73.98724,40.72955
-73.98723,40.66781
-73.98718,40.72895
-73.98716,40.72965
-73.98714,40.76013
-73.98712,40.73587
-73.98711,40.76129
-73.98703,40.67945
-73.98701,40.74476
-73.98699,40.71888
-73.98695,40.7475
-73.98693,40.6796
-73.98693,40.71874
-73.98688,40.74843
-73.98685,40.67874
-73.98682,40.70301
-73.98681,40.76165
-73.98678,40.75364
-73.98677,40.70326
-73.98677,40.75039
-73.98666,40.66954
-73.98653,40.68827
-73.98652,40.6821
-73.98651,40.72743
-73.98647,40.74687
-73.98641,40.72639
-73.9864,40.73069
-73.9864,40.74721
-73.98638,40.74774
-73.98636,40.72736
-73.98633,40.68733
-73.98632,40.72968
-73.98631,40.72659
-73.98629,40.73274
-73.98627,40.67736
-73.98627,40.72734
-73.98626,40.66948
-73.98626,40.74816
-73.98625,40.72257
-73.98624,40.73019
-73.98624,40.76294
-73.98619,40.75974
-73.98618,40.72676
-73.98614,40.69168
-73.98612,40.76052
-73.98608,40.68488
-73.98608,40.72303
-73.98604,40.75524
-73.98603,40.72301
-73.98599,40.72292
-73.98598,40.76155
-73.98596,40.72296
-73.98592,40.72252
-73.98589,40.67791
-73.98589,40.72647
-73.98588,40.748
-73.98587,40.72258
-73.98585,40.72716
-73.98581,40.73549
-73.98581,40.76238
-73.98578,40.73288
-73.98577,40.73854
-73.98577,40.75375
-73.98575,40.76446
-73.98574,40.72763
-73.98574,40.72792
-73.98572,40.71919
-73.9857,40.73284
-73.98566,40.73103
-73.98562,40.6815
-73.98558,40.72785
-73.98558,40.73107
-73.98557,40.73183
-73.98555,40.72914
-73.98545,40.73204
-73.98543,40.73211
-73.98542,40.74978
-73.9854,40.72852
-73.98535,40.71791
-73.98534,40.75225
-73.98534,44.28718
-73.98533,40.72333
-73.98533,40.72725
-73.98531,40.75056
-73.9853,40.73267
-73.98528,40.28466
-73.98523,40.75686
-73.9852,40.72743
-73.98515,40.72812
-73.98512,40.66879
-73.98508,40.71942
-73.98507,40.72761
-73.98507,40.76279
-73.98503,40.71941
-73.98502,40.71896
-73.98497,40.70223
-73.9849,40.72784
-73.98484,44.28722
-73.98484,44.29142
-73.98482,40.75126
-73.98481,40.66326
-73.98481,40.76948
-73.9848,40.76349
-73.98479,40.75196
-73.98475,40.7567
-73.98473,40.72869
-73.98471,40.7521
-73.98469,40.72149
-73.98469,40.75609
-73.98466,40.72594
-73.98465,40.72153
-73.98462,40.72019
-73.98462,40.73714
-73.98455,40.69148
-73.98455,40.74234
-73.98451,40.67109
-73.9845,40.73665
-73.98445,40.7436
-73.98439,40.72512
-73.98438,40.72575
-73.98436,40.7398
-73.98434,40.72074
-73.98433,40.74438
-73.9843,40.67133
-73.98429,40.74734
-73.98426,40.7257
-73.98424,40.69126
-73.98424,40.72623
-73.98424,40.76301
-73.98424,44.28429
-73.98418,40.76298
-73.98412,40.74722
-73.98412,40.75801
-73.98411,40.72699
-73.9841,40.7318
-73.98409,40.6769
-73.98408,40.75751
-73.98405,40.72697
-73.98404,40.73793
-73.98403,40.72562
-73.984,40.75081
-73.98399,40.74424
-73.98397,40.57496
-73.98395,40.67647
-73.98391,40.72579
-73.98387,40.67583
-73.98386,40.72475
-73.98385,40.66779
-73.98381,40.68794
-73.98377,40.72712
-73.98375,40.7255
-73.98375,40.73892
-73.98373,40.77931
-73.98368,40.72703
-73.98367,40.76782
-73.98364,40.74245
-73.98362,41.91892
-73.98361,40.7512
-73.9836,40.67854
-73.9836,40.72385
-73.98357,40.74245
-73.98355,40.67909
-73.98354,40.75725
-73.9835,40.76489
-73.98348,40.7259
-73.98348,40.73868
-73.98347,40.72638
-73.98346,40.72593
-73.98343,40.72847
-73.98342,40.72535
-73.9834,40.72691
-73.98339,40.7309
-73.98333,40.76454
-73.98332,40.73829
-73.98329,40.75838
-73.98329,40.76224
-73.98328,40.72665
-73.98328,40.74945
-73.98328,40.75966
-73.98327,40.67258
-73.98326,40.72244
-73.98325,41.91832
-73.98324,40.72583
-73.98322,40.72212
-73.98321,40.73844
-73.9832,40.7442
-73.98319,40.69125
-73.98319,40.74283
-73.98318,40.76741
-73.98317,40.7385
-73.98314,40.72261
-73.98313,40.77905
-73.98309,40.72227
-73.98306,40.76414
-73.98305,40.67364
-73.98304,40.77636
-73.98302,40.72706
-73.98302,40.76496
-73.983,40.77643
-73.98295,40.74931
-73.98292,40.73166
-73.98292,40.76492
-73.9829,40.72436
-73.9829,40.72492
-73.98288,40.72723
-73.98272,40.77134
-73.98271,40.39804
-73.9827,40.66531
-73.9825,40.74004
-73.9825,40.76255
-73.98246,40.7401
-73.98244,40.74172
-73.98221,40.66563
-73.98217,40.74052
-73.98217,40.75559
-73.98215,40.67981
-73.98215,40.74723
-73.98213,40.7283
-73.98211,40.73995
-73.98205,40.74294
-73.98203,40.74072
-73.98199,40.6706
-73.98197,40.76395
-73.98196,40.76453
-73.98193,40.68563
-73.98187,40.73003
-73.98183,40.68758
-73.98182,40.74097
-73.98179,40.72204
-73.9817,40.76442
-73.98161,40.69336
-73.98157,40.76436
-73.98153,40.77836
-73.98148,40.67933
-73.98139,40.72501
-73.98137,40.67486
-73.98137,40.76335
-73.98132,40.72886
-73.98131,40.68572
-73.9813,40.74102
-73.98129,40.67495
-73.98125,40.73772
-73.98123,40.72808
-73.98117,40.72997
-73.98112,40.75621
-73.981,40.76328
-73.98098,40.76351
-73.98094,40.72988
-73.9809,40.75006
-73.98088,40.72996
-73.98088,40.78095
-73.98087,40.75831
-73.98082,40.7295
-73.98075,40.73015
-73.98064,40.72976
-73.98051,40.75816
-73.98046,40.73001
-73.98043,40.66057
-73.9804,40.75102
-73.9804,40.78077
-73.98036,40.75643
-73.98033,40.67686
-73.98029,40.66024
-73.98028,40.66384
-73.98025,40.75059
-73.98019,40.75582
-73.98014,40.72715
-73.98013,40.78287
-73.9801,40.75799
-73.98001,40.68228
-73.98001,40.75575
-73.97997,40.66031
-73.97993,40.57574
-73.97993,40.74357
-73.97992,40.74356
-73.9799,40.78138
-73.97983,40.68516
-73.9798,40.57537
-73.9798,40.72721
-73.97968,40.66157
-73.97966,40.7498
-73.97954,40.67835
-73.97932,40.74524
-73.97929,40.78375
-73.97926,40.30285
-73.97922,40.77653
-73.97921,40.64273
-73.97913,40.78327
-73.97903,40.67019
-73.97903,40.7777
-73.97895,40.7237
-73.97893,40.72368
-73.97893,40.72841
-73.97891,40.72375
-73.97882,40.72387
-73.97877,40.67003
-73.97877,40.7239
-73.97869,40.75022
-73.97864,40.72952
-73.97859,40.68776
-73.97859,40.75516
-73.97858,40.77713
-73.97856,40.76463
-73.97855,40.57567
-73.97851,40.77749
-73.9785,40.7771
-73.97848,40.72485
-73.97845,40.30406
-73.97845,40.7646
-73.97842,40.74162
-73.97841,40.72494
-73.97838,40.72499
-73.97837,40.72917
-73.97832,40.76246
-73.97832,40.77775
-73.97827,40.74522
-73.97824,40.7255
-73.97824,40.7289
-73.97819,40.74534
-73.97815,40.72905
-73.97805,40.72545
-73.9779,40.78407
-73.97785,40.75261
-73.97778,40.75352
-73.9777,40.78433
-73.97768,40.68075
-73.97767,40.68702
-73.97767,40.7796
-73.9776,40.74209
-73.97758,40.76209
-73.97754,40.75717
-73.97753,40.74622
-73.97752,40.76287
-73.97748,40.72628
-73.97748,40.78397
-73.97746,40.72571
-73.97742,40.78471
-73.97741,40.68151
-73.97739,40.74932
-73.97737,40.76281
-73.97732,40.6813
-73.97732,40.76084
-73.9773,40.74461
-73.97728,40.68134
-73.97726,40.78494
-73.97718,40.75622
-73.9771,40.78449
-73.97697,40.68133
-73.97686,40.78548
-73.97679,40.78556
-73.97671,40.74992
-73.97657,40.74931
-73.97655,40.78591
-73.97633,40.65286
-73.97621,40.75041
-73.97609,40.78587
-73.97586,40.65264
-73.97581,40.74858
-73.97574,40.68961
-73.97561,40.68082
-73.97551,40.74861
-73.97545,40.68727
-73.9754,40.78684
-73.97527,40.76506
-73.9752,40.7616
-73.97503,40.68669
-73.97495,40.75636
-73.97484,40.68662
-73.97474,40.68707
-73.97465,40.59695
-73.97463,40.75266
-73.97455,40.681
-73.97446,40.68046
-73.97443,40.76136
-73.97431,40.76152
-73.97422,40.68636
-73.97422,42.79473
-73.974,40.75323
-73.97399,40.78941
-73.97398,40.76236
-73.97393,40.74711
-73.97389,40.75184
-73.9735,40.68576
-73.97321,40.75462
-73.97319,40.75128
-73.97306,40.60798
-73.97293,42.65522
-73.97289,43.68179
-73.97283,40.78524
-73.97283,40.79409
-73.97281,40.78492
-73.97273,40.64761
-73.97268,40.67782
-73.97267,40.75406
-73.97265,40.75264
-73.97233,40.68984
-73.97226,40.57921
-73.97212,40.67705
-73.9721,42.79487
-73.97205,40.646
-73.97179,40.78669
-73.9717,42.79502
-73.97151,41.6054
-73.97139,40.59054
-73.97138,42.79518
-73.97127,40.79314
-73.97106,40.69894
-73.9709,40.69894
-73.9707,40.79392
-73.97032,41.50547
-73.96971,40.85213
-73.96964,42.83404
-73.96949,40.68936
-73.9694,40.68959
-73.96926,40.68934
-73.96923,40.69324
-73.96911,40.75664
-73.9691,40.79789
-73.96905,40.69323
-73.96892,40.67969
-73.96885,40.67706
-73.96882,40.67715
-73.96882,40.75482
-73.96856,40.6392
-73.96841,40.63724
-73.96841,40.75937
-73.96838,40.67959
-73.96834,40.8003
-73.96831,40.76077
-73.96824,40.68001
-73.96824,40.68368
-73.96814,40.75728
-73.96812,40.7573
-73.96808,40.67925
-73.96795,40.68087
-73.96795,42.82834
-73.96786,40.75634
-73.96785,40.67989
-73.9678,40.75718
-73.96772,40.68027
-73.96771,40.71087
-73.96763,40.80095
-73.96754,40.7526
-73.9675,40.68374
-73.96745,40.84408
-73.9674,40.68372
-73.96735,40.75619
-73.96722,40.63977
-73.96689,40.71592
-73.96685,40.64027
-73.96682,40.67521
-73.9666,40.68634
-73.9666,40.75829
-73.96657,40.68137
-73.96651,40.76057
-73.96645,40.69351
-73.96632,40.71291
-73.96624,40.68347
-73.96617,40.75333
-73.96573,40.80073
-73.96564,40.68309
-73.96534,40.75957
-73.9652,40.80081
-73.96514,40.75497
-73.96504,40.75573
-73.96496,40.67944
-73.96495,42.70392
-73.96492,40.71099
-73.96491,40.71598
-73.96467,40.71089
-73.96457,40.77878
-73.96456,40.75634
-73.9644,40.71228
-73.9644,40.80255
-73.96426,40.80274
-73.96425,42.82643
-73.96421,40.71082
-73.96418,40.80219
-73.96406,40.67843
-73.96397,40.76144
-73.96394,40.80321
-73.96387,40.67743
-73.96384,40.76161
-73.96353,40.68291
-73.96348,40.67544
-73.96345,40.71045
-73.9634,40.76159
-73.96324,40.67411
-73.96309,40.5769
-73.96309,40.67536
-73.96308,40.761
-73.96307,40.67633
-73.96299,40.71209
-73.96299,40.77426
-73.96293,40.79883
-73.96292,40.68823
-73.96292,40.71169
-73.96287,40.68793
-73.96284,40.67385
-73.96283,40.68694
-73.96273,40.70991
-73.96273,40.77914
-73.96269,40.68696
-73.96263,40.67281
-73.96252,40.71279
-73.96251,41.78659
-73.9625,40.71609
-73.96233,40.71265
-73.96221,40.68701
-73.96215,40.71349
-73.96213,40.68702
-73.96213,40.71589
-73.96195,40.77103
-73.96184,40.71386
-73.9618,40.69405
-73.96176,40.71158
-73.96158,40.71638
-73.96157,40.71473
-73.96157,40.72096
-73.96151,40.94127
-73.96149,40.68252
-73.96143,40.5752
-73.96143,40.71409
-73.96142,40.7141
-73.96129,41.50142
-73.96128,40.68262
-73.96118,40.63516
-73.96116,40.76103
-73.96102,40.71426
-73.96102,40.71427
-73.96101,40.65991
-73.96099,40.80658
-73.96097,40.69413
-73.96084,40.6353
-73.96084,40.76146
-73.9608,40.66014
-73.96063,40.76114
-73.96039,40.65962
-73.96019,40.68747
-73.9601,40.67522
-73.96001,40.65698
-73.96001,40.81546
-73.96,40.72979
-73.95997,40.65682
-73.95991,40.65507
-73.95981,40.76227
-73.95969,40.73318
-73.95953,40.72845
-73.95937,40.77107
-73.95937,40.81466
-73.95931,40.81476
-73.95927,40.72236
-73.95923,40.71779
-73.95896,40.72167
-73.95893,41.41761
-73.95871,40.72151
-73.95857,40.67857
-73.95855,40.71325
-73.95848,40.68201
-73.95841,40.71904
-73.95841,40.71905
-73.9584,40.66993
-73.9584,40.71748
-73.95836,40.71054
-73.95812,40.7131
-73.9581,40.66986
-73.95802,40.71971
-73.95801,40.73147
-73.95793,40.72973
-73.95786,40.70886
-73.95784,40.71988
-73.95783,40.73037
-73.9578,40.73024
-73.9578,40.73215
-73.95776,40.71146
-73.95769,40.73142
-73.95768,40.72953
-73.95763,40.72198
-73.95761,40.72162
-73.95758,40.67216
-73.95758,40.71811
-73.95754,40.72674
-73.95743,40.72976
-73.95738,40.67348
-73.95737,40.67187
-73.95737,40.72936
-73.95736,40.68134
-73.95734,40.71171
-73.95733,40.71217
-73.9573,40.71308
-73.9573,40.77462
-73.95728,40.72886
-73.95709,40.68747
-73.95704,40.68723
-73.95704,40.72752
-73.95699,40.74609
-73.95696,40.67389
-73.95694,40.68836
-73.95693,40.68828
-73.95692,40.72091
-73.95676,40.72233
-73.95674,40.78394
-73.95671,40.80224
-73.9567,40.72103
-73.95654,40.71786
-73.95645,40.71439
-73.95644,40.77113
-73.95642,40.73009
-73.95641,40.77863
-73.95639,40.77121
-73.95637,40.68382
-73.95637,40.71895
-73.9562,40.67514
-73.95607,40.67633
-73.956,40.67567
-73.95598,40.67572
-73.95594,40.71965
-73.95592,40.71232
-73.95591,40.68159
-73.95589,40.76615
-73.95584,40.71424
-73.95583,40.71259
-73.95572,40.72505
-73.9557,40.76607
-73.95564,40.76868
-73.95562,40.77224
-73.95557,40.7723
-73.95556,40.77629
-73.95553,40.72003
-73.95536,40.7202
-73.95529,40.73763
-73.95526,40.71286
-73.95526,40.7354
-73.95522,40.73505
-73.95517,40.73678
-73.95505,40.77233
-73.95502,40.77232
-73.95496,40.73345
-73.95492,40.7332
-73.95491,40.68929
-73.95491,40.7186
-73.95491,40.72057
-73.95476,40.68677
-73.95476,40.99871
-73.95473,40.68667
-73.95466,40.71698
-73.95443,40.76959
-73.95433,40.74262
-73.95432,40.74266
-73.95432,40.76977
-73.95428,40.71489
-73.95427,40.76983
-73.95423,40.72771
-73.95419,40.73102
-73.95399,40.77088
-73.95391,40.71419
-73.95372,40.72925
-73.95371,40.77711
-73.95366,40.74356
-73.9536,40.77029
-73.95346,40.66163
-73.95346,40.77701
-73.95337,40.68152
-73.95336,40.74542
-73.9533,40.77184
-73.95327,40.74245
-73.95324,40.66869
-73.95324,40.77549
-73.95313,40.6681
-73.95312,40.7763
-73.95301,40.65423
-73.95299,40.71553
-73.95287,40.71652
-73.95285,40.69484
-73.95284,40.74702
-73.95282,40.71394
-73.95275,40.72323
-73.95267,40.67434
-73.95261,40.68043
-73.9526,40.77704
-73.9525,40.71363
-73.95208,40.72628
-73.95196,40.77728
-73.95185,40.77713
-73.95182,40.80894
-73.95181,40.72353
-73.95179,40.77751
-73.95169,40.72573
-73.95163,40.78736
-73.95162,40.58578
-73.95162,40.715
-73.95154,40.71079
-73.95154,40.74649
-73.95151,40.67824
-73.95149,40.7143
-73.95131,40.78279
-73.9513,40.72488
-73.95125,40.72371
-73.95114,40.68896
-73.95114,40.77479
-73.95112,40.71203
-73.9511,40.77484
-73.95105,40.68852
-73.95091,41.51235
-73.95089,40.72356
-73.95086,40.72363
-73.95084,40.71084
-73.9508,40.72433
-73.9508,40.7835
-73.95075,40.66
-73.95074,40.72342
-73.95072,40.77895
-73.95068,40.71112
-73.95063,40.58418
-73.95063,40.78374
-73.9506,40.65857
-73.95059,40.67047
-73.9505,40.77927
-73.9505,40.7867
-73.95046,40.7763
-73.95037,40.71089
-73.95031,40.72404
-73.95028,40.67396
-73.95026,40.67465
-73.9502,40.67151
-73.95018,40.7181
-73.95015,40.65773
-73.95009,40.67588
-73.95006,40.68202
-73.94998,40.71698
-73.94995,40.77954
-73.94992,40.74962
-73.94991,40.67785
-73.94985,40.74844
-73.94951,40.7142
-73.94949,40.71363
-73.94946,40.67619
-73.94922,40.71126
-73.949,40.781
-73.94896,40.6434
-73.94893,40.71397
-73.94882,40.77732
-73.9487,40.78838
-73.94867,40.71856
-73.94867,40.82945
-73.94858,40.7814
-73.94857,40.714
-73.94852,40.7975
-73.94848,40.75024
-73.94845,40.72444
-73.9484,40.77787
-73.94831,40.7186
-73.9483,40.7111
-73.94829,40.778
-73.94813,42.7997
-73.94809,40.71112
-73.94804,40.72654
-73.94796,40.59286
-73.94786,40.77522
-73.94778,40.7114
-73.94777,40.71115
-73.94759,40.74525
-73.94745,40.80454
-73.94744,40.71118
-73.94703,40.79098
-73.94681,40.71149
-73.94676,40.81395
-73.94651,40.72529
-73.9464,40.71153
-73.9461,40.72544
-73.94604,40.71157
-73.94591,42.81379
-73.94575,40.71954
-73.94537,40.71101
-73.94527,40.71892
-73.9452,40.71167
-73.94515,40.71824
-73.94514,40.72565
-73.9451,40.70765
-73.94463,40.72313
-73.94463,40.72546
-73.94461,40.71489
-73.94446,40.71397
-73.94439,40.6848
-73.94429,40.68601
-73.94368,40.68308
-73.94342,40.71475
-73.94324,40.70644
-73.94322,42.81458
-73.9432,40.71912
-73.94304,42.81585
-73.94297,40.67991
-73.94295,41.01775
-73.94279,40.7075
-73.94255,40.71456
-73.94245,40.72149
-73.9424,40.71192
-73.94222,40.81782
-73.94217,40.72787
-73.94187,42.81106
-73.94182,40.68861
-73.94177,40.68009
-73.94163,40.71349
-73.9416,40.71482
-73.94133,40.68007
-73.94117,40.83345
-73.94111,42.81593
-73.94083,40.74891
-73.94071,40.72105
-73.94061,40.683
-73.94054,40.75208
-73.94049,40.72354
-73.94046,40.72157
-73.94029,42.81393
-73.94022,40.74771
-73.94022,42.81404
-73.94009,40.70818
-73.94001,42.81256
-73.9397,42.81238
-73.93968,40.75
-73.93968,40.75266
-73.93955,40.70725
-73.9395,40.7196
-73.93913,40.72603
-73.93865,40.68522
-73.93858,40.68484
-73.93844,40.6842
-73.93812,40.70841
-73.93771,40.70842
-73.93754,42.81808
-73.93743,42.82289
-73.9372,40.70923
-73.93712,40.85491
-73.93667,42.82335
-73.93657,40.71312
-73.93656,40.79632
-73.93648,42.82461
-73.93637,40.84981
-73.93624,41.70578
-73.93572,40.67752
-73.93571,40.75442
-73.93514,40.70898
-73.93507,42.80816
-73.93499,40.6834
-73.93472,40.69734
-73.93471,40.73569
-73.93469,40.68343
-73.93469,40.69717
-73.93468,40.6817
-73.9342,40.69821
-73.93397,40.71375
-73.93355,40.7027
-73.93348,42.82641
-73.93333,40.69606
-73.93311,42.82475
-73.93269,40.70533
-73.93258,40.85733
-73.93257,40.70536
-73.9325,40.70708
-73.93245,41.70494
-73.93217,40.86899
-73.93216,41.70488
-73.93202,40.69553
-73.93199,40.70722
-73.93195,40.70498
-73.93194,40.68324
-73.93161,40.6975
-73.93145,40.69752
-73.93123,41.70472
-73.93099,40.69473
-73.93079,40.70404
-73.93057,40.6945
-73.93051,40.69446
-73.93023,40.70343
-73.93009,40.70072
-73.93,40.69635
-73.92999,40.59435
-73.92998,40.70439
-73.92986,40.69373
-73.92985,40.70286
-73.92964,40.68508
-73.92954,40.70271
-73.92954,40.75634
-73.92948,40.68428
-73.92946,40.70002
-73.92921,40.68256
-73.92919,40.70283
-73.9289,40.86441
-73.92872,40.70257
-73.92864,40.81908
-73.92844,40.69979
-73.92798,40.75845
-73.92791,40.81894
-73.92788,40.75557
-73.92785,40.865
-73.92769,40.86611
-73.92752,40.69241
-73.92751,40.75781
-73.92745,40.86591
-73.92728,40.77234
-73.92725,40.75526
-73.92724,40.68803
-73.92709,40.70161
-73.92707,40.69778
-73.92698,40.69779
-73.92685,40.86441
-73.92669,40.69926
-73.92665,40.76562
-73.92662,40.69809
-73.92639,42.40466
-73.92587,40.70541
-73.92582,40.70053
-73.92579,40.70291
-73.92574,40.76227
-73.92558,40.7004
-73.9255,40.75657
-73.92541,40.5928
-73.92536,40.74697
-73.92535,40.59273
-73.92533,40.76236
-73.92518,40.75511
-73.92517,40.76174
-73.92511,40.8618
-73.92491,40.69094
-73.92447,40.76139
-73.92433,40.76162
-73.92409,40.69729
-73.92379,40.70583
-73.92375,40.74711
-73.92374,40.74711
-73.92371,40.74344
-73.92369,40.70594
-73.92362,40.70603
-73.92356,40.74033
-73.9234,40.70826
-73.92339,40.76118
-73.92304,40.70501
-73.92299,40.70628
-73.92278,40.74394
-73.92269,40.70701
-73.92265,40.7066
-73.92259,40.76052
-73.92255,40.70553
-73.92248,40.7056
-73.92241,40.70567
-73.92205,40.7059
-73.92178,40.70745
-73.92174,42.79639
-73.92168,40.76362
-73.92167,40.70795
-73.92162,40.70565
-73.92158,40.76374
-73.92156,40.76033
-73.92136,40.74496
-73.92135,40.76727
-73.92128,40.70716
-73.92125,40.70622
-73.92123,40.76739
-73.92108,40.70631
-73.921,40.76301
-73.92095,40.74508
-73.92085,40.74371
-73.92072,40.74369
-73.92062,40.70275
-73.92052,40.70278
-73.92037,40.69959
-73.92036,40.70835
-73.92026,40.70511
-73.92017,40.66581
-73.92012,40.73924
-73.91989,40.76278
-73.9198,40.7
-73.91972,40.74358
-73.91968,40.75914
-73.91961,40.70818
-73.9196,40.86614
-73.91954,40.75854
-73.91938,40.75899
-73.9193,41.59848
-73.91927,40.75842
-73.91917,41.59874
-73.91914,40.74164
-73.91889,40.70389
-73.91885,40.76555
-73.9188,40.76551
-73.91873,40.76548
-73.9186,40.76575
-73.91845,40.77462
-73.91835,40.76175
-73.91828,40.74227
-73.91788,40.74643
-73.91769,40.74639
-73.91761,40.76041
-73.91739,40.75807
-73.91728,40.78094
-73.91724,40.6988
-73.91713,40.86937
-73.91711,40.76475
-73.91708,42.79171
-73.91707,40.75792
-73.91636,40.75785
-73.91635,40.76468
-73.91618,40.76072
-73.91608,40.70015
-73.91599,40.76421
-73.91579,40.69967
-73.91548,40.69044
-73.91544,40.74615
-73.91542,40.76393
-73.91514,40.74609
-73.91503,40.77605
-73.91487,40.68557
-73.91477,40.77554
-73.91469,40.7658
-73.91456,40.76418
-73.91446,40.6989
-73.91433,40.70114
-73.91402,40.83365
-73.91396,40.70097
-73.9136,40.7747
-73.91353,40.77464
-73.91341,40.76341
-73.9134,40.70099
-73.91325,40.7748
-73.91314,40.76592
-73.91306,40.7665
-73.91293,41.60433
-73.9129,40.76622
-73.91288,40.70606
-73.91283,41.92759
-73.91281,40.76904
-73.91279,41.92743
-73.91271,40.77471
-73.91268,42.77147
-73.9125,40.70875
-73.9123,40.76695
-73.91222,40.70681
-73.91218,40.77019
-73.91213,40.56136
-73.91208,42.78729
-73.91206,40.7748
-73.91169,40.68186
-73.91144,40.77318
-73.91124,40.69493
-73.91112,41.9271
-73.91097,40.76182
-73.91095,40.70458
-73.91088,40.74443
-73.91075,40.7448
-73.91057,40.80044
-73.91044,40.70426
-73.91003,42.05871
-73.90997,40.77578
-73.90992,40.7754
-73.90986,40.74478
-73.90968,40.76967
-73.90962,40.70411
-73.90951,40.69132
-73.90941,40.76144
-73.90911,40.68461
-73.90899,40.77511
-73.90899,40.7785
-73.90886,40.76087
-73.90869,40.77487
-73.90861,40.77483
-73.90816,40.70333
-73.90813,40.68596
-73.90808,40.70107
-73.90805,40.70317
-73.90784,40.68388
-73.90763,40.69776
-73.90735,40.70062
-73.90727,40.76013
-73.90707,40.70556
-73.90697,40.70916
-73.90682,40.74525
-73.9068,40.69694
-73.90629,40.69462
-73.90627,40.70508
-73.90574,40.74558
-73.90568,40.7068
-73.90547,40.72031
-73.90524,40.69787
-73.90524,40.70154
-73.90523,40.74517
-73.90515,41.56363
-73.90501,40.76918
-73.90466,40.69611
-73.90462,40.74192
-73.90444,40.87915
-73.90435,40.74494
-73.90403,40.69622
-73.90396,40.90651
-73.90351,40.74472
-73.90343,40.74587
-73.90276,40.69374
-73.90224,40.76134
-73.90221,40.70033
-73.90185,40.88343
-73.9017,40.69287
-73.9017,40.93459
-73.90166,40.71708
-73.90153,40.8419
-73.90138,40.70299
-73.90118,40.70257
-73.9008,40.71402
-73.90007,40.72921
-73.89984,40.7461
-73.8997,40.88467
-73.89921,40.70978
-73.89909,40.74979
-73.89901,40.74638
-73.8989,40.74971
-73.89878,40.70167
-73.89863,40.69969
-73.89666,40.86699
-73.89646,40.74601
-73.89625,40.74692
-73.89619,40.74664
-73.89617,40.74658
-73.89609,40.73746
-73.89531,40.70348
-73.89529,40.70342
-73.8952,40.74631
-73.89474,40.75061
-73.89429,40.70562
-73.89399,40.7269
-73.89362,40.7268
-73.8931,41.20708
-73.89236,40.75844
-73.89159,40.67655
-73.89013,40.74583
-73.8898,40.74613
-73.8898,40.74689
-73.88973,40.7469
-73.88936,40.7472
-73.88924,40.74721
-73.88849,40.74683
-73.88747,40.74714
-73.8874,40.74742
-73.8871,40.94661
-73.88619,42.70006
-73.88598,40.85722
-73.88507,40.96046
-73.88426,40.75553
-73.88295,40.75565
-73.88085,40.82816
-73.88078,40.74186
-73.87889,40.71287
-73.87882,40.71288
-73.87872,40.90889
-73.87814,40.90874
-73.87741,40.73759
-73.87726,40.72605
-73.87694,40.70397
-73.87326,40.70668
-73.87318,40.77564
-73.87289,42.2167
-73.87193,40.77583
-73.87119,40.77326
-73.87089,40.77286
-73.8707,40.77284
-73.86942,40.77391
-73.86923,40.77451
-73.86844,40.77324
-73.86827,40.74567
-73.86797,41.15881
-73.86755,40.89857
-73.86753,40.90045
-73.86748,40.89787
-73.86748,40.90009
-73.86707,40.89843
-73.86692,40.89771
-73.86672,40.90381
-73.86671,40.90339
-73.86662,40.90366
-73.86492,40.90305
-73.86466,40.7101
-73.86451,40.90297
-73.86419,40.77027
-73.8637,40.68982
-73.8636,40.73025
-73.8634,40.75789
-73.86259,40.74689
-73.86257,40.69218
-73.86244,40.75105
-73.86231,41.08415
-73.85581,40.87211
-73.85549,40.75189
-73.85519,40.84838
-73.85369,40.83445
-73.85281,40.75262
-73.85038,43.00261
-73.84957,40.57845
-73.84623,40.72099
-73.8458,40.75061
-73.84521,40.75066
-73.84516,40.72042
-73.84485,40.75793
-73.84441,40.74892
-73.8432,41.02075
-73.84235,40.71934
-73.8392,42.76969
-73.83917,40.71898
-73.83764,40.58021
-73.83747,40.57991
-73.83666,40.57925
-73.83553,40.68702
-73.83512,40.94132
-73.8346,40.7584
-73.83421,40.94199
-73.83415,40.93985
-73.83315,40.58122
-73.83301,40.68412
-73.83227,40.84725
-73.83215,40.71463
-73.83173,42.62351
-73.83118,40.76119
-73.83116,40.70785
-73.83031,40.76112
-73.82997,40.70944
-73.82844,42.62357
-73.82823,41.15244
-73.82771,40.95153
-73.82598,40.68577
-73.82597,40.58059
-73.82443,40.68596
-73.82433,41.60639
-73.82184,40.68693
-73.82061,40.70224
-73.82041,40.95856
-73.8172,40.89116
-73.8167,40.58441
-73.81529,40.73965
-73.81457,43.0601
-73.81441,43.06022
-73.81438,40.78858
-73.81435,40.69062
-73.81359,40.71881
-73.81312,40.70239
-73.81072,40.58463
-73.81053,42.62928
-73.81006,42.26055
-73.80944,40.72069
-73.80935,40.70538
-73.80902,42.74623
-73.80872,42.74497
-73.80853,40.70191
-73.80782,40.71519
-73.8076,40.69906
-73.80444,40.75622
-73.80322,42.65723
-73.80229,42.65704
-73.79804,42.2516
-73.79705,42.25498
-73.79678,40.59075
-73.79659,42.67747
-73.79454,43.07016
-73.79362,40.64721
-73.79318,43.07946
-73.79306,41.13322
-73.79285,42.90151
-73.79266,40.64743
-73.79218,40.65025
-73.79194,42.6661
-73.79189,40.64771
-73.79184,40.64222
-73.79118,40.67327
-73.79113,40.74006
-73.79081,40.64797
-73.79055,42.96477
-73.79025,40.71148
-73.79003,40.6498
-73.78976,40.76125
-73.78836,40.70732
-73.78779,42.65324
-73.78716,43.05521
-73.78637,40.70773
-73.78623,40.70774
-73.78619,40.70774
-73.78617,40.84682
-73.78596,40.84534
-73.78528,43.08277
-73.78525,40.84346
-73.78513,43.08045
-73.78493,43.08217
-73.78462,43.08208
-73.7845,43.08206
-73.7845,43.08223
-73.78449,40.71268
-73.78439,43.0822
-73.78424,43.08217
-73.78405,43.08258
-73.78403,43.08264
-73.78382,40.90912
-73.7835,42.66065
-73.78282,42.66131
-73.78244,40.71283
-73.7824,40.64304
-73.78217,43.08247
-73.78191,40.71295
-73.7815,40.64361
-73.78101,40.63848
-73.78096,42.64093
-73.7796,40.7298
-73.77711,40.64563
-73.77673,42.64299
-73.77652,42.65233
-73.77421,42.8179
-73.77396,40.64575
-73.77386,42.65949
-73.77367,42.87782
-73.77275,42.66523
-73.77232,40.6458
-73.77104,40.76405
-73.77093,43.07556
-73.76902,42.65298
-73.76767,42.65201
-73.76747,42.65288
-73.76736,42.65264
-73.76703,42.65297
-73.76633,42.65914
-73.76587,42.65921
-73.76581,42.65061
-73.7656,42.65432
-73.76499,41.02811
-73.76463,41.02861
-73.76451,42.65726
-73.7644,42.65584
-73.76404,42.85829
-73.76292,40.71358
-73.76243,42.66042
-73.76219,43.83585
-73.76103,42.7281
-73.76054,40.67895
-73.76013,42.65404
-73.7587,40.93368
-73.758,42.85214
-73.75781,42.64693
-73.75726,42.77394
-73.75723,42.64748
-73.7549,42.64965
-73.75348,42.65073
-73.75239,40.92721
-73.75211,42.64917
-73.75207,40.92777
-73.75203,42.64913
-73.75195,40.61698
-73.75181,42.65292
-73.75174,42.65334
-73.75149,42.65283
-73.751,42.65191
-73.75097,42.64838
-73.75045,42.65402
-73.74888,42.67579
-73.74867,42.65812
-73.74697,41.57174
-73.74654,40.678
-73.74641,40.73599
-73.74477,42.66097
-73.74461,42.6611
-73.74444,42.66419
-73.74378,42.66188
-73.74295,42.66136
-73.73913,42.64767
-73.73653,40.73332
-73.73578,40.95369
-73.73363,40.94839
-73.72961,40.61785
-73.71397,43.42342
-73.71239,43.42352
-73.71229,42.72142
-73.7118,43.42633
-73.71136,42.903
-73.71131,41.23848
-73.70598,43.02961
-73.70312,40.66095
-73.70273,40.75228
-73.70149,42.7727
-73.70126,42.77362
-73.70026,40.73936
-73.70021,42.7703
-73.69983,40.79858
-73.69796,42.77166
-73.69528,42.78168
-73.69405,40.58588
-73.69374,42.76787
-73.69318,42.73051
-73.69275,40.7435
-73.69199,42.73177
-73.6914,42.73119
-73.69137,42.73158
-73.69127,42.74584
-73.69108,42.73127
-73.6909,42.73043
-73.69077,42.72841
-73.69056,42.72488
-73.69053,42.72868
-73.69053,42.73072
-73.68964,42.72908
-73.68958,42.73112
-73.68852,40.58597
-73.68851,40.64803
-73.68834,42.73247
-73.68831,42.73118
-73.68831,42.73227
-73.68769,42.73474
-73.68764,42.73478
-73.68755,42.73575
-73.68586,42.73216
-73.68585,43.3437
-73.67926,42.72291
-73.67643,40.71087
-73.67612,40.81358
-73.67502,40.65494
-73.67497,40.70722
-73.67464,40.735
-73.67392,40.67274
-73.67253,40.75175
-73.67223,40.65578
-73.67156,40.65574
-73.67084,40.58818
-73.6696,41.41515
-73.66954,40.65765
-73.66946,43.37221
-73.66664,40.69771
-73.66567,40.64317
-73.66492,40.70655
-73.66488,40.58825
-73.66049,40.63905
-73.66016,42.6102
-73.65944,40.64304
-73.65627,42.249
-73.65613,40.63918
-73.65589,40.70601
-73.65131,40.60368
-73.65121,40.58895
-73.65063,40.75433
-73.65058,43.30777
-73.64851,40.84926
-73.64831,40.65654
-73.64798,40.65813
-73.64723,43.30907
-73.64696,40.65735
-73.64591,40.65476
-73.64579,40.65555
-73.64572,40.65566
-73.64569,40.65572
-73.64539,43.31011
-73.64462,43.31007
-73.64393,43.31169
-73.64375,40.70489
-73.64259,43.4766
-73.63994,43.31774
-73.63944,43.27349
-73.63708,40.64975
-73.63376,43.31225
-73.62767,40.70797
-73.62728,40.70993
-73.62657,40.70637
-73.62516,40.70824
-73.62447,41.02237
-73.61948,40.70963
-73.61169,40.65162
-73.61068,45.2575
-73.60389,44.21318
-73.59736,40.87454
-73.596,43.40482
-73.59594,42.36305
-73.59529,42.3633
-73.59511,43.27131
-73.59256,44.21435
-73.58721,42.8936
-73.58673,42.89501
-73.58645,43.26856
-73.5824,40.63499
-73.58124,43.26431
-73.5804,43.09959
-73.57219,41.42
-73.54785,40.72532
-73.54448,40.71145
-73.54378,40.71143
-73.54288,41.04067
-73.54268,41.06237
-73.54255,41.03986
-73.54206,41.0528
-73.54097,41.05299
-73.53934,41.05166
-73.53855,41.0559
-73.53838,41.05704
-73.53823,41.05648
-73.53141,40.87314
-73.52855,40.66937
-73.52313,40.7244
-73.5205,40.72501
-73.51005,43.64104
-73.50945,44.06139
-73.5092,41.04881
-73.50852,40.67273
-73.50311,43.08743
-73.49233,41.88427
-73.48751,40.72562
-73.48658,41.38558
-73.48041,40.74128
-73.47263,44.04494
-73.47103,41.38881
-73.46158,44.69489
-73.46115,40.71763
-73.45937,44.04473
-73.45915,44.04923
-73.4561,40.67848
-73.45557,40.6781
-73.45528,40.67815
-73.45284,44.69719
-73.45263,41.39624
-73.45205,41.39753
-73.45149,41.39726
-73.45086,44.18834
-73.44896,40.72891
-73.44735,44.68317
-73.44629,40.73455
-73.44616,40.73363
-73.44587,40.7341
-73.44557,40.7331
-73.4442,44.68087
-73.43579,44.17894
-73.43099,44.18249
-73.42904,40.74819
-73.42766,40.87151
-73.42614,40.8691
-73.42344,43.84857
-73.4214,40.74476
-73.42095,41.08183
-73.41757,41.09884
-73.41259,41.11941
-73.41227,41.11811
-73.41103,41.11834
-73.4072,45.18993
-73.40107,43.55522
-73.38078,42.63331
-73.3807,43.02876
-73.37481,40.68628
-73.37461,40.68814
-73.37421,40.68703
-73.37421,40.68731
-73.37178,41.12481
-73.37057,41.66265
-73.3638,42.19499
-73.35049,40.90021
-73.34352,42.92511
-73.33712,40.89379
-73.3358,40.89476
-73.32598,40.70048
-73.32265,40.69836
-73.32186,40.70175
-73.31323,43.89424
-73.30673,40.70828
-73.3038,40.84109
-73.28406,42.35775
-73.26517,43.59318
-73.25785,41.14124
-73.25461,42.44873
-73.25202,41.18141
-73.25092,44.16731
-73.24728,40.72154
-73.24708,40.72293
-73.24677,40.7222
-73.24347,42.45802
-73.24105,41.15137
-73.24049,41.15167
-73.23653,41.15441
-73.23571,41.15446
-73.2329,41.164
-73.23267,40.62785
-73.22964,40.73389
-73.2296,42.51248
-73.22787,41.15666
-73.22782,40.72848
-73.22762,41.15641
-73.22732,44.25465
-73.22702,41.15727
-73.22645,41.15771
-73.22539,41.15883
-73.22536,41.15886
-73.22474,41.15952
-73.2238,41.17654
-73.22135,44.48434
-73.22081,41.1636
-73.22022,44.46163
-73.22003,44.47931
-73.21463,44.47661
-73.21462,44.47714
-73.21457,44.46855
-73.21439,44.4685
-73.21438,44.47723
-73.21437,44.47727
-73.21425,44.4767
-73.21422,44.47605
-73.21403,44.48464
-73.21378,44.4757
-73.21341,44.47575
-73.21296,44.47696
-73.21287,44.47577
-73.21281,44.47838
-73.21273,44.47687
-73.21265,44.47556
-73.21239,44.47669
-73.21236,44.47656
-73.21212,44.47698
-73.21204,44.47673
-73.21183,41.21428
-73.21171,44.48034
-73.21168,44.477
-73.21156,44.47614
-73.21129,44.47615
-73.21107,44.48066
-73.21107,44.48079
-73.2097,44.47827
-73.20489,42.71038
-73.20119,41.1881
-73.20085,42.7079
-73.20073,41.19693
-73.18956,44.49174
-73.18668,44.49067
-73.18559,44.49086
-73.17954,44.46825
-73.17568,44.50656
-73.16949,40.74192
-73.15634,44.48335
-73.14318,41.1945
-73.13921,40.65051
-73.13301,40.8646
-73.12691,44.44552
-73.125,44.49691
-73.12376,40.83313
-73.11863,40.81635
-73.11399,42.70196
-73.11355,42.70016
-73.11328,44.64016
-73.11238,44.48789
-73.11158,44.49046
-73.1113,44.49
-73.11016,44.49177
-73.10926,44.44528
-73.1091,44.33537
-73.10553,40.82648
-73.10211,44.80234
-73.1021,44.80239
-73.10152,41.2023
-73.10137,40.82788
-73.09884,41.32625
-73.09741,41.20411
-73.09527,40.79017
-73.08872,43.79959
-73.08859,40.73289
-73.08834,43.79885
-73.08797,41.39784
-73.08684,41.65857
-73.08527,44.48375
-73.08476,40.74055
-73.08417,40.77273
-73.08393,40.78334
-73.08372,42.32752
-73.08177,44.8145
-73.08147,44.5061
-73.07694,44.13273
-73.07642,41.66888
-73.07108,41.22436
-73.07001,40.666
-73.06983,40.66537
-73.06839,40.94555
-73.06806,40.94506
-73.06765,40.94536
-73.0468,40.86311
-73.01749,41.25455
-73.01571,41.25623
-73.01488,40.76557
-73.01392,40.76579
-72.99339,44.40499
-72.99089,40.94239
-72.98822,45.28472
-72.98669,41.23611
-72.98234,41.33944
-72.97271,42.54112
-72.96981,43.59661
-72.96314,41.86918
-72.96033,41.67227
-72.95964,41.32715
-72.9596,41.32678
-72.93945,41.3
-72.9369,41.30935
-72.93519,41.30942
-72.93392,41.30819
-72.93338,41.31173
-72.9326,41.3088
-72.9321,41.30817
-72.932,41.30931
-72.93088,41.30803
-72.93017,41.30614
-72.92904,41.30704
-72.929,41.3071
-72.92897,41.30563
-72.92895,41.30716
-72.9285,41.30542
-72.9285,41.30705
-72.92786,41.30564
-72.9273,41.3064
-72.92623,41.30444
-72.92584,41.30337
-72.92526,41.30483
-72.9252,41.30447
-72.92497,41.30413
-72.92467,41.30402
-72.92393,41.30366
-72.92367,41.30604
-72.92266,41.63918
-72.9223,41.30788
-72.92104,41.30755
-72.91316,41.31359
-72.9127,41.34582
-72.91246,41.29904
-72.91099,43.10572
-72.91069,41.31518
-72.91052,41.32141
-72.90994,41.31535
-72.90985,41.31541
-72.90966,41.31591
-72.90942,41.3194
-72.90851,43.11342
-72.90706,41.32205
-72.90666,43.11348
-72.90657,43.11351
-72.90542,43.11359
-72.90353,41.41503
-72.89896,41.4046
-72.89756,41.67245
-72.89604,41.32458
-72.89578,44.13572
-72.89413,41.29067
-72.89306,43.15337
-72.88791,41.75784
-72.88591,41.28701
-72.87148,42.86825
-72.86135,40.7339
-72.85559,44.11472
-72.84855,42.92906
-72.83867,45.05364
-72.83525,44.18786
-72.8333,43.66409
-72.82585,41.45652
-72.82361,41.4567
-72.82102,41.45521
-72.81829,41.45508
-72.818,41.45542
-72.8176,41.45488
-72.81324,41.47767
-72.81244,41.53927
-72.80767,41.49043
-72.80156,41.87287
-72.80144,41.87405
-72.80119,41.26079
-72.80064,41.54083
-72.80013,45.13046
-72.79264,41.96599
-72.78982,45.42298
-72.77456,44.57242
-72.77378,41.6831
-72.77284,43.20162
-72.76698,41.60196
-72.76569,42.1115
-72.76427,41.63384
-72.76281,41.91055
-72.75611,44.33769
-72.75609,44.3372
-72.74917,45.1991
-72.74868,42.12165
-72.74861,42.12419
-72.74223,45.40721
-72.74036,41.76019
-72.73537,44.47028
-72.73051,42.39237
-72.72764,41.94067
-72.72571,41.73048
-72.72424,41.51273
-72.72302,41.69714
-72.72144,41.69684
-72.72062,45.39734
-72.71853,44.47613
-72.71545,44.47718
-72.71395,44.47384
-72.7118,44.47422
-72.70745,41.61301
-72.70712,41.76636
-72.70669,43.39934
-72.70579,41.69526
-72.70205,41.75743
-72.70029,43.39634
-72.69617,41.52938
-72.6954,41.29079
-72.68429,44.46547
-72.68299,41.60186
-72.6814,41.46054
-72.68076,41.7686
-72.68073,41.76859
-72.67978,45.3053
-72.67959,41.76771
-72.67957,41.76772
-72.67848,41.60562
-72.67806,41.76794
-72.67803,41.76811
-72.67712,41.7672
-72.67711,41.64479
-72.67711,41.7672
-72.6765,41.62569
-72.6711,41.91955
-72.67055,42.27222
-72.66652,41.93192
-72.66641,40.91962
-72.66636,42.26478
-72.66589,42.26467
-72.66577,42.26446
-72.66537,41.52493
-72.66466,42.26412
-72.65989,43.58836
-72.65587,44.14894
-72.65526,44.14878
-72.65356,41.61841
-72.65044,41.562
-72.64983,41.56121
-72.64941,41.56196
-72.64938,41.56194
-72.64866,41.85502
-72.64243,45.3157
-72.63366,43.83097
-72.63323,42.31812
-72.63029,42.08872
-72.6291,42.32014
-72.6289,42.32029
-72.6274,42.31939
-72.62717,42.31856
-72.61538,42.16113
-72.61531,45.10534
-72.61507,45.10652
-72.60981,42.47728
-72.60849,42.47749
-72.60821,41.83162
-72.60742,42.37082
-72.60259,42.58733
-72.60114,42.58779
-72.60004,42.58862
-72.59225,42.1029
-72.59213,42.10428
-72.59202,42.10466
-72.58679,42.09986
-72.58665,42.09908
-72.58649,42.09963
-72.58604,42.09866
-72.58324,41.99982
-72.57617,42.25848
-72.57575,44.2608
-72.57572,44.2599
-72.5751,44.26069
-72.56636,44.2503
-72.56612,41.35914
-72.56191,41.35014
-72.56178,45.10429
-72.55998,42.85165
-72.55945,42.85199
-72.55871,42.8531
-72.55805,42.85202
-72.55602,42.60758
-72.55293,41.79695
-72.55257,42.03255
-72.53925,45.21285
-72.53734,40.98541
-72.5268,42.39205
-72.5255,41.2784
-72.52363,45.57211
-72.52321,41.72974
-72.52018,42.37627
-72.52016,42.37621
-72.51972,42.3406
-72.51966,42.37661
-72.51825,43.62537
-72.51813,42.37615
-72.51523,41.7644
-72.51438,45.35545
-72.51112,45.21672
-72.5096,45.21619
-72.50665,44.93909
-72.50459,44.92974
-72.50109,42.09454
-72.50009,41.58395
-72.49532,44.37535
-72.49425,42.57813
-72.48789,41.84126
-72.48645,42.15545
-72.48384,41.84879
-72.48233,42.63178
-72.47554,42.15463
-72.4656,41.78437
-72.45917,41.63121
-72.45449,41.04139
-72.45043,41.40281
-72.45009,41.40273
-72.44617,43.13528
-72.42602,41.36587
-72.42457,44.27782
-72.41186,42.27397
-72.38969,41.35249
-72.37722,41.29414
-72.3769,41.29795
-72.37586,41.29127
-72.35867,41.10363
-72.35445,41.8597
-72.35063,41.28351
-72.33352,41.78428
-72.3326,41.57519
-72.31962,43.6484
-72.31832,43.64576
-72.31617,45.30165
-72.31504,45.49976
-72.31145,44.40249
-72.30963,43.71484
-72.30853,43.62502
-72.29736,42.91578
-72.28685,42.9318
-72.27924,42.93401
-72.27744,42.93214
-72.27676,41.7835
-72.27463,42.9277
-72.27177,44.93484
-72.26649,40.94491
-72.26285,44.60672
-72.25544,45.13944
-72.25272,43.64263
-72.23638,41.67924
-72.23067,42.59263
-72.22625,43.36358
-72.2215,45.31755
-72.21143,41.71284
-72.2081,41.71089
-72.19871,41.71521
-72.19335,41.32394
-72.19229,40.95993
-72.16456,45.30989
-72.15728,43.81126
-72.15533,45.26625
-72.15313,45.26597
-72.15089,45.2654
-72.14614,42.58228
-72.14172,45.26905
-72.14151,41.56494
-72.14012,45.26308
-72.12764,45.32961
-72.11316,41.40404
-72.10683,41.4538
-72.10301,44.43063
-72.09882,41.30914
-72.09846,45.00708
-72.09609,41.35425
-72.09489,41.35268
-72.09386,41.35381
-72.09384,41.35383
-72.09259,41.49263
-72.09187,41.49131
-72.09181,41.49204
-72.09178,41.49087
-72.0908,41.49137
-72.09014,41.49212
-72.08996,41.49219
-72.08946,41.49188
-72.08945,41.49235
-72.08879,41.49105
-72.0884,41.49217
-72.08819,41.49162
-72.07834,41.52407
-72.07689,41.52442
-72.07567,41.52532
-72.0744,41.52571
-72.07428,41.52601
-72.06006,41.34272
-72.05439,45.29632
-72.04692,42.68559
-72.04171,45.16914
-72.03669,41.34616
-72.03507,44.15102
-72.01624,42.69347
-72.01412,44.42446
-72.00398,42.78631
-71.98102,41.60684
-71.97314,45.27616
-71.97199,41.3533
-71.97186,41.35349
-71.97141,41.3547
-71.9708,41.35507
-71.97059,41.3545
-71.96149,41.47364
-71.96116,41.47417
-71.96079,41.47436
-71.96039,43.3995
-71.95759,41.4728
-71.95296,41.04933
-71.94488,44.58738
-71.94454,44.58664
-71.94409,41.0367
-71.9324,45.39855
-71.92884,45.39805
-71.92595,45.38718
-71.9199,41.68005
-71.9168,45.39907
-71.90954,42.63519
-71.90951,42.63534
-71.90817,41.91446
-71.90689,41.72298
-71.89842,45.39673
-71.89375,45.39954
-71.89219,45.40459
-71.8916,45.40091
-71.89072,45.40238
-71.89069,45.40341
-71.89032,45.39456
-71.88984,45.40178
-71.88899,45.39954
-71.88848,45.40067
-71.88516,41.80406
-71.88388,41.80408
-71.87046,42.55871
-71.86561,41.36568
-71.85605,45.36612
-71.85428,42.54565
-71.85377,42.5475
-71.85096,45.41046
-71.85004,42.23605
-71.84996,42.23259
-71.83324,41.7122
-71.83311,41.37701
-71.83094,42.24469
-71.83039,42.24402
-71.83024,41.37885
-71.82926,41.38095
-71.82913,41.38094
-71.82841,45.24727
-71.82776,42.25259
-71.82564,42.25457
-71.82299,42.25689
-71.81959,42.26426
-71.8194,42.26379
-71.81532,42.24158
-71.80558,42.58589
-71.8039,42.58471
-71.80142,42.26581
-71.80107,42.2876
-71.80074,42.25684
-71.80063,42.26872
-71.80057,42.26294
-71.80024,42.25658
-71.80014,42.266
-71.80004,42.25665
-71.79962,42.58264
-71.79951,42.2569
-71.79939,42.2659
-71.79905,42.25732
-71.79884,42.2575
-71.79801,42.25933
-71.79796,42.2586
-71.79788,42.25762
-71.7978,42.25722
-71.79779,42.25444
-71.79772,42.25552
-71.79741,42.58209
-71.79657,45.1324
-71.79605,42.25605
-71.79589,42.25843
-71.79176,42.26295
-71.79123,42.2635
-71.78987,42.26386
-71.78351,42.58387
-71.78144,42.26823
-71.78122,42.57241
-71.78097,44.30814
-71.77891,42.56678
-71.77828,42.2689
-71.77465,42.56571
-71.77347,42.29541
-71.77267,42.57111
-71.76275,43.77038
-71.76052,42.52572
-71.75949,42.52476
-71.75776,42.51612
-71.75061,42.58083
-71.74695,42.56632
-71.72543,42.59491
-71.69357,42.42285
-71.68463,42.20645
-71.66113,42.64976
-71.65983,44.05061
-71.6592,44.04993
-71.64931,42.83644
-71.64897,42.83532
-71.64894,42.83521
-71.64839,42.83565
-71.63361,45.40965
-71.61152,44.37316
-71.60644,43.88143
-71.59356,43.44064
-71.59316,43.43765
-71.58899,42.55951
-71.58852,42.55976
-71.5789,42.02711
-71.56988,42.39163
-71.56931,44.48827
-71.56923,42.39113
-71.56909,42.39135
-71.56666,42.39095
-71.56553,41.48186
-71.5645,42.39149
-71.55893,42.39263
-71.53643,43.20758
-71.53553,43.2044
-71.53505,41.72407
-71.53324,43.20064
-71.52364,41.706
-71.50961,42.95792
-71.50881,42.95602
-71.50494,43.95024
-71.50115,41.69571
-71.50004,41.82394
-71.49892,41.82245
-71.49515,42.35085
-71.47949,41.85566
-71.47931,42.97585
-71.47488,43.44575
-71.47334,41.78383
-71.47263,42.55251
-71.47015,43.5284
-71.46766,42.99456
-71.46751,42.75712
-71.46464,42.25981
-71.4645,43.15449
-71.46444,42.7622
-71.46391,41.73775
-71.46379,42.99263
-71.46332,42.99201
-71.46327,42.99575
-71.46287,42.99348
-71.46261,42.99104
-71.46214,42.99105
-71.46209,42.9901
-71.46107,42.99104
-71.4605,43.60845
-71.46038,43.60829
-71.45891,42.98718
-71.45484,42.43197
-71.45352,42.98083
-71.45241,43.13077
-71.45169,42.43242
-71.45028,42.13091
-71.45016,41.66195
-71.44804,42.97663
-71.4458,41.66512
-71.44471,42.54228
-71.4435,42.54259
-71.44343,41.72658
-71.4394,42.92707
-71.43763,42.92776
-71.43747,42.92766
-71.43721,42.92813
-71.4357,41.72596
-71.43503,41.75347
-71.43499,41.72563
-71.43475,41.82453
-71.43447,41.81608
-71.4342,41.82496
-71.43123,41.78801
-71.43012,41.82602
-71.42768,42.6834
-71.42756,41.8172
-71.42655,42.27336
-71.42626,42.27348
-71.42589,41.80928
-71.42049,41.83662
-71.41682,41.82236
-71.41587,42.27683
-71.41564,41.82357
-71.41476,41.82291
-71.41463,41.824
-71.41418,41.82164
-71.41392,41.8256
-71.4121,41.82293
-71.41208,41.82018
-71.4105,41.82313
-71.41038,41.82312
-71.4101,41.81849
-71.40981,42.27988
-71.4094,41.82844
-71.40932,41.8282
-71.40931,41.82293
-71.40914,41.82283
-71.40871,41.88625
-71.40852,41.81722
-71.40548,41.8225
-71.4021,41.85123
-71.40173,42.27903
-71.40109,41.8233
-71.3988,41.85977
-71.39867,41.85969
-71.39714,41.81963
-71.39587,41.84762
-71.39227,41.8227
-71.38837,41.82998
-71.38811,41.82895
-71.38437,46.79118
-71.37997,46.75174
-71.37766,42.30263
-71.37754,46.7573
-71.37657,45.93236
-71.37274,46.84862
-71.37097,46.8889
-71.36977,46.98806
-71.36741,41.82011
-71.36399,46.7828
-71.36135,41.81795
-71.35825,45.90455
-71.35807,42.62313
-71.35733,46.83779
-71.35361,46.78717
-71.33575,46.8223
-71.33526,46.80104
-71.33072,46.8745
-71.32801,42.19385
-71.32781,42.63504
-71.32533,42.66166
-71.3194,42.64802
-71.31848,46.76998
-71.3169,41.47983
-71.31646,42.65051
-71.31549,41.4835
-71.31512,41.48456
-71.31502,41.48848
-71.31493,41.4892
-71.31487,41.48665
-71.31485,41.48667
-71.31414,42.64563
-71.31373,41.49135
-71.31293,41.4909
-71.31259,41.4912
-71.31086,42.64588
-71.31054,42.6446
-71.31054,42.64462
-71.31048,42.64562
-71.31026,42.64502
-71.31014,41.49346
-71.30991,41.49365
-71.30986,46.6507
-71.309,46.93756
-71.30899,42.64217
-71.30878,42.64209
-71.30875,42.63204
-71.30859,42.64507
-71.30785,42.64564
-71.30783,42.18562
-71.30562,41.51855
-71.302,46.84903
-71.30142,41.51617
-71.30118,46.08993
-71.297,41.52482
-71.29661,46.83351
-71.29562,43.20874
-71.29485,43.68679
-71.29466,46.08628
-71.2874,41.73385
-71.28622,46.79145
-71.28239,41.7302
-71.282,46.78689
-71.27959,42.49227
-71.27919,41.73016
-71.27778,41.67029
-71.27761,41.85176
-71.27734,41.66934
-71.27296,46.71215
-71.27218,42.46277
-71.27164,41.60962
-71.27072,41.67316
-71.27016,46.77902
-71.27015,46.71642
-71.2694,46.77863
-71.26899,46.71679
-71.26856,42.559
-71.26707,41.77015
-71.26088,42.48589
-71.2605,42.36641
-71.2588,46.73099
-71.2575,46.84609
-71.25293,46.84619
-71.2471,46.84296
-71.24681,46.84754
-71.2462,46.82866
-71.23897,42.3638
-71.23855,42.36397
-71.23846,46.81217
-71.23757,42.28064
-71.23756,42.36819
-71.23741,46.75339
-71.23723,42.36846
-71.23651,42.37179
-71.23567,46.75354
-71.23535,42.37667
-71.23323,42.78963
-71.23274,46.81152
-71.2303,46.82678
-71.22863,46.67816
-71.2282,46.81313
-71.22806,46.8132
-71.22695,46.8138
-71.22592,46.80348
-71.22589,46.82886
-71.22582,46.81182
-71.22568,46.80329
-71.22557,41.62389
-71.22553,46.81364
-71.22498,42.77053
-71.22477,46.81184
-71.22475,46.80296
-71.22415,46.80828
-71.22393,46.80834
-71.22362,46.81443
-71.22359,42.48831
-71.22343,46.81417
-71.22318,46.81424
-71.22275,46.83676
-71.22235,46.80891
-71.22178,46.80918
-71.22165,46.81428
-71.22118,46.80925
-71.22085,46.8157
-71.22084,46.80958
-71.21915,42.02991
-71.21885,46.81079
-71.21884,46.81596
-71.21871,46.816
-71.21855,46.81046
-71.21813,46.8179
-71.21808,42.02975
-71.21763,46.80585
-71.21701,46.80582
-71.21697,46.81129
-71.21615,46.80632
-71.21605,46.80639
-71.21603,46.80691
-71.21559,46.86218
-71.21397,46.81635
-71.21167,46.81307
-71.21099,46.81364
-71.21087,46.81371
-71.20973,46.8169
-71.20895,46.81481
-71.20878,46.8148
-71.20762,42.6963
-71.20595,46.81308
-71.20462,46.81215
-71.20377,46.81617
-71.20364,46.81265
-71.2034,42.38663
-71.20332,46.85327
-71.20329,46.81249
-71.20275,46.81446
-71.2015,42.19338
-71.20109,42.3875
-71.19841,42.19344
-71.19501,42.37103
-71.18726,46.80956
-71.18467,42.35831
-71.1833,46.80634
-71.18259,42.42417
-71.18219,43.03587
-71.18158,46.79903
-71.18006,46.79658
-71.16577,41.6902
-71.16548,44.16561
-71.1585,42.36136
-71.15631,46.78027
-71.15205,46.81446
-71.15041,42.33637
-71.14706,42.65636
-71.14669,42.70289
-71.14532,42.15461
-71.14345,46.48976
-71.13769,42.35375
-71.13741,42.45144
-71.1367,42.3393
-71.13647,42.45186
-71.13439,42.35312
-71.13328,42.34966
-71.13287,42.35524
-71.1321,42.35015
-71.12996,42.39692
-71.12823,44.05293
-71.12748,42.28728
-71.12678,42.40279
-71.1266,46.82166
-71.12652,44.05183
-71.12599,42.70146
-71.12431,42.39889
-71.12289,42.3722
-71.12285,42.34329
-71.12267,42.37236
-71.12259,42.39088
-71.12227,42.37277
-71.12215,42.39551
-71.12184,42.39553
-71.1214,42.3736
-71.1209,42.37242
-71.12065,42.37175
-71.12018,42.37276
-71.11998,42.38906
-71.11995,42.38898
-71.11984,42.38274
-71.11948,42.38207
-71.11826,42.36031
-71.11467,42.31119
-71.11452,42.30509
-71.11381,42.29921
-71.11286,42.30055
-71.11175,42.3996
-71.11019,42.41789
-71.10936,42.322
-71.1088,42.36826
-71.10721,42.39848
-71.10595,42.34963
-71.1054,42.41003
-71.10529,42.36613
-71.10514,42.36602
-71.10404,42.39671
-71.10324,42.07148
-71.10322,42.31444
-71.10304,42.52395
-71.10246,42.36486
-71.10202,42.33473
-71.10188,42.36409
-71.10169,42.34402
-71.10156,42.37449
-71.1015,42.37444
-71.10138,42.31253
-71.10095,42.34395
-71.10029,42.37313
-71.10016,42.37376
-71.09878,42.34603
-71.09859,42.36256
-71.09849,42.34705
-71.09836,42.85465
-71.0982,42.34732
-71.0981,42.38103
-71.09809,41.92339
-71.09793,42.36797
-71.09793,42.38073
-71.09793,42.38116
-71.09749,42.34744
-71.09739,41.92276
-71.09716,42.37338
-71.09698,42.37312
-71.09671,42.34704
-71.09636,42.34527
-71.09599,42.34633
-71.09594,42.34741
-71.09554,42.3494
-71.09523,42.3798
-71.09515,42.34735
-71.0949,42.34732
-71.09482,42.37975
-71.09471,42.34732
-71.09454,42.37993
-71.09453,42.34733
-71.09386,42.34856
-71.09296,42.40853
-71.09148,42.37264
-71.08936,42.35012
-71.08925,42.37483
-71.08767,42.07539
-71.08721,42.34184
-71.0869,42.37206
-71.08627,42.38902
-71.08562,42.77266
-71.08541,42.34721
-71.08494,42.77289
-71.08438,42.34837
-71.0843,42.34839
-71.08421,42.34842
-71.08341,42.34867
-71.08323,42.36306
-71.08161,42.40351
-71.08056,42.34183
-71.07977,42.34926
-71.07946,42.3506
-71.07945,42.39571
-71.07937,42.38217
-71.07917,42.39557
-71.07839,42.39514
-71.07787,42.39361
-71.07634,42.3686
-71.07533,42.37219
-71.0753,42.34223
-71.0729,42.34632
-71.07126,42.35595
-71.07064,42.36043
-71.0704,42.35833
-71.07012,42.36192
-71.06834,42.42686
-71.06799,42.40595
-71.06745,42.34998
-71.06684,42.34278
-71.06668,42.36101
-71.06657,42.40525
-71.06655,42.40519
-71.06598,42.37688
-71.06529,42.34364
-71.06476,42.3509
-71.06466,42.35135
-71.06462,42.35152
-71.06427,42.34542
-71.06425,42.3512
-71.06258,42.32216
-71.06244,42.36458
-71.06238,41.87842
-71.06234,42.35525
-71.06222,42.35519
-71.06184,42.36628
-71.06175,42.36446
-71.06172,42.35815
-71.06171,42.35838
-71.06153,42.35818
-71.06145,42.36593
-71.06099,42.36511
-71.06078,42.35716
-71.06074,42.35107
-71.06074,42.35744
-71.06059,42.29924
-71.06004,42.35711
-71.06001,42.35652
-71.05996,42.35686
-71.05967,42.35751
-71.05966,42.35717
-71.05941,42.36736
-71.0592,42.3534
-71.0591,42.36384
-71.05906,42.35375
-71.05872,42.35811
-71.05867,42.30591
-71.05867,42.36406
-71.05839,42.35077
-71.05721,42.3122
-71.05696,42.36177
-71.05686,42.36151
-71.0568,42.36099
-71.05673,42.36071
-71.05666,42.32972
-71.05658,42.35968
-71.05657,42.36169
-71.05656,42.31905
-71.05655,42.33781
-71.05604,42.28308
-71.05568,42.35447
-71.05562,42.35431
-71.05546,42.3603
-71.05543,42.36004
-71.05518,42.35186
-71.05495,42.36048
-71.05447,42.35915
-71.05438,42.35657
-71.05434,42.3641
-71.05419,42.35933
-71.05394,42.35811
-71.05367,42.35471
-71.05357,42.35767
-71.0533,42.35831
-71.05316,42.40569
-71.05277,42.35659
-71.05116,42.33926
-71.05068,42.41818
-71.05052,42.36068
-71.05033,42.35978
-71.04844,42.35018
-71.04826,42.35388
-71.048,42.3541
-71.04714,42.3501
-71.0453,42.33576
-71.04413,42.33599
-71.04354,42.38795
-71.0433,42.34616
-71.04127,42.33125
-71.03962,42.34795
-71.03807,42.37532
-71.03694,42.25172
-71.03682,42.34777
-71.03568,42.33802
-71.03379,42.34751
-71.03279,42.36424
-71.03102,42.29955
-71.02515,42.36178
-71.02417,42.3702
-71.02168,42.24309
-71.02039,42.36172
-71.01759,42.36303
-71.0155,42.36586
-71.01547,42.36742
-71.01432,42.73508
-71.00767,42.73229
-71.0075,42.23918
-71.00461,41.62844
-71.00195,42.24739
-70.99159,42.40668
-70.97759,43.3073
-70.97013,42.45882
-70.96328,46.97302
-70.96209,42.98125
-70.96209,42.98126
-70.9599,42.46972
-70.9589,42.46887
-70.95392,46.05861
-70.95183,42.45788
-70.94813,42.98188
-70.94284,47.01601
-70.93681,43.08113
-70.93655,42.56686
-70.93492,41.6205
-70.93465,43.08581
-70.93372,41.61033
-70.93105,42.85735
-70.92771,41.63365
-70.92555,43.13384
-70.92524,43.13375
-70.9242,42.52439
-70.92406,42.85714
-70.92273,42.25214
-70.92261,41.63446
-70.92209,41.6345
-70.92192,41.63504
-70.91978,43.13266
-70.91871,43.13224
-70.9162,42.3043
-70.91173,41.608
-70.9031,43.25762
-70.89734,42.84385
-70.89588,42.51333
-70.89495,42.51875
-70.89426,42.52124
-70.89356,42.51931
-70.89111,42.52044
-70.89105,42.52062
-70.89073,42.52233
-70.88935,42.52022
-70.88816,41.7089
-70.87901,42.55224
-70.87786,43.19859
-70.87534,43.19795
-70.87436,43.19886
-70.87383,43.1976
-70.87218,43.19503
-70.87083,42.80924
-70.86331,45.38524
-70.86082,42.27427
-70.85853,43.1743
-70.85716,44.47366
-70.8387,42.94152
-70.83741,42.67981
-70.83604,42.66969
-70.82945,44.4659
-70.81887,42.84313
-70.81487,42.90109
-70.81379,42.90516
-70.81205,42.90475
-70.8117,42.90634
-70.81112,42.90935
-70.8029,42.24111
-70.80124,43.01839
-70.79699,43.46455
-70.79098,42.16161
-70.78902,46.48417
-70.77529,43.06784
-70.77313,43.12978
-70.77257,46.20338
-70.77139,43.05033
-70.76241,43.07722
-70.75976,43.07723
-70.75973,43.07632
-70.75765,43.07763
-70.75763,43.07793
-70.757,43.07616
-70.75685,43.07578
-70.75423,43.07733
-70.74428,43.08578
-70.74382,43.0858
-70.74326,43.10128
-70.74323,42.16077
-70.74306,43.08592
-70.73557,43.09061
-70.73435,43.11132
-70.69115,42.13828
-70.68223,41.97207
-70.67281,42.0359
-70.66964,41.52321
-70.66741,41.95825
-70.66687,41.95814
-70.66682,41.96223
-70.66566,42.61204
-70.66505,41.95691
-70.66493,41.95678
-70.66444,41.95668
-70.66431,41.95653
-70.66426,41.95645
-70.66418,41.95674
-70.66293,41.95874
-70.66249,41.95483
-70.65702,44.9676
-70.65649,42.62373
-70.65459,42.61643
-70.64186,43.1479
-70.62428,42.67956
-70.61802,41.55225
-70.61465,42.66067
-70.61436,43.97313
-70.612,41.64621
-70.61092,41.74619
-70.60901,43.17633
-70.60896,41.38686
-70.60461,41.55224
-70.60222,43.24366
-70.59318,41.55936
-70.55752,41.45715
-70.55729,41.45613
-70.55708,41.45649
-70.55011,41.82162
-70.54528,46.61894
-70.54248,41.57919
-70.52738,41.3942
-70.52337,47.4489
-70.52325,47.44903
-70.51683,41.61642
-70.51177,41.38993
-70.49264,47.43244
-70.49002,41.6169
-70.46888,41.56565
-70.46813,41.56606
-70.45655,43.49483
-70.45646,43.49503
-70.45269,43.493
-70.45268,43.49288
-70.44307,43.68038
-70.43157,43.36615
-70.37655,43.51289
-70.37616,43.51593
-70.37596,43.51736
-70.37397,43.51631
-70.3625,43.68024
-70.34008,43.58884
-70.32944,43.62882
-70.3288,43.88235
-70.3203,43.70303
-70.32021,43.70275
-70.3202,43.703
-70.31999,43.7029
-70.31911,43.70266
-70.31785,43.7031
-70.29506,43.73454
-70.28982,43.75425
-70.28901,43.75529
-70.28732,46.5747
-70.28691,41.6511
-70.28607,41.65161
-70.28255,41.65402
-70.27209,47.21471
-70.27137,43.6537
-70.27037,43.65588
-70.26696,43.65284
-70.26626,43.6546
-70.26527,43.65323
-70.26208,43.65456
-70.25929,43.63406
-70.25713,43.65738
-70.25598,43.65387
-70.25485,43.65717
-70.2546,43.65498
-70.25435,43.65387
-70.25434,43.65813
-70.25399,43.65723
-70.25386,43.65685
-70.25346,43.65627
-70.25306,43.65873
-70.25302,43.66749
-70.25217,43.65702
-70.25167,43.66525
-70.25166,43.65655
-70.25151,43.66309
-70.25144,43.6599
-70.25073,43.65918
-70.25011,43.66432
-70.2488,43.6613
-70.23083,41.64957
-70.22456,44.09721
-70.21966,41.68476
-70.2187,44.09169
-70.19576,42.03759
-70.19336,43.80359
-70.19105,42.04644
-70.19023,42.04941
-70.1902,42.04725
-70.19005,42.04954
-70.18889,42.05004
-70.1888,42.04855
-70.1884,42.04878
-70.18827,42.04981
-70.18794,42.05029
-70.18745,42.05029
-70.18735,42.05018
-70.18567,42.05348
-70.1849,42.05244
-70.18357,42.05301
-70.14844,46.65389
-70.14667,46.65508
-70.11256,43.84688
-70.10637,43.74442
-70.10297,43.85828
-70.09842,41.28511
-70.09584,41.28434
-70.09043,41.27216
-70.07826,42.02991
-70.07808,42.03038
-70.07579,41.6861
-70.03738,47.36837
-70.03524,47.3682
-69.99906,47.45393
-69.9948,41.72135
-69.99117,41.78816
-69.97874,43.91257
-69.96789,45.33052
-69.96671,43.93606
-69.96626,43.91643
-69.96517,43.91147
-69.96012,43.9083
-69.88714,44.52995
-69.79046,44.71319
-69.78194,44.26327
-69.77484,44.3143
-69.77401,44.316
-69.77134,44.2298
-69.71922,44.76533
-69.63128,44.552
-69.62963,43.84915
-69.62891,44.54918
-69.56405,44.08317
-69.53161,44.03303
-69.35808,44.38676
-69.22451,47.46125
-69.11077,44.10093
-69.10935,44.10468
-69.10926,44.10284
-69.0642,44.20911
-68.98819,44.43104
-68.92564,44.45832
-68.87724,47.68495
-68.87656,47.68277
-68.87648,47.68035
-68.8764,47.68132
-68.87637,47.68159
-68.83993,44.79482
-68.83755,45.72928
-68.83383,44.04775
-68.83212,44.04727
-68.79634,44.38786
-68.79172,44.83564
-68.77245,44.79882
-68.76983,44.79684
-68.76955,44.79176
-68.75509,44.78561
-68.67219,44.88308
-68.67127,44.88306
-68.63906,47.54466
-68.58752,47.25685
-68.50406,45.36426
-68.42949,44.55204
-68.42468,44.5409
-68.42357,44.54181
-68.4232,44.54196
-68.36774,44.83295
-68.33308,47.38402
-68.32925,47.36412
-68.32881,47.36353
-68.32827,47.3641
-68.317,47.37406
-68.31557,47.36245
-68.20553,44.38974
-68.20457,44.38837
-68.0878,44.3917
-68.0163,46.68139
-67.94211,46.09975
-67.74034,47.04805
-67.27614,45.19284
-67.27341,45.19696
-67.23629,45.99543
-67.05312,45.0734
-67.05251,45.07339
-67.0484,45.07843
-66.82989,45.9948
-66.68972,45.88466
-66.68519,45.8882
-66.67354,45.94092
-66.6628,45.98238
-66.66024,45.93929
-66.65242,45.97701
-66.64967,45.99181
-66.64964,45.97532
-66.64783,45.97638
-66.64463,45.96298
-66.64429,45.9628
-66.64413,45.96326
-66.6426,45.96261
-66.64221,45.96193
-66.64066,45.96177
-66.63997,45.96149
-66.63888,45.96071
-66.63654,45.96043
