lon,lat
-125.03977,49.02033
-125.03377,49.01671
-124.81422,49.23361
-124.81371,49.23225
-124.8131,49.23221
-124.81204,49.23657
-124.79367,49.15246
-124.66825,48.15258
-124.66324,48.10998
-124.63671,47.91157
-124.6357,47.91195
-124.62504,48.1255
-124.61965,47.92128
-124.61131,48.36745
-124.59768,48.12034
-124.54642,48.35343
-124.5463,48.35335
-124.54184,47.9146
-124.53736,42.84465
-124.50886,42.74808
-124.45852,48.91897
-124.45706,42.99674
-124.45207,43.011
-124.42464,43.06345
-124.41534,48.55628
-124.41416,48.55582
-124.41005,42.43052
-124.40961,48.58592
-124.40707,48.58415
-124.40102,43.14771
-124.38342,48.0224
-124.34451,48.06013
-124.32459,43.34575
-124.32403,43.34659
-124.30265,40.6201
-124.29907,48.26511
-124.29889,48.26511
-124.29874,48.2651
-124.2952,42.50333
-124.29223,47.34805
-124.28823,48.89752
-124.28413,48.25799
-124.28023,43.39328
-124.26928,42.05204
-124.2691,42.05207
-124.26891,42.05064
-124.26835,42.04762
-124.26587,42.04529
-124.2501,47.81212
-124.23005,42.49948
-124.22839,41.78387
-124.22529,48.60711
-124.21681,43.53047
-124.20641,43.32575
-124.20622,41.84218
-124.2059,43.36346
-124.20489,43.5707
-124.20306,47.55202
-124.19896,43.17462
-124.19162,43.17342
-124.18285,41.74596
-124.18059,41.81356
-124.1778,40.80283
-124.17624,49.09607
-124.17025,43.57271
-124.1629,40.80817
-124.1487,41.89061
-124.14748,46.99731
-124.14626,43.79977
-124.14219,40.8054
-124.14162,46.97048
-124.1402,46.94758
-124.13682,49.09348
-124.13071,41.16396
-124.13049,46.94895
-124.12983,40.92894
-124.12137,47.81215
-124.1138,43.88472
-124.10919,43.93065
-124.1057,46.90443
-124.10447,43.71284
-124.10018,48.19919
-124.09785,43.92766
-124.09708,44.05365
-124.095,43.38013
-124.08107,43.36295
-124.07072,41.54538
-124.07067,44.00395
-124.06966,44.52042
-124.06751,48.81823
-124.06693,49.09289
-124.06634,40.02414
-124.06324,48.18638
-124.06238,48.82441
-124.06173,49.22903
-124.06103,44.80972
-124.06016,44.80814
-124.05955,44.43482
-124.05505,48.8267
-124.05394,44.43249
-124.05352,44.05274
-124.05188,44.62234
-124.05076,44.62277
-124.05076,44.62283
-124.05075,44.62273
-124.04985,49.21419
-124.04939,42.63224
-124.04909,42.63246
-124.04449,41.53155
-124.04438,47.04939
-124.04096,44.62954
-124.02774,41.5168
-124.02639,44.9103
-124.02163,49.20903
-124.00721,44.89999
-124.00691,44.41493
-124.0053,44.41451
-124.00354,44.41406
-123.99857,44.97381
-123.99656,45.04037
-123.99642,44.99583
-123.99632,46.90002
-123.99616,44.99277
-123.99531,44.99011
-123.99351,45.04059
-123.98994,43.78255
-123.97267,44.8139
-123.97206,45.21587
-123.96873,46.70781
-123.96505,45.19727
-123.95625,49.22658
-123.95243,46.20252
-123.95016,46.20323
-123.94875,49.1898
-123.94849,49.19054
-123.94766,46.27023
-123.94621,45.4304
-123.94596,46.27025
-123.94226,44.40528
-123.94142,44.59282
-123.941,49.17752
-123.93907,44.59847
-123.93883,45.62733
-123.93523,45.15965
-123.9333,43.67788
-123.93305,45.68945
-123.92996,45.66033
-123.92941,49.18027
-123.92922,46.10087
-123.92726,45.98188
-123.9255,45.66905
-123.9245,45.99374
-123.92319,49.17642
-123.9209,46.16461
-123.91915,49.17122
-123.91753,46.16595
-123.91605,44.71902
-123.91575,48.06856
-123.91519,44.72583
-123.9151,45.99376
-123.9143,45.55626
-123.91319,45.55602
-123.90744,46.08572
-123.90743,46.08565
-123.90662,44.79966
-123.90344,46.98796
-123.90243,44.60382
-123.90202,45.68867
-123.90133,45.68877
-123.90099,44.40771
-123.89369,48.7706
-123.8909,45.4716
-123.88919,47.45879
-123.88751,45.70715
-123.88528,46.99469
-123.88365,46.74753
-123.88235,45.69048
-123.88198,45.69059
-123.88191,45.69129
-123.88035,45.73071
-123.87555,44.6208
-123.86166,47.46201
-123.85894,45.45404
-123.85536,46.18946
-123.84501,45.45902
-123.84221,44.73315
-123.83716,46.17012
-123.83657,44.34993
-123.83656,46.17069
-123.83592,44.37356
-123.8273,44.36405
-123.82701,49.0048
-123.82664,49.00658
-123.82157,46.42334
-123.82097,46.1705
-123.81852,45.43034
-123.81648,48.99821
-123.81548,46.67152
-123.81498,48.99899
-123.81463,46.41939
-123.81348,48.99665
-123.80329,46.97284
-123.80291,46.19572
-123.80238,46.19481
-123.7986,39.42663
-123.79618,48.36439
-123.78808,48.09404
-123.78717,48.05864
-123.786,44.07093
-123.78599,39.30237
-123.78432,42.35416
-123.78117,48.38108
-123.77503,47.12342
-123.76361,39.22713
-123.76181,48.37142
-123.75108,48.91348
-123.7507,46.17779
-123.7506,46.17786
-123.74303,46.98125
-123.74104,46.98043
-123.72565,46.16252
-123.72164,44.34605
-123.71971,49.1348
-123.71754,48.9288
-123.71326,46.31415
-123.71147,48.07445
-123.70947,48.08257
-123.70539,48.38791
-123.70519,48.0815
-123.69821,49.15001
-123.69327,49.15091
-123.68962,44.36577
-123.67122,48.78836
-123.67058,48.98239
-123.66008,43.98426
-123.65294,47.01031
-123.64157,48.14655
-123.63986,48.86571
-123.63985,48.86566
-123.63819,48.65021
-123.63395,48.6358
-123.63227,47.20938
-123.62845,44.38477
-123.62719,48.65206
-123.62483,48.74214
-123.62211,48.7409
-123.61895,48.74047
-123.61869,48.74051
-123.61181,45.44088
-123.60969,48.81555
-123.60352,46.96254
-123.60228,48.79929
-123.60193,48.79669
-123.60168,47.39039
-123.60156,48.79685
-123.59719,42.62527
-123.59453,42.56808
-123.59399,46.99714
-123.59031,48.73535
-123.59009,48.73538
-123.58581,42.65038
-123.57943,42.60632
-123.5779,42.25897
-123.57074,48.84979
-123.57071,42.25763
-123.57065,43.63675
-123.57019,48.34735
-123.56688,43.04881
-123.5668,43.04882
-123.55306,48.65049
-123.55159,48.65015
-123.54935,48.74839
-123.54336,48.91772
-123.54063,48.69718
-123.54001,48.69712
-123.53903,48.45106
-123.53606,48.89559
-123.52066,48.11417
-123.51899,46.23516
-123.50299,48.89271
-123.49846,48.85435
-123.49759,48.85239
-123.49752,48.85416
-123.49727,48.85179
-123.49653,48.85216
-123.4926,46.99929
-123.48272,38.72684
-123.48036,38.72639
-123.47871,46.97868
-123.46824,48.5821
-123.4614,46.26817
-123.46097,48.13162
-123.45981,48.13
-123.45649,46.2702
-123.45342,48.1257
-123.44792,48.65308
-123.42828,48.732
-123.42612,43.11748
-123.4257,48.734
-123.41616,46.99616
-123.41293,40.35067
-123.41233,40.35043
-123.41089,48.42028
-123.40753,48.53881
-123.39826,48.64286
-123.39818,48.64297
-123.39561,48.42634
-123.39112,48.89194
-123.38862,48.52567
-123.38811,46.20571
-123.38744,46.2064
-123.37913,41.78983
-123.37293,46.13683
-123.35631,43.28166
-123.32588,48.88358
-123.32472,44.07752
-123.3197,42.42952
-123.31633,44.11894
-123.315,46.93847
-123.31468,44.11749
-123.31462,44.11741
-123.31358,48.41304
-123.31297,44.11546
-123.3111,48.79983
-123.30588,44.06511
-123.30185,48.42546
-123.29475,48.43734
-123.29277,48.43919
-123.28126,43.38119
-123.28061,39.41925
-123.28016,44.11532
-123.28015,44.11538
-123.27461,48.77512
-123.27372,48.77691
-123.268,48.77759
-123.26062,43.376
-123.25967,48.76317
-123.25572,44.56966
-123.25334,46.85011
-123.25223,43.39562
-123.25186,44.55179
-123.24971,41.22246
-123.24738,47.16424
-123.24617,48.83127
-123.24612,47.48314
-123.24573,45.61362
-123.24352,47.49049
-123.23343,46.16958
-123.23175,42.29165
-123.22791,45.48883
-123.22115,47.42355
-123.21939,47.42878
-123.21899,47.42712
-123.21653,47.45936
-123.21106,45.48251
-123.2101,44.45406
-123.20641,46.10767
-123.20511,48.67485
-123.2004,46.10443
-123.18681,49.27372
-123.18318,39.2044
-123.18236,48.67497
-123.17683,48.74438
-123.17669,48.671
-123.17566,47.30937
-123.17408,44.27319
-123.17106,42.43114
-123.16906,49.17733
-123.16804,48.57047
-123.16369,48.66948
-123.16142,49.11876
-123.16098,49.11746
-123.16034,48.61479
-123.16027,44.63802
-123.16011,48.54158
-123.15806,47.36837
-123.15764,47.36641
-123.15579,49.11557
-123.15468,48.60974
-123.15455,48.60727
-123.14882,42.02826
-123.1475,44.76866
-123.1473,49.27873
-123.1458,48.66101
-123.14463,48.1518
-123.14396,49.20303
-123.14139,49.18165
-123.13903,49.1906
-123.13817,49.2728
-123.1381,49.1863
-123.13641,49.1902
-123.136,49.19104
-123.13538,49.19187
-123.1351,49.27503
-123.13487,49.19123
-123.13458,49.19184
-123.13381,46.82973
-123.13286,49.29467
-123.13245,49.27291
-123.13228,49.29594
-123.13081,49.29357
-123.13044,49.26909
-123.12872,49.19746
-123.12833,49.26876
-123.12745,41.81598
-123.12725,49.29533
-123.12649,42.4121
-123.12591,49.29165
-123.12564,42.05162
-123.12467,49.2947
-123.12188,49.08602
-123.1198,49.26878
-123.11796,49.27215
-123.11694,47.16719
-123.11676,49.27266
-123.11642,47.04918
-123.11423,44.92934
-123.1142,49.08509
-123.11236,44.63889
-123.11113,48.63416
-123.10879,44.11672
-123.10847,49.27454
-123.10657,44.63994
-123.10588,43.29644
-123.10488,49.27251
-123.10056,47.35775
-123.10036,47.35739
-123.08821,47.21382
-123.08622,44.64303
-123.08588,47.21406
-123.08541,46.17388
-123.08537,46.17399
-123.07824,49.11326
-123.07718,49.11351
-123.07478,44.92399
-123.07334,38.77189
-123.07032,45.22172
-123.06822,43.69015
-123.06659,48.97815
-123.06493,47.42768
-123.06445,42.43149
-123.06328,48.97731
-123.06295,47.20771
-123.06203,44.11569
-123.05873,38.33049
-123.05717,38.32873
-123.05704,43.71669
-123.05509,38.32299
-123.05473,44.99077
-123.05194,47.28736
-123.05188,45.07801
-123.05157,38.33413
-123.05091,44.04857
-123.05057,47.4276
-123.05054,47.28058
-123.05033,46.63515
-123.04814,44.11235
-123.04709,47.15437
-123.04649,48.09721
-123.04618,44.94463
-123.0437,44.94675
-123.04217,42.43733
-123.04182,45.09297
-123.03969,48.06287
-123.03679,48.6868
-123.02839,48.04343
-123.02728,45.2224
-123.02653,44.04519
-123.024,46.87308
-123.02275,47.4368
-123.01978,47.15233
-123.01974,46.90902
-123.01945,38.70815
-123.01685,44.91503
-123.01652,38.71658
-123.01569,48.53827
-123.00514,48.62323
-123.00503,48.62275
-123.00298,48.62597
-123.00168,48.53564
-123.00143,48.62002
-123.00047,48.52695
-122.99983,48.52702
-122.995,38.50085
-122.99248,48.60047
-122.98701,46.97774
-122.98457,47.60897
-122.98093,46.99939
-122.9802,46.99468
-122.97877,46.72367
-122.97534,47.37782
-122.97498,46.98296
-122.9734,37.99397
-122.96903,45.28566
-122.96881,39.43797
-122.96663,43.98088
-122.95852,39.42097
-122.95819,48.68812
-122.95771,48.62936
-122.95646,44.02443
-122.95536,44.02455
-122.95477,47.32863
-122.95448,47.25694
-122.95216,46.13743
-122.95105,45.4901
-122.95081,47.48289
-122.94985,45.45006
-122.94406,48.69967
-122.94305,46.09377
-122.9415,39.43609
-122.93874,47.19741
-122.9371,47.64129
-122.93702,48.59876
-122.9342,48.56447
-122.93377,46.09069
-122.92979,47.24696
-122.92262,47.3569
-122.92157,38.19988
-122.92036,47.6602
-122.92025,48.12848
-122.91578,46.909
-122.91533,47.06519
-122.91307,39.04391
-122.91307,39.04529
-122.91305,39.04399
-122.91299,47.66418
-122.91281,39.04227
-122.91166,46.27809
-122.9116,46.27817
-122.90885,48.71097
-122.90849,48.7123
-122.90835,48.69435
-122.90679,44.06991
-122.9067,47.0459
-122.90629,48.71411
-122.90503,48.75282
-122.90397,47.0494
-122.9002,38.49944
-122.89895,47.05765
-122.89887,46.09006
-122.89847,47.05593
-122.89594,42.43982
-122.89513,46.11131
-122.89486,46.45786
-122.89198,46.45655
-122.89152,44.51928
-122.89129,46.45684
-122.89083,48.55798
-122.88873,44.53762
-122.88858,46.41555
-122.88835,39.02235
-122.88764,47.2839
-122.88448,49.29187
-122.87839,46.98763
-122.87689,47.89774
-122.87439,46.05665
-122.87415,46.03884
-122.87216,48.64609
-122.87214,47.0092
-122.87082,49.05638
-122.87071,48.64664
-122.87049,47.74509
-122.86917,45.70613
-122.86914,45.6978
-122.86848,45.70471
-122.86735,47.27121
-122.86708,47.80159
-122.86467,46.03889
-122.86376,48.44182
-122.86223,38.10762
-122.86083,47.29574
-122.86065,45.72826
-122.86024,45.72977
-122.85936,45.7308
-122.85585,46.03616
-122.85333,47.12706
-122.85325,46.04652
-122.8521,47.51876
-122.85127,47.76205
-122.84937,47.92129
-122.84904,46.00928
-122.84783,46.00792
-122.84777,47.29899
-122.84644,48.45919
-122.84521,46.43812
-122.84519,45.99899
-122.84445,47.40743
-122.84349,49.06664
-122.84318,40.83629
-122.84262,49.06566
-122.8426,46.43308
-122.84246,42.52604
-122.84245,42.526
-122.84168,49.06619
-122.84114,47.44713
-122.84008,42.57669
-122.84006,42.57668
-122.8396,47.03282
-122.83822,45.73563
-122.83767,45.82771
-122.83761,45.82812
-122.83726,46.04732
-122.83654,47.56767
-122.8363,49.06896
-122.83527,47.65319
-122.83278,48.51291
-122.83264,47.33804
-122.83243,47.33763
-122.83083,46.9197
-122.82986,47.33765
-122.82938,47.52161
-122.82901,47.64131
-122.82874,45.74297
-122.82729,47.38382
-122.82648,40.84477
-122.82413,48.49139
-122.81809,44.49131
-122.81761,49.0242
-122.81666,48.6059
-122.8164,49.22356
-122.81633,48.58509
-122.81465,48.58533
-122.81405,42.61346
-122.81364,39.02021
-122.81346,39.01962
-122.81346,45.90353
-122.81154,45.70837
-122.81148,43.92538
-122.8099,47.225
-122.80956,45.62171
-122.80727,46.45862
-122.80583,45.61939
-122.80515,45.61914
-122.80348,45.91922
-122.80213,47.02216
-122.79915,45.39385
-122.79915,45.79143
-122.79872,46.04448
-122.79851,45.86742
-122.79797,45.86733
-122.79784,45.79118
-122.79684,39.09082
-122.79649,43.92068
-122.79106,48.5099
-122.78622,48.93537
-122.786,40.76042
-122.78531,40.76243
-122.78508,48.93536
-122.78167,47.02118
-122.77958,45.87489
-122.77734,46.3105
-122.77608,47.34208
-122.77539,45.29178
-122.77522,45.29203
-122.77512,45.29201
-122.7749,48.10649
-122.77478,48.10762
-122.77458,45.85818
-122.77335,48.05979
-122.77219,48.05936
-122.77202,45.39389
-122.77175,45.74861
-122.77094,46.99584
-122.7705,48.98808
-122.76998,47.01788
-122.76578,40.81454
-122.76429,45.58751
-122.76357,47.40299
-122.76326,45.64018
-122.76262,45.38702
-122.76215,48.99174
-122.76019,47.27488
-122.75982,45.70429
-122.75885,47.42217
-122.75526,45.61069
-122.75455,43.95636
-122.75389,43.95627
-122.75357,48.99338
-122.75347,48.99338
-122.75307,48.86572
-122.75219,42.6618
-122.75217,42.66181
-122.75212,48.03348
-122.75177,45.81884
-122.75122,48.11701
-122.75023,45.81659
-122.75021,45.81653
-122.75,43.91668
-122.74883,47.72011
-122.74765,45.81419
-122.74739,43.94029
-122.74632,47.19174
-122.74442,44.98336
-122.74428,45.90124
-122.74321,45.67133
-122.74026,48.0572
-122.74024,48.05431
-122.73739,44.40048
-122.73672,45.90641
-122.73519,46.48235
-122.73315,48.97386
-122.73103,45.86863
-122.73054,47.34282
-122.73049,46.48381
-122.72961,48.85578
-122.72692,38.50596
-122.72677,47.10087
-122.72659,46.57821
-122.72506,45.86774
-122.72337,48.09542
-122.72332,38.43664
-122.72218,45.70864
-122.72192,48.09245
-122.71966,48.09675
-122.71804,46.9987
-122.71708,45.66407
-122.71608,38.48342
-122.71587,45.86572
-122.7143,45.61243
-122.7138,49.28021
-122.70974,48.78698
-122.70899,47.61136
-122.70864,47.56573
-122.70844,49.26426
-122.70771,48.7987
-122.70758,48.79834
-122.70747,48.79838
-122.70647,45.56238
-122.70294,48.71722
-122.70269,45.29642
-122.70213,47.56573
-122.70061,47.63743
-122.69919,45.67363
-122.699,42.65897
-122.69434,47.64218
-122.69252,48.50003
-122.69245,48.50007
-122.69164,47.05798
-122.69114,45.60988
-122.69047,48.00907
-122.68989,48.85841
-122.68891,49.2642
-122.68859,43.88376
-122.6878,48.22215
-122.68726,42.66511
-122.68643,47.92256
-122.68602,47.95084
-122.6833,45.29843
-122.6831,37.91014
-122.68246,45.93945
-122.68074,48.24023
-122.67886,48.49117
-122.67874,48.22064
-122.67771,45.60823
-122.67726,47.52914
-122.67544,48.48947
-122.67543,45.60702
-122.67384,47.5312
-122.67314,45.85981
-122.67245,47.53176
-122.67244,45.51029
-122.67224,43.87103
-122.67196,45.85713
-122.67174,45.4845
-122.67169,45.85911
-122.6715,45.50748
-122.67132,48.15826
-122.67129,48.73181
-122.67065,42.67883
-122.67058,45.47989
-122.67043,45.47826
-122.67033,48.56853
-122.6699,45.47853
-122.6688,45.60832
-122.66845,45.47564
-122.66844,45.47551
-122.66729,45.49883
-122.66646,47.40698
-122.66423,45.50392
-122.66406,45.46501
-122.66392,45.60773
-122.66384,45.60379
-122.66356,44.40982
-122.66257,45.47463
-122.66205,48.39897
-122.66106,45.46025
-122.66059,45.60357
-122.66005,45.60724
-122.66001,45.41038
-122.65995,47.60865
-122.65828,45.60361
-122.65799,45.60374
-122.65542,45.60616
-122.6526,45.33881
-122.6515,48.41656
-122.65037,45.43103
-122.65019,47.90073
-122.64968,45.33856
-122.64957,45.33856
-122.64797,47.73241
-122.64775,47.53813
-122.64762,45.58372
-122.64748,47.73361
-122.64646,47.73291
-122.6456,47.53915
-122.64504,47.72611
-122.6445,48.51134
-122.64408,47.54025
-122.64402,47.72657
-122.64377,48.41703
-122.64321,45.44237
-122.64298,49.20184
-122.64212,47.54141
-122.64104,47.7236
-122.6403,47.54125
-122.63982,47.72511
-122.63812,41.33377
-122.6381,46.51599
-122.63768,38.94864
-122.63756,47.54382
-122.63754,45.93618
-122.63605,45.60185
-122.63556,47.8667
-122.63381,48.28542
-122.63374,45.61244
-122.63321,42.67832
-122.63311,42.67838
-122.6323,48.28511
-122.63225,48.28498
-122.6316,47.13892
-122.63115,48.39679
-122.63093,48.40258
-122.62991,47.1625
-122.62883,48.47518
-122.62771,48.39845
-122.62647,45.60165
-122.62527,48.52845
-122.62482,48.28754
-122.6245,47.70464
-122.62416,47.70434
-122.62257,48.40117
-122.62233,48.40106
-122.62227,48.40111
-122.6222,48.40117
-122.62218,47.56325
-122.6205,45.93658
-122.61901,45.60118
-122.61885,45.6012
-122.6187,45.60122
-122.61825,48.44263
-122.61661,45.37719
-122.61651,45.37724
-122.61614,47.65197
-122.61613,47.65202
-122.61415,48.65872
-122.61409,47.65177
-122.61304,45.61185
-122.61191,48.07897
-122.61144,44.42467
-122.61143,47.29076
-122.60964,48.51202
-122.60737,45.373
-122.60686,47.85693
-122.60615,48.51327
-122.60591,47.28659
-122.60549,48.52092
-122.6054,48.50077
-122.60463,48.50331
-122.60345,47.2405
-122.60329,48.03359
-122.60305,47.17233
-122.60302,45.37227
-122.60227,45.36462
-122.60219,45.36465
-122.60173,48.49677
-122.60154,48.49714
-122.60043,48.4976
-122.59628,45.37046
-122.59627,47.60017
-122.5916,45.8142
-122.59072,45.59598
-122.59024,48.48378
-122.58984,44.1449
-122.5897,40.64944
-122.58969,48.84299
-122.58841,43.81633
-122.58764,47.90632
-122.58679,40.6498
-122.58585,47.9038
-122.58415,47.18535
-122.58241,47.33795
-122.57913,47.12287
-122.57719,46.85735
-122.57714,48.4153
-122.57703,49.18941
-122.57548,47.8548
-122.57542,47.70971
-122.57525,47.85546
-122.57499,47.71004
-122.57357,49.16983
-122.57326,47.6442
-122.57285,40.62118
-122.57262,46.50294
-122.57254,46.50328
-122.57208,40.62176
-122.57071,49.17115
-122.56906,47.12196
-122.56748,47.39446
-122.56555,43.808
-122.56207,47.2434
-122.56197,45.39634
-122.56135,47.14075
-122.56046,38.81114
-122.55932,46.93308
-122.55921,47.74874
-122.55839,47.91108
-122.55809,46.53113
-122.55717,47.71764
-122.55522,47.71929
-122.5551,47.59043
-122.55068,48.40473
-122.5497,48.28156
-122.54823,47.40993
-122.54629,48.39979
-122.54444,49.16675
-122.54154,47.99324
-122.54137,48.39827
-122.539,47.6992
-122.53537,39.0832
-122.5347,47.70156
-122.53411,45.82278
-122.53292,48.77277
-122.5317,39.0842
-122.53119,48.01588
-122.53069,47.62532
-122.5272,47.70146
-122.52637,43.3041
-122.52572,39.5872
-122.52564,49.1631
-122.52141,47.62201
-122.51971,47.61932
-122.51932,44.13166
-122.51802,48.28984
-122.51735,44.48052
-122.51646,48.71899
-122.51639,47.51683
-122.51384,48.76109
-122.51361,47.86247
-122.51354,47.3055
-122.51341,48.76281
-122.5134,47.30543
-122.51337,48.45463
-122.51328,47.30537
-122.5132,47.61615
-122.51317,47.30532
-122.51299,38.08287
-122.51228,38.08134
-122.51226,47.59667
-122.51177,38.08152
-122.51078,47.30441
-122.50938,48.72158
-122.50933,48.72157
-122.50831,48.45509
-122.50725,44.4778
-122.50606,38.11462
-122.50456,37.87621
-122.50248,37.87334
-122.50132,48.38658
-122.4995,47.79632
-122.49943,47.7963
-122.49917,47.60205
-122.49861,37.87239
-122.49814,37.87047
-122.49779,48.70219
-122.49746,37.87087
-122.49636,37.86771
-122.49622,45.39231
-122.49593,37.86982
-122.49578,37.87103
-122.49561,48.75684
-122.49557,48.75679
-122.49551,48.75672
-122.49546,47.58019
-122.49506,48.12408
-122.49492,47.58038
-122.49377,48.65404
-122.49287,37.86371
-122.4923,47.58115
-122.49136,45.55505
-122.49125,41.70401
-122.48954,37.86351
-122.48869,37.86284
-122.48793,37.86248
-122.4879,37.86193
-122.48737,48.91838
-122.48527,37.8612
-122.48482,48.90524
-122.48396,47.58241
-122.48299,37.86074
-122.48201,47.54018
-122.48103,41.69047
-122.48026,37.94444
-122.47841,45.55959
-122.47799,48.03925
-122.47769,37.50216
-122.47754,37.50216
-122.47753,37.83362
-122.47743,37.50216
-122.47711,37.77061
-122.47655,46.81821
-122.47528,45.99047
-122.47439,37.83313
-122.47367,45.55997
-122.47137,45.55992
-122.46825,44.12436
-122.46685,45.55923
-122.4645,47.39359
-122.46438,47.39161
-122.46409,47.50873
-122.46229,42.17111
-122.46212,48.77677
-122.46169,45.5588
-122.46082,48.02375
-122.46009,45.5582
-122.45711,42.17293
-122.45426,47.37207
-122.45214,40.63176
-122.45151,37.80662
-122.44924,42.18388
-122.44896,48.70564
-122.44718,47.3902
-122.44588,37.88954
-122.44569,47.1144
-122.44472,47.93936
-122.44423,43.6151
-122.44384,43.68633
-122.44365,37.80677
-122.44318,45.56021
-122.44318,45.56029
-122.44318,45.56039
-122.44318,45.56047
-122.44291,44.11621
-122.4367,43.6597
-122.43399,37.80689
-122.43254,45.61836
-122.43237,47.25549
-122.43088,47.24449
-122.42837,37.60277
-122.42484,48.60004
-122.42004,45.61553
-122.41908,46.51754
-122.41882,45.9816
-122.41807,37.96355
-122.4178,48.76057
-122.41773,48.76051
-122.41765,48.76045
-122.41299,47.28026
-122.41295,45.38176
-122.41252,47.63871
-122.41228,48.67106
-122.412,47.2929
-122.41127,47.57074
-122.41123,37.95925
-122.4101,42.23981
-122.4098,43.27234
-122.40978,45.6054
-122.40725,45.96815
-122.40642,46.51553
-122.40416,48.03838
-122.40381,47.68681
-122.40379,47.68694
-122.40372,47.37891
-122.40367,47.68552
-122.40303,48.0387
-122.40191,47.28086
-122.39899,47.63212
-122.39846,40.59404
-122.39758,41.50905
-122.39745,47.54028
-122.39625,47.51936
-122.39566,47.51986
-122.39512,48.66613
-122.39443,47.51112
-122.39391,47.90825
-122.39283,47.66741
-122.39238,47.66743
-122.39182,40.72512
-122.39103,47.80809
-122.38845,47.50454
-122.38756,43.70172
-122.38692,47.5025
-122.38672,37.77242
-122.38639,37.77167
-122.38635,45.96859
-122.38633,37.7716
-122.38619,37.77121
-122.38608,37.78015
-122.38435,45.97149
-122.38408,41.5329
-122.3836,47.50085
-122.38344,37.90995
-122.38336,47.66027
-122.38335,40.59087
-122.38218,45.32798
-122.38212,47.59276
-122.38193,47.66385
-122.38176,41.23037
-122.38109,45.57813
-122.38107,47.66308
-122.38098,45.57812
-122.38062,45.57762
-122.38033,47.97414
-122.3803,45.31205
-122.38029,40.8843
-122.37979,47.65709
-122.37967,44.12881
-122.37961,45.54047
-122.37694,48.66656
-122.37676,45.57736
-122.37637,37.92435
-122.37589,37.92474
-122.37568,47.91213
-122.37536,40.55778
-122.37536,47.38943
-122.37424,47.27052
-122.37362,41.5354
-122.37361,47.66078
-122.37352,47.66077
-122.37352,48.32459
-122.37319,41.53031
-122.37245,45.96064
-122.37244,47.66026
-122.37012,37.81556
-122.37001,48.86395
-122.36995,40.5772
-122.36983,47.65572
-122.36939,48.32536
-122.36933,40.57616
-122.36623,37.81807
-122.36607,47.49037
-122.36593,39.80914
-122.36523,37.81878
-122.36514,48.3945
-122.36416,37.81641
-122.36321,47.65259
-122.3604,45.29938
-122.35815,47.93853
-122.35747,45.51615
-122.35738,40.53759
-122.35718,37.51624
-122.35708,38.48383
-122.35436,37.91417
-122.35206,37.91056
-122.35059,48.3414
-122.35029,47.55999
-122.34968,37.51108
-122.34936,48.30862
-122.34924,45.2976
-122.34892,49.02594
-122.3486,47.56953
-122.34672,47.64853
-122.3459,48.17016
-122.3459,48.28103
-122.34532,46.90556
-122.34497,41.2822
-122.34468,47.64823
-122.34429,45.58373
-122.34388,47.64818
-122.34182,48.41768
-122.3417,47.6478
-122.34165,39.80538
-122.34142,47.64769
-122.34055,48.72942
-122.33938,40.77189
-122.33836,45.96817
-122.33298,47.64678
-122.3325,47.783
-122.33118,47.64863
-122.33081,47.64996
-122.33072,47.64904
-122.33071,47.65024
-122.3303,47.39934
-122.32982,37.58848
-122.32981,47.64997
-122.32978,48.15837
-122.32968,48.64586
-122.32923,47.68118
-122.32881,47.39686
-122.32811,37.58897
-122.32796,47.65239
-122.32778,47.39681
-122.32773,49.29155
-122.32756,37.58911
-122.32734,47.64563
-122.32678,47.64671
-122.32633,47.7844
-122.3259,48.72158
-122.32495,47.34812
-122.32479,40.75618
-122.32469,48.72143
-122.32413,40.75309
-122.32325,47.65155
-122.32233,48.01902
-122.32045,46.09359
-122.31976,47.53146
-122.31953,42.39337
-122.31828,37.59087
-122.3181,37.8683
-122.3177,37.86855
-122.31757,37.86858
-122.31718,47.65253
-122.31708,46.02597
-122.317,46.02608
-122.31674,37.58898
-122.31631,40.79873
-122.31554,48.67343
-122.315,37.86654
-122.31475,47.64415
-122.31434,47.65098
-122.31405,47.52866
-122.3138,47.65028
-122.3131,37.83828
-122.31268,49.04603
-122.31252,37.84032
-122.31242,47.5279
-122.31067,37.83841
-122.31066,47.64233
-122.3106,40.8029
-122.30961,47.64549
-122.30817,48.46792
-122.30757,47.51884
-122.30688,48.12586
-122.30018,47.32612
-122.30003,47.64755
-122.29971,37.77563
-122.29949,47.64895
-122.29748,37.54602
-122.29681,47.65535
-122.29423,48.8435
-122.29278,47.42735
-122.29128,46.05374
-122.29111,37.5595
-122.2907,37.56969
-122.29011,47.87149
-122.28987,47.64264
-122.28946,47.50095
-122.28931,48.13592
-122.28925,38.62784
-122.2885,47.30736
-122.28655,47.35295
-122.28586,47.59046
-122.28583,37.76662
-122.28554,38.6234
-122.2843,47.60073
-122.28393,37.57457
-122.28326,47.60349
-122.27881,37.57147
-122.27853,48.06167
-122.27685,37.79137
-122.27683,47.57131
-122.27679,47.57121
-122.27672,47.57102
-122.27641,37.79339
-122.27622,46.05964
-122.27577,47.39862
-122.27468,37.79009
-122.27395,37.78845
-122.27286,37.76314
-122.27204,47.36596
-122.26917,38.10861
-122.2691,37.78482
-122.2689,37.78981
-122.2684,37.78532
-122.26818,37.55559
-122.26706,47.56547
-122.26675,47.56312
-122.26608,46.29224
-122.26396,37.78382
-122.26387,37.78832
-122.26382,47.68843
-122.26329,47.688
-122.26318,47.5228
-122.26318,47.52292
-122.26256,47.52151
-122.26238,37.78299
-122.26229,48.15666
-122.26178,47.68779
-122.26163,47.75607
-122.26151,47.55734
-122.26079,47.52103
-122.25971,37.55566
-122.25922,45.23941
-122.25853,37.52855
-122.25707,37.80521
-122.2564,37.77948
-122.25581,45.61799
-122.25542,37.77792
-122.254,37.9347
-122.25372,37.77905
-122.25354,40.86363
-122.25354,47.58515
-122.25179,37.78708
-122.25156,37.77814
-122.25062,47.75438
-122.24995,47.67678
-122.24989,47.67688
-122.24918,48.13473
-122.24912,45.54445
-122.24824,37.77572
-122.24414,37.78222
-122.24397,37.78233
-122.24393,37.78315
-122.24323,37.78237
-122.243,37.54391
-122.243,47.85101
-122.24284,37.77724
-122.24097,47.75477
-122.24093,47.75514
-122.23605,38.13501
-122.23333,37.91681
-122.23328,37.75133
-122.23324,48.37918
-122.23322,47.75209
-122.23311,37.91672
-122.22833,40.17245
-122.22611,47.52447
-122.22587,48.46441
-122.22544,48.32346
-122.22338,40.26298
-122.22223,37.49681
-122.22223,37.50036
-122.22184,48.00477
-122.2216,47.64745
-122.22141,37.49875
-122.22099,48.44601
-122.22089,48.4899
-122.22085,48.00246
-122.22065,48.31284
-122.22043,37.4957
-122.22009,47.50157
-122.21986,37.49602
-122.21935,47.50073
-122.21899,47.9969
-122.21863,46.77356
-122.2177,47.5005
-122.21682,38.50746
-122.21481,47.49848
-122.21446,37.50269
-122.21396,37.73899
-122.21328,38.06687
-122.2125,37.50216
-122.21068,42.37777
-122.21039,47.59747
-122.20959,47.6756
-122.20898,47.67435
-122.20805,47.67362
-122.20794,47.67437
-122.2079,47.6084
-122.2078,47.65535
-122.20622,47.65371
-122.20573,47.58653
-122.20238,47.50531
-122.20236,47.50533
-122.2023,47.5054
-122.20227,47.50544
-122.20216,47.50556
-122.20213,47.50559
-122.2021,47.50546
-122.20208,47.50565
-122.20205,47.50569
-122.20194,47.57795
-122.19823,47.75746
-122.19703,47.22952
-122.19613,47.24036
-122.19467,43.30992
-122.19339,47.75447
-122.19298,43.31422
-122.19268,44.71192
-122.19259,44.71198
-122.1925,44.71202
-122.19245,44.71274
-122.19242,43.31885
-122.19212,37.51206
-122.19148,47.24115
-122.19127,37.69707
-122.18915,47.57439
-122.18897,40.31758
-122.18893,47.57492
-122.18791,47.57603
-122.18779,37.69569
-122.18706,48.03355
-122.18615,48.03323
-122.18614,47.58207
-122.18468,47.94763
-122.18437,47.22873
-122.18199,46.72043
-122.18191,49.14353
-122.17903,48.04702
-122.17891,48.04697
-122.17811,47.9987
-122.17745,48.01416
-122.17728,46.7185
-122.1762,47.21111
-122.17585,44.72809
-122.17393,44.70784
-122.17006,44.7307
-122.16922,46.47632
-122.16906,47.24081
-122.16897,46.4681
-122.16594,43.1683
-122.16514,47.19206
-122.16192,47.97727
-122.16169,47.97659
-122.16155,47.19375
-122.15987,45.57333
-122.1594,44.7225
-122.15799,44.73572
-122.15771,44.71407
-122.15724,44.73523
-122.15571,38.04554
-122.15155,44.73944
-122.15143,45.15757
-122.15069,47.22911
-122.14412,43.13686
-122.14399,43.13688
-122.14353,47.36072
-122.13705,37.88311
-122.13685,38.02532
-122.13563,43.14704
-122.13399,43.16244
-122.12698,38.49308
-122.12674,48.11264
-122.12334,44.71496
-122.12269,45.16475
-122.12154,37.47602
-122.11796,40.03159
-122.11286,47.65511
-122.11159,47.57788
-122.10457,37.71752
-122.10424,37.71753
-122.09826,48.04963
-122.09507,46.48143
-122.0926,47.8988
-122.09205,47.65368
-122.09169,47.43666
-122.0908,39.90944
-122.08729,48.01454
-122.08728,47.99639
-122.08713,42.47779
-122.07903,37.29668
-122.06641,48.01328
-122.06624,48.01311
-122.06293,37.52859
-122.05538,47.5642
-122.05533,47.56427
-122.05528,47.56433
-122.05528,47.56482
-122.05526,47.56465
-122.05526,47.56473
-122.05525,47.56458
-122.05524,47.56441
-122.05524,47.56449
-122.05522,47.28258
-122.05264,47.36568
-122.04993,43.63
-122.04986,47.78568
-122.04406,46.0516
-122.04227,47.79984
-122.0409,45.61453
-122.03995,44.20509
-122.03916,43.58199
-122.03864,45.60778
-122.038,38.23297
-122.03798,38.23315
-122.03081,47.76492
-122.029,43.46127
-122.02844,47.32626
-122.02841,38.49305
-122.0272,37.43539
-122.02014,45.62136
-122.02013,45.62199
-122.01626,43.46336
-122.01567,46.4991
-122.01494,39.21997
-122.01259,39.21684
-122.01257,39.21691
-122.01011,47.86339
-122.00774,47.95022
-122.00637,37.57696
-122.00284,47.8045
-122.00108,36.96395
-122.00031,47.58677
-122.00006,47.8088
-121.99841,44.37475
-121.99255,39.46447
-121.99053,44.36552
-121.98775,39.20954
-121.98691,47.952
-121.98684,47.74539
-121.98156,37.42919
-121.98154,37.42925
-121.97919,37.42589
-121.97773,47.9424
-121.97752,49.19414
-121.97619,38.18823
-121.97361,43.50094
-121.97319,48.04805
-121.97284,43.50079
-121.9727,43.50132
-121.97212,47.32416
-121.9721,47.9027
-121.97159,47.84642
-121.96999,37.24129
-121.96991,37.24157
-121.96535,45.63378
-121.96512,37.5483
-121.96481,43.54994
-121.96429,43.56245
-121.96403,43.55003
-121.96364,49.05992
-121.96137,38.04143
-121.95993,47.6799
-121.95039,49.24855
-121.94771,48.24807
-121.94722,37.78655
-121.9468,37.27641
-121.94468,48.24427
-121.94246,42.13591
-121.94227,42.31438
-121.9419,49.26216
-121.94056,36.5203
-121.93503,47.88168
-121.93145,42.58802
-121.92755,47.63875
-121.92311,47.97247
-121.91672,47.69705
-121.91415,47.59601
-121.90988,47.26332
-121.89736,45.68879
-121.89312,36.60926
-121.89188,45.67182
-121.89104,36.60329
-121.88479,47.63511
-121.88459,38.03794
-121.88422,47.53253
-121.88344,38.03553
-121.88243,47.56805
-121.87903,42.57054
-121.87781,45.69415
-121.87523,42.28895
-121.86983,44.37789
-121.85327,43.5923
-121.85091,47.55153
-121.83833,37.66838
-121.83831,43.82854
-121.8345,43.7857
-121.83408,43.78537
-121.83401,43.83303
-121.83188,43.76878
-121.82377,37.97249
-121.82252,43.67578
-121.82197,39.0248
-121.82185,38.01984
-121.81911,45.49268
-121.81791,38.01888
-121.8147,42.23469
-121.81001,37.33519
-121.80994,37.33511
-121.80939,42.2349
-121.808,43.96591
-121.80737,43.9787
-121.80548,43.9804
-121.80427,36.91161
-121.80273,48.56703
-121.80252,45.11406
-121.79125,45.10818
-121.78902,45.71813
-121.78882,43.95909
-121.78841,38.05745
-121.78764,38.05782
-121.78655,36.81153
-121.78653,36.81142
-121.78471,47.27509
-121.78161,44.80281
-121.77567,45.11337
-121.77561,37.18585
-121.77338,45.69359
-121.7707,43.71472
-121.76917,47.43225
-121.76794,36.95067
-121.76508,43.91475
-121.76386,43.70226
-121.76138,43.91065
-121.75747,47.89812
-121.75423,44.41714
-121.75299,43.70342
-121.74983,38.01799
-121.74507,37.80737
-121.7444,37.80682
-121.73934,44.41986
-121.73886,45.26843
-121.7385,48.53385
-121.73844,44.01404
-121.7378,45.26894
-121.73305,38.01071
-121.7326,38.01192
-121.73135,44.42143
-121.72873,48.55577
-121.7235,38.80133
-121.7038,37.58629
-121.70312,37.58631
-121.70001,37.06803
-121.69531,37.11805
-121.69356,38.14955
-121.68844,38.11531
-121.68542,48.65657
-121.68363,47.97421
-121.68203,47.57444
-121.67603,48.6698
-121.67449,43.68866
-121.6725,48.51322
-121.67085,48.72419
-121.66927,47.60872
-121.65939,47.83656
-121.65736,38.05491
-121.65731,41.02829
-121.6564,48.72705
-121.65441,39.49965
-121.64894,38.05694
-121.6467,38.057
-121.64205,47.96104
-121.63916,45.71063
-121.63908,45.71058
-121.62711,38.6746
-121.62641,37.16581
-121.62485,38.67276
-121.6244,44.10001
-121.62166,38.03388
-121.62161,38.03362
-121.61933,38.11585
-121.61806,47.97573
-121.61785,38.78419
-121.61492,38.19825
-121.61387,38.19842
-121.61359,47.97513
-121.61255,38.02684
-121.61237,38.02666
-121.6117,37.93883
-121.61154,38.66108
-121.6066,38.21311
-121.60651,38.21308
-121.60017,39.12993
-121.59792,48.73764
-121.59491,48.4845
-121.59461,48.26182
-121.59458,37.82641
-121.59096,38.1501
-121.59084,38.151
-121.59003,38.14936
-121.5896,38.15023
-121.58898,38.14817
-121.58813,41.58024
-121.58773,38.14856
-121.58768,39.14567
-121.58716,37.90552
-121.58142,39.01015
-121.57118,38.10599
-121.5706,45.72174
-121.56786,38.09742
-121.56535,45.72263
-121.55972,39.676
-121.54251,37.09397
-121.53152,38.60495
-121.52935,43.77299
-121.52808,38.5324
-121.52695,45.71602
-121.52644,45.71682
-121.52589,45.71674
-121.52537,45.71666
-121.52374,45.72943
-121.51881,38.60387
-121.51851,38.53666
-121.51753,38.56377
-121.51698,45.71589
-121.51633,38.5601
-121.51578,45.77991
-121.51322,45.71588
-121.51113,38.22949
-121.51097,45.71729
-121.50919,38.60062
-121.50814,40.99075
-121.5081,38.59093
-121.50179,38.45784
-121.49979,38.11048
-121.49731,43.81775
-121.49121,38.22684
-121.49092,38.22835
-121.48489,43.82211
-121.47381,45.70353
-121.45733,45.70866
-121.45652,43.88723
-121.45601,39.53415
-121.45567,43.88722
-121.45471,43.88642
-121.45467,43.88713
-121.45237,41.01554
-121.45178,43.86306
-121.45068,41.0104
-121.4338,43.92868
-121.42864,48.52658
-121.41657,43.95712
-121.41496,43.96973
-121.41316,43.93134
-121.4041,45.68728
-121.39892,43.98697
-121.39396,47.33401
-121.38914,47.37906
-121.38833,47.37587
-121.38762,47.37663
-121.38567,38.56526
-121.37751,37.97715
-121.37552,37.97668
-121.3754,37.97669
-121.37526,37.97671
-121.37331,37.97364
-121.36979,37.99963
-121.35899,38.7411
-121.35027,37.9724
-121.34707,37.95586
-121.32454,39.33597
-121.32316,44.05933
-121.32258,39.33244
-121.32225,44.05062
-121.3065,37.95279
-121.30637,37.95274
-121.3024,46.86335
-121.30197,38.6244
-121.30154,40.56413
-121.30079,37.95317
-121.29997,39.04395
-121.29896,40.38985
-121.29687,37.95281
-121.29672,38.1483
-121.29657,37.7501
-121.29129,44.53264
-121.28841,45.68145
-121.27918,44.54752
-121.27605,43.71257
-121.27599,43.71452
-121.27353,43.71301
-121.27056,46.62592
-121.26957,48.67193
-121.26444,39.24108
-121.26384,38.63631
-121.26252,44.55384
-121.25003,47.34752
-121.24588,43.70881
-121.24363,47.35962
-121.24279,43.71407
-121.23955,44.68464
-121.23399,38.63394
-121.23206,44.67304
-121.22738,44.75861
-121.21704,38.63462
-121.21399,39.24056
-121.21366,38.64128
-121.21267,38.64065
-121.21091,43.71813
-121.19972,38.80014
-121.19958,43.73579
-121.19779,43.72054
-121.19678,43.73152
-121.19599,43.72424
-121.19581,47.253
-121.19362,38.65591
-121.19025,38.64895
-121.18603,39.90491
-121.17841,38.68215
-121.17528,39.87822
-121.17332,45.60136
-121.17329,47.42572
-121.17239,45.60133
-121.16985,45.6015
-121.15673,38.90771
-121.15214,48.71588
-121.14799,46.63497
-121.14351,39.39435
-121.13652,45.61732
-121.13137,47.21912
-121.12965,47.2186
-121.12936,45.12685
-121.12826,45.62602
-121.12156,45.13365
-121.12105,45.93855
-121.11773,45.81843
-121.11604,42.00936
-121.10985,45.92401
-121.1077,39.42896
-121.10455,45.64273
-121.10441,38.71941
-121.10382,45.63969
-121.10177,38.71726
-121.10125,38.33824
-121.10091,38.71743
-121.10077,38.71761
-121.09921,38.7161
-121.09756,38.332
-121.0958,48.69009
-121.09289,40.17846
-121.09195,47.28183
-121.09155,47.21512
-121.08746,38.8188
-121.06701,42.94383
-121.06386,47.25317
-121.06278,47.51022
-121.05954,37.08375
-121.04905,45.24033
-121.04369,47.18589
-121.04329,38.77161
-121.03934,47.17663
-121.03755,35.75258
-121.03521,45.6623
-121.03374,35.75461
-121.03062,35.7555
-121.02447,40.28386
-121.02384,38.9359
-121.01907,45.26732
-121.0182,45.29926
-121.01201,39.72822
-121.00755,35.74492
-120.99981,35.74698
-120.99,35.74689
-120.98122,35.8648
-120.96365,45.64885
-120.95863,45.65193
-120.95591,35.83297
-120.94761,47.19147
-120.94688,45.33648
-120.94002,39.13583
-120.92784,37.61605
-120.92469,39.09922
-120.92141,47.18587
-120.91292,45.63219
-120.90392,35.75656
-120.90312,35.73113
-120.90247,35.75709
-120.89748,35.76567
-120.88789,38.30171
-120.88087,45.39257
-120.87946,37.85134
-120.85802,47.1715
-120.85451,37.85246
-120.836,45.67994
-120.82065,45.68298
-120.81122,38.77238
-120.81058,38.14493
-120.8098,47.82414
-120.80218,38.16368
-120.80027,38.16245
-120.79556,38.1745
-120.7929,39.12985
-120.78183,40.55763
-120.77773,44.10605
-120.75994,38.02592
-120.75555,35.17239
-120.75005,44.1328
-120.74987,42.99743
-120.72932,45.70123
-120.72893,45.70176
-120.72609,47.80769
-120.72291,44.12693
-120.71671,47.83701
-120.70351,44.30596
-120.70203,47.10086
-120.69325,44.13599
-120.68679,44.12266
-120.6746,47.57685
-120.66894,47.56076
-120.66745,47.57493
-120.65924,47.59212
-120.65756,47.0704
-120.65739,47.59374
-120.65474,39.62168
-120.65384,39.65644
-120.65084,45.72939
-120.65077,45.72931
-120.64647,39.68114
-120.64219,42.28407
-120.63169,38.79508
-120.62846,41.58039
-120.61936,38.81268
-120.59956,37.62527
-120.59945,37.62522
-120.59539,37.90581
-120.59467,37.88444
-120.59459,37.88431
-120.594,37.90516
-120.59154,40.18624
-120.59152,40.18616
-120.58023,37.62583
-120.57078,38.72098
-120.56746,46.9781
-120.55441,39.47126
-120.55292,46.97844
-120.54984,39.48678
-120.53651,39.50371
-120.53344,38.83286
-120.51824,37.97763
-120.51693,37.97644
-120.51588,37.97999
-120.51019,39.92918
-120.50184,45.70592
-120.49043,35.32754
-120.48368,46.85567
-120.48025,46.88514
-120.47903,35.32639
-120.47713,46.88431
-120.47063,45.1602
-120.47036,46.53084
-120.46999,44.91612
-120.46882,45.47704
-120.46427,35.19183
-120.46316,46.79808
-120.46307,35.19233
-120.46149,45.71939
-120.4572,46.79254
-120.45663,46.76387
-120.45296,46.77554
-120.45046,46.81372
-120.44862,38.85607
-120.44089,38.86965
-120.43738,44.89066
-120.43192,37.37021
-120.43189,37.36952
-120.42855,39.11124
-120.42831,37.70202
-120.42556,39.12286
-120.41471,47.48731
-120.41201,37.70467
-120.40962,45.58946
-120.40955,45.58868
-120.40111,37.70572
-120.39369,38.8657
-120.3934,38.96633
-120.39213,44.00363
-120.38752,38.88804
-120.38329,45.70833
-120.38129,39.2996
-120.37955,38.89619
-120.3641,44.74623
-120.36281,38.83049
-120.36264,38.8304
-120.36205,45.50617
-120.33807,36.72924
-120.33743,44.43504
-120.32625,38.99443
-120.32167,47.46247
-120.32046,38.98097
-120.31459,45.71927
-120.30626,47.51888
-120.30583,47.42521
-120.30579,47.42521
-120.30358,37.52002
-120.29607,39.45188
-120.2929,37.64783
-120.2842,37.63776
-120.28356,39.32482
-120.28104,46.40067
-120.28064,44.74271
-120.28054,47.54024
-120.27707,37.60431
-120.27129,44.74001
-120.27047,37.60992
-120.26616,47.38762
-120.26115,47.99325
-120.26107,47.99322
-120.25471,38.54993
-120.25455,38.54895
-120.24438,48.46142
-120.2438,48.46105
-120.24028,38.53776
-120.23887,39.32552
-120.23857,47.38111
-120.2383,37.69629
-120.23624,38.84555
-120.22476,45.73126
-120.2237,45.73056
-120.2093,47.92041
-120.20892,47.71139
-120.20885,47.71142
-120.20598,39.91337
-120.19671,47.87536
-120.18538,39.90039
-120.1754,47.866
-120.16748,47.76415
-120.16551,44.73681
-120.16297,48.49356
-120.16168,42.42182
-120.1608,47.88407
-120.15985,48.49433
-120.15763,39.08188
-120.15747,39.37974
-120.15358,39.37363
-120.15295,39.1391
-120.14913,48.48893
-120.14736,47.85854
-120.14729,39.16514
-120.13785,39.1715
-120.13729,39.17169
-120.13397,39.4705
-120.12869,47.87807
-120.12859,47.8781
-120.12848,47.87814
-120.12739,37.61334
-120.12423,38.64218
-120.12276,39.03669
-120.12251,39.03736
-120.1217,38.66634
-120.1214,48.44198
-120.11969,39.18141
-120.10803,39.39821
-120.09252,47.28124
-120.092,47.76518
-120.08458,47.30917
-120.08121,39.22618
-120.08009,47.2335
-120.0726,47.85908
-120.06658,48.4405
-120.05651,48.15077
-120.05375,37.83676
-120.04816,39.23899
-120.04406,38.70547
-120.04267,39.23741
-120.04069,47.8349
-120.03581,47.8362
-120.03113,47.2286
-120.02763,41.83676
-120.02558,47.06901
-120.02536,47.84186
-120.0157,47.83517
-120.00208,38.47803
-120.00072,44.79231
-119.99992,46.23202
-119.9982,38.42711
-119.99607,38.40597
-119.99406,47.21556
-119.99394,47.21556
-119.99288,38.42865
-119.99253,38.19349
-119.99231,47.2144
-119.99217,47.2144
-119.99157,38.19362
-119.99021,46.99967
-119.98905,46.87952
-119.98782,46.90549
-119.98502,47.79716
-119.98451,46.94119
-119.98448,46.94112
-119.98376,37.22752
-119.97738,38.94495
-119.97455,47.80813
-119.97052,45.81156
-119.96975,45.81166
-119.96832,46.86469
-119.96691,37.22042
-119.9669,45.8124
-119.96612,44.80676
-119.96342,46.87698
-119.9569,34.5786
-119.95667,48.07497
-119.95658,46.88304
-119.95322,46.71077
-119.95144,38.95861
-119.95133,38.95881
-119.94642,39.23855
-119.93817,39.23445
-119.93556,48.02748
-119.93548,48.02749
-119.93281,46.68458
-119.93272,46.68461
-119.93267,46.68463
-119.93096,47.13746
-119.9306,39.20059
-119.93054,39.20068
-119.92732,47.13297
-119.92709,47.03312
-119.92704,47.14147
-119.92564,47.13469
-119.91931,47.14925
-119.90099,47.13097
-119.89867,47.12483
-119.87833,36.85107
-119.87068,47.93433
-119.87059,47.9343
-119.85311,45.85633
-119.85101,45.85765
-119.84421,47.08931
-119.84142,45.86365
-119.82586,34.42625
-119.80754,48.17684
-119.79285,39.27588
-119.78607,48.09065
-119.78594,37.94715
-119.78245,38.74501
-119.74899,39.5633
-119.74773,48.54958
-119.73053,48.56457
-119.72841,39.53555
-119.7255,39.53347
-119.7191,48.98785
-119.71262,45.84273
-119.71254,45.8427
-119.71162,45.84316
-119.70689,48.61767
-119.70591,39.18227
-119.7017,48.91703
-119.70149,48.91384
-119.69311,36.99745
-119.6923,34.40807
-119.69217,34.40822
-119.69204,34.40837
-119.69129,34.40583
-119.69107,48.07075
-119.68583,48.61076
-119.68484,34.01958
-119.68377,36.99721
-119.68372,36.99277
-119.68359,36.99727
-119.68336,36.99263
-119.68303,36.98977
-119.683,36.99249
-119.68279,36.98973
-119.68249,36.98971
-119.68222,37.00083
-119.68219,36.98968
-119.68209,37.00087
-119.6779,48.01473
-119.66952,48.73709
-119.66787,37.01507
-119.66732,37.01479
-119.66306,48.75062
-119.66041,36.99812
-119.65145,39.50905
-119.63967,47.14153
-119.63321,48.91538
-119.62997,47.67548
-119.62971,47.67637
-119.62969,47.67511
-119.62885,48.44225
-119.62863,47.67649
-119.62862,48.43668
-119.6257,47.67658
-119.62466,47.99349
-119.62165,47.9925
-119.6193,48.87387
-119.61872,47.10721
-119.61811,47.69787
-119.61403,43.54523
-119.61208,48.56819
-119.60013,47.7217
-119.58566,46.97866
-119.58141,48.35997
-119.55407,47.05374
-119.53915,45.34355
-119.53657,37.29836
-119.53298,37.29532
-119.51984,38.69364
-119.51827,47.47509
-119.51777,48.41265
-119.51731,48.86898
-119.50909,48.67685
-119.5033,47.51323
-119.50078,47.3954
-119.49876,47.42244
-119.49497,47.5232
-119.49464,46.25798
-119.49432,49.05306
-119.49372,47.52277
-119.49202,45.9009
-119.47996,46.33748
-119.47377,46.25472
-119.47012,48.79176
-119.46383,49.03722
-119.4635,49.03707
-119.4613,47.54646
-119.4581,49.02852
-119.45756,49.01541
-119.45403,46.67438
-119.45216,47.55989
-119.45066,48.69871
-119.44692,49.04515
-119.44431,37.14511
-119.44193,46.36077
-119.4419,48.96433
-119.44015,48.31592
-119.43685,47.57207
-119.43581,47.57145
-119.43208,46.38029
-119.43126,48.98649
-119.43077,48.98586
-119.4306,48.94935
-119.4296,47.57174
-119.429,47.22951
-119.42874,48.96653
-119.42603,47.57737
-119.42472,47.57465
-119.42153,47.57287
-119.42053,48.95425
-119.41701,46.37959
-119.40809,48.76307
-119.39984,43.40817
-119.39664,46.35993
-119.39636,47.58749
-119.39552,47.59054
-119.37742,38.14796
-119.37719,38.14751
-119.36749,46.5855
-119.35901,47.0662
-119.35249,45.92957
-119.34876,45.91445
-119.34806,46.98163
-119.34754,46.98156
-119.34726,46.98135
-119.34018,47.58821
-119.33773,36.85615
-119.33254,46.96942
-119.33211,38.17158
-119.33195,45.92556
-119.3318,38.17177
-119.33108,46.30055
-119.32751,47.10664
-119.32733,47.62816
-119.32535,47.10142
-119.3216,47.64043
-119.31965,46.96715
-119.31484,47.13889
-119.31104,45.93931
-119.31043,46.96933
-119.30661,46.26453
-119.30635,37.12719
-119.30629,37.12629
-119.29899,45.944
-119.29825,37.15216
-119.29792,37.15318
-119.29747,46.87726
-119.29507,46.92392
-119.29457,47.61676
-119.29441,47.61681
-119.29419,47.61687
-119.29407,47.61687
-119.29251,45.92686
-119.29183,45.92705
-119.28953,47.10166
-119.28757,46.25674
-119.28437,47.10868
-119.27284,46.94117
-119.26296,34.24944
-119.26151,46.50528
-119.26013,46.50245
-119.25875,47.719
-119.25612,46.98378
-119.2541,46.26527
-119.25345,37.15896
-119.25248,47.45266
-119.24717,46.96906
-119.24559,46.98719
-119.24348,46.98474
-119.23964,46.95589
-119.2394,38.0282
-119.23372,37.23518
-119.23344,37.23533
-119.23117,34.18768
-119.22928,46.23873
-119.22568,34.18597
-119.22545,47.75545
-119.22412,34.16147
-119.22271,34.17201
-119.22271,34.1721
-119.22271,34.1722
-119.22271,34.1723
-119.22249,34.16497
-119.22241,46.98757
-119.22217,34.16119
-119.22194,48.99174
-119.21874,38.28062
-119.21691,48.48461
-119.21041,46.98885
-119.20585,46.24402
-119.19765,46.92839
-119.18261,46.93063
-119.18109,46.93006
-119.18047,46.92993
-119.1741,45.91772
-119.17292,37.25026
-119.16514,37.25319
-119.16482,37.25345
-119.16461,45.9201
-119.16398,47.90255
-119.16367,45.92004
-119.15847,46.98097
-119.15047,46.67476
-119.13876,46.222
-119.13872,46.72208
-119.13864,46.22193
-119.13853,46.22191
-119.13211,48.6127
-119.1301,46.72067
-119.12689,37.78042
-119.12254,48.60675
-119.12127,37.83298
-119.11839,47.8635
-119.11597,46.217
-119.11584,46.217
-119.09842,47.87241
-119.09152,46.21901
-119.08626,37.77502
-119.08001,37.77712
-119.07667,37.78254
-119.07634,37.78255
-119.0755,37.78339
-119.07024,46.51879
-119.06028,47.92354
-119.05957,48.79273
-119.05318,47.9175
-119.04545,46.56535
-119.03757,46.20142
-119.03218,46.18424
-119.03036,47.93493
-119.02493,46.70486
-119.02484,46.70485
-119.02328,46.70007
-119.02299,46.69179
-119.0177,46.21071
-118.98579,47.93746
-118.98249,46.23188
-118.97422,37.07783
-118.9712,48.03585
-118.93821,36.41121
-118.93642,46.02655
-118.93631,36.41218
-118.93503,47.93551
-118.91467,44.54633
-118.90875,48.0715
-118.90336,46.06227
-118.90071,36.7921
-118.89906,48.03567
-118.87686,46.25295
-118.87684,46.25289
-118.85214,37.5947
-118.84684,46.25665
-118.84672,46.2567
-118.84548,46.25746
-118.83412,46.27924
-118.82445,34.14369
-118.80807,46.29544
-118.78349,34.67878
-118.76684,46.31728
-118.7653,34.66289
-118.75895,34.48504
-118.75674,34.47498
-118.74823,35.48086
-118.73807,37.45604
-118.73374,47.41453
-118.69298,47.92677
-118.68227,34.26421
-118.66238,48.72116
-118.62566,47.92141
-118.60899,34.49876
-118.59977,34.51845
-118.58226,47.92059
-118.5804,46.53308
-118.57089,34.26967
-118.55549,47.5004
-118.54865,47.9163
-118.53658,46.56706
-118.53235,35.57596
-118.52662,35.58176
-118.50632,47.52928
-118.50567,47.53091
-118.49347,34.18008
-118.47799,35.65575
-118.46804,47.87624
-118.4598,35.65135
-118.45946,35.65063
-118.45107,33.97239
-118.43828,35.65982
-118.43611,35.69629
-118.42657,35.6511
-118.41127,34.66869
-118.4059,47.82958
-118.40137,33.84883
-118.39625,33.84586
-118.38925,34.27191
-118.34737,34.13877
-118.34205,47.85436
-118.33366,34.12414
-118.33013,47.81526
-118.31339,40.47353
-118.28268,33.72085
-118.28263,33.72086
-118.28252,33.72402
-118.28212,33.72097
-118.28207,33.71926
-118.28205,33.72275
-118.28178,33.72106
-118.28176,33.71984
-118.28172,33.71832
-118.28165,33.71957
-118.28162,33.71697
-118.28139,33.71995
-118.28135,33.72117
-118.28134,33.71624
-118.28131,33.71725
-118.28128,33.71967
-118.28123,33.72174
-118.28118,33.71849
-118.28109,33.7214
-118.28102,33.72008
-118.2809,33.71616
-118.2809,33.71974
-118.28083,33.71738
-118.28083,33.71858
-118.28071,33.72177
-118.2807,33.72421
-118.28064,33.7202
-118.28061,33.72152
-118.2805,33.71983
-118.28045,33.71748
-118.28045,33.71879
-118.28042,33.7187
-118.28041,33.71629
-118.28015,33.72033
-118.28008,33.71759
-118.28005,33.71863
-118.28004,33.71638
-118.28001,33.71996
-118.27992,33.71827
-118.27983,33.71803
-118.27976,33.71783
-118.27966,33.71649
-118.27955,33.71876
-118.27929,33.71658
-118.27927,33.71796
-118.2788,33.71671
-118.27877,33.73971
-118.278,33.72105
-118.27653,33.71631
-118.26376,46.06525
-118.25127,33.76691
-118.25111,33.76707
-118.25014,49.12368
-118.24232,33.77682
-118.24083,49.1019
-118.24064,49.10218
-118.2294,44.95903
-118.21792,46.59895
-118.21758,46.59351
-118.21757,46.59357
-118.20166,33.75916
-118.19341,33.7613
-118.18596,33.76013
-118.17505,47.89738
-118.14881,48.51413
-118.14058,48.90524
-118.12327,48.59922
-118.12229,33.76029
-118.12192,48.59808
-118.12044,48.6106
-118.11642,33.75749
-118.11637,48.73463
-118.11631,33.75739
-118.11622,33.7573
-118.1159,33.76001
-118.11388,33.7656
-118.11255,33.75145
-118.10023,46.5632
-118.09034,46.57649
-118.07804,44.67605
-118.07792,47.24498
-118.07675,33.72879
-118.05265,36.56129
-118.02415,44.685
-118.00694,44.67745
-118.00345,46.58553
-118.00137,48.78685
-117.96764,47.26876
-117.96529,48.75493
-117.93648,33.62128
-117.92613,33.62044
-117.92039,33.80498
-117.91938,33.61712
-117.91508,33.61543
-117.91496,33.60988
-117.89147,33.61913
-117.89133,33.61922
-117.89122,33.61931
-117.88441,33.60379
-117.87249,48.49585
-117.8239,47.35494
-117.80965,47.37384
-117.80512,34.09204
-117.80429,34.09179
-117.80204,34.08092
-117.79688,46.61621
-117.78988,45.02589
-117.77184,48.92186
-117.76084,47.83408
-117.72569,47.13932
-117.72521,47.13934
-117.72146,45.62168
-117.70423,47.56389
-117.70327,47.56233
-117.70172,33.46031
-117.69971,33.64347
-117.69935,47.32301
-117.69616,33.45919
-117.692,33.46053
-117.69196,33.46064
-117.69191,33.46081
-117.69186,33.46097
-117.69112,33.46081
-117.69024,47.52856
-117.69013,47.56303
-117.68314,44.36077
-117.65795,47.88021
-117.65582,47.57181
-117.65578,47.57175
-117.63829,47.34224
-117.62841,49.19324
-117.62198,42.83646
-117.61166,49.06628
-117.61155,49.18638
-117.60753,47.81367
-117.60634,47.09664
-117.59721,48.12133
-117.57251,48.10609
-117.56727,47.79394
-117.5425,47.79712
-117.53219,47.7887
-117.51153,47.72774
-117.49621,43.22527
-117.48346,45.89869
-117.47324,45.89876
-117.47091,46.69668
-117.46408,47.76804
-117.45023,45.94548
-117.44916,46.68449
-117.44912,46.68445
-117.44907,46.68441
-117.43221,47.66
-117.42376,45.95706
-117.4226,48.10913
-117.41798,46.65215
-117.41793,48.78146
-117.41013,48.7403
-117.40131,44.0217
-117.39458,33.20869
-117.39294,33.20544
-117.38948,48.04407
-117.38573,48.85278
-117.38456,45.99107
-117.38076,46.62908
-117.37803,48.24469
-117.37534,33.66226
-117.36723,33.65619
-117.35229,48.99082
-117.35069,48.98277
-117.34258,34.28689
-117.33418,33.66561
-117.33244,34.28273
-117.33026,43.09922
-117.32829,47.68475
-117.32565,43.32172
-117.3169,46.03028
-117.31267,33.12837
-117.29373,48.52096
-117.29303,48.3376
-117.28604,48.34522
-117.2818,48.79315
-117.27271,46.03472
-117.27216,33.68049
-117.27151,46.55961
-117.26855,34.49395
-117.26764,33.6986
-117.25621,43.61102
-117.2558,43.61615
-117.25305,46.04169
-117.24975,32.78258
-117.24974,48.29362
-117.23788,32.76208
-117.23763,44.37667
-117.23586,33.67961
-117.23584,32.76772
-117.23583,46.47628
-117.23453,32.7668
-117.2336,32.71454
-117.23328,32.77322
-117.23319,43.64166
-117.23167,48.25043
-117.23145,48.24987
-117.23115,32.71184
-117.22918,32.71812
-117.22808,32.71455
-117.22624,32.71612
-117.22508,32.71738
-117.22459,32.71841
-117.22407,32.72421
-117.22333,32.71551
-117.2233,44.30556
-117.22192,32.71969
-117.21894,45.33416
-117.21792,32.76418
-117.21584,32.7948
-117.2142,45.28618
-117.21375,45.28543
-117.2097,32.79341
-117.20914,32.74013
-117.20741,32.72718
-117.207,32.73879
-117.20562,32.72566
-117.20487,48.23597
-117.20091,32.72592
-117.19604,46.41601
-117.19596,46.41595
-117.1959,46.4159
-117.19559,48.43662
-117.19384,48.23597
-117.19151,32.72601
-117.18381,48.39275
-117.18109,33.86554
-117.17433,32.72109
-117.1738,32.72113
-117.16938,32.67601
-117.16911,42.54442
-117.16905,34.26348
-117.16605,32.70667
-117.16469,39.24161
-117.16428,39.24105
-117.16343,32.67582
-117.15941,32.6791
-117.14561,46.02478
-117.1316,44.75582
-117.12779,44.26298
-117.12728,44.75639
-117.12699,44.26412
-117.12693,44.2642
-117.12295,44.75939
-117.12096,48.23431
-117.11083,32.64964
-117.1101,48.28894
-117.10323,32.62124
-117.10022,32.62188
-117.09988,32.91388
-117.09957,32.91414
-117.08523,47.77299
-117.08172,47.7715
-117.07177,46.42231
-117.07177,46.42238
-117.06903,44.76993
-117.05551,46.36968
-117.05476,48.21021
-117.05421,46.37163
-117.04682,46.38682
-117.04275,33.58573
-117.0424,47.69723
-117.04228,33.59138
-117.03879,48.18756
-117.03826,46.42123
-117.03508,46.40424
-117.03246,48.22306
-117.03233,48.18538
-117.03022,46.33905
-117.01802,47.77045
-116.99921,33.17409
-116.99711,48.1765
-116.99672,46.06274
-116.99645,48.17941
-116.98995,47.70238
-116.98769,44.24692
-116.98352,46.43005
-116.98299,46.086
-116.98249,43.87617
-116.98208,46.08341
-116.96696,46.20562
-116.96009,43.99784
-116.95317,47.70352
-116.95303,47.70351
-116.95157,34.25765
-116.94925,47.70596
-116.94405,47.70309
-116.94298,34.26572
-116.94286,44.09324
-116.93721,34.24552
-116.93275,32.6171
-116.93213,47.46896
-116.93178,32.91428
-116.92808,48.56239
-116.92571,48.56021
-116.92569,44.04246
-116.92262,44.80314
-116.92177,44.80289
-116.9191,47.69221
-116.91909,47.69228
-116.9145,47.48711
-116.91408,47.48797
-116.91068,32.44622
-116.90975,47.89327
-116.90428,48.17685
-116.90379,47.50696
-116.90014,44.40106
-116.89807,47.94723
-116.896,44.85075
-116.89259,48.17784
-116.88872,34.26162
-116.88718,32.85294
-116.88663,47.89285
-116.88066,47.46353
-116.87345,47.95969
-116.86226,47.94233
-116.86063,46.44676
-116.85862,44.9842
-116.8585,46.3697
-116.84769,45.00019
-116.84075,46.20996
-116.83399,47.60512
-116.81299,45.04701
-116.80994,47.44725
-116.80949,47.44713
-116.80845,47.68888
-116.80815,47.67658
-116.80639,47.63281
-116.80577,47.68003
-116.80545,47.68626
-116.80531,47.68628
-116.80209,43.55019
-116.80161,43.54868
-116.79583,32.8716
-116.79478,32.87443
-116.78837,47.45472
-116.78744,47.45422
-116.78268,47.67141
-116.77511,47.53668
-116.77214,47.54275
-116.77208,48.15897
-116.76846,48.15246
-116.76742,47.63092
-116.76497,47.46587
-116.76195,47.6292
-116.76122,47.37422
-116.75641,47.40243
-116.75637,47.40343
-116.75514,46.78557
-116.75507,47.75405
-116.75408,48.16131
-116.75331,46.47945
-116.75196,47.35414
-116.74785,47.67035
-116.74025,45.12951
-116.7399,47.74881
-116.73955,47.74881
-116.7361,46.16701
-116.72973,48.1648
-116.72866,43.58782
-116.72498,47.48563
-116.71477,43.68553
-116.7141,43.68506
-116.70928,47.67875
-116.69729,47.81124
-116.69633,45.25389
-116.69129,47.62987
-116.68626,45.80445
-116.68402,46.5121
-116.68014,33.66725
-116.67043,43.38827
-116.66156,43.56098
-116.66044,47.61867
-116.64797,43.55814
-116.62188,46.23302
-116.61465,48.24499
-116.60339,43.34164
-116.59547,47.47795
-116.58324,32.98762
-116.58074,49.08483
-116.58052,49.08489
-116.58029,49.08496
-116.56854,43.86979
-116.56326,46.50888
-116.55843,47.98077
-116.5579,48.26432
-116.54919,46.50619
-116.54673,48.2748
-116.54579,47.96499
-116.54562,47.96501
-116.54479,47.97479
-116.5414,48.27189
-116.54009,48.27457
-116.53243,32.68577
-116.52299,43.29887
-116.50319,48.99874
-116.50309,48.1687
-116.50153,49.00135
-116.47597,45.63243
-116.47192,47.53815
-116.45029,46.49133
-116.39352,47.32365
-116.37899,43.93937
-116.37871,43.24537
-116.37504,43.23512
-116.36681,47.55247
-116.35275,48.28126
-116.3518,48.27995
-116.35126,46.50273
-116.35104,48.27865
-116.3507,48.27838
-116.34708,48.27675
-116.34213,45.89022
-116.34044,41.67786
-116.33604,43.93105
-116.32422,45.76495
-116.31771,46.50051
-116.31656,46.50571
-116.31646,45.73824
-116.31544,48.25044
-116.31471,46.49991
-116.31155,45.42556
-116.30882,45.68634
-116.30761,45.46573
-116.30646,45.51867
-116.30526,46.52659
-116.30503,45.5254
-116.30469,46.52746
-116.30217,45.41467
-116.29826,45.50145
-116.29453,45.64726
-116.29343,48.2391
-116.29258,45.66095
-116.28916,46.51126
-116.28856,46.51156
-116.2871,46.51098
-116.27533,46.57276
-116.27379,45.597
-116.26539,41.85521
-116.25749,45.41608
-116.25528,47.57632
-116.23805,45.91711
-116.23326,46.55634
-116.22876,48.13889
-116.22205,46.62333
-116.21018,48.14429
-116.20588,46.41848
-116.19565,43.08523
-116.19336,43.93805
-116.18911,43.90956
-116.18878,47.27473
-116.18775,44.33371
-116.17977,44.00625
-116.17866,44.33349
-116.17464,46.77227
-116.16886,45.06818
-116.1641,46.35572
-116.15586,43.0403
-116.15376,45.42513
-116.15158,47.66185
-116.14234,45.20064
-116.13107,44.70362
-116.12155,45.05027
-116.11984,44.91342
-116.1165,44.08438
-116.11213,44.68174
-116.10896,44.66838
-116.1063,44.52912
-116.09778,46.27666
-116.09699,44.91346
-116.09686,44.91378
-116.09458,44.72059
-116.08699,44.30242
-116.08442,44.49999
-116.08261,45.10191
-116.07071,44.99342
-116.0676,44.58738
-116.05524,44.51684
-116.05294,43.52061
-116.05269,43.52037
-116.04646,43.51841
-116.04277,44.09254
-116.03204,44.41375
-116.02824,45.1238
-116.02352,44.50089
-116.0188,46.23057
-115.99579,46.16629
-115.99516,43.62837
-115.98118,42.94721
-115.98029,46.14682
-115.98015,43.59245
-115.97742,43.59306
-115.97665,48.56613
-115.97392,43.59394
-115.96896,42.95393
-115.94554,45.4534
-115.94083,43.60935
-115.91452,33.50341
-115.91219,46.82437
-115.89375,45.45974
-115.89162,45.45942
-115.88852,48.47001
-115.88814,48.59592
-115.857,42.8988
-115.85365,48.26676
-115.81294,44.06212
-115.76597,40.68399
-115.7659,40.68402
-115.75158,40.65757
-115.75144,40.65708
-115.74551,47.88182
-115.73973,47.95438
-115.69751,42.89528
-115.6886,42.90272
-115.68582,32.78261
-115.6805,32.78
-115.67174,48.59749
-115.6655,44.65243
-115.65778,44.08074
-115.6372,33.1753
-115.63267,47.86067
-115.61458,33.19563
-115.56261,43.40345
-115.55048,48.39774
-115.51776,46.0866
-115.51463,40.08277
-115.42807,48.37204
-115.39076,43.3482
-115.39001,43.34838
-115.38973,47.61592
-115.33646,47.59249
-115.31671,48.41427
-115.31333,48.65165
-115.30742,48.7253
-115.29699,48.48455
-115.29694,48.48391
-115.29466,46.04537
-115.28813,48.5149
-115.28295,49.26062
-115.27922,43.4175
-115.27164,48.48306
-115.27058,48.48387
-115.22097,49.23364
-115.15172,48.9607
-115.11325,36.06471
-115.09731,48.85044
-115.09185,38.39521
-115.07492,42.91516
-115.06325,44.24665
-115.06247,42.91386
-115.0217,47.23202
-114.9681,42.91584
-114.96411,47.22571
-114.93831,42.79314
-114.92947,36.10358
-114.92768,44.22353
-114.91878,44.13042
-114.91617,44.13761
-114.90468,42.83914
-114.89927,48.03079
-114.89867,42.20169
-114.89134,47.32236
-114.89061,42.76359
-114.88058,47.19258
-114.86346,43.98068
-114.86151,36.12023
-114.84386,44.26257
-114.82138,47.30338
-114.80563,36.05366
-114.80559,36.05387
-114.79852,47.38306
-114.7805,42.6642
-114.77288,36.03144
-114.77281,36.03139
-114.76795,36.02999
-114.76193,47.07683
-114.73947,47.01459
-114.7312,42.2063
-114.72258,44.26582
-114.71164,33.38802
-114.70938,36.13704
-114.70746,35.70742
-114.68775,45.36995
-114.68568,35.49276
-114.67779,48.62136
-114.67039,42.65996
-114.66062,35.86966
-114.6606,35.86979
-114.66044,35.87002
-114.65575,48.60359
-114.63679,33.02964
-114.63671,45.31856
-114.63531,35.09488
-114.6341,34.87103
-114.63377,34.8704
-114.63369,34.87027
-114.63294,34.86866
-114.63223,34.92476
-114.632,34.86757
-114.63069,42.65096
-114.63057,35.12354
-114.63052,34.86549
-114.62988,35.09434
-114.62474,35.09018
-114.61743,33.02618
-114.61665,48.21325
-114.6113,33.02397
-114.60855,35.12035
-114.60425,34.84789
-114.59929,32.72064
-114.59561,45.29907
-114.5935,44.25561
-114.59088,42.6405
-114.58993,34.83676
-114.58914,34.83639
-114.58178,35.12498
-114.57896,35.12739
-114.57191,35.14031
-114.57049,35.17007
-114.56581,35.21912
-114.5657,35.21895
-114.53559,32.73232
-114.53397,33.60304
-114.53235,33.60113
-114.53188,33.60593
-114.52588,33.86112
-114.52497,33.60924
-114.52115,33.61192
-114.51114,34.72884
-114.48391,34.71938
-114.48272,34.71532
-114.47679,32.90173
-114.46984,32.82002
-114.46932,42.60115
-114.45827,32.88678
-114.4542,44.24933
-114.44834,32.8298
-114.44571,46.99153
-114.43271,43.33525
-114.42841,45.3261
-114.41949,48.9056
-114.40682,45.31588
-114.40538,34.4823
-114.40426,34.48227
-114.40404,36.29832
-114.40389,34.4911
-114.39841,42.59639
-114.39187,42.59449
-114.38567,47.92483
-114.37389,48.87492
-114.37321,48.42636
-114.37026,34.4503
-114.36349,34.45167
-114.36256,34.49433
-114.36142,34.45329
-114.36137,34.49093
-114.36135,34.45331
-114.36087,34.46994
-114.36007,34.48949
-114.35995,34.4896
-114.35934,34.45307
-114.35533,34.478
-114.35282,42.5877
-114.35229,48.41679
-114.35093,34.46105
-114.35047,34.46294
-114.3464,34.47114
-114.34424,47.65039
-114.33338,47.83423
-114.31103,47.80685
-114.29775,34.16322
-114.27754,47.80358
-114.2758,47.86339
-114.27541,48.17397
-114.27439,47.84874
-114.27004,44.34514
-114.26869,34.16832
-114.2659,44.34714
-114.2655,47.81177
-114.26332,44.39356
-114.25837,48.21062
-114.25648,45.39069
-114.25036,34.17762
-114.23373,34.18612
-114.23306,45.82903
-114.23022,34.18813
-114.22762,48.07434
-114.22729,34.20421
-114.22579,48.02381
-114.21048,46.9319
-114.20794,46.93144
-114.20589,34.2197
-114.20144,38.02334
-114.20026,44.47081
-114.19659,34.22241
-114.18561,34.23332
-114.18406,34.23443
-114.17512,34.24468
-114.17274,34.35397
-114.16985,34.35103
-114.16976,34.35098
-114.16803,46.20036
-114.16769,47.69245
-114.15878,47.69679
-114.15155,46.89924
-114.14746,42.61039
-114.14546,44.63199
-114.14546,46.31283
-114.13972,46.37033
-114.13672,34.30073
-114.12932,34.29725
-114.12148,34.29582
-114.11462,48.0692
-114.10146,46.86178
-114.08352,48.0539
-114.08052,44.66852
-114.05182,48.06141
-114.05165,45.3872
-114.04377,44.69982
-114.0293,48.05541
-114.02307,44.71538
-114.0087,46.87472
-114.00417,44.79733
-114.0039,44.72943
-113.99707,42.52449
-113.99535,45.40503
-113.99533,44.75261
-113.99379,42.5263
-113.99036,48.02557
-113.98724,44.8301
-113.98219,36.12589
-113.98205,45.017
-113.98129,48.34272
-113.97915,42.53322
-113.97216,48.31401
-113.96889,44.90433
-113.96552,45.36604
-113.96475,48.31149
-113.95002,48.33284
-113.94486,45.36041
-113.92007,45.34815
-113.91831,45.02621
-113.90748,49.05419
-113.90719,45.2539
-113.907,45.31147
-113.90628,49.0536
-113.90625,45.25334
-113.8985,45.17751
-113.89593,45.17992
-113.89566,45.18015
-113.89448,45.2312
-113.89394,45.09809
-113.85386,47.93512
-113.85279,46.87985
-113.84722,48.48024
-113.81841,48.27243
-113.81617,48.26752
-113.81003,47.67321
-113.80748,42.54614
-113.79481,42.55572
-113.77384,37.25367
-113.76909,47.69828
-113.76365,42.54464
-113.75845,47.58413
-113.71432,37.17876
-113.714,48.13753
-113.70275,43.96333
-113.69763,48.10996
-113.69101,42.51988
-113.68746,42.52047
-113.68318,43.96026
-113.68224,42.52162
-113.62875,42.57096
-113.62836,42.58083
-113.61611,47.44143
-113.60166,46.94309
-113.5847,47.32306
-113.58457,34.23773
-113.57101,46.72334
-113.54495,31.30662
-113.53583,46.95042
-113.5262,37.64933
-113.50344,47.11846
-113.49058,47.18122
-113.49048,47.18121
-113.49025,42.6734
-113.47369,42.67633
-113.42402,47.10906
-113.39413,47.08621
-113.3936,37.18706
-113.3932,37.10666
-113.39001,37.19252
-113.38219,37.12109
-113.38212,37.12098
-113.38175,47.00005
-113.37307,35.76613
-113.30718,47.02258
-113.26719,46.18294
-113.2642,46.17967
-113.22968,47.07362
-113.14973,46.66204
-113.1297,46.98414
-113.10003,46.97987
-113.05891,46.89729
-113.02204,33.0782
-113.01085,46.95164
-113.01038,46.95138
-113.00456,42.66153
-112.92053,42.74194
-112.91429,45.78485
-112.89961,42.74233
-112.89393,36.25732
-112.88612,44.98857
-112.88068,42.78052
-112.87428,42.7738
-112.8577,45.00269
-112.85721,44.99876
-112.83875,45.01753
-112.83059,38.21866
-112.81506,45.0549
-112.80996,42.82328
-112.80155,45.76004
-112.80103,45.06578
-112.78142,45.75645
-112.7773,45.10036
-112.77728,37.74768
-112.77371,42.94999
-112.76668,47.6048
-112.76234,46.16737
-112.74289,46.26911
-112.68757,45.62572
-112.66741,45.46814
-112.64191,37.70875
-112.63641,37.7095
-112.63314,37.72122
-112.52791,45.44428
-112.51568,43.12674
-112.46067,40.1383
-112.45861,43.14614
-112.43913,34.60885
-112.43024,33.35439
-112.41867,34.59294
-112.40895,41.44818
-112.39594,43.18668
-112.38433,34.51571
-112.35275,45.9879
-112.32764,43.23097
-112.3083,33.90603
-112.29715,40.6463
-112.29646,33.87658
-112.2902,33.87512
-112.28979,33.8554
-112.28187,33.60674
-112.27625,33.61102
-112.25939,33.85273
-112.25854,33.84833
-112.25733,33.85235
-112.2552,33.85566
-112.25392,33.62068
-112.24853,33.61649
-112.2385,41.06082
-112.22385,41.22412
-112.22325,41.22381
-112.21243,40.73548
-112.21236,40.73549
-112.21217,40.73563
-112.21211,40.73361
-112.20585,42.30002
-112.19594,38.31939
-112.18208,41.22122
-112.16104,41.18732
-112.16079,41.21724
-112.1357,33.37337
-112.11974,33.58792
-112.11676,41.713
-112.10796,41.54455
-112.10137,43.42447
-112.09502,41.54589
-112.06296,43.53643
-112.06292,43.46824
-112.06187,45.84323
-112.0551,43.47331
-112.05414,41.4097
-112.05004,43.50476
-112.05003,43.50499
-112.04307,43.55615
-112.02841,39.37564
-112.01753,34.75135
-112.0173,38.16743
-112.01477,35.11899
-112.0101,46.99352
-112.00799,47.51239
-112.00554,34.75379
-112.00317,40.54914
-112.00275,40.54791
-111.99953,41.84396
-111.99917,41.84398
-111.9917,46.99311
-111.97889,43.75181
-111.97331,41.23332
-111.9576,46.70189
-111.95659,41.74503
-111.95294,41.78783
-111.95168,45.85381
-111.94928,40.84079
-111.94631,39.35373
-111.94483,46.96139
-111.94204,41.50021
-111.93927,40.80829
-111.93757,33.43221
-111.93355,40.47874
-111.93278,33.4342
-111.92693,41.49777
-111.92644,40.70186
-111.92623,40.76567
-111.92615,40.77122
-111.92312,40.65446
-111.92249,33.54957
-111.92204,40.68735
-111.92153,33.37445
-111.92108,40.57928
-111.92097,40.60842
-111.92087,40.90702
-111.9205,40.6126
-111.92032,40.61332
-111.91992,40.52588
-111.91963,40.68575
-111.91914,40.58055
-111.91566,40.57181
-111.91516,46.70623
-111.9138,33.47432
-111.90952,41.80131
-111.90836,40.67284
-111.90825,40.67154
-111.90524,43.82514
-111.9036,46.70642
-111.90331,40.34943
-111.90271,40.34882
-111.89914,40.36183
-111.89893,40.35773
-111.89532,40.35963
-111.88681,46.74271
-111.88623,46.74545
-111.88596,33.38178
-111.88123,40.30392
-111.88015,46.64285
-111.87988,40.30431
-111.87127,39.87418
-111.87011,40.2904
-111.87004,40.28981
-111.86602,41.62658
-111.86446,43.8706
-111.85744,42.23485
-111.85411,42.24121
-111.84896,38.5916
-111.81908,41.27645
-111.8186,41.26864
-111.81343,46.69408
-111.81009,46.71119
-111.80373,46.7007
-111.80288,40.14236
-111.80237,42.13728
-111.80112,40.34261
-111.79436,41.26202
-111.7852,46.66086
-111.78151,40.41623
-111.78073,42.21234
-111.77847,43.92736
-111.76532,40.32754
-111.765,40.32782
-111.7649,40.32665
-111.76441,40.32683
-111.7635,43.50205
-111.76124,43.50467
-111.7612,43.50478
-111.76119,43.50432
-111.75507,45.29851
-111.75271,42.26383
-111.75154,45.23076
-111.75131,45.80381
-111.74787,33.37628
-111.7476,45.315
-111.74386,42.2742
-111.73944,40.23758
-111.7387,40.23982
-111.73801,40.23949
-111.73712,40.23879
-111.73701,46.65636
-111.73637,38.53461
-111.7361,38.53497
-111.73499,43.57652
-111.73127,42.28513
-111.72768,33.25719
-111.72435,41.51807
-111.72333,38.54761
-111.72298,38.5479
-111.7218,40.17442
-111.72157,33.98691
-111.72149,46.63595
-111.72114,46.63582
-111.7209,46.6355
-111.72056,40.24267
-111.7179,46.64962
-111.7109,45.4209
-111.71076,43.02447
-111.70622,38.56214
-111.70618,38.56186
-111.70181,46.65082
-111.69874,38.56222
-111.69815,40.77474
-111.69452,37.93606
-111.68941,47.28175
-111.68921,47.28199
-111.68483,46.6435
-111.67543,45.12555
-111.67323,45.44823
-111.66603,39.20537
-111.66519,43.6227
-111.66404,33.77167
-111.66222,45.09558
-111.65878,44.98715
-111.65629,40.20301
-111.64197,44.96675
-111.63763,33.83583
-111.63619,33.83291
-111.63268,38.61068
-111.6317,37.78699
-111.62394,43.9829
-111.61539,33.87218
-111.60203,42.84469
-111.60168,42.84619
-111.59887,42.8382
-111.59818,42.83889
-111.59408,45.58505
-111.5924,44.89971
-111.59234,44.89964
-111.59145,40.92152
-111.5885,40.6035
-111.58751,46.52189
-111.58696,36.86566
-111.58646,36.86576
-111.58629,41.29732
-111.58432,44.01737
-111.58297,41.28985
-111.58276,35.11195
-111.58245,44.01816
-111.57978,41.31273
-111.57349,46.41289
-111.57348,46.4056
-111.57339,46.41292
-111.57338,46.41558
-111.57327,46.41295
-111.57218,46.41094
-111.57145,46.41002
-111.56551,38.5037
-111.56105,46.54012
-111.55484,44.86514
-111.54802,45.62408
-111.53744,33.57318
-111.53738,33.57229
-111.53629,33.57594
-111.534,33.57615
-111.53396,33.57611
-111.53182,44.37648
-111.52482,45.89944
-111.52439,35.07276
-111.52371,45.64611
-111.52212,35.07112
-111.51795,45.71739
-111.51054,44.06995
-111.50793,40.41574
-111.50325,37.0069
-111.50137,37.00779
-111.50119,35.064
-111.49641,37.00456
-111.49469,43.59875
-111.49066,45.94006
-111.48847,37.00284
-111.48695,36.9909
-111.48571,44.82649
-111.48455,36.99696
-111.48421,36.99426
-111.48208,36.99037
-111.47972,40.44406
-111.47339,33.17022
-111.45821,44.82586
-111.45615,44.26678
-111.45149,44.43447
-111.45041,39.13993
-111.44224,36.96606
-111.43677,44.65035
-111.43394,44.66003
-111.42916,36.96363
-111.4282,36.96516
-111.42781,36.96084
-111.42754,43.46285
-111.42659,43.46372
-111.42635,36.96226
-111.42432,33.53527
-111.42167,40.61679
-111.41871,40.62366
-111.41748,40.62397
-111.41151,33.55741
-111.40978,46.12206
-111.4084,40.95764
-111.40275,44.37115
-111.40159,44.46141
-111.40152,44.66809
-111.40133,44.66793
-111.39846,41.96519
-111.39844,46.12148
-111.39833,43.45007
-111.39695,41.96502
-111.39501,44.41613
-111.39062,40.77509
-111.38938,44.4259
-111.38863,47.23595
-111.38763,44.85461
-111.38132,41.18625
-111.37906,41.90951
-111.3765,44.43616
-111.37454,44.43605
-111.37321,44.62027
-111.37025,41.90746
-111.34661,34.23107
-111.34287,34.23092
-111.33801,44.10942
-111.33673,45.89109
-111.33256,45.89214
-111.30869,44.84528
-111.30836,47.50133
-111.30236,44.84165
-111.30202,44.84203
-111.29815,42.1196
-111.28665,39.2918
-111.27226,41.96852
-111.25721,33.57602
-111.25608,42.05771
-111.25469,33.57694
-111.25123,33.57962
-111.25116,33.57978
-111.2377,43.36568
-111.23326,43.8251
-111.21768,47.53821
-111.21686,44.80301
-111.21321,43.32757
-111.20978,43.78137
-111.2097,45.29735
-111.20455,43.75226
-111.20403,43.33734
-111.20397,33.62492
-111.19599,34.55454
-111.19226,39.09317
-111.18776,43.72365
-111.18309,46.80385
-111.18226,46.80391
-111.15777,47.55079
-111.15556,40.17726
-111.15404,40.17793
-111.15234,40.12443
-111.13989,39.80657
-111.13812,33.67211
-111.13687,40.23498
-111.12932,39.78954
-111.12644,43.32228
-111.12636,47.5703
-111.12037,43.28228
-111.10975,48.32093
-111.10772,48.32047
-111.10756,40.76032
-111.09091,48.30662
-111.08996,48.30999
-111.08699,31.40216
-111.05821,40.33466
-111.04952,40.15681
-111.03587,40.12822
-111.02242,43.16794
-110.97868,45.4852
-110.95912,41.27034
-110.95686,41.2702
-110.95481,43.18583
-110.95449,43.18589
-110.95213,41.27026
-110.94938,41.2692
-110.92277,33.61936
-110.90098,45.21228
-110.89888,33.05214
-110.88756,40.7016
-110.87836,34.31355
-110.85583,31.49364
-110.85542,39.11844
-110.85522,45.16805
-110.85409,39.11776
-110.84083,43.50017
-110.82126,43.20449
-110.82077,43.20477
-110.80943,45.26454
-110.7908,43.29161
-110.79021,45.10777
-110.78953,43.21314
-110.78193,45.1009
-110.7756,43.30135
-110.75766,45.05374
-110.73186,37.51349
-110.72567,45.36677
-110.72021,37.47301
-110.71759,37.46425
-110.71619,37.46734
-110.71417,43.6559
-110.71405,43.65619
-110.70396,45.3976
-110.70196,34.32687
-110.69156,44.0014
-110.66725,39.08142
-110.66645,39.08116
-110.66324,47.82042
-110.64396,43.90184
-110.64314,34.97334
-110.64273,43.90068
-110.64053,43.93002
-110.62883,44.28262
-110.62745,43.76066
-110.62482,45.45708
-110.62043,45.48312
-110.60902,45.46363
-110.58272,45.51161
-110.56598,45.59737
-110.53925,45.66592
-110.52296,43.63581
-110.51785,43.84574
-110.4929,47.91152
-110.46684,45.71759
-110.45587,40.19161
-110.43998,44.53349
-110.39932,37.29331
-110.39925,37.88778
-110.3878,40.96229
-110.34903,45.70864
-110.23212,45.74368
-110.15032,38.98869
-110.14178,38.994
-110.13566,38.93752
-110.11369,39.15785
-110.10909,39.11239
-110.10512,38.77727
-110.07132,34.2736
-110.06537,45.78974
-110.01022,43.22173
-110.00496,43.75176
-110.00175,40.83859
-109.99333,38.52491
-109.96102,43.09599
-109.95258,34.12768
-109.95232,48.59704
-109.91393,45.85408
-109.91354,39.84053
-109.90275,42.99243
-109.88425,40.29453
-109.87469,40.90734
-109.86333,42.83698
-109.85454,42.96126
-109.85374,37.14711
-109.8497,40.88791
-109.84107,42.96528
-109.83582,42.90518
-109.82528,42.89937
-109.81074,40.86283
-109.77039,45.75838
-109.70098,32.75451
-109.69232,38.48955
-109.69124,40.18431
-109.69084,38.4886
-109.68962,38.48801
-109.68833,38.48738
-109.68666,38.48645
-109.68561,38.48616
-109.68263,38.47652
-109.6816,38.49636
-109.68102,38.49492
-109.68097,38.49266
-109.68081,38.49325
-109.68054,38.48537
-109.68045,38.48102
-109.67978,38.47664
-109.67911,38.47632
-109.67872,38.47553
-109.67849,38.47367
-109.67815,38.47287
-109.67504,40.92388
-109.65916,38.50563
-109.63492,38.57624
-109.63188,45.71818
-109.62316,47.73876
-109.62236,42.85596
-109.61236,37.26155
-109.5932,41.24581
-109.59153,44.94435
-109.58713,40.98439
-109.57359,38.60472
-109.56172,41.07549
-109.55861,45.71187
-109.55793,40.9638
-109.55695,41.16413
-109.54056,43.45028
-109.53906,44.94334
-109.53785,40.51565
-109.53323,43.4416
-109.51194,46.80414
-109.50075,38.66181
-109.48102,38.64821
-109.47753,38.68255
-109.46908,40.89854
-109.44961,40.91206
-109.44765,40.91264
-109.44612,40.01024
-109.44543,41.50423
-109.44304,37.6673
-109.44158,41.35162
-109.44102,40.58566
-109.43767,37.66832
-109.42246,40.90864
-109.41893,45.53782
-109.41558,33.87623
-109.41327,38.69582
-109.36126,38.7375
-109.36103,33.13045
-109.32582,38.7602
-109.32546,38.76003
-109.31521,40.91064
-109.31459,40.9106
-109.31109,40.91089
-109.30817,38.81133
-109.30628,40.77195
-109.26803,38.87333
-109.25245,40.44555
-109.2503,38.97035
-109.20452,40.72898
-109.19189,44.45371
-109.18965,44.45685
-109.188,34.04908
-109.1854,40.89692
-109.18353,40.72012
-109.17359,40.49493
-109.17249,40.8987
-109.14948,40.90222
-109.13969,40.8642
-109.13581,40.8785
-109.10124,39.08664
-109.10108,39.08623
-109.0823,40.84421
-109.037,40.83022
-108.99038,40.52056
-108.92614,42.6996
-108.89333,39.22774
-108.88842,40.72734
-108.87857,42.63334
-108.80779,39.17362
-108.7572,45.65426
-108.73787,39.14215
-108.73582,37.65645
-108.70805,40.11401
-108.67725,47.62387
-108.6437,45.68714
-108.62531,37.48406
-108.61904,39.08861
-108.5459,39.05417
-108.53573,37.51903
-108.52909,39.05227
-108.51175,40.44637
-108.49804,33.42322
-108.49588,34.1388
-108.49119,34.13663
-108.4821,45.84371
-108.47692,45.84015
-108.47431,45.79087
-108.46058,39.05522
-108.45465,38.97132
-108.38851,39.09497
-108.36152,39.10101
-108.32101,39.12099
-108.31656,44.35905
-108.30965,44.35501
-108.2583,38.75828
-108.21289,39.32957
-108.18921,38.1092
-108.18186,43.2194
-108.16329,43.69219
-108.093,38.02705
-108.04668,44.48876
-108.04141,39.45382
-108.00322,39.03337
-107.9984,39.01878
-107.97332,45.30429
-107.97282,38.77173
-107.94412,39.04587
-107.92695,45.31552
-107.92075,45.3169
-107.90315,38.76808
-107.8812,39.07833
-107.87758,45.34413
-107.87677,39.05446
-107.85366,38.77915
-107.83808,38.78371
-107.83712,38.78303
-107.83702,45.35405
-107.80645,39.21475
-107.79367,39.2283
-107.78968,39.22941
-107.78508,39.52749
-107.73455,38.22336
-107.73442,38.22407
-107.68096,36.69454
-107.66264,37.40689
-107.65835,45.64447
-107.6497,39.97138
-107.64587,39.5417
-107.64367,39.98473
-107.61404,43.00773
-107.61353,36.8179
-107.60007,38.68711
-107.5996,38.6926
-107.59906,38.67624
-107.59659,38.87496
-107.52624,39.56947
-107.50278,44.17583
-107.43754,44.75931
-107.41694,39.56513
-107.41428,37.00622
-107.41401,37.00698
-107.38369,40.56358
-107.33993,38.97678
-107.33368,39.55098
-107.32932,38.45472
-107.32329,38.45576
-107.32327,38.45566
-107.32206,38.45566
-107.30632,32.91028
-107.30241,38.45477
-107.30207,39.77193
-107.30167,38.51973
-107.29726,33.11011
-107.29712,33.10768
-107.29282,32.89905
-107.25756,33.11654
-107.2551,38.25816
-107.25467,38.46951
-107.25058,39.56015
-107.20431,37.8834
-107.20174,33.18127
-107.19123,37.82512
-107.18349,33.15058
-107.18002,38.47608
-107.16612,38.46279
-107.1647,38.46211
-107.15948,40.48838
-107.10945,38.47986
-107.09776,38.47388
-107.09188,38.48597
-107.07207,39.69835
-107.06295,38.47916
-107.06254,39.65071
-107.04531,39.71215
-106.97639,38.87523
-106.97323,40.80522
-106.97168,40.80483
-106.95855,40.80787
-106.88162,36.71619
-106.87317,42.46778
-106.86554,42.4684
-106.85387,40.28419
-106.84365,38.66524
-106.84198,40.27564
-106.8335,39.89095
-106.8132,39.37122
-106.7895,39.3691
-106.76878,37.46783
-106.7563,39.90523
-106.7343,44.45025
-106.72988,42.0211
-106.72736,41.33191
-106.72494,34.79446
-106.71568,34.84767
-106.7147,36.674
-106.71066,38.86142
-106.70398,39.89138
-106.67881,46.27475
-106.67247,36.35124
-106.6544,36.70404
-106.61586,42.59361
-106.61369,40.93585
-106.60862,39.89493
-106.59092,41.27075
-106.58297,36.31151
-106.58087,38.82389
-106.53121,42.77192
-106.53009,39.63613
-106.48816,47.99447
-106.48711,47.99425
-106.46033,40.71447
-106.43788,48.01339
-106.43632,48.01573
-106.43467,36.25549
-106.37359,39.64143
-106.3614,48.01418
-106.36113,39.2579
-106.35756,39.27461
-106.34271,40.95184
-106.32264,35.63565
-106.31352,35.64434
-106.25392,39.02225
-106.23573,39.84892
-106.22166,41.8714
-106.13377,38.84256
-106.09486,37.57455
-106.09009,41.60429
-106.08889,39.57813
-106.07085,38.75221
-106.0699,39.58857
-106.06653,28.81014
-106.06339,38.61153
-106.05127,38.65185
-106.0418,39.62623
-105.99536,40.55535
-105.99107,38.53805
-105.91638,35.97902
-105.90282,41.23828
-105.89992,40.17393
-105.8871,37.49846
-105.8857,40.18093
-105.87631,40.15213
-105.86653,37.47563
-105.86602,38.4727
-105.86426,41.23584
-105.802,40.23903
-105.78757,41.39304
-105.7744,38.39155
-105.7738,38.39127
-105.77251,36.29952
-105.73476,37.66815
-105.73386,36.33569
-105.7263,41.88885
-105.71533,38.36762
-105.6556,40.8547
-105.65192,38.39106
-105.64798,40.85376
-105.64729,40.85326
-105.60629,39.22748
-105.59084,38.4097
-105.58472,38.41021
-105.58451,38.41056
-105.56303,40.79717
-105.5062,38.93577
-105.50479,38.93484
-105.50472,38.93482
-105.50467,38.9348
-105.49332,38.90531
-105.49332,38.90536
-105.49211,40.37816
-105.45308,38.20966
-105.38644,37.39859
-105.37319,39.93656
-105.33157,39.63103
-105.29441,28.9679
-105.29224,36.35867
-105.29182,28.96949
-105.2835,40.36373
-105.26688,36.54068
-105.26344,36.53629
-105.24057,38.43688
-105.23771,41.17777
-105.2241,40.07125
-105.22124,40.07083
-105.21403,40.35331
-105.21392,39.82184
-105.21312,40.35289
-105.19033,40.1354
-105.17606,40.59967
-105.16994,39.64488
-105.16127,40.52439
-105.16034,40.52635
-105.15492,40.51306
-105.15485,40.51413
-105.15003,40.54233
-105.14934,40.36814
-105.14865,40.3682
-105.14802,39.65273
-105.14164,40.24775
-105.12732,39.87315
-105.12322,39.87388
-105.11484,46.85632
-105.10748,39.8608
-105.08726,40.70063
-105.08452,40.64694
-105.06947,39.55855
-105.06773,39.55737
-105.06719,39.63647
-105.06059,39.54475
-105.05977,39.54344
-105.0597,39.54341
-105.05332,38.68948
-105.05142,39.75213
-105.0513,39.75213
-105.04827,37.2143
-105.04827,39.82148
-105.04759,37.2194
-105.04678,39.62012
-105.04473,40.17326
-105.0443,37.24873
-105.04169,40.4445
-105.04044,40.43874
-105.03977,40.43764
-105.03966,40.43758
-104.98264,42.52101
-104.97153,42.47248
-104.96417,42.49638
-104.96398,42.49732
-104.95552,39.7519
-104.87079,39.63785
-104.8695,39.64075
-104.84456,37.61428
-104.84421,39.63976
-104.84393,39.63992
-104.83847,37.60539
-104.80636,38.78627
-104.78934,38.26494
-104.7661,38.27153
-104.74902,39.94803
-104.70314,47.13105
-104.68475,35.03241
-104.67654,38.26991
-104.67563,39.61077
-104.55144,48.79014
-104.52666,47.28101
-104.40662,44.59267
-104.40618,44.59174
-104.39201,32.55753
-104.38916,32.5615
-104.38852,34.61582
-104.37682,34.61566
-104.22073,32.42524
-104.21919,32.42998
-104.10715,48.6058
-104.09072,40.39297
-104.01544,47.04074
-104.00946,47.03943
-103.98214,47.98607
-103.96851,47.8587
-103.92114,29.29201
-103.88554,29.28176
-103.88108,48.9513
-103.82614,48.06472
-103.78801,44.02154
-103.78336,29.26511
-103.74551,48.43096
-103.70367,38.25408
-103.69806,44.72386
-103.62514,48.60635
-103.61393,45.60802
-103.59876,29.15573
-103.54499,44.08292
-103.51286,43.77638
-103.50126,44.06652
-103.50115,44.06648
-103.50105,44.08265
-103.49823,44.06233
-103.49496,35.36445
-103.49461,35.36437
-103.49378,35.36513
-103.47725,41.94249
-103.47462,43.98085
-103.47457,43.98086
-103.47386,43.98132
-103.46139,43.96796
-103.45036,48.58342
-103.44749,43.28279
-103.44477,43.32675
-103.44027,43.30193
-103.42454,43.33905
-103.41521,43.33453
-103.39591,43.29957
-103.38167,43.28847
-103.29385,44.0594
-103.2716,40.77675
-103.26717,40.78769
-103.2669,40.7874
-103.26324,45.97084
-103.26209,49.20198
-103.24797,45.98757
-103.23117,48.12568
-103.17099,48.33871
-103.14061,48.16399
-103.13539,49.15639
-103.10762,48.10494
-103.09074,46.12809
-103.07791,42.4623
-103.07741,42.46222
-103.02659,49.07847
-103.00728,49.03096
-102.9684,46.29158
-102.96089,29.17966
-102.95332,41.11521
-102.95013,38.07576
-102.94464,38.07605
-102.93884,48.58099
-102.93555,48.41069
-102.93447,48.58357
-102.87949,36.84784
-102.86787,36.84793
-102.85984,48.15754
-102.85885,48.1515
-102.85435,48.15399
-102.85021,46.86506
-102.84454,46.86268
-102.83135,46.87015
-102.78175,48.99145
-102.74615,48.4564
-102.6659,48.61239
-102.65967,47.35041
-102.63891,45.99686
-102.6347,40.94049
-102.62936,46.34052
-102.6258,48.54958
-102.58448,47.97691
-102.5731,47.97664
-102.52681,47.98422
-102.5156,46.42929
-102.50261,47.50654
-102.45407,42.41014
-102.43389,47.73381
-102.40669,47.80166
-102.3903,47.5867
-102.37743,37.48801
-102.37175,47.94811
-102.37053,47.94743
-102.36623,47.5977
-102.36418,47.59683
-102.3631,33.5811
-102.32503,46.38134
-102.30841,47.92147
-102.29705,47.92201
-102.29137,47.92384
-102.28438,48.4059
-102.26902,48.92328
-102.20958,49.29892
-102.17926,47.73475
-102.13041,47.73236
-102.1006,47.54255
-102.09585,47.60588
-101.9158,47.46019
-101.85211,46.60555
-101.84699,46.34161
-101.84152,46.59978
-101.82051,47.46462
-101.80136,47.84677
-101.78323,47.48311
-101.78245,47.48282
-101.77699,35.04897
-101.76569,47.5026
-101.75118,41.2507
-101.72949,41.25064
-101.70814,35.58764
-101.68952,48.66617
-101.63592,48.62109
-101.63416,47.60678
-101.62948,48.61621
-101.62469,47.51496
-101.62456,47.51474
-101.60531,46.89485
-101.59311,35.68762
-101.58957,47.61257
-101.58942,47.61214
-101.578,48.45378
-101.57725,48.45973
-101.57465,47.57545
-101.5729,47.58111
-101.56582,48.47691
-101.55574,35.70672
-101.55105,47.52141
-101.54679,47.59281
-101.52737,48.01557
-101.5091,47.58853
-101.493,47.52741
-101.49163,47.52764
-101.47164,47.92034
-101.45441,47.52825
-101.45053,34.54479
-101.44287,47.52153
-101.44226,34.54494
-101.43761,47.60536
-101.43088,47.59509
-101.43041,47.59871
-101.42791,47.49105
-101.40008,48.25418
-101.37309,46.35424
-101.36425,47.51192
-101.35923,29.70476
-101.35426,47.62074
-101.33882,47.2878
-101.32919,47.61301
-101.31469,32.23746
-101.29987,47.54539
-101.28782,47.6153
-101.26923,47.56613
-101.26294,46.8678
-101.2611,47.61488
-101.25277,47.58542
-101.23635,46.72954
-101.23557,47.08504
-101.23127,47.63194
-101.22934,47.2335
-101.22855,46.72672
-101.22228,47.23456
-101.21416,48.20085
-101.20771,46.58731
-101.20582,47.07516
-101.19093,47.65138
-101.17438,29.52509
-101.17383,29.52463
-101.16918,29.51846
-101.16493,47.65906
-101.16264,47.6196
-101.09387,45.34687
-101.09113,46.86715
-101.0815,33.04804
-101.06479,34.41463
-101.04331,47.29034
-101.04202,33.02805
-101.03782,29.47367
-101.03774,29.47367
-101.03561,33.03217
-101.02045,29.55094
-101.01974,29.55026
-101.01874,29.54749
-101.01667,29.47789
-100.98899,47.18016
-100.98353,46.1597
-100.97855,29.57697
-100.97849,29.57707
-100.97768,49.27242
-100.97677,29.57332
-100.97666,29.57327
-100.97374,47.24554
-100.97121,47.93599
-100.95704,29.46581
-100.94782,47.04797
-100.92611,34.12199
-100.90799,46.99282
-100.90777,29.4947
-100.90655,29.50983
-100.90651,47.5459
-100.90621,29.5108
-100.90182,47.6588
-100.8982,42.59757
-100.89019,42.59105
-100.87814,47.53876
-100.87242,35.21306
-100.87153,47.69581
-100.86788,47.52766
-100.86418,42.62482
-100.86085,47.76554
-100.82745,46.77569
-100.82695,46.82102
-100.81595,46.78842
-100.8018,46.7602
-100.78994,41.17361
-100.78108,46.68455
-100.7683,48.33067
-100.76046,47.54069
-100.73367,46.67873
-100.7211,47.52262
-100.71983,47.35757
-100.68109,47.88001
-100.66149,47.32389
-100.63936,46.82686
-100.63477,46.6732
-100.62805,46.10252
-100.62638,47.32144
-100.6061,46.14673
-100.59087,46.09563
-100.58563,46.10829
-100.58407,46.50574
-100.58033,46.2681
-100.56681,46.29246
-100.55344,48.87823
-100.55211,48.87881
-100.5426,41.08244
-100.54228,46.52717
-100.53867,46.25096
-100.53864,46.2509
-100.53486,46.24906
-100.5206,46.24175
-100.50865,48.94444
-100.50681,31.37861
-100.50449,31.38604
-100.49963,45.97839
-100.48952,31.39203
-100.48872,44.54639
-100.48696,45.57703
-100.48691,31.31264
-100.48458,45.5717
-100.48319,42.89958
-100.47316,44.54483
-100.45464,47.5159
-100.43556,31.42455
-100.42306,44.44502
-100.42275,48.12593
-100.38994,44.43935
-100.38866,44.44081
-100.38517,44.44271
-100.36161,48.96933
-100.34282,45.79774
-100.33995,45.88308
-100.33305,44.38174
-100.3069,45.02618
-100.30411,47.17071
-100.28954,48.02893
-100.26643,48.94573
-100.2658,44.34269
-100.25377,45.01955
-100.25248,48.94619
-100.23257,40.38605
-100.23038,40.38124
-100.22793,40.38015
-100.21737,40.38246
-100.14068,47.67852
-100.09425,48.14717
-100.09106,46.02932
-100.0673,47.944
-100.05615,38.06245
-100.05595,38.06233
-100.00172,48.9502
-100.00027,47.17928
-99.97831,45.54648
-99.94207,39.80913
-99.94207,39.80925
-99.9409,47.75621
-99.94063,39.81003
-99.93108,47.76056
-99.92736,48.99471
-99.92539,44.27677
-99.90297,32.23349
-99.89146,48.96193
-99.89083,32.23207
-99.87394,40.70941
-99.87355,40.70947
-99.87198,47.05689
-99.87129,40.69655
-99.87008,40.69444
-99.86836,48.94624
-99.8589,40.71305
-99.8572,48.91589
-99.8555,48.92991
-99.85351,48.02291
-99.84459,40.70297
-99.84163,48.97571
-99.83863,48.97515
-99.83802,48.95716
-99.83655,40.68804
-99.83588,43.92942
-99.83082,40.69169
-99.80989,28.58379
-99.79871,38.79338
-99.79512,44.14536
-99.79298,38.78977
-99.79066,48.92213
-99.78823,48.91853
-99.78473,37.39825
-99.78339,48.91628
-99.78245,37.40344
-99.78166,37.38856
-99.77867,48.9268
-99.77174,38.77871
-99.76803,48.87358
-99.74679,48.86957
-99.73832,38.80164
-99.73537,38.80272
-99.73452,38.79981
-99.73438,38.80069
-99.73315,34.34532
-99.71552,44.17372
-99.69038,32.55751
-99.68502,32.60991
-99.68398,44.22568
-99.6779,31.57663
-99.64011,31.5308
-99.61461,46.40656
-99.61079,47.13221
-99.59973,33.0683
-99.59806,33.07096
-99.56839,44.17947
-99.55522,36.54387
-99.4632,32.03773
-99.46285,32.03815
-99.45592,39.3995
-99.45012,44.03459
-99.44529,39.38101
-99.43874,44.03679
-99.43759,46.08141
-99.43143,39.41571
-99.42483,39.39924
-99.41897,48.88245
-99.4167,35.36236
-99.41462,35.36459
-99.39067,31.14177
-99.37639,40.45115
-99.35819,43.80916
-99.33943,43.83053
-99.32958,40.08488
-99.3294,43.81985
-99.3255,43.81464
-99.30948,46.53672
-99.30031,41.90707
-99.29511,46.27248
-99.2849,47.23091
-99.28198,47.26854
-99.26836,41.8671
-99.26653,46.32868
-99.25694,43.17701
-99.25305,35.57731
-99.24093,41.84188
-99.23663,48.02155
-99.23458,48.04892
-99.23331,40.04111
-99.23279,40.03989
-99.23212,40.0832
-99.22951,35.55666
-99.22082,41.8478
-99.21776,40.08432
-99.21715,35.57763
-99.21658,40.08533
-99.21167,35.58149
-99.1942,35.53579
-99.19191,35.53758
-99.17368,39.66534
-99.1689,43.41542
-99.14728,40.70564
-99.13503,39.64924
-99.13501,39.64906
-99.13401,46.68511
-99.13257,44.62325
-99.12015,43.39409
-99.11964,47.83616
-99.11509,43.38623
-99.11478,47.83556
-99.06705,46.01245
-99.0538,48.04048
-99.02519,48.08013
-99.00058,32.83571
-98.99027,46.50888
-98.97614,32.83614
-98.97254,48.06675
-98.9549,46.38443
-98.95471,46.35122
-98.95417,32.81785
-98.92939,29.5425
-98.88892,34.51869
-98.8247,35.16282
-98.8205,43.1651
-98.79725,48.07042
-98.79622,47.93465
-98.78796,47.96594
-98.7857,47.97071
-98.78238,33.44496
-98.77064,29.82674
-98.76647,46.96748
-98.76211,43.1004
-98.76055,33.98714
-98.7533,47.5402
-98.75052,48.04673
-98.74008,47.0073
-98.73576,43.14453
-98.72941,47.97669
-98.72873,47.97911
-98.70863,33.97414
-98.70757,46.97817
-98.70633,46.98536
-98.70289,46.94625
-98.67955,47.701
-98.67911,47.7005
-98.67887,47.70025
-98.66551,43.08535
-98.63231,33.16667
-98.63004,38.93696
-98.6272,33.13249
-98.62396,45.53387
-98.62166,33.16657
-98.61983,47.91755
-98.61921,45.54728
-98.61903,47.92161
-98.61826,36.12419
-98.61823,47.91974
-98.6181,36.12419
-98.61801,36.12419
-98.61367,36.11786
-98.61358,36.11178
-98.60887,36.09304
-98.6059,36.09177
-98.60112,33.13626
-98.59853,45.53237
-98.59456,38.93645
-98.59375,47.07173
-98.59252,45.5318
-98.58441,43.05068
-98.5788,47.07074
-98.57436,38.9394
-98.57131,43.08613
-98.57128,47.07293
-98.56361,33.83857
-98.55915,38.9364
-98.55598,43.05432
-98.54301,43.08065
-98.53986,43.05091
-98.53709,46.59411
-98.5344,29.45178
-98.53172,41.75839
-98.5288,38.93616
-98.5266,32.86112
-98.52377,32.88887
-98.52346,32.88118
-98.52149,32.87814
-98.50815,38.92473
-98.50576,31.97373
-98.50025,35.20609
-98.50008,35.21694
-98.49952,31.96993
-98.49837,38.91849
-98.49685,29.39207
-98.49645,31.9783
-98.49286,29.42156
-98.49282,38.92539
-98.49136,38.95488
-98.48955,32.88555
-98.48916,29.40046
-98.48852,31.96894
-98.48667,32.88281
-98.48635,29.37804
-98.48505,35.21826
-98.48252,31.98782
-98.47897,31.99403
-98.47848,32.85358
-98.47742,35.19741
-98.47604,29.37027
-98.47361,32.85558
-98.47297,39.48979
-98.47043,29.36283
-98.47009,32.89081
-98.46839,31.97233
-98.4681,29.35023
-98.46018,31.99147
-98.45858,30.78335
-98.45849,30.78329
-98.45729,47.86887
-98.45692,30.75338
-98.45482,39.44766
-98.45279,47.86768
-98.45191,30.86855
-98.45163,47.86751
-98.45162,30.76674
-98.45014,35.16995
-98.44478,30.66153
-98.44437,30.66183
-98.43983,30.8507
-98.43474,39.46511
-98.4279,32.93367
-98.42538,30.55703
-98.4236,35.94366
-98.42057,30.67301
-98.41276,30.67286
-98.41247,32.95441
-98.41149,32.9547
-98.41084,32.95498
-98.40552,30.59412
-98.39803,30.7217
-98.39733,47.80314
-98.39515,39.47518
-98.3883,30.72686
-98.3833,46.48707
-98.3808,39.52066
-98.3738,28.48036
-98.36745,30.74304
-98.35361,28.48207
-98.3536,28.48222
-98.35335,47.87418
-98.34304,34.64553
-98.34188,30.83894
-98.33872,29.91358
-98.33858,39.50472
-98.33616,39.50621
-98.32996,39.46209
-98.3214,39.50004
-98.31824,30.56443
-98.31569,48.92449
-98.30627,48.91926
-98.29896,29.28977
-98.29375,29.88561
-98.29236,29.89534
-98.29229,29.91458
-98.29152,29.88746
-98.2907,29.88876
-98.28505,46.42071
-98.2849,29.88324
-98.28389,46.30018
-98.28302,30.56223
-98.28299,30.56229
-98.2812,30.56743
-98.27867,30.56716
-98.27633,29.90644
-98.26787,29.89537
-98.2674,29.90542
-98.26457,33.01252
-98.26044,39.32563
-98.25531,37.65068
-98.25478,29.86993
-98.25169,29.86099
-98.24559,29.86302
-98.23525,29.89958
-98.23475,29.90084
-98.23027,29.89392
-98.22565,29.86015
-98.22353,29.88234
-98.22293,29.88299
-98.21414,29.89368
-98.17674,45.95059
-98.16744,47.76459
-98.16444,47.75909
-98.1644,46.86001
-98.1642,36.75253
-98.14343,36.74037
-98.13857,36.74307
-98.13049,35.14724
-98.11565,28.37416
-98.10781,29.69339
-98.09049,44.79139
-98.08868,39.90721
-98.08649,28.33352
-98.07767,48.19416
-98.0742,39.8949
-98.0615,39.90729
-98.05669,43.75503
-98.04835,39.89574
-98.04827,39.89572
-98.04698,29.63809
-98.04481,30.41736
-98.03992,34.26459
-98.03906,32.81489
-98.03901,32.81488
-98.03792,39.89849
-98.0365,39.89906
-98.02849,30.4608
-98.01512,43.68925
-98.01209,47.09527
-98.01131,47.26934
-98.00986,30.36588
-98.00859,47.16093
-98.00606,47.15832
-98.0001,38.66792
-97.99313,38.63719
-97.99209,38.6354
-97.98837,35.88147
-97.9839,42.76912
-97.97877,42.77075
-97.97708,38.60678
-97.97551,38.60659
-97.96946,38.60535
-97.96639,30.38995
-97.96374,47.21356
-97.96288,30.37665
-97.95309,42.7651
-97.94279,29.53905
-97.94008,28.14837
-97.9308,44.77318
-97.92983,46.52329
-97.92733,48.22677
-97.92713,30.32737
-97.92044,30.42345
-97.92034,30.42159
-97.92028,30.4219
-97.9194,30.42274
-97.91834,30.42307
-97.9169,30.42254
-97.91668,30.42301
-97.91388,30.38328
-97.91222,30.38837
-97.9073,30.47112
-97.90364,30.39549
-97.90127,30.41158
-97.89652,30.4121
-97.89644,37.82144
-97.88376,42.85818
-97.88297,42.85681
-97.88061,28.06729
-97.87993,28.06308
-97.87443,37.76407
-97.86672,37.80208
-97.86045,33.173
-97.85859,30.35403
-97.84241,37.74205
-97.84106,30.32567
-97.84053,30.32529
-97.84023,37.74112
-97.83991,37.74223
-97.83704,37.73504
-97.82692,42.87327
-97.82308,30.3333
-97.82215,37.72014
-97.8074,37.77716
-97.79797,37.75316
-97.79782,30.34936
-97.79775,37.76313
-97.79678,48.40212
-97.79537,32.47771
-97.78469,30.30279
-97.7803,32.44108
-97.77681,37.74221
-97.77672,37.74198
-97.77663,37.74174
-97.77655,37.74462
-97.77643,37.74071
-97.77422,30.27482
-97.77281,32.423
-97.77232,48.18218
-97.76601,30.27024
-97.75689,32.40508
-97.75414,30.67553
-97.75379,30.26424
-97.7537,30.26418
-97.74927,48.77909
-97.74285,30.68102
-97.73479,30.67297
-97.73319,30.40917
-97.72782,30.24834
-97.71389,28.6951
-97.70841,27.27762
-97.68665,35.48791
-97.67921,34.59758
-97.67041,35.48624
-97.65746,33.87878
-97.65033,31.01444
-97.64303,47.64471
-97.63965,27.86744
-97.63411,47.57275
-97.62871,27.89542
-97.62819,47.58524
-97.61718,46.37134
-97.61436,46.36769
-97.61423,30.29055
-97.61384,31.00942
-97.60861,27.87042
-97.60845,31.00718
-97.60801,30.29623
-97.60704,30.28442
-97.60684,30.28422
-97.60577,30.29754
-97.60405,42.86916
-97.59966,35.55042
-97.59899,31.02918
-97.59597,33.34485
-97.58532,26.23933
-97.58173,35.44982
-97.5769,42.83643
-97.57245,46.01963
-97.57151,46.02606
-97.56621,30.44289
-97.56148,42.1825
-97.55042,42.8587
-97.5498,46.0214
-97.54185,35.45798
-97.54031,35.45864
-97.53064,46.01646
-97.52977,32.9082
-97.52797,45.6564
-97.52605,29.45256
-97.52327,42.86476
-97.52141,42.86379
-97.52041,26.00585
-97.51897,30.22944
-97.51788,26.00401
-97.51448,32.93374
-97.51351,33.0025
-97.5102,38.22836
-97.50874,32.94833
-97.50807,32.94829
-97.50597,35.46034
-97.50547,35.455
-97.50328,35.45759
-97.50216,32.98335
-97.49885,32.6034
-97.49585,35.46098
-97.49533,32.61665
-97.49445,35.45952
-97.49372,46.13835
-97.49286,32.87547
-97.49167,44.30528
-97.49057,42.87315
-97.49024,42.87328
-97.48966,42.84453
-97.48959,31.1384
-97.48935,44.31562
-97.48859,32.61168
-97.48859,32.61174
-97.48843,25.96282
-97.48767,25.96263
-97.485,32.62356
-97.48336,33.17496
-97.48117,32.62955
-97.48111,32.62954
-97.48073,32.62932
-97.48047,31.16092
-97.47772,32.6314
-97.47584,32.65651
-97.47549,32.65599
-97.47259,32.60728
-97.47078,32.64264
-97.47047,38.47882
-97.47043,32.61033
-97.4701,32.65255
-97.46826,42.84895
-97.46779,25.88808
-97.46321,42.85118
-97.46243,42.84988
-97.45968,32.60254
-97.45634,31.16735
-97.45602,26.32527
-97.44831,45.70895
-97.44396,30.18654
-97.44371,42.04131
-97.43899,27.82228
-97.43855,42.04057
-97.43321,25.9605
-97.42837,44.31856
-97.42257,44.2528
-97.42186,37.73806
-97.41956,47.09878
-97.41824,48.42247
-97.41545,32.01345
-97.41532,32.01373
-97.41526,32.01286
-97.41395,47.09936
-97.41302,37.75536
-97.40594,33.66223
-97.40552,44.96167
-97.40324,30.16774
-97.40072,29.20371
-97.39101,26.34985
-97.39014,27.79407
-97.38938,27.79178
-97.38617,35.64699
-97.38217,35.87674
-97.38157,28.65271
-97.37699,35.64765
-97.37612,35.36667
-97.37581,35.36465
-97.37573,35.36472
-97.37566,35.36479
-97.37559,35.36485
-97.37068,31.98336
-97.36977,35.373
-97.36415,35.34255
-97.36185,46.00965
-97.35682,37.59397
-97.33761,30.1219
-97.32906,40.80349
-97.32615,37.76617
-97.32511,30.11192
-97.32249,41.43202
-97.31566,45.60729
-97.31223,37.73954
-97.30952,27.47319
-97.30951,35.23169
-97.30048,27.6124
-97.29846,26.00204
-97.29799,27.61591
-97.29765,27.61202
-97.29362,27.62853
-97.29355,27.6205
-97.29002,26.10313
-97.28801,44.85566
-97.28504,30.1411
-97.28458,34.36604
-97.28304,45.50412
-97.28131,45.43142
-97.2809,35.22613
-97.28069,30.16572
-97.27837,35.23798
-97.26974,31.6063
-97.26871,37.74046
-97.26458,40.45683
-97.26391,40.4621
-97.26311,45.48687
-97.25957,27.69861
-97.25849,27.68492
-97.25297,35.21022
-97.2516,44.907
-97.24697,35.22883
-97.24558,35.21705
-97.2454,31.56156
-97.24352,44.91762
-97.24175,31.60113
-97.24093,27.6082
-97.23965,35.24988
-97.23936,41.98318
-97.23907,44.89438
-97.239,44.8946
-97.23899,44.89437
-97.23839,27.63481
-97.23819,48.96538
-97.2381,27.63496
-97.23771,27.59447
-97.23708,35.23132
-97.23629,35.22985
-97.23622,27.6341
-97.23289,31.59758
-97.22946,27.62472
-97.22541,27.83117
-97.22405,31.91114
-97.22342,35.23697
-97.22264,35.24124
-97.21781,32.68967
-97.21558,26.07544
-97.21289,26.0724
-97.21283,26.07231
-97.21262,38.05689
-97.2125,27.61816
-97.21244,27.61806
-97.21199,26.06926
-97.20997,26.06527
-97.20973,26.06645
-97.20953,26.06594
-97.20908,44.85547
-97.20711,34.76996
-97.207,34.76967
-97.207,34.77131
-97.20691,26.07884
-97.20686,26.07889
-97.20678,26.07862
-97.20675,26.07871
-97.20671,26.07867
-97.20664,26.07838
-97.20586,26.07784
-97.20324,38.04754
-97.18679,36.16832
-97.18411,43.59305
-97.18052,31.59915
-97.18025,44.92266
-97.17997,33.02589
-97.17829,36.18328
-97.17651,26.13343
-97.17443,26.12593
-97.17403,26.12513
-97.17394,28.72048
-97.17386,28.72051
-97.17351,26.11525
-97.1735,26.11442
-97.17346,26.11609
-97.17336,26.14293
-97.17319,26.11359
-97.17292,26.11281
-97.17292,26.12439
-97.17265,26.12361
-97.17257,26.11687
-97.17252,26.11198
-97.17242,26.12278
-97.17228,26.12198
-97.17221,26.11121
-97.17214,26.12118
-97.1721,26.11039
-97.17201,26.11953
-97.17192,26.11872
-97.17175,26.11784
-97.17169,26.12788
-97.17159,26.12919
-97.17032,44.93512
-97.17013,26.10439
-97.17012,43.59071
-97.16932,26.10307
-97.16931,26.07869
-97.16845,26.09712
-97.16554,26.07625
-97.1629,26.06883
-97.16243,37.27582
-97.16217,43.99204
-97.15414,31.58992
-97.15352,31.58791
-97.15176,48.59836
-97.15123,31.58269
-97.1488,27.8901
-97.1466,27.88894
-97.13929,48.19482
-97.13779,44.88391
-97.13656,27.89973
-97.13462,33.39163
-97.11122,31.55137
-97.11115,33.37532
-97.10875,33.3766
-97.10719,33.38716
-97.1057,33.37893
-97.10485,33.43005
-97.10212,38.36472
-97.09126,27.80715
-97.09031,32.79345
-97.07722,32.95978
-97.07656,44.53875
-97.07379,27.99497
-97.0728,33.10308
-97.06947,33.81597
-97.06809,27.83889
-97.06754,36.14671
-97.06408,27.83904
-97.06294,33.38982
-97.06151,33.10789
-97.06125,36.15986
-97.05978,32.95494
-97.0589,32.95589
-97.05307,27.8375
-97.053,27.83803
-97.05184,36.40685
-97.05149,47.94332
-97.05083,33.40926
-97.0493,37.04705
-97.04899,40.24229
-97.04732,34.45388
-97.04155,33.10904
-97.04016,33.109
-97.03984,33.11069
-97.03916,32.62952
-97.0391,28.03091
-97.03692,34.74977
-97.03439,33.09631
-97.02877,33.38354
-97.02732,43.95725
-97.02563,33.10541
-97.0254,37.05683
-97.02477,47.92493
-97.02432,33.1064
-97.02289,47.90864
-97.02022,33.08187
-97.01647,28.80569
-97.01548,28.82467
-97.01539,47.92365
-97.01299,37.23707
-97.01212,38.64849
-97.00672,28.75174
-97.00513,33.07771
-97.00513,39.21312
-97.004,33.11556
-96.99892,33.07648
-96.99506,32.61425
-96.98563,40.25869
-96.98562,28.12854
-96.98235,32.62713
-96.97632,28.14203
-96.96602,31.56986
-96.95832,39.08974
-96.95557,41.30631
-96.94958,33.15733
-96.94806,33.1434
-96.94802,33.14332
-96.94261,32.96752
-96.94226,33.14157
-96.94174,33.14213
-96.941,33.14251
-96.94004,39.08576
-96.93303,33.12763
-96.9316,39.07492
-96.92978,32.88129
-96.92649,36.69614
-96.91902,33.07792
-96.91832,39.06928
-96.91811,39.07125
-96.91768,36.78582
-96.91683,48.69971
-96.91462,39.07271
-96.91089,45.10888
-96.90646,39.07754
-96.90631,32.81084
-96.90563,35.7385
-96.9022,39.09378
-96.89915,39.11536
-96.89909,33.88252
-96.89755,39.11478
-96.89747,33.11247
-96.89568,37.34631
-96.89543,37.34665
-96.8954,37.34618
-96.89464,33.85913
-96.89212,37.34779
-96.89206,40.96249
-96.89203,37.34667
-96.89194,37.34723
-96.8914,37.34642
-96.89132,33.86831
-96.88993,39.12043
-96.88949,37.35795
-96.88909,39.1198
-96.88665,29.90035
-96.88638,40.96878
-96.87526,37.35828
-96.87502,37.35888
-96.87494,40.83941
-96.87283,40.97479
-96.86771,40.84672
-96.86607,32.84937
-96.86499,37.35146
-96.85897,36.75792
-96.858,36.75673
-96.85522,40.98252
-96.85414,31.33698
-96.85407,31.33776
-96.85187,33.8429
-96.85038,40.76926
-96.84787,37.36209
-96.84693,40.58013
-96.84556,45.61936
-96.84546,45.61497
-96.84346,44.20422
-96.84168,46.26701
-96.84009,47.35346
-96.83848,44.22343
-96.83833,28.39177
-96.83791,36.79302
-96.83503,33.86187
-96.8345,32.34505
-96.83308,33.80887
-96.82955,33.86136
-96.81769,33.81683
-96.81688,32.34432
-96.8147,41.32281
-96.81309,32.34458
-96.81308,32.34441
-96.81303,36.76367
-96.8116,32.33539
-96.8115,33.82938
-96.81138,33.83213
-96.81045,28.12758
-96.80938,28.29293
-96.8079,33.78668
-96.80694,33.8461
-96.80615,33.78657
-96.80493,37.8928
-96.8046,37.89361
-96.79912,28.23125
-96.7986,46.80455
-96.79779,37.1023
-96.79247,46.83171
-96.79221,32.75337
-96.79067,32.75259
-96.78813,33.77735
-96.78619,33.77505
-96.78453,46.76861
-96.78252,40.86733
-96.78196,46.86978
-96.78184,46.8719
-96.77882,37.8403
-96.77652,44.27167
-96.77224,33.81693
-96.77103,33.82016
-96.76382,45.6757
-96.76296,40.27027
-96.75758,46.91396
-96.75678,28.44271
-96.73568,39.44779
-96.73291,39.44669
-96.72998,39.44333
-96.72321,28.40895
-96.72263,45.69718
-96.72076,46.44668
-96.72017,34.36759
-96.71544,45.70134
-96.71196,42.60267
-96.71102,39.38267
-96.71101,28.40622
-96.70996,39.43902
-96.70909,30.34783
-96.70752,28.39069
-96.70681,33.82494
-96.70569,45.70521
-96.70506,33.82627
-96.70475,28.40245
-96.7022,39.37283
-96.6958,39.10503
-96.69564,32.29613
-96.69457,37.54987
-96.67833,32.29035
-96.67758,45.72391
-96.67714,45.40669
-96.67425,31.76371
-96.67302,39.30103
-96.67008,32.29985
-96.66901,33.84368
-96.66812,33.8242
-96.66763,33.85215
-96.66725,33.84213
-96.66399,30.29532
-96.6631,33.85805
-96.6626,33.85503
-96.66115,32.2639
-96.66074,33.86074
-96.65923,32.25685
-96.65852,32.26437
-96.65349,33.89006
-96.65349,33.89216
-96.65167,39.33411
-96.65095,39.30555
-96.65069,33.93371
-96.64758,34.18881
-96.64749,33.87154
-96.64588,45.22724
-96.6447,33.85807
-96.64184,33.85073
-96.64122,32.26551
-96.64041,33.84971
-96.63925,39.28062
-96.6388,45.76933
-96.6386,39.28045
-96.63801,33.84789
-96.63727,40.59935
-96.6353,33.99043
-96.6349,39.28064
-96.63285,40.77938
-96.63165,42.76124
-96.63089,47.7784
-96.62958,48.7238
-96.62907,39.33081
-96.62664,33.99061
-96.62256,28.61665
-96.62086,33.988
-96.61877,30.30945
-96.61858,43.44272
-96.61858,45.40177
-96.6173,41.2485
-96.61644,41.44651
-96.61253,29.72407
-96.60992,41.44691
-96.60986,34.19726
-96.60792,33.81401
-96.60778,33.81414
-96.60774,33.81998
-96.60627,33.81584
-96.60526,35.80217
-96.60164,48.72427
-96.60149,47.77286
-96.60131,41.44295
-96.59898,35.79784
-96.59422,42.79334
-96.59182,39.28034
-96.59169,33.84669
-96.59114,38.36677
-96.59072,39.28087
-96.58574,33.86556
-96.58552,40.81669
-96.58531,39.25307
-96.58337,42.37812
-96.58331,33.85063
-96.58307,34.05193
-96.58227,33.84693
-96.57937,41.44836
-96.57838,28.36533
-96.57789,40.21994
-96.57783,36.28291
-96.57765,39.25526
-96.5767,28.83257
-96.57652,33.81664
-96.5764,33.81663
-96.5763,33.81662
-96.57597,45.81826
-96.57556,41.44241
-96.57446,33.98241
-96.57434,41.44654
-96.57377,33.89711
-96.57286,33.99993
-96.57207,33.97403
-96.572,30.32341
-96.57197,30.2996
-96.57197,30.32344
-96.57193,30.32348
-96.57189,30.32351
-96.57031,33.74638
-96.57028,41.45072
-96.56992,41.45087
-96.56841,28.91407
-96.56447,30.30581
-96.56299,41.4393
-96.56238,41.44908
-96.56226,41.44946
-96.55786,41.43608
-96.55687,33.93726
-96.55681,33.93725
-96.55549,41.44022
-96.55395,41.4395
-96.55335,39.17454
-96.55276,33.9344
-96.55179,31.60674
-96.55153,41.43831
-96.54931,29.02526
-96.54722,41.43025
-96.54712,29.71341
-96.54613,32.86773
-96.54583,33.92443
-96.54566,30.30751
-96.54558,33.07411
-96.54431,41.4401
-96.54365,28.93657
-96.54326,41.43574
-96.5425,41.43971
-96.54244,41.44288
-96.54,33.10779
-96.53939,28.56117
-96.53926,28.95671
-96.53882,41.43892
-96.53877,28.95643
-96.53736,39.19162
-96.53627,29.70537
-96.53626,30.30616
-96.53579,41.43852
-96.53572,41.43853
-96.53372,34.09907
-96.53303,33.05764
-96.53276,41.43971
-96.5325,33.05711
-96.53105,33.0397
-96.53046,33.05111
-96.52975,28.99901
-96.5284,33.04058
-96.52825,39.23133
-96.52476,41.424
-96.52393,28.97311
-96.52035,33.11069
-96.51916,41.41014
-96.51758,30.30957
-96.51648,33.03978
-96.51647,30.30805
-96.51552,32.87568
-96.51548,32.87603
-96.515,42.73621
-96.51017,42.7188
-96.50927,33.0367
-96.5088,33.03798
-96.50625,32.83944
-96.50106,43.72205
-96.5004,42.98997
-96.49813,40.15732
-96.4981,33.04284
-96.4935,32.80048
-96.49246,28.4155
-96.49119,28.41488
-96.49062,33.53875
-96.48955,45.33746
-96.48802,28.51112
-96.48681,44.70791
-96.48527,33.06389
-96.48356,33.05824
-96.48333,32.87559
-96.48275,41.82939
-96.48253,32.87591
-96.48208,32.896
-96.4795,41.38267
-96.4793,30.70975
-96.47838,41.38315
-96.47674,44.48041
-96.47641,42.49727
-96.47582,44.71531
-96.47437,33.09571
-96.47392,32.9295
-96.4739,32.92938
-96.47128,41.38073
-96.47086,43.06196
-96.46615,30.70595
-96.46418,45.30231
-96.45522,33.06649
-96.45303,33.08477
-96.45015,45.30437
-96.44832,33.03766
-96.44623,33.04526
-96.44605,33.10312
-96.4445,44.48892
-96.44144,33.16603
-96.43536,44.50515
-96.43471,36.28393
-96.42956,42.45193
-96.428,28.43402
-96.42723,33.04905
-96.42513,33.14034
-96.42395,42.48984
-96.42372,36.40768
-96.42187,39.18711
-96.4194,33.16278
-96.41905,42.4901
-96.41656,32.07198
-96.41308,38.52054
-96.40912,39.4721
-96.40876,28.66371
-96.40605,42.48607
-96.40555,48.97972
-96.40405,41.31925
-96.40155,28.73762
-96.39316,34.08034
-96.392,28.68552
-96.38451,36.22802
-96.37526,31.43234
-96.37468,36.22992
-96.36965,35.03205
-96.36491,41.31053
-96.36473,43.89845
-96.36092,36.25435
-96.36053,48.97661
-96.35834,42.21023
-96.34751,44.40601
-96.34697,44.40588
-96.34669,36.1313
-96.34152,36.13279
-96.33783,42.49706
-96.33713,42.15511
-96.33601,42.2822
-96.33395,31.36251
-96.33372,41.29233
-96.33278,43.20044
-96.33189,31.32843
-96.33089,42.30574
-96.33082,32.06395
-96.33021,36.13118
-96.32932,41.31324
-96.32646,46.83238
-96.32416,36.13407
-96.32384,36.13529
-96.32138,35.52217
-96.3189,35.5225
-96.31444,43.21138
-96.31238,35.95329
-96.30921,35.95332
-96.30711,35.95941
-96.30527,39.19815
-96.30213,41.36007
-96.29756,41.76367
-96.2975,41.26009
-96.29743,41.26085
-96.29572,43.2145
-96.29462,36.18817
-96.29357,41.76083
-96.29291,43.21138
-96.28294,36.16044
-96.28252,36.15229
-96.28215,41.29294
-96.282,47.89393
-96.27835,36.24664
-96.27717,36.23886
-96.27618,36.1354
-96.27577,36.14297
-96.27556,32.03081
-96.27134,41.25859
-96.27038,48.99478
-96.2684,36.24032
-96.26618,47.89788
-96.26359,32.04815
-96.26217,41.26229
-96.26204,41.25569
-96.25716,36.19775
-96.25639,46.86539
-96.24388,42.004
-96.24219,42.01081
-96.23975,42.00939
-96.23827,36.13871
-96.23565,36.2276
-96.22909,36.2084
-96.22342,28.69937
-96.22123,47.63544
-96.22052,41.26838
-96.21983,28.69756
-96.20934,28.71002
-96.20721,48.92445
-96.20032,28.7147
-96.19802,41.37286
-96.18742,38.86457
-96.18742,41.37744
-96.1762,47.65524
-96.17578,39.20271
-96.17488,47.65574
-96.1728,48.11968
-96.16999,36.37122
-96.16812,48.12385
-96.16042,42.04447
-96.15942,39.70126
-96.15787,41.01471
-96.15758,38.10602
-96.15555,41.16596
-96.15331,39.70426
-96.15324,39.24791
-96.14943,32.39213
-96.14924,38.10244
-96.14752,32.31179
-96.14606,41.87283
-96.13637,41.31468
-96.13228,39.2651
-96.13189,41.3136
-96.12553,36.12726
-96.11841,45.31977
-96.11287,41.15585
-96.1121,36.32196
-96.11149,41.83361
-96.11038,41.2679
-96.10942,36.91422
-96.10615,36.92181
-96.10424,37.65732
-96.10005,36.33266
-96.09698,41.81084
-96.09667,41.55209
-96.09662,41.5522
-96.09498,41.58806
-96.09373,41.58765
-96.0919,39.41053
-96.09182,41.58591
-96.09167,37.65761
-96.09161,41.58542
-96.07998,41.15843
-96.07788,46.77908
-96.07721,34.45126
-96.07071,31.78142
-96.06926,41.13872
-96.06645,35.62241
-96.06619,41.80356
-96.05894,31.79419
-96.05761,37.65832
-96.057,33.64336
-96.05689,45.15647
-96.0527,47.61016
-96.05083,33.64301
-96.05061,33.64293
-96.05043,33.64284
-96.04889,47.9116
-96.04711,47.61008
-96.04709,41.34044
-96.04619,41.34162
-96.03842,46.78973
-96.03814,46.25604
-96.03402,46.79483
-96.03248,46.30039
-96.03036,41.37405
-96.02951,42.53906
-96.02936,45.34529
-96.02867,45.12404
-96.02859,42.54023
-96.02852,39.7672
-96.01524,34.57875
-96.01517,32.21737
-96.01278,41.4791
-96.01204,41.49393
-96.01119,47.66772
-96.00959,46.30985
-96.00714,42.99928
-96.00618,33.69434
-96.0058,33.69467
-96.00087,41.47908
-95.99857,41.53117
-95.99737,40.98802
-95.99668,32.9594
-95.99584,28.7874
-95.99573,32.84787
-95.99506,32.35761
-95.99472,32.94955
-95.98985,46.80479
-95.98962,46.75027
-95.98238,36.07047
-95.98014,28.60134
-95.97971,45.09837
-95.9793,45.28393
-95.97774,28.60299
-95.97664,31.18305
-95.97442,33.6695
-95.97403,33.6698
-95.97301,33.73598
-95.97235,33.73614
-95.96912,46.74609
-95.96224,45.08634
-95.95926,41.35145
-95.95633,28.69456
-95.95577,28.97539
-95.95326,44.32367
-95.95122,41.06457
-95.94812,41.35825
-95.9475,41.3602
-95.94319,32.81306
-95.94318,32.81311
-95.94318,37.77257
-95.94051,37.75024
-95.94036,41.38835
-95.9393,36.90673
-95.93873,37.77497
-95.93432,32.80927
-95.9309,41.29787
-95.92437,41.87003
-95.92388,41.26373
-95.91638,41.25148
-95.91399,28.71032
-95.91099,41.24316
-95.9083,37.77357
-95.90826,41.28927
-95.90771,34.33266
-95.90566,36.02192
-95.90468,42.25403
-95.90301,45.03359
-95.89639,45.05082
-95.89288,46.82459
-95.88982,32.84725
-95.88174,34.3183
-95.88071,41.11293
-95.87953,32.2356
-95.87663,41.13054
-95.87546,41.28482
-95.87523,32.55914
-95.87292,40.92455
-95.87212,41.01049
-95.87167,46.28911
-95.87165,46.28874
-95.86893,41.01492
-95.86845,46.78847
-95.86726,46.54821
-95.86415,41.18912
-95.86361,41.18905
-95.85662,41.21156
-95.85643,41.20329
-95.85635,41.20331
-95.856,41.21409
-95.85513,41.20348
-95.84819,40.69119
-95.84744,37.79537
-95.84705,46.78137
-95.84679,46.80553
-95.84164,46.7737
-95.82967,46.06159
-95.82662,40.97222
-95.82369,41.07679
-95.81834,46.54549
-95.81549,46.8052
-95.80108,39.2009
-95.79814,35.89607
-95.79325,42.45364
-95.78928,41.07045
-95.78918,41.07045
-95.78675,41.77064
-95.78435,41.04676
-95.78079,47.01117
-95.77891,39.45406
-95.77765,37.25402
-95.77665,46.65667
-95.7738,46.99616
-95.77087,39.45908
-95.76985,42.48901
-95.76855,28.74956
-95.76815,46.40527
-95.76627,32.21538
-95.76129,38.2355
-95.76016,38.24584
-95.75628,38.24465
-95.75187,48.8349
-95.74633,49.27889
-95.73487,42.53998
-95.71925,36.21065
-95.71456,38.49939
-95.71287,46.29676
-95.70828,46.72508
-95.70604,46.59647
-95.69804,35.10837
-95.69185,37.16516
-95.6912,35.10825
-95.6904,37.16456
-95.68543,35.11055
-95.68112,38.67603
-95.67961,36.42558
-95.67725,40.49854
-95.67712,35.12074
-95.67621,33.29
-95.67509,37.6928
-95.67088,37.7017
-95.66874,45.88631
-95.666,35.04317
-95.6647,36.42102
-95.66363,32.89397
-95.66314,33.34312
-95.66289,46.88249
-95.66007,29.63708
-95.65971,32.90458
-95.65933,47.54324
-95.65767,47.23085
-95.65205,33.2942
-95.65136,36.55398
-95.65128,36.55383
-95.65045,33.70146
-95.64937,46.35746
-95.64159,47.24543
-95.64154,47.02178
-95.64136,30.20669
-95.63857,30.39602
-95.63694,38.86892
-95.63676,47.62716
-95.63629,47.51205
-95.63495,47.51207
-95.63293,32.87872
-95.6324,30.40736
-95.63172,36.52383
-95.63047,39.00814
-95.63033,39.00819
-95.63007,30.45351
-95.62624,46.43884
-95.62185,40.33874
-95.61831,28.77127
-95.61809,46.94617
-95.61794,43.6229
-95.61772,36.15905
-95.6177,36.45882
-95.61551,35.18395
-95.61518,30.43152
-95.61335,30.44163
-95.61311,32.8926
-95.61275,35.12232
-95.61202,38.69399
-95.61073,33.31183
-95.61053,32.90258
-95.60621,36.56665
-95.60606,34.24886
-95.60531,46.36927
-95.60456,32.83797
-95.60434,31.40998
-95.60308,42.27451
-95.6013,47.17988
-95.60005,32.88077
-95.59629,39.44817
-95.594,38.65638
-95.59396,34.26059
-95.59246,30.35892
-95.59236,38.65676
-95.59175,36.4563
-95.59164,30.51885
-95.59057,35.40217
-95.59029,42.65324
-95.58977,38.65715
-95.5895,35.40251
-95.58911,35.40261
-95.58843,35.40244
-95.58835,35.40278
-95.5883,35.40307
-95.58787,35.40193
-95.58717,46.41874
-95.58604,46.41831
-95.58387,40.47576
-95.58121,36.33034
-95.58112,36.33019
-95.57831,38.67268
-95.57826,30.40642
-95.57683,38.65428
-95.57657,47.09346
-95.5764,38.65204
-95.57467,36.56273
-95.57285,35.28197
-95.57285,46.47614
-95.57258,45.88913
-95.57212,46.62267
-95.57186,36.5142
-95.57147,30.41322
-95.57093,36.51405
-95.5693,30.41515
-95.56792,47.09933
-95.56751,36.13054
-95.56742,38.64822
-95.56523,38.66855
-95.56469,30.40224
-95.56339,29.98853
-95.56334,47.32462
-95.56305,29.98751
-95.56192,32.86646
-95.56177,35.97349
-95.56108,36.34318
-95.56095,36.52828
-95.56085,36.52132
-95.55945,36.06961
-95.55612,47.32537
-95.55279,38.66186
-95.55152,45.8222
-95.54975,38.78087
-95.54937,30.3928
-95.54806,45.83072
-95.54738,29.39559
-95.54696,48.63412
-95.54554,32.85388
-95.54441,32.69036
-95.54367,32.85471
-95.54188,46.62547
-95.54049,40.25574
-95.54024,30.39358
-95.53893,32.88216
-95.53859,32.86227
-95.53527,30.61443
-95.5316,32.89474
-95.5272,32.82251
-95.52698,47.01275
-95.52465,44.69512
-95.52176,46.6164
-95.51914,46.93544
-95.51818,39.67313
-95.51213,46.01286
-95.5076,29.74601
-95.50224,32.17093
-95.49653,35.23819
-95.48646,35.23729
-95.48602,32.61291
-95.48518,35.94558
-95.48495,46.16744
-95.48448,34.19829
-95.48178,38.89123
-95.47929,39.19976
-95.47906,42.35738
-95.47617,39.15369
-95.47606,39.1382
-95.47555,30.16891
-95.46776,47.53386
-95.46558,47.15758
-95.46509,30.16005
-95.46375,32.4846
-95.46347,32.48429
-95.46272,32.14989
-95.45993,46.93684
-95.45803,29.76444
-95.45661,34.10713
-95.45437,39.35058
-95.45317,32.50806
-95.45063,34.1084
-95.44985,34.02595
-95.44715,35.89068
-95.44703,39.28828
-95.44669,41.19615
-95.44236,32.05372
-95.44145,39.31852
-95.43529,45.98387
-95.43257,46.04923
-95.42777,34.03505
-95.42693,37.92401
-95.42515,41.23969
-95.42116,40.04985
-95.41594,34.02126
-95.41542,34.02097
-95.41488,47.18695
-95.41425,46.68676
-95.41282,45.8188
-95.41262,39.12412
-95.41185,47.00485
-95.41128,45.82048
-95.41002,38.87977
-95.40892,39.14462
-95.40881,45.90201
-95.40768,38.94137
-95.40561,47.52662
-95.40393,45.92295
-95.40128,47.52846
-95.39939,34.02352
-95.39207,32.6015
-95.39141,38.92222
-95.38913,38.93726
-95.38854,38.93617
-95.38771,39.05025
-95.38753,45.64067
-95.38473,32.72851
-95.38449,45.91583
-95.37829,29.76207
-95.37604,45.97033
-95.37481,29.76154
-95.37422,32.31927
-95.37363,29.76107
-95.37204,38.91562
-95.37047,38.91436
-95.36858,38.91068
-95.36183,35.00256
-95.3605,40.78499
-95.36044,32.32777
-95.36041,34.9787
-95.35996,34.97762
-95.35933,45.93958
-95.35932,45.93964
-95.35497,34.99564
-95.35352,46.05995
-95.35261,38.93234
-95.34997,38.93309
-95.34877,37.4132
-95.34704,38.9349
-95.34659,40.08987
-95.3442,45.86076
-95.34392,45.85629
-95.33736,45.94135
-95.33533,45.99686
-95.33503,34.6577
-95.33499,34.65775
-95.33131,46.04943
-95.32784,45.91487
-95.31986,42.02775
-95.30993,47.28365
-95.30948,35.97433
-95.30822,36.01168
-95.30391,35.97092
-95.30218,28.94323
-95.30132,34.63142
-95.29962,35.90762
-95.29867,35.9055
-95.29825,35.76794
-95.29823,34.63226
-95.29768,48.90743
-95.29759,48.90748
-95.29751,31.94172
-95.29751,48.90753
-95.29591,32.48226
-95.29435,39.01231
-95.29386,35.9098
-95.29026,31.92106
-95.28334,29.33379
-95.27815,35.8795
-95.27393,47.95958
-95.27293,35.88882
-95.27278,35.88917
-95.27259,35.87945
-95.27142,35.88925
-95.27029,35.60015
-95.27024,35.88563
-95.2674,29.03752
-95.26684,29.30284
-95.26479,35.80202
-95.26364,36.00484
-95.26238,35.59524
-95.2573,29.72822
-95.25508,32.61389
-95.25489,47.88783
-95.25307,32.62181
-95.25186,46.92195
-95.24174,29.61954
-95.24153,47.76162
-95.23977,35.88924
-95.23972,39.14044
-95.23931,39.0001
-95.23918,45.85945
-95.23857,35.904
-95.23783,39.13195
-95.23707,35.91383
-95.23693,35.91352
-95.23687,35.91335
-95.23673,35.871
-95.23169,29.24322
-95.2314,49.03411
-95.23125,49.03523
-95.22884,35.86402
-95.22543,47.2537
-95.22113,35.9182
-95.21775,35.875
-95.21589,38.97165
-95.21413,41.60386
-95.21145,48.88427
-95.21113,41.60493
-95.20992,32.83778
-95.2099,35.91971
-95.20848,29.21177
-95.2075,32.71778
-95.20691,30.7462
-95.20685,32.5597
-95.20645,30.02697
-95.20541,43.81921
-95.19839,47.2338
-95.19835,47.23374
-95.19678,37.42227
-95.18621,47.21571
-95.18609,33.08313
-95.18572,32.70497
-95.18474,36.43852
-95.18358,47.34946
-95.18314,36.30289
-95.1822,36.30404
-95.18161,32.21435
-95.18043,47.06068
-95.17995,35.57389
-95.17711,35.61505
-95.17587,42.6233
-95.17505,43.35632
-95.1713,43.38425
-95.17082,47.06429
-95.16966,45.60536
-95.16513,29.04863
-95.1642,35.62304
-95.16396,47.34579
-95.16177,38.75357
-95.15219,45.87002
-95.14259,36.40516
-95.13717,47.05902
-95.13389,29.50695
-95.13383,29.50691
-95.13378,29.50689
-95.13372,29.50686
-95.13368,29.50684
-95.13361,29.5068
-95.13357,29.50678
-95.1335,29.50674
-95.13055,29.07874
-95.12998,47.87506
-95.12588,43.37759
-95.12407,43.47063
-95.12367,43.35784
-95.12151,43.36995
-95.11869,30.01818
-95.11621,43.35635
-95.11242,39.56491
-95.10348,29.51157
-95.10347,29.51154
-95.10267,43.49751
-95.10125,47.79676
-95.09994,45.93137
-95.09913,46.7521
-95.09847,29.5411
-95.09843,29.54107
-95.09756,29.54033
-95.09703,29.54125
-95.09662,43.4465
-95.09607,29.53456
-95.09475,33.04791
-95.09184,43.79285
-95.09172,29.87777
-95.08983,29.59558
-95.07939,41.90083
-95.07418,30.70666
-95.0737,40.09372
-95.07361,40.08613
-95.07355,40.08659
-95.07346,40.09399
-95.07233,43.40674
-95.06908,37.79329
-95.06834,48.96033
-95.06799,48.96043
-95.06644,35.61866
-95.06566,34.7694
-95.06277,40.07939
-95.06265,49.34529
-95.06241,40.0794
-95.06216,49.34627
-95.05692,47.86847
-95.05204,47.26822
-95.05198,29.56833
-95.0516,29.75096
-95.05154,42.30025
-95.0505,45.9486
-95.04862,37.20163
-95.04783,29.45666
-95.04709,29.14466
-95.0457,29.57403
-95.04534,29.57718
-95.04524,42.29945
-95.044,42.30688
-95.04224,42.30175
-95.03737,40.97129
-95.0369,40.97538
-95.03618,40.10718
-95.03521,45.12879
-95.03387,40.09791
-95.03222,42.29401
-95.03109,45.13059
-95.02958,29.55006
-95.02596,35.45686
-95.02578,36.47732
-95.02277,33.05218
-95.02253,47.88059
-95.02211,33.05208
-95.02133,42.29419
-95.02099,29.73331
-95.01998,29.54534
-95.01988,29.54535
-95.01548,47.65373
-95.01405,42.30485
-95.01382,33.09436
-95.01334,47.1607
-95.01304,33.16903
-95.01293,33.09142
-95.01138,29.64968
-95.01134,29.64975
-95.01129,29.64984
-95.01123,29.64993
-95.00775,35.4346
-95.0075,47.49629
-95.00699,30.6606
-95.00695,30.66056
-95.00695,49.34601
-95.0066,30.6591
-95.00638,38.96674
-95.00591,48.06946
-95.0055,30.65215
-95.00483,38.76463
-95.00084,29.61809
-95.00062,48.0744
-94.99963,48.07319
-94.99539,47.19706
-94.99325,29.71291
-94.99325,29.71296
-94.99325,29.71301
-94.99096,47.1961
-94.99044,47.33902
-94.98966,37.22772
-94.98585,36.51223
-94.98564,29.73327
-94.98555,29.78724
-94.98552,36.55621
-94.98382,33.18986
-94.97981,29.18867
-94.97895,29.51219
-94.9765,47.88085
-94.9752,47.39496
-94.97513,29.46167
-94.97456,36.54874
-94.97332,35.43329
-94.96958,49.34543
-94.96833,35.72397
-94.96754,39.69147
-94.96518,31.39692
-94.96316,32.55752
-94.96214,32.55745
-94.95978,32.52696
-94.95869,48.97674
-94.95786,29.50652
-94.95602,48.97509
-94.95581,47.87164
-94.95329,47.36297
-94.9518,48.96981
-94.95155,37.24644
-94.95127,47.49713
-94.94937,37.23969
-94.94885,46.9863
-94.94742,38.68254
-94.94742,38.69436
-94.94639,48.96799
-94.9463,38.66253
-94.94495,38.66534
-94.94275,29.7232
-94.94273,29.72315
-94.93866,47.06998
-94.93859,47.61958
-94.93799,35.25925
-94.93775,43.95093
-94.92754,38.65965
-94.92337,38.64584
-94.92303,36.63995
-94.92246,38.64953
-94.92241,38.64958
-94.92237,38.64961
-94.92234,38.64964
-94.92228,38.64969
-94.92197,38.68101
-94.92012,38.651
-94.91909,36.57549
-94.91852,38.64977
-94.91814,36.58278
-94.91803,36.60247
-94.91782,45.00893
-94.9165,36.57668
-94.91563,36.61318
-94.91261,36.61557
-94.91233,36.6195
-94.91219,36.62031
-94.90986,36.63231
-94.90929,47.36756
-94.90848,47.41063
-94.907,36.65179
-94.90698,47.88256
-94.9067,29.30676
-94.9064,36.65263
-94.90625,36.65294
-94.90534,47.1732
-94.89833,36.66144
-94.89773,38.67832
-94.89613,36.65932
-94.8955,38.9402
-94.89182,31.57742
-94.88799,47.45399
-94.88482,29.39036
-94.88429,44.51756
-94.88282,47.61303
-94.88,36.86377
-94.87954,47.46541
-94.87775,39.80129
-94.87611,39.78059
-94.87472,29.38672
-94.87411,47.57787
-94.87375,47.49451
-94.87354,47.53402
-94.87349,38.87416
-94.87132,46.82321
-94.87067,47.48337
-94.86976,47.45987
-94.86674,43.45919
-94.86415,47.4644
-94.86127,45.19109
-94.8611,39.74882
-94.85775,29.28503
-94.85568,40.4289
-94.85127,32.47666
-94.84588,38.58534
-94.84365,29.27888
-94.8429,38.96391
-94.84251,42.03417
-94.84104,47.16182
-94.84103,47.15797
-94.83992,43.41235
-94.8384,37.2659
-94.83749,31.59321
-94.83662,29.2853
-94.83661,29.37438
-94.83541,49.17573
-94.83406,49.1759
-94.83361,47.15961
-94.83239,47.05776
-94.82852,47.03325
-94.82177,31.58854
-94.81846,39.29113
-94.81845,39.29113
-94.81745,37.63058
-94.81727,47.51857
-94.8158,39.3372
-94.81536,36.55067
-94.81524,29.36656
-94.81356,36.63243
-94.81275,37.64262
-94.81117,36.63557
-94.81038,31.13284
-94.80989,29.80729
-94.80987,29.80717
-94.80958,36.62763
-94.80945,36.62715
-94.8093,36.54941
-94.8093,36.62478
-94.80883,36.55744
-94.80877,36.62312
-94.80851,36.62252
-94.80848,36.62228
-94.80792,36.6214
-94.80773,36.62124
-94.80744,32.4647
-94.80687,36.61996
-94.80581,36.61917
-94.80543,36.61852
-94.80518,47.59119
-94.80484,36.61682
-94.80452,39.42121
-94.8038,36.61593
-94.80308,36.61533
-94.80209,36.55976
-94.802,36.55842
-94.80182,37.82055
-94.79989,36.61285
-94.7995,29.92129
-94.7995,38.98648
-94.79862,36.6254
-94.79861,29.92045
-94.79525,29.81202
-94.79432,36.63259
-94.79385,36.63258
-94.79369,36.63255
-94.79349,36.63252
-94.79332,36.63252
-94.79302,36.63253
-94.79244,36.63252
-94.79073,37.82194
-94.79037,47.62327
-94.78937,47.52541
-94.78903,45.74656
-94.78851,36.61767
-94.78743,29.54661
-94.78732,39.16483
-94.78654,36.57854
-94.78468,35.32044
-94.78377,36.63216
-94.78344,36.57829
-94.78318,36.60541
-94.78286,36.60525
-94.78248,47.62711
-94.78226,36.57889
-94.78184,36.57904
-94.78062,40.36616
-94.78017,40.40157
-94.77851,48.83064
-94.77763,29.31752
-94.77757,29.31754
-94.77724,48.83272
-94.77702,29.31746
-94.77701,48.83443
-94.77679,29.31982
-94.77663,29.31934
-94.77654,40.35644
-94.77647,29.3189
-94.77631,29.31842
-94.77631,48.82846
-94.77614,41.42342
-94.77262,39.38394
-94.76982,45.7734
-94.76961,39.38368
-94.76896,47.89065
-94.76739,41.43096
-94.76552,36.64389
-94.76525,36.87119
-94.76507,36.55666
-94.7646,29.83667
-94.76394,36.5566
-94.7634,36.65114
-94.75608,47.66244
-94.75505,36.79827
-94.75458,46.98503
-94.75048,47.29697
-94.749,47.59981
-94.74803,47.21727
-94.73715,40.02459
-94.73341,36.65411
-94.72997,29.80822
-94.72851,41.06189
-94.72773,44.30872
-94.72607,31.45691
-94.72352,44.93737
-94.72311,39.22783
-94.72292,39.40027
-94.72212,32.963
-94.71761,47.44699
-94.7167,44.434
-94.71565,32.90104
-94.71496,32.94682
-94.71391,34.16182
-94.71213,38.38294
-94.7093,32.41721
-94.70641,48.8286
-94.704,31.44974
-94.7014,48.81455
-94.7005,33.00864
-94.7005,41.07032
-94.70004,48.79385
-94.69916,48.83672
-94.69867,47.41012
-94.69832,48.84216
-94.69684,32.84237
-94.69452,34.78267
-94.69153,29.65457
-94.69108,37.06904
-94.68777,40.71203
-94.68624,38.19552
-94.67947,39.20237
-94.67936,39.20137
-94.67855,32.81838
-94.67809,39.20372
-94.67472,47.13802
-94.67095,47.4381
-94.66961,45.32544
-94.66559,41.85964
-94.66477,38.36775
-94.65763,32.80366
-94.65505,29.8382
-94.64866,47.48127
-94.64692,46.34302
-94.64655,42.47129
-94.64176,47.27529
-94.63985,45.35871
-94.63981,32.79883
-94.63387,39.22819
-94.63117,47.41951
-94.63076,47.41971
-94.62917,47.27175
-94.62653,47.15886
-94.62461,47.15883
-94.6245,39.07601
-94.62226,33.2521
-94.62176,34.04108
-94.62159,47.13479
-94.62055,47.19325
-94.62023,47.19281
-94.61794,47.19294
-94.61317,47.12836
-94.61211,47.1291
-94.61152,39.11585
-94.60968,32.36742
-94.60725,47.2079
-94.60674,47.20804
-94.60606,47.58853
-94.60536,38.46437
-94.60472,29.48153
-94.60232,38.83186
-94.60228,38.8325
-94.59846,47.39429
-94.59845,47.39388
-94.5975,48.71344
-94.59686,47.00885
-94.596,47.38667
-94.59517,39.03962
-94.59298,47.38483
-94.59254,47.38484
-94.59017,47.38108
-94.58971,47.10368
-94.58917,39.04052
-94.58879,47.37247
-94.58765,47.72955
-94.58758,36.63092
-94.58402,47.32951
-94.58284,38.89136
-94.58268,47.10438
-94.58071,37.16115
-94.58016,39.0392
-94.57906,48.71545
-94.5766,32.56651
-94.57504,47.58258
-94.57442,47.38171
-94.5739,47.37893
-94.57338,39.03818
-94.5729,47.10154
-94.56896,39.04022
-94.56783,37.43672
-94.56596,32.27327
-94.56575,32.27378
-94.56513,39.04175
-94.56412,47.06377
-94.56311,32.27504
-94.56012,47.28873
-94.5582,47.06316
-94.55802,35.31252
-94.55764,47.06309
-94.55689,39.04115
-94.55573,29.57479
-94.55555,39.04083
-94.55497,39.0407
-94.55328,39.03998
-94.55299,45.10978
-94.55089,38.8079
-94.54981,47.10425
-94.54949,39.03975
-94.54849,47.63923
-94.54776,32.78895
-94.5473,32.78068
-94.54599,32.74078
-94.54413,39.41663
-94.54324,39.4161
-94.54212,39.13758
-94.54079,36.24677
-94.54066,39.41492
-94.54017,39.44896
-94.53994,39.44828
-94.53883,40.0641
-94.53489,32.74504
-94.53397,46.92165
-94.53253,47.66313
-94.53205,37.03701
-94.53089,48.19627
-94.52977,29.61415
-94.52923,47.14923
-94.52772,39.42884
-94.52673,31.39713
-94.52673,39.43146
-94.52508,39.43099
-94.52463,40.40138
-94.52373,47.37976
-94.52372,32.73921
-94.52314,46.93108
-94.52312,47.48043
-94.52233,47.15034
-94.521,37.02972
-94.52094,46.81911
-94.52085,46.82094
-94.52081,39.39857
-94.51972,39.39857
-94.51805,48.15249
-94.517,35.44671
-94.51661,47.15997
-94.51621,39.40396
-94.51614,48.15899
-94.5157,39.40491
-94.51548,39.40316
-94.51391,47.15664
-94.51312,48.17557
-94.51213,47.54759
-94.51199,48.16123
-94.51183,37.16717
-94.5109,48.17528
-94.51007,32.74972
-94.50818,47.0958
-94.50811,47.60532
-94.50174,47.64127
-94.49955,32.7476
-94.49851,32.762
-94.49835,32.75482
-94.49788,44.36204
-94.497,32.7629
-94.49674,32.75827
-94.4923,46.95852
-94.48583,39.5293
-94.48285,39.17222
-94.48237,32.03379
-94.47687,41.2956
-94.4759,38.91825
-94.47504,38.9173
-94.47404,32.04476
-94.46756,38.90141
-94.46733,41.76848
-94.46501,32.43814
-94.46177,38.84018
-94.45901,45.61225
-94.4583,32.36941
-94.45727,39.54565
-94.45596,46.99828
-94.45549,45.60948
-94.45395,44.32364
-94.45339,35.34738
-94.4522,44.31631
-94.44804,39.288
-94.44649,36.60702
-94.44445,41.74112
-94.44363,47.02023
-94.44115,36.98369
-94.43663,38.53894
-94.43418,40.02159
-94.4313,38.07327
-94.43049,32.04129
-94.43009,32.04111
-94.43005,32.04111
-94.42988,32.04114
-94.42736,46.97297
-94.41863,47.32439
-94.41079,47.27164
-94.40905,46.73065
-94.4085,39.56733
-94.40451,46.94354
-94.39741,39.60256
-94.39406,39.16721
-94.39403,39.80318
-94.39333,46.7625
-94.39179,41.07093
-94.39046,29.59476
-94.38743,39.79093
-94.38725,39.79159
-94.38682,36.58884
-94.38467,39.81693
-94.38234,35.44912
-94.37984,44.77235
-94.37856,39.80111
-94.37751,47.02064
-94.37311,46.39541
-94.37304,46.39944
-94.3724,46.37451
-94.37224,36.08998
-94.37042,38.99682
-94.36823,36.896
-94.36752,36.89648
-94.36511,38.14034
-94.36301,37.85176
-94.36294,46.44866
-94.36032,46.41237
-94.35671,46.99235
-94.35539,37.94903
-94.34548,36.9202
-94.34491,36.45255
-94.34394,46.50991
-94.34387,39.01438
-94.34078,32.75826
-94.33777,46.86428
-94.33738,39.00117
-94.33717,36.47345
-94.33697,39.00204
-94.33572,46.91293
-94.33216,46.27915
-94.32833,32.28464
-94.32785,38.94973
-94.32751,38.94993
-94.32691,38.98284
-94.3269,38.98423
-94.32591,46.43826
-94.3245,38.93593
-94.32281,31.27028
-94.32224,46.43894
-94.32083,36.45681
-94.32064,41.73203
-94.31957,38.00607
-94.31658,38.97533
-94.31577,36.46821
-94.31502,47.42743
-94.31138,35.34962
-94.31108,36.92993
-94.31034,39.00129
-94.3091,46.95747
-94.30754,35.35074
-94.29604,46.47101
-94.29527,38.82195
-94.28945,35.34331
-94.28902,46.91368
-94.28633,49.13147
-94.28606,46.38104
-94.28551,35.34207
-94.28479,47.00926
-94.28466,47.09636
-94.28384,49.13257
-94.28107,36.47148
-94.28073,36.4464
-94.27718,46.91069
-94.27219,45.22475
-94.27183,47.53922
-94.26713,46.42098
-94.26668,47.87599
-94.26531,47.04645
-94.26457,45.55201
-94.26296,36.45048
-94.26229,36.46833
-94.26226,39.3983
-94.2596,37.47861
-94.25435,40.07658
-94.25252,48.65609
-94.25178,46.89733
-94.25132,38.9149
-94.25012,42.72865
-94.24699,36.47797
-94.24142,40.74475
-94.24071,36.46137
-94.23757,38.05828
-94.23691,39.02672
-94.23541,39.22775
-94.22767,47.24583
-94.22605,43.66361
-94.22587,47.24664
-94.22491,32.22438
-94.22368,45.23901
-94.22289,45.72665
-94.21916,46.98902
-94.21854,47.24721
-94.21816,47.35059
-94.21674,46.82067
-94.21611,47.35015
-94.21555,36.19948
-94.21548,36.4738
-94.21322,46.59495
-94.21266,46.5908
-94.21105,46.91347
-94.20754,38.95048
-94.20569,46.92889
-94.20403,47.35016
-94.20372,39.45511
-94.20312,36.4701
-94.20285,32.12555
-94.20253,47.35077
-94.20028,46.92478
-94.19936,42.5196
-94.19508,38.89375
-94.19306,42.72395
-94.19098,39.18909
-94.188,32.69634
-94.1839,42.49082
-94.17581,47.63509
-94.17572,32.69383
-94.17537,45.70442
-94.17261,33.29996
-94.17206,33.28582
-94.1696,32.70348
-94.16906,47.03138
-94.16622,46.37064
-94.16548,47.58624
-94.16461,33.32095
-94.16302,45.5734
-94.161,45.56973
-94.16014,47.09272
-94.15879,45.30605
-94.15807,39.22153
-94.15711,45.30395
-94.15359,33.30573
-94.1488,45.54416
-94.14718,45.32173
-94.14341,45.50435
-94.13995,36.13748
-94.13951,47.62499
-94.13793,47.62933
-94.13347,36.91643
-94.12738,45.26805
-94.12656,46.95813
-94.1222,32.70257
-94.11134,29.69603
-94.11048,29.93034
-94.10676,45.3194
-94.10515,47.51583
-94.10246,48.64412
-94.10203,33.49743
-94.10201,33.49743
-94.10121,36.33689
-94.09465,49.40908
-94.09422,30.35624
-94.09385,47.52539
-94.09361,49.40819
-94.09272,30.09652
-94.09202,32.00451
-94.08551,40.39819
-94.08032,29.69253
-94.07876,42.3899
-94.07768,45.27727
-94.07629,47.04539
-94.07062,32.70265
-94.06534,36.05571
-94.06337,39.13352
-94.06196,47.47946
-94.06068,35.48384
-94.05732,39.93248
-94.05478,49.42186
-94.05174,42.36165
-94.05103,47.74037
-94.04953,47.42868
-94.04484,47.5165
-94.04227,45.41949
-94.04102,46.63319
-94.04085,33.55179
-94.0408,46.6904
-94.0391,47.50295
-94.03792,39.74687
-94.03131,36.24375
-94.03114,36.24651
-94.03057,36.24382
-94.0255,33.24517
-94.02447,47.43108
-94.02227,36.29199
-94.02133,36.33245
-94.02048,42.11151
-94.02043,44.26283
-94.0187,42.1187
-94.00951,45.17297
-94.00877,43.8714
-94.00873,43.87143
-94.00841,31.97226
-94.00785,31.14957
-94.00559,33.24189
-94.00385,38.45236
-93.9951,38.00367
-93.99343,39.31044
-93.99211,42.41801
-93.99205,42.41804
-93.992,45.20409
-93.99122,46.48294
-93.99046,42.39338
-93.99037,42.39328
-93.99011,38.97246
-93.98362,42.3981
-93.98357,42.39806
-93.98253,33.68418
-93.98166,42.12881
-93.97873,33.68715
-93.97489,38.30988
-93.97431,42.38974
-93.97424,42.38976
-93.97384,46.48756
-93.97316,47.58818
-93.97,42.12192
-93.96386,33.68719
-93.96088,45.43648
-93.95895,38.30028
-93.95794,32.69534
-93.95653,45.36371
-93.95578,46.47867
-93.95563,46.47876
-93.95508,46.76021
-93.95463,46.99195
-93.95322,44.32345
-93.95317,46.7167
-93.95288,46.80802
-93.95233,38.31272
-93.95109,41.53423
-93.9495,46.61441
-93.94842,49.40086
-93.94567,47.56096
-93.94427,46.82018
-93.94329,39.92688
-93.94312,33.69697
-93.93911,46.81959
-93.93751,45.47219
-93.93463,45.48455
-93.92914,45.2454
-93.92792,33.77721
-93.92784,44.80709
-93.92762,42.03694
-93.92632,45.50654
-93.92609,29.86808
-93.91773,44.4633
-93.91619,41.47461
-93.91493,42.32143
-93.91182,45.28172
-93.9088,45.13953
-93.90762,45.28674
-93.90691,45.28795
-93.90636,47.76198
-93.90615,49.05818
-93.90104,45.30027
-93.89865,46.48522
-93.89805,45.17582
-93.89653,46.28171
-93.89538,47.56883
-93.89451,36.41358
-93.89267,29.76789
-93.8922,33.14931
-93.89021,41.5217
-93.88651,41.9333
-93.88557,36.41954
-93.88476,39.19591
-93.88457,39.19589
-93.87946,45.29307
-93.87716,46.64406
-93.87444,45.16775
-93.86972,43.8476
-93.86686,44.26143
-93.86611,45.19144
-93.865,47.72996
-93.86429,41.87406
-93.85859,33.08767
-93.85819,37.48367
-93.8566,36.42949
-93.85643,36.4207
-93.85398,45.28513
-93.85077,40.65094
-93.85044,41.84958
-93.84479,45.21045
-93.84475,48.6311
-93.84441,47.71836
-93.84425,39.99803
-93.84312,37.51371
-93.84011,29.9848
-93.83795,48.62902
-93.82933,37.50536
-93.82863,44.21056
-93.82844,35.66957
-93.82784,45.12026
-93.82722,47.71223
-93.82679,35.47992
-93.82372,45.32593
-93.82199,32.89224
-93.82088,46.28647
-93.81847,44.19509
-93.81787,38.34219
-93.81652,44.2115
-93.8138,44.27786
-93.81117,37.98572
-93.81055,35.46965
-93.80864,44.32296
-93.80583,37.53045
-93.80575,42.43226
-93.80431,41.60654
-93.80224,47.22507
-93.80094,44.19108
-93.79925,48.5131
-93.79888,34.54614
-93.79825,46.48561
-93.79679,37.64398
-93.79643,37.61901
-93.79586,48.19521
-93.79565,42.43077
-93.7955,37.60597
-93.79537,37.62977
-93.79312,42.43756
-93.79287,47.65037
-93.79247,37.66641
-93.79055,47.31657
-93.78634,37.68318
-93.78616,43.22769
-93.7837,38.99355
-93.78191,45.30373
-93.78088,31.40876
-93.78081,37.54375
-93.78042,46.32659
-93.78033,37.54773
-93.77981,38.84558
-93.77966,37.61042
-93.77808,47.15468
-93.778,37.6591
-93.77794,37.45162
-93.77743,47.74885
-93.7729,40.75139
-93.77138,35.08428
-93.76786,41.78238
-93.76024,46.1227
-93.75929,44.8715
-93.75908,36.4352
-93.75902,43.25701
-93.75897,36.43489
-93.75678,46.43834
-93.7559,31.23881
-93.75507,34.23441
-93.75485,41.83498
-93.754,37.67124
-93.75388,37.60529
-93.75384,37.60518
-93.75079,45.06982
-93.75012,29.79047
-93.74815,41.53826
-93.74776,47.363
-93.74705,41.75822
-93.74703,41.75808
-93.74694,45.35999
-93.7468,34.22952
-93.74651,45.17904
-93.74361,44.27752
-93.74355,41.03238
-93.7417,45.14705
-93.74143,41.82255
-93.74128,45.13897
-93.74055,41.80701
-93.73714,38.30782
-93.73673,38.30739
-93.73636,34.23195
-93.73574,37.99627
-93.73566,41.5497
-93.73566,41.80539
-93.73535,37.60379
-93.73534,37.60388
-93.73517,41.68777
-93.73315,37.60324
-93.73043,37.45471
-93.72911,45.09272
-93.72229,44.28278
-93.72213,47.63903
-93.7208,47.63985
-93.71747,41.6623
-93.71721,41.6621
-93.71528,46.47113
-93.71341,46.35096
-93.71214,48.51228
-93.70986,44.93128
-93.70984,32.5002
-93.70878,32.49956
-93.70877,41.74737
-93.7067,41.5626
-93.7029,41.75368
-93.70238,38.05076
-93.7009,41.75117
-93.69857,41.70893
-93.69785,41.70852
-93.6976,36.56209
-93.69656,32.49265
-93.69581,32.49198
-93.69577,41.70703
-93.69433,37.58008
-93.69407,42.79054
-93.69164,39.89853
-93.69146,45.06575
-93.69122,42.83585
-93.69064,42.79308
-93.68964,46.46227
-93.68959,45.43109
-93.68812,45.51069
-93.68768,32.70709
-93.68749,41.73023
-93.68627,37.58067
-93.68555,41.73053
-93.68542,37.60252
-93.68387,45.30443
-93.68136,36.57944
-93.68091,30.19785
-93.6795,30.20047
-93.67584,44.20503
-93.67571,41.69941
-93.67481,39.95194
-93.6718,45.37777
-93.66931,44.92905
-93.6688,44.89798
-93.66844,41.68091
-93.66595,37.57042
-93.66515,32.44553
-93.65951,40.09545
-93.65839,35.1058
-93.65622,41.56778
-93.65567,47.74565
-93.65562,47.55015
-93.65331,47.47226
-93.65108,44.91287
-93.64637,44.93804
-93.64344,41.57199
-93.64111,44.69246
-93.64084,46.52035
-93.6403,42.2629
-93.63936,42.27595
-93.63725,44.93632
-93.63675,41.61825
-93.63574,45.02589
-93.63319,42.06427
-93.63084,45.47806
-93.62975,45.49159
-93.62561,44.93714
-93.6252,35.22725
-93.62514,44.93716
-93.62397,42.07197
-93.62049,42.06625
-93.61807,36.75096
-93.61763,44.95032
-93.61668,44.76674
-93.61199,41.61109
-93.61145,41.61007
-93.61116,41.51696
-93.60886,44.95338
-93.60763,44.9534
-93.60542,44.95362
-93.60378,46.50916
-93.60054,45.3086
-93.5998,47.13666
-93.59831,42.03724
-93.59709,37.5662
-93.59687,42.03702
-93.59656,47.61849
-93.5962,42.08656
-93.59477,41.29425
-93.59235,44.88015
-93.59174,47.41097
-93.58899,41.27713
-93.58831,46.98592
-93.58688,41.29548
-93.58361,31.16274
-93.58256,38.93923
-93.58104,44.91704
-93.58046,44.91709
-93.57873,44.90332
-93.57816,44.90319
-93.57674,47.60556
-93.57638,44.91596
-93.57618,44.91597
-93.57232,44.95368
-93.57064,44.22176
-93.57025,48.52696
-93.56927,44.98747
-93.56481,48.40027
-93.5631,47.50006
-93.56042,42.94067
-93.55988,44.90501
-93.55985,44.90704
-93.55984,37.53907
-93.55963,44.90763
-93.55876,43.7409
-93.55862,44.90439
-93.55845,44.96085
-93.55806,45.28971
-93.55771,44.96121
-93.55717,47.18593
-93.55673,48.38991
-93.55671,44.86893
-93.55665,44.90638
-93.55533,39.75371
-93.55512,40.49113
-93.55383,47.16465
-93.54997,36.59754
-93.54782,47.23048
-93.54256,38.36589
-93.54238,34.62619
-93.5353,36.7228
-93.53328,36.72138
-93.5324,44.92424
-93.53129,44.92431
-93.52963,44.92379
-93.52737,44.73944
-93.52725,44.93532
-93.52671,46.33584
-93.52573,44.80096
-93.524,47.24727
-93.52391,44.74277
-93.5237,47.14998
-93.52338,44.86693
-93.52335,38.63863
-93.52293,47.23252
-93.52206,38.63417
-93.52111,45.24562
-93.52108,34.65707
-93.51951,44.22539
-93.51812,44.80206
-93.51758,44.96894
-93.51627,44.96951
-93.51608,39.21362
-93.5155,47.218
-93.51237,44.83434
-93.51023,41.56558
-93.51014,39.21442
-93.50969,44.5922
-93.50964,45.11073
-93.50874,38.52836
-93.50736,43.39506
-93.5045,36.71401
-93.50364,44.96576
-93.50171,44.96522
-93.4999,36.5556
-93.49911,47.86096
-93.49856,47.05465
-93.4976,44.95047
-93.4971,44.9501
-93.49604,44.85431
-93.4958,48.76657
-93.49545,45.19967
-93.49346,46.14917
-93.49292,32.83091
-93.49061,43.38387
-93.49038,46.43063
-93.49012,44.8692
-93.48488,46.1483
-93.48392,36.67473
-93.48256,44.69341
-93.47934,44.08105
-93.47521,41.54528
-93.4736,46.51129
-93.4707,44.99678
-93.47065,44.8438
-93.47016,34.63326
-93.46802,34.57197
-93.46802,38.27477
-93.464,45.08376
-93.46277,36.67116
-93.46241,34.56957
-93.46181,36.80703
-93.4615,41.5395
-93.46068,45.12403
-93.45986,45.22252
-93.45902,46.97699
-93.45878,43.12197
-93.45856,38.31142
-93.45749,44.8411
-93.45643,44.79979
-93.45524,44.70614
-93.4544,38.29363
-93.45395,29.8666
-93.4532,29.86663
-93.4527,29.86649
-93.44658,36.83226
-93.44629,48.59217
-93.44121,44.71142
-93.43986,43.41308
-93.43754,34.5733
-93.43643,44.71842
-93.43144,44.88192
-93.43006,45.00298
-93.42804,38.28197
-93.42724,34.576
-93.42722,48.60202
-93.42702,38.27996
-93.42658,45.01748
-93.42648,45.01749
-93.42645,47.28598
-93.42014,44.63605
-93.41928,47.28797
-93.41779,43.11863
-93.41552,32.32303
-93.40947,44.8632
-93.40775,44.73943
-93.40585,45.07938
-93.40572,45.27862
-93.40423,35.96129
-93.40225,29.88941
-93.40172,43.4066
-93.40085,38.29827
-93.39555,36.59433
-93.39017,45.19241
-93.38932,45.21384
-93.38849,44.74537
-93.38798,45.18445
-93.38782,38.24636
-93.38642,40.59131
-93.38592,36.9394
-93.38579,43.12174
-93.38527,43.12298
-93.38394,43.13484
-93.38263,45.24992
-93.38169,44.83126
-93.37936,42.52321
-93.37702,45.29653
-93.37679,48.6069
-93.37575,48.60438
-93.37573,43.66617
-93.37104,44.82414
-93.36436,34.68896
-93.36238,44.8513
-93.36041,30.09729
-93.36032,37.85731
-93.35993,37.85721
-93.35987,41.99182
-93.35901,41.48616
-93.35821,45.38899
-93.35512,36.0211
-93.35432,46.82607
-93.35377,37.85227
-93.35315,41.9841
-93.35127,30.21983
-93.35073,39.72538
-93.35056,45.2373
-93.35049,39.72596
-93.35041,37.86611
-93.34984,37.86633
-93.34815,48.61595
-93.34788,38.95006
-93.34505,44.71291
-93.34474,43.88891
-93.34217,44.26331
-93.34169,45.21878
-93.34064,37.8813
-93.33998,45.03593
-93.33834,43.10261
-93.33792,29.98784
-93.33671,46.69031
-93.33637,45.36292
-93.33623,36.03931
-93.33264,33.99657
-93.33227,33.99561
-93.33174,44.99806
-93.33074,41.48877
-93.32643,45.02264
-93.32635,45.82073
-93.32516,47.44799
-93.32502,37.88066
-93.32376,48.48948
-93.32338,37.89478
-93.32164,46.78638
-93.32133,44.98225
-93.32026,45.82718
-93.31993,46.78675
-93.31966,39.71574
-93.31864,46.7884
-93.31765,36.58778
-93.3166,35.39948
-93.31587,37.87529
-93.31557,37.87612
-93.31533,30.29126
-93.31154,36.58139
-93.31148,36.58129
-93.3114,36.58121
-93.31072,45.14701
-93.30967,44.94944
-93.30911,45.14431
-93.30862,36.6152
-93.30852,44.92535
-93.30822,44.69596
-93.30748,44.9484
-93.30741,44.84735
-93.30681,30.10416
-93.30674,44.94604
-93.30669,44.94777
-93.30645,37.55618
-93.30483,36.57795
-93.30423,34.95302
-93.30362,48.61402
-93.30268,46.72388
-93.3022,44.46324
-93.30199,37.88653
-93.29905,37.89177
-93.2967,36.57386
-93.29617,42.16815
-93.29472,45.84485
-93.2908,36.56412
-93.28996,38.68132
-93.28991,42.52305
-93.28963,48.60869
-93.28866,44.80105
-93.28497,46.93298
-93.28487,44.66659
-93.28375,45.03092
-93.28186,39.54448
-93.28099,45.06772
-93.28049,45.10497
-93.27985,44.30359
-93.27971,36.05687
-93.27929,40.9986
-93.27887,45.98588
-93.27807,36.55278
-93.2776,44.72672
-93.27625,40.99897
-93.27298,39.64003
-93.27013,44.99368
-93.26887,32.00929
-93.26846,48.60233
-93.26756,30.19027
-93.26756,30.19048
-93.2674,42.51765
-93.26665,34.58169
-93.26473,39.47521
-93.26397,48.48934
-93.26285,48.61247
-93.25769,46.93056
-93.25703,34.58784
-93.25621,30.28708
-93.25318,38.27136
-93.25029,30.29922
-93.2498,37.117
-93.24503,30.2529
-93.24502,44.91053
-93.24473,44.90993
-93.24167,48.60878
-93.24037,38.56656
-93.24027,42.76755
-93.23824,34.96006
-93.23594,35.30237
-93.23591,33.83111
-93.23445,35.0289
-93.23427,48.59878
-93.23244,41.93725
-93.23027,44.82729
-93.22803,39.32613
-93.22709,34.27013
-93.22665,45.54445
-93.22597,34.67007
-93.2241,45.25275
-93.22217,43.13938
-93.21956,43.13907
-93.21905,36.63452
-93.21717,48.61115
-93.21639,34.57254
-93.21377,48.59855
-93.21347,36.63853
-93.21237,36.07095
-93.21127,38.25932
-93.21104,48.59822
-93.20658,42.67549
-93.20617,46.95358
-93.2054,37.3154
-93.20511,35.29119
-93.20472,45.33821
-93.20418,44.79374
-93.20401,37.31594
-93.2029,48.60579
-93.19865,47.28878
-93.19741,45.06701
-93.19721,46.58162
-93.19085,44.90398
-93.19057,44.8757
-93.19056,48.60077
-93.18969,46.82444
-93.18882,34.53347
-93.18821,30.29893
-93.18773,48.59984
-93.1877,48.57906
-93.18737,48.5995
-93.18673,39.62353
-93.18668,35.31853
-93.18127,39.13342
-93.18059,48.59892
-93.18048,46.01125
-93.17873,34.61958
-93.17818,34.61589
-93.17395,44.88556
-93.17278,45.04742
-93.17025,34.24444
-93.17003,48.598
-93.16871,48.59673
-93.16803,44.89604
-93.16738,48.59877
-93.16702,44.89473
-93.16611,48.58086
-93.16472,44.45307
-93.16316,34.47979
-93.16316,45.31244
-93.16149,48.58379
-93.16126,48.5836
-93.16118,44.8222
-93.1606,44.75599
-93.15903,36.06515
-93.15744,45.31061
-93.15538,45.31082
-93.1503,46.82848
-93.14902,45.03499
-93.14883,44.95425
-93.14734,41.44931
-93.14321,34.25091
-93.13801,35.21574
-93.13638,45.05641
-93.13613,36.05746
-93.13405,47.38066
-93.13265,39.4217
-93.13232,34.48169
-93.13215,45.31937
-93.13087,45.09285
-93.12914,44.9181
-93.12894,44.78596
-93.12736,34.47226
-93.12483,34.22198
-93.12408,34.22134
-93.12366,34.22141
-93.12351,34.22245
-93.1231,34.22116
-93.12287,34.22161
-93.12282,34.22192
-93.12207,45.06845
-93.1219,34.22155
-93.12135,34.22065
-93.12124,34.21953
-93.12124,44.9192
-93.12116,34.21996
-93.12098,34.22111
-93.1209,34.22272
-93.12057,34.22039
-93.11988,34.2196
-93.11916,34.245
-93.11876,34.21939
-93.11853,34.22415
-93.11842,34.21921
-93.11789,30.297
-93.11513,45.04355
-93.11353,34.21549
-93.11204,45.04222
-93.11151,33.69078
-93.1081,44.99731
-93.10775,34.19982
-93.10487,48.11039
-93.10427,41.40131
-93.10233,41.40241
-93.10146,44.93393
-93.10133,34.21963
-93.09938,48.11569
-93.09007,45.40599
-93.08796,34.43896
-93.0874,34.4351
-93.08556,34.43981
-93.08512,34.43054
-93.08162,45.16111
-93.08147,36.00805
-93.08128,42.35624
-93.08088,42.36526
-93.07778,42.36629
-93.0759,40.2618
-93.07319,48.48637
-93.07139,34.17668
-93.06832,44.08833
-93.06684,42.37452
-93.06517,45.01324
-93.06444,41.30835
-93.06417,34.44033
-93.05778,48.48274
-93.05497,38.26852
-93.04962,48.78381
-93.04407,34.4639
-93.0439,37.64172
-93.04072,35.98268
-93.04056,45.11643
-93.03939,34.60878
-93.03174,38.82635
-93.03152,41.38217
-93.02832,48.44455
-93.02768,38.21311
-93.02625,45.11266
-93.02614,34.44511
-93.02475,40.87358
-93.02254,48.44078
-93.02139,34.44269
-93.02116,34.44269
-93.01898,34.44316
-93.01815,45.11042
-93.01732,44.88195
-93.0163,44.85723
-93.01617,45.07737
-93.01525,45.07574
-93.01048,45.26287
-93.01029,38.2424
-93.00928,38.19223
-93.00651,44.84326
-93.00616,44.84232
-93.00396,45.1149
-93.00104,42.09154
-92.99908,45.08699
-92.99784,39.66318
-92.99659,39.6638
-92.99635,45.09512
-92.99536,34.44154
-92.99535,45.07086
-92.98978,38.20048
-92.98864,34.44291
-92.98755,45.03022
-92.98718,38.98431
-92.98379,37.51982
-92.98078,38.92171
-92.97961,44.9524
-92.97908,38.70299
-92.97835,48.07393
-92.97727,38.17283
-92.97704,31.73024
-92.97576,45.08982
-92.97546,29.76933
-92.97494,29.76917
-92.97422,44.94272
-92.97244,41.36307
-92.9695,45.83069
-92.96318,39.31491
-92.95982,39.7094
-92.95824,34.23782
-92.95581,37.69223
-92.95525,45.32721
-92.95308,36.00905
-92.95214,38.228
-92.95109,43.67155
-92.95026,44.51437
-92.94976,38.66537
-92.94893,38.67924
-92.94864,45.02585
-92.94397,38.93589
-92.94247,44.50925
-92.94237,44.50926
-92.9409,44.51284
-92.93794,44.75906
-92.93556,38.23399
-92.93421,40.86993
-92.93324,38.23036
-92.92841,48.22032
-92.9278,40.86963
-92.92615,40.865
-92.9233,40.83464
-92.92167,36.47503
-92.92071,39.72305
-92.9194,45.01303
-92.91927,36.47552
-92.9192,30.00564
-92.90609,44.51293
-92.90602,44.97612
-92.90385,38.17391
-92.89828,40.82809
-92.89775,37.86376
-92.89672,33.80512
-92.89664,31.98797
-92.89619,31.99754
-92.89471,29.98308
-92.89444,29.98276
-92.8935,33.90521
-92.89339,34.81307
-92.88872,40.85376
-92.88835,37.73148
-92.88691,39.76678
-92.88671,35.97019
-92.88557,44.98704
-92.88192,37.70249
-92.87646,47.4906
-92.87569,45.67911
-92.87336,37.78347
-92.87281,37.80045
-92.87248,37.7311
-92.87158,38.94104
-92.87072,37.80515
-92.8699,45.20408
-92.86956,37.7611
-92.86941,45.37801
-92.86939,45.37797
-92.8671,37.82258
-92.86487,45.56672
-92.86465,45.56657
-92.86426,45.56803
-92.8642,45.56811
-92.86393,48.03262
-92.86349,39.25695
-92.86192,48.05092
-92.86191,41.92689
-92.8615,37.78801
-92.86148,37.78721
-92.86132,37.73374
-92.86092,37.7369
-92.86062,37.741
-92.86037,37.73909
-92.86032,37.74472
-92.85924,44.74906
-92.85892,44.74623
-92.85883,37.80455
-92.85775,48.06172
-92.85477,44.75011
-92.85458,44.7503
-92.85425,44.74967
-92.8517,44.75525
-92.84926,39.21988
-92.84885,45.7295
-92.84813,48.43553
-92.84796,44.75487
-92.84423,41.7436
-92.84312,44.74341
-92.84258,41.7444
-92.84244,41.74405
-92.84129,37.79976
-92.84024,41.75629
-92.8394,48.07539
-92.83919,39.40014
-92.83765,44.74524
-92.8375,44.74537
-92.83748,42.69374
-92.83723,44.74458
-92.83692,37.79824
-92.83614,38.03239
-92.83432,46.16452
-92.83327,48.05383
-92.83222,46.1802
-92.8283,46.32666
-92.82471,45.3901
-92.82347,33.58736
-92.82063,33.59237
-92.81892,38.30976
-92.81794,45.13085
-92.81573,48.40558
-92.81571,48.40466
-92.81355,44.75152
-92.81354,45.26726
-92.81353,35.98074
-92.81242,38.17295
-92.80939,48.2087
-92.80559,45.06183
-92.80549,45.06055
-92.80487,45.06114
-92.80453,45.07439
-92.80447,45.07684
-92.80341,38.59061
-92.80327,44.74836
-92.8017,44.74675
-92.80144,39.40006
-92.80021,45.08002
-92.79965,44.54314
-92.7986,44.74542
-92.79839,44.74436
-92.79638,45.15261
-92.79558,44.74302
-92.79281,38.00849
-92.7928,45.08099
-92.79162,45.04202
-92.78948,45.0397
-92.78728,44.79877
-92.78201,34.985
-92.78167,38.12136
-92.77977,44.90083
-92.77965,45.77405
-92.77917,47.49792
-92.77795,45.00668
-92.77726,45.00537
-92.77703,45.94517
-92.77295,34.9864
-92.77245,36.48969
-92.76685,35.98948
-92.7659,45.20283
-92.76542,29.71718
-92.76535,45.20307
-92.76494,44.96019
-92.76456,45.82323
-92.76324,45.82359
-92.76275,35.9899
-92.76162,46.35652
-92.75971,44.97915
-92.75952,44.97156
-92.75952,44.9716
-92.75951,44.9715
-92.75951,44.97164
-92.75943,45.21716
-92.7593,45.21695
-92.75823,44.70276
-92.75778,44.96836
-92.75662,46.45201
-92.75644,44.98774
-92.75589,44.96553
-92.75263,35.45257
-92.75263,44.90642
-92.75151,48.18828
-92.74986,38.22626
-92.74807,38.22194
-92.74499,38.20539
-92.74461,46.39673
-92.74435,35.98496
-92.73997,48.14456
-92.73902,38.19545
-92.73711,38.25334
-92.73598,41.23598
-92.73559,44.66636
-92.73325,38.17315
-92.73166,35.46625
-92.7311,45.90427
-92.72996,39.16604
-92.72895,45.52274
-92.72868,48.18491
-92.72682,42.12916
-92.72349,45.53628
-92.72336,45.53646
-92.72246,39.16044
-92.72214,42.1287
-92.72203,42.01085
-92.71954,38.98556
-92.71663,45.18889
-92.71495,35.98671
-92.71282,45.32045
-92.71237,44.67297
-92.71118,45.32135
-92.71111,39.15727
-92.71099,45.32146
-92.70418,40.53781
-92.70189,40.55906
-92.69712,45.01391
-92.69562,45.90398
-92.69156,38.18678
-92.68978,38.22225
-92.68965,38.17384
-92.6885,38.18927
-92.68499,40.48524
-92.68441,38.98687
-92.68438,40.34256
-92.68433,39.8359
-92.68014,38.16921
-92.67946,36.22262
-92.67307,44.18818
-92.67279,31.39719
-92.67224,46.48746
-92.66944,38.1157
-92.66856,38.11525
-92.66722,34.87926
-92.66696,45.392
-92.66394,38.11874
-92.66266,47.94861
-92.6615,47.99376
-92.65812,45.39552
-92.65588,47.92552
-92.65293,48.07802
-92.65097,39.57563
-92.65003,45.42685
-92.6486,38.17743
-92.64859,45.41902
-92.6483,45.41924
-92.64805,38.15449
-92.64742,47.92358
-92.64685,45.42723
-92.64468,46.61361
-92.64387,40.18359
-92.64375,40.1838
-92.64353,40.1837
-92.64236,47.95219
-92.64221,48.50054
-92.64215,44.6376
-92.64115,34.7203
-92.64075,45.93312
-92.63756,48.04641
-92.63637,36.03901
-92.63469,48.5012
-92.63326,38.13591
-92.63184,31.26367
-92.62961,47.94662
-92.62921,36.03481
-92.62436,38.17741
-92.62066,47.94781
-92.61944,39.62187
-92.61905,38.1998
-92.61697,39.58051
-92.61558,35.23354
-92.60832,48.0322
-92.60598,34.73316
-92.60493,34.58731
-92.60467,36.53204
-92.6026,38.19069
-92.601,32.88313
-92.60061,45.34005
-92.59038,35.25263
-92.5882,48.11467
-92.58764,47.90257
-92.58449,36.03065
-92.58071,45.20202
-92.5803,47.91076
-92.57839,41.9525
-92.57818,36.06704
-92.57775,32.84196
-92.57641,38.07416
-92.57621,38.07393
-92.57406,32.85643
-92.57231,36.37341
-92.56835,45.95034
-92.56746,34.86441
-92.56207,45.24267
-92.56088,32.26311
-92.55468,36.06951
-92.55455,35.30772
-92.55405,47.8992
-92.55147,45.40948
-92.55035,44.56585
-92.54894,36.12432
-92.54833,44.56517
-92.54774,43.37555
-92.54663,32.82863
-92.5461,47.52421
-92.54547,35.10385
-92.5446,45.25828
-92.54449,44.56507
-92.54429,44.58772
-92.54418,36.26635
-92.54418,44.58944
-92.54388,45.75128
-92.54376,36.26591
-92.54322,42.62891
-92.54229,47.95815
-92.54165,45.97539
-92.54071,36.3125
-92.54028,35.30936
-92.53851,35.07516
-92.53788,42.70639
-92.53745,44.56896
-92.53598,41.2946
-92.5351,38.94826
-92.52301,32.81964
-92.52284,48.12391
-92.52277,45.45459
-92.52257,32.24868
-92.52125,42.84776
-92.5206,32.72007
-92.51562,38.19405
-92.51467,29.96278
-92.51391,32.25321
-92.50868,42.77346
-92.50813,45.9253
-92.50614,47.3888
-92.50603,32.8207
-92.50441,47.38745
-92.50227,48.1796
-92.50211,44.56486
-92.49647,48.17144
-92.49576,36.91425
-92.49155,39.76128
-92.49118,34.83866
-92.48841,48.26881
-92.48794,48.2658
-92.48551,48.2658
-92.4849,42.5684
-92.47904,44.20986
-92.47897,47.95684
-92.47819,32.77475
-92.47816,41.94007
-92.47748,40.03583
-92.47701,47.95985
-92.47552,38.90532
-92.47514,47.46109
-92.47506,47.96416
-92.47486,44.20618
-92.47372,47.91067
-92.47356,47.75031
-92.47339,47.91036
-92.47335,36.88644
-92.47286,45.76902
-92.47079,48.26905
-92.46995,42.73726
-92.46978,47.8669
-92.4697,47.86691
-92.4681,44.16944
-92.46777,36.86934
-92.46757,47.98853
-92.46733,39.47716
-92.46727,43.28476
-92.46516,44.17927
-92.46473,42.72097
-92.4645,46.72746
-92.46436,39.41701
-92.46399,34.84727
-92.46325,48.2724
-92.4622,34.84387
-92.46139,39.4184
-92.46104,47.48301
-92.45943,39.2457
-92.45896,44.18144
-92.45877,38.23213
-92.45794,32.78692
-92.45761,44.03215
-92.45515,32.78601
-92.45358,42.54352
-92.45251,37.75938
-92.45245,37.63365
-92.45184,32.78481
-92.45104,42.54001
-92.44757,44.10771
-92.44409,42.5393
-92.44341,46.01229
-92.4406,36.16452
-92.44026,36.16458
-92.44004,45.34201
-92.43714,45.35455
-92.43586,45.32868
-92.43585,32.78241
-92.43499,45.32217
-92.43467,42.54935
-92.43402,43.9469
-92.43339,41.92059
-92.43023,34.83089
-92.42899,40.01413
-92.42186,32.77341
-92.42002,45.92766
-92.41859,34.93899
-92.41789,32.76603
-92.41757,32.75651
-92.41668,45.60419
-92.41478,32.75962
-92.41397,32.75845
-92.41373,32.71803
-92.41268,41.01198
-92.41079,42.53615
-92.40614,38.83632
-92.40484,34.95973
-92.40375,47.81678
-92.40351,45.26442
-92.40295,35.29927
-92.40235,42.52967
-92.40051,47.88487
-92.39898,47.88473
-92.39758,37.75018
-92.39729,32.75252
-92.39721,48.44812
-92.39558,38.82555
-92.39541,45.56426
-92.39495,37.33201
-92.3942,41.90571
-92.39408,29.6335
-92.39016,36.82645
-92.38818,45.26616
-92.38776,42.52593
-92.38733,38.27711
-92.38557,34.97949
-92.38532,34.79909
-92.3853,34.79906
-92.38509,39.15042
-92.38484,34.99403
-92.38347,38.81596
-92.38329,38.81578
-92.38291,45.03646
-92.38033,34.99809
-92.37977,45.79507
-92.37964,35.53017
-92.37919,47.78727
-92.37898,32.75716
-92.37867,47.88938
-92.37763,32.75058
-92.37251,35.53583
-92.37211,47.85816
-92.37134,35.53616
-92.36662,36.78269
-92.36457,38.69035
-92.36379,47.46232
-92.36171,37.72021
-92.36137,37.7206
-92.35698,36.21325
-92.35572,34.80113
-92.35016,33.30007
-92.34988,33.29919
-92.34863,47.83327
-92.34854,32.73782
-92.34831,42.50618
-92.34623,45.33698
-92.34579,43.0873
-92.34358,40.95859
-92.34283,32.70691
-92.3425,32.71467
-92.34233,47.8259
-92.34091,37.80088
-92.34081,45.66195
-92.34046,38.70715
-92.33889,32.71285
-92.33638,34.78572
-92.3344,34.78695
-92.32901,44.52877
-92.32716,45.81949
-92.32481,36.40247
-92.32346,47.52978
-92.31959,36.40343
-92.31592,34.79
-92.31584,39.0883
-92.31519,44.49855
-92.31514,39.08638
-92.31481,47.53582
-92.3146,44.49984
-92.31456,38.67128
-92.31375,39.08301
-92.31341,45.83255
-92.31311,43.99674
-92.31109,39.07592
-92.3109,42.26607
-92.31038,39.07558
-92.31016,42.47455
-92.30945,42.88209
-92.30795,34.78714
-92.30754,38.9502
-92.30617,36.60823
-92.30544,38.60145
-92.30371,45.6123
-92.30355,47.59013
-92.30036,48.13107
-92.29996,44.47544
-92.29898,47.57343
-92.29867,35.56808
-92.29787,32.70823
-92.29762,35.56727
-92.29662,32.83082
-92.29558,47.81987
-92.29542,47.81672
-92.29471,35.56841
-92.2941,38.895
-92.29093,36.2093
-92.2899,38.31771
-92.28983,35.57035
-92.28972,36.20937
-92.28757,36.212
-92.28722,34.75931
-92.28506,34.70804
-92.28342,46.66036
-92.28326,46.66024
-92.28309,46.86547
-92.28198,36.6678
-92.28029,45.56984
-92.27945,48.4282
-92.27909,43.46502
-92.27667,41.85957
-92.27485,35.54623
-92.27408,47.82821
-92.27244,35.54812
-92.27116,35.54819
-92.27024,35.54807
-92.27022,30.79108
-92.27007,32.6998
-92.26788,30.81212
-92.26518,48.42391
-92.26511,36.70729
-92.26283,44.44938
-92.2621,37.87164
-92.26201,34.75175
-92.26107,37.86853
-92.26051,32.78101
-92.25829,37.86443
-92.25651,36.47851
-92.25459,45.92962
-92.25229,36.37433
-92.25189,36.37299
-92.25076,36.37245
-92.25064,36.37539
-92.2497,32.70093
-92.24784,36.40658
-92.24622,47.38716
-92.24607,46.07643
-92.24422,36.24605
-92.24305,44.85854
-92.24295,36.24657
-92.2412,36.26081
-92.24115,36.26064
-92.24098,32.65839
-92.23916,36.2563
-92.23901,45.8216
-92.23829,47.82641
-92.2379,44.86306
-92.23757,42.91005
-92.23713,32.55867
-92.2344,38.49177
-92.23414,36.37442
-92.23308,36.37342
-92.23179,36.37098
-92.23092,36.15758
-92.23012,32.76968
-92.22993,36.65859
-92.22959,36.65403
-92.2292,34.74855
-92.22896,36.37135
-92.22729,32.52684
-92.22581,36.64312
-92.2257,38.33798
-92.22553,42.81035
-92.22321,46.99101
-92.22313,35.55394
-92.21949,42.83007
-92.2194,42.83008
-92.21933,40.44222
-92.21741,47.89386
-92.21692,36.6548
-92.21671,35.58348
-92.21394,32.63229
-92.20846,38.42213
-92.20836,29.78741
-92.20737,46.70082
-92.20691,39.19189
-92.20666,38.76235
-92.2038,47.8444
-92.20297,46.65175
-92.20215,46.70639
-92.20213,46.70637
-92.20133,45.31877
-92.20052,41.37707
-92.20043,36.68514
-92.20032,32.47723
-92.19788,47.05169
-92.19712,35.56006
-92.19685,35.56421
-92.19574,35.56098
-92.1938,36.9165
-92.19236,36.90651
-92.19,32.73724
-92.18921,32.73507
-92.18915,32.73684
-92.18724,36.85046
-92.18719,36.88211
-92.18439,37.16097
-92.17915,38.58903
-92.17911,45.43341
-92.17816,41.63849
-92.1781,35.59172
-92.17252,45.3335
-92.17169,47.50504
-92.16854,38.46406
-92.16713,45.00867
-92.16183,34.89545
-92.16158,34.86588
-92.15628,34.66458
-92.1554,32.44783
-92.15485,45.95732
-92.15451,32.5724
-92.15365,29.78505
-92.1536,36.7591
-92.15355,29.78504
-92.15189,47.52226
-92.15133,35.608
-92.15124,36.80456
-92.14951,35.60152
-92.14894,36.81128
-92.14823,42.32662
-92.14738,47.32786
-92.14732,45.97123
-92.14655,35.60856
-92.14652,35.5394
-92.14603,46.70761
-92.14443,42.32308
-92.14424,46.71817
-92.1437,44.43755
-92.14325,47.44178
-92.14297,45.96215
-92.14098,46.71333
-92.14008,34.70194
-92.13972,32.67606
-92.1388,43.34691
-92.13551,47.57458
-92.13292,32.51992
-92.1325,37.90952
-92.12967,33.06693
-92.12836,34.85091
-92.12631,38.90617
-92.12505,33.05641
-92.12482,32.66982
-92.12316,37.51971
-92.11662,47.82388
-92.11443,35.94125
-92.11423,35.94153
-92.11391,46.0834
-92.11242,35.94096
-92.11188,33.15811
-92.10881,34.45237
-92.10769,41.23881
-92.10682,38.54172
-92.10476,46.77787
-92.10155,46.75175
-92.10148,46.75177
-92.10092,34.40771
-92.0996,46.74797
-92.09938,34.41222
-92.09928,46.73845
-92.09689,35.50617
-92.09686,46.78251
-92.09578,46.73802
-92.09502,35.50311
-92.09415,32.85395
-92.09311,46.77545
-92.09263,46.77419
-92.09219,46.77284
-92.09048,46.77239
-92.08959,46.76888
-92.08877,45.4079
-92.08633,37.82786
-92.0847,45.87791
-92.0844,32.69924
-92.08267,47.78883
-92.08128,37.8926
-92.08054,32.86594
-92.07973,37.73692
-92.0788,30.10307
-92.07595,35.50465
-92.07504,32.82349
-92.07185,44.4373
-92.07166,45.38805
-92.06732,47.81164
-92.06519,46.05813
-92.06439,34.31098
-92.06075,35.03477
-92.06058,35.50251
-92.05925,42.29557
-92.05898,37.76495
-92.05813,37.7602
-92.05732,46.71845
-92.0569,34.32692
-92.05617,46.73198
-92.05611,46.73194
-92.05511,46.71601
-92.05308,35.03354
-92.05305,46.71434
-92.05157,37.66414
-92.04948,37.66982
-92.0483,30.18109
-92.0477,46.72684
-92.04739,37.62994
-92.04623,35.50249
-92.04367,37.64262
-92.04311,37.7498
-92.04281,35.54892
-92.04265,44.38552
-92.04209,37.74777
-92.04156,35.53102
-92.04149,44.38563
-92.03993,44.38458
-92.03919,37.19509
-92.03876,35.51529
-92.03859,32.72109
-92.03683,37.88816
-92.03439,46.69997
-92.03308,47.75578
-92.03249,37.56097
-92.03136,47.89435
-92.0284,30.19348
-92.0267,44.60084
-92.02649,37.56613
-92.02648,42.53025
-92.02464,42.17326
-92.02304,31.12036
-92.01898,45.54381
-92.01884,37.25848
-92.01623,32.70256
-92.01404,35.53477
-92.01327,44.70149
-92.01134,31.12007
-92.00995,35.52806
-92.00987,38.49211
-92.00812,35.52989
-92.00767,40.34188
-92.00752,35.5285
-92.00508,30.20652
-92.00244,34.23088
-92.00224,37.32655
-92.00133,39.48829
-92.00126,30.21023
-91.99914,35.5338
-91.99892,34.28799
-91.99716,40.68379
-91.99066,48.09177
-91.98775,37.46166
-91.98455,44.63252
-91.98415,30.27034
-91.98345,44.35178
-91.98319,37.50581
-91.98263,34.25218
-91.9825,34.25339
-91.98246,46.68959
-91.97853,42.16418
-91.97683,32.21759
-91.97527,42.51266
-91.97496,37.92004
-91.97455,47.92043
-91.97424,40.00773
-91.97362,38.5742
-91.97283,44.62501
-91.972,35.48979
-91.97146,47.7374
-91.97057,40.71141
-91.97002,41.25034
-91.96972,37.36315
-91.96826,40.76743
-91.96766,44.62935
-91.96664,42.30441
-91.96243,48.7151
-91.96048,31.09133
-91.9598,40.73038
-91.95963,40.73055
-91.95959,43.41486
-91.95707,47.99447
-91.95584,43.00842
-91.95576,32.57922
-91.95243,47.92367
-91.94813,34.2832
-91.94577,48.07393
-91.94339,49.46456
-91.94232,47.73541
-91.94078,34.26716
-91.94076,34.2674
-91.94024,44.87258
-91.93748,47.94969
-91.93706,44.87591
-91.93596,44.3561
-91.93542,44.77394
-91.93154,44.34062
-91.93049,37.91292
-91.92955,44.88523
-91.92859,44.21829
-91.92801,44.88262
-91.92759,46.2535
-91.92697,44.89089
-91.92492,35.45812
-91.92337,45.74058
-91.92114,46.88056
-91.91981,42.16161
-91.91662,47.99752
-91.9163,43.40355
-91.91604,43.40321
-91.91584,47.38015
-91.91369,44.90099
-91.91363,44.90103
-91.9127,47.92471
-91.91176,32.87155
-91.90776,44.26507
-91.90672,39.453
-91.90523,44.88984
-91.90522,48.01989
-91.9052,44.88979
-91.905,42.48947
-91.90486,43.17288
-91.90405,29.9155
-91.90377,37.91009
-91.90205,44.67875
-91.90058,46.08038
-91.89802,42.47365
-91.89687,44.71641
-91.89457,46.11836
-91.89398,47.38119
-91.89152,45.95319
-91.89083,39.15506
-91.89016,47.71649
-91.88972,41.18881
-91.88841,38.07513
-91.88737,44.92852
-91.88572,30.03187
-91.88569,46.20027
-91.88476,38.65238
-91.88277,42.19022
-91.88267,44.27253
-91.88066,47.90457
-91.88008,46.08247
-91.87981,44.92205
-91.87732,39.15074
-91.87587,47.94715
-91.87274,37.88219
-91.87267,31.03607
-91.87097,37.8646
-91.86993,42.45558
-91.86911,43.00872
-91.86512,44.23055
-91.86394,46.68546
-91.86252,39.49011
-91.8625,30.04479
-91.86198,30.54752
-91.86172,47.9107
-91.86133,37.82842
-91.85713,47.91471
-91.85527,33.71001
-91.85053,43.36335
-91.84965,44.21487
-91.84667,37.00766
-91.8441,32.90089
-91.84186,32.90232
-91.84058,29.73151
-91.84055,29.73161
-91.83786,47.91751
-91.83692,29.94445
-91.83487,43.05381
-91.83353,44.2056
-91.82954,42.11499
-91.82907,37.79163
-91.82891,30.21369
-91.82837,42.11979
-91.8279,33.70198
-91.82463,45.90953
-91.8178,39.44639
-91.81749,30.13845
-91.81696,42.1195
-91.81682,42.11956
-91.81617,44.75804
-91.81593,30.00521
-91.81551,47.97885
-91.81465,46.34769
-91.81172,30.00406
-91.80955,41.19511
-91.80925,39.46556
-91.80691,39.49192
-91.80162,47.93213
-91.79524,39.51141
-91.79048,29.83644
-91.7904,41.78937
-91.78828,30.32638
-91.78804,47.89592
-91.78641,47.75676
-91.78542,30.3112
-91.78531,43.04817
-91.78264,46.9451
-91.78178,39.51567
-91.7816,41.78774
-91.78115,45.54608
-91.77933,46.37963
-91.77587,42.04969
-91.77315,41.78594
-91.77299,38.68134
-91.77244,42.83852
-91.77216,45.76733
-91.7713,47.9696
-91.77058,40.5028
-91.76666,30.3088
-91.76555,45.91568
-91.76312,42.86239
-91.76042,47.9281
-91.76036,43.80319
-91.75493,47.18308
-91.75054,45.93236
-91.74963,44.15004
-91.74784,46.45298
-91.74211,38.42497
-91.74118,47.89383
-91.7407,42.86453
-91.74061,39.52796
-91.74047,38.42259
-91.73975,39.52723
-91.73839,41.77264
-91.73718,37.07819
-91.73715,30.68964
-91.73661,45.00724
-91.73563,45.73133
-91.73374,38.96604
-91.7335,39.49492
-91.73343,47.81653
-91.73293,47.8866
-91.73277,30.68761
-91.73258,39.4947
-91.73219,37.07658
-91.73183,45.49886
-91.73131,44.09413
-91.73032,43.01781
-91.73009,39.51697
-91.73007,47.94427
-91.72973,45.00283
-91.7296,41.72631
-91.72909,30.34064
-91.72866,39.51819
-91.72701,45.53053
-91.7258,45.69113
-91.72406,42.08401
-91.72096,47.95281
-91.72002,44.09272
-91.71869,31.00542
-91.71795,36.19999
-91.71791,41.16243
-91.71754,36.20065
-91.71706,39.48777
-91.71701,38.70902
-91.71644,30.51572
-91.71547,41.78445
-91.71539,42.31513
-91.71448,41.79211
-91.71349,39.5312
-91.71185,45.05279
-91.71064,39.54279
-91.70843,43.00837
-91.70496,45.67658
-91.70441,34.34439
-91.70424,45.14239
-91.70259,46.51246
-91.70225,30.21002
-91.70086,41.7845
-91.69886,44.07503
-91.69781,31.00968
-91.69315,42.00366
-91.69213,30.21492
-91.69189,45.3202
-91.6916,37.99756
-91.69048,30.17437
-91.68963,44.08121
-91.68943,42.00441
-91.68636,45.95375
-91.68552,42.29308
-91.68472,42.29197
-91.68265,44.07955
-91.68237,39.46386
-91.68,49.42085
-91.67558,31.00474
-91.67544,44.76136
-91.67525,41.982
-91.67351,42.28969
-91.67113,30.4327
-91.67086,30.43275
-91.66948,47.38117
-91.66939,30.99955
-91.66896,39.55119
-91.66876,44.57228
-91.66833,37.0562
-91.66678,39.55088
-91.6666,41.97179
-91.6656,47.01511
-91.66537,31.00147
-91.66189,46.01488
-91.66134,37.45053
-91.66116,47.02482
-91.65947,42.99818
-91.65892,45.33205
-91.65725,37.43513
-91.65637,44.04349
-91.65632,42.99664
-91.65617,42.99677
-91.65525,45.97588
-91.65404,39.51162
-91.65322,47.50538
-91.65168,42.97779
-91.65045,45.31687
-91.64577,41.80723
-91.64196,44.06095
-91.63947,38.60797
-91.63943,41.79391
-91.63918,41.79461
-91.63909,37.05406
-91.63888,37.05267
-91.63829,39.52641
-91.63698,44.06552
-91.63665,29.94376
-91.63631,44.0397
-91.63505,41.95292
-91.6348,41.95231
-91.63443,45.9958
-91.63341,45.30995
-91.63309,38.60337
-91.63265,39.07231
-91.63215,42.2688
-91.63202,45.32566
-91.63014,39.06793
-91.6287,44.0378
-91.6243,42.95815
-91.62323,42.95835
-91.62309,44.05178
-91.61899,47.67781
-91.61788,45.31015
-91.61034,30.06206
-91.6083,37.42238
-91.60812,37.42213
-91.60791,37.42218
-91.60647,42.95155
-91.60519,44.0423
-91.60211,31.06852
-91.59789,31.88528
-91.59753,38.55315
-91.59284,39.55946
-91.59256,41.814
-91.58907,45.9839
-91.58803,41.80468
-91.58744,41.80337
-91.58441,42.24474
-91.5831,38.9023
-91.58269,31.07222
-91.58015,38.881
-91.58015,39.03485
-91.5799,41.47571
-91.57861,41.79505
-91.57447,38.56536
-91.57334,37.38543
-91.57042,47.96222
-91.56966,46.25859
-91.5691,41.79858
-91.56674,40.46114
-91.56499,41.77194
-91.56247,37.06097
-91.56217,47.95567
-91.56214,37.06107
-91.56166,41.75584
-91.55994,41.78867
-91.55983,41.79657
-91.55961,37.65708
-91.55961,45.82735
-91.55781,41.79115
-91.55761,45.6596
-91.55737,45.75343
-91.55594,41.8098
-91.5551,38.66819
-91.55489,37.37447
-91.55369,41.80466
-91.55328,49.46764
-91.55248,41.80954
-91.55237,38.67148
-91.55147,37.37591
-91.55023,38.67356
-91.54943,45.66215
-91.54574,42.22289
-91.5457,45.84559
-91.54478,41.33676
-91.54251,44.07022
-91.54215,42.21701
-91.54118,42.21569
-91.53983,42.21325
-91.53978,42.21399
-91.53871,39.239
-91.53839,41.64175
-91.53645,47.6387
-91.53631,39.23644
-91.53609,42.60052
-91.53561,41.79257
-91.53506,41.73013
-91.53445,41.67553
-91.53183,39.82072
-91.53171,41.72526
-91.53167,36.30364
-91.52892,41.72092
-91.52829,41.62608
-91.5275,36.78478
-91.52731,42.20419
-91.52655,44.04213
-91.52579,44.04209
-91.52375,42.19085
-91.52293,41.72696
-91.52139,46.32682
-91.52041,42.19172
-91.5204,44.80405
-91.51994,42.18929
-91.51943,41.5551
-91.51932,36.27939
-91.51932,44.79943
-91.51874,44.05118
-91.51262,37.64736
-91.51171,46.10058
-91.50963,46.09292
-91.50867,46.28438
-91.50858,37.9511
-91.5066,37.65011
-91.50458,37.12109
-91.50275,45.10683
-91.50216,41.48994
-91.50016,44.84608
-91.50003,47.98726
-91.49932,41.90116
-91.49404,46.33001
-91.49366,32.53075
-91.4936,32.53095
-91.49311,32.48735
-91.493,32.48749
-91.49249,34.97748
-91.49017,46.0829
-91.48862,44.02062
-91.48807,46.30908
-91.48265,42.91259
-91.48191,46.05272
-91.47937,46.00914
-91.47749,47.64882
-91.47612,37.33424
-91.4745,42.90892
-91.47295,36.31265
-91.47221,48.70266
-91.46157,42.1649
-91.45685,37.97764
-91.45658,37.97802
-91.45628,37.97728
-91.45551,47.97579
-91.45447,42.47309
-91.45383,44.82266
-91.45379,29.8798
-91.45312,42.47143
-91.45295,44.88435
-91.44673,34.79011
-91.44493,37.14806
-91.44489,37.14795
-91.44475,34.79078
-91.44448,37.14787
-91.4437,41.87769
-91.44369,45.25801
-91.44179,34.08137
-91.44007,37.14766
-91.43762,44.81829
-91.4375,37.3202
-91.43721,44.00159
-91.43539,30.69226
-91.43506,38.70818
-91.43465,38.7084
-91.43346,30.69247
-91.43236,47.97127
-91.4319,47.97242
-91.43129,46.05127
-91.4309,37.97876
-91.42887,31.5576
-91.42622,44.8106
-91.42539,37.99235
-91.4248,47.16546
-91.41906,45.22138
-91.41537,30.68949
-91.41507,38.83147
-91.41391,45.21902
-91.41217,36.03997
-91.41208,45.25435
-91.41205,29.80952
-91.41057,31.56043
-91.40987,37.28704
-91.40688,36.2535
-91.40648,42.8598
-91.40603,35.65374
-91.40546,37.28332
-91.40437,37.27993
-91.40202,42.84328
-91.40168,42.85217
-91.39922,44.95758
-91.39735,43.42884
-91.39722,38.29902
-91.39402,44.93038
-91.39243,42.89416
-91.39159,41.83965
-91.39158,40.38697
-91.3872,40.38769
-91.38588,46.79101
-91.38504,40.81964
-91.38429,40.42103
-91.38359,42.13109
-91.38239,46.79074
-91.38023,37.99174
-91.37655,34.8311
-91.37586,43.13022
-91.37303,45.32927
-91.37135,29.70054
-91.36798,37.15815
-91.36654,44.94302
-91.36242,33.98748
-91.36064,37.99668
-91.36048,43.91669
-91.35406,37.15299
-91.35349,37.15269
-91.35309,39.71054
-91.3526,39.71042
-91.35217,40.40569
-91.34984,37.15009
-91.34943,42.11048
-91.34741,42.80632
-91.34521,44.95079
-91.34471,46.14982
-91.34457,47.64393
-91.34332,44.98112
-91.34251,44.9805
-91.34178,44.97598
-91.34111,44.97976
-91.3353,37.7258
-91.33277,29.71173
-91.33152,36.7931
-91.3298,46.02453
-91.32932,46.01273
-91.3264,48.72749
-91.3248,45.16156
-91.32098,38.01492
-91.32,47.79124
-91.31964,45.39965
-91.31663,44.92494
-91.31657,44.92486
-91.31359,35.64003
-91.31315,44.91502
-91.31272,44.92573
-91.30988,37.2284
-91.30871,43.93124
-91.30851,37.22867
-91.30694,43.86147
-91.30347,40.62921
-91.30347,40.62929
-91.30346,40.62912
-91.30273,38.33105
-91.30254,43.85668
-91.30253,40.62888
-91.30228,47.30669
-91.30026,37.17242
-91.30024,35.76701
-91.29906,45.90583
-91.29852,45.97319
-91.29731,47.31056
-91.29497,43.47423
-91.29418,47.31138
-91.29349,47.35166
-91.2932,42.10092
-91.29199,45.02559
-91.28849,44.95935
-91.28797,35.60945
-91.28763,42.09816
-91.28142,38.03867
-91.28117,33.33065
-91.2805,48.72065
-91.27793,44.95232
-91.27765,44.92277
-91.27764,38.03481
-91.27702,44.9219
-91.27698,47.6167
-91.27679,43.5384
-91.27585,47.27047
-91.27545,43.86917
-91.275,33.29688
-91.27494,43.86775
-91.27479,37.19051
-91.27464,47.2711
-91.27439,43.81955
-91.27265,43.68693
-91.27067,46.21552
-91.26925,43.8169
-91.26896,43.89533
-91.26891,43.89527
-91.26859,37.18919
-91.26828,36.76522
-91.26674,36.76532
-91.26639,36.7648
-91.26624,43.91445
-91.26553,43.91453
-91.26514,48.71993
-91.26165,42.74024
-91.26136,46.33855
-91.26123,37.38827
-91.25993,43.83848
-91.25842,43.79756
-91.25638,38.32318
-91.25588,47.60959
-91.25357,43.11709
-91.2533,43.84058
-91.25329,43.84071
-91.25134,43.78814
-91.25061,43.84166
-91.25036,43.84323
-91.24853,43.49268
-91.24442,29.6606
-91.24418,38.66131
-91.24416,29.6607
-91.24406,29.66076
-91.2437,35.92
-91.24199,47.74146
-91.23544,43.88152
-91.23496,38.65534
-91.23469,43.55156
-91.2321,43.71596
-91.23109,43.71502
-91.22987,45.95214
-91.22907,43.73714
-91.22865,46.23906
-91.22535,43.74591
-91.22529,38.05774
-91.22521,43.46097
-91.22421,33.27925
-91.22381,43.45513
-91.22337,43.46362
-91.22276,38.05833
-91.22266,40.95275
-91.22255,43.5195
-91.22131,38.05987
-91.21914,33.27885
-91.21656,43.84812
-91.2148,29.69099
-91.21453,36.73263
-91.21407,43.72995
-91.2129,38.02807
-91.21288,38.02894
-91.21036,38.61456
-91.20859,43.36707
-91.20837,43.34806
-91.20668,38.06047
-91.20445,37.97498
-91.20443,37.97425
-91.20243,37.74057
-91.20139,46.84964
-91.19997,36.64908
-91.19966,36.64934
-91.1995,38.02289
-91.19893,43.86215
-91.19803,43.41779
-91.19728,38.39808
-91.19524,45.92495
-91.19138,36.55083
-91.18845,46.87644
-91.18722,29.71839
-91.18711,32.81947
-91.18152,43.39091
-91.17989,37.82117
-91.1781,43.15605
-91.17791,37.84607
-91.17717,43.04456
-91.17699,43.04375
-91.1765,37.99357
-91.17627,46.43622
-91.176,45.98127
-91.17527,37.18175
-91.17522,39.59823
-91.17306,43.02616
-91.17292,37.12725
-91.17276,43.02638
-91.17239,39.56313
-91.17225,37.81712
-91.17057,36.51252
-91.17057,42.24589
-91.17047,38.6424
-91.17032,34.88113
-91.17001,37.79935
-91.16902,37.91982
-91.16901,34.86804
-91.16878,37.92024
-91.16827,30.42623
-91.16583,42.93803
-91.16544,37.99241
-91.16456,30.40789
-91.16453,45.18027
-91.16337,46.42964
-91.16328,38.58966
-91.159,42.73316
-91.1581,38.11706
-91.15675,38.11207
-91.15358,43.0614
-91.15155,43.05976
-91.15059,41.66118
-91.15001,38.08187
-91.14995,38.08314
-91.14991,38.08454
-91.14839,47.7272
-91.14795,43.09421
-91.14639,42.90423
-91.14627,33.24808
-91.14621,43.20039
-91.14454,43.20153
-91.14397,42.94815
-91.14079,37.95811
-91.13842,29.94669
-91.13794,42.97627
-91.13464,47.6443
-91.13418,43.16989
-91.13105,37.11514
-91.12251,46.79618
-91.12124,37.10842
-91.12052,39.49783
-91.1188,46.22557
-91.11632,36.08254
-91.1143,41.19976
-91.11392,43.19957
-91.11304,43.2004
-91.1102,39.50372
-91.10984,45.28142
-91.10968,41.23231
-91.10895,38.15817
-91.1088,38.15807
-91.10784,46.24388
-91.10663,42.8493
-91.10643,42.80478
-91.10559,42.804
-91.10273,43.34902
-91.10122,37.91755
-91.10058,29.6613
-91.09933,40.81918
-91.09898,40.81193
-91.09844,38.20313
-91.09732,42.89383
-91.0967,47.41391
-91.09315,29.69625
-91.09307,29.69624
-91.09299,42.77654
-91.09263,29.69636
-91.09174,33.37558
-91.08767,42.88578
-91.08752,46.2025
-91.08702,47.74329
-91.08579,41.16867
-91.08478,45.45757
-91.08332,45.46518
-91.08132,46.21318
-91.08072,38.25243
-91.08024,45.88952
-91.07983,38.25271
-91.07828,30.34736
-91.07827,30.34736
-91.07621,42.82729
-91.07619,42.70755
-91.07523,47.57786
-91.0744,30.34554
-91.07411,47.60942
-91.06883,37.12968
-91.06874,39.52895
-91.06808,34.38268
-91.06744,33.41204
-91.06711,39.52394
-91.06698,38.24348
-91.06323,33.41729
-91.06136,46.41386
-91.06074,47.66062
-91.06025,34.21997
-91.05844,43.24842
-91.05529,39.47066
-91.04975,42.99712
-91.0487,46.88362
-91.04848,43.2785
-91.04666,45.49863
-91.04661,46.21274
-91.04659,38.42648
-91.04479,47.71831
-91.04453,39.45024
-91.04419,37.06604
-91.0432,39.46245
-91.0431,41.15897
-91.04277,39.46138
-91.04213,48.67402
-91.0414,39.46003
-91.03955,41.16346
-91.03625,45.90666
-91.03578,38.75346
-91.03244,38.75397
-91.03177,38.75297
-91.03066,46.28102
-91.03048,38.56411
-91.0226,38.75761
-91.02116,38.7576
-91.02009,37.0002
-91.01978,38.43151
-91.01595,44.69973
-91.01492,36.99241
-91.01294,38.56259
-91.01198,39.17443
-91.01076,43.61305
-91.01026,38.56133
-91.00999,42.71753
-91.00989,42.71761
-91.00521,30.34805
-90.99669,38.43865
-90.99652,44.10863
-90.99627,38.44313
-90.99032,43.90078
-90.99021,36.95303
-90.98993,36.95535
-90.98974,46.19964
-90.98783,45.79618
-90.98742,30.34575
-90.98648,42.70893
-90.9862,42.70868
-90.98609,42.70867
-90.98001,30.35025
-90.97838,46.19828
-90.96829,40.94137
-90.96823,45.52195
-90.96624,39.39936
-90.96595,45.82715
-90.96548,41.0201
-90.96337,37.44643
-90.96225,47.70219
-90.96215,45.89239
-90.95817,33.86575
-90.95748,40.93489
-90.95549,36.79561
-90.95538,36.66101
-90.95344,47.71318
-90.95316,33.86866
-90.95289,43.53792
-90.95201,45.08912
-90.95005,45.08431
-90.94462,46.58792
-90.93865,46.14617
-90.93602,39.8805
-90.93443,39.88235
-90.93394,45.05209
-90.93225,38.28256
-90.93127,41.03127
-90.93042,46.58565
-90.93015,37.73076
-90.92871,37.94375
-90.92611,41.43169
-90.9243,41.43171
-90.92379,47.5216
-90.92127,36.92775
-90.92092,38.32445
-90.9209,46.63671
-90.92003,38.32526
-90.91984,39.0227
-90.91706,46.17284
-90.91388,37.70647
-90.91356,38.67348
-90.91247,43.11426
-90.91173,46.15784
-90.91006,46.49847
-90.90946,38.40214
-90.90761,38.43945
-90.90465,42.68894
-90.90299,46.66621
-90.90271,46.66623
-90.90239,46.29892
-90.89799,46.58716
-90.89483,48.16081
-90.89381,48.15722
-90.89357,42.16256
-90.89095,38.39886
-90.89086,47.54405
-90.89082,38.39938
-90.89025,46.94682
-90.8894,46.94714
-90.88878,46.66776
-90.88846,46.66871
-90.8884,46.59563
-90.88739,46.66765
-90.88653,48.17143
-90.88642,48.17465
-90.88324,48.16482
-90.8826,46.59677
-90.88097,38.38128
-90.87881,46.73398
-90.87877,43.08487
-90.87816,46.73135
-90.87753,38.38108
-90.87282,38.35604
-90.86966,48.14712
-90.86402,46.71457
-90.85862,43.10103
-90.85841,29.96784
-90.85664,46.31757
-90.85432,46.19384
-90.85124,42.68274
-90.85084,29.80321
-90.84927,46.60889
-90.84875,30.32927
-90.84539,37.44227
-90.83966,47.57064
-90.83825,42.18287
-90.83695,48.07439
-90.83153,41.43878
-90.83071,37.50225
-90.83047,41.4398
-90.83018,48.07305
-90.82975,42.12017
-90.82833,34.32194
-90.82782,37.43863
-90.82178,37.40096
-90.8196,38.5838
-90.81956,29.36561
-90.81954,46.80761
-90.81949,46.8072
-90.81851,46.80778
-90.81834,38.43598
-90.81743,37.39482
-90.81554,46.29796
-90.80955,41.83364
-90.808,42.65432
-90.80713,37.14856
-90.80681,38.58987
-90.80165,46.2963
-90.79872,38.8006
-90.79779,40.45729
-90.79724,40.45769
-90.79717,40.4577
-90.79717,40.45772
-90.79424,38.91616
-90.78853,37.17898
-90.78727,46.8539
-90.7871,41.77454
-90.78697,46.85427
-90.78673,37.1779
-90.78639,46.84114
-90.78625,46.84121
-90.78108,39.3091
-90.78063,46.77295
-90.78029,46.63102
-90.77918,46.77487
-90.77361,37.14169
-90.77336,37.1414
-90.77302,46.30724
-90.77283,37.14079
-90.77199,46.88199
-90.77182,36.92036
-90.77173,47.83255
-90.7714,38.80132
-90.76752,38.44448
-90.7651,37.32467
-90.76113,45.7678
-90.7559,48.0848
-90.75565,37.12806
-90.75283,47.74026
-90.75156,47.77421
-90.75145,42.08109
-90.7502,41.43849
-90.74839,30.07477
-90.74773,39.63777
-90.74483,29.56326
-90.7426,39.2129
-90.74183,48.08812
-90.73761,47.69588
-90.73734,48.07378
-90.73602,30.10153
-90.73598,47.73615
-90.73551,29.56838
-90.73549,29.56831
-90.73514,30.10098
-90.73467,38.65687
-90.73306,46.6203
-90.73095,38.93138
-90.72858,29.36097
-90.72691,44.41471
-90.72645,34.22512
-90.72523,44.43123
-90.72408,39.22876
-90.72253,35.98117
-90.72168,44.287
-90.72112,41.44549
-90.72014,35.1551
-90.71854,44.2899
-90.71812,39.0513
-90.71791,39.23011
-90.71717,39.13647
-90.71543,38.47713
-90.71525,43.14927
-90.71496,46.03711
-90.71492,45.78225
-90.71273,43.15053
-90.70927,38.16349
-90.70828,38.47592
-90.70724,39.16862
-90.70613,38.21262
-90.70517,35.16924
-90.70469,45.86262
-90.70466,35.1702
-90.70396,44.42108
-90.70375,46.60709
-90.70272,42.61889
-90.70177,42.61809
-90.7015,35.1709
-90.7013,42.65157
-90.70077,39.12318
-90.69897,39.16282
-90.6985,44.43812
-90.69785,39.06386
-90.69778,39.06351
-90.69287,34.70873
-90.69286,47.7777
-90.68735,41.52608
-90.68639,46.60817
-90.68489,47.81313
-90.68437,42.57053
-90.68384,39.06242
-90.68301,35.5303
-90.68295,43.94892
-90.68217,43.94894
-90.68204,43.94775
-90.6818,38.08758
-90.67916,29.84982
-90.6785,39.12548
-90.6774,39.03174
-90.6773,41.75377
-90.67681,34.97905
-90.67645,39.03258
-90.67637,47.8242
-90.67587,38.12131
-90.67579,41.52351
-90.67501,41.74983
-90.67433,37.74248
-90.66987,42.07529
-90.66861,38.91409
-90.66604,47.70745
-90.66232,38.08601
-90.66215,29.51861
-90.66205,29.51867
-90.66018,38.47461
-90.66015,42.49544
-90.66004,47.90448
-90.65603,42.49603
-90.65316,42.63094
-90.65221,38.274
-90.65065,34.72888
-90.6505,42.49264
-90.64871,42.51167
-90.647,39.6994
-90.64696,42.48561
-90.64692,42.52056
-90.64565,41.47475
-90.64564,42.48453
-90.64491,47.92604
-90.6448,42.51157
-90.64444,42.52636
-90.6438,43.57484
-90.64359,38.34977
-90.64343,37.72968
-90.64238,42.5256
-90.64186,42.52555
-90.64025,42.47826
-90.63452,30.3812
-90.63379,33.41872
-90.63258,42.08456
-90.6319,47.86217
-90.63112,38.76114
-90.62939,43.62175
-90.62917,38.80283
-90.62858,37.29296
-90.62634,37.42519
-90.62586,44.51639
-90.62411,38.5412
-90.6237,39.66181
-90.61967,48.21474
-90.61679,32.64054
-90.61667,39.15306
-90.61665,44.21328
-90.61392,42.46908
-90.61229,39.45681
-90.61129,34.59825
-90.61057,39.75715
-90.6102,39.19819
-90.60949,39.4556
-90.60902,39.63077
-90.60777,39.23559
-90.6072,39.2983
-90.60468,41.48613
-90.60352,41.49368
-90.6026,43.69787
-90.60185,41.49078
-90.60184,41.49078
-90.60183,41.49084
-90.60182,41.49085
-90.60121,41.49347
-90.60121,41.49348
-90.59966,36.97639
-90.59797,34.59465
-90.59423,43.6726
-90.59337,43.64949
-90.59298,43.68555
-90.59228,41.51576
-90.59161,38.50209
-90.59043,47.76107
-90.59016,39.04606
-90.58952,38.42069
-90.5887,38.53473
-90.58788,48.25847
-90.58745,43.72229
-90.58722,43.7592
-90.58706,42.43468
-90.58405,48.45973
-90.58328,39.53005
-90.58303,39.53058
-90.58203,43.69216
-90.58057,38.99084
-90.57837,39.03268
-90.57692,39.55124
-90.57609,39.04668
-90.57558,41.5189
-90.5748,41.45493
-90.57449,39.04731
-90.5736,39.55167
-90.56632,43.20675
-90.56537,39.02024
-90.56525,39.82717
-90.56484,39.82829
-90.56481,39.01908
-90.56409,38.82595
-90.56393,45.69129
-90.56391,36.9637
-90.56234,36.4129
-90.56178,41.51772
-90.55939,35.2739
-90.55445,37.91368
-90.55441,38.99122
-90.55438,36.96331
-90.55052,30.3772
-90.54919,45.86346
-90.54749,38.9738
-90.54543,38.97313
-90.54433,32.89589
-90.54401,48.05543
-90.54265,41.46264
-90.54145,38.9453
-90.54061,41.46213
-90.53661,38.86032
-90.53636,38.86052
-90.53079,43.20548
-90.52881,48.24698
-90.52806,41.4607
-90.52701,47.86361
-90.52458,43.98458
-90.5185,42.10135
-90.51724,44.15023
-90.51415,37.81594
-90.51294,37.23526
-90.51092,45.87977
-90.50873,38.9331
-90.5085,37.81278
-90.50542,48.05079
-90.50477,41.52182
-90.50469,38.88687
-90.50402,38.94206
-90.50371,38.94437
-90.50325,37.25839
-90.50314,38.92525
-90.50223,47.91316
-90.5018,37.81182
-90.50085,41.46169
-90.50085,41.46172
-90.4993,38.9009
-90.49878,37.59507
-90.49862,45.90525
-90.49039,33.17054
-90.49039,36.50154
-90.4883,38.7261
-90.48785,38.71686
-90.48655,38.96418
-90.48652,38.72466
-90.48587,38.96946
-90.48558,38.9196
-90.48433,38.54621
-90.48341,38.92467
-90.48325,38.92415
-90.48216,38.92622
-90.48144,38.77344
-90.47856,38.71479
-90.47843,38.93052
-90.47819,38.7164
-90.47657,38.93227
-90.47595,38.93388
-90.47506,38.93294
-90.47467,38.93376
-90.47451,36.90242
-90.47405,38.9371
-90.47362,38.79303
-90.4722,38.55805
-90.47151,37.57333
-90.47032,41.45689
-90.46896,41.6785
-90.4689,37.11699
-90.46836,29.45378
-90.46832,29.45374
-90.46808,48.24281
-90.46794,36.67209
-90.46736,36.5165
-90.46574,37.57087
-90.46542,29.44984
-90.46538,29.44987
-90.46484,48.03995
-90.46176,34.69419
-90.45578,41.45644
-90.45373,48.05905
-90.45337,37.09595
-90.45217,47.83022
-90.448,38.55845
-90.44799,45.91413
-90.44763,29.41597
-90.44581,43.1976
-90.4457,47.88008
-90.44515,38.95458
-90.44303,47.88288
-90.44283,32.83283
-90.44101,41.54897
-90.44018,38.96838
-90.43998,46.56157
-90.43926,43.1976
-90.43921,43.19756
-90.43844,45.68155
-90.43833,45.94274
-90.43829,37.55504
-90.4381,37.55432
-90.43752,46.56155
-90.43672,41.66766
-90.43664,41.66764
-90.43598,46.38974
-90.43571,32.43518
-90.43566,42.08085
-90.43516,40.02332
-90.43465,38.51484
-90.43452,38.96792
-90.43438,42.30175
-90.43129,37.02281
-90.43064,42.41025
-90.42761,45.85798
-90.42649,40.06383
-90.42572,38.51109
-90.42397,35.53259
-90.42313,30.10718
-90.42292,36.82135
-90.42277,36.82156
-90.42269,36.82141
-90.42195,37.03523
-90.42174,38.50335
-90.42068,38.50167
-90.41967,48.04453
-90.41509,38.46114
-90.41378,37.68122
-90.41051,41.56036
-90.40664,47.89523
-90.40577,48.0515
-90.40361,42.28559
-90.40113,43.20235
-90.39857,47.90275
-90.39844,48.06465
-90.39793,48.03558
-90.39784,47.9029
-90.39758,40.98777
-90.39565,46.40876
-90.39471,45.98856
-90.39308,45.6882
-90.39084,41.47129
-90.38359,40.98834
-90.38359,47.82637
-90.38232,42.2162
-90.38221,48.06981
-90.38005,47.82613
-90.37803,36.76428
-90.3744,30.05179
-90.37213,30.05582
-90.36951,40.86715
-90.3692,40.12477
-90.36854,46.01021
-90.36854,48.07514
-90.36704,38.2356
-90.36311,36.5157
-90.36253,48.48791
-90.36248,38.95163
-90.3621,38.93691
-90.36177,34.83987
-90.36071,43.41016
-90.36007,38.45656
-90.35799,36.97262
-90.35708,37.55563
-90.35186,37.97874
-90.35084,38.93124
-90.35084,43.64803
-90.34914,48.80632
-90.34781,44.32614
-90.34741,38.41727
-90.34585,40.1304
-90.34523,38.395
-90.34298,47.74559
-90.34274,38.93134
-90.34252,41.58326
-90.34231,41.59937
-90.34231,41.59944
-90.34194,47.74809
-90.34074,47.74831
-90.33959,41.67372
-90.33903,42.15731
-90.33818,41.64417
-90.33708,41.69427
-90.33694,41.60665
-90.33652,41.69371
-90.33369,36.93636
-90.33365,45.96109
-90.33346,47.74647
-90.33346,47.74653
-90.32997,46.60818
-90.32885,41.67941
-90.32784,48.46706
-90.32716,41.7505
-90.32367,30.40415
-90.31783,41.68347
-90.31501,41.50778
-90.30818,37.57593
-90.30469,37.57548
-90.30456,43.20942
-90.3027,36.96425
-90.28854,38.93843
-90.28835,38.88667
-90.28688,38.93717
-90.28599,43.02177
-90.28591,47.8603
-90.27681,36.94705
-90.27532,36.9419
-90.27192,43.74503
-90.27165,41.77746
-90.2711,38.8599
-90.26917,45.84606
-90.26861,38.91346
-90.26811,47.91075
-90.26503,38.13686
-90.26304,38.90471
-90.26246,38.90437
-90.25645,38.9284
-90.25484,46.39047
-90.25222,41.78059
-90.25009,41.78193
-90.24994,36.8672
-90.24982,38.53916
-90.24915,41.78271
-90.24824,48.95188
-90.2482,41.78485
-90.24751,38.90436
-90.23911,46.07399
-90.23527,38.89969
-90.23384,48.16461
-90.23378,46.06526
-90.23174,48.16613
-90.2285,47.86389
-90.22774,38.89973
-90.22416,46.42542
-90.22399,43.64913
-90.22337,41.4723
-90.22077,41.79112
-90.22068,41.79102
-90.21707,38.89325
-90.2158,46.22461
-90.21484,36.958
-90.21352,38.8872
-90.20989,36.9521
-90.20967,36.95077
-90.20951,36.94141
-90.20685,45.31422
-90.20548,38.79714
-90.20205,36.18595
-90.20172,45.31817
-90.20166,36.7811
-90.20142,42.87767
-90.20046,37.00214
-90.19922,37.00137
-90.19882,38.80179
-90.19677,41.82514
-90.19318,46.40683
-90.19182,38.87097
-90.18975,38.88095
-90.18927,38.87776
-90.18882,40.14926
-90.18776,43.17303
-90.18765,43.15871
-90.18735,38.93479
-90.18675,38.61587
-90.18602,38.81631
-90.18513,38.87796
-90.18417,47.98705
-90.18325,47.87404
-90.18307,42.06959
-90.18245,33.52278
-90.18192,38.86968
-90.18094,41.93558
-90.17772,38.88506
-90.17692,42.07495
-90.17677,42.075
-90.17568,47.86619
-90.17528,38.86814
-90.17471,42.05622
-90.17456,38.88427
-90.174,46.07336
-90.17393,46.07339
-90.17388,46.07341
-90.17339,41.87331
-90.17327,46.07622
-90.17254,41.87927
-90.17207,42.07175
-90.17148,42.062
-90.17117,42.14298
-90.17087,41.83329
-90.17084,42.06016
-90.17045,42.06196
-90.16997,46.09187
-90.16909,42.06091
-90.16908,42.74109
-90.16721,42.41855
-90.16697,41.85994
-90.16679,45.40602
-90.16664,41.87581
-90.16356,38.82444
-90.16016,46.14967
-90.15905,42.36527
-90.15902,42.09734
-90.15899,42.10105
-90.15805,37.38161
-90.15718,45.85616
-90.15635,45.96001
-90.15555,42.08963
-90.1552,42.41906
-90.15461,42.08904
-90.15401,41.48177
-90.15256,38.86522
-90.15133,40.06547
-90.14785,46.11017
-90.1439,32.5484
-90.14133,41.47442
-90.14072,40.97767
-90.13948,46.27053
-90.13907,38.8651
-90.13895,36.68944
-90.13836,36.45587
-90.13607,36.6961
-90.13472,40.96483
-90.13357,35.89677
-90.13309,36.69944
-90.13257,35.85318
-90.13245,35.85309
-90.12943,36.70315
-90.12889,36.70393
-90.12625,36.70784
-90.12562,36.70843
-90.12396,36.71783
-90.12395,42.01618
-90.12371,36.72802
-90.12349,36.71784
-90.12335,36.72802
-90.12273,35.84886
-90.12263,36.71295
-90.12029,37.06322
-90.12005,37.06323
-90.11993,36.73558
-90.11957,36.72805
-90.11924,36.72829
-90.11725,30.02692
-90.11679,30.02291
-90.1159,42.04522
-90.11489,43.01344
-90.11472,38.90529
-90.11462,36.71698
-90.11378,36.72102
-90.1133,44.37934
-90.11181,36.7182
-90.11149,37.05988
-90.1103,36.03756
-90.10995,37.01228
-90.10988,34.77064
-90.10972,37.02218
-90.10972,37.02528
-90.10586,36.70789
-90.10461,34.73133
-90.10362,40.98707
-90.10268,36.04282
-90.10185,36.70994
-90.10175,29.68531
-90.10157,36.69254
-90.10141,36.70504
-90.10135,34.77937
-90.1009,38.6011
-90.0995,35.86522
-90.09563,36.72593
-90.09349,38.70746
-90.0928,32.41584
-90.09238,37.02211
-90.09214,37.02544
-90.09154,35.33786
-90.09153,38.6955
-90.09107,43.36412
-90.09085,43.62
-90.08699,43.03195
-90.08546,40.3058
-90.08542,37.03942
-90.08499,36.34535
-90.08452,37.03033
-90.0845,35.09495
-90.08404,40.00385
-90.08347,38.5831
-90.08313,32.42322
-90.0799,46.0819
-90.07701,43.79917
-90.07692,35.368
-90.07684,45.92368
-90.07521,34.73602
-90.07348,45.95511
-90.07295,32.45057
-90.07279,39.95522
-90.06956,38.68405
-90.06955,37.14788
-90.06945,40.29306
-90.06859,47.93401
-90.06714,40.3001
-90.06708,40.30124
-90.06705,40.30236
-90.06651,41.63854
-90.06602,32.39614
-90.0659,40.30569
-90.06563,40.30618
-90.06523,32.39434
-90.0649,46.17084
-90.06443,46.16364
-90.06083,39.99531
-90.06029,30.3497
-90.05781,35.14809
-90.05766,35.14815
-90.05754,35.1482
-90.05739,35.14827
-90.05693,48.05432
-90.05673,48.05326
-90.05672,35.14993
-90.05662,35.15075
-90.05584,43.92978
-90.05561,46.16884
-90.05553,46.3386
-90.05245,40.57703
-90.05187,43.93004
-90.05157,35.15819
-90.04845,43.14815
-90.04805,46.66616
-90.04748,32.38769
-90.04721,46.66607
-90.04449,43.92777
-90.04325,32.38855
-90.03669,32.39267
-90.03667,32.39261
-90.03264,43.91525
-90.03204,32.38241
-90.02817,37.1034
-90.02811,43.90919
-90.02704,32.39254
-90.02605,32.38862
-90.0235,43.90705
-90.02177,32.41716
-90.02176,32.41726
-90.01711,44.04777
-90.01584,30.04103
-90.01495,39.60526
-90.01386,46.39035
-90.01378,46.39035
-90.0123,43.53085
-90.01142,45.96457
-90.01079,29.79986
-90.00882,29.74527
-90.00788,43.90214
-90.00742,29.80916
-90.00559,29.81822
-90.00287,29.82666
-90.00099,45.97255
-89.99982,37.64382
-89.99861,34.70491
-89.99773,40.39038
-89.99619,45.89547
-89.99575,29.8321
-89.99506,43.93039
-89.9942,46.23675
-89.99387,45.95898
-89.99076,41.43914
-89.98996,34.72256
-89.98621,29.70943
-89.98363,29.70142
-89.98341,44.15313
-89.98309,42.77133
-89.98215,29.85467
-89.98127,29.85461
-89.97935,44.01398
-89.97841,29.84795
-89.97584,29.69236
-89.97533,39.21132
-89.97481,39.05181
-89.97336,29.70009
-89.97292,29.86081
-89.97231,32.51985
-89.97218,42.76848
-89.97117,37.8352
-89.96955,29.68458
-89.96919,46.10161
-89.9671,42.76308
-89.96703,29.68023
-89.96618,44.11759
-89.96477,29.67567
-89.96391,29.68469
-89.96312,29.67061
-89.96254,36.24359
-89.96203,29.66343
-89.96134,29.26264
-89.96129,29.26267
-89.96117,41.84619
-89.96039,43.9929
-89.95986,38.076
-89.95945,38.58478
-89.95928,43.99361
-89.95885,46.1904
-89.95849,46.20416
-89.95806,38.0434
-89.95797,43.99234
-89.95747,30.54594
-89.95554,44.12065
-89.95368,43.86488
-89.94941,37.98712
-89.94921,38.73018
-89.9492,46.4776
-89.94868,43.93027
-89.94699,29.8781
-89.94615,37.87869
-89.9455,43.96894
-89.94443,29.871
-89.94421,44.17077
-89.94343,37.97969
-89.94216,43.92438
-89.9421,29.63765
-89.94057,43.92197
-89.94034,38.91969
-89.94016,38.91982
-89.93861,46.48409
-89.93675,43.91763
-89.93657,38.09432
-89.93653,47.85094
-89.93619,32.50518
-89.93603,29.6352
-89.93579,43.9186
-89.93545,45.71341
-89.93537,47.98699
-89.93516,43.91936
-89.93453,43.91597
-89.93416,45.70337
-89.93302,32.50643
-89.93256,32.50325
-89.93252,32.50313
-89.93158,41.67288
-89.93153,43.92054
-89.93091,34.94841
-89.92977,32.50539
-89.92967,32.50535
-89.92863,32.50526
-89.92848,30.01236
-89.9282,32.50602
-89.92672,45.89291
-89.92493,33.02725
-89.92377,35.65445
-89.92087,46.30382
-89.92082,46.30377
-89.91882,45.89566
-89.91846,45.89574
-89.91808,29.62508
-89.91739,29.63254
-89.91666,32.50202
-89.91594,35.75538
-89.91234,42.57914
-89.91186,45.85615
-89.90997,45.97066
-89.90964,29.61915
-89.90814,41.40912
-89.90743,37.71718
-89.90164,43.18678
-89.90123,29.62189
-89.89946,34.15853
-89.89909,34.15877
-89.89882,44.74695
-89.89875,40.50868
-89.8987,34.13158
-89.89818,45.92427
-89.89756,34.13264
-89.89707,38.2367
-89.89204,29.61715
-89.89147,38.17143
-89.89092,34.13043
-89.89076,42.18411
-89.88997,34.13697
-89.88924,40.47453
-89.88859,45.88355
-89.88812,45.86142
-89.88721,42.75562
-89.88644,34.1641
-89.88627,38.19908
-89.88572,38.3206
-89.88548,46.14559
-89.88503,38.3212
-89.88241,38.19086
-89.88127,29.60755
-89.87763,29.61182
-89.87107,29.60393
-89.87066,42.70188
-89.8697,42.69974
-89.86887,30.6369
-89.86673,29.60295
-89.86524,45.94995
-89.86448,30.59153
-89.86413,42.81025
-89.8635,45.44774
-89.86182,42.16532
-89.86166,40.53733
-89.86122,29.60213
-89.856,42.80926
-89.85571,44.21018
-89.85543,34.15959
-89.85348,30.07824
-89.8519,44.74047
-89.85144,39.24369
-89.84993,29.60513
-89.84937,29.59972
-89.84877,30.07761
-89.84802,30.70331
-89.8478,45.75644
-89.84591,45.71591
-89.84539,45.71291
-89.84479,37.28157
-89.84368,35.62909
-89.8417,34.12648
-89.84142,37.21324
-89.84062,32.59395
-89.83981,32.59497
-89.83908,34.13664
-89.83757,35.13989
-89.83618,30.06959
-89.83529,44.73564
-89.83517,29.59389
-89.83386,45.45349
-89.83367,44.20559
-89.83347,44.737
-89.83177,40.54367
-89.82936,37.89975
-89.82562,34.16285
-89.82019,29.58469
-89.81902,45.44462
-89.81533,43.97647
-89.81094,43.57021
-89.81046,42.57948
-89.8104,41.75043
-89.81002,43.23942
-89.80641,43.68305
-89.80475,44.05994
-89.8044,46.06982
-89.80414,46.17647
-89.80319,34.40678
-89.80109,29.58011
-89.80101,41.40003
-89.80067,35.80325
-89.79811,35.78218
-89.7944,45.47904
-89.79392,46.31952
-89.79296,46.21037
-89.79114,41.43238
-89.79108,38.3801
-89.79035,45.44855
-89.7897,46.33044
-89.78965,30.57062
-89.78933,35.81694
-89.78673,45.30387
-89.78656,30.21521
-89.78624,43.59027
-89.78617,43.59031
-89.78431,43.62463
-89.78354,30.27839
-89.78329,43.6062
-89.78095,46.35208
-89.78035,32.59123
-89.78031,30.45632
-89.77874,43.60647
-89.77856,34.39538
-89.77856,46.28243
-89.77759,30.4552
-89.77553,46.34547
-89.77472,40.55402
-89.7743,46.14463
-89.77418,43.63366
-89.77411,29.55151
-89.77349,43.61921
-89.77234,43.6342
-89.77183,43.60513
-89.77132,42.58398
-89.76981,46.22401
-89.76918,29.54379
-89.76904,43.60261
-89.76875,29.54416
-89.76753,41.56942
-89.76665,46.29364
-89.76659,34.14493
-89.76548,43.60225
-89.76511,43.60219
-89.76214,43.60296
-89.76202,43.60293
-89.75979,33.79925
-89.75858,43.23894
-89.7582,44.73133
-89.75641,45.48187
-89.75325,46.18669
-89.74816,45.54208
-89.74785,45.539
-89.74513,44.3643
-89.74367,45.47467
-89.74361,45.47468
-89.74358,33.80579
-89.74356,45.47469
-89.74348,45.4747
-89.74307,33.80069
-89.74256,45.44554
-89.7416,45.46888
-89.74116,43.02167
-89.74067,45.52162
-89.73962,30.54017
-89.73841,43.41453
-89.73827,45.52642
-89.73759,43.41268
-89.73757,43.41263
-89.7372,44.4505
-89.73566,42.4309
-89.73513,35.22923
-89.72869,45.44262
-89.72829,43.4263
-89.7282,45.44363
-89.72816,46.07553
-89.72807,45.47867
-89.72751,43.29918
-89.72748,43.29911
-89.72732,45.8764
-89.72662,35.23492
-89.72657,43.29775
-89.72091,45.80517
-89.72062,45.84457
-89.72008,29.53526
-89.71753,43.32773
-89.71566,38.18458
-89.71464,41.39664
-89.71387,45.87042
-89.71379,45.87036
-89.71156,46.34459
-89.71082,29.5037
-89.71029,45.868
-89.70977,46.23404
-89.70874,45.86685
-89.70867,42.37261
-89.70812,44.72013
-89.7071,44.79867
-89.70693,30.30274
-89.70687,44.71876
-89.70681,44.79805
-89.70644,30.30306
-89.70625,35.85116
-89.70587,45.8698
-89.70584,46.16906
-89.70237,36.23259
-89.70088,40.53871
-89.70072,41.7828
-89.69721,29.4965
-89.69583,46.00619
-89.69532,38.76879
-89.69398,41.78289
-89.69217,43.35072
-89.69001,47.95602
-89.68995,47.95637
-89.68989,41.75793
-89.68916,44.67447
-89.68738,43.35957
-89.68721,44.70243
-89.6837,41.78586
-89.68231,36.25982
-89.68031,45.98347
-89.67982,33.83909
-89.6786,45.85482
-89.67782,30.22648
-89.67693,39.7115
-89.67686,39.71157
-89.6762,41.78691
-89.67416,46.23721
-89.67353,46.3584
-89.67348,45.87198
-89.67144,29.47285
-89.67005,41.7899
-89.66935,43.37247
-89.6668,39.67726
-89.66069,46.25866
-89.65617,46.13222
-89.65538,40.57444
-89.65508,46.02171
-89.65475,46.26777
-89.65355,40.57237
-89.65259,47.96247
-89.65217,40.61019
-89.65174,36.19391
-89.65154,43.29167
-89.65144,43.29186
-89.64952,43.29249
-89.64883,34.31422
-89.64744,44.67231
-89.64729,33.82752
-89.64709,39.68666
-89.64664,45.86536
-89.64661,46.06315
-89.64607,34.32174
-89.64598,35.88267
-89.64595,35.88267
-89.6441,36.31237
-89.64262,36.31244
-89.64137,44.58372
-89.63996,44.92645
-89.63921,44.93753
-89.63888,37.18762
-89.6388,44.93767
-89.63789,43.35136
-89.63751,43.3516
-89.63748,46.82128
-89.63743,45.82769
-89.63448,43.18921
-89.63434,45.88915
-89.63411,41.78073
-89.63189,44.93984
-89.63164,43.3521
-89.63157,43.35886
-89.63145,44.96678
-89.63085,30.28032
-89.63032,46.03404
-89.63,44.9794
-89.62944,46.00841
-89.62933,40.59341
-89.6292,45.88285
-89.62914,30.28162
-89.6291,44.95319
-89.62908,44.95317
-89.62323,46.54929
-89.622,44.9842
-89.61876,44.9015
-89.61837,44.90656
-89.61671,42.30215
-89.61579,30.24783
-89.61478,39.70321
-89.61449,39.70268
-89.61347,44.91553
-89.61343,46.0058
-89.61243,40.66469
-89.612,37.72082
-89.6117,40.66551
-89.61047,45.99952
-89.61007,44.91633
-89.60998,30.35538
-89.60977,40.649
-89.60977,40.6492
-89.60779,46.25661
-89.60617,46.24021
-89.60608,29.3876
-89.60605,29.38774
-89.60473,37.06431
-89.60458,39.19953
-89.60455,39.19891
-89.60423,29.38573
-89.60387,29.3852
-89.60387,46.11919
-89.60339,33.8299
-89.6033,48.69279
-89.60284,44.4649
-89.60232,29.38669
-89.60194,29.38648
-89.60176,39.18945
-89.60163,39.18942
-89.60126,48.42263
-89.60113,29.38563
-89.59996,29.38609
-89.59944,29.38616
-89.59929,29.38666
-89.59884,44.53036
-89.59877,44.53032
-89.59869,46.05371
-89.59569,44.52697
-89.59513,43.86183
-89.59377,39.76182
-89.5931,39.72663
-89.5928,39.72607
-89.59034,36.37236
-89.59032,45.8679
-89.5902,36.37233
-89.58996,40.58763
-89.58815,40.68374
-89.58812,46.05662
-89.58516,45.84649
-89.58445,33.82842
-89.58244,43.3578
-89.57432,40.79285
-89.57431,40.79248
-89.57335,46.58908
-89.57249,46.58936
-89.57238,40.69944
-89.57213,46.28303
-89.57111,40.70082
-89.57025,40.70195
-89.57004,46.83096
-89.56559,46.45588
-89.56523,37.24483
-89.56443,43.77619
-89.56267,43.88723
-89.55951,45.98954
-89.55756,40.71244
-89.55737,40.71323
-89.55641,43.88891
-89.55524,44.49407
-89.55523,36.5779
-89.55493,44.49172
-89.55352,29.37184
-89.55302,40.74008
-89.5511,46.40969
-89.55073,44.50443
-89.54694,40.69188
-89.54654,40.69276
-89.54517,43.38684
-89.54405,42.94903
-89.54351,48.0202
-89.54324,37.56683
-89.54244,43.39922
-89.54102,45.59309
-89.54019,45.88038
-89.53851,42.97946
-89.53794,40.7094
-89.5341,48.67911
-89.53395,40.74664
-89.53338,36.5827
-89.53335,42.86645
-89.53294,40.74854
-89.53219,46.16944
-89.53205,46.47326
-89.53157,37.99284
-89.52442,40.82624
-89.52407,45.61673
-89.52227,43.39172
-89.52206,40.82865
-89.521,37.65169
-89.51469,43.98099
-89.51389,37.84675
-89.51273,37.31528
-89.51017,29.35201
-89.50945,48.04424
-89.50897,37.83847
-89.50893,45.94367
-89.50615,37.63004
-89.50456,37.99364
-89.50423,37.97842
-89.50359,37.99476
-89.50075,44.57807
-89.49913,38.02984
-89.49903,41.84394
-89.49876,44.12744
-89.49649,38.00178
-89.4952,46.0766
-89.49391,45.58721
-89.49297,46.27152
-89.49052,37.56781
-89.4886,37.84132
-89.48729,40.90827
-89.48633,42.79996
-89.48561,46.06223
-89.48462,46.06225
-89.48456,46.20381
-89.48357,40.91367
-89.48353,43.09403
-89.48328,43.10408
-89.48307,41.89
-89.48299,41.88976
-89.48262,40.91531
-89.48213,40.91642
-89.48202,38.02554
-89.48111,39.18778
-89.47908,42.7702
-89.47492,46.03192
-89.47428,41.85127
-89.47321,43.55228
-89.47196,39.2275
-89.47013,43.10854
-89.46996,43.08107
-89.46688,46.02531
-89.46331,37.21964
-89.46187,37.45472
-89.46149,43.53725
-89.46084,46.20336
-89.46035,29.35495
-89.45985,39.63752
-89.45958,43.0814
-89.4512,43.78726
-89.4507,43.08472
-89.44915,48.07295
-89.44763,31.37231
-89.44719,46.18734
-89.44706,36.38436
-89.44309,46.24689
-89.44281,42.73369
-89.44112,36.10067
-89.43973,42.71005
-89.43804,42.70706
-89.43768,36.37665
-89.4375,36.37643
-89.43681,44.71802
-89.4359,38.01703
-89.43527,36.37497
-89.43349,43.13019
-89.43231,38.00774
-89.4317,36.36748
-89.42829,37.62541
-89.42682,43.05489
-89.4265,43.05514
-89.42643,44.00413
-89.42575,45.62947
-89.42497,43.08033
-89.42151,38.00577
-89.42032,36.35195
-89.42022,44.19562
-89.41552,41.02458
-89.41528,45.65075
-89.41524,41.02511
-89.41509,37.7981
-89.41486,43.77507
-89.41482,37.80493
-89.41412,37.79872
-89.41231,37.6832
-89.41175,37.67412
-89.41052,46.26181
-89.40767,43.14876
-89.40766,43.14975
-89.40732,43.15246
-89.40697,43.14778
-89.40689,43.15091
-89.40668,43.15205
-89.40639,43.15241
-89.40635,38.01371
-89.40588,43.15156
-89.40565,42.58614
-89.4054,43.15203
-89.40512,43.15106
-89.40497,37.80423
-89.40374,38.03071
-89.4034,43.15046
-89.40328,38.01419
-89.40292,38.92673
-89.40246,43.15014
-89.40171,38.02578
-89.4013,35.97656
-89.40049,29.32582
-89.39996,42.45541
-89.3983,38.03269
-89.39743,42.64431
-89.39728,43.07698
-89.39661,38.10001
-89.3966,36.35534
-89.39587,43.67183
-89.39413,43.68967
-89.39271,43.06346
-89.39165,38.92626
-89.39134,46.22974
-89.38764,40.12538
-89.38757,45.85734
-89.38745,42.62575
-89.38551,43.54145
-89.38317,43.15366
-89.38307,43.97918
-89.37979,41.95201
-89.3793,37.77581
-89.37842,43.05527
-89.37753,43.0556
-89.37743,43.05553
-89.37732,43.05547
-89.37647,43.12516
-89.37625,43.07469
-89.37552,43.12411
-89.37045,45.84484
-89.37023,43.09533
-89.36617,41.97448
-89.36567,31.39584
-89.36516,46.32442
-89.365,37.13503
-89.36462,29.24063
-89.3633,49.15361
-89.36297,29.28961
-89.36081,37.36942
-89.36076,29.26195
-89.36047,29.2851
-89.36047,29.28546
-89.36028,29.28544
-89.35881,29.26091
-89.35813,38.6091
-89.35799,38.62688
-89.35764,46.24412
-89.35638,38.61159
-89.35605,38.27465
-89.35571,38.27882
-89.35536,41.10798
-89.35471,30.33896
-89.35454,29.26788
-89.35451,29.26648
-89.3543,44.77957
-89.3542,29.26718
-89.35345,29.26213
-89.35336,29.26532
-89.35324,29.26602
-89.35321,29.26383
-89.35282,29.26859
-89.35234,37.75387
-89.35222,29.26981
-89.35165,41.11045
-89.3512,41.11072
-89.34963,43.05631
-89.34848,41.25279
-89.34818,44.32512
-89.34776,41.2547
-89.34743,38.65147
-89.34727,38.6563
-89.34652,44.81209
-89.34572,46.33269
-89.34563,44.60177
-89.34462,29.2783
-89.34138,42.54243
-89.33947,43.00017
-89.33813,38.65407
-89.3377,43.0719
-89.33761,43.07187
-89.33742,43.0503
-89.33723,38.64371
-89.33706,38.64266
-89.33701,38.64328
-89.33675,43.04903
-89.33667,43.04859
-89.33541,36.63541
-89.33431,43.09018
-89.33426,43.09027
-89.33424,43.09036
-89.33355,43.01327
-89.33325,43.092
-89.33087,45.96603
-89.33085,48.62586
-89.33052,46.23877
-89.32969,43.78785
-89.32943,43.07523
-89.32938,43.04596
-89.32929,43.04594
-89.32925,42.01584
-89.32883,43.02645
-89.32767,30.30204
-89.32756,29.26307
-89.32746,37.14941
-89.32732,31.61963
-89.32703,37.10846
-89.32687,44.46855
-89.32659,30.3246
-89.32492,37.11363
-89.32323,42.34802
-89.32288,30.31055
-89.32217,45.60902
-89.32084,46.86951
-89.31989,38.66322
-89.31987,38.66349
-89.31967,44.31628
-89.31929,46.86913
-89.31887,36.70361
-89.31854,38.67754
-89.31716,38.61792
-89.31501,31.55394
-89.31382,38.6159
-89.31127,48.1948
-89.31082,36.71348
-89.30711,43.00699
-89.307,46.1556
-89.30619,31.34945
-89.30554,42.51887
-89.30492,44.03553
-89.30479,44.03111
-89.30337,36.72498
-89.3016,43.00715
-89.30143,37.62138
-89.30116,44.03319
-89.30104,43.00185
-89.29668,31.11513
-89.29486,48.35406
-89.29284,38.72394
-89.29073,38.71076
-89.29027,29.20886
-89.28796,45.90409
-89.28749,46.24889
-89.28687,36.61184
-89.28221,42.30524
-89.28176,40.70705
-89.28148,46.33601
-89.28026,31.34281
-89.27993,40.70321
-89.27795,35.98436
-89.27693,46.53439
-89.27492,41.06389
-89.27307,30.35701
-89.27305,38.73306
-89.27298,38.73313
-89.2729,38.7385
-89.27151,37.66614
-89.27016,38.74622
-89.26753,38.65474
-89.26318,42.98201
-89.26005,42.9494
-89.25996,36.58814
-89.25969,45.91713
-89.25829,39.5293
-89.25721,38.77005
-89.25712,44.03104
-89.25679,38.76968
-89.25514,38.31743
-89.255,38.31774
-89.25403,31.07116
-89.25386,38.3187
-89.25315,38.31859
-89.25258,42.12389
-89.25096,44.02473
-89.24949,30.31284
-89.24933,42.47332
-89.24851,46.45111
-89.2461,48.37666
-89.24002,42.4592
-89.23986,45.91949
-89.23813,42.97139
-89.23615,45.50431
-89.23614,45.50436
-89.23469,38.69589
-89.23458,38.69592
-89.23337,38.6935
-89.23327,38.6963
-89.23317,38.69268
-89.23184,30.37839
-89.2312,48.37672
-89.23112,48.36374
-89.23051,48.37614
-89.23026,46.68785
-89.23007,46.23005
-89.22951,45.95076
-89.22932,37.69957
-89.22891,35.2176
-89.2288,46.38032
-89.22684,31.26048
-89.22415,42.96967
-89.22195,37.70921
-89.22186,37.709
-89.22084,48.42572
-89.21941,48.43086
-89.21929,48.43102
-89.21625,46.1974
-89.21564,48.43186
-89.21525,38.76698
-89.20735,36.61465
-89.2064,46.14064
-89.206,45.94033
-89.20318,42.94032
-89.20303,45.48966
-89.20125,45.89514
-89.20061,45.93565
-89.20026,41.31457
-89.20002,45.93443
-89.19801,46.17277
-89.19791,38.71854
-89.19692,45.92382
-89.19582,45.923
-89.19519,45.92105
-89.1942,45.92225
-89.19343,38.79712
-89.19337,38.74137
-89.19184,43.76606
-89.18247,48.45191
-89.18113,42.78496
-89.18027,45.92183
-89.17994,45.92105
-89.17956,38.83972
-89.1791,45.92065
-89.17698,45.89646
-89.17634,46.27475
-89.1755,43.7664
-89.17523,46.22591
-89.17362,46.38489
-89.17225,42.82641
-89.17173,44.14823
-89.17011,44.33262
-89.16768,45.58162
-89.16537,37.00238
-89.16527,37.00227
-89.16471,37.00189
-89.16459,44.00921
-89.16446,37.00169
-89.16403,37.00142
-89.16236,46.05459
-89.16188,45.9813
-89.16104,36.49628
-89.15796,43.81434
-89.15659,44.16917
-89.15658,31.42334
-89.14804,37.73371
-89.14794,46.13802
-89.14528,37.71563
-89.145,43.74892
-89.14343,39.00946
-89.14324,43.74959
-89.14264,37.64747
-89.14257,37.73784
-89.14253,37.73835
-89.1419,37.73301
-89.14184,37.64321
-89.14167,37.73681
-89.14156,46.20194
-89.14134,37.64291
-89.14082,37.64306
-89.13956,43.74997
-89.13846,37.73921
-89.13444,37.74096
-89.13411,43.74961
-89.1325,37.64198
-89.13108,35.30116
-89.12856,46.17499
-89.12824,39.16271
-89.1279,46.33649
-89.12688,36.96394
-89.1258,41.32196
-89.12447,43.79238
-89.12216,36.91196
-89.12025,36.26891
-89.11776,37.74451
-89.11762,46.15947
-89.11335,36.76368
-89.10773,37.73431
-89.10677,37.64357
-89.10297,37.70105
-89.10154,46.05746
-89.09854,42.25703
-89.0957,46.26942
-89.09465,36.96454
-89.08973,37.73772
-89.08868,37.62594
-89.08865,30.36518
-89.08865,44.3469
-89.08811,37.73541
-89.08718,37.73509
-89.08548,42.45033
-89.08408,46.40489
-89.08389,37.29104
-89.08288,46.26585
-89.0817,37.29056
-89.07904,42.28195
-89.07358,46.1235
-89.07315,43.17317
-89.07053,46.21444
-89.06843,42.32577
-89.06785,42.32578
-89.06774,43.80557
-89.06735,42.32578
-89.0653,43.78444
-89.06182,43.80739
-89.05923,42.35679
-89.05832,42.73102
-89.05822,37.71144
-89.05303,37.29707
-89.04786,46.25102
-89.04622,42.38752
-89.04599,42.38717
-89.04589,42.38675
-89.04144,43.39083
-89.04115,43.39549
-89.04003,42.81768
-89.03933,42.71105
-89.03929,42.59649
-89.03827,43.80956
-89.03803,42.52023
-89.03705,42.51886
-89.03574,42.5256
-89.03523,43.40048
-89.03506,43.39699
-89.03222,42.69319
-89.0287,39.82455
-89.02346,42.83046
-89.02202,37.30621
-89.02143,37.70761
-89.01817,42.82922
-89.01813,39.82543
-89.01546,42.67244
-89.01539,42.40362
-89.01527,42.40373
-89.01503,42.40448
-89.01491,43.81896
-89.01436,35.15053
-89.00925,38.17369
-89.00835,43.34311
-89.00665,41.32705
-89.00613,41.32699
-89.00219,38.21329
-89.00188,38.13822
-88.9987,38.17951
-88.9981,38.17771
-88.99808,38.17766
-88.99772,43.73508
-88.99752,38.06472
-88.99742,38.06467
-88.99605,38.56019
-88.99604,38.09767
-88.99511,38.19815
-88.99271,30.40853
-88.99239,30.4089
-88.9911,38.0594
-88.99105,38.05949
-88.99073,43.7309
-88.98541,46.23912
-88.98481,42.79855
-88.98471,38.03873
-88.98468,38.03878
-88.98206,42.34402
-88.98199,42.34408
-88.98165,41.32355
-88.98078,42.3513
-88.98056,46.9983
-88.97912,37.65653
-88.97859,30.41944
-88.97641,43.74246
-88.97404,42.84322
-88.97401,38.15466
-88.97347,42.2111
-88.96274,43.84798
-88.96165,42.35253
-88.96142,35.05276
-88.96124,43.84331
-88.96109,39.82911
-88.96029,46.35363
-88.95913,43.95279
-88.95845,43.95281
-88.95747,42.23044
-88.95621,43.81735
-88.95594,43.32625
-88.9543,30.41061
-88.95425,37.67744
-88.95242,38.0883
-88.95222,38.08728
-88.95214,38.05498
-88.95203,38.05499
-88.95093,42.18024
-88.94914,43.97991
-88.9481,43.81447
-88.94671,38.03797
-88.94647,37.60953
-88.94207,38.12104
-88.94201,38.12106
-88.94069,37.62351
-88.94024,37.62317
-88.94019,38.12156
-88.94017,41.31117
-88.93991,46.75282
-88.93951,38.12137
-88.93909,38.19886
-88.93808,43.06986
-88.93634,43.83608
-88.93628,37.62145
-88.93608,37.62204
-88.93552,43.22216
-88.93435,37.61802
-88.93427,37.61822
-88.93307,40.65814
-88.93218,38.0764
-88.93208,38.07635
-88.93121,43.59548
-88.93013,39.82423
-88.92978,39.82503
-88.92884,46.08734
-88.92851,47.03623
-88.92741,43.82629
-88.92586,39.83113
-88.92581,39.83114
-88.92576,39.83115
-88.92571,39.83116
-88.92518,40.12364
-88.92463,43.06677
-88.92453,30.41813
-88.9239,38.08661
-88.9229,38.15378
-88.92232,38.17728
-88.92196,38.18859
-88.92159,35.24297
-88.91973,42.9087
-88.91917,38.1994
-88.91808,31.18169
-88.91541,43.04637
-88.91321,46.36063
-88.91163,46.66151
-88.90784,46.74163
-88.90764,38.05378
-88.90737,39.80708
-88.90643,38.11436
-88.90415,30.41171
-88.90079,46.20894
-88.89996,39.80285
-88.89728,45.55903
-88.89687,37.58713
-88.88933,30.392
-88.88899,39.84437
-88.88632,30.39178
-88.88446,46.17095
-88.88425,30.39165
-88.88304,46.38644
-88.88174,32.4763
-88.87968,43.49846
-88.87868,30.4109
-88.87833,43.1931
-88.87764,39.85664
-88.8774,39.86876
-88.87736,39.8688
-88.87732,39.86883
-88.87727,39.86887
-88.87706,42.8992
-88.87705,40.14802
-88.87532,46.83859
-88.87498,38.77242
-88.87359,37.58445
-88.87322,43.229
-88.86826,46.84564
-88.86796,42.91967
-88.86781,42.91954
-88.86548,39.88193
-88.86522,39.0237
-88.86498,39.02362
-88.86384,41.75317
-88.86262,41.74632
-88.85972,44.34314
-88.85936,30.38984
-88.85907,39.90693
-88.85716,46.85739
-88.85393,46.89121
-88.85043,46.04343
-88.84873,39.91347
-88.84737,43.47298
-88.84668,46.89499
-88.84616,41.34108
-88.84571,40.18784
-88.84477,37.20078
-88.84288,41.34308
-88.8428,45.42404
-88.84251,41.34318
-88.84236,37.2587
-88.84176,41.34132
-88.84134,46.83529
-88.83873,42.92886
-88.83673,44.12385
-88.83465,37.25153
-88.83231,41.3496
-88.82831,41.34962
-88.828,30.42002
-88.82679,42.94419
-88.82533,40.14608
-88.82532,41.34276
-88.82343,43.25811
-88.82327,30.40341
-88.82234,42.92497
-88.82128,40.22351
-88.81978,30.40554
-88.81915,48.33126
-88.81271,37.89363
-88.81209,43.00045
-88.81144,43.01153
-88.81132,43.00741
-88.81114,43.01121
-88.80991,46.36207
-88.80496,42.99538
-88.80398,32.49835
-88.80349,44.3731
-88.79479,43.07134
-88.7942,39.44413
-88.79363,30.39561
-88.79113,33.46304
-88.78583,41.34017
-88.78439,32.49207
-88.78363,39.40626
-88.78322,46.45356
-88.7821,46.04772
-88.78192,39.41975
-88.77917,42.91505
-88.77659,32.48027
-88.77643,39.41836
-88.77633,39.41833
-88.773,38.72619
-88.77192,44.62644
-88.77019,46.04328
-88.76899,44.16229
-88.76651,39.44167
-88.76645,39.44169
-88.7664,39.44172
-88.76635,39.44174
-88.76629,39.45154
-88.76624,39.44368
-88.76619,39.44367
-88.76593,46.07509
-88.76416,30.36053
-88.76346,46.50283
-88.75991,39.42937
-88.75982,39.42986
-88.7588,42.10277
-88.75874,39.42732
-88.75727,46.33996
-88.75627,46.55749
-88.75189,40.18348
-88.74748,30.89441
-88.7474,30.90356
-88.747,30.81561
-88.74271,30.90277
-88.74132,37.13993
-88.73757,37.14665
-88.73642,39.45263
-88.73552,30.83331
-88.73443,40.74748
-88.73348,30.81619
-88.73294,42.73095
-88.73219,30.81291
-88.73151,47.02906
-88.73088,42.83219
-88.73087,37.74927
-88.7301,46.04154
-88.72536,42.091
-88.72378,46.35215
-88.72344,35.63087
-88.7232,42.8285
-88.72278,40.41096
-88.72233,37.14156
-88.72144,46.4397
-88.72064,40.19723
-88.72053,46.39241
-88.71909,31.64993
-88.71888,46.46772
-88.71085,37.14222
-88.70979,32.03406
-88.70876,39.524
-88.70816,39.52177
-88.70688,37.76105
-88.70638,37.76123
-88.70593,42.25799
-88.70065,41.32047
-88.70023,46.06304
-88.69811,42.76841
-88.69805,37.75548
-88.69648,37.75371
-88.69581,32.10207
-88.69499,41.32207
-88.69463,39.46529
-88.69438,39.49371
-88.69278,39.46569
-88.69225,46.39636
-88.68858,45.1336
-88.68741,46.41753
-88.68697,31.85754
-88.68352,46.70995
-88.68334,31.68135
-88.68276,42.76822
-88.68043,37.77025
-88.67646,37.72291
-88.6724,46.36537
-88.6695,34.38997
-88.66804,34.39161
-88.66527,37.41451
-88.66478,44.05169
-88.66423,44.05168
-88.66283,37.65795
-88.66251,37.70415
-88.66234,45.11735
-88.65733,37.7232
-88.65043,31.64062
-88.64979,42.63767
-88.64957,45.48187
-88.64545,47.17419
-88.64412,45.26633
-88.63929,45.1416
-88.63905,43.45476
-88.63853,37.87
-88.63828,39.13976
-88.63701,37.12247
-88.63672,43.45342
-88.63605,44.36668
-88.63433,43.43389
-88.63106,43.44921
-88.63027,43.4412
-88.62952,42.74359
-88.62925,41.29902
-88.62829,44.88905
-88.62558,40.87703
-88.62518,39.54148
-88.62509,39.54156
-88.62485,39.54995
-88.62245,47.13913
-88.62152,47.13319
-88.62132,47.21676
-88.62063,44.77068
-88.61908,41.29762
-88.61811,46.77813
-88.61805,47.20832
-88.618,47.20828
-88.61747,41.30074
-88.61617,42.98585
-88.61196,43.56495
-88.60862,41.29988
-88.60826,42.26546
-88.60741,44.78449
-88.60665,41.29756
-88.60654,39.53723
-88.6063,39.53583
-88.60527,41.30014
-88.60153,37.73612
-88.59446,42.86221
-88.59303,37.08797
-88.59278,37.08755
-88.59198,43.50543
-88.59103,42.62457
-88.5872,46.254
-88.58609,39.55596
-88.58607,37.85255
-88.58592,46.13109
-88.5857,44.03592
-88.58547,46.90953
-88.58544,43.99855
-88.58512,44.03627
-88.58512,44.03679
-88.58508,46.35188
-88.58455,44.03675
-88.58134,37.85572
-88.57738,42.77086
-88.57533,47.1223
-88.57483,42.54833
-88.57474,42.54836
-88.57396,42.88172
-88.57327,42.54686
-88.57258,42.55054
-88.57242,46.61216
-88.57166,42.54976
-88.57151,47.12547
-88.57105,47.1253
-88.56821,44.79186
-88.5665,44.0365
-88.56645,44.03645
-88.56636,44.03632
-88.56632,44.03627
-88.56621,44.03613
-88.56617,44.03608
-88.56608,44.03595
-88.56604,44.0359
-88.56481,41.31953
-88.56384,44.79215
-88.56342,44.03569
-88.56295,44.03476
-88.56283,41.60923
-88.56282,30.36795
-88.5624,44.80914
-88.56205,30.34555
-88.56198,30.34561
-88.56189,30.34567
-88.56181,30.34573
-88.56096,30.37144
-88.56095,30.37155
-88.56078,44.02668
-88.56071,44.03147
-88.5598,44.02651
-88.55977,44.02582
-88.559,44.02486
-88.55721,38.08601
-88.55699,39.57414
-88.55668,38.08326
-88.55484,46.92948
-88.55462,44.02053
-88.55424,30.34783
-88.55384,44.02311
-88.5508,42.54766
-88.54977,44.01858
-88.54961,44.01557
-88.54829,37.47221
-88.54083,44.31307
-88.54039,42.57303
-88.53952,42.57197
-88.53937,42.57254
-88.53933,42.57659
-88.53929,42.57682
-88.53927,42.57717
-88.53916,42.57503
-88.53914,42.57404
-88.53913,42.57364
-88.53908,42.57302
-88.53904,42.57472
-88.53796,42.5782
-88.53733,42.57807
-88.53696,42.57842
-88.53674,43.99813
-88.5363,43.9967
-88.53624,42.57817
-88.53597,42.57848
-88.5359,42.57848
-88.53585,42.57848
-88.53578,42.57848
-88.53571,43.99172
-88.53486,44.00602
-88.53446,44.82564
-88.53422,43.0268
-88.53196,42.57772
-88.5319,46.32993
-88.52811,45.51456
-88.52668,41.6334
-88.52401,47.1726
-88.52193,47.02834
-88.52105,30.3407
-88.5207,30.34134
-88.51649,47.07695
-88.51608,44.01724
-88.51595,44.01758
-88.51549,46.0425
-88.5145,47.09056
-88.51432,46.42905
-88.51366,43.3119
-88.50984,44.24472
-88.50958,42.58714
-88.50909,46.99694
-88.50449,37.25488
-88.50319,42.98802
-88.50062,43.94655
-88.50002,46.75901
-88.49874,47.1138
-88.49808,46.54146
-88.4975,43.11187
-88.49731,43.11198
-88.49674,33.5664
-88.49527,46.11205
-88.49506,47.11466
-88.49455,46.03894
-88.49279,47.0111
-88.49079,47.08789
-88.49065,37.36881
-88.48854,37.34165
-88.48585,48.1479
-88.48543,46.77776
-88.48526,48.14569
-88.48385,46.77725
-88.48332,44.10528
-88.4828,41.83692
-88.48271,42.56383
-88.48232,42.59963
-88.48231,47.08727
-88.48189,33.52148
-88.48122,37.37174
-88.4768,34.00883
-88.47625,46.1976
-88.47623,43.15797
-88.47381,47.05464
-88.47176,42.56278
-88.47107,43.91248
-88.47069,42.56276
-88.47051,39.35719
-88.47037,44.20491
-88.47031,44.20494
-88.46761,43.89343
-88.46753,37.37323
-88.46707,44.22218
-88.46444,30.43193
-88.46289,47.09154
-88.4618,43.84403
-88.46045,47.00896
-88.45949,44.20132
-88.45891,43.10266
-88.45803,47.09131
-88.45667,46.75759
-88.4559,43.79502
-88.45505,44.21557
-88.45477,43.01364
-88.45459,43.79398
-88.45397,43.10859
-88.45201,46.11746
-88.45177,43.0132
-88.45031,44.19972
-88.45021,37.21729
-88.44959,44.18508
-88.44953,43.11188
-88.4495,44.18508
-88.44744,43.51618
-88.44668,37.51603
-88.44664,45.50127
-88.44611,44.17901
-88.4458,43.79444
-88.44575,43.13092
-88.44566,44.17578
-88.44564,44.17569
-88.44563,44.1756
-88.44081,41.64249
-88.43976,45.11616
-88.43971,44.19889
-88.4397,43.13574
-88.43961,43.13486
-88.43953,46.57749
-88.43843,46.98373
-88.43774,42.85786
-88.43712,44.20103
-88.43674,46.98879
-88.43639,43.05355
-88.43556,43.79595
-88.43555,43.7959
-88.4353,43.79748
-88.4351,42.85505
-88.43447,42.59038
-88.4338,42.58874
-88.43371,42.58866
-88.43199,43.0587
-88.43197,37.16581
-88.4296,43.52093
-88.42923,34.27382
-88.4282,47.1713
-88.42731,46.08984
-88.42591,43.79897
-88.42504,44.20394
-88.4238,44.20471
-88.42368,34.06352
-88.42256,44.20384
-88.42115,41.35449
-88.42076,44.25027
-88.42003,37.76045
-88.41954,44.25144
-88.41831,41.35467
-88.41744,35.66295
-88.41696,34.28736
-88.41664,37.16164
-88.41317,47.18053
-88.40947,47.18658
-88.40855,34.43227
-88.40738,43.0615
-88.40719,37.14229
-88.40566,43.12892
-88.40564,42.8057
-88.40563,43.12899
-88.4038,43.06277
-88.40356,46.14237
-88.40318,46.53106
-88.40297,30.41284
-88.40285,46.85111
-88.4024,38.05824
-88.39888,43.06441
-88.39863,46.16252
-88.39836,45.98061
-88.39779,44.25829
-88.39756,42.61401
-88.39669,37.67
-88.39482,41.67278
-88.3926,34.12663
-88.39257,47.17829
-88.39103,45.18031
-88.38429,43.05792
-88.38426,42.80836
-88.38418,44.26423
-88.38292,37.69181
-88.38166,41.7392
-88.38026,43.13659
-88.38006,43.06428
-88.38002,43.06466
-88.37999,43.06434
-88.37549,39.17375
-88.37436,43.31935
-88.37079,45.23299
-88.36346,44.20434
-88.36217,43.87345
-88.35843,37.73023
-88.35658,45.23974
-88.35396,37.06063
-88.35315,46.74846
-88.34976,43.06119
-88.3497,43.06108
-88.34461,42.41836
-88.34426,42.23358
-88.34399,37.41747
-88.34301,43.30852
-88.3412,43.312
-88.34096,43.31263
-88.33977,43.31497
-88.33714,42.85793
-88.33708,46.79193
-88.337,45.98044
-88.33646,46.79257
-88.33376,33.32296
-88.32901,41.74327
-88.32889,43.91642
-88.32871,44.07042
-88.32862,42.06928
-88.32822,42.18544
-88.32738,44.1041
-88.32732,44.10376
-88.32647,34.56323
-88.32557,41.36573
-88.32553,42.18485
-88.32552,46.32537
-88.32538,37.89863
-88.32277,45.8783
-88.32275,43.30957
-88.32078,46.09733
-88.32049,43.96625
-88.31855,41.92013
-88.31623,37.43908
-88.31595,41.75835
-88.31405,37.98002
-88.31352,41.32509
-88.31302,41.94364
-88.3114,41.86663
-88.30898,41.76983
-88.30887,37.43291
-88.30731,38.89336
-88.307,41.84516
-88.30695,43.14872
-88.30525,37.44448
-88.30519,37.44458
-88.30498,41.8811
-88.30477,45.36422
-88.30349,42.21978
-88.30299,42.21977
-88.30259,41.89134
-88.30216,42.2192
-88.30183,41.34405
-88.30176,41.8873
-88.30113,41.88833
-88.30059,45.38112
-88.30042,41.96968
-88.2958,44.27613
-88.2953,44.16671
-88.29499,41.63064
-88.29491,46.81669
-88.29459,44.16709
-88.29361,42.11455
-88.29339,35.71261
-88.29325,42.43087
-88.28995,43.06879
-88.28972,42.16673
-88.28899,42.04379
-88.28894,33.22902
-88.2884,42.16861
-88.28824,42.04062
-88.28569,36.99209
-88.28456,42.12543
-88.28359,36.96422
-88.28302,41.33008
-88.2817,42.10102
-88.28159,41.32696
-88.28086,42.03187
-88.27942,44.28217
-88.27862,41.39766
-88.27809,42.01802
-88.27741,47.16171
-88.27727,42.68367
-88.27695,41.31881
-88.27673,42.08811
-88.2762,42.09714
-88.27613,43.36074
-88.27482,42.96347
-88.27474,43.36105
-88.27451,37.61461
-88.27411,42.68405
-88.27293,41.31707
-88.27271,42.49758
-88.27251,43.37407
-88.27227,42.06782
-88.27224,43.37504
-88.27205,42.06928
-88.2714,42.06447
-88.27089,43.07637
-88.27077,33.16474
-88.27033,41.31621
-88.26986,35.06471
-88.26938,41.20705
-88.26924,45.36006
-88.26886,41.31575
-88.26786,42.68184
-88.26478,42.97771
-88.26439,33.07791
-88.26436,41.37759
-88.26336,41.17429
-88.26201,42.34279
-88.26191,35.22042
-88.26165,42.34376
-88.26027,35.22645
-88.25999,47.28677
-88.25989,42.34172
-88.25977,35.06607
-88.25972,42.22658
-88.25944,43.40234
-88.25938,42.34655
-88.25849,35.21941
-88.25793,46.0216
-88.2573,41.37463
-88.2569,44.28336
-88.25541,35.23327
-88.2549,42.34002
-88.25378,42.32707
-88.25352,42.52928
-88.25269,42.09937
-88.25251,37.45734
-88.25222,42.33849
-88.25028,34.9892
-88.24983,45.96315
-88.2496,44.27472
-88.24879,45.34485
-88.24864,45.34497
-88.24862,41.38555
-88.24776,41.38228
-88.2467,45.36333
-88.24666,41.36469
-88.24423,34.91688
-88.24351,41.17094
-88.24105,37.00067
-88.24007,37.00044
-88.23946,42.55268
-88.23815,46.07159
-88.23812,46.07148
-88.23809,47.18995
-88.23806,46.07053
-88.2379,47.19013
-88.23717,35.05235
-88.23653,42.68189
-88.23632,35.28725
-88.2363,35.05272
-88.23568,35.05293
-88.23526,35.05324
-88.23481,35.05332
-88.23442,35.05347
-88.23404,41.38376
-88.23393,35.05361
-88.23376,42.82352
-88.2333,46.87103
-88.23295,45.35357
-88.23264,35.05692
-88.23256,41.20269
-88.23242,35.05692
-88.23067,41.39175
-88.23064,41.18668
-88.23039,41.36215
-88.22909,43.36746
-88.22885,37.45757
-88.22766,41.15898
-88.22663,43.01582
-88.22616,37.02855
-88.22323,46.01533
-88.22316,42.81114
-88.22303,42.61849
-88.22116,46.55995
-88.2193,36.78201
-88.21906,42.81423
-88.2182,41.18712
-88.21794,41.182
-88.21778,36.91782
-88.21766,36.91868
-88.21757,41.3592
-88.21745,36.91785
-88.21727,41.35916
-88.21651,42.20447
-88.216,42.80937
-88.21563,46.06055
-88.21539,34.99371
-88.21418,42.77465
-88.21357,42.76193
-88.21349,43.39323
-88.21339,42.76525
-88.21317,42.76388
-88.21145,42.87698
-88.20937,42.76659
-88.20876,46.02314
-88.20844,41.24243
-88.20841,46.88695
-88.20822,41.28641
-88.20742,42.38434
-88.20736,42.38492
-88.20712,32.92879
-88.20668,42.41876
-88.2046,43.21974
-88.20365,45.14272
-88.20277,41.27495
-88.20273,37.46225
-88.20113,35.37565
-88.19924,35.08015
-88.19875,36.9876
-88.19869,36.96013
-88.1977,35.37278
-88.19673,42.2026
-88.1962,37.46109
-88.1961,41.21892
-88.19517,44.46395
-88.19315,42.27572
-88.19117,33.01663
-88.19117,45.15056
-88.18976,36.80412
-88.18974,46.54773
-88.18884,36.94745
-88.18875,45.33073
-88.18663,42.23878
-88.18567,46.60035
-88.18547,41.56047
-88.18473,41.67673
-88.18455,42.39471
-88.18373,36.80384
-88.18351,43.59973
-88.18314,46.82352
-88.18291,42.23696
-88.18289,43.43521
-88.18206,45.33179
-88.18129,45.30699
-88.18096,42.44657
-88.18092,42.44654
-88.18087,42.44649
-88.18082,42.44646
-88.18071,42.38938
-88.17906,45.29464
-88.1776,34.9921
-88.17621,43.66783
-88.17561,42.47722
-88.17484,42.85022
-88.17465,41.8338
-88.17435,36.94039
-88.17428,37.50371
-88.17328,43.41948
-88.17271,42.82558
-88.17202,45.89024
-88.17164,41.46493
-88.17071,42.54094
-88.16998,42.8352
-88.16995,43.66318
-88.16914,43.6891
-88.16868,43.69298
-88.16839,44.02444
-88.16838,43.693
-88.16661,44.0267
-88.16567,42.54965
-88.16533,37.4667
-88.16511,44.32469
-88.16267,37.46683
-88.16167,43.07807
-88.16094,44.87841
-88.16031,30.36855
-88.158,42.39569
-88.1576,43.61868
-88.1573,42.39662
-88.15591,42.39586
-88.15537,43.45217
-88.15469,42.55726
-88.15423,42.39338
-88.15402,42.81461
-88.15257,34.9599
-88.14947,44.87929
-88.14855,47.45894
-88.14853,46.17278
-88.14822,47.45936
-88.14817,36.90888
-88.14815,47.4594
-88.14701,44.87721
-88.14657,42.47807
-88.14579,47.35128
-88.14566,43.41963
-88.14556,42.52941
-88.14373,36.29882
-88.14321,42.4772
-88.14312,32.83291
-88.143,42.47733
-88.14281,31.75106
-88.14209,45.90295
-88.14172,41.71246
-88.14158,42.26166
-88.14123,42.9233
-88.14049,42.37873
-88.14042,39.45967
-88.14025,36.60725
-88.13999,42.2612
-88.1398,36.60709
-88.13813,42.47902
-88.13772,30.31154
-88.1376,42.26894
-88.13735,37.47216
-88.13722,42.70555
-88.13628,42.47817
-88.13551,43.66389
-88.13533,42.47683
-88.13505,36.61155
-88.13503,41.75434
-88.13457,36.64347
-88.134,42.84521
-88.13394,36.76116
-88.1334,37.6964
-88.13254,47.36291
-88.13172,36.60636
-88.12989,42.62872
-88.12984,36.64366
-88.12959,36.64407
-88.12678,30.34128
-88.12553,42.38136
-88.12493,30.60405
-88.12477,42.6962
-88.12402,46.59736
-88.12334,46.10647
-88.1224,36.32359
-88.12238,36.34693
-88.12207,46.52602
-88.12194,36.36869
-88.12182,37.69683
-88.12128,45.8095
-88.12094,36.59517
-88.1206,42.70979
-88.12039,36.36426
-88.12038,39.01779
-88.11867,36.59634
-88.11848,37.90732
-88.11839,39.02466
-88.11407,30.44488
-88.11329,36.72778
-88.11272,30.2635
-88.11236,30.59778
-88.10981,36.41597
-88.10946,36.27372
-88.10875,36.71799
-88.10868,36.77373
-88.10832,42.55585
-88.10736,36.71657
-88.10718,36.71712
-88.10676,30.58727
-88.10641,36.71597
-88.10574,34.88397
-88.10544,42.57146
-88.1049,34.88391
-88.10439,36.7114
-88.10437,34.88404
-88.10322,36.71032
-88.10298,30.78524
-88.10294,42.57731
-88.10291,30.78528
-88.10229,42.02772
-88.10173,36.70701
-88.10132,36.70612
-88.10049,42.56407
-88.10009,36.39318
-88.09991,37.068
-88.09917,36.70393
-88.09896,43.45944
-88.09834,36.23602
-88.09796,45.84941
-88.09772,36.70193
-88.09668,42.57433
-88.09611,36.69905
-88.09533,36.69381
-88.09519,36.69026
-88.09512,36.69068
-88.09446,41.71358
-88.09424,36.69699
-88.09393,37.89052
-88.0932,36.69511
-88.09284,36.68497
-88.09244,34.90139
-88.09223,45.78571
-88.09182,37.46734
-88.09144,36.68257
-88.09131,42.88128
-88.09024,37.06373
-88.08976,36.64549
-88.08949,30.56767
-88.08933,30.56878
-88.08911,30.56635
-88.08845,34.854
-88.0882,36.64555
-88.08764,36.64592
-88.08733,36.49733
-88.08715,37.03163
-88.08629,30.57324
-88.08612,30.56872
-88.08596,36.6418
-88.08563,34.76829
-88.08552,47.46097
-88.08503,30.57752
-88.08421,36.46548
-88.08363,36.44342
-88.08334,42.36881
-88.08286,45.87656
-88.0819,33.9502
-88.08169,30.25149
-88.08135,36.64295
-88.08005,43.07282
-88.07997,36.64334
-88.07978,36.65535
-88.07917,30.25126
-88.0783,36.29456
-88.07745,36.64346
-88.07673,36.4345
-88.07655,30.25016
-88.07647,30.25016
-88.07626,36.64531
-88.07318,30.78208
-88.07312,30.78202
-88.07265,45.85695
-88.07261,30.58173
-88.0686,44.45882
-88.0685,44.45886
-88.06501,44.44326
-88.06133,44.44376
-88.06108,44.44356
-88.06067,34.91345
-88.0603,46.29129
-88.05917,46.18658
-88.05882,30.82027
-88.05854,34.91615
-88.0568,46.62992
-88.05582,46.19476
-88.05532,44.85674
-88.05443,44.46362
-88.05433,44.46369
-88.05424,44.46375
-88.05408,44.46359
-88.05332,44.47301
-88.05215,42.34476
-88.05104,38.75897
-88.05002,46.53072
-88.0496,35.97655
-88.04945,44.8583
-88.04927,41.83061
-88.04897,44.4779
-88.04891,43.84914
-88.04824,45.83808
-88.04729,35.97065
-88.0463,43.84352
-88.04465,36.96635
-88.04176,47.47163
-88.04173,47.4697
-88.0415,46.2838
-88.04092,32.13609
-88.04055,36.48178
-88.04018,30.85495
-88.04012,47.47181
-88.03809,36.62567
-88.03486,46.27628
-88.03421,31.55869
-88.03272,36.49098
-88.03269,44.48201
-88.03251,31.56084
-88.02567,41.94456
-88.02544,35.68656
-88.02435,35.68691
-88.02402,36.51964
-88.0232,36.91103
-88.02295,43.36945
-88.02063,36.88242
-88.01989,47.36783
-88.01918,45.84295
-88.01848,37.00802
-88.01783,37.00789
-88.01778,44.51423
-88.01764,30.23163
-88.01753,30.23164
-88.01705,37.00774
-88.01683,47.38363
-88.01649,47.38402
-88.01647,47.38395
-88.01642,47.38398
-88.01636,47.36807
-88.01554,47.36798
-88.01509,46.20807
-88.01459,46.274
-88.01419,42.37464
-88.01405,36.85947
-88.01377,30.68721
-88.01349,45.19539
-88.01347,44.61428
-88.0129,36.85991
-88.0124,30.68636
-88.01176,35.99012
-88.01149,37.97991
-88.01058,42.36693
-88.00942,31.06579
-88.00496,30.68184
-88.00488,30.68184
-88.00345,44.53573
-88.00281,42.24989
-88.00175,36.38689
-88.00085,42.35496
-88.00081,42.34916
-87.99901,30.68122
-87.9987,44.53886
-87.99728,42.35487
-87.99655,36.79478
-87.99461,30.2335
-87.99361,46.52063
-87.99296,34.90141
-87.99098,42.34603
-87.98959,38.2575
-87.98911,31.25669
-87.98905,36.01772
-87.98867,45.97428
-87.9877,40.07476
-87.98763,40.06231
-87.98669,40.06749
-87.98631,38.22869
-87.9854,36.37003
-87.98485,38.25042
-87.98457,40.06213
-87.98365,43.22922
-87.98278,34.39802
-87.98024,35.54906
-87.9795,46.30044
-87.97851,43.23095
-87.97841,31.0879
-87.974,34.54007
-87.97307,34.45037
-87.97133,45.95314
-87.97035,38.06249
-87.96986,34.38607
-87.96715,46.02921
-87.96694,34.44883
-87.9669,41.6871
-87.96447,36.37633
-87.96446,41.69101
-87.96351,42.25972
-87.96247,42.24699
-87.96229,43.96653
-87.96202,35.94279
-87.95923,35.94654
-87.958,43.54838
-87.95719,43.23436
-87.95633,43.17773
-87.95513,43.02587
-87.95402,46.39914
-87.95155,41.86511
-87.94738,34.5223
-87.94657,36.30401
-87.94508,42.47274
-87.94463,34.83908
-87.94359,34.43911
-87.94228,42.01254
-87.94224,43.92144
-87.9419,38.12982
-87.94183,43.27992
-87.94129,45.89423
-87.94113,42.28992
-87.9403,36.15958
-87.93957,42.23964
-87.9393,37.77468
-87.93763,42.28861
-87.93572,45.91177
-87.93554,42.35363
-87.93506,30.67294
-87.93485,37.88402
-87.93388,41.70927
-87.93362,43.24451
-87.93089,30.66606
-87.9297,42.42848
-87.92968,35.87564
-87.92938,43.03279
-87.92931,43.0328
-87.92712,43.02865
-87.9264,43.02846
-87.92517,42.48908
-87.92382,34.36753
-87.91995,34.42146
-87.91774,42.3687
-87.91521,42.53613
-87.9151,36.61357
-87.91362,43.04628
-87.91358,43.04364
-87.91358,43.04472
-87.91337,43.04241
-87.91306,43.04546
-87.91302,43.04483
-87.91217,43.04092
-87.91124,43.03989
-87.91083,43.04931
-87.91077,43.03137
-87.9106,43.03432
-87.9101,43.03666
-87.90994,43.008
-87.90965,43.03682
-87.90936,34.41149
-87.90926,34.54535
-87.90892,43.03051
-87.90854,43.0502
-87.90737,46.02233
-87.90711,36.56346
-87.90705,41.8277
-87.9065,43.05313
-87.90647,44.5631
-87.90643,43.02875
-87.90629,43.02971
-87.90618,43.05284
-87.90583,34.51661
-87.90524,43.01011
-87.90509,36.55869
-87.90483,43.05448
-87.90477,41.69641
-87.90457,43.02688
-87.90415,43.02501
-87.90412,43.02507
-87.90297,43.01689
-87.90187,47.47167
-87.90157,43.05658
-87.90114,47.47206
-87.9007,34.35836
-87.89995,30.7929
-87.89761,42.01584
-87.8975,43.05685
-87.8968,43.05743
-87.89666,43.05746
-87.89614,43.03657
-87.89555,43.03465
-87.89533,30.86378
-87.89478,43.06797
-87.89469,43.0371
-87.89456,37.92847
-87.89111,43.04868
-87.89063,42.0829
-87.89012,30.23919
-87.88949,34.51926
-87.88856,37.92834
-87.88846,46.59182
-87.88622,44.88626
-87.88589,42.10095
-87.88485,43.04895
-87.88279,45.78303
-87.88275,43.05122
-87.88265,43.05124
-87.88252,43.05127
-87.8824,43.05129
-87.8823,43.05131
-87.88192,42.03697
-87.88189,42.99781
-87.88186,42.99589
-87.88179,42.99581
-87.88018,31.01592
-87.88003,45.26693
-87.8791,47.45567
-87.87691,32.55202
-87.87636,31.04431
-87.87626,47.46553
-87.87488,42.05279
-87.87406,30.95653
-87.87355,42.07163
-87.87006,31.06389
-87.86788,36.49039
-87.86633,45.3841
-87.86623,46.07225
-87.86566,43.38853
-87.86448,36.49473
-87.8643,36.49448
-87.86143,45.75411
-87.86123,34.75446
-87.85937,37.62122
-87.85726,34.31766
-87.85587,41.95411
-87.85547,36.04512
-87.85451,41.84698
-87.85404,31.18218
-87.85148,44.88598
-87.85134,37.57738
-87.85121,44.88548
-87.84952,45.4112
-87.8468,41.10167
-87.84623,44.88813
-87.8444,42.67713
-87.84308,44.61863
-87.84282,32.78084
-87.84281,42.90566
-87.84209,36.48994
-87.84129,41.82479
-87.84127,31.17699
-87.83944,31.13653
-87.83913,42.86698
-87.83901,42.86679
-87.83711,30.37659
-87.83709,30.37653
-87.83574,41.89863
-87.83297,46.06927
-87.83276,41.88853
-87.83236,42.3094
-87.83178,41.81792
-87.83151,38.29266
-87.8314,42.3086
-87.83138,38.3485
-87.83095,44.89433
-87.83064,45.34402
-87.83026,44.89508
-87.83016,44.89513
-87.82561,41.85088
-87.82434,42.36029
-87.8237,46.44096
-87.82323,42.75379
-87.8227,41.73531
-87.82202,42.35877
-87.82039,45.41667
-87.81997,42.09377
-87.81937,42.59121
-87.81849,42.25061
-87.81762,42.59263
-87.81756,45.74829
-87.81676,34.73289
-87.81625,42.58906
-87.81524,36.48977
-87.81462,46.08401
-87.81145,42.58343
-87.81078,46.657
-87.80787,39.44636
-87.80757,30.49374
-87.8055,42.48239
-87.80516,42.49377
-87.8039,42.48968
-87.80319,44.6379
-87.80308,44.63792
-87.80296,44.63794
-87.80288,41.67943
-87.8025,42.72299
-87.80225,42.48597
-87.80193,45.53994
-87.80006,30.47384
-87.79597,45.91968
-87.79595,42.72442
-87.79547,43.48482
-87.79356,43.49934
-87.79298,45.35416
-87.79166,42.73
-87.7915,42.7298
-87.79149,45.75267
-87.79005,42.14998
-87.78903,42.14435
-87.78884,42.14418
-87.787,42.19038
-87.78606,42.73293
-87.78587,42.04376
-87.78585,42.73274
-87.78563,42.73066
-87.78543,42.73216
-87.78364,37.8687
-87.78327,42.73394
-87.78321,37.86865
-87.7821,44.96279
-87.78143,45.6826
-87.78087,42.7332
-87.78012,42.73023
-87.77995,42.73411
-87.77958,42.7316
-87.77956,42.72835
-87.77941,42.72834
-87.77929,42.72833
-87.77923,42.73269
-87.77915,42.72831
-87.77903,42.7283
-87.7789,42.72828
-87.77754,42.73641
-87.77749,36.84075
-87.777,45.58786
-87.77599,42.73192
-87.77591,40.24229
-87.77474,34.28574
-87.77474,42.11352
-87.77225,40.23542
-87.77027,38.37812
-87.76494,43.72856
-87.76336,41.39375
-87.75788,45.44971
-87.75769,45.10891
-87.75598,41.66549
-87.75567,38.39982
-87.7535,38.40198
-87.75251,45.12954
-87.75239,46.60624
-87.75161,45.45467
-87.74976,36.45105
-87.74891,45.05586
-87.74803,30.28359
-87.74736,30.28313
-87.74626,30.28405
-87.74613,40.15508
-87.7457,46.18803
-87.74532,40.13753
-87.74519,38.41477
-87.74475,40.13594
-87.74435,45.04666
-87.7432,40.13232
-87.74147,40.14116
-87.74066,45.96473
-87.73929,40.15527
-87.73852,40.15129
-87.73814,40.1488
-87.73713,30.28145
-87.73696,40.20391
-87.73551,40.14863
-87.73395,30.28448
-87.73297,36.47176
-87.72991,30.30881
-87.72761,46.82637
-87.72727,46.82612
-87.72683,40.20898
-87.72565,43.75355
-87.72422,46.81375
-87.72369,43.91566
-87.71583,30.25508
-87.71575,30.25508
-87.71522,44.35821
-87.71377,39.34397
-87.7136,43.74515
-87.71348,35.83573
-87.71191,34.76703
-87.71068,42.01011
-87.71005,41.99292
-87.7099,42.0279
-87.70974,42.03145
-87.70583,41.97414
-87.70431,41.97343
-87.70379,34.83073
-87.70318,43.75157
-87.70275,34.26667
-87.70241,43.75044
-87.70169,45.38757
-87.70147,30.32297
-87.69805,44.74697
-87.69578,34.80406
-87.69523,41.94334
-87.69412,30.28046
-87.69099,41.93774
-87.6909,41.93733
-87.68766,39.63945
-87.68718,41.83679
-87.68656,41.83694
-87.68642,34.27999
-87.68628,44.1041
-87.68541,30.28096
-87.68442,34.2806
-87.68301,41.93332
-87.67628,45.97467
-87.67519,34.78921
-87.67435,34.78724
-87.67413,34.78522
-87.67378,34.78673
-87.6726,46.41956
-87.66745,45.13446
-87.66732,30.28095
-87.66666,36.40023
-87.66634,30.28042
-87.6659,30.25353
-87.66579,44.98873
-87.66457,33.11958
-87.66416,45.10793
-87.66379,41.84349
-87.662,34.32423
-87.66134,46.18703
-87.66088,36.39733
-87.66086,44.78667
-87.65994,41.65167
-87.6587,45.11556
-87.65798,41.90942
-87.65767,41.9068
-87.65657,44.97404
-87.65605,34.34622
-87.65592,36.57803
-87.65502,39.10905
-87.65424,41.9095
-87.65149,41.90633
-87.65092,34.33235
-87.65041,44.09752
-87.64991,44.09555
-87.64967,44.09554
-87.64921,45.36709
-87.64804,45.35339
-87.64103,38.59048
-87.64101,30.26358
-87.64057,38.59146
-87.63994,41.94631
-87.63913,33.01091
-87.63791,41.85484
-87.6373,45.10888
-87.63722,34.79212
-87.63542,41.94004
-87.63534,41.94011
-87.63508,41.93086
-87.63507,41.9308
-87.63477,41.87135
-87.63465,36.39718
-87.63465,41.8583
-87.63352,36.39438
-87.63285,41.92665
-87.63186,41.92367
-87.62962,30.29562
-87.62893,45.1027
-87.62888,34.28939
-87.62882,41.88787
-87.62876,41.88722
-87.62806,37.92154
-87.62804,37.92495
-87.6265,45.10113
-87.62553,45.04452
-87.62533,45.03372
-87.62393,30.34472
-87.62376,37.93509
-87.62361,45.10069
-87.62285,34.79192
-87.62151,45.1036
-87.62055,34.80798
-87.62027,45.10379
-87.61669,41.88801
-87.61665,41.88803
-87.61632,41.88151
-87.61624,41.88801
-87.6162,41.88799
-87.61518,45.71381
-87.61243,41.88314
-87.6124,41.86041
-87.6124,41.86045
-87.61239,41.86037
-87.61116,41.88791
-87.61054,39.28311
-87.60926,39.28317
-87.60853,33.34706
-87.60815,33.34706
-87.60804,33.34724
-87.60797,45.09533
-87.6078,41.65057
-87.60773,41.85409
-87.60765,33.34735
-87.6076,33.34778
-87.60758,33.34769
-87.60718,33.3471
-87.60539,41.89277
-87.60519,41.83456
-87.60513,41.83461
-87.60507,41.83467
-87.6044,45.10834
-87.60399,45.10734
-87.60133,41.64669
-87.5979,33.20959
-87.59771,33.20959
-87.59627,45.09313
-87.59127,45.09639
-87.59103,41.65005
-87.58999,41.64968
-87.5897,34.91312
-87.58938,45.08606
-87.58936,34.91323
-87.58935,41.64188
-87.58764,41.64284
-87.58665,46.26251
-87.58303,30.2719
-87.58,36.41445
-87.57871,37.86625
-87.57829,37.8789
-87.57645,41.77995
-87.57643,41.77991
-87.5755,44.14955
-87.5754,44.14949
-87.57459,30.27698
-87.57182,44.14704
-87.57161,39.05725
-87.57124,41.65521
-87.57093,34.84922
-87.57086,30.314
-87.57058,34.84961
-87.57037,34.85085
-87.56914,44.14515
-87.56784,44.14541
-87.56758,46.26608
-87.5675,30.28661
-87.567,30.31347
-87.56663,44.14559
-87.56612,34.86016
-87.5643,46.56484
-87.56429,30.28449
-87.56409,30.2849
-87.56395,30.28473
-87.56387,30.28441
-87.56374,30.2829
-87.56355,30.28467
-87.5635,30.28347
-87.56339,44.83482
-87.56328,30.28427
-87.563,41.64034
-87.56299,30.28332
-87.56168,41.64739
-87.56079,30.30266
-87.55986,44.84393
-87.55449,30.28401
-87.54875,30.27854
-87.54483,46.55951
-87.54338,34.84493
-87.543,38.49082
-87.54091,34.84272
-87.53914,30.31868
-87.53882,30.31879
-87.53856,30.31626
-87.53845,41.66403
-87.53564,41.6693
-87.53564,41.66954
-87.53561,45.20304
-87.53344,41.64086
-87.53339,30.32638
-87.5263,41.71695
-87.52619,41.16691
-87.52539,41.67393
-87.52538,41.70938
-87.52537,30.31053
-87.52496,33.30058
-87.52352,37.2731
-87.52124,41.67499
-87.52113,37.2667
-87.51978,38.69505
-87.51747,30.32083
-87.51089,33.26588
-87.51077,41.67007
-87.50988,41.69532
-87.50902,30.2856
-87.50726,41.69639
-87.50599,45.35762
-87.50482,30.28651
-87.50259,46.45974
-87.50256,44.46341
-87.4995,46.27048
-87.49901,44.46557
-87.4974,34.80234
-87.4968,46.25729
-87.49658,37.62164
-87.49433,46.22111
-87.49369,45.38758
-87.49282,30.28852
-87.49235,30.28813
-87.49032,46.22171
-87.4874,30.28946
-87.48637,30.29
-87.48513,30.29328
-87.47703,33.30823
-87.47695,33.30825
-87.4743,38.78128
-87.47213,46.57347
-87.47042,37.93016
-87.46466,38.0897
-87.46458,38.08959
-87.46405,37.18018
-87.46168,38.10739
-87.46143,38.07018
-87.4606,38.08875
-87.4583,41.17031
-87.45743,38.06541
-87.44603,38.09751
-87.44524,30.52336
-87.44491,44.61765
-87.44456,44.61784
-87.44297,30.52371
-87.44007,30.53771
-87.43909,30.31092
-87.43876,30.31105
-87.437,34.78372
-87.43683,41.65503
-87.43674,41.65434
-87.43459,33.25119
-87.43326,44.60737
-87.43326,44.60797
-87.43258,44.60952
-87.43074,34.77365
-87.42696,44.87796
-87.42651,41.3707
-87.42605,41.36938
-87.42525,30.31109
-87.42414,33.26315
-87.42402,46.26774
-87.42195,30.31169
-87.42019,39.45585
-87.4194,39.55782
-87.41878,39.95143
-87.41836,33.27053
-87.41492,33.36134
-87.41462,41.64363
-87.41243,34.81544
-87.41207,39.49267
-87.40532,44.90451
-87.40521,44.90458
-87.40512,44.90464
-87.40452,37.58897
-87.40426,37.58981
-87.40392,40.13651
-87.40275,30.30978
-87.39983,44.84904
-87.39848,30.60557
-87.39773,46.12956
-87.39547,39.65801
-87.39365,46.57488
-87.39345,34.78613
-87.39123,39.10886
-87.39106,46.54264
-87.39091,45.47583
-87.39089,39.10915
-87.39016,39.10925
-87.38784,34.79378
-87.38605,44.84468
-87.38511,46.54364
-87.38326,44.83061
-87.38274,44.83219
-87.3815,44.83501
-87.38148,36.54096
-87.38096,39.10305
-87.37999,44.8284
-87.37978,44.8333
-87.37915,44.83271
-87.37818,44.83162
-87.37791,44.82607
-87.37747,44.82462
-87.37638,44.82571
-87.37579,44.82465
-87.37496,44.8293
-87.37488,44.82477
-87.37468,30.40256
-87.37439,44.82439
-87.37329,39.78624
-87.37261,44.82365
-87.37208,44.82257
-87.36968,36.54051
-87.36952,36.51114
-87.36951,34.79309
-87.36949,36.51106
-87.36946,36.51098
-87.36862,30.32611
-87.36718,34.84614
-87.367,37.31849
-87.36529,36.53114
-87.36143,37.31542
-87.3609,37.55076
-87.36004,46.26189
-87.35782,30.32706
-87.35663,30.32871
-87.35648,30.32786
-87.35512,30.32853
-87.35422,37.5276
-87.35198,35.2441
-87.3518,46.49654
-87.35037,30.583
-87.34992,45.41308
-87.34794,45.41253
-87.34614,46.33618
-87.34576,44.81207
-87.34569,46.34432
-87.34544,46.0865
-87.3363,30.36349
-87.33613,39.06815
-87.33473,45.20309
-87.33412,46.28121
-87.32918,39.06669
-87.32814,34.10488
-87.3277,38.19442
-87.32618,39.05341
-87.32601,46.33791
-87.32564,30.33431
-87.32494,30.33447
-87.3242,30.36882
-87.31862,30.37171
-87.31851,30.37186
-87.31839,30.3711
-87.31638,34.82075
-87.30954,32.05792
-87.30584,30.72384
-87.29324,36.42155
-87.29075,37.7592
-87.29075,41.56331
-87.28997,30.34426
-87.28902,38.51213
-87.28377,34.72964
-87.28213,30.38101
-87.28205,40.27861
-87.28195,30.38096
-87.2757,32.14451
-87.27325,34.01674
-87.27283,34.78687
-87.27184,33.52671
-87.27158,34.77799
-87.2706,45.99235
-87.26959,41.62005
-87.26653,37.52816
-87.26645,30.66987
-87.2631,30.61805
-87.26098,38.96802
-87.26033,41.57528
-87.25866,38.97832
-87.2584,38.97586
-87.25767,37.53588
-87.25735,40.29271
-87.25626,30.40316
-87.25546,41.53631
-87.25445,30.40711
-87.25439,30.4007
-87.25231,30.4009
-87.25009,30.4011
-87.24994,32.05173
-87.24858,30.39981
-87.24793,32.04897
-87.24746,30.39881
-87.24742,45.13047
-87.24722,30.39878
-87.24703,30.39978
-87.247,30.39986
-87.24692,30.40333
-87.24659,30.40241
-87.24629,30.40266
-87.2462,30.40006
-87.24596,45.12945
-87.24576,34.73773
-87.24545,45.12873
-87.24515,38.99745
-87.24426,39.17169
-87.24373,30.39893
-87.24307,39.17629
-87.24287,30.39854
-87.24263,34.82391
-87.2426,38.24105
-87.24178,30.40026
-87.24138,30.40137
-87.23705,41.56767
-87.23641,38.23798
-87.23593,39.16913
-87.23526,45.16191
-87.23496,34.80679
-87.23432,30.96655
-87.23358,34.80717
-87.23347,34.80733
-87.2331,38.20787
-87.22894,38.23365
-87.22796,34.80466
-87.22792,36.32606
-87.22777,33.53297
-87.22623,41.40808
-87.22544,41.40958
-87.22285,45.16872
-87.22186,41.39537
-87.22117,34.77824
-87.22021,37.84955
-87.21944,34.77858
-87.21888,39.77907
-87.21765,41.40146
-87.21641,38.99411
-87.21551,46.4791
-87.21424,30.40404
-87.21249,44.93713
-87.21038,30.40692
-87.20801,44.92564
-87.20566,36.31685
-87.1968,30.54635
-87.19646,45.89531
-87.19624,30.54698
-87.19485,37.21201
-87.19478,30.54707
-87.19446,30.54632
-87.19409,41.60216
-87.19366,30.41964
-87.19224,45.73509
-87.18947,30.97583
-87.18854,30.43224
-87.18768,30.43299
-87.18657,30.42724
-87.18646,30.42722
-87.18642,30.42644
-87.18603,30.42705
-87.18517,44.94535
-87.18489,39.8922
-87.18439,33.55686
-87.1836,30.57477
-87.18335,39.89315
-87.18152,33.55678
-87.1802,41.61611
-87.17813,33.55987
-87.17594,33.76064
-87.17455,30.35132
-87.17443,30.35133
-87.17291,45.15943
-87.17167,45.15539
-87.17006,41.6109
-87.16158,30.58088
-87.15682,30.35351
-87.15555,34.69653
-87.15004,30.33103
-87.14792,34.70231
-87.14552,30.33893
-87.14525,36.28473
-87.145,37.48538
-87.14494,30.33657
-87.14376,30.33505
-87.14321,33.56965
-87.14117,45.6766
-87.13574,37.48558
-87.13001,37.77917
-87.12615,30.54983
-87.1236,30.53525
-87.12345,46.48487
-87.12273,45.06579
-87.12267,45.0657
-87.12197,45.06595
-87.12028,45.19136
-87.11727,34.84748
-87.11722,38.32859
-87.11714,34.84758
-87.11234,37.32376
-87.11,34.65971
-87.10857,33.94492
-87.10854,33.94438
-87.10437,34.87858
-87.09835,46.27672
-87.09532,41.62234
-87.09328,35.66285
-87.09143,45.83996
-87.08883,36.58864
-87.08639,33.96868
-87.08629,30.52544
-87.08332,34.90113
-87.08158,39.88868
-87.07995,45.70674
-87.07802,34.90206
-87.07689,39.73104
-87.07682,36.26924
-87.07645,45.2586
-87.07555,45.2554
-87.07512,45.25443
-87.07489,45.25586
-87.07482,39.71832
-87.07472,45.25461
-87.07414,36.26893
-87.07332,36.27686
-87.06999,34.6851
-87.06778,45.08173
-87.06396,45.77809
-87.05961,39.75373
-87.05904,39.94648
-87.05903,39.94666
-87.05766,33.81604
-87.05577,38.5394
-87.05508,39.73073
-87.05446,36.23739
-87.05218,38.55296
-87.05111,45.2859
-87.05048,37.24285
-87.0491,34.92265
-87.04428,45.74136
-87.04385,37.04336
-87.04262,32.39691
-87.04245,32.39719
-87.04223,32.39696
-87.04152,41.51037
-87.03745,30.63216
-87.03651,37.07926
-87.03569,30.63367
-87.03525,30.63006
-87.03479,30.63029
-87.03423,45.21945
-87.03397,45.21946
-87.03396,38.56922
-87.03332,30.62731
-87.02896,30.60218
-87.02794,46.52132
-87.02438,30.62263
-87.0235,45.29164
-87.02306,45.28713
-87.02298,45.28787
-87.02122,30.63434
-87.01964,45.83908
-87.0187,45.83943
-87.0182,34.96758
-87.01817,45.86335
-87.01346,45.29765
-87.01294,39.77863
-87.01156,30.56371
-87.00939,34.62256
-87.00837,36.6237
-87.00278,35.61191
-86.99744,37.33145
-86.99727,38.10363
-86.99561,35.01373
-86.99551,34.62267
-86.99531,34.62467
-86.98968,34.66035
-86.98456,37.27406
-86.98328,45.84528
-86.98279,30.55735
-86.98155,34.65419
-86.98063,45.7238
-86.97614,39.96683
-86.97604,39.96684
-86.9748,34.08062
-86.97204,30.70884
-86.97195,34.61626
-86.96606,34.48993
-86.96544,45.91463
-86.96416,40.40512
-86.96107,40.40493
-86.95852,30.39294
-86.95711,34.08627
-86.95482,46.47481
-86.94579,37.28458
-86.94388,37.27721
-86.93864,45.3402
-86.93807,45.33733
-86.93269,34.55924
-86.9321,45.33564
-86.93142,34.54507
-86.93087,39.72682
-86.93085,37.26448
-86.92926,37.2615
-86.92362,30.56972
-86.9233,37.24584
-86.92315,38.73025
-86.92248,37.9324
-86.92216,35.57259
-86.91991,38.72353
-86.91853,34.57364
-86.91828,31.09623
-86.91726,36.30362
-86.9155,37.2415
-86.91429,45.34777
-86.91007,46.46599
-86.90897,45.33961
-86.9073,37.26486
-86.9068,37.27462
-86.90669,41.72586
-86.90568,37.26794
-86.90552,41.72154
-86.90295,37.21596
-86.90236,37.26774
-86.8995,30.72726
-86.89949,37.21143
-86.89843,39.47534
-86.89711,39.47623
-86.89684,40.43631
-86.89551,39.47144
-86.89433,41.71841
-86.89428,41.71835
-86.89422,41.71829
-86.89271,36.14396
-86.89174,34.60193
-86.89126,30.78541
-86.89096,36.14321
-86.8881,34.56617
-86.88541,46.4469
-86.8692,40.47512
-86.86893,46.30496
-86.86748,39.45309
-86.8667,30.44109
-86.86628,30.7104
-86.86625,35.61818
-86.86346,30.38355
-86.8626,34.2817
-86.85582,35.90938
-86.85561,39.44538
-86.85404,39.44793
-86.85394,38.6239
-86.85373,39.44376
-86.85208,34.60352
-86.84961,37.51742
-86.84742,38.22559
-86.84738,38.62247
-86.83689,46.39573
-86.83616,46.43275
-86.83612,46.42328
-86.83599,46.42354
-86.83364,38.21616
-86.83226,30.86209
-86.82972,40.44157
-86.82916,31.0321
-86.82383,37.99907
-86.81926,32.31239
-86.80588,40.50547
-86.80402,37.99319
-86.79901,46.332
-86.78656,31.45397
-86.78636,45.83217
-86.78466,40.51478
-86.78116,34.54832
-86.76961,32.3405
-86.76747,37.25274
-86.76641,30.80162
-86.76504,30.66031
-86.76184,31.26223
-86.75965,33.32475
-86.75809,40.73098
-86.75618,40.65326
-86.75422,40.73057
-86.75108,46.15849
-86.75096,41.79723
-86.7484,37.90389
-86.74784,41.61023
-86.74778,41.61024
-86.74771,41.61023
-86.74747,37.90977
-86.74677,33.99816
-86.74633,33.99811
-86.74584,41.63416
-86.74504,39.28159
-86.74487,41.80085
-86.74486,41.80091
-86.74486,41.80098
-86.74485,41.80105
-86.74484,41.80112
-86.73919,41.62954
-86.73139,40.88993
-86.73077,34.57983
-86.72982,31.40768
-86.72695,34.54346
-86.7261,34.57572
-86.72462,39.72221
-86.72429,39.72233
-86.71688,31.30131
-86.7141,41.80925
-86.71086,39.74974
-86.7088,30.40971
-86.70625,39.74312
-86.70581,38.40704
-86.7052,36.21693
-86.70358,38.40324
-86.69666,33.37746
-86.69582,38.37294
-86.68938,35.59184
-86.6882,37.24315
-86.68658,34.17796
-86.68439,39.83477
-86.6832,38.40253
-86.67198,37.91513
-86.67157,37.91733
-86.668,45.62271
-86.66764,45.62306
-86.66727,45.71005
-86.66514,32.36018
-86.66484,36.18546
-86.66482,36.18546
-86.66238,45.83849
-86.66173,38.43788
-86.66068,36.19425
-86.65748,36.2879
-86.65728,36.28791
-86.65715,36.28761
-86.65713,36.28779
-86.65711,40.64917
-86.6537,46.413
-86.6534,46.41325
-86.65125,38.19584
-86.64681,38.80003
-86.64574,36.2979
-86.64569,36.29751
-86.6422,46.24351
-86.64087,46.41061
-86.64046,38.80371
-86.64,38.39437
-86.63919,36.2515
-86.63888,36.25156
-86.6382,30.40568
-86.6372,38.13085
-86.63567,46.22919
-86.6354,37.8372
-86.63204,36.27619
-86.6294,46.21941
-86.62903,36.25852
-86.62876,38.39986
-86.62814,46.11482
-86.62779,30.40375
-86.62571,38.40558
-86.62412,46.2176
-86.62373,36.13456
-86.62271,36.1117
-86.62231,36.13446
-86.62133,36.12742
-86.6194,46.24441
-86.61884,36.14889
-86.61864,30.40409
-86.61853,37.82287
-86.617,33.7623
-86.61575,30.40384
-86.61296,38.18839
-86.60983,36.16005
-86.60945,36.10983
-86.60872,46.15378
-86.60862,36.26067
-86.60553,36.15485
-86.6046,38.4374
-86.60409,36.24959
-86.60404,36.13768
-86.60351,46.22966
-86.60281,46.04134
-86.60251,36.09062
-86.60116,38.40592
-86.59903,30.40011
-86.59869,30.40023
-86.59691,36.1574
-86.59567,36.13149
-86.59495,36.10596
-86.59252,30.40035
-86.59216,30.46359
-86.59184,30.87063
-86.59176,30.42633
-86.58677,38.38235
-86.58489,30.43589
-86.58475,30.43578
-86.58473,33.69044
-86.58425,30.43672
-86.57784,46.21553
-86.57546,36.28163
-86.57406,45.77254
-86.57243,40.69261
-86.57197,35.14052
-86.5712,30.69699
-86.57091,36.24803
-86.56936,38.40525
-86.56898,31.27777
-86.56705,45.90074
-86.56642,36.0514
-86.5663,36.25495
-86.56519,36.13175
-86.56515,36.05105
-86.5625,36.04986
-86.56152,46.19578
-86.56145,38.48521
-86.55958,34.57672
-86.55949,34.57678
-86.55939,34.57685
-86.55932,34.57692
-86.55482,33.02008
-86.55416,33.71441
-86.55155,46.05925
-86.551,46.07136
-86.54928,33.83156
-86.54591,34.56225
-86.54589,36.72012
-86.54524,30.45521
-86.54519,33.7256
-86.54466,30.45554
-86.54364,30.45255
-86.54341,30.45305
-86.54338,36.14073
-86.54317,46.06881
-86.54304,30.45186
-86.54264,42.01061
-86.54241,30.45155
-86.54133,42.0033
-86.54129,42.01197
-86.54113,36.32338
-86.5336,45.72852
-86.53081,46.06988
-86.53078,40.7648
-86.53046,30.45689
-86.53021,33.64449
-86.52579,38.02681
-86.52349,46.11408
-86.52347,37.92087
-86.52223,32.97832
-86.52182,38.83448
-86.52129,33.17734
-86.51909,36.05328
-86.51794,38.04254
-86.51462,30.39643
-86.51356,36.34813
-86.51349,38.82511
-86.51276,39.19804
-86.51257,39.01263
-86.51071,36.05472
-86.50967,30.75343
-86.50804,37.60241
-86.50795,43.55987
-86.50777,37.98118
-86.50628,30.53145
-86.50529,35.99875
-86.50205,36.28364
-86.50187,36.28229
-86.49976,30.41039
-86.49809,43.55943
-86.49746,46.16674
-86.49626,43.55981
-86.49445,30.52093
-86.49444,36.03298
-86.4939,43.5562
-86.49383,43.66454
-86.49357,43.55647
-86.49315,36.04395
-86.49295,37.57176
-86.49263,34.63118
-86.49218,30.39096
-86.49161,44.03374
-86.48864,30.48129
-86.48624,39.01125
-86.48587,43.67236
-86.48448,42.11397
-86.48359,42.11477
-86.48355,43.67499
-86.48345,30.51403
-86.48231,30.51312
-86.48189,30.48291
-86.48145,30.51317
-86.4801,39.01556
-86.47936,46.16951
-86.4793,46.1449
-86.47758,43.55759
-86.47723,39.32275
-86.47669,33.85757
-86.47641,36.34771
-86.47618,36.33734
-86.47576,36.34806
-86.47307,36.35744
-86.47212,36.00164
-86.4719,42.10393
-86.4707,42.11031
-86.4698,35.98082
-86.46941,33.52462
-86.46902,42.10606
-86.46856,42.1018
-86.46851,42.10188
-86.46846,42.10196
-86.46842,42.10203
-86.46829,42.11759
-86.46829,42.11766
-86.46769,42.06925
-86.46624,42.10072
-86.46567,46.172
-86.46544,42.10416
-86.46535,42.10414
-86.46525,42.10413
-86.46515,42.10411
-86.46379,39.09845
-86.46269,35.47909
-86.46168,43.95452
-86.46075,39.02104
-86.46069,39.02095
-86.45903,41.07354
-86.45659,39.06535
-86.4562,32.36436
-86.45606,44.0514
-86.45548,42.07102
-86.45544,43.9497
-86.45529,39.06774
-86.45519,39.06959
-86.45485,43.9493
-86.4542,43.95346
-86.45334,36.30889
-86.45237,43.93997
-86.4523,43.94197
-86.45194,37.62486
-86.45105,46.26685
-86.45069,43.95139
-86.44935,42.06332
-86.44709,36.01763
-86.44645,39.03103
-86.44603,30.49513
-86.44546,35.98136
-86.44468,43.948
-86.44335,30.49468
-86.44215,43.94511
-86.44089,39.08177
-86.44061,39.08187
-86.44014,43.94801
-86.43896,43.9483
-86.43859,34.10095
-86.43855,43.94748
-86.4365,46.22434
-86.43541,37.63305
-86.43328,38.05603
-86.43302,43.77612
-86.43017,43.77578
-86.42991,37.0013
-86.42971,43.77592
-86.42906,36.33536
-86.42809,39.08242
-86.42718,44.07136
-86.42528,46.2034
-86.42334,39.32355
-86.42329,35.88805
-86.42134,43.93389
-86.42124,43.37606
-86.41862,35.97883
-86.41851,31.99665
-86.41836,37.00255
-86.41682,43.92766
-86.41629,41.87242
-86.41596,46.24805
-86.41421,33.88563
-86.41381,38.73955
-86.4132,43.89101
-86.41207,35.85748
-86.41206,43.36306
-86.41116,33.89449
-86.41104,33.89442
-86.40923,39.06916
-86.40866,37.15458
-86.40808,43.36347
-86.40798,39.06697
-86.40755,43.36368
-86.40689,33.90322
-86.40558,34.43153
-86.40517,46.17715
-86.4031,43.34172
-86.40261,34.42566
-86.40246,33.89997
-86.40118,39.06957
-86.39947,41.30003
-86.39895,37.17014
-86.39826,39.10696
-86.3948,39.9853
-86.39316,34.81077
-86.39229,44.06595
-86.39111,42.01111
-86.38544,44.0684
-86.3853,39.2613
-86.38521,39.26226
-86.38437,37.14504
-86.37637,43.37526
-86.37488,35.94216
-86.37344,44.08539
-86.37323,46.00521
-86.36961,41.5446
-86.36307,40.75942
-86.36231,46.55787
-86.36017,43.70508
-86.35793,43.40296
-86.35776,43.3859
-86.3571,41.85728
-86.35704,43.41144
-86.357,43.41155
-86.35596,38.82679
-86.35514,41.54777
-86.35504,41.96872
-86.35489,43.41331
-86.35335,45.96884
-86.35272,40.76081
-86.35233,43.41012
-86.35214,43.40947
-86.35142,43.40812
-86.35116,43.41399
-86.34991,43.40698
-86.34626,40.7421
-86.34563,39.1922
-86.34495,39.19127
-86.34462,38.19382
-86.34394,34.36298
-86.34259,38.19253
-86.33992,44.24732
-86.33893,39.18201
-86.33817,45.94416
-86.33788,39.17828
-86.33698,33.443
-86.33575,41.95395
-86.33496,34.44997
-86.33442,34.45136
-86.33431,32.45029
-86.33395,40.91207
-86.33349,34.45092
-86.33092,43.98171
-86.3305,43.24924
-86.33033,43.24923
-86.33027,43.22842
-86.33009,44.24831
-86.32965,43.22856
-86.32846,31.00068
-86.32765,39.09385
-86.32742,30.38866
-86.32732,44.24761
-86.32718,30.38844
-86.32448,45.90681
-86.32169,33.46467
-86.32047,44.21186
-86.31948,39.83367
-86.31894,34.33031
-86.31884,39.83453
-86.31854,34.35513
-86.3185,34.35521
-86.31729,44.25665
-86.31537,43.21531
-86.31355,44.24916
-86.3052,46.49002
-86.30428,46.48188
-86.30368,39.86522
-86.30363,35.25793
-86.30274,44.26473
-86.30176,39.82751
-86.30128,39.8276
-86.30078,46.14436
-86.30041,39.83052
-86.30014,39.83085
-86.29977,39.83111
-86.29902,44.25237
-86.29768,32.63632
-86.29696,43.24142
-86.29653,43.24123
-86.29628,43.2433
-86.29435,43.21723
-86.29255,33.52681
-86.29242,42.197
-86.2918,43.83344
-86.29044,35.24174
-86.2863,42.06025
-86.282,43.94516
-86.27954,42.40326
-86.27913,44.2143
-86.27884,34.39661
-86.27751,42.40469
-86.27743,42.40343
-86.27591,37.19648
-86.2759,42.40539
-86.27584,42.40433
-86.27532,35.26697
-86.27479,43.22861
-86.27448,34.38598
-86.27444,43.23299
-86.27433,42.40601
-86.27423,41.71508
-86.27401,43.23219
-86.27322,39.55928
-86.27308,35.19878
-86.27301,42.4102
-86.27299,42.41025
-86.27269,46.11134
-86.27133,31.30234
-86.27074,41.75784
-86.26957,43.23128
-86.2694,43.23122
-86.26842,41.72871
-86.26711,43.23084
-86.267,34.41154
-86.26601,43.23043
-86.26586,32.63042
-86.26415,40.78245
-86.2623,46.48634
-86.26054,37.20607
-86.26019,41.81583
-86.25943,46.45855
-86.2576,44.36624
-86.25727,41.82596
-86.25655,43.24091
-86.25575,43.26084
-86.25413,43.17729
-86.25376,32.61464
-86.25287,32.5005
-86.25282,43.26339
-86.25181,39.20101
-86.25099,37.27402
-86.24879,45.95148
-86.24771,44.36952
-86.2472,35.21069
-86.247,45.95275
-86.24648,35.21123
-86.24636,42.2154
-86.24633,44.66691
-86.24565,42.21579
-86.24458,35.27228
-86.24398,35.26945
-86.24364,43.26327
-86.24319,35.22432
-86.24318,43.24389
-86.24305,43.24387
-86.24291,43.24384
-86.24284,44.63102
-86.2428,43.0625
-86.24272,37.27788
-86.24238,43.85549
-86.24131,44.68409
-86.24116,44.68391
-86.24066,44.6317
-86.23915,39.64107
-86.23883,44.49033
-86.2388,43.06079
-86.23872,44.49103
-86.23868,35.46648
-86.23846,43.25199
-86.23813,37.20285
-86.23751,37.20235
-86.23742,43.0779
-86.23649,44.63174
-86.23632,35.48179
-86.23615,43.18645
-86.23325,37.29144
-86.23313,43.44275
-86.23141,37.31449
-86.23023,44.6313
-86.22922,44.62437
-86.22911,43.07598
-86.228,43.06864
-86.22566,35.47095
-86.22534,37.32918
-86.22477,46.58652
-86.22472,37.31485
-86.22368,44.62839
-86.22268,43.93805
-86.22265,41.6598
-86.2225,35.22304
-86.21988,37.36575
-86.21861,43.93719
-86.21806,35.45452
-86.21734,34.3695
-86.21708,43.38012
-86.21548,44.35249
-86.21479,43.07131
-86.21381,37.29882
-86.21265,33.68205
-86.2119,42.08581
-86.21112,43.08234
-86.2107,42.65148
-86.21036,43.08202
-86.21003,46.1706
-86.20956,34.39957
-86.20955,43.45097
-86.20941,32.53687
-86.20925,42.64832
-86.20916,42.64836
-86.20894,44.57084
-86.2089,33.68326
-86.20857,32.5356
-86.20853,42.23845
-86.20842,43.27149
-86.20827,43.07813
-86.20671,43.45942
-86.2064,44.3618
-86.2062,42.65603
-86.20618,42.64853
-86.20584,42.67701
-86.20578,41.98637
-86.20565,42.6602
-86.20543,43.07427
-86.2052,42.65448
-86.20488,44.36207
-86.20461,38.02212
-86.20346,42.65344
-86.20315,42.77265
-86.20263,42.6479
-86.20253,33.60428
-86.20246,32.54177
-86.20228,42.65381
-86.20218,43.06151
-86.20204,42.6631
-86.20203,42.66289
-86.20151,42.66332
-86.20115,42.76917
-86.20009,35.26621
-86.19977,33.59862
-86.199,42.64741
-86.19892,44.27112
-86.19859,42.77041
-86.19832,42.64478
-86.1983,42.90346
-86.19815,42.73242
-86.19775,42.64384
-86.19774,39.80358
-86.19755,42.7705
-86.1952,42.77174
-86.19402,44.1508
-86.19391,41.061
-86.19347,37.33702
-86.19173,41.66337
-86.19165,43.11216
-86.18917,42.6452
-86.18663,44.69419
-86.1865,42.79092
-86.18591,42.78991
-86.18575,44.57064
-86.18558,44.65388
-86.18499,42.79282
-86.18456,35.44375
-86.18425,42.68336
-86.18398,31.14314
-86.18237,43.93756
-86.18134,43.26191
-86.18053,42.05187
-86.17831,42.77536
-86.1781,34.4063
-86.178,44.69557
-86.17783,44.07845
-86.17739,42.25785
-86.17733,39.85078
-86.17703,44.44022
-86.17578,40.42944
-86.17468,43.08865
-86.17355,33.61443
-86.17238,43.07275
-86.17188,37.33637
-86.17175,30.77496
-86.17069,42.06959
-86.1706,37.35659
-86.16821,44.61897
-86.16743,43.36557
-86.16494,41.66971
-86.16433,35.20218
-86.1631,42.63642
-86.16296,38.00572
-86.16271,37.33302
-86.16218,42.7763
-86.16084,37.36879
-86.15883,42.63437
-86.15869,37.35202
-86.15641,43.12229
-86.15637,41.67175
-86.15611,44.73083
-86.15604,41.67148
-86.15539,30.3265
-86.15234,33.67382
-86.15167,43.48423
-86.15073,43.26864
-86.14979,43.59057
-86.14963,46.48559
-86.14949,43.48404
-86.14872,44.29204
-86.14784,38.81887
-86.14735,42.77674
-86.14677,42.91581
-86.14571,43.03227
-86.14569,43.02516
-86.14522,37.32472
-86.14467,37.33293
-86.14343,44.72656
-86.14217,35.25221
-86.14119,39.87864
-86.14059,30.4732
-86.13691,44.71885
-86.13416,37.31077
-86.13378,39.87018
-86.13337,37.31973
-86.13074,35.19442
-86.12752,42.79483
-86.12715,44.63666
-86.12637,44.70892
-86.1248,37.34519
-86.12413,43.04527
-86.12405,36.88946
-86.12362,37.34506
-86.1226,46.0346
-86.12218,35.25927
-86.12189,41.67124
-86.12107,39.29222
-86.12071,36.89598
-86.12071,44.69616
-86.12017,44.01651
-86.12002,43.74629
-86.1186,42.79629
-86.11817,39.8354
-86.11803,43.52813
-86.11668,43.04686
-86.11667,44.01631
-86.11665,37.99553
-86.11633,37.99491
-86.11565,44.65658
-86.11551,43.93298
-86.11487,30.37289
-86.11435,44.29138
-86.11419,35.25996
-86.11236,39.89295
-86.11208,37.18008
-86.11115,36.89344
-86.10958,42.79815
-86.10853,34.515
-86.10781,42.65164
-86.10516,39.84247
-86.10445,42.18809
-86.10403,33.86485
-86.10084,42.21537
-86.09835,31.06631
-86.09833,36.8881
-86.09738,36.88711
-86.09692,37.34978
-86.09614,40.74837
-86.09575,44.63019
-86.09508,44.64741
-86.09406,44.64681
-86.09374,44.64684
-86.08965,41.98428
-86.08824,34.53075
-86.08597,38.57476
-86.08391,43.03982
-86.08084,34.57825
-86.08076,38.87887
-86.07968,38.87839
-86.07911,43.29782
-86.07554,35.30919
-86.0754,38.81683
-86.07533,44.48469
-86.0751,43.55655
-86.07452,36.90517
-86.07174,41.67167
-86.07047,36.87123
-86.07006,40.74906
-86.0691,36.87294
-86.06729,44.81242
-86.06635,40.75071
-86.0658,37.35939
-86.06565,33.81891
-86.06541,46.47176
-86.06488,41.66393
-86.06485,44.71205
-86.06212,41.67899
-86.0606,35.33099
-86.05995,42.80044
-86.05945,44.68395
-86.05791,35.29657
-86.05374,35.33009
-86.05362,43.62032
-86.05246,44.57878
-86.0522,37.95841
-86.05161,42.22376
-86.05077,43.9352
-86.0493,42.37739
-86.04781,40.0041
-86.04733,40.49163
-86.04564,39.11123
-86.04509,43.18759
-86.04396,38.71305
-86.04378,43.57147
-86.04369,33.76234
-86.04247,45.98787
-86.04219,33.76697
-86.04201,44.37138
-86.04015,33.81525
-86.03921,43.02868
-86.03906,36.75635
-86.0377,42.78441
-86.03597,44.26198
-86.03556,39.39586
-86.03536,42.53185
-86.0346,42.61764
-86.03452,42.52561
-86.03349,43.31828
-86.03195,36.92762
-86.03032,46.64817
-86.0296,36.92865
-86.02734,43.01675
-86.02707,40.85737
-86.02601,42.77929
-86.02146,43.92978
-86.02126,39.38741
-86.02121,43.92981
-86.01813,37.99252
-86.01737,32.82814
-86.01613,34.63609
-86.01611,42.3802
-86.01602,44.26776
-86.01462,42.39483
-86.01422,34.63885
-86.01372,34.63794
-86.01361,34.63719
-86.01346,43.00559
-86.01273,46.39705
-86.01258,41.90225
-86.01253,40.74982
-86.00873,44.19579
-86.00775,37.99897
-86.00565,43.92611
-86.00526,39.98334
-86.00511,42.34741
-86.00482,42.1135
-86.0033,33.9905
-86.00268,42.67617
-86.00171,44.43857
-86.00168,42.61114
-86.00137,33.99405
-86.00076,42.33356
-86.00072,44.86632
-86.00063,44.86629
-85.99933,44.43769
-85.99881,41.67943
-85.9985,39.80033
-85.99833,41.95972
-85.99722,39.36317
-85.99705,41.67852
-85.99685,41.67817
-85.996,34.01016
-85.99491,44.86275
-85.99462,42.20039
-85.99317,37.95748
-85.99032,42.20334
-85.98973,45.98308
-85.98907,44.90152
-85.98851,44.07588
-85.9877,41.89121
-85.98677,46.18288
-85.98614,39.90923
-85.98582,41.80662
-85.98543,30.26703
-85.98361,46.67368
-85.98338,42.59357
-85.98249,44.13517
-85.9822,41.6881
-85.98179,39.34625
-85.98104,39.34939
-85.98066,40.87225
-85.98009,44.88934
-85.97966,44.88899
-85.9796,46.54248
-85.97936,39.34311
-85.9787,42.16742
-85.9781,42.55203
-85.97659,46.47059
-85.97617,43.85933
-85.976,43.92172
-85.97483,30.26804
-85.97257,39.23908
-85.97254,39.29106
-85.97187,34.63302
-85.97064,32.73935
-85.97032,41.09345
-85.97003,39.36052
-85.96975,43.82395
-85.96748,44.13033
-85.96134,32.74376
-85.95864,40.1219
-85.95766,40.72006
-85.95692,38.00068
-85.95685,43.01346
-85.95632,38.00076
-85.95482,44.90347
-85.9546,38.001
-85.9544,42.46608
-85.95408,40.70529
-85.95329,44.89996
-85.95209,42.56663
-85.95208,42.18687
-85.95106,42.29192
-85.95088,41.67648
-85.94963,38.64973
-85.9489,40.12683
-85.94743,38.00162
-85.94716,46.48534
-85.94593,36.2432
-85.94357,36.29464
-85.94336,43.63301
-85.94323,44.25986
-85.94161,39.93083
-85.94157,40.77267
-85.94157,40.91401
-85.94151,40.70916
-85.94074,40.70671
-85.94008,43.34679
-85.93985,37.99919
-85.93864,44.26052
-85.93795,36.2859
-85.93759,44.77681
-85.93744,43.48327
-85.93704,44.16524
-85.93684,40.71413
-85.93635,43.01076
-85.93625,42.41928
-85.93624,36.28208
-85.93431,44.20376
-85.92913,38.97311
-85.92839,39.20407
-85.92681,36.3038
-85.92305,39.19724
-85.92233,38.01954
-85.91986,42.39814
-85.91973,43.87084
-85.91826,44.76842
-85.91762,41.89259
-85.91673,43.36269
-85.91635,44.24027
-85.91363,41.85106
-85.91323,44.77142
-85.9129,46.46514
-85.91232,45.92231
-85.91113,44.79048
-85.91023,30.61988
-85.91014,43.73107
-85.91013,30.40765
-85.90898,43.72036
-85.90881,44.6197
-85.90822,39.28048
-85.90803,36.30392
-85.90778,41.24739
-85.90776,36.30383
-85.90754,42.54722
-85.90714,36.30058
-85.90705,36.3139
-85.90659,36.18499
-85.9046,42.43154
-85.90357,38.14809
-85.90303,30.6568
-85.90108,44.21677
-85.90042,34.75466
-85.89922,30.45051
-85.89832,41.07867
-85.89707,41.90738
-85.89704,30.56032
-85.89579,41.85779
-85.89565,40.68049
-85.89261,32.57732
-85.8916,43.67179
-85.89073,40.94791
-85.89059,30.5419
-85.88908,37.26618
-85.88825,38.04353
-85.88813,30.58061
-85.88802,41.70593
-85.88693,44.26298
-85.88589,46.21445
-85.88438,42.23411
-85.88238,44.69081
-85.88232,30.89052
-85.88035,44.92152
-85.87851,30.83551
-85.87742,44.9173
-85.87642,41.94004
-85.87618,30.67974
-85.87564,41.9296
-85.87537,30.4705
-85.87422,42.0782
-85.87264,42.47609
-85.87218,44.75894
-85.87168,46.25863
-85.87143,36.29874
-85.87128,40.95224
-85.87112,30.52396
-85.87006,30.66934
-85.86925,41.84721
-85.8688,36.29556
-85.86617,30.69371
-85.86462,42.42978
-85.86411,46.39817
-85.86241,30.53814
-85.86223,44.71553
-85.86212,44.69669
-85.86139,44.28351
-85.86137,37.94774
-85.86113,37.94816
-85.86105,38.46725
-85.86093,30.70062
-85.86027,44.7756
-85.86017,38.43605
-85.85987,44.92467
-85.85923,30.53711
-85.8589,34.75741
-85.85836,44.74034
-85.85786,36.0741
-85.8576,42.34781
-85.85687,42.04121
-85.85547,42.95193
-85.85493,32.73734
-85.85466,42.94452
-85.8537,43.14871
-85.85321,41.24448
-85.85193,34.86104
-85.85167,30.91877
-85.8512,44.88808
-85.85098,42.52711
-85.85026,43.85743
-85.84977,42.4816
-85.84869,40.66813
-85.84743,41.92844
-85.84557,30.56901
-85.84413,30.57205
-85.8432,30.94765
-85.84172,32.72518
-85.84122,41.24851
-85.84071,41.58743
-85.84029,41.57544
-85.83997,42.08702
-85.83996,36.07377
-85.83927,30.59024
-85.83838,41.57708
-85.83765,41.79146
-85.83714,41.54756
-85.83641,34.75206
-85.83618,32.7507
-85.83575,34.85356
-85.83552,36.07726
-85.83536,43.86325
-85.83526,41.79162
-85.83499,41.56142
-85.83366,40.97258
-85.83181,36.10008
-85.83156,34.84011
-85.8313,38.26334
-85.82946,36.10073
-85.82925,46.26288
-85.82843,30.80234
-85.82839,43.38877
-85.82726,36.08326
-85.82695,30.77533
-85.82664,41.77461
-85.82638,36.08337
-85.82275,36.02094
-85.82271,41.79022
-85.82271,43.67164
-85.82222,36.02326
-85.82162,38.28142
-85.81967,43.90897
-85.81881,32.73861
-85.8188,42.68783
-85.81636,42.41253
-85.8158,46.33565
-85.81466,41.72314
-85.81329,30.31508
-85.81297,42.13401
-85.81287,41.97422
-85.81133,43.41512
-85.81056,43.25963
-85.81013,44.60606
-85.80781,30.60642
-85.80718,46.21506
-85.80714,36.1315
-85.80609,42.32545
-85.806,34.57552
-85.80496,42.56768
-85.80462,43.3392
-85.80399,42.06591
-85.80267,34.83576
-85.80173,36.25617
-85.80115,42.68236
-85.80044,44.36463
-85.80023,41.90487
-85.79765,44.68248
-85.79698,43.89242
-85.79676,38.93626
-85.79643,44.7481
-85.79631,46.08564
-85.79407,42.95327
-85.79264,44.85022
-85.79215,44.59845
-85.79171,42.12747
-85.7915,41.91604
-85.79054,46.1744
-85.78999,43.41886
-85.78974,44.66683
-85.78972,44.63818
-85.78901,42.29822
-85.789,43.10769
-85.78876,43.10217
-85.78729,44.37984
-85.78426,44.6295
-85.78285,43.3933
-85.78113,46.18872
-85.78091,36.25092
-85.77844,41.28163
-85.77807,38.287
-85.77621,44.73982
-85.77288,43.87465
-85.76828,42.91309
-85.76818,40.99695
-85.76779,37.31798
-85.76761,43.4757
-85.76548,44.62365
-85.76543,30.6051
-85.76421,44.72435
-85.76328,36.04684
-85.76259,45.02472
-85.76227,41.95415
-85.76225,36.04618
-85.76194,45.02403
-85.76189,45.02409
-85.76134,41.92867
-85.76125,46.66992
-85.76097,44.62999
-85.76064,41.92961
-85.76045,40.83456
-85.76026,41.93209
-85.76012,41.5072
-85.75991,45.01971
-85.75966,46.66925
-85.75951,39.12244
-85.75945,45.01933
-85.75937,45.02238
-85.75893,36.03898
-85.75889,44.62653
-85.75872,43.40306
-85.75826,36.03751
-85.75762,30.15093
-85.75683,39.27683
-85.75673,30.60891
-85.75629,42.93021
-85.75545,30.69131
-85.75427,46.15872
-85.75379,30.18229
-85.75268,30.18946
-85.75198,30.18887
-85.75195,30.18936
-85.75082,36.02627
-85.75065,30.20118
-85.75012,36.02612
-85.74838,46.21125
-85.74835,30.18751
-85.74803,30.1495
-85.74761,30.14484
-85.74707,30.60677
-85.74691,30.14523
-85.74668,30.1485
-85.74624,30.14306
-85.74519,42.93957
-85.74495,30.14759
-85.74486,41.42263
-85.74443,44.66259
-85.74399,30.14747
-85.74351,30.14718
-85.74323,42.1604
-85.74311,41.40626
-85.74248,42.94444
-85.74149,44.71157
-85.74101,32.97609
-85.741,41.40818
-85.73854,41.41867
-85.7377,41.41344
-85.73709,42.45573
-85.73649,41.0286
-85.7344,46.21812
-85.73396,34.19937
-85.73376,44.99089
-85.73224,30.18436
-85.73209,42.40595
-85.73139,30.13277
-85.73135,30.13273
-85.73124,41.93527
-85.72931,44.86524
-85.72908,41.40616
-85.72845,30.14452
-85.72529,42.21931
-85.72492,41.94122
-85.72469,44.91429
-85.72469,46.27807
-85.72352,44.93312
-85.7233,34.1833
-85.72181,46.24707
-85.72136,44.83592
-85.72102,34.19312
-85.72018,44.42151
-85.7201,34.17668
-85.71977,41.41769
-85.71962,41.4183
-85.71912,43.41487
-85.71709,35.9672
-85.71618,34.22268
-85.71531,37.32041
-85.71393,44.98238
-85.71363,44.98231
-85.7132,37.59402
-85.71314,44.15195
-85.71265,41.94958
-85.71219,37.59752
-85.71184,44.69669
-85.71138,41.39608
-85.71049,44.98062
-85.71045,44.98056
-85.71001,30.63065
-85.70996,46.46204
-85.70871,34.89894
-85.70602,34.18838
-85.70569,38.78315
-85.70489,38.78397
-85.70376,30.16834
-85.70264,38.78356
-85.70233,41.28853
-85.69807,34.94123
-85.6974,35.01111
-85.69609,34.19679
-85.69521,35.0164
-85.69489,44.87762
-85.69413,35.0103
-85.69387,43.35922
-85.69039,38.7729
-85.68978,30.64936
-85.68797,42.56108
-85.68779,38.28733
-85.68715,38.35687
-85.68654,38.78024
-85.68607,43.63907
-85.68595,44.5501
-85.68494,44.11624
-85.68456,41.3771
-85.68382,40.80791
-85.6809,30.65583
-85.6802,44.7015
-85.68006,41.34255
-85.67673,44.67189
-85.67647,44.49006
-85.67626,36.00661
-85.67527,43.42342
-85.67521,43.25956
-85.67307,41.40605
-85.67186,38.30779
-85.67186,42.9995
-85.67005,41.3782
-85.66977,41.38546
-85.66972,43.39507
-85.667,40.79208
-85.66626,34.18505
-85.66574,43.43481
-85.66527,41.39936
-85.6651,43.17112
-85.665,30.15156
-85.66497,40.80342
-85.66481,41.07443
-85.66464,30.14981
-85.66425,41.33491
-85.66316,30.15094
-85.66231,30.66905
-85.66104,40.57182
-85.65909,34.18819
-85.65601,46.30929
-85.65327,36.00122
-85.65263,36.00086
-85.65148,36.00207
-85.65095,44.08445
-85.64873,30.14258
-85.64842,44.9765
-85.6482,46.42799
-85.64779,44.97576
-85.6475,30.0923
-85.64739,30.09286
-85.64683,30.26459
-85.64556,44.97948
-85.6453,35.81668
-85.64499,33.30217
-85.64442,38.32314
-85.64363,44.98057
-85.64297,35.79939
-85.64295,34.1935
-85.64254,44.79438
-85.64216,44.43915
-85.64208,44.98366
-85.6416,34.19245
-85.64129,36.37423
-85.64107,38.32997
-85.64098,40.77389
-85.64008,33.29351
-85.63995,43.20791
-85.63958,40.77268
-85.63916,30.28289
-85.63914,30.28308
-85.63889,30.15594
-85.63841,30.28047
-85.63821,44.78045
-85.63719,30.15441
-85.63676,43.49127
-85.63676,44.78982
-85.63673,44.78974
-85.6367,44.78966
-85.63667,44.78958
-85.63623,44.79216
-85.63578,44.79077
-85.63538,43.49089
-85.63522,44.78994
-85.63432,46.67448
-85.63397,38.10944
-85.63249,41.94106
-85.63233,36.3768
-85.6313,38.40058
-85.63069,38.32935
-85.63048,30.14795
-85.6302,44.67478
-85.62995,44.90641
-85.62974,46.41717
-85.62895,46.41378
-85.62812,30.14629
-85.62777,30.14831
-85.62748,33.30661
-85.62709,42.60487
-85.62701,44.685
-85.62606,41.08341
-85.62568,40.48234
-85.62556,38.95413
-85.62535,42.1576
-85.62528,42.15757
-85.62402,44.07415
-85.62208,33.2584
-85.62207,44.76729
-85.61981,44.76631
-85.61965,35.00798
-85.61954,41.94262
-85.61915,34.9972
-85.61868,43.69539
-85.61777,44.74981
-85.61774,34.17723
-85.61695,38.96193
-85.61634,44.72957
-85.61599,31.3438
-85.61582,44.75514
-85.61549,33.40715
-85.61525,44.76458
-85.61489,38.93529
-85.61295,45.12991
-85.61265,34.9933
-85.61244,45.1294
-85.61139,42.95188
-85.61073,44.75692
-85.61057,43.50544
-85.61048,42.5663
-85.61014,33.43877
-85.61011,38.93401
-85.60991,42.94828
-85.60985,42.94838
-85.60942,43.51013
-85.60874,35.80291
-85.60869,36.47912
-85.606,35.00755
-85.60575,37.5733
-85.60497,40.77231
-85.6039,30.10519
-85.60284,34.15744
-85.60227,33.42752
-85.60205,43.51246
-85.60153,46.62917
-85.6007,38.96426
-85.59982,33.2573
-85.5996,45.03254
-85.59912,45.174
-85.59864,34.14583
-85.59784,33.27544
-85.59782,34.99137
-85.59735,46.24301
-85.59731,33.41014
-85.59223,38.94352
-85.59126,37.29099
-85.59079,42.75371
-85.59078,44.06356
-85.59018,42.14913
-85.58994,34.54885
-85.58888,42.1575
-85.58882,33.32743
-85.5886,41.9389
-85.58813,38.96325
-85.58801,45.05507
-85.58781,30.32013
-85.58781,30.32014
-85.58718,33.36182
-85.58686,45.07691
-85.58634,43.50431
-85.58574,33.35142
-85.5854,34.13098
-85.58514,43.32297
-85.58512,33.27129
-85.58505,43.06302
-85.58311,30.29365
-85.58241,38.9554
-85.58209,46.35104
-85.5818,43.51175
-85.58166,40.75119
-85.58158,33.35127
-85.58155,41.94199
-85.58143,34.17195
-85.57969,33.36123
-85.57906,33.30877
-85.5769,41.99071
-85.57607,42.16208
-85.57513,34.17647
-85.57497,41.43556
-85.57304,42.3024
-85.57194,42.18208
-85.57157,34.14303
-85.56938,42.09718
-85.56911,46.30349
-85.56452,30.5453
-85.56416,36.48958
-85.56359,44.34658
-85.56331,35.02872
-85.5606,44.80922
-85.5606,44.80929
-85.56033,41.39785
-85.55989,41.80229
-85.55863,35.0308
-85.55804,33.78057
-85.55713,33.32941
-85.55625,42.18011
-85.55577,40.13226
-85.55187,38.0877
-85.54904,43.55953
-85.54826,46.35243
-85.5479,45.74656
-85.5475,33.34816
-85.54667,46.35281
-85.54647,43.04195
-85.54543,38.10413
-85.54342,42.49281
-85.54289,33.34705
-85.54178,43.00555
-85.53899,35.0282
-85.53776,42.18546
-85.53742,42.12347
-85.53706,35.03757
-85.53679,35.07907
-85.53608,41.96762
-85.53592,35.07951
-85.53584,41.81415
-85.53422,42.49802
-85.53327,42.49028
-85.53289,43.35857
-85.53194,46.31086
-85.53045,46.23537
-85.52793,44.49284
-85.52786,43.58319
-85.52781,33.35179
-85.52742,43.58365
-85.52713,44.89416
-85.52627,43.58566
-85.5255,42.76598
-85.52492,44.89484
-85.52418,42.58823
-85.52381,45.60191
-85.52364,46.1477
-85.52336,30.48187
-85.52274,41.45858
-85.52181,42.63615
-85.52008,44.68561
-85.52,44.67452
-85.51934,42.04087
-85.5192,38.13223
-85.51833,41.43738
-85.51794,42.61711
-85.51788,42.60581
-85.51773,43.57713
-85.51746,39.33236
-85.51534,42.28558
-85.51496,34.2157
-85.51354,41.32345
-85.51344,34.52401
-85.51108,45.74921
-85.5108,33.33627
-85.51031,42.64127
-85.50999,44.64286
-85.50888,33.33046
-85.50859,42.62243
-85.50748,33.33535
-85.50713,44.7652
-85.50596,37.2581
-85.50579,33.33499
-85.5049,44.76801
-85.50475,44.67096
-85.50472,44.67103
-85.50445,33.35938
-85.50278,44.23385
-85.50141,42.54821
-85.49951,33.36823
-85.49821,42.64745
-85.49766,34.20029
-85.4954,36.55601
-85.49524,33.32967
-85.4935,43.60857
-85.49018,42.6343
-85.48911,33.3255
-85.48635,42.66604
-85.48593,40.38915
-85.48545,34.78242
-85.48514,41.90896
-85.48462,44.26813
-85.48442,41.82675
-85.48407,44.96184
-85.48292,41.87163
-85.48115,43.7084
-85.48106,42.61313
-85.47951,37.24403
-85.47904,37.27352
-85.47767,38.21574
-85.47714,42.46276
-85.47682,34.20416
-85.4766,38.18872
-85.47646,42.95596
-85.47532,34.17488
-85.47309,43.6231
-85.47032,40.89123
-85.46984,36.54215
-85.4697,42.15587
-85.46695,42.71232
-85.46658,42.28272
-85.46056,35.0206
-85.45858,42.00024
-85.45805,42.94011
-85.45728,36.53689
-85.45644,42.62041
-85.45625,44.23762
-85.45379,44.65176
-85.45266,36.51128
-85.45236,42.27817
-85.45234,40.84523
-85.45031,44.23908
-85.44699,36.55322
-85.44676,42.83738
-85.44653,44.65129
-85.44487,46.08701
-85.4442,34.20534
-85.44418,44.24371
-85.44405,36.13054
-85.44275,43.64223
-85.44173,44.67965
-85.44118,40.83702
-85.44086,41.55436
-85.4396,36.75273
-85.43941,36.53892
-85.43863,43.7211
-85.43774,36.54337
-85.43593,41.87194
-85.4324,44.24577
-85.43209,36.76988
-85.4306,42.50139
-85.43036,35.0488
-85.42963,41.86517
-85.42887,42.42631
-85.42664,44.23443
-85.42596,42.40201
-85.42521,37.23494
-85.42483,42.40176
-85.42462,29.95413
-85.42435,29.95214
-85.42406,29.95202
-85.42388,42.81283
-85.42195,46.6989
-85.42012,46.37216
-85.41956,38.26688
-85.41876,43.99558
-85.41855,41.33414
-85.41855,41.33533
-85.41797,38.54022
-85.4174,41.8372
-85.4172,44.90022
-85.41676,35.05984
-85.41668,35.1147
-85.41599,36.77175
-85.41581,46.64428
-85.41526,44.90055
-85.41289,42.28468
-85.41276,41.85465
-85.4118,46.6439
-85.41177,44.8997
-85.4117,44.8997
-85.41062,44.89929
-85.40992,40.00231
-85.40905,44.89822
-85.40467,44.48538
-85.40454,44.25078
-85.40448,44.25076
-85.4035,43.73231
-85.40223,29.76405
-85.40212,44.24473
-85.40187,29.77567
-85.40096,44.67325
-85.40035,35.08997
-85.40034,38.73916
-85.39992,38.73643
-85.39877,36.58863
-85.39783,36.58752
-85.39623,43.1384
-85.39397,42.35151
-85.39277,43.67562
-85.39075,30.59735
-85.38957,46.23844
-85.38931,39.03099
-85.38758,44.1105
-85.38736,42.37093
-85.38726,36.51394
-85.38592,36.51454
-85.38588,42.54698
-85.38471,44.816
-85.3832,44.06913
-85.3828,43.02959
-85.38187,41.33315
-85.38138,43.76101
-85.38108,42.01342
-85.38036,43.02973
-85.37901,38.73238
-85.37887,44.94325
-85.37877,44.33463
-85.37541,41.49392
-85.37525,41.33524
-85.37484,36.63088
-85.37469,42.21854
-85.37369,41.78136
-85.37351,43.38812
-85.37122,43.10201
-85.37101,35.11134
-85.37019,35.11064
-85.36936,35.10996
-85.36903,44.9287
-85.36892,38.7259
-85.36877,44.92894
-85.3685,43.71252
-85.36705,43.14241
-85.36691,38.40021
-85.36579,36.78607
-85.36561,35.10976
-85.36556,35.01177
-85.36547,44.92817
-85.3653,43.1369
-85.36507,44.88539
-85.36489,43.24242
-85.36264,35.65438
-85.36255,44.56274
-85.36136,44.92692
-85.35965,41.33553
-85.35938,43.7606
-85.35927,46.71586
-85.35918,43.36042
-85.3591,46.71586
-85.35891,30.60275
-85.35806,42.32419
-85.35754,35.0211
-85.35681,46.69633
-85.35663,42.31279
-85.35469,45.07452
-85.35438,44.22343
-85.35421,43.74787
-85.35059,43.31385
-85.34981,44.56097
-85.34852,42.25419
-85.34814,44.57564
-85.34712,45.10569
-85.34643,35.07272
-85.34401,37.24158
-85.34328,43.74925
-85.34287,41.91644
-85.34211,36.5842
-85.34163,42.92589
-85.34144,36.58342
-85.34134,37.25723
-85.33886,42.93621
-85.3379,37.23203
-85.33739,34.439
-85.33721,36.67237
-85.3357,44.80206
-85.33234,44.02978
-85.32911,43.51632
-85.32867,44.84884
-85.32843,44.84918
-85.32837,44.85087
-85.32801,34.34189
-85.32594,44.71431
-85.32567,41.96182
-85.32324,46.70299
-85.32262,43.26781
-85.32193,44.94623
-85.32182,44.83475
-85.32176,43.59643
-85.3214,35.0541
-85.32119,44.36167
-85.32097,37.2775
-85.32065,44.84277
-85.32041,44.83421
-85.31959,42.3295
-85.31929,41.55444
-85.31885,35.0551
-85.31804,35.05512
-85.31804,42.88547
-85.31499,37.27083
-85.31408,42.67058
-85.31321,35.05688
-85.31312,29.83242
-85.31241,29.83279
-85.31236,43.62343
-85.31193,40.01688
-85.31127,40.01866
-85.31069,44.50551
-85.31034,29.81469
-85.31017,29.81492
-85.30936,41.93827
-85.30924,35.06
-85.30904,29.81493
-85.30873,43.33701
-85.3087,29.81429
-85.3087,35.05994
-85.30763,34.36518
-85.30737,38.01399
-85.30628,35.05983
-85.30618,37.28576
-85.30545,29.81109
-85.30541,29.811
-85.30522,35.05728
-85.30397,29.7478
-85.30371,44.56842
-85.30365,29.74761
-85.30259,34.36803
-85.30138,40.02868
-85.29815,36.60049
-85.29793,43.01479
-85.2964,33.77626
-85.29608,42.44121
-85.2945,43.59997
-85.29434,43.49935
-85.29394,35.08712
-85.29386,36.62628
-85.29363,44.3343
-85.29222,45.31447
-85.29194,37.28535
-85.28451,43.76138
-85.28415,36.63593
-85.28378,44.94171
-85.28354,40.12785
-85.28311,36.63664
-85.28296,36.63702
-85.28069,44.94014
-85.28059,44.94072
-85.27964,44.94136
-85.27898,41.0558
-85.27802,44.88125
-85.27754,44.88119
-85.27752,42.6908
-85.27552,44.52734
-85.26953,43.59806
-85.26929,37.22241
-85.2681,42.70148
-85.26683,43.16856
-85.26587,43.70398
-85.26555,35.09609
-85.26216,35.08843
-85.26174,37.51221
-85.26157,44.30959
-85.26006,45.06819
-85.25923,30.84991
-85.25911,43.44747
-85.25837,42.51363
-85.25805,45.05097
-85.2579,45.31505
-85.25748,43.89567
-85.2552,35.09624
-85.25506,42.03893
-85.25428,44.35408
-85.25411,45.11685
-85.25291,38.73563
-85.2514,44.97936
-85.25011,36.66617
-85.24951,36.66676
-85.24902,46.44833
-85.24842,42.48899
-85.24821,45.30188
-85.24772,43.17656
-85.24764,43.17705
-85.24732,45.30529
-85.24724,45.30669
-85.24706,38.73281
-85.24695,45.30235
-85.24694,45.30225
-85.24694,45.30229
-85.24693,45.3022
-85.24671,36.58707
-85.24481,42.47859
-85.24468,36.61787
-85.24463,45.29431
-85.24445,45.16177
-85.24386,45.26462
-85.24327,44.35629
-85.24293,43.71409
-85.23763,39.08145
-85.23709,43.69245
-85.23563,43.09682
-85.23542,44.31345
-85.23538,35.10257
-85.23322,45.32568
-85.23175,37.18095
-85.2311,45.16629
-85.22971,42.33701
-85.22621,35.08413
-85.22557,45.02114
-85.22556,43.72969
-85.2248,44.33984
-85.22477,44.33981
-85.22472,44.33976
-85.22468,44.33973
-85.22466,45.24179
-85.22402,35.10716
-85.22256,44.91726
-85.22204,29.683
-85.22101,33.04642
-85.22096,38.2308
-85.22096,44.91767
-85.22093,35.0938
-85.22078,35.09415
-85.2205,35.09455
-85.21996,35.0949
-85.21971,35.09761
-85.21967,37.21526
-85.21945,35.12345
-85.21944,35.09519
-85.2192,35.09586
-85.21885,43.70763
-85.21834,43.09551
-85.2167,35.10844
-85.21662,35.10781
-85.21548,35.1277
-85.21539,44.33244
-85.21474,44.33161
-85.21463,42.93278
-85.21356,42.86277
-85.2129,44.97523
-85.21252,44.97785
-85.21246,44.97787
-85.21192,42.41236
-85.21015,36.62612
-85.20886,43.71445
-85.2065,44.98
-85.20587,44.94697
-85.20553,44.95226
-85.20507,45.01949
-85.20235,42.29692
-85.20234,35.00001
-85.20152,45.12284
-85.20107,43.71098
-85.20091,44.7838
-85.20064,30.11668
-85.20062,45.10524
-85.19962,35.00469
-85.1994,32.93367
-85.19849,41.93965
-85.19836,42.61785
-85.1973,46.14199
-85.19727,43.46012
-85.19535,42.22028
-85.19502,35.11914
-85.19442,43.45921
-85.1925,35.12219
-85.19072,43.3827
-85.19071,43.86495
-85.1882,33.00723
-85.18687,38.68392
-85.18543,32.97082
-85.18536,32.98707
-85.18496,43.40955
-85.18472,45.25777
-85.1828,43.30163
-85.18252,43.71796
-85.1825,42.05675
-85.18202,32.87522
-85.17996,35.11064
-85.17961,45.32922
-85.17948,44.52326
-85.17916,42.62572
-85.17854,34.25533
-85.17503,35.14122
-85.17459,35.14065
-85.17344,33.02812
-85.173,44.52349
-85.1717,41.79143
-85.17116,43.29875
-85.17031,45.36484
-85.16974,45.26708
-85.16819,30.77956
-85.16797,32.92877
-85.16788,32.92886
-85.16653,32.80993
-85.16443,32.92099
-85.16437,32.92111
-85.16436,32.92099
-85.16429,32.921
-85.16328,35.14038
-85.16224,36.53328
-85.16175,35.13289
-85.16054,33.06238
-85.16001,33.02622
-85.15935,44.74729
-85.15792,37.97371
-85.1576,43.80141
-85.15756,45.16852
-85.15738,44.63966
-85.15723,32.8512
-85.1563,43.80653
-85.15593,32.95303
-85.15559,33.01954
-85.15556,45.28574
-85.15474,31.77451
-85.15437,31.77468
-85.15068,42.76682
-85.15056,35.18286
-85.14963,43.94684
-85.14953,45.19112
-85.14883,44.74841
-85.14756,35.18413
-85.14685,35.12178
-85.1457,32.69464
-85.14513,35.12459
-85.14435,35.13125
-85.14403,43.43608
-85.14216,35.28388
-85.14175,44.54064
-85.1408,43.28326
-85.14021,32.78702
-85.13779,45.15591
-85.137,35.12871
-85.13647,44.43221
-85.13563,37.96648
-85.13305,36.87013
-85.13189,43.27612
-85.13174,45.37215
-85.1297,45.15487
-85.12922,42.93809
-85.1287,42.06532
-85.12747,43.10957
-85.12472,43.43667
-85.12464,42.1052
-85.12415,35.28278
-85.12372,34.38029
-85.12371,35.13764
-85.12354,36.4503
-85.12284,31.84308
-85.12283,35.13657
-85.12262,35.27106
-85.12199,35.16871
-85.1217,35.16794
-85.12153,33.10204
-85.12135,32.70687
-85.12095,33.0577
-85.12087,41.11026
-85.12069,36.82456
-85.11675,42.17896
-85.11628,34.23225
-85.11606,31.27621
-85.11551,41.11714
-85.11426,32.71695
-85.11398,32.74048
-85.11245,30.09887
-85.11226,34.91077
-85.1102,32.74168
-85.10994,33.05653
-85.10973,41.90133
-85.10956,33.05909
-85.10935,31.8924
-85.10798,35.15016
-85.10726,31.28279
-85.10725,35.16211
-85.10723,31.25454
-85.10402,43.13498
-85.10309,32.65662
-85.10033,41.14582
-85.09911,31.6315
-85.09765,45.10209
-85.09693,35.90192
-85.09574,33.12874
-85.09174,43.26133
-85.09042,43.70308
-85.09024,44.81122
-85.08936,44.24078
-85.0889,41.62654
-85.08802,35.29966
-85.08614,30.18411
-85.08596,31.30854
-85.08567,31.3745
-85.08565,35.15942
-85.08552,31.69313
-85.0853,41.62912
-85.08305,36.45235
-85.08238,33.21479
-85.08189,43.25399
-85.08179,33.20351
-85.08112,31.73353
-85.08045,31.41163
-85.07945,35.26259
-85.07791,43.26623
-85.07766,43.69729
-85.07663,43.21147
-85.07545,35.2161
-85.07365,41.16789
-85.07344,43.83173
-85.0716,35.23937
-85.07086,45.05981
-85.07053,42.9739
-85.07016,43.5814
-85.06945,35.29248
-85.0694,31.1472
-85.06881,45.21923
-85.06819,41.67504
-85.06772,33.32844
-85.06514,46.71233
-85.06435,38.7387
-85.06391,31.43306
-85.0639,38.74447
-85.06315,41.59614
-85.06264,31.67176
-85.06213,33.09703
-85.06106,32.13576
-85.0607,33.59729
-85.06068,35.80441
-85.05996,43.07997
-85.05897,45.23313
-85.0579,31.60641
-85.05783,43.13405
-85.05717,41.6011
-85.05541,31.74879
-85.05507,42.72832
-85.05396,43.25144
-85.05306,42.72911
-85.0501,35.30366
-85.04987,41.6752
-85.04979,42.14609
-85.04878,33.14593
-85.04863,41.08648
-85.04841,42.26511
-85.04838,41.66772
-85.04815,41.65584
-85.0479,45.22663
-85.04719,36.92933
-85.04615,36.93804
-85.04384,45.32613
-85.04328,29.76853
-85.04319,29.76841
-85.0419,46.1906
-85.04101,41.93724
-85.0408,41.84734
-85.04046,46.54005
-85.04008,30.30842
-85.04001,45.6453
-85.03976,35.3437
-85.03968,41.7084
-85.03719,29.76477
-85.03714,32.02447
-85.03691,46.70274
-85.03543,33.11402
-85.03512,41.67086
-85.03488,46.37063
-85.03471,41.97867
-85.034,41.7653
-85.03247,30.42358
-85.0312,48.27581
-85.03106,46.55506
-85.03027,34.47601
-85.02968,45.36096
-85.02966,33.43713
-85.02918,44.77508
-85.02537,43.64519
-85.02443,42.00531
-85.02377,41.5838
-85.02254,44.76962
-85.02142,45.27757
-85.02126,45.36669
-85.02087,29.75627
-85.02082,45.21027
-85.02071,29.71292
-85.01821,45.2214
-85.01811,41.767
-85.0167,45.2159
-85.01582,46.0192
-85.01577,45.21564
-85.01528,35.38254
-85.01499,29.91861
-85.01483,42.44422
-85.01355,43.85594
-85.01216,33.43009
-85.01188,33.43036
-85.01157,35.41444
-85.01032,46.18614
-85.0092,35.40926
-85.00879,35.40956
-85.00849,37.97632
-85.00813,41.72791
-85.00699,46.01603
-85.00653,44.21891
-85.00616,39.5126
-85.00612,30.97367
-85.0061,43.65045
-85.00604,39.51476
-85.00593,39.51104
-85.00527,39.53789
-85.00513,45.21356
-85.00465,35.49244
-85.00455,38.50533
-85.00414,35.4926
-85.00391,41.78678
-85.00372,35.4915
-85.00317,39.50906
-85.00316,39.51316
-85.00297,36.96468
-85.00221,43.96117
-85.00197,39.57905
-85.00135,39.57972
-84.99843,42.25851
-84.99663,32.46101
-84.99595,44.93042
-84.99573,43.63223
-84.99398,29.73432
-84.99392,29.73418
-84.99247,39.62683
-84.9921,32.52124
-84.99141,39.53612
-84.99059,43.93583
-84.99034,29.7322
-84.99013,39.44399
-84.99012,30.27664
-84.98979,36.9894
-84.98869,39.55424
-84.98816,41.83339
-84.98794,42.36249
-84.98779,41.71854
-84.98668,42.14656
-84.98654,39.55446
-84.98653,30.44023
-84.98613,42.41103
-84.98559,35.40957
-84.98444,39.60113
-84.98425,39.58963
-84.98318,45.65343
-84.98237,29.72305
-84.98231,45.4293
-84.98198,29.72366
-84.98189,29.7236
-84.9818,29.72268
-84.98179,29.72355
-84.98169,29.72349
-84.981,45.43
-84.98079,29.72385
-84.97874,34.20832
-84.97834,39.48408
-84.97776,45.15667
-84.97707,32.4448
-84.9749,35.47912
-84.97455,35.47912
-84.97448,44.79644
-84.97272,36.95332
-84.97213,46.00962
-84.9716,44.82767
-84.97087,41.83132
-84.97014,41.83139
-84.96994,39.60526
-84.96838,34.58702
-84.96644,45.30525
-84.96519,30.58199
-84.96505,46.76041
-84.96474,39.47985
-84.96436,44.76253
-84.96382,45.36804
-84.96369,43.9203
-84.96271,45.36647
-84.96255,45.37077
-84.96234,43.27853
-84.95994,45.37686
-84.95887,45.37682
-84.95825,45.35935
-84.9573,32.30469
-84.95726,32.30463
-84.94949,42.26076
-84.94923,44.71763
-84.94919,33.54988
-84.94776,48.29736
-84.94746,43.77085
-84.94409,30.86946
-84.94294,44.84978
-84.94285,41.86896
-84.94181,43.58277
-84.94163,42.97753
-84.94105,42.22755
-84.93864,36.82985
-84.93752,45.60116
-84.93708,44.72429
-84.93611,42.81433
-84.93515,38.76914
-84.93467,30.88905
-84.93393,43.25463
-84.9339,45.26414
-84.93389,44.79929
-84.93371,44.8081
-84.93353,30.74747
-84.93272,31.46957
-84.9325,30.74735
-84.93108,38.77145
-84.93013,42.8885
-84.92686,36.9883
-84.92637,37.00653
-84.92635,41.74599
-84.92583,37.00941
-84.92576,34.18859
-84.92527,42.99936
-84.92517,43.4031
-84.92503,43.27085
-84.92434,37.00912
-84.92219,32.25853
-84.92101,30.80031
-84.91993,31.46441
-84.91931,37.99014
-84.91852,45.16752
-84.91824,41.88814
-84.91636,41.89151
-84.91574,35.99174
-84.91516,35.99234
-84.91508,45.2575
-84.91416,30.82672
-84.91279,35.35984
-84.91236,32.24396
-84.91135,43.27721
-84.91112,32.27939
-84.90844,45.74809
-84.90657,35.37417
-84.90641,39.05828
-84.90613,37.97246
-84.90565,39.05784
-84.90559,43.57313
-84.90533,30.7251
-84.9048,42.95386
-84.90459,30.72759
-84.90439,30.72505
-84.90431,45.71245
-84.90314,39.06011
-84.90108,34.54135
-84.90093,34.54111
-84.90075,43.98714
-84.90066,35.48904
-84.90048,29.73821
-84.90045,33.47633
-84.89979,41.91286
-84.89868,29.73942
-84.8979,29.82565
-84.89641,41.93536
-84.89621,37.32044
-84.89485,43.59263
-84.89417,44.80366
-84.88931,44.33546
-84.88866,43.26548
-84.88804,33.18359
-84.88803,45.41183
-84.8868,38.2067
-84.88674,29.72397
-84.88661,41.31206
-84.88546,38.20487
-84.88299,39.02907
-84.8809,38.49512
-84.87915,38.19693
-84.87901,38.29328
-84.87831,45.99112
-84.87678,38.21889
-84.87658,33.49255
-84.87606,38.17335
-84.87504,30.80497
-84.87254,39.85961
-84.87241,30.78598
-84.87236,37.75625
-84.87169,29.78661
-84.87146,39.08174
-84.8702,39.08214
-84.86961,39.07036
-84.8655,36.04106
-84.86372,37.73486
-84.86353,30.79658
-84.86181,45.42164
-84.8594,45.42274
-84.85933,45.42246
-84.85898,44.36015
-84.85842,41.73515
-84.85787,41.73618
-84.85755,38.32013
-84.85752,30.70072
-84.85704,35.65596
-84.85656,38.3191
-84.85563,35.66712
-84.85455,30.74358
-84.85427,34.14729
-84.85423,35.66068
-84.85383,35.66111
-84.85362,35.67835
-84.85307,35.68468
-84.85288,38.94514
-84.85278,35.67017
-84.85224,35.67683
-84.85145,35.67134
-84.85107,35.67601
-84.84752,38.31337
-84.84704,43.57985
-84.84614,29.82565
-84.84604,35.69075
-84.84314,44.37868
-84.84284,36.96606
-84.84245,30.77801
-84.84172,45.42354
-84.84156,30.74956
-84.83945,45.42341
-84.83855,34.14268
-84.83695,29.81667
-84.83608,38.0347
-84.83597,35.34721
-84.83525,39.15726
-84.83389,35.69548
-84.83114,36.948
-84.83065,47.93239
-84.83034,43.06135
-84.82942,35.32625
-84.82914,35.3267
-84.82903,47.93345
-84.82896,35.3272
-84.82848,47.9343
-84.82841,43.76013
-84.82812,35.68248
-84.82805,43.0626
-84.82746,36.9544
-84.82705,38.08488
-84.82669,47.96147
-84.82654,38.31976
-84.82628,36.95331
-84.82588,30.75484
-84.82567,36.95581
-84.82563,36.95601
-84.8255,47.75205
-84.82526,41.73003
-84.82348,37.91353
-84.82238,45.39958
-84.81911,38.84401
-84.81793,42.14136
-84.81276,38.29778
-84.81169,44.65165
-84.81014,30.80559
-84.80841,42.3048
-84.80513,44.40846
-84.80424,45.41942
-84.80407,45.41941
-84.80252,41.75098
-84.80117,35.54607
-84.79949,35.65588
-84.79906,39.13184
-84.79865,41.89931
-84.79861,38.90286
-84.79821,43.87269
-84.79818,45.41399
-84.79692,39.19716
-84.79663,33.62577
-84.79643,44.66047
-84.79621,48.08365
-84.79598,39.85255
-84.79411,41.88012
-84.79395,39.1849
-84.79256,42.34584
-84.79253,44.34142
-84.79159,44.39957
-84.79087,45.05023
-84.79061,42.39281
-84.78989,44.02919
-84.78983,45.43532
-84.78855,29.69418
-84.78806,44.01602
-84.78788,44.62701
-84.78778,44.62701
-84.78645,45.44209
-84.78551,33.46199
-84.78494,45.43863
-84.78471,45.43797
-84.78444,44.33077
-84.78257,30.83041
-84.7802,45.69157
-84.78015,37.89117
-84.77977,42.43625
-84.77962,45.14745
-84.77957,45.1286
-84.77865,35.62716
-84.77853,45.69494
-84.77836,44.47943
-84.77836,44.47953
-84.77835,44.47963
-84.77835,44.47972
-84.77827,45.45591
-84.77806,45.45566
-84.77767,38.85761
-84.77699,45.45572
-84.77483,44.40041
-84.77459,35.60467
-84.77414,45.18227
-84.77225,37.89063
-84.77201,30.82396
-84.77085,41.89919
-84.77069,48.00045
-84.76875,29.69944
-84.76856,29.69954
-84.76777,45.3909
-84.76741,30.81476
-84.76592,45.75252
-84.76495,30.78385
-84.76458,44.3189
-84.76385,30.82009
-84.76223,35.76196
-84.76207,44.31402
-84.76084,44.51113
-84.75996,39.58299
-84.75973,34.52225
-84.7595,43.08973
-84.7594,45.38633
-84.75832,39.58188
-84.75824,30.81576
-84.75701,30.86788
-84.75652,42.23302
-84.75567,42.34819
-84.75504,44.07587
-84.75312,42.61964
-84.75263,43.82903
-84.75167,35.65198
-84.75158,44.06586
-84.75149,35.66304
-84.75138,39.17675
-84.75126,30.82033
-84.75062,45.38755
-84.75053,42.24399
-84.75051,35.73459
-84.75026,35.65326
-84.74969,47.99337
-84.74964,35.7389
-84.74947,35.6555
-84.7486,30.80308
-84.74857,35.6557
-84.74588,30.97535
-84.74579,35.74265
-84.74501,48.07899
-84.74319,45.39144
-84.7426,44.95887
-84.74201,29.88061
-84.74131,35.66298
-84.74115,37.69617
-84.74103,35.28985
-84.7396,42.75049
-84.73958,44.51077
-84.73787,37.7195
-84.73746,37.71937
-84.73678,30.76753
-84.7357,45.203
-84.7338,29.89631
-84.73084,30.79867
-84.73074,29.91182
-84.73037,47.70247
-84.72821,34.17021
-84.72607,35.72835
-84.726,45.29599
-84.72511,35.72864
-84.72415,45.87467
-84.72398,37.82607
-84.72369,45.7808
-84.72321,35.74045
-84.72247,35.67185
-84.72207,45.77907
-84.72181,29.96035
-84.72154,43.79945
-84.72133,43.80324
-84.72119,37.6829
-84.71989,37.75769
-84.71987,45.86639
-84.71914,45.86653
-84.71862,34.14711
-84.71856,34.14727
-84.7184,37.72515
-84.71675,34.16223
-84.7154,34.16496
-84.71388,44.85597
-84.71354,45.57038
-84.71172,34.09366
-84.70973,38.9982
-84.70937,45.61889
-84.70865,34.11241
-84.70848,34.1118
-84.70835,39.12641
-84.70814,44.85924
-84.70813,35.69021
-84.70721,35.71401
-84.70684,45.48729
-84.70663,35.70293
-84.70621,34.11036
-84.70618,37.7443
-84.70601,44.8476
-84.70569,37.75072
-84.70568,37.75137
-84.70532,34.10323
-84.70506,44.85352
-84.70415,37.65952
-84.7041,44.87761
-84.70383,34.08645
-84.70383,35.74281
-84.7037,35.74304
-84.70364,35.74155
-84.70357,37.01223
-84.70352,34.08639
-84.70336,34.09704
-84.70313,45.85541
-84.70291,37.74489
-84.70279,37.74973
-84.70263,44.42824
-84.70249,47.37353
-84.7023,45.8552
-84.70212,45.85353
-84.70159,44.96491
-84.70154,37.71885
-84.70051,35.74419
-84.69844,37.75544
-84.69778,35.69238
-84.69769,37.06799
-84.6971,37.85944
-84.69708,44.92008
-84.69642,34.1757
-84.69563,45.50071
-84.69534,43.13282
-84.69455,34.18877
-84.69404,37.06835
-84.69378,46.02408
-84.69267,34.14241
-84.6923,35.74556
-84.69186,44.93028
-84.69114,44.88908
-84.69105,46.02014
-84.69048,37.07144
-84.69047,35.79157
-84.6898,35.7456
-84.6893,45.43336
-84.68597,37.65842
-84.68414,44.35854
-84.68369,35.80527
-84.68324,44.72986
-84.68276,37.6788
-84.68268,44.7313
-84.6824,37.72172
-84.68222,37.72111
-84.68115,34.05959
-84.68036,37.62365
-84.68033,44.42665
-84.67858,45.62306
-84.67831,29.84328
-84.67806,29.84407
-84.67753,29.84405
-84.67732,29.853
-84.67569,34.20211
-84.67517,29.85218
-84.67515,37.64208
-84.67468,44.42373
-84.67446,41.86706
-84.67379,29.85237
-84.67181,37.04698
-84.67139,29.85238
-84.67117,29.85265
-84.67078,37.04675
-84.67045,35.96989
-84.66928,33.6563
-84.6688,34.14159
-84.66841,35.73623
-84.66815,29.85224
-84.66804,35.73689
-84.66773,29.8479
-84.66756,29.84952
-84.66727,37.6513
-84.66629,30.78821
-84.66614,29.84586
-84.66612,29.84603
-84.66604,43.37305
-84.66454,29.84592
-84.6642,29.84639
-84.66355,44.33885
-84.6613,37.64133
-84.66072,30.847
-84.65885,35.75101
-84.65755,34.6048
-84.65751,35.78365
-84.65727,34.60677
-84.65595,30.84377
-84.65526,43.96138
-84.65474,30.38416
-84.65286,44.30012
-84.65247,34.1341
-84.65235,34.86072
-84.65052,34.8602
-84.65028,43.12317
-84.64964,41.72749
-84.64909,29.89491
-84.64867,42.50483
-84.64602,34.61263
-84.64446,37.00471
-84.64407,39.08664
-84.64385,42.15397
-84.64167,42.67083
-84.64154,42.67064
-84.64109,46.4704
-84.64035,38.12162
-84.6387,41.66369
-84.63682,45.27121
-84.63604,42.18033
-84.63601,30.41578
-84.63547,34.61011
-84.63526,44.90268
-84.63511,44.88763
-84.63495,37.60247
-84.63417,44.99081
-84.63368,35.10242
-84.63325,41.81719
-84.63242,35.10415
-84.63233,45.47646
-84.63197,30.39809
-84.63172,30.39801
-84.63006,33.69386
-84.62881,45.40371
-84.62877,45.40375
-84.62566,30.42177
-84.62539,30.42179
-84.62513,30.4219
-84.62169,45.4085
-84.62052,45.4105
-84.6205,44.85211
-84.62045,38.7064
-84.62012,35.77405
-84.61991,37.5906
-84.61931,45.41013
-84.61916,43.40683
-84.61872,44.7939
-84.61732,41.18855
-84.61636,37.57099
-84.616,37.76812
-84.61565,29.87714
-84.61557,34.12254
-84.61551,34.61076
-84.61549,34.61082
-84.61511,45.85001
-84.61233,30.40271
-84.6123,30.40284
-84.61181,41.90738
-84.61105,36.93151
-84.61036,30.40657
-84.61026,34.65053
-84.61016,30.40671
-84.60978,44.85704
-84.609,45.41272
-84.60892,45.41272
-84.60891,44.92215
-84.6085,44.86105
-84.60744,41.88791
-84.60705,36.9865
-84.60659,45.41471
-84.60553,45.41828
-84.60493,38.21681
-84.60479,36.98671
-84.6041,35.87033
-84.60392,45.43173
-84.6039,35.87018
-84.60339,44.93781
-84.60305,36.98584
-84.60227,30.89831
-84.60041,41.89745
-84.59941,36.96796
-84.59591,34.29079
-84.59572,29.88057
-84.59458,39.32859
-84.59447,36.83701
-84.59393,41.88821
-84.59374,41.88822
-84.59335,41.88834
-84.59268,30.89978
-84.59252,30.89989
-84.59237,30.89997
-84.59131,30.90116
-84.5911,30.90091
-84.59069,42.91405
-84.58964,44.78095
-84.58886,44.53196
-84.58771,45.01028
-84.58646,42.72141
-84.58519,45.48724
-84.58482,45.22032
-84.58469,29.80942
-84.58432,29.8091
-84.58429,33.36023
-84.58398,33.36007
-84.58259,30.9065
-84.58226,46.52755
-84.58225,45.4395
-84.58223,46.52774
-84.58207,45.43971
-84.582,45.43969
-84.58184,42.4827
-84.58043,30.43475
-84.57953,30.44254
-84.57948,34.16147
-84.57895,43.05362
-84.57403,40.83507
-84.57363,40.52955
-84.57356,40.52954
-84.57348,40.5295
-84.57342,40.52947
-84.57139,30.42043
-84.57131,33.4239
-84.57087,44.14153
-84.56767,40.54463
-84.56757,44.14028
-84.5657,30.02593
-84.56404,38.22065
-84.56253,37.46652
-84.56029,30.95883
-84.56003,46.41624
-84.55987,40.50199
-84.55945,37.48428
-84.55918,35.93323
-84.55787,40.49496
-84.55739,45.4476
-84.55584,45.4419
-84.55582,40.50151
-84.55577,42.18346
-84.55526,40.49737
-84.55523,36.08476
-84.55495,30.9317
-84.55436,44.78317
-84.55354,44.02425
-84.55283,44.13023
-84.55231,42.1886
-84.5521,45.43825
-84.55179,38.98678
-84.55044,40.54643
-84.55042,40.5464
-84.55038,44.54058
-84.55008,35.23319
-84.54951,40.49207
-84.54934,37.4561
-84.54916,47.91653
-84.54867,45.40765
-84.54854,45.45096
-84.54825,37.47829
-84.54785,37.49251
-84.5477,37.50174
-84.54687,37.5013
-84.54606,40.49072
-84.54588,42.72651
-84.54527,38.21316
-84.54468,37.45631
-84.54186,42.39127
-84.53998,40.50996
-84.53998,40.51001
-84.53641,42.84419
-84.53436,41.82827
-84.53428,42.84688
-84.53341,34.16301
-84.53276,44.00275
-84.53194,35.84377
-84.53137,42.69223
-84.53122,42.69234
-84.52978,38.39301
-84.52933,32.98894
-84.52924,30.43941
-84.52831,38.66267
-84.52787,46.93268
-84.5264,36.954
-84.52578,37.76886
-84.52569,37.77014
-84.5242,35.87749
-84.52322,30.48982
-84.52313,35.89522
-84.5219,35.86679
-84.52173,30.44847
-84.51977,45.17695
-84.51933,33.12226
-84.51864,29.99405
-84.51547,39.25999
-84.51245,29.91651
-84.51109,44.93044
-84.5086,45.56932
-84.50817,45.56867
-84.50774,40.54405
-84.50732,31.07943
-84.50539,39.25925
-84.50488,30.02832
-84.50458,44.6588
-84.50196,39.26016
-84.50059,35.83188
-84.50031,42.62361
-84.49952,30.05095
-84.49892,33.03617
-84.4986,30.45955
-84.49835,35.83981
-84.49796,35.84479
-84.49782,35.843
-84.4974,35.84021
-84.49736,35.83433
-84.49718,35.18784
-84.49706,35.834
-84.49668,45.50137
-84.49622,35.84319
-84.49616,35.84286
-84.49595,36.95935
-84.49546,35.83726
-84.49541,36.99395
-84.49387,45.57733
-84.49326,35.83443
-84.49326,39.05061
-84.49224,44.35763
-84.49187,35.88563
-84.48966,43.88571
-84.4888,39.42563
-84.48821,29.98602
-84.48704,44.65559
-84.48481,35.82225
-84.48405,46.48769
-84.48403,46.48756
-84.4834,43.8843
-84.48306,30.45536
-84.48229,46.49067
-84.48061,29.99925
-84.48051,45.63443
-84.4794,35.95829
-84.4786,44.82176
-84.47833,42.09542
-84.47805,31.15944
-84.47777,45.64241
-84.47732,42.09636
-84.47587,45.64303
-84.47543,45.5957
-84.47526,45.56874
-84.47406,40.50935
-84.47321,45.59569
-84.47101,45.62903
-84.47098,45.6468
-84.46973,42.08524
-84.46955,45.60337
-84.4687,45.65377
-84.46852,45.60891
-84.46806,45.65334
-84.46791,45.65468
-84.4678,45.65364
-84.46519,45.56108
-84.46516,44.11019
-84.46474,38.96839
-84.46365,45.51768
-84.46245,37.00464
-84.45986,42.0399
-84.45854,39.11685
-84.45777,44.11976
-84.45768,45.60332
-84.45765,44.75628
-84.45761,42.04156
-84.4568,40.50361
-84.45614,37.1794
-84.45591,44.61455
-84.4547,33.86755
-84.45439,40.54548
-84.45253,39.1148
-84.45247,42.86933
-84.45236,33.87034
-84.45172,38.84483
-84.45161,45.72748
-84.44972,35.19469
-84.44968,44.12554
-84.44946,39.11836
-84.44798,39.10999
-84.44779,44.15295
-84.44483,35.18112
-84.44473,46.47498
-84.44363,33.88845
-84.44358,33.90349
-84.44344,45.65212
-84.44263,33.9034
-84.44241,40.54646
-84.44024,45.65123
-84.44015,42.1123
-84.43959,46.04018
-84.4391,44.66844
-84.4385,37.15171
-84.43748,39.08427
-84.43569,37.10355
-84.43543,44.11936
-84.43489,45.64681
-84.43456,35.74542
-84.43336,42.79271
-84.43271,44.36547
-84.43189,44.3648
-84.43186,35.91844
-84.43112,29.9907
-84.43084,40.54406
-84.43083,37.04747
-84.42799,37.98897
-84.42702,31.44557
-84.42671,37.05996
-84.42668,45.58634
-84.42621,46.00305
-84.42603,46.00276
-84.4244,46.00272
-84.42404,32.83881
-84.42217,39.08122
-84.42195,33.33141
-84.42192,39.08258
-84.42173,44.37422
-84.41995,40.54136
-84.41934,45.65648
-84.41867,40.54056
-84.41826,40.54047
-84.41796,33.33123
-84.41756,29.90445
-84.41735,30.02379
-84.41703,42.93207
-84.41591,45.22661
-84.40932,29.98546
-84.40888,45.54153
-84.40762,30.47342
-84.40596,44.93076
-84.40405,33.9455
-84.40397,32.80783
-84.40388,30.40504
-84.40234,42.3428
-84.39942,39.11567
-84.39928,42.18965
-84.39928,45.52965
-84.39761,29.90073
-84.39697,32.80095
-84.39452,42.76358
-84.39398,45.55152
-84.39261,42.75846
-84.39247,42.75817
-84.38965,43.72857
-84.38944,30.52864
-84.38914,43.72856
-84.38844,39.28241
-84.38838,35.78161
-84.38681,30.02143
-84.38639,45.9891
-84.38638,44.94184
-84.38571,43.83252
-84.38537,43.81988
-84.38498,43.81983
-84.38285,43.68007
-84.38236,33.96543
-84.38185,43.6768
-84.37974,42.05177
-84.37625,45.98158
-84.37558,42.92401
-84.37533,33.28115
-84.37509,46.4985
-84.37452,42.91363
-84.37387,41.64186
-84.3698,32.77661
-84.36853,45.97243
-84.36835,30.01589
-84.36787,34.98616
-84.36782,38.88752
-84.36764,29.91195
-84.36679,38.28986
-84.3634,34.00171
-84.36262,45.9952
-84.36253,29.9248
-84.3625,45.99514
-84.36053,45.99607
-84.35932,30.58569
-84.35834,43.97891
-84.3571,45.98656
-84.35659,30.53323
-84.35603,37.70544
-84.35563,45.98501
-84.35553,36.96024
-84.35479,38.49117
-84.35272,30.52378
-84.35186,30.41556
-84.3499,37.40111
-84.34967,37.40156
-84.3456,39.12948
-84.34141,30.40268
-84.34131,37.88242
-84.34061,46.50123
-84.33938,36.93932
-84.3375,44.04413
-84.33716,46.49947
-84.33705,44.08592
-84.33567,46.50792
-84.3352,31.30882
-84.33204,35.74061
-84.33026,45.50492
-84.32725,30.53941
-84.32636,42.22871
-84.32502,38.67632
-84.32483,38.67571
-84.32395,42.11931
-84.32332,35.88758
-84.32331,43.8719
-84.32239,30.52224
-84.32113,45.48177
-84.32023,45.38416
-84.31982,37.02826
-84.31803,44.08579
-84.31359,34.00651
-84.31305,44.09013
-84.31272,42.25594
-84.3098,46.48951
-84.309,41.98045
-84.30676,39.20916
-84.30634,46.50149
-84.3058,38.60527
-84.30575,46.4884
-84.30456,30.48749
-84.30451,42.21692
-84.30356,38.60788
-84.30293,45.46996
-84.30208,42.20223
-84.30171,45.5415
-84.29995,30.36646
-84.29932,46.47022
-84.29823,45.35742
-84.29786,46.4692
-84.29704,36.94484
-84.29657,36.94581
-84.29509,30.51375
-84.29287,39.87453
-84.29281,34.846
-84.29239,45.97463
-84.29213,39.90615
-84.29128,41.29476
-84.29116,30.06498
-84.29062,43.60371
-84.29052,38.72373
-84.28696,34.47286
-84.28591,38.723
-84.2858,38.72353
-84.282,38.94763
-84.28082,46.21455
-84.28018,42.69083
-84.27487,38.94179
-84.27356,30.93635
-84.27177,46.62633
-84.27153,35.67089
-84.27143,35.67104
-84.26994,39.33937
-84.26953,30.93727
-84.26641,34.88135
-84.266,37.90125
-84.26574,30.92403
-84.26481,45.48818
-84.26448,33.97314
-84.2628,30.19728
-84.26204,37.88739
-84.26173,30.21341
-84.2616,30.10497
-84.26156,35.9018
-84.25845,35.78031
-84.25842,36.97725
-84.25838,35.78037
-84.25798,36.9797
-84.2568,42.19352
-84.25626,44.40596
-84.2562,41.83144
-84.25496,35.73333
-84.25435,36.97988
-84.25418,34.86933
-84.25402,35.7874
-84.25356,37.73843
-84.25253,43.61712
-84.25152,43.61605
-84.25137,35.89265
-84.2511,43.61549
-84.25085,43.61488
-84.25039,44.96183
-84.24956,30.51842
-84.24669,41.92223
-84.24527,42.04416
-84.24502,30.17583
-84.24494,30.1758
-84.2423,42.03415
-84.24114,38.89227
-84.24008,44.75251
-84.23925,37.24073
-84.23897,35.94902
-84.23882,37.88784
-84.23746,37.00216
-84.23687,42.33445
-84.23674,42.33441
-84.2364,35.5397
-84.23598,30.73184
-84.23573,35.95217
-84.23557,45.43617
-84.23519,35.54317
-84.23467,34.08428
-84.23302,35.79753
-84.23118,42.19529
-84.23067,34.31332
-84.22947,30.60855
-84.22928,35.65734
-84.22766,42.33616
-84.22474,36.94344
-84.22431,40.73608
-84.22391,36.76205
-84.22212,46.31917
-84.22077,37.29306
-84.22072,36.94429
-84.2204,35.80026
-84.21981,45.20189
-84.2187,37.70228
-84.21838,35.64006
-84.21741,45.17797
-84.2166,30.15998
-84.21558,45.45193
-84.21327,42.25885
-84.20981,30.15136
-84.20969,30.15146
-84.20874,42.09185
-84.20797,36.95274
-84.20365,30.15438
-84.2026,30.64252
-84.20216,33.58177
-84.20205,33.99594
-84.2012,30.15577
-84.19818,35.60356
-84.19728,35.60572
-84.1968,35.56796
-84.19615,36.03773
-84.19506,43.57022
-84.19293,36.03386
-84.19286,43.949
-84.19283,36.94573
-84.19278,35.99553
-84.19273,36.0308
-84.19144,35.98595
-84.19065,35.99678
-84.18904,44.93103
-84.18901,35.56264
-84.18762,46.25697
-84.18718,39.06719
-84.18606,37.54239
-84.18564,45.12415
-84.18465,35.99136
-84.18428,45.03008
-84.18377,45.2131
-84.18315,46.24525
-84.18298,42.06008
-84.18154,35.79814
-84.18045,45.13051
-84.17833,44.66918
-84.17811,35.13761
-84.17806,30.07869
-84.1778,30.19925
-84.17696,44.98449
-84.17668,37.18586
-84.17601,43.0875
-84.17574,31.6252
-84.17539,45.42129
-84.17527,36.28632
-84.17469,36.06478
-84.17255,45.21604
-84.17252,38.16491
-84.17212,34.02461
-84.17134,45.24179
-84.16994,35.83966
-84.16974,35.83928
-84.16959,35.14974
-84.16805,35.11916
-84.16632,35.15178
-84.16588,35.15101
-84.16475,44.29201
-84.16122,45.58949
-84.16106,45.22955
-84.16101,45.59035
-84.15549,39.36577
-84.15432,30.79174
-84.1539,30.42311
-84.15368,35.85753
-84.15353,44.97732
-84.15229,35.8483
-84.15207,47.94442
-84.15117,35.84867
-84.15009,46.5288
-84.14964,30.28541
-84.14946,31.60981
-84.14842,36.27649
-84.14807,44.662
-84.1455,36.26096
-84.14514,36.2617
-84.14402,44.98685
-84.1439,45.0028
-84.14275,35.15366
-84.14217,35.15314
-84.14196,31.43876
-84.1404,43.29971
-84.1398,31.54084
-84.13874,31.60239
-84.13873,41.38197
-84.13804,42.07097
-84.13761,42.01202
-84.13753,30.43439
-84.13735,34.93144
-84.13607,44.66129
-84.13297,43.30041
-84.13285,36.09485
-84.13234,42.06879
-84.13215,42.34921
-84.12728,36.96881
-84.127,44.66016
-84.12675,35.86136
-84.12669,35.86139
-84.12662,35.86176
-84.12626,42.04951
-84.12466,36.35199
-84.12435,45.48527
-84.12386,46.40255
-84.12004,42.34085
-84.11994,35.12403
-84.11938,46.33516
-84.11626,31.60365
-84.11555,35.79073
-84.1145,42.32142
-84.1145,42.32499
-84.11354,36.12351
-84.11295,42.35467
-84.11075,43.30311
-84.10947,45.46867
-84.10874,45.46945
-84.10503,39.42955
-84.10275,46.42388
-84.10203,46.26468
-84.10161,35.12065
-84.10103,34.20715
-84.10089,35.12041
-84.10036,39.40631
-84.10016,46.42426
-84.09849,32.66956
-84.09781,37.00476
-84.09709,36.22578
-84.0967,46.42534
-84.09527,36.22563
-84.09517,34.94977
-84.0942,45.11573
-84.0937,35.09094
-84.09296,46.14693
-84.09294,42.33248
-84.09271,35.09732
-84.09195,35.55206
-84.08906,31.60855
-84.08874,36.20417
-84.08571,35.9961
-84.08441,34.20848
-84.08371,44.75261
-84.08352,35.53914
-84.08205,42.31282
-84.08138,36.25582
-84.08128,37.74864
-84.08071,37.85228
-84.08035,42.33694
-84.07927,37.85253
-84.07686,45.48881
-84.07357,44.17969
-84.07267,43.357
-84.06973,42.41301
-84.06968,42.36467
-84.06906,46.09119
-84.06607,35.54705
-84.06419,34.19443
-84.06325,44.24752
-84.05929,42.40465
-84.05695,41.01861
-84.05389,34.89105
-84.05362,34.89126
-84.05295,36.2494
-84.05046,40.75826
-84.04865,39.4888
-84.04842,44.36363
-84.04641,42.36166
-84.04589,36.30357
-84.04574,32.29711
-84.04522,42.8847
-84.04347,42.41803
-84.04342,44.65387
-84.04211,38.34847
-84.04084,42.42214
-84.0407,35.0945
-84.03902,44.39708
-84.03806,46.29524
-84.03677,35.08484
-84.0367,45.49527
-84.0367,45.49647
-84.03614,36.35128
-84.03608,36.33361
-84.03602,34.20261
-84.03473,36.31224
-84.03383,44.20036
-84.03361,36.35108
-84.03269,45.1216
-84.03229,36.28735
-84.03157,42.432
-84.03118,32.33683
-84.03059,36.29273
-84.02957,44.39905
-84.02909,39.68979
-84.02108,42.44082
-84.0206,33.17895
-84.01932,44.41437
-84.01919,37.74587
-84.01906,31.72508
-84.01867,46.16469
-84.01767,43.39462
-84.01318,41.59132
-84.01316,41.59128
-84.01314,44.4094
-84.01266,44.40917
-84.01244,36.03783
-84.01133,35.55671
-84.01003,41.58853
-84.00867,44.33731
-84.00822,45.97622
-84.00755,44.34619
-84.00628,31.7444
-84.00611,30.60443
-84.00459,44.24113
-84.00446,44.34002
-84.00437,44.29377
-84.00432,30.60442
-84.00427,34.8736
-84.00423,42.41612
-84.00396,34.17187
-84.00314,36.34272
-84.00287,42.43872
-84.00056,44.24378
-84.00055,44.34468
-83.99818,46.0093
-83.99779,42.42463
-83.99739,38.42864
-83.99684,42.39615
-83.99614,38.77714
-83.99379,30.34372
-83.99352,35.52443
-83.99238,35.54555
-83.99221,36.34921
-83.99201,36.24096
-83.99099,30.34024
-83.99093,30.56229
-83.99077,45.24832
-83.98623,34.36253
-83.98494,42.40979
-83.98318,35.93177
-83.9821,45.28986
-83.98134,45.10858
-83.98103,36.24137
-83.98079,42.42119
-83.9801,34.18639
-83.97994,34.3948
-83.9799,34.3948
-83.97985,34.18639
-83.97985,34.3948
-83.97984,36.25249
-83.97963,30.11654
-83.97946,44.39964
-83.97943,34.54542
-83.9791,44.39952
-83.97792,42.481
-83.97592,44.41287
-83.97581,37.69817
-83.97501,34.42883
-83.97498,42.33011
-83.97305,35.06624
-83.97205,45.10888
-83.97148,45.29382
-83.97121,34.54895
-83.97054,38.78777
-83.96985,42.44039
-83.96917,42.3293
-83.96899,30.14773
-83.9685,34.20374
-83.96767,36.42481
-83.96726,43.40813
-83.96724,43.40823
-83.96722,43.40835
-83.96721,43.40845
-83.964,34.20112
-83.96379,43.39291
-83.96345,36.2692
-83.96308,34.33436
-83.9625,45.23312
-83.96197,36.4376
-83.96166,36.39045
-83.96003,34.2487
-83.95813,35.92824
-83.95754,35.86728
-83.9568,34.20002
-83.95523,43.36515
-83.95416,34.33847
-83.9528,38.78718
-83.95222,45.23135
-83.951,35.92929
-83.95081,42.1631
-83.9502,34.22267
-83.94995,34.21826
-83.94927,41.41867
-83.94778,34.22009
-83.94767,43.73473
-83.94712,43.73346
-83.94554,45.25765
-83.94539,45.10432
-83.94488,34.32597
-83.94477,46.28729
-83.94461,46.3247
-83.94426,34.3261
-83.94411,46.32455
-83.94378,31.84812
-83.94368,34.32878
-83.94365,34.3262
-83.94331,34.32864
-83.94312,34.32612
-83.94292,34.32842
-83.94271,34.32581
-83.94161,44.64222
-83.9398,45.48311
-83.93871,45.48237
-83.93766,43.77407
-83.93669,36.23744
-83.93641,34.23796
-83.93636,34.22795
-83.9362,34.23759
-83.93613,34.22774
-83.93494,42.00572
-83.93168,43.66801
-83.93097,34.30712
-83.93083,39.00381
-83.93063,36.39434
-83.92972,37.68159
-83.92807,36.24406
-83.92562,36.40548
-83.92522,39.38734
-83.92424,43.80928
-83.92412,44.34459
-83.92386,43.80971
-83.92361,46.34393
-83.92323,43.85402
-83.92299,37.85979
-83.92112,42.60973
-83.92055,31.95749
-83.92018,31.95381
-83.91999,35.95351
-83.91981,40.48441
-83.91907,37.86335
-83.91888,44.42628
-83.91759,42.38096
-83.91703,31.95068
-83.91701,31.84767
-83.91677,39.38555
-83.9167,39.38536
-83.91627,39.38581
-83.91498,39.38532
-83.91492,39.38531
-83.91438,40.50569
-83.91427,38.7718
-83.91401,40.50519
-83.91341,37.37941
-83.91178,42.38588
-83.91136,35.9608
-83.91127,33.91187
-83.91113,42.41432
-83.90841,42.41537
-83.90833,42.41536
-83.90827,45.97863
-83.90672,30.05872
-83.90425,45.05999
-83.9035,33.36574
-83.9021,33.57273
-83.90046,45.9985
-83.9002,39.38915
-83.90003,44.77101
-83.89915,45.99414
-83.89848,36.11069
-83.89697,35.96264
-83.89667,42.50605
-83.8947,47.87155
-83.89469,43.60064
-83.89465,43.5977
-83.89462,43.59781
-83.8946,43.5979
-83.8945,37.86405
-83.89347,43.60199
-83.8924,42.33636
-83.89106,42.3382
-83.89038,42.3395
-83.88985,46.09077
-83.88978,40.5116
-83.88951,36.86033
-83.88922,46.25981
-83.88898,43.60965
-83.88851,46.26034
-83.88697,41.41271
-83.88545,42.73448
-83.88424,43.50937
-83.88297,43.35227
-83.8822,43.95338
-83.88213,43.52875
-83.88049,42.341
-83.87939,42.34133
-83.87786,36.30693
-83.87554,34.31648
-83.8743,42.43471
-83.87344,43.61203
-83.87339,43.17338
-83.87266,34.31602
-83.87196,43.61467
-83.87184,44.99472
-83.8718,43.61443
-83.87095,41.41208
-83.8704,42.44558
-83.86956,44.99225
-83.86859,35.44802
-83.86803,30.01529
-83.86733,41.83279
-83.86714,40.47078
-83.86621,40.47939
-83.86616,30.14253
-83.86607,40.52051
-83.86285,33.35416
-83.86233,44.9902
-83.86152,42.50707
-83.86095,40.47876
-83.86004,36.32316
-83.85624,45.98154
-83.85623,43.97672
-83.856,36.32793
-83.85583,44.99002
-83.85547,40.47853
-83.85256,36.67581
-83.85204,36.67616
-83.85067,30.01486
-83.85047,43.64052
-83.84683,38.74487
-83.84563,43.62506
-83.84499,43.61638
-83.84226,30.27974
-83.84206,42.50234
-83.84062,42.78617
-83.84037,33.31605
-83.8403,42.54222
-83.83788,43.62516
-83.83781,43.62794
-83.83702,43.62454
-83.83672,44.61165
-83.83667,42.50826
-83.83513,42.57845
-83.83495,42.7952
-83.83471,44.42054
-83.83236,35.99463
-83.83138,43.05845
-83.83018,37.60375
-83.82968,38.72018
-83.82749,30.29041
-83.82686,44.57708
-83.82496,46.00187
-83.8204,44.57603
-83.81926,35.451
-83.81642,43.63492
-83.81584,42.50905
-83.81583,34.96929
-83.8158,35.44573
-83.8149,42.33329
-83.81404,33.24345
-83.8127,39.74793
-83.81171,45.42291
-83.81141,45.42188
-83.8107,42.33385
-83.81058,42.32475
-83.80375,44.57225
-83.80258,42.51672
-83.80142,42.48478
-83.80025,42.47747
-83.80014,32.81976
-83.79963,34.65337
-83.79949,35.01037
-83.79927,32.81952
-83.79787,42.4756
-83.79783,38.0698
-83.79763,42.40221
-83.79461,44.93051
-83.79436,39.64786
-83.79406,35.44157
-83.79192,35.44169
-83.79108,46.29863
-83.79054,45.02303
-83.79036,46.29799
-83.79031,38.13582
-83.78994,32.81921
-83.78647,38.93752
-83.78612,38.93803
-83.78547,42.47465
-83.7818,34.95396
-83.7806,42.81564
-83.77951,43.62938
-83.77689,32.40691
-83.77508,41.55805
-83.7746,34.97302
-83.77385,32.82945
-83.77378,32.82948
-83.77372,32.82951
-83.77364,32.82955
-83.77361,42.55124
-83.77358,32.82958
-83.77351,32.82961
-83.77345,32.82965
-83.77339,32.82968
-83.7733,37.54987
-83.77324,32.82177
-83.76921,35.01118
-83.76776,38.1317
-83.7673,38.65619
-83.76684,38.13034
-83.76588,44.59939
-83.76432,37.1595
-83.76281,38.6537
-83.75601,42.30761
-83.7549,38.65119
-83.75447,42.43771
-83.75319,36.32868
-83.75299,42.31417
-83.74955,46.02432
-83.74921,46.02437
-83.74899,41.47662
-83.74507,42.29028
-83.74456,42.30209
-83.74394,42.29008
-83.74365,33.42967
-83.73789,34.38314
-83.73672,42.4746
-83.73599,42.47488
-83.73527,45.40006
-83.73321,43.33106
-83.73272,42.81593
-83.73224,41.58756
-83.73096,36.35587
-83.73078,33.44359
-83.72941,33.45561
-83.72851,33.45413
-83.72829,33.41163
-83.72779,42.70025
-83.72765,42.29117
-83.72645,44.53619
-83.72565,36.36005
-83.72523,32.99381
-83.72478,45.21148
-83.72426,33.45694
-83.72235,42.47939
-83.72132,39.95607
-83.71999,42.28322
-83.7178,42.82793
-83.71572,46.27792
-83.71564,41.49897
-83.71429,38.18202
-83.71421,36.36453
-83.71282,36.36481
-83.71047,38.21304
-83.70933,41.69338
-83.70535,36.4962
-83.70377,42.82692
-83.70267,37.57058
-83.7016,42.79416
-83.69909,43.01435
-83.69795,38.22137
-83.69739,35.945
-83.69592,42.27649
-83.69384,42.27375
-83.69123,38.23559
-83.68968,37.49052
-83.68777,44.04628
-83.68671,44.01673
-83.68652,44.01664
-83.68539,44.56573
-83.68484,44.31991
-83.68326,35.95148
-83.68295,44.02831
-83.68139,44.31975
-83.68104,42.71479
-83.68092,35.27463
-83.68084,43.58465
-83.68082,43.5847
-83.68046,38.20807
-83.6801,46.04016
-83.68001,43.58298
-83.67922,44.02679
-83.67921,43.58278
-83.67813,35.27346
-83.6776,42.81013
-83.67672,37.39647
-83.67634,36.3718
-83.67596,35.2703
-83.67515,32.45842
-83.6732,37.57823
-83.67318,37.76679
-83.67227,42.27027
-83.6705,29.92043
-83.6695,42.52525
-83.66776,38.94738
-83.66701,44.32873
-83.66595,42.80932
-83.66332,44.34025
-83.66121,41.95484
-83.65797,44.05229
-83.65783,41.95676
-83.65699,44.05233
-83.65675,44.08379
-83.65612,41.01929
-83.65486,46.04133
-83.65391,35.30259
-83.6532,37.27259
-83.64985,42.27457
-83.64936,36.34231
-83.6472,42.79941
-83.6451,42.52392
-83.64509,42.52383
-83.64509,42.52402
-83.64507,42.52374
-83.64505,42.52368
-83.64347,41.56049
-83.63962,35.19229
-83.6385,36.12736
-83.63814,41.57128
-83.6339,33.68885
-83.63168,41.56106
-83.63099,42.5368
-83.63056,43.09669
-83.6302,42.57381
-83.6279,35.3329
-83.62673,42.56487
-83.62623,41.56666
-83.62594,35.40363
-83.62479,41.57196
-83.62412,46.27632
-83.61864,38.17661
-83.61842,38.17577
-83.61749,38.1582
-83.61466,42.80034
-83.61399,42.58615
-83.61121,43.10911
-83.61033,36.74459
-83.60937,44.45851
-83.60848,42.62005
-83.60561,44.60166
-83.603,42.6115
-83.6025,42.58804
-83.60215,42.58732
-83.60045,36.15994
-83.60029,42.65179
-83.60007,42.58697
-83.5995,44.67915
-83.59899,42.81522
-83.59753,35.33333
-83.59452,46.87583
-83.59433,38.05561
-83.59321,29.82969
-83.5929,42.66768
-83.59266,44.85564
-83.59109,42.663
-83.59087,44.4686
-83.59083,42.47905
-83.59038,33.64891
-83.59015,43.65467
-83.58722,34.84336
-83.58647,42.58111
-83.58589,34.82547
-83.58541,34.82593
-83.58473,34.82487
-83.58367,41.61256
-83.58338,35.93729
-83.58259,38.6908
-83.58107,41.02038
-83.58104,43.66772
-83.5809,43.66774
-83.58012,29.77239
-83.57955,43.66764
-83.57898,35.40456
-83.57898,41.61539
-83.57696,35.3942
-83.57521,37.81978
-83.57482,42.66403
-83.5745,45.08145
-83.57363,45.3307
-83.57311,42.21088
-83.56739,32.85248
-83.56682,42.5758
-83.56637,43.6738
-83.56558,44.76109
-83.56543,42.57318
-83.56505,45.314
-83.56372,41.61718
-83.55931,42.57407
-83.55795,45.33034
-83.55735,43.68083
-83.55606,45.33157
-83.55236,46.25504
-83.55207,42.47642
-83.55164,46.25445
-83.55118,35.43894
-83.55,43.69867
-83.54992,43.69841
-83.54875,42.59296
-83.54778,42.82235
-83.54771,42.62826
-83.54708,41.96365
-83.54657,31.16682
-83.54648,31.16708
-83.54511,41.62659
-83.54484,45.30562
-83.54297,34.81375
-83.54119,31.16262
-83.53949,42.2098
-83.53889,38.11761
-83.53881,42.2078
-83.53702,35.95209
-83.53638,42.58355
-83.53451,35.9589
-83.53378,42.5512
-83.53104,38.11349
-83.53051,48.40952
-83.52967,44.82541
-83.529,39.18751
-83.52858,39.18704
-83.52826,42.81195
-83.52649,44.2592
-83.52596,42.56819
-83.52596,48.40738
-83.5257,42.56403
-83.52499,45.32097
-83.52403,42.21554
-83.52314,41.65303
-83.52236,45.10503
-83.52194,31.19248
-83.52067,42.80171
-83.52005,35.96859
-83.51846,45.32492
-83.51584,34.85631
-83.5157,38.03373
-83.51542,34.85606
-83.51438,37.98897
-83.5141,41.65612
-83.51333,36.15575
-83.51329,38.09841
-83.51313,38.10236
-83.51051,42.72484
-83.51008,38.09966
-83.50942,45.09992
-83.5091,42.55229
-83.50645,43.69648
-83.50576,39.17606
-83.50406,36.16783
-83.50385,45.22118
-83.5036,35.90687
-83.50359,42.58004
-83.50285,44.29254
-83.50253,35.91802
-83.50248,36.41241
-83.50181,42.57045
-83.5016,42.63962
-83.50158,35.91789
-83.4983,41.66632
-83.49813,38.09137
-83.49755,37.9959
-83.4969,38.09147
-83.49626,42.56999
-83.49605,42.6164
-83.49465,42.55487
-83.4941,35.92534
-83.49299,31.03967
-83.49153,35.94127
-83.48943,32.38413
-83.48925,41.71534
-83.48912,44.27803
-83.48889,42.52662
-83.48887,35.91484
-83.48876,42.52628
-83.48814,44.99863
-83.48779,42.63416
-83.48748,42.58548
-83.48746,45.34183
-83.48689,29.72131
-83.48686,42.65149
-83.48665,36.15365
-83.4861,45.34244
-83.48588,44.27871
-83.48583,36.15457
-83.48575,44.27869
-83.48544,39.197
-83.48539,42.58064
-83.48518,42.6496
-83.48501,41.72101
-83.48459,42.64487
-83.48444,41.72169
-83.48416,42.55899
-83.48408,42.55901
-83.48395,41.72239
-83.48363,37.80261
-83.48336,35.91568
-83.48316,42.64129
-83.48294,41.68683
-83.48284,42.55971
-83.48255,35.93052
-83.48243,38.07397
-83.48203,35.91459
-83.48183,42.54551
-83.4815,39.19442
-83.47943,34.75444
-83.47926,41.74311
-83.47921,42.55664
-83.47666,41.72358
-83.47642,38.07304
-83.4759,41.74323
-83.4758,45.32929
-83.47576,41.69437
-83.47572,35.93319
-83.47557,42.6094
-83.47548,41.69533
-83.47531,41.69344
-83.47529,42.62411
-83.47476,42.6173
-83.47401,43.11606
-83.47364,45.31637
-83.47353,41.7488
-83.47318,42.6462
-83.47193,42.74396
-83.47139,35.91717
-83.47125,45.06701
-83.4712,35.93158
-83.47061,35.91652
-83.47049,35.92908
-83.4694,36.1688
-83.4691,35.91825
-83.46845,42.64809
-83.46842,41.72502
-83.46842,42.58684
-83.46797,36.21341
-83.46783,41.72601
-83.46751,41.72623
-83.46737,42.58154
-83.46621,41.72762
-83.46581,41.72695
-83.4655,41.73115
-83.46537,41.73122
-83.46507,41.73168
-83.46479,38.05927
-83.46466,46.34906
-83.46462,44.43834
-83.46415,42.58727
-83.46376,35.97942
-83.4635,36.21519
-83.46329,45.31596
-83.46326,42.43364
-83.46171,42.59025
-83.46093,35.98402
-83.46084,43.29167
-83.46053,42.6199
-83.46045,35.9535
-83.46032,43.29087
-83.45913,43.73406
-83.45847,45.30836
-83.45826,38.0924
-83.45815,41.73664
-83.45807,35.95045
-83.45773,35.95377
-83.45772,43.73412
-83.45717,42.61401
-83.45688,35.95136
-83.45686,42.61683
-83.45595,45.06423
-83.45558,35.95565
-83.45553,35.95334
-83.45354,35.94709
-83.45288,45.0779
-83.45268,41.1362
-83.45208,45.20353
-83.45176,41.69703
-83.45164,44.43216
-83.45014,45.19405
-83.44994,41.80254
-83.44993,38.67527
-83.44974,41.80245
-83.44944,45.06807
-83.44942,42.61616
-83.4493,42.66156
-83.44887,42.6078
-83.44858,35.95654
-83.44771,41.12232
-83.44751,45.26797
-83.44748,41.80399
-83.44728,35.95786
-83.44718,41.80241
-83.44663,37.30354
-83.44662,42.61168
-83.44658,42.61182
-83.44652,42.61184
-83.44577,35.95936
-83.44559,42.6025
-83.44554,42.60255
-83.44493,35.98671
-83.44492,41.69609
-83.4447,35.9474
-83.44457,38.08459
-83.4444,42.21337
-83.44435,42.21356
-83.4435,42.09568
-83.4433,35.95964
-83.44311,42.88237
-83.44271,44.26279
-83.44064,35.95268
-83.44061,35.96021
-83.44053,42.58609
-83.44017,35.97694
-83.44006,45.07327
-83.43996,35.96128
-83.43952,44.26422
-83.43913,42.64414
-83.43885,38.0437
-83.43878,35.97554
-83.4386,45.26054
-83.43845,42.6397
-83.43735,35.96052
-83.43711,35.96436
-83.43707,42.57943
-83.43702,36.24072
-83.43643,42.69251
-83.43603,35.96383
-83.43589,35.96358
-83.43572,35.96094
-83.43542,34.77059
-83.43471,44.78003
-83.43453,44.43659
-83.43341,42.58295
-83.43319,36.19735
-83.43278,35.98104
-83.4326,41.15688
-83.4322,36.23466
-83.43161,36.00213
-83.43054,45.05915
-83.43029,45.05967
-83.43009,36.00087
-83.42996,42.68168
-83.42876,42.57739
-83.42866,45.06314
-83.42845,45.05872
-83.42794,45.0591
-83.4279,36.19515
-83.42782,36.00036
-83.42762,36.24318
-83.42757,35.94553
-83.42696,36.00035
-83.42668,42.71672
-83.42648,35.94531
-83.42586,36.00082
-83.42586,43.7988
-83.425,42.59972
-83.42424,43.13734
-83.42411,35.93763
-83.42335,42.36646
-83.42228,35.93799
-83.4222,35.93802
-83.42164,35.94693
-83.42112,44.92377
-83.42091,36.00501
-83.4202,35.93894
-83.42012,42.57856
-83.41998,35.93735
-83.41992,30.62131
-83.41978,42.28038
-83.41973,35.93942
-83.41967,36.20706
-83.41875,35.96801
-83.41829,35.93513
-83.41637,42.57367
-83.41402,36.26216
-83.41397,35.93723
-83.41396,42.36548
-83.41307,35.96149
-83.41279,35.95875
-83.41247,44.6876
-83.41221,41.82787
-83.41183,41.84325
-83.41154,35.97328
-83.41059,41.82905
-83.41057,42.55602
-83.41042,36.01039
-83.4094,35.95574
-83.40898,42.59351
-83.40873,35.93677
-83.40859,36.26132
-83.4082,35.93751
-83.4079,36.00969
-83.40777,35.95741
-83.4075,39.2715
-83.40723,35.95675
-83.40698,35.93968
-83.40633,35.93973
-83.4058,35.99889
-83.40552,35.95857
-83.40531,35.93874
-83.40501,41.84341
-83.4046,41.84391
-83.40427,35.9398
-83.40393,35.96054
-83.40298,36.01124
-83.40292,36.01156
-83.40251,36.01177
-83.40243,38.0403
-83.40212,42.54627
-83.40179,35.94094
-83.40108,42.5731
-83.40011,40.26666
-83.39992,29.67522
-83.39956,40.26669
-83.39867,42.57285
-83.39722,46.47533
-83.39607,33.20739
-83.39544,37.97464
-83.39533,42.57312
-83.39504,44.90372
-83.39465,38.04802
-83.39448,42.88346
-83.39402,42.57773
-83.3937,35.45275
-83.39324,42.77517
-83.39262,29.67265
-83.39251,29.67264
-83.39243,43.82853
-83.39174,42.64401
-83.39112,41.8733
-83.39111,44.43233
-83.39091,44.43247
-83.39079,35.96125
-83.39006,35.99606
-83.39006,42.64671
-83.38905,39.26763
-83.3886,29.67121
-83.38841,29.66861
-83.38839,43.48267
-83.38836,35.99211
-83.38812,42.63804
-83.38808,29.67199
-83.38734,42.63652
-83.3873,35.95945
-83.3869,42.59975
-83.38672,42.64011
-83.38668,35.94931
-83.38662,42.62538
-83.38659,35.99205
-83.38601,35.9924
-83.38524,35.99159
-83.38516,42.55897
-83.38451,35.9585
-83.38422,34.03353
-83.38363,41.87227
-83.38331,35.95147
-83.38237,35.95197
-83.38223,42.28492
-83.38207,35.98052
-83.38199,36.01687
-83.38176,35.09087
-83.38167,45.20223
-83.38134,35.97974
-83.38094,42.6595
-83.38087,35.97887
-83.38068,42.65905
-83.37974,42.61195
-83.3786,41.90877
-83.37853,35.18969
-83.37824,36.02816
-83.37823,42.88202
-83.37815,36.014
-83.37803,36.01393
-83.37803,36.27364
-83.37797,42.6072
-83.37621,35.97637
-83.37617,36.24531
-83.37609,35.97912
-83.37579,36.32862
-83.37568,29.66782
-83.37567,35.94704
-83.3756,42.61146
-83.37553,36.32887
-83.3749,42.61456
-83.37486,42.65827
-83.37466,42.56534
-83.37417,35.12215
-83.37413,43.85368
-83.37375,42.6176
-83.37372,42.61766
-83.37368,42.35344
-83.37368,42.61773
-83.37347,41.90676
-83.37316,42.61908
-83.37306,35.98129
-83.37296,35.98157
-83.37281,43.02461
-83.37265,42.63112
-83.3726,42.61866
-83.37244,44.47164
-83.37207,35.94561
-83.37204,35.94673
-83.37166,36.00183
-83.37155,42.62398
-83.37066,42.65854
-83.36993,35.97657
-83.36955,29.66534
-83.36934,42.6255
-83.36878,35.97769
-83.36847,42.6283
-83.36825,35.99871
-83.36785,35.96197
-83.36745,35.93882
-83.36744,35.96237
-83.36732,33.95626
-83.3669,35.99805
-83.36663,42.68197
-83.36651,42.66875
-83.36636,35.96167
-83.3659,35.95929
-83.36429,31.39676
-83.36424,35.96431
-83.36318,42.69858
-83.36316,42.62154
-83.36303,42.62361
-83.36287,35.96661
-83.36206,42.58177
-83.36198,42.58174
-83.36189,42.58171
-83.36185,31.39586
-83.36141,42.5819
-83.3614,42.58225
-83.36124,42.58229
-83.36086,31.41277
-83.36057,35.43274
-83.36024,41.90193
-83.36011,35.96794
-83.3601,42.12816
-83.36007,41.90154
-83.3599,31.38747
-83.35943,31.40112
-83.35921,35.9658
-83.35816,42.6224
-83.35795,35.97887
-83.35745,35.96501
-83.35741,31.39458
-83.35727,35.99475
-83.35717,31.38972
-83.3569,35.97943
-83.35657,42.68769
-83.35653,34.73673
-83.35617,44.46276
-83.35549,39.24399
-83.35533,42.62171
-83.35525,43.91045
-83.35386,42.63222
-83.35364,42.58543
-83.35315,42.67233
-83.35308,42.94501
-83.35186,31.40772
-83.35151,31.40791
-83.35135,42.63045
-83.351,42.63159
-83.35079,42.59276
-83.34926,42.60543
-83.34881,36.33567
-83.34758,30.8515
-83.34702,36.30424
-83.34681,36.30789
-83.34524,34.73688
-83.34522,42.63489
-83.34477,42.56549
-83.34371,42.61529
-83.34366,43.14073
-83.34319,37.95483
-83.34289,42.62516
-83.34261,29.7459
-83.34246,42.59416
-83.34134,42.68927
-83.33936,42.6927
-83.33913,37.91666
-83.33888,42.67976
-83.33886,35.97727
-83.33555,35.97262
-83.33548,41.91931
-83.33542,41.91939
-83.33535,41.91947
-83.33525,41.91959
-83.33462,35.98891
-83.3334,42.59493
-83.33315,36.00228
-83.33314,42.61932
-83.33271,42.61922
-83.33247,42.61927
-83.33197,42.61936
-83.33187,35.99107
-83.33155,42.10992
-83.33103,44.50746
-83.33053,36.03243
-83.3303,41.92607
-83.32969,43.88642
-83.32948,36.03152
-83.32937,42.68684
-83.3289,36.03143
-83.3289,36.03849
-83.32883,42.55544
-83.32848,33.16736
-83.32844,36.03064
-83.3281,44.4085
-83.32672,42.60128
-83.32658,42.60122
-83.32629,42.56726
-83.32548,42.56112
-83.3251,36.03794
-83.32424,43.17665
-83.32394,36.0029
-83.32385,44.40594
-83.32384,30.88753
-83.3237,42.69523
-83.32316,42.67605
-83.32312,42.6229
-83.32268,36.30185
-83.32257,44.40643
-83.32187,42.59184
-83.32089,36.03845
-83.31993,30.66592
-83.31992,36.03992
-83.3192,36.03844
-83.31781,42.107
-83.31683,36.04098
-83.3163,36.03875
-83.31573,42.59828
-83.3156,42.59791
-83.3127,34.73132
-83.31199,36.04082
-83.31109,30.63558
-83.30932,36.03825
-83.30797,42.60983
-83.30597,42.7414
-83.30578,42.58332
-83.30276,36.03361
-83.30227,42.81598
-83.3021,44.81534
-83.30114,41.94467
-83.29594,36.27132
-83.29533,35.38904
-83.29485,33.19789
-83.29478,33.19792
-83.29314,42.09255
-83.29265,29.44023
-83.2911,33.18683
-83.29101,33.18685
-83.29056,36.29858
-83.28991,42.59
-83.28859,29.43898
-83.28674,44.66072
-83.2863,42.74612
-83.28614,36.26673
-83.28614,44.65873
-83.28602,41.99471
-83.28547,36.04399
-83.28485,36.04296
-83.28389,29.44193
-83.28264,42.75603
-83.28001,36.03791
-83.27983,31.96835
-83.27968,42.56131
-83.27927,36.03724
-83.2792,36.27803
-83.27919,42.84547
-83.27861,43.94477
-83.27697,36.31898
-83.27603,33.18017
-83.2756,33.18078
-83.27505,33.18127
-83.27494,43.94329
-83.27472,43.9432
-83.27413,36.26825
-83.27358,36.271
-83.27282,43.94183
-83.26368,41.98304
-83.26204,37.92392
-83.26192,41.64564
-83.25841,33.2554
-83.25518,42.06871
-83.25515,41.97839
-83.2548,42.79007
-83.25268,41.64183
-83.25247,35.3674
-83.25067,39.61995
-83.24938,33.43406
-83.24906,36.08871
-83.24827,42.81744
-83.24792,39.61544
-83.24695,35.36378
-83.24655,42.31009
-83.24364,42.78394
-83.24209,33.14353
-83.2405,30.22762
-83.23769,43.1311
-83.23717,36.73812
-83.2311,39.62651
-83.23027,42.73706
-83.22973,43.10016
-83.2261,33.14482
-83.22558,43.12115
-83.22522,41.98996
-83.22208,30.68512
-83.22091,36.28632
-83.22058,41.99637
-83.21665,42.78501
-83.21378,42.04122
-83.21356,42.04259
-83.2135,42.04257
-83.20878,37.27831
-83.2074,43.13447
-83.20716,29.4282
-83.20505,36.34207
-83.2048,29.39906
-83.20452,43.1263
-83.20374,33.12831
-83.20345,36.31785
-83.20123,42.79762
-83.20005,33.2875
-83.1985,42.03797
-83.19843,42.03798
-83.19426,42.07991
-83.19421,42.07986
-83.19419,42.07983
-83.19414,42.07978
-83.1941,42.07974
-83.19407,42.0797
-83.19404,42.07966
-83.19399,42.07962
-83.19396,42.07959
-83.19392,42.07953
-83.19389,42.0795
-83.19385,42.07946
-83.19365,33.0317
-83.19295,30.37482
-83.19242,42.05331
-83.19223,33.03189
-83.19179,42.10164
-83.19154,42.0975
-83.1915,42.09952
-83.19143,42.05297
-83.191,42.05311
-83.19097,42.09688
-83.19086,33.28424
-83.19037,42.7862
-83.1889,42.09743
-83.18873,39.84878
-83.18856,33.16783
-83.18714,33.14576
-83.18458,35.96858
-83.18339,42.29478
-83.18335,42.29482
-83.18104,34.90786
-83.17941,36.15537
-83.17831,42.12883
-83.17817,42.12803
-83.17799,46.95272
-83.17795,31.87391
-83.17794,42.12837
-83.17616,33.44263
-83.17481,41.5875
-83.17359,42.14658
-83.17357,42.14662
-83.17219,34.59095
-83.17213,42.09255
-83.17123,42.09231
-83.17113,42.09088
-83.17095,30.09873
-83.17051,42.09185
-83.16996,43.97025
-83.16961,42.0909
-83.16902,42.10541
-83.16894,30.38773
-83.16879,42.09206
-83.16494,33.35234
-83.16324,42.80697
-83.1587,30.41376
-83.15652,34.58344
-83.15591,42.82238
-83.15585,42.82233
-83.15349,42.08991
-83.15266,42.84104
-83.15044,42.82193
-83.15018,42.09906
-83.14981,42.19833
-83.14946,35.19449
-83.14938,42.82232
-83.14932,42.10865
-83.14893,42.82233
-83.14889,42.22821
-83.14889,42.23561
-83.14884,42.22935
-83.14875,42.22883
-83.14777,42.22975
-83.14749,41.5067
-83.14716,42.22697
-83.14714,42.23685
-83.14708,42.23609
-83.14704,42.22624
-83.14702,42.23612
-83.14452,42.21039
-83.14435,29.32618
-83.14412,29.32906
-83.14286,33.33438
-83.14046,29.32735
-83.13972,29.33298
-83.12957,38.3666
-83.12845,40.15803
-83.12469,42.09479
-83.12431,42.09466
-83.12181,42.61169
-83.12041,40.13999
-83.11852,42.26145
-83.11623,42.06943
-83.11402,42.62099
-83.11335,45.92586
-83.11334,42.0993
-83.11323,45.92641
-83.11245,42.11756
-83.11234,42.11867
-83.11229,42.26995
-83.11177,30.09063
-83.11048,42.15267
-83.10778,42.23059
-83.10769,42.24361
-83.10686,42.16229
-83.10674,42.2298
-83.10666,42.2432
-83.10627,42.2185
-83.10608,42.23595
-83.1057,42.23773
-83.10509,42.22191
-83.10496,42.22037
-83.10483,42.2203
-83.10441,42.20782
-83.10429,42.24213
-83.10405,42.22007
-83.10404,42.21049
-83.10374,42.20117
-83.10362,42.21012
-83.10349,42.20199
-83.10342,42.21062
-83.10319,42.22203
-83.10279,42.20731
-83.1027,42.21788
-83.10214,42.24471
-83.10202,34.54308
-83.1017,42.19623
-83.1017,42.19975
-83.10084,35.77579
-83.10063,42.20109
-83.10035,42.20249
-83.10017,35.77537
-83.09994,35.77524
-83.09978,35.77513
-83.09953,42.29418
-83.097,42.67205
-83.09607,40.0208
-83.09416,40.01908
-83.09388,30.43758
-83.09311,40.02942
-83.09304,42.29884
-83.09297,40.02768
-83.09289,40.02769
-83.09229,41.58846
-83.09034,34.5208
-83.08905,35.24576
-83.08541,42.71901
-83.08532,42.71897
-83.08521,42.71892
-83.0851,42.71888
-83.085,42.71883
-83.08497,41.47918
-83.07866,42.30374
-83.07793,42.3138
-83.07787,42.31371
-83.07574,42.30654
-83.07499,34.49784
-83.07484,41.57985
-83.07458,34.49907
-83.0739,30.08305
-83.06945,34.48512
-83.06937,29.20705
-83.06789,38.14384
-83.06407,35.24413
-83.06401,35.24411
-83.06346,29.21024
-83.06269,29.29051
-83.06197,34.49948
-83.05461,42.32347
-83.04392,31.0458
-83.04085,29.14926
-83.04018,39.10587
-83.03999,35.91869
-83.03933,41.51132
-83.03847,41.51099
-83.03617,30.42945
-83.03541,29.14248
-83.03485,34.48091
-83.03443,39.96799
-83.0344,34.4813
-83.0343,34.48083
-83.03386,34.48226
-83.03382,34.48168
-83.03378,34.4827
-83.03368,34.4825
-83.0336,34.48224
-83.03356,37.22774
-83.03336,34.48154
-83.03297,39.11243
-83.03276,30.70442
-83.02692,29.16446
-83.02682,34.47424
-83.02672,34.47393
-83.02648,34.47405
-83.02608,34.47347
-83.02489,42.33326
-83.02475,34.47352
-83.02446,34.47323
-83.02436,41.51063
-83.02302,34.46375
-83.01915,39.09875
-83.01868,41.50549
-83.01811,41.50618
-83.01558,30.42262
-83.01537,46.17475
-83.01456,34.74861
-83.01104,38.20162
-83.01002,42.33896
-83.00827,42.34016
-83.00653,38.73006
-83.00579,30.01671
-83.00341,38.80412
-83.00192,41.53709
-82.99925,37.22844
-82.99786,35.22408
-82.9952,44.04779
-82.99463,44.04891
-82.9946,44.04828
-82.99369,42.34077
-82.99356,42.34025
-82.9912,42.24305
-82.98844,38.72767
-82.98793,35.21605
-82.98712,40.80354
-82.98661,29.46348
-82.98593,42.35544
-82.98563,34.73602
-82.98542,42.35356
-82.98281,29.48125
-82.98213,36.3712
-82.98138,39.34119
-82.98121,42.35672
-82.98103,42.35694
-82.98001,32.84081
-82.97955,31.79367
-82.97557,42.34752
-82.97514,41.51922
-82.97437,42.3469
-82.97435,42.34942
-82.97414,40.19953
-82.97381,42.35678
-82.97372,42.35631
-82.97359,42.34875
-82.9731,42.3571
-82.9721,40.20981
-82.97195,40.2105
-82.97158,42.35097
-82.97138,41.52509
-82.97124,42.35728
-82.97116,42.35711
-82.97076,42.35048
-82.96942,42.34022
-82.96893,42.34004
-82.9686,42.35951
-82.96859,42.35777
-82.96848,34.76602
-82.96676,34.71137
-82.96619,46.17964
-82.96565,46.17943
-82.96371,35.92195
-82.96357,42.35561
-82.96336,42.35771
-82.96301,30.41479
-82.96283,34.7117
-82.96168,41.51267
-82.96157,29.63441
-82.96094,42.33993
-82.95855,32.78368
-82.95838,42.35696
-82.95721,29.69299
-82.95608,46.18683
-82.95484,41.51784
-82.95443,29.67424
-82.95422,39.22991
-82.95362,35.14
-82.95315,34.96747
-82.95312,34.96738
-82.95312,34.96742
-82.95288,42.35743
-82.95235,42.35644
-82.95016,41.51628
-82.94961,34.96325
-82.94925,42.36142
-82.94917,40.19696
-82.94856,34.71171
-82.94854,42.34117
-82.94847,41.51718
-82.94728,34.95382
-82.94723,34.95388
-82.94718,34.95393
-82.94692,42.35694
-82.9459,34.95545
-82.94535,34.48826
-82.94221,29.72197
-82.94097,41.51731
-82.9405,42.37409
-82.93958,41.51517
-82.93939,41.51535
-82.93842,29.70048
-82.9339,42.36122
-82.93377,42.34114
-82.9333,41.98332
-82.93327,42.34038
-82.93309,41.9833
-82.9328,42.35993
-82.93216,42.34044
-82.93197,42.35818
-82.93195,42.35815
-82.93154,42.35986
-82.93149,42.35988
-82.93111,42.34046
-82.93086,34.79451
-82.92926,42.3392
-82.92921,42.34
-82.92865,29.9543
-82.9282,29.95362
-82.92699,42.35953
-82.92286,34.38265
-82.92008,31.46687
-82.9195,34.38085
-82.91933,29.79555
-82.91893,34.94856
-82.91843,34.92204
-82.91231,39.34078
-82.91039,34.90378
-82.91035,34.90383
-82.9103,34.90388
-82.90997,34.90137
-82.90995,34.90196
-82.90931,34.93091
-82.90847,34.85651
-82.90845,34.85657
-82.90806,34.59996
-82.90802,34.6
-82.90783,29.82104
-82.90435,42.38105
-82.90378,34.95575
-82.90274,41.43075
-82.90181,41.43084
-82.90166,41.43111
-82.9013,41.51754
-82.89819,41.51946
-82.89813,42.33586
-82.8942,32.61053
-82.89389,44.05555
-82.89073,34.93734
-82.88884,34.59089
-82.88842,34.47466
-82.88734,38.48465
-82.88598,42.40269
-82.8853,42.4019
-82.88465,42.47331
-82.88438,40.10952
-82.88406,39.63262
-82.88347,42.4058
-82.88335,34.82463
-82.88322,34.852
-82.8832,34.85194
-82.88318,34.85187
-82.88237,34.81129
-82.88231,34.81132
-82.88223,34.81133
-82.88029,32.55869
-82.88009,42.58248
-82.88003,40.14681
-82.87939,42.46976
-82.87919,37.84114
-82.87874,30.31506
-82.87815,42.45881
-82.87716,42.45761
-82.8771,42.46396
-82.87694,34.48355
-82.87575,42.59716
-82.87475,32.50104
-82.87469,34.58898
-82.87455,34.73516
-82.87372,35.91986
-82.87229,42.43487
-82.87195,34.48157
-82.86703,42.59779
-82.86667,34.64029
-82.86666,29.8987
-82.86655,34.59614
-82.86608,34.68138
-82.86343,36.85436
-82.86282,34.74316
-82.86093,34.47929
-82.86088,41.54042
-82.86025,29.91186
-82.8587,41.54502
-82.8566,41.54738
-82.85591,41.54601
-82.85556,41.68107
-82.85542,30.35397
-82.85506,41.55433
-82.85498,41.55299
-82.85487,34.38257
-82.85375,34.62257
-82.85304,41.56967
-82.85154,41.559
-82.85151,41.56347
-82.85112,36.46849
-82.85088,41.5695
-82.85048,38.61432
-82.85012,41.56234
-82.84939,34.89967
-82.84938,34.8996
-82.84937,42.32169
-82.84869,41.53502
-82.84801,41.67771
-82.84681,27.86735
-82.84561,42.56006
-82.84383,34.57278
-82.84352,42.31405
-82.84293,38.57976
-82.84289,42.31832
-82.84276,42.56277
-82.84243,42.56379
-82.84219,42.56424
-82.84172,42.31507
-82.84128,42.56446
-82.84082,42.31736
-82.84059,34.44746
-82.83924,27.84257
-82.83918,27.84251
-82.83911,27.84243
-82.83904,27.84236
-82.83853,34.50664
-82.83835,34.69909
-82.83667,34.70419
-82.83661,34.70419
-82.83588,38.57881
-82.8318,41.55248
-82.83139,34.51327
-82.83123,34.51327
-82.82935,30.34654
-82.82651,35.14554
-82.82641,27.955
-82.82622,27.95517
-82.82593,41.65576
-82.82537,41.65461
-82.82502,41.69105
-82.82476,34.44255
-82.8245,41.65471
-82.82374,31.81457
-82.82351,41.65515
-82.82302,41.65477
-82.82295,41.48996
-82.82225,41.68632
-82.82215,35.89285
-82.82197,41.65422
-82.82071,41.56558
-82.8207,41.55823
-82.82066,42.63029
-82.82051,42.6303
-82.82037,42.6303
-82.82032,41.65406
-82.82026,41.68209
-82.82024,42.6303
-82.82011,42.63031
-82.81999,42.63031
-82.81985,42.63032
-82.81984,30.34054
-82.81968,42.6159
-82.81893,41.68908
-82.81865,42.63163
-82.81861,41.53904
-82.81797,41.46937
-82.8179,41.65431
-82.81576,41.67678
-82.81539,41.6552
-82.81525,34.39501
-82.812,27.83093
-82.812,27.83094
-82.81114,41.54267
-82.81106,46.18198
-82.80992,41.53381
-82.80942,41.67469
-82.80878,41.67541
-82.80703,27.8792
-82.80703,27.87926
-82.80535,46.19099
-82.8052,27.96526
-82.80474,27.96708
-82.80435,34.52456
-82.80383,42.57117
-82.80382,27.90406
-82.80297,42.60563
-82.80271,27.97428
-82.80267,27.97426
-82.80261,27.97424
-82.80256,27.97422
-82.80251,27.9742
-82.80246,27.97418
-82.80241,27.97417
-82.80237,27.97415
-82.80127,34.2152
-82.79984,32.39602
-82.79762,42.58141
-82.79744,42.58139
-82.79686,41.78786
-82.7962,42.58137
-82.796,27.80532
-82.79591,34.49897
-82.7959,27.80397
-82.79589,27.80376
-82.79546,27.80444
-82.7951,42.57829
-82.79436,42.58092
-82.79431,41.69349
-82.79346,34.49894
-82.79279,42.57469
-82.79278,28.011
-82.79228,28.01246
-82.79168,44.02042
-82.79167,44.02047
-82.79094,28.15532
-82.7902,28.14386
-82.78975,34.51652
-82.78888,28.17623
-82.78883,28.17628
-82.78875,28.17638
-82.78869,28.17645
-82.7872,41.67758
-82.78632,28.05039
-82.78568,28.173
-82.78507,33.20631
-82.7849,42.6555
-82.78232,27.78463
-82.78232,42.65588
-82.7816,27.83771
-82.78014,42.30213
-82.77919,42.59425
-82.77849,42.59429
-82.77772,27.84466
-82.77765,27.84466
-82.77758,27.84466
-82.7775,27.84466
-82.77684,28.05962
-82.77509,42.5934
-82.77499,42.59337
-82.77487,42.59334
-82.77477,42.59331
-82.77466,42.59328
-82.77455,42.59325
-82.77444,42.59322
-82.77435,42.59319
-82.77386,28.16441
-82.77093,29.96032
-82.77041,35.881
-82.77022,35.88122
-82.77014,27.80042
-82.76927,30.32735
-82.76807,27.812
-82.76776,27.81766
-82.76583,27.81539
-82.76467,41.54277
-82.76318,29.96416
-82.76256,29.21545
-82.76203,28.14596
-82.7619,29.98411
-82.76179,29.00135
-82.76179,29.00141
-82.76033,27.81325
-82.75981,27.81186
-82.75873,42.66546
-82.75864,42.66552
-82.75855,42.66559
-82.75846,42.66566
-82.75837,34.10697
-82.75794,28.15585
-82.75775,28.15858
-82.75657,28.15706
-82.75653,41.5087
-82.75513,35.17793
-82.75479,35.83905
-82.75445,35.83825
-82.75443,27.78827
-82.75443,27.78833
-82.75426,41.54514
-82.74673,46.4936
-82.7443,29.86921
-82.74364,46.58587
-82.74263,41.45194
-82.74243,36.67587
-82.74173,34.56123
-82.74093,34.25642
-82.74041,34.2137
-82.73997,29.86466
-82.73828,28.13336
-82.73827,28.13325
-82.73631,42.67404
-82.73592,27.70857
-82.73433,41.49433
-82.73323,42.02687
-82.73294,34.15096
-82.7313,41.59949
-82.73038,41.5991
-82.72978,41.5989
-82.72892,27.93605
-82.7288,27.93623
-82.72851,34.09369
-82.72729,37.69358
-82.72691,27.94381
-82.72651,37.69602
-82.72561,41.51103
-82.72461,41.60974
-82.7242,41.59497
-82.72368,28.28941
-82.7232,28.25057
-82.72258,27.97333
-82.72248,32.35489
-82.72199,41.51347
-82.72187,27.52715
-82.72002,35.21768
-82.71897,41.45687
-82.7168,41.52261
-82.71609,41.52301
-82.71534,27.62618
-82.71509,41.53956
-82.71245,41.5934
-82.71222,41.45936
-82.7121,28.24056
-82.71202,28.2406
-82.71172,35.79415
-82.71119,41.59312
-82.711,27.50567
-82.70968,42.30139
-82.70901,42.3007
-82.7087,43.94444
-82.70863,46.58058
-82.70857,28.36142
-82.70578,41.4612
-82.70323,41.59029
-82.70297,41.46171
-82.70236,27.49754
-82.70229,41.4616
-82.70218,34.18305
-82.70172,28.08611
-82.70172,28.08621
-82.70172,28.08643
-82.70171,28.08633
-82.69944,27.98397
-82.69936,35.25116
-82.69731,27.46797
-82.69703,27.9731
-82.69695,34.07134
-82.69606,32.29458
-82.69582,27.74001
-82.69504,35.02031
-82.6949,34.07162
-82.69337,27.45556
-82.69233,28.91118
-82.68892,27.49681
-82.68882,27.44786
-82.68804,38.53517
-82.68777,36.4963
-82.6875,27.98927
-82.68692,27.98919
-82.68656,41.4784
-82.68594,41.45364
-82.68591,41.45364
-82.68542,41.61555
-82.68391,39.05127
-82.68356,27.71166
-82.68349,27.71172
-82.68333,27.71335
-82.68303,27.71335
-82.68291,27.71227
-82.68288,27.7123
-82.68283,27.71235
-82.68256,41.47566
-82.68252,28.01394
-82.68239,27.72437
-82.68055,27.7075
-82.6798,46.90151
-82.67908,41.47333
-82.67852,41.45392
-82.67841,29.83349
-82.67795,27.7137
-82.67652,41.4524
-82.67594,41.44494
-82.67364,34.56604
-82.67206,41.44739
-82.66946,36.84246
-82.6675,28.43497
-82.66592,41.05862
-82.66557,28.0288
-82.66528,27.50847
-82.66521,28.86769
-82.66512,27.5091
-82.66458,27.51893
-82.66313,27.74111
-82.66271,46.47182
-82.66224,29.01306
-82.66189,27.51461
-82.65983,27.49577
-82.65845,41.81261
-82.65802,46.40049
-82.65773,41.81236
-82.65682,27.45317
-82.65577,42.57535
-82.65571,27.41494
-82.65462,46.48599
-82.65276,40.7085
-82.65276,42.67627
-82.65097,42.63321
-82.65086,42.63314
-82.65084,28.49074
-82.65078,28.49009
-82.6505,28.49186
-82.64982,28.536
-82.64868,27.73181
-82.64856,42.63111
-82.64847,34.06706
-82.6478,27.73414
-82.6475,46.20623
-82.64739,43.85564
-82.64382,30.18558
-82.6426,42.55771
-82.64102,27.53362
-82.64097,28.90399
-82.64086,42.58567
-82.63991,27.70374
-82.63991,27.73454
-82.63978,27.73437
-82.63814,28.90915
-82.63778,28.52305
-82.6374,38.4813
-82.63639,35.71927
-82.63627,35.26948
-82.63538,27.75983
-82.63481,27.76191
-82.63467,28.90338
-82.63458,28.90345
-82.63421,38.60967
-82.63373,28.76126
-82.63354,27.85205
-82.63341,27.80027
-82.63316,27.83846
-82.63312,28.02409
-82.63297,28.01329
-82.63255,30.17517
-82.63242,27.83295
-82.63239,42.67455
-82.63233,42.6745
-82.63225,32.19133
-82.63204,27.5347
-82.63185,28.02623
-82.63177,34.20986
-82.63175,27.77153
-82.63163,28.53669
-82.6315,27.76949
-82.63136,27.77233
-82.63087,29.84412
-82.63007,46.34772
-82.63005,34.19033
-82.62933,27.77301
-82.62881,27.77716
-82.62809,27.77133
-82.62806,27.7714
-82.62805,28.53625
-82.6279,27.77173
-82.62761,28.54217
-82.62686,27.80433
-82.62685,27.80386
-82.62684,28.53143
-82.62683,27.82134
-82.62484,42.67299
-82.62437,28.53282
-82.62419,42.29552
-82.62359,28.5433
-82.62331,35.29923
-82.62307,34.0329
-82.62297,28.53408
-82.62212,28.53316
-82.62212,28.53338
-82.62195,28.53299
-82.62193,28.45041
-82.62122,42.29833
-82.62097,28.7852
-82.62097,28.78525
-82.62057,28.78499
-82.62039,28.78539
-82.61908,29.00981
-82.61904,28.28772
-82.61854,28.78499
-82.61834,27.5097
-82.61765,35.68435
-82.61738,34.10167
-82.61725,27.50878
-82.61636,29.00765
-82.6159,30.16914
-82.61533,40.69766
-82.61493,43.77139
-82.61482,34.12138
-82.61479,42.62633
-82.61471,32.05985
-82.61408,34.06438
-82.61367,42.55801
-82.6118,27.5251
-82.61165,29.852
-82.61123,27.9723
-82.61106,27.84418
-82.61103,27.97229
-82.61051,34.09613
-82.61024,27.52525
-82.61015,27.79972
-82.60879,27.52708
-82.60848,27.52656
-82.60607,36.55125
-82.60448,28.87856
-82.60392,42.62819
-82.60296,30.19333
-82.60041,35.63172
-82.6003,42.59778
-82.5985,42.02621
-82.59843,35.64086
-82.59827,28.11594
-82.59769,34.05877
-82.59767,42.02778
-82.59747,28.89485
-82.59633,28.89917
-82.59631,42.02678
-82.59538,38.41303
-82.59397,29.85048
-82.59313,34.05137
-82.59294,35.50141
-82.59251,41.41302
-82.59184,28.89485
-82.59106,35.55522
-82.58747,45.90012
-82.58639,27.99672
-82.58591,27.42029
-82.5832,40.50553
-82.58151,35.29673
-82.58129,35.56485
-82.579,34.31256
-82.57718,28.71502
-82.57669,45.81622
-82.57561,27.50997
-82.57537,35.3289
-82.5741,29.03316
-82.57394,27.51176
-82.57387,27.51175
-82.57328,27.50008
-82.57151,42.0127
-82.57121,35.5893
-82.57015,42.01292
-82.56915,35.56709
-82.56891,43.00812
-82.56758,33.99898
-82.56387,42.61406
-82.55823,27.64275
-82.55637,27.49743
-82.55579,35.45091
-82.55451,41.39055
-82.55436,41.39096
-82.55428,41.39259
-82.55428,41.39368
-82.55423,41.38696
-82.55405,41.39207
-82.55381,45.82597
-82.55166,46.45064
-82.55158,27.85299
-82.55022,42.61406
-82.54862,27.34213
-82.54848,27.34606
-82.54779,42.31458
-82.54655,35.3876
-82.54605,27.33318
-82.54468,42.61293
-82.54343,37.50956
-82.54263,46.33899
-82.54194,35.42195
-82.5391,43.43002
-82.53891,43.4314
-82.53877,43.43054
-82.53875,33.64994
-82.53768,43.4327
-82.53648,27.88944
-82.53589,28.10899
-82.53413,27.88535
-82.53386,33.95798
-82.53372,42.58952
-82.53319,27.25317
-82.53208,42.59311
-82.53119,42.59676
-82.5307,41.96756
-82.52869,42.62001
-82.52617,43.26758
-82.52584,43.26881
-82.52554,27.49609
-82.52443,41.38784
-82.52442,41.38807
-82.52438,41.38754
-82.52066,27.68711
-82.5162,27.21942
-82.51613,27.21854
-82.51609,27.21801
-82.5152,46.32988
-82.5147,36.50148
-82.51437,27.5048
-82.51435,27.22015
-82.51358,31.95436
-82.51356,31.95439
-82.51354,42.64693
-82.51135,33.61592
-82.51134,48.15522
-82.50707,31.95075
-82.50657,42.63483
-82.50434,27.31927
-82.5023,29.04098
-82.50023,42.70261
-82.49876,42.63643
-82.49813,42.63822
-82.49718,42.63845
-82.49698,42.70985
-82.49692,42.63579
-82.49663,42.63763
-82.4922,27.17955
-82.4913,27.44502
-82.48901,34.86313
-82.48898,42.81995
-82.4889,42.81866
-82.48771,42.73895
-82.48455,27.82295
-82.48234,36.4987
-82.48177,46.32598
-82.48084,27.88957
-82.4808,27.7097
-82.48067,39.9307
-82.47969,39.5749
-82.47878,38.66193
-82.47817,42.72818
-82.47813,39.93192
-82.47707,33.64577
-82.4766,42.59398
-82.47571,42.61628
-82.47392,39.92125
-82.47366,27.74606
-82.4734,27.74622
-82.47338,42.97686
-82.47272,41.38237
-82.47169,42.79404
-82.47,33.64827
-82.46985,27.72528
-82.46893,27.96113
-82.46826,31.96838
-82.46716,42.90623
-82.46711,42.84045
-82.46606,42.90824
-82.46513,28.01254
-82.46506,28.01249
-82.46503,28.01255
-82.46477,29.04628
-82.46436,27.74374
-82.46398,27.11202
-82.4622,36.83107
-82.46187,27.10828
-82.46176,45.92062
-82.46119,27.10545
-82.46106,39.93678
-82.45892,28.20239
-82.45766,34.65177
-82.45539,27.93777
-82.45462,27.93932
-82.4541,27.93078
-82.45348,42.31773
-82.45252,43.01683
-82.45234,28.16818
-82.45189,42.58447
-82.45182,27.94013
-82.45177,28.20239
-82.45145,41.38958
-82.44998,27.90836
-82.44945,34.63737
-82.44876,27.35805
-82.44759,27.91121
-82.44732,29.04931
-82.44616,42.9953
-82.44595,30.78442
-82.44587,27.91084
-82.44566,27.11555
-82.44528,27.69392
-82.44185,27.19264
-82.44141,27.102
-82.44084,38.4252
-82.44075,38.42525
-82.44065,27.10324
-82.43981,42.31575
-82.43868,42.31402
-82.4361,27.67598
-82.43586,42.98286
-82.43158,39.54257
-82.43117,39.93083
-82.43069,42.9796
-82.42904,29.08728
-82.42893,31.96645
-82.42647,27.03956
-82.42421,39.92994
-82.42408,35.22795
-82.42367,27.78088
-82.42204,42.97336
-82.42184,42.97411
-82.42175,43.00552
-82.41657,42.9908
-82.41618,36.15109
-82.41423,38.30423
-82.41417,43.00208
-82.41399,42.4491
-82.41075,42.46495
-82.41057,27.01155
-82.41045,42.98039
-82.41038,27.01022
-82.40964,42.98747
-82.40905,42.38694
-82.40885,42.4724
-82.40881,42.38665
-82.40878,42.47247
-82.40852,42.47339
-82.40811,42.47324
-82.40803,42.47317
-82.40676,39.5336
-82.40361,38.44077
-82.40226,27.66464
-82.39975,27.6653
-82.39437,42.58609
-82.39294,33.93421
-82.39117,38.43139
-82.39036,33.96157
-82.38787,28.02113
-82.38692,40.05065
-82.3863,27.00142
-82.38474,27.8601
-82.38058,27.67671
-82.37877,38.12873
-82.37873,38.12865
-82.37759,28.0716
-82.37755,28.06977
-82.37593,40.77106
-82.37381,31.94104
-82.37111,40.75854
-82.37065,37.21394
-82.36823,33.88626
-82.36637,27.86023
-82.36536,45.69503
-82.36415,28.05465
-82.36373,41.42528
-82.36223,41.42219
-82.35986,46.1841
-82.35962,33.87002
-82.35809,46.18426
-82.35785,38.31165
-82.35645,36.39277
-82.3539,41.41682
-82.35365,42.72747
-82.35304,28.01312
-82.35268,40.41321
-82.3508,38.92754
-82.34548,40.41769
-82.34488,40.64355
-82.34485,40.64362
-82.34394,33.84416
-82.34319,33.70558
-82.34132,27.0716
-82.34114,46.18618
-82.34075,27.48159
-82.33998,41.41165
-82.33985,30.02683
-82.33833,41.40905
-82.33757,40.45932
-82.33592,40.45831
-82.33543,40.45904
-82.33514,46.18693
-82.33326,38.11626
-82.33064,26.92367
-82.3214,36.49013
-82.31931,27.86577
-82.31878,45.79372
-82.31771,26.92607
-82.31186,45.77841
-82.31183,28.099
-82.31175,38.08512
-82.30793,27.24566
-82.30753,36.90317
-82.30368,29.53516
-82.30232,37.27095
-82.30155,36.47324
-82.29848,29.52941
-82.29753,45.84646
-82.29688,34.99266
-82.29631,27.04393
-82.28887,36.7092
-82.28882,36.71025
-82.28876,27.8232
-82.28823,27.26556
-82.28617,27.06458
-82.28584,28.08083
-82.28569,28.08109
-82.2796,48.09685
-82.27705,48.09886
-82.27693,48.09912
-82.27661,28.907
-82.27535,26.80327
-82.27525,34.98436
-82.27316,28.65098
-82.27193,27.9884
-82.26961,26.83275
-82.26842,28.04863
-82.26722,45.65775
-82.2669,46.74592
-82.26063,33.79633
-82.26029,26.75488
-82.26022,26.75487
-82.25977,45.91001
-82.259,45.91027
-82.25731,45.91
-82.25678,45.90994
-82.25615,45.9007
-82.25335,29.61795
-82.25058,41.43645
-82.24923,29.61218
-82.24744,45.74675
-82.24688,31.91449
-82.24681,41.43618
-82.24516,26.68561
-82.24409,41.4361
-82.24114,28.61947
-82.23936,28.14601
-82.2358,33.66589
-82.23475,28.14875
-82.23406,26.88196
-82.23174,33.75313
-82.23072,35.33687
-82.23001,35.33694
-82.22979,35.43436
-82.22958,35.43482
-82.22792,35.43103
-82.22767,27.86752
-82.22725,33.73332
-82.2237,26.91632
-82.22338,36.35645
-82.2219,33.77939
-82.22186,33.77941
-82.22133,28.5933
-82.21772,33.74324
-82.21602,31.13827
-82.21475,38.80481
-82.21392,29.45069
-82.2123,29.44752
-82.20959,26.96841
-82.20862,29.42769
-82.2062,34.47017
-82.20236,35.43763
-82.20193,33.68056
-82.20157,33.6807
-82.20151,33.68074
-82.19993,29.63677
-82.19706,34.99456
-82.19674,26.54781
-82.19341,31.90054
-82.19322,39.24463
-82.19304,39.24427
-82.19302,39.24432
-82.19279,35.45904
-82.19003,26.52786
-82.19001,26.52758
-82.19,38.44373
-82.18961,26.52774
-82.18908,26.51047
-82.18896,33.67525
-82.18843,26.52194
-82.18559,40.57009
-82.1848,45.74988
-82.18266,42.59365
-82.18235,38.68486
-82.17898,41.47125
-82.17794,41.47372
-82.17499,42.41445
-82.17332,41.47015
-82.17226,29.92207
-82.16828,34.3253
-82.16558,29.49643
-82.16352,26.70424
-82.16347,26.70423
-82.16273,26.70416
-82.16219,29.86413
-82.16134,27.92415
-82.1613,27.92421
-82.16125,27.92426
-82.16122,27.92432
-82.16117,29.78897
-82.15889,38.43136
-82.15558,26.70124
-82.15544,26.66211
-82.15473,26.70126
-82.1542,26.66293
-82.15354,26.66274
-82.15342,28.79992
-82.14613,38.84034
-82.14605,27.86619
-82.14591,26.69438
-82.14188,30.73761
-82.14109,30.73812
-82.14012,26.47191
-82.1382,27.7628
-82.13757,30.95478
-82.13274,26.59286
-82.13167,38.83859
-82.12995,34.92105
-82.1263,26.59273
-82.12608,39.33268
-82.12525,26.59256
-82.12176,26.97386
-82.11892,36.30479
-82.11702,36.32097
-82.11675,33.59785
-82.11514,33.50414
-82.11491,31.86196
-82.11489,45.80337
-82.11393,26.96256
-82.11386,26.9626
-82.11375,26.97227
-82.10945,31.89727
-82.10944,38.94554
-82.10429,34.88807
-82.10351,28.7991
-82.10278,34.89001
-82.10188,29.50537
-82.09951,36.31272
-82.0992,29.74569
-82.09493,26.90936
-82.0933,34.99162
-82.08804,40.00549
-82.08797,40.00551
-82.08763,41.11271
-82.08706,40.00749
-82.08368,40.00304
-82.08368,40.00308
-82.08363,34.3292
-82.08294,26.50492
-82.08187,41.11234
-82.08061,26.54694
-82.08022,36.84618
-82.07974,36.84651
-82.07833,29.77318
-82.07232,26.92464
-82.07026,26.63051
-82.06999,26.62735
-82.06932,26.62906
-82.06697,30.35518
-82.06659,30.35534
-82.06647,36.32163
-82.06391,26.92934
-82.06337,29.71365
-82.06101,43.14118
-82.05996,34.27798
-82.05989,34.27796
-82.05616,26.64038
-82.05575,26.64412
-82.05535,29.74113
-82.05441,26.88809
-82.05372,26.88868
-82.05168,26.93876
-82.05164,26.93963
-82.05155,26.93946
-82.05117,26.89217
-82.04891,26.91196
-82.04805,26.90241
-82.04762,39.51936
-82.04737,33.57764
-82.04666,39.00288
-82.04347,26.90377
-82.04263,26.6472
-82.04249,39.53284
-82.04235,35.11041
-82.04229,35.11018
-82.0421,35.11196
-82.04058,39.52151
-82.03585,26.45359
-82.03412,39.52842
-82.03215,39.02715
-82.03169,29.87648
-82.03116,34.25843
-82.03035,39.02489
-82.02924,29.20381
-82.02487,39.55208
-82.01809,29.85256
-82.01757,26.88652
-82.0169,43.18951
-82.0143,45.55863
-82.01321,45.55862
-82.01298,26.48885
-82.01153,26.48803
-82.01054,26.48462
-82.00991,45.57007
-82.0079,26.54385
-82.00613,28.83261
-82.005,33.4924
-82.00279,27.06066
-82.00255,39.90304
-82.00251,27.06125
-82.00208,33.51373
-82.00204,36.32492
-82.00075,40.1193
-81.9999,26.53918
-81.99919,26.5169
-81.99917,41.51408
-81.99623,36.61185
-81.99375,34.23871
-81.99349,38.60884
-81.99317,26.63851
-81.99216,29.21421
-81.99211,29.2146
-81.99163,30.78324
-81.99144,35.29265
-81.99072,26.49068
-81.99015,33.49409
-81.98983,26.6244
-81.98933,26.49032
-81.98758,36.61768
-81.98737,34.21842
-81.97877,40.04325
-81.97838,28.90974
-81.97704,36.62239
-81.97249,34.24084
-81.97126,30.15596
-81.97021,36.35865
-81.96983,30.78403
-81.96945,35.71853
-81.96865,30.78364
-81.96844,26.47949
-81.96815,26.47938
-81.96682,35.7482
-81.96539,29.01625
-81.96468,26.46141
-81.9613,38.75029
-81.96059,36.63509
-81.95794,33.47595
-81.95582,26.45648
-81.95409,37.82595
-81.95401,26.45854
-81.9537,26.52652
-81.95363,26.45907
-81.95271,26.45902
-81.95235,26.54252
-81.95161,26.46061
-81.95145,26.54284
-81.95082,26.54381
-81.95066,26.45982
-81.94973,26.45927
-81.9496,26.46469
-81.94902,28.09154
-81.94818,26.4585
-81.94703,33.368
-81.94294,33.46915
-81.94289,27.99647
-81.94279,26.45705
-81.94266,26.45799
-81.94244,33.4691
-81.94009,26.67502
-81.93997,33.46807
-81.93985,26.71692
-81.93797,33.37295
-81.93655,34.1864
-81.93382,26.61997
-81.93205,29.44461
-81.93164,45.98592
-81.93129,45.98653
-81.93118,28.11136
-81.92938,36.64424
-81.92854,45.98441
-81.92806,45.98524
-81.9265,45.98229
-81.92567,26.64266
-81.92444,41.48946
-81.9242,29.44573
-81.92362,26.55232
-81.92296,36.64676
-81.92216,26.62431
-81.9219,26.53815
-81.92185,26.62431
-81.92105,30.81678
-81.92086,36.65062
-81.91841,26.56428
-81.918,29.5059
-81.91766,26.62849
-81.91726,26.62849
-81.91521,38.96239
-81.91367,45.89539
-81.91357,26.60749
-81.91302,40.47724
-81.9099,41.06096
-81.90967,42.26058
-81.90833,26.63884
-81.90807,42.25953
-81.90725,40.46092
-81.90715,40.46095
-81.90562,40.47813
-81.90331,45.97238
-81.903,27.97507
-81.90223,45.97236
-81.90047,46.13708
-81.89981,28.85768
-81.89954,30.94608
-81.8992,26.41368
-81.89888,26.41343
-81.89533,26.9757
-81.89201,36.04354
-81.89107,35.73014
-81.89102,35.7302
-81.88921,28.75971
-81.88717,28.78599
-81.88671,35.08628
-81.88663,35.7394
-81.8866,35.73945
-81.88656,35.73951
-81.8849,28.05509
-81.88347,28.051
-81.88289,28.04908
-81.88111,26.63641
-81.87817,28.83096
-81.87785,29.52567
-81.87537,28.82723
-81.87411,26.52955
-81.87274,28.7582
-81.87262,28.80494
-81.87253,26.64589
-81.87161,28.80469
-81.8693,26.64766
-81.86909,35.79295
-81.86901,35.79297
-81.86884,28.81469
-81.86716,31.22033
-81.86654,26.39345
-81.86647,26.39352
-81.86625,31.22035
-81.85923,28.55841
-81.8578,26.35935
-81.8522,30.07313
-81.85162,26.47339
-81.85137,26.4735
-81.85125,27.93827
-81.85077,42.3188
-81.84875,42.33566
-81.8485,29.13837
-81.84782,42.3236
-81.84775,42.32673
-81.84775,42.33522
-81.84687,39.8173
-81.84653,33.52362
-81.84588,38.50064
-81.84509,26.65263
-81.84373,33.28002
-81.84222,26.39904
-81.8422,26.39871
-81.84077,26.4003
-81.84034,26.39999
-81.83964,29.63601
-81.83767,29.50743
-81.83736,31.667
-81.83713,28.82789
-81.83702,39.63466
-81.83413,41.4869
-81.8333,29.17822
-81.83267,41.48002
-81.83262,41.48011
-81.83256,41.48021
-81.83232,41.48001
-81.83229,28.83554
-81.83208,38.41632
-81.83202,38.41638
-81.83141,41.48112
-81.83108,35.74908
-81.82836,26.33925
-81.82805,26.339
-81.82512,26.27775
-81.82493,38.05942
-81.82308,28.7464
-81.82033,26.29358
-81.81962,26.43667
-81.81751,26.68157
-81.81717,27.90145
-81.81471,31.66885
-81.81463,26.68293
-81.81328,29.35518
-81.81232,26.19794
-81.80972,24.54991
-81.80617,30.79048
-81.80604,29.50681
-81.8057,27.50363
-81.80555,24.56211
-81.80493,26.33873
-81.80485,26.33873
-81.80465,26.3387
-81.80423,26.71114
-81.80395,29.5082
-81.80341,27.62085
-81.80295,24.5624
-81.80291,24.5618
-81.8023,26.28295
-81.80164,24.56191
-81.80014,24.56287
-81.79801,26.34417
-81.79721,33.92106
-81.79572,28.12946
-81.7944,26.13043
-81.79329,26.13228
-81.79109,26.13791
-81.79082,26.68913
-81.79081,26.13694
-81.7907,26.68588
-81.79045,28.15204
-81.78883,26.13796
-81.78827,36.2218
-81.78554,28.82037
-81.7854,28.87298
-81.78525,26.70823
-81.78471,28.81989
-81.7847,24.55992
-81.78427,26.10271
-81.78412,28.81962
-81.7833,28.81934
-81.78268,26.71092
-81.78266,26.71101
-81.7821,28.81904
-81.78112,32.14772
-81.77997,27.74714
-81.77955,28.10719
-81.77746,26.69323
-81.77682,26.6922
-81.77368,28.04568
-81.7724,35.74412
-81.77229,28.55835
-81.77174,28.51135
-81.77173,28.51112
-81.77113,28.51261
-81.76925,39.092
-81.76903,28.55765
-81.76834,24.55909
-81.76827,33.218
-81.76768,28.7458
-81.76734,28.74328
-81.76723,28.74323
-81.76659,28.74303
-81.76648,28.74301
-81.76598,28.74451
-81.76508,28.79701
-81.76251,28.90489
-81.76161,28.92947
-81.7614,30.43666
-81.76107,26.71354
-81.76033,26.71355
-81.76033,26.71577
-81.75876,28.77162
-81.75783,38.9411
-81.75723,28.56375
-81.75715,28.56384
-81.75565,28.76547
-81.75524,28.04759
-81.75342,28.10648
-81.75302,26.71155
-81.75046,24.57888
-81.75018,26.72844
-81.7473,24.571
-81.74657,24.5705
-81.74573,24.58431
-81.74413,28.8105
-81.73995,30.28272
-81.73898,29.47573
-81.73847,36.13544
-81.73765,28.81093
-81.7356,28.79728
-81.73556,24.57418
-81.73552,24.57432
-81.73298,24.57154
-81.73227,24.57488
-81.73096,25.97427
-81.73064,29.35161
-81.73043,41.49336
-81.72985,24.56319
-81.72928,24.56395
-81.72881,25.97354
-81.72801,41.4944
-81.72786,41.49445
-81.72772,41.49451
-81.72756,30.25933
-81.72752,24.56558
-81.72741,30.12238
-81.7274,30.12308
-81.72706,24.56398
-81.72567,24.56276
-81.72529,30.15098
-81.72488,34.18255
-81.7239,30.97333
-81.72337,25.98365
-81.72322,41.49191
-81.72311,39.80531
-81.72185,39.79456
-81.72175,25.95685
-81.72101,39.53797
-81.72068,41.49313
-81.71794,41.49819
-81.71781,41.49816
-81.71708,25.91241
-81.71573,26.45046
-81.71277,26.16867
-81.71272,25.96097
-81.71126,35.83253
-81.71078,30.39644
-81.71069,30.3964
-81.70846,26.04605
-81.70803,30.03951
-81.70791,24.57606
-81.70523,28.88304
-81.70401,38.37245
-81.70364,41.48992
-81.70327,25.98044
-81.70185,30.14514
-81.70025,30.14608
-81.69934,29.57004
-81.69776,39.26528
-81.69752,27.99737
-81.69738,34.17552
-81.69637,41.50904
-81.69455,26.72123
-81.69232,30.00741
-81.69221,26.72385
-81.69219,35.89752
-81.69112,28.86643
-81.69046,28.85101
-81.69045,30.19296
-81.69041,26.05518
-81.69017,28.85163
-81.68911,30.25187
-81.68778,30.74203
-81.67789,28.70452
-81.67753,29.48899
-81.67737,29.50796
-81.67687,29.47074
-81.67683,28.70486
-81.67678,35.79321
-81.67633,29.57581
-81.67481,29.47461
-81.6736,29.48532
-81.67349,28.70456
-81.67106,27.99812
-81.66769,39.27246
-81.6672,24.60179
-81.66662,28.91737
-81.66657,34.6154
-81.66587,41.52423
-81.66491,29.43285
-81.66473,30.58933
-81.664,29.43305
-81.66182,30.31917
-81.66151,30.31943
-81.65585,25.93297
-81.65575,30.74854
-81.65472,29.2133
-81.65393,29.29453
-81.65311,29.67757
-81.65293,29.09786
-81.65186,41.53351
-81.65162,25.9208
-81.65072,29.40063
-81.65054,25.92082
-81.64955,29.98397
-81.64907,24.5971
-81.64735,28.7979
-81.64715,24.60121
-81.646,25.92087
-81.64463,29.39164
-81.64435,25.92115
-81.64391,28.79667
-81.64339,28.79714
-81.643,28.79515
-81.64228,39.54621
-81.64126,30.3198
-81.64089,30.38989
-81.63963,36.22012
-81.63949,29.38753
-81.63835,30.26656
-81.63666,29.01323
-81.63628,41.54062
-81.63497,29.98029
-81.63496,41.54088
-81.63414,30.13364
-81.63372,30.13397
-81.633,30.13454
-81.63223,29.64344
-81.63189,29.6444
-81.63189,30.13305
-81.63097,29.64369
-81.63088,29.6438
-81.63046,34.14015
-81.63012,30.13335
-81.62789,29.38141
-81.62785,38.33891
-81.62699,29.17071
-81.62609,29.17037
-81.62482,29.3809
-81.62374,28.45735
-81.62309,39.5513
-81.62306,28.42075
-81.62283,30.40059
-81.62225,29.37968
-81.621,36.24855
-81.62098,30.37825
-81.62058,30.7426
-81.61943,26.43655
-81.6185,30.21635
-81.61806,30.21647
-81.61667,29.37324
-81.61646,30.21559
-81.61464,31.82724
-81.61394,31.11364
-81.61384,30.56453
-81.61334,33.09572
-81.61241,42.50698
-81.61181,30.354
-81.60935,40.26149
-81.60854,30.57567
-81.60848,28.46353
-81.60807,30.57548
-81.60696,31.47145
-81.60653,36.289
-81.60631,31.42715
-81.60602,26.71379
-81.60473,41.5571
-81.6004,30.13416
-81.59925,24.62357
-81.599,38.33237
-81.59805,26.71393
-81.59658,40.99362
-81.59642,30.13447
-81.59457,36.30705
-81.59443,36.24603
-81.59415,25.988
-81.59403,25.98784
-81.59366,30.85843
-81.59354,25.988
-81.59324,25.98799
-81.5918,36.27097
-81.59158,29.63719
-81.59079,29.61137
-81.58966,29.61183
-81.58856,28.57619
-81.58776,30.57865
-81.58764,30.57906
-81.5862,41.57435
-81.58555,38.39596
-81.58515,30.37568
-81.58478,30.86766
-81.58326,38.32995
-81.57486,35.04172
-81.57401,27.9057
-81.57364,28.4247
-81.57358,26.71498
-81.57348,28.42473
-81.57308,28.42371
-81.57306,27.76311
-81.57301,28.41528
-81.57244,28.42237
-81.5708,30.62916
-81.57066,24.60346
-81.57031,36.27799
-81.57028,28.4094
-81.56991,30.28703
-81.56893,31.15256
-81.5675,29.96716
-81.56665,35.30434
-81.56629,39.28054
-81.56589,29.98631
-81.56539,24.64705
-81.56533,29.70352
-81.56454,41.58691
-81.56442,41.58837
-81.5637,29.20301
-81.56342,33.06099
-81.56314,41.58758
-81.56192,33.63609
-81.56186,28.41314
-81.56114,30.46664
-81.55992,34.08022
-81.55983,30.84552
-81.55967,39.55445
-81.55871,30.59021
-81.55811,28.36933
-81.55772,28.3612
-81.55459,24.63831
-81.55387,30.14531
-81.55097,40.97186
-81.55087,28.63258
-81.55077,40.11352
-81.55033,30.72005
-81.55019,30.72005
-81.54892,39.54386
-81.54709,31.15221
-81.54678,31.15184
-81.54671,28.34777
-81.54669,35.77423
-81.54626,29.18513
-81.54623,31.19006
-81.54587,31.18987
-81.54584,27.63022
-81.5444,28.36932
-81.54353,39.5328
-81.54352,28.35497
-81.54349,30.68404
-81.54173,24.61518
-81.54152,39.53071
-81.539,40.97622
-81.53878,30.73338
-81.53827,39.5297
-81.53641,30.55002
-81.53641,39.52967
-81.53637,28.38638
-81.53614,30.5495
-81.53538,39.25855
-81.53333,29.18522
-81.5326,40.10898
-81.53192,29.17801
-81.53147,34.87358
-81.53119,28.47069
-81.52958,28.42612
-81.52858,28.38457
-81.52657,40.95066
-81.5255,30.68012
-81.52522,30.68038
-81.5249,30.74471
-81.52487,29.16328
-81.52387,29.16579
-81.52382,30.38742
-81.52378,30.38799
-81.52364,36.88702
-81.52345,40.12193
-81.52217,40.12155
-81.52194,30.56563
-81.52109,29.16743
-81.52074,34.07862
-81.51958,37.17605
-81.51824,28.37177
-81.51801,24.66016
-81.51769,40.93091
-81.51594,27.61951
-81.5131,30.38981
-81.5118,27.56332
-81.51152,25.95678
-81.51098,27.57376
-81.51077,25.95634
-81.50924,27.61483
-81.50763,29.04711
-81.50761,29.44366
-81.50708,30.40475
-81.50657,30.66496
-81.50568,24.6582
-81.50563,24.65803
-81.50527,30.66527
-81.5049,30.66535
-81.50402,28.76827
-81.5033,32.93682
-81.50327,34.06476
-81.50236,28.76838
-81.50179,36.0173
-81.50035,31.16185
-81.49986,31.15608
-81.49981,37.1371
-81.49962,24.69482
-81.49864,27.96634
-81.49651,40.07327
-81.49449,30.77819
-81.49407,27.62565
-81.49087,32.99837
-81.48737,29.49327
-81.48576,26.43285
-81.48463,30.6282
-81.48381,33.55554
-81.48306,26.43268
-81.48178,41.13611
-81.48071,31.12404
-81.48002,39.38544
-81.47797,30.63175
-81.47771,30.63191
-81.47743,27.42356
-81.47657,27.49753
-81.47489,41.14359
-81.47327,27.56228
-81.47181,28.48792
-81.47101,34.06682
-81.46909,28.46868
-81.46837,28.48018
-81.46613,30.67001
-81.46586,30.67164
-81.46547,30.66998
-81.46536,30.67032
-81.46332,30.3919
-81.46279,28.40886
-81.46235,24.66198
-81.46217,39.41937
-81.4618,30.4443
-81.46072,30.51053
-81.45949,28.71262
-81.45913,30.39539
-81.45906,30.39526
-81.45889,41.14453
-81.45882,30.69544
-81.4581,35.2777
-81.45512,39.41198
-81.45511,35.30645
-81.45485,30.6912
-81.4532,35.3059
-81.45173,40.80344
-81.4515,30.68955
-81.45094,39.41046
-81.45017,39.40711
-81.44872,35.27988
-81.44845,31.33672
-81.4465,31.32741
-81.44613,31.32809
-81.44604,34.02107
-81.44525,34.01505
-81.44454,28.44027
-81.44451,28.71322
-81.44449,25.93139
-81.44433,28.71354
-81.44365,34.02
-81.4436,34.01991
-81.44273,28.26622
-81.4426,27.52195
-81.4409,30.32088
-81.43972,24.66128
-81.4391,41.02308
-81.43864,34.02221
-81.43846,27.54076
-81.43775,34.043
-81.43699,41.67546
-81.43697,31.36822
-81.43686,34.02083
-81.43625,34.0196
-81.435,34.01914
-81.43474,34.01943
-81.43419,29.42295
-81.43302,30.39054
-81.43194,30.25628
-81.43077,34.01891
-81.42917,28.69641
-81.42899,30.39616
-81.42874,30.39698
-81.42846,41.66957
-81.4283,30.35596
-81.42818,30.39733
-81.42722,39.93042
-81.427,32.84163
-81.42673,41.67115
-81.42638,41.67276
-81.42621,30.28647
-81.42569,30.28682
-81.42549,30.28724
-81.42526,41.67034
-81.42522,41.13122
-81.42477,40.60698
-81.42345,31.17056
-81.4233,30.42808
-81.4228,31.04202
-81.42243,31.04597
-81.42222,41.66839
-81.42036,28.69825
-81.42019,30.42019
-81.41993,30.29002
-81.41976,30.29002
-81.41941,27.40083
-81.41638,28.22433
-81.41577,31.16642
-81.41486,28.59593
-81.41395,27.85405
-81.41346,27.85076
-81.41323,34.08927
-81.41146,34.09099
-81.41144,27.85455
-81.41067,34.09105
-81.41014,33.52022
-81.40869,28.50802
-81.40708,41.25019
-81.40694,36.39489
-81.40548,36.31702
-81.40519,27.43606
-81.40488,39.06645
-81.40155,39.37388
-81.40048,39.37029
-81.39472,34.10963
-81.39414,24.67552
-81.39297,28.63884
-81.39219,31.40588
-81.391,33.50284
-81.3901,41.13837
-81.38731,24.66509
-81.38686,36.41681
-81.38564,32.07973
-81.38559,36.41544
-81.38498,30.13281
-81.38428,27.81253
-81.38358,36.41366
-81.38315,28.26334
-81.38261,29.02479
-81.38254,29.00734
-81.38234,28.2611
-81.38188,28.2636
-81.38117,29.0085
-81.38098,29.00868
-81.37794,24.69517
-81.37785,27.25252
-81.37509,24.71926
-81.37466,34.31946
-81.3734,34.0778
-81.37292,27.89453
-81.37067,31.57572
-81.37049,29.06302
-81.3701,33.25403
-81.36994,29.06251
-81.36956,33.25469
-81.36903,33.25364
-81.36889,28.60053
-81.36787,36.0847
-81.36764,32.06799
-81.36763,41.06058
-81.36734,28.99503
-81.36645,28.98123
-81.36607,28.47712
-81.36373,25.81378
-81.3632,29.13477
-81.36276,34.01037
-81.3626,25.81098
-81.36257,34.28673
-81.36183,28.13973
-81.3616,34.04603
-81.36082,31.56436
-81.36063,34.04693
-81.35969,28.48953
-81.35968,31.7306
-81.35903,25.81865
-81.35901,31.58193
-81.35884,25.81855
-81.35873,31.5314
-81.35864,34.01788
-81.35825,25.81019
-81.35817,28.97473
-81.35782,28.97478
-81.35762,28.97767
-81.3571,34.00963
-81.35707,28.88608
-81.35394,28.45832
-81.35332,27.94291
-81.35188,28.99335
-81.35163,31.55421
-81.35045,29.00459
-81.34841,24.69736
-81.34825,24.69717
-81.34674,41.16842
-81.34608,41.72494
-81.34515,30.11006
-81.34462,28.59398
-81.34403,28.94647
-81.34341,31.29543
-81.3432,28.84834
-81.34214,41.40069
-81.34184,41.40046
-81.34096,41.72581
-81.34026,36.4586
-81.33903,41.72564
-81.33724,27.26289
-81.33614,27.27317
-81.33052,29.85792
-81.32895,34.0943
-81.32883,34.09426
-81.32883,34.09429
-81.32805,28.83491
-81.32751,30.02355
-81.32682,27.25186
-81.32655,25.89228
-81.32595,28.67322
-81.32585,31.83097
-81.32431,29.88443
-81.32367,29.88481
-81.32363,28.83656
-81.32256,29.88643
-81.32231,29.8898
-81.32193,29.88022
-81.32189,29.88623
-81.32145,32.02365
-81.31918,29.88849
-81.31857,29.88719
-81.31797,29.87178
-81.31796,34.37624
-81.3176,24.64962
-81.31712,29.88025
-81.3139,29.85758
-81.31342,34.37933
-81.31336,35.80521
-81.3132,33.47825
-81.31296,27.30688
-81.31295,27.30678
-81.31102,41.06505
-81.30926,29.94904
-81.30904,29.91227
-81.309,29.89196
-81.30861,29.91595
-81.30794,29.9162
-81.3078,29.93895
-81.30714,29.91489
-81.30654,31.82028
-81.30646,31.82266
-81.30623,36.10893
-81.30534,29.89223
-81.30464,33.33092
-81.30368,39.37142
-81.29904,29.91724
-81.29795,29.91622
-81.29738,27.44195
-81.29554,29.89307
-81.29407,29.894
-81.2887,31.94357
-81.28807,31.97859
-81.28622,27.44252
-81.28621,34.10471
-81.28577,34.32753
-81.28567,29.8858
-81.28478,32.04114
-81.28303,28.25923
-81.28219,28.25911
-81.28198,41.74377
-81.28172,40.52549
-81.2784,31.76429
-81.27832,24.65701
-81.27816,24.65665
-81.27813,24.65672
-81.27813,36.09538
-81.27755,41.75891
-81.27754,31.45977
-81.27604,32.53237
-81.27549,40.5356
-81.27428,40.5358
-81.27067,25.89146
-81.26801,27.3238
-81.26783,28.81504
-81.26777,28.81528
-81.26756,28.81528
-81.26685,28.81509
-81.26645,28.70248
-81.26547,28.81468
-81.26544,33.45527
-81.26459,28.81473
-81.26442,28.81497
-81.26395,28.7268
-81.26372,28.81573
-81.26369,28.81468
-81.26308,31.62107
-81.26176,34.12934
-81.26141,34.12906
-81.25749,32.16797
-81.25602,34.65948
-81.2545,34.11734
-81.2538,34.11708
-81.25315,34.12906
-81.25276,28.27796
-81.25252,34.12921
-81.25252,39.38449
-81.2525,28.86269
-81.25196,34.12932
-81.25174,28.86304
-81.24872,24.67235
-81.24845,24.67261
-81.24812,24.67262
-81.24643,31.76546
-81.24223,36.59589
-81.24124,26.79009
-81.24107,26.78868
-81.23943,28.85656
-81.23927,34.09011
-81.23656,36.12565
-81.23371,28.96509
-81.2313,33.97671
-81.2308,32.36388
-81.23024,35.81487
-81.22951,24.68249
-81.2292,36.13022
-81.22899,34.09264
-81.22804,32.1869
-81.22776,41.5504
-81.22731,34.06537
-81.22627,40.16678
-81.2236,32.00415
-81.22278,41.3685
-81.22267,34.06521
-81.22216,36.13654
-81.22033,40.55905
-81.22032,40.55925
-81.21996,32.09451
-81.2198,31.99302
-81.21584,29.67015
-81.21504,29.66912
-81.21269,28.80285
-81.21104,41.46053
-81.20953,39.38936
-81.20932,32.37987
-81.20858,31.98086
-81.20773,32.48535
-81.20683,28.70537
-81.20683,39.39378
-81.20591,41.38734
-81.20579,39.39561
-81.20511,28.35103
-81.20386,31.88934
-81.20019,40.66154
-81.19872,27.80173
-81.19737,40.33966
-81.19621,35.81963
-81.19419,29.5767
-81.19374,29.57817
-81.19351,40.65602
-81.19332,29.57687
-81.19114,34.04609
-81.19096,34.046
-81.19066,34.0466
-81.18928,40.64753
-81.1885,29.57599
-81.18806,40.67577
-81.18539,31.98683
-81.18535,40.16202
-81.18533,33.65142
-81.18488,31.98647
-81.18451,38.15598
-81.18235,32.37925
-81.1817,28.78662
-81.18137,40.97691
-81.18092,40.66672
-81.18056,28.78613
-81.17899,28.24926
-81.17881,40.65624
-81.1782,32.82486
-81.17818,32.25871
-81.17799,31.88076
-81.17764,36.14483
-81.17587,31.87488
-81.17568,31.87358
-81.17323,31.87464
-81.17201,40.15611
-81.17191,31.97311
-81.17112,40.13319
-81.16952,32.36093
-81.16871,28.25269
-81.16658,33.90998
-81.16553,32.83912
-81.16146,41.79678
-81.1574,29.53128
-81.15674,32.16455
-81.15665,32.16418
-81.15446,31.93573
-81.15341,27.46626
-81.15271,36.15157
-81.15002,29.49742
-81.14227,35.81259
-81.1366,29.47974
-81.13566,29.47729
-81.13445,36.16373
-81.13409,36.16308
-81.12967,39.44929
-81.128,32.33914
-81.12678,28.57899
-81.12389,40.97449
-81.11993,31.93826
-81.11842,32.28676
-81.1163,31.98677
-81.11399,33.38161
-81.11219,24.70462
-81.11174,24.70916
-81.11155,24.70853
-81.11116,31.98245
-81.11033,24.70855
-81.10991,28.63925
-81.1082,24.70626
-81.10783,31.93369
-81.10683,28.61396
-81.10636,31.95925
-81.10633,24.71026
-81.10584,28.59663
-81.10518,41.81853
-81.105,33.58977
-81.10492,24.71077
-81.10437,31.9412
-81.09827,41.50898
-81.0974,31.92631
-81.0959,24.71362
-81.09472,29.30621
-81.09416,28.9388
-81.09335,41.14148
-81.09313,41.14144
-81.09142,24.70979
-81.09086,24.7159
-81.09063,31.93088
-81.0893,31.93543
-81.08929,31.99096
-81.08886,31.93532
-81.0888,29.34868
-81.08564,37.73562
-81.0845,24.71695
-81.08297,24.71691
-81.08225,24.7122
-81.08183,38.06727
-81.08177,34.01257
-81.08114,38.06687
-81.07895,35.02315
-81.07887,35.02324
-81.07198,31.90672
-81.06786,41.36825
-81.06707,31.94685
-81.06687,31.94702
-81.06479,29.18781
-81.06324,37.93368
-81.06184,31.89041
-81.06029,31.99273
-81.0593,24.72483
-81.05889,31.99368
-81.05869,39.22345
-81.05784,35.10188
-81.05641,31.9794
-81.05592,31.97985
-81.05537,31.97646
-81.05452,29.2853
-81.05384,37.8575
-81.04985,32.02821
-81.04984,32.02935
-81.04962,32.0301
-81.04926,35.04258
-81.04858,32.03146
-81.04806,32.00034
-81.04493,32.03657
-81.04484,32.03655
-81.04413,35.02538
-81.0438,35.10707
-81.03853,35.10037
-81.03852,33.5766
-81.03716,32.02018
-81.0363,29.24734
-81.03574,28.71453
-81.03553,35.16114
-81.03514,35.16127
-81.03462,35.03421
-81.03405,35.0346
-81.03212,35.02702
-81.03159,35.12052
-81.0312,35.11736
-81.03082,35.11815
-81.03041,24.72999
-81.03017,24.72983
-81.02987,35.56463
-81.02915,33.94925
-81.02733,35.11467
-81.0272,24.73171
-81.02567,35.10739
-81.02559,35.11562
-81.02537,32.0676
-81.02445,35.57288
-81.02424,35.10737
-81.02401,29.22894
-81.02299,32.05972
-81.02288,29.22598
-81.02277,32.05987
-81.0227,29.22609
-81.02226,37.99906
-81.02028,29.23214
-81.0201,33.33707
-81.01888,32.01773
-81.01876,24.72188
-81.01819,24.73339
-81.0164,35.57302
-81.01551,35.57223
-81.0149,35.2728
-81.01456,29.20745
-81.01455,35.27216
-81.01391,29.20454
-81.01346,32.12966
-81.01257,35.15543
-81.01256,29.20413
-81.01239,29.20483
-81.01231,29.20492
-81.01223,29.205
-81.0122,24.73436
-81.01214,29.20509
-81.01162,35.15555
-81.01111,31.95844
-81.01076,35.24479
-81.00893,41.03917
-81.00848,41.03617
-81.00845,41.03641
-81.00776,38.90059
-81.00714,41.02496
-81.00698,41.02469
-81.00649,35.03772
-81.00649,41.02461
-81.00472,24.73112
-81.00441,35.29833
-81.00379,35.02132
-81.00373,35.30021
-81.00371,35.1458
-80.99971,35.00613
-80.99733,32.0082
-80.99323,35.22573
-80.99266,32.01998
-80.99194,32.02062
-80.99179,32.02052
-80.99173,41.02854
-80.98881,32.01208
-80.98864,32.01279
-80.98864,32.01351
-80.98833,32.01312
-80.98804,35.56913
-80.98802,32.01413
-80.98718,32.042
-80.98678,35.45977
-80.98467,41.10908
-80.98406,36.20592
-80.98343,35.68025
-80.9828,29.14527
-80.98225,41.11594
-80.98133,35.67812
-80.98107,41.08106
-80.9809,35.67731
-80.98028,35.53869
-80.98015,24.74166
-80.97926,41.18931
-80.97908,41.18942
-80.9789,29.14764
-80.97668,29.14751
-80.97657,29.14756
-80.97535,41.09679
-80.97494,29.15487
-80.97317,41.09525
-80.97303,35.35333
-80.97273,34.98438
-80.97245,41.85697
-80.96895,35.46546
-80.96743,41.0654
-80.96732,35.67924
-80.96725,41.13569
-80.96723,41.19613
-80.96554,33.31396
-80.96363,35.45095
-80.96183,29.13201
-80.96137,32.03498
-80.96121,29.13237
-80.95862,32.03458
-80.95747,35.42723
-80.95692,35.481
-80.95663,35.4824
-80.95232,35.5608
-80.95012,35.60191
-80.94931,34.95621
-80.94848,29.10429
-80.94738,33.52581
-80.9471,29.10175
-80.9448,24.76823
-80.94439,24.76843
-80.9424,24.77139
-80.94122,35.49944
-80.93973,29.09171
-80.93893,29.06389
-80.93876,29.09165
-80.93856,35.60668
-80.93804,29.06463
-80.93769,38.58266
-80.93717,36.2159
-80.93691,35.46801
-80.93667,36.77367
-80.93556,28.54324
-80.93512,29.08234
-80.93316,35.3698
-80.9319,29.0799
-80.9289,35.60333
-80.92777,29.07941
-80.92738,35.59384
-80.92727,29.07915
-80.9272,38.58514
-80.92564,25.75515
-80.9244,26.76178
-80.92351,25.14227
-80.92343,25.14233
-80.92306,26.76134
-80.9228,25.14189
-80.9228,25.14355
-80.92268,26.76153
-80.92265,26.76163
-80.92258,25.14381
-80.92257,25.14401
-80.92257,26.76171
-80.92187,37.79622
-80.92081,29.02871
-80.92079,29.02741
-80.92073,29.02707
-80.91977,29.02903
-80.91751,35.51912
-80.91716,29.03351
-80.91691,29.03174
-80.91603,29.03373
-80.91583,24.77476
-80.91578,41.23873
-80.91573,35.51911
-80.91521,35.58516
-80.91492,29.03283
-80.9149,35.58403
-80.91413,24.77853
-80.91412,29.01275
-80.9137,29.03211
-80.91352,29.03675
-80.9132,29.01334
-80.91313,24.77792
-80.91268,29.03241
-80.91013,35.58452
-80.90806,32.56119
-80.90779,29.03922
-80.9054,34.08612
-80.90116,34.17211
-80.9006,35.46374
-80.89948,37.76081
-80.89675,34.60119
-80.89486,37.7232
-80.89468,35.66564
-80.89463,26.17465
-80.89426,35.45874
-80.89397,35.4642
-80.89235,35.51824
-80.89195,35.55073
-80.89153,28.97097
-80.89107,32.01569
-80.88966,32.1793
-80.8891,24.79029
-80.88909,35.48828
-80.88728,33.35548
-80.88577,37.65177
-80.88472,37.69737
-80.88344,32.01412
-80.88297,32.01332
-80.88222,38.24123
-80.88188,40.79843
-80.88162,34.60878
-80.88157,38.23969
-80.88153,41.24175
-80.88151,34.6088
-80.88117,33.28038
-80.8757,39.62831
-80.87561,34.17916
-80.87436,28.5887
-80.87388,33.48004
-80.87335,34.90767
-80.87225,31.97128
-80.87155,28.37085
-80.87145,39.76428
-80.87123,32.13324
-80.87108,35.49714
-80.87061,31.99311
-80.87053,28.98857
-80.87046,35.49699
-80.86986,33.40178
-80.86789,34.42412
-80.86771,34.70877
-80.86723,35.50694
-80.86602,34.70915
-80.86095,36.883
-80.85822,34.43289
-80.85511,36.88862
-80.85487,28.90346
-80.85389,31.99319
-80.85277,41.88472
-80.85031,25.21474
-80.84741,41.26705
-80.84731,36.24167
-80.84688,28.7706
-80.84171,41.26846
-80.83781,27.18819
-80.83674,32.37374
-80.83665,41.64896
-80.83593,28.86488
-80.83433,28.46091
-80.83382,28.86556
-80.83246,41.24715
-80.8294,28.93434
-80.82934,28.93491
-80.82664,28.67834
-80.82437,32.11604
-80.81451,41.11026
-80.80996,28.62195
-80.80953,28.61945
-80.80881,28.62009
-80.80847,28.61925
-80.80565,28.61415
-80.80563,36.92013
-80.80405,28.61822
-80.80346,32.45235
-80.80033,41.88734
-80.80023,32.25405
-80.80007,41.89272
-80.79976,25.2821
-80.79889,24.83804
-80.79883,24.83784
-80.79744,41.88983
-80.79716,41.88356
-80.79671,41.89928
-80.79603,28.55452
-80.79544,28.55492
-80.79535,28.6235
-80.79531,41.8969
-80.79528,41.89801
-80.79506,28.55334
-80.79448,41.88398
-80.79136,28.62587
-80.79039,28.6262
-80.78788,32.22875
-80.78775,33.81922
-80.78708,28.62764
-80.78444,32.50368
-80.78144,32.21576
-80.78119,32.21576
-80.78103,28.50605
-80.77881,32.21562
-80.77725,27.7259
-80.77721,28.85774
-80.77591,32.39194
-80.77266,32.2231
-80.77259,41.41887
-80.77197,32.17816
-80.77141,40.64835
-80.77135,40.64837
-80.76991,32.17725
-80.76954,38.29908
-80.76945,34.43199
-80.76709,28.47512
-80.76659,28.47513
-80.76575,41.32004
-80.76572,41.32006
-80.76553,32.25964
-80.76509,27.19462
-80.76478,27.63109
-80.76467,41.30898
-80.76259,41.30802
-80.76253,38.65573
-80.7625,41.30801
-80.76245,27.19262
-80.7624,41.30801
-80.7601,40.64386
-80.7569,28.73302
-80.75656,28.73351
-80.75576,39.91474
-80.75497,34.70236
-80.75302,28.08524
-80.75221,39.91269
-80.75155,39.91487
-80.74983,41.30832
-80.74549,41.31316
-80.74549,41.31386
-80.74379,36.13365
-80.74373,41.31707
-80.74364,27.82141
-80.74331,27.82164
-80.74299,41.32323
-80.74276,41.32392
-80.74201,41.32502
-80.74141,41.36133
-80.74129,27.86631
-80.74031,41.38837
-80.7378,24.84919
-80.73777,24.85133
-80.73419,28.14747
-80.73261,28.14776
-80.73238,28.71097
-80.7318,36.94496
-80.7292,25.76228
-80.72478,28.3575
-80.72433,27.84536
-80.72411,28.35694
-80.72319,36.98825
-80.72262,28.35525
-80.72113,36.2697
-80.72112,28.70626
-80.72064,28.44664
-80.71787,26.70455
-80.71772,32.37778
-80.71581,27.16298
-80.7132,40.09776
-80.71123,37.04994
-80.70935,28.40639
-80.70725,28.40722
-80.70716,41.15176
-80.70713,34.33572
-80.70708,34.33576
-80.70707,28.40722
-80.70627,28.40723
-80.70553,35.45312
-80.69965,34.33345
-80.69733,38.66156
-80.69379,40.98565
-80.69074,24.88274
-80.68742,38.66037
-80.68693,32.37039
-80.68558,37.0034
-80.68463,32.89093
-80.68379,32.65289
-80.68371,25.7623
-80.68364,41.12207
-80.68325,40.5615
-80.68274,38.65637
-80.68269,38.65706
-80.68031,28.40828
-80.67883,28.40777
-80.67852,32.39557
-80.67844,28.3585
-80.67794,26.14701
-80.67785,41.09737
-80.6744,32.42998
-80.67435,32.43007
-80.67432,41.06006
-80.67389,25.76357
-80.67365,32.35342
-80.67361,28.40788
-80.67334,25.76788
-80.67132,33.10436
-80.66974,32.57807
-80.66474,28.25434
-80.66341,28.2108
-80.66276,28.4021
-80.66274,28.20861
-80.66233,41.10386
-80.6615,28.20666
-80.66122,27.09037
-80.66105,28.33423
-80.66091,28.34739
-80.65971,28.43506
-80.65805,32.41919
-80.6577,24.89764
-80.65393,34.24496
-80.64955,28.17832
-80.64949,24.90784
-80.64937,28.17845
-80.64865,28.6748
-80.64525,32.32798
-80.64524,33.75339
-80.6444,27.66261
-80.64352,28.20765
-80.64304,28.20703
-80.64013,24.9155
-80.63743,28.20918
-80.63704,28.20912
-80.63668,24.91836
-80.63573,24.91952
-80.63562,24.91987
-80.63511,28.20811
-80.63488,28.20834
-80.63442,24.92014
-80.63172,26.866
-80.63164,37.06283
-80.63115,28.4086
-80.63007,34.23472
-80.62959,28.40713
-80.62887,28.40811
-80.62881,33.94724
-80.6285,28.35726
-80.62792,26.33865
-80.62756,33.94727
-80.62749,28.12601
-80.62746,28.12583
-80.62745,28.40754
-80.62523,28.1253
-80.624,28.41701
-80.62352,28.21098
-80.62188,40.98005
-80.62112,24.93365
-80.6206,37.05547
-80.61846,35.32926
-80.61821,26.98576
-80.61763,38.84233
-80.61681,37.28569
-80.61621,40.37942
-80.61573,37.2899
-80.61503,40.26428
-80.61425,28.40885
-80.61387,40.27224
-80.61352,38.84205
-80.61308,28.35499
-80.61304,33.06473
-80.61296,28.35674
-80.61289,28.21382
-80.61215,24.93645
-80.61207,28.25309
-80.61155,28.09946
-80.61143,40.72748
-80.60793,24.94125
-80.60612,40.45002
-80.60595,28.13576
-80.60585,28.13578
-80.60516,32.32111
-80.60426,28.14925
-80.60367,28.41097
-80.60354,28.14961
-80.60257,28.01295
-80.60241,28.15063
-80.60123,28.14463
-80.60112,28.01414
-80.60085,28.07648
-80.60079,28.13877
-80.60054,32.48446
-80.60049,28.07765
-80.59979,28.07965
-80.59979,28.07974
-80.59938,36.4879
-80.59876,25.75964
-80.5978,41.06322
-80.59516,28.40782
-80.59503,28.40782
-80.59493,35.31638
-80.59489,28.40782
-80.59475,28.40782
-80.59403,28.42056
-80.59203,37.06968
-80.59195,42.57969
-80.59121,24.95041
-80.58763,32.63425
-80.58554,24.95359
-80.58452,35.82267
-80.58286,28.02982
-80.58274,28.03226
-80.5792,28.03234
-80.57898,37.08859
-80.57778,37.08472
-80.57725,32.4502
-80.57406,38.80118
-80.5728,25.39863
-80.57032,38.79044
-80.56988,24.95431
-80.56888,24.96505
-80.56873,24.96486
-80.56798,28.01658
-80.56773,40.61386
-80.56736,28.01659
-80.56683,28.01642
-80.5654,37.19847
-80.56356,35.8103
-80.56237,35.8097
-80.56133,38.66792
-80.55309,41.9696
-80.55306,28.04309
-80.55251,37.16116
-80.55103,38.66875
-80.54329,33.63223
-80.54323,33.63235
-80.54269,36.36692
-80.54266,41.9531
-80.54236,25.7614
-80.53864,26.334
-80.53707,33.70128
-80.53394,25.00323
-80.5316,33.5791
-80.53062,25.00348
-80.52972,27.93754
-80.52955,41.57088
-80.52823,27.93428
-80.52638,27.93128
-80.52634,27.93121
-80.52631,27.93114
-80.52628,27.93107
-80.52434,41.55491
-80.52052,41.34052
-80.51988,25.01046
-80.51984,25.01085
-80.51672,41.53195
-80.51628,36.09301
-80.51509,33.65925
-80.51011,41.22684
-80.50954,33.55136
-80.50892,33.55211
-80.50663,35.77838
-80.50613,33.54321
-80.50418,36.25733
-80.50387,27.93454
-80.50348,41.6017
-80.5032,25.76193
-80.50238,25.76193
-80.50163,41.62433
-80.50152,33.55208
-80.50131,41.60632
-80.50126,41.52167
-80.49895,25.76203
-80.49669,27.87275
-80.4952,27.86984
-80.49509,27.86975
-80.49444,41.54513
-80.49367,27.85525
-80.4936,25.04856
-80.49352,25.0482
-80.49075,38.942
-80.48999,38.95564
-80.48934,25.04984
-80.48912,41.64483
-80.48901,32.3233
-80.48571,42.59482
-80.48538,41.32176
-80.48455,35.83814
-80.48286,41.51841
-80.48184,32.61319
-80.47779,41.66809
-80.47686,41.30983
-80.47533,27.82904
-80.47453,27.82928
-80.47452,33.5131
-80.47267,27.82667
-80.47229,27.89965
-80.47215,41.51104
-80.47207,41.31084
-80.47182,27.82402
-80.4713,27.87334
-80.4712,27.82146
-80.46847,27.00984
-80.46841,27.81748
-80.46822,27.00933
-80.46817,27.81744
-80.46816,35.79993
-80.46664,32.40795
-80.4662,37.74472
-80.46465,27.81087
-80.46431,27.8111
-80.4629,41.65774
-80.46229,26.2334
-80.46188,25.0725
-80.46105,35.7471
-80.45969,27.87422
-80.45955,33.49882
-80.45953,41.17227
-80.45915,26.23017
-80.45906,41.49814
-80.45905,41.17189
-80.45851,41.27311
-80.45812,27.87529
-80.45797,33.49995
-80.45428,27.79329
-80.45395,27.85043
-80.45358,25.92689
-80.4495,33.05489
-80.44908,26.17233
-80.44799,26.17693
-80.44695,26.17804
-80.44638,26.06019
-80.44592,26.15813
-80.44514,26.06091
-80.44439,36.13299
-80.44269,27.01836
-80.44228,25.28807
-80.44121,36.14471
-80.44099,36.14416
-80.44069,25.08767
-80.44002,42.58561
-80.43924,33.57284
-80.43888,33.57315
-80.43788,33.56657
-80.43763,33.52313
-80.43716,33.56744
-80.43679,41.11178
-80.43335,36.21577
-80.43243,41.29459
-80.42744,41.28618
-80.4247,41.28706
-80.42399,41.28731
-80.42281,41.28788
-80.41703,36.01409
-80.41635,40.24776
-80.41602,32.67876
-80.40908,41.29348
-80.40703,25.12422
-80.40702,25.12429
-80.40282,32.93561
-80.40065,40.25642
-80.40061,35.97411
-80.40023,35.97368
-80.3987,25.14297
-80.3979,41.35379
-80.39701,25.14543
-80.39603,27.69205
-80.39538,42.58694
-80.39532,27.6925
-80.39502,42.58646
-80.39459,42.58653
-80.39115,35.72395
-80.39109,36.03186
-80.38858,42.58296
-80.38619,35.85708
-80.3768,25.64611
-80.37434,42.0213
-80.37066,36.52587
-80.37028,27.65282
-80.36991,27.65738
-80.36944,27.6543
-80.36921,27.65753
-80.36915,27.65439
-80.36894,27.6544
-80.36882,27.65432
-80.36727,27.64783
-80.36518,27.58674
-80.36168,26.13261
-80.36147,26.1328
-80.35486,26.12538
-80.35145,25.69437
-80.3494,25.76212
-80.34438,27.50913
-80.34407,41.3228
-80.34087,32.49467
-80.33668,27.26262
-80.33658,27.2626
-80.33418,27.4794
-80.33366,27.48018
-80.33273,27.3233
-80.33181,33.53542
-80.33179,33.53537
-80.33104,33.53393
-80.33001,27.47092
-80.32966,27.46853
-80.32951,25.54023
-80.32811,27.46517
-80.32787,25.53764
-80.32601,25.53808
-80.32452,27.4586
-80.32345,32.50229
-80.32296,27.45187
-80.32246,27.44881
-80.32246,27.44982
-80.3216,27.45058
-80.32069,41.28487
-80.32065,41.28508
-80.32004,27.27524
-80.31536,27.24432
-80.31457,35.66771
-80.31402,27.46114
-80.31363,27.24378
-80.31189,27.24345
-80.31168,27.47971
-80.30848,35.60876
-80.30818,35.61015
-80.30707,25.61088
-80.30592,33.52145
-80.30449,27.46367
-80.30339,27.46463
-80.30284,36.51424
-80.30215,27.46695
-80.30043,26.35632
-80.3003,26.35628
-80.29983,26.35614
-80.29968,26.3561
-80.29822,26.35275
-80.29811,26.35369
-80.29794,25.31095
-80.29682,25.31164
-80.29627,32.68857
-80.29597,27.0958
-80.29545,27.09392
-80.29483,25.63129
-80.29402,27.09854
-80.29393,25.63536
-80.29311,32.60248
-80.29294,25.63448
-80.29213,25.63402
-80.28945,40.69176
-80.28942,27.45222
-80.28887,25.63765
-80.28392,25.66978
-80.28321,25.31129
-80.28122,26.22993
-80.28058,25.64206
-80.27983,25.31289
-80.27726,26.06807
-80.27556,27.21759
-80.27205,25.33151
-80.27196,27.11665
-80.27089,27.18349
-80.27036,33.53323
-80.27028,27.18328
-80.27025,27.13375
-80.26652,25.72348
-80.266,33.53375
-80.26465,40.58167
-80.26301,27.1725
-80.26193,27.20605
-80.26023,35.64707
-80.26022,25.67908
-80.26017,25.67897
-80.26013,25.67888
-80.26008,25.67878
-80.26003,25.67867
-80.25965,27.20095
-80.25918,27.12009
-80.25827,27.17619
-80.25775,27.21461
-80.25771,27.19722
-80.25659,27.17484
-80.25632,27.21568
-80.25582,27.17462
-80.25578,27.21598
-80.25533,27.3783
-80.25427,26.22969
-80.2515,25.70391
-80.24898,26.65913
-80.24823,36.43003
-80.24652,35.69081
-80.2413,26.66094
-80.23892,38.93937
-80.23848,27.21794
-80.23784,25.72728
-80.23776,25.7273
-80.23765,25.72733
-80.23756,25.72736
-80.23698,25.72696
-80.23636,27.21691
-80.23522,25.39723
-80.2343,25.73019
-80.23383,25.79038
-80.23368,25.72643
-80.23335,33.40389
-80.23328,25.73006
-80.23278,33.40366
-80.23165,25.73196
-80.23101,25.73255
-80.2309,25.73139
-80.23036,25.73202
-80.23,35.59643
-80.22753,25.73643
-80.22471,27.24484
-80.22463,27.24564
-80.2245,27.24515
-80.22364,40.5698
-80.22355,27.2516
-80.22342,25.78536
-80.2231,27.25179
-80.22228,27.25265
-80.22198,26.49851
-80.22123,26.23054
-80.22051,26.23053
-80.21862,26.06407
-80.21776,26.70591
-80.21756,27.23132
-80.21613,27.23001
-80.2161,27.23002
-80.21471,33.5419
-80.21205,38.99112
-80.21129,27.22263
-80.21072,26.25817
-80.20973,27.1719
-80.20736,33.56784
-80.20453,27.1733
-80.20402,33.55868
-80.20396,33.55868
-80.20386,33.55868
-80.20188,33.52495
-80.20179,33.52556
-80.20072,26.0882
-80.20043,27.15093
-80.20034,33.52487
-80.2,41.56023
-80.19703,27.1466
-80.19646,36.40879
-80.19644,27.16094
-80.19636,27.14624
-80.19611,27.16108
-80.19596,27.14538
-80.19582,27.14995
-80.19581,27.15804
-80.1956,27.14501
-80.19554,27.15016
-80.19543,27.16188
-80.19536,27.14878
-80.19433,27.14413
-80.19388,27.16252
-80.19154,35.50228
-80.19139,35.88809
-80.1909,27.14984
-80.18868,27.20798
-80.18848,40.53534
-80.1854,35.5357
-80.18529,40.53362
-80.18515,33.51492
-80.18468,25.77864
-80.18467,25.79088
-80.18334,41.64928
-80.18284,32.59796
-80.18212,26.06756
-80.18067,41.44606
-80.1799,25.83791
-80.17905,41.44619
-80.17835,25.82325
-80.17416,25.74557
-80.17375,25.787
-80.17328,25.7861
-80.17316,25.77778
-80.1727,25.78543
-80.17249,25.78393
-80.17246,25.78208
-80.17243,25.7838
-80.17235,25.78363
-80.17233,25.78372
-80.17229,25.7835
-80.17181,25.78159
-80.16993,25.69982
-80.16981,26.65901
-80.16944,26.06711
-80.16855,34.4688
-80.16843,27.14896
-80.16814,41.43076
-80.16808,25.84749
-80.16682,26.09795
-80.16667,26.84039
-80.16643,26.65542
-80.16629,25.84963
-80.16485,32.9476
-80.16484,26.06975
-80.16442,26.06908
-80.16411,26.6549
-80.16187,41.63708
-80.16078,26.32768
-80.1599,26.64204
-80.15931,41.62943
-80.1591,41.65163
-80.1583,33.44846
-80.15799,32.60569
-80.15612,25.72571
-80.15431,32.64835
-80.15194,41.41916
-80.15117,41.4255
-80.15107,33.41225
-80.15086,33.41216
-80.15034,25.93499
-80.14993,26.1167
-80.14972,26.11688
-80.14937,33.39243
-80.14918,26.11735
-80.14876,41.41909
-80.14699,26.05968
-80.14656,42.12537
-80.14646,33.33107
-80.14622,36.40184
-80.14577,25.79506
-80.14505,25.79368
-80.14467,25.84826
-80.14383,25.76093
-80.14281,26.98805
-80.14118,25.75628
-80.14117,36.40291
-80.14075,39.48161
-80.1406,39.48168
-80.14046,33.38477
-80.14036,25.77066
-80.13792,25.91272
-80.1376,35.48218
-80.13723,35.46897
-80.13628,26.05853
-80.13199,40.8027
-80.13091,42.14543
-80.13088,42.14548
-80.13061,25.91359
-80.12986,41.41679
-80.12973,40.51606
-80.12958,25.96973
-80.12951,26.03142
-80.12935,26.20605
-80.12681,36.3695
-80.12658,40.93928
-80.12503,25.90592
-80.1247,25.95636
-80.12389,40.96747
-80.12362,41.40559
-80.12331,26.10288
-80.12255,26.10292
-80.12185,26.0143
-80.12165,26.0143
-80.1215,26.00136
-80.12145,26.01431
-80.12125,26.01431
-80.12117,26.10201
-80.12082,26.34237
-80.1203,40.51423
-80.12013,26.10346
-80.11973,26.02007
-80.11973,42.15447
-80.11953,26.02007
-80.11934,26.02008
-80.11872,26.01467
-80.11715,26.10184
-80.11584,33.34981
-80.11548,33.35031
-80.11509,35.40787
-80.11449,42.15356
-80.11434,42.15357
-80.11298,26.08932
-80.11268,40.33841
-80.1126,26.08135
-80.11254,26.08133
-80.11187,26.09102
-80.10997,42.13015
-80.10962,26.13896
-80.10858,26.14078
-80.10778,40.9488
-80.10766,40.94883
-80.1076,26.11174
-80.10723,26.11322
-80.10675,32.7852
-80.10668,32.78509
-80.10659,32.78513
-80.10649,32.78517
-80.10644,41.34404
-80.10559,42.13039
-80.10541,41.60954
-80.10396,41.54069
-80.10383,35.50372
-80.10332,42.13027
-80.10296,33.26838
-80.10222,42.13193
-80.10039,26.21063
-80.10027,36.15379
-80.10026,40.96125
-80.09966,26.25241
-80.0989,40.96186
-80.09826,40.96078
-80.09801,33.13649
-80.09664,26.32212
-80.09449,41.69467
-80.09423,43.09788
-80.09375,41.38255
-80.09365,42.15774
-80.09313,26.23293
-80.09178,26.25208
-80.09168,39.51825
-80.09157,26.25208
-80.09139,40.94675
-80.09136,26.25208
-80.09115,40.94059
-80.09103,35.48333
-80.0909,33.38138
-80.09064,36.1058
-80.08817,26.97747
-80.08794,35.3925
-80.08532,26.58562
-80.08516,26.94032
-80.08461,26.93264
-80.08457,26.9327
-80.08453,26.93275
-80.08407,26.47937
-80.08406,43.93517
-80.08383,26.94187
-80.08377,26.94189
-80.08376,26.26677
-80.08372,26.26649
-80.0837,26.94191
-80.08364,26.94192
-80.08354,43.93547
-80.08313,26.31675
-80.08166,26.31325
-80.08165,26.31327
-80.08113,26.94595
-80.08087,26.91787
-80.08087,26.9385
-80.08057,26.31578
-80.08026,26.59912
-80.07886,42.15303
-80.07609,26.34984
-80.07515,42.14886
-80.07432,35.30562
-80.07414,35.30572
-80.07323,26.88054
-80.07307,26.68559
-80.07049,42.79756
-80.07013,40.95803
-80.06956,26.84603
-80.06928,40.95999
-80.0691,40.92367
-80.06829,26.81377
-80.06742,26.84789
-80.06726,26.84751
-80.06641,26.85289
-80.06624,26.87419
-80.06604,26.44572
-80.0659,26.44468
-80.06409,36.24122
-80.06399,36.84931
-80.06277,32.77246
-80.0623,32.77197
-80.06222,35.23121
-80.06127,35.37975
-80.05891,26.8286
-80.05788,41.80539
-80.05489,26.52767
-80.05481,26.8312
-80.05456,26.5285
-80.05348,26.54638
-80.0533,36.29997
-80.05329,26.5463
-80.05328,26.5464
-80.05327,26.54647
-80.05304,26.54586
-80.05234,26.77775
-80.05234,26.77781
-80.05136,26.74892
-80.05122,32.9782
-80.05106,26.77359
-80.05023,33.21085
-80.05018,26.71644
-80.04956,26.78453
-80.04899,26.59258
-80.04893,26.59072
-80.04824,26.72057
-80.04749,26.58371
-80.04741,26.58371
-80.04567,26.70382
-80.04358,39.15289
-80.04314,32.8379
-80.04293,26.82683
-80.04261,26.82499
-80.04171,26.78462
-80.04166,26.7842
-80.04076,40.9519
-80.04066,40.95196
-80.04056,40.95199
-80.0401,40.94722
-80.03952,26.77875
-80.03951,26.78068
-80.02278,40.96916
-80.0224,32.83687
-80.02181,39.30227
-80.02127,32.83615
-80.01894,45.0652
-80.01744,39.97788
-80.01324,39.98099
-80.01226,39.9816
-80.01188,32.75443
-80.01156,32.75213
-80.01114,44.53232
-80.00966,38.00814
-80.00906,44.47559
-80.00837,45.26363
-80.00784,39.98382
-80.00682,39.98395
-80.00485,39.95309
-80.0043,40.4374
-80.0029,45.0816
-80.00217,36.01261
-80.00127,41.46369
-80.00095,39.98486
-80.00019,33.31281
-79.99849,43.08798
-79.99727,32.66832
-79.99438,36.37479
-79.99435,40.00351
-79.99303,36.3748
-79.99297,33.40221
-79.99257,32.76834
-79.99181,43.08771
-79.99169,39.65942
-79.98872,33.25452
-79.98801,44.6732
-79.9873,37.81808
-79.98704,41.9365
-79.98523,40.45459
-79.98462,45.14113
-79.98099,33.21421
-79.98078,33.21346
-79.97514,40.43259
-79.97383,45.15993
-79.97354,33.21309
-79.97274,32.76731
-79.97146,37.91459
-79.96817,37.94909
-79.96598,32.82978
-79.96541,36.40699
-79.96536,32.67538
-79.9628,42.19103
-79.96201,32.77761
-79.962,32.64867
-79.96156,32.64769
-79.96054,33.49475
-79.95998,32.78514
-79.95971,45.26987
-79.95775,33.05766
-79.95709,32.782
-79.95598,41.43896
-79.95498,36.38489
-79.95409,45.10872
-79.95359,39.95001
-79.95315,33.19591
-79.95273,44.7714
-79.95248,32.77779
-79.95064,32.67978
-79.95001,44.76716
-79.94896,32.7064
-79.94831,32.6613
-79.94755,37.99255
-79.94714,37.38427
-79.94704,37.38429
-79.94692,32.65968
-79.9469,37.38424
-79.94638,45.10709
-79.94602,32.65984
-79.94506,44.78245
-79.9444,36.96717
-79.94439,32.66218
-79.94341,32.66024
-79.94329,32.66027
-79.94147,36.96688
-79.94078,39.68637
-79.93936,44.77284
-79.93804,36.43904
-79.93745,32.96791
-79.93709,40.24035
-79.93695,32.96692
-79.9369,32.96714
-79.93632,39.93318
-79.93512,44.78926
-79.93511,39.93186
-79.9345,32.83181
-79.93439,39.93108
-79.93351,32.83258
-79.93226,32.80299
-79.93178,33.42317
-79.9254,32.7737
-79.92477,32.7753
-79.92421,32.78898
-79.92372,39.89616
-79.91845,32.75409
-79.91734,40.20087
-79.91719,41.62123
-79.91686,40.02094
-79.91341,45.29928
-79.90923,32.78699
-79.90713,44.1565
-79.90702,32.81336
-79.90444,39.73481
-79.90319,40.48774
-79.89865,43.28217
-79.89765,44.75671
-79.89758,44.75977
-79.89653,44.75807
-79.89334,34.64098
-79.89214,40.13636
-79.89103,32.7927
-79.88909,36.39031
-79.88906,32.82429
-79.88905,36.11268
-79.88583,36.1688
-79.88577,36.16865
-79.88505,35.29579
-79.87945,32.81747
-79.8776,32.79385
-79.8774,40.03335
-79.8768,32.79313
-79.87645,35.05485
-79.87421,34.69859
-79.87286,45.17685
-79.87142,43.26969
-79.87072,36.74542
-79.87014,40.348
-79.86892,43.27165
-79.86853,40.35024
-79.86747,43.27232
-79.86688,45.16323
-79.8665,40.39493
-79.86318,43.27392
-79.86311,43.27552
-79.8616,32.76541
-79.8616,38.90836
-79.86074,42.94627
-79.85958,39.67832
-79.8583,39.67855
-79.85514,39.66447
-79.85341,45.29432
-79.85261,39.66054
-79.85023,44.74883
-79.84957,41.32143
-79.84933,40.51735
-79.84897,40.51571
-79.84425,43.30054
-79.84423,41.26753
-79.84387,39.71006
-79.84074,41.81463
-79.84055,32.77415
-79.83843,36.16768
-79.83839,41.26352
-79.83809,36.16744
-79.83741,33.6637
-79.83298,32.76993
-79.83184,32.92772
-79.83001,43.10011
-79.82895,40.31207
-79.82819,44.98574
-79.82648,44.98762
-79.82642,36.41087
-79.8252,36.63358
-79.82368,36.61327
-79.82157,32.8049
-79.82016,44.87259
-79.81997,41.38158
-79.8196,44.87272
-79.818,41.38767
-79.81777,44.87294
-79.81483,37.64567
-79.81411,41.91328
-79.81107,44.99014
-79.81105,33.13113
-79.80988,32.77776
-79.80787,33.09451
-79.80744,32.7794
-79.80138,37.22007
-79.80131,37.22004
-79.80077,39.9257
-79.79752,43.29728
-79.79717,36.43374
-79.79712,37.21925
-79.79693,41.25543
-79.79627,37.90823
-79.79366,42.25887
-79.79347,45.28817
-79.79072,45.20883
-79.78854,32.79153
-79.78266,37.77366
-79.78051,44.75425
-79.7796,45.269
-79.77794,45.23053
-79.77774,36.4754
-79.77761,40.17841
-79.77752,44.75178
-79.7767,36.60284
-79.77487,37.22218
-79.77318,41.48268
-79.76869,41.47358
-79.76644,44.92215
-79.76642,42.14746
-79.76528,45.25302
-79.76344,36.48546
-79.76063,40.11359
-79.75981,32.80545
-79.7597,32.80519
-79.75893,32.80474
-79.75854,36.25616
-79.75704,36.50289
-79.75674,32.80431
-79.75289,44.89091
-79.75133,44.89071
-79.75016,36.47533
-79.74348,40.09557
-79.73901,32.8747
-79.73791,45.13341
-79.73464,42.11939
-79.73351,43.74651
-79.73219,36.18684
-79.73026,44.94717
-79.72779,37.58911
-79.72422,40.04039
-79.72185,34.29662
-79.72183,37.02146
-79.72147,36.4845
-79.71981,36.48498
-79.71034,43.39328
-79.70789,41.176
-79.70689,37.14618
-79.70388,43.39417
-79.70289,38.53217
-79.7022,43.39551
-79.70137,41.44371
-79.69352,34.3567
-79.69201,40.67237
-79.6912,43.23378
-79.69092,34.88568
-79.68937,44.38452
-79.68923,44.38288
-79.68848,37.05979
-79.68726,44.37537
-79.68541,40.67121
-79.68295,34.63486
-79.68104,36.29167
-79.68078,36.49845
-79.68067,41.14095
-79.68011,41.09565
-79.6794,37.52999
-79.67759,41.51905
-79.67736,37.10697
-79.67637,44.88364
-79.67516,39.12178
-79.67513,44.88647
-79.67435,37.05401
-79.67429,37.05371
-79.67298,43.44354
-79.66993,43.44202
-79.66988,37.14284
-79.66907,45.15322
-79.66872,37.14485
-79.6685,43.4412
-79.66775,37.13324
-79.66696,45.14584
-79.66604,40.67988
-79.66599,40.68085
-79.66577,41.05826
-79.66576,37.14897
-79.66571,44.41863
-79.66328,37.05122
-79.66305,37.15903
-79.663,44.88683
-79.65991,37.14623
-79.65692,44.39304
-79.65689,37.1429
-79.65676,40.67558
-79.65631,40.04513
-79.6556,41.04726
-79.65304,40.67258
-79.65219,40.6721
-79.6517,41.23675
-79.64716,37.06726
-79.64705,37.06833
-79.64629,37.06653
-79.64516,45.1684
-79.64316,37.0256
-79.64067,37.04601
-79.64055,37.04572
-79.6399,37.1393
-79.63964,45.25418
-79.63932,45.25423
-79.63691,37.55489
-79.63642,37.02995
-79.63013,37.01465
-79.62557,37.01309
-79.62527,43.2241
-79.62441,43.22603
-79.6222,45.11555
-79.62003,45.18668
-79.61879,40.98648
-79.61683,42.90008
-79.61642,40.99031
-79.61335,45.01013
-79.61239,37.10155
-79.61121,40.99281
-79.60917,45.01612
-79.60815,37.05774
-79.60722,37.05722
-79.6063,35.25198
-79.60384,36.17356
-79.60343,37.09273
-79.60335,37.09273
-79.6005,37.01558
-79.59869,33.00464
-79.598,42.89588
-79.59568,42.34238
-79.59462,42.3419
-79.5946,42.34181
-79.59234,40.63279
-79.59121,37.01638
-79.5912,40.97206
-79.58983,35.2823
-79.58973,40.9735
-79.58791,33.01592
-79.58663,37.02316
-79.58514,43.55082
-79.58482,37.05
-79.58442,43.55017
-79.58442,45.12895
-79.58357,37.06829
-79.58162,45.11706
-79.58112,43.54939
-79.57858,43.55
-79.57828,42.87091
-79.57826,42.85715
-79.57727,37.06369
-79.57567,45.12075
-79.57517,40.98405
-79.57436,40.98467
-79.5741,42.86119
-79.57076,40.98558
-79.56727,36.05049
-79.56127,43.56455
-79.56095,33.03846
-79.56089,45.0496
-79.56085,37.06247
-79.56016,40.56348
-79.55978,43.5638
-79.55878,41.45573
-79.5587,45.02969
-79.55776,35.2868
-79.55257,43.20393
-79.55245,43.20109
-79.55169,43.2023
-79.54996,45.16276
-79.54742,40.94567
-79.54646,43.83998
-79.54576,33.48713
-79.54557,43.83984
-79.54538,33.85059
-79.54481,40.94652
-79.54368,36.22271
-79.5426,43.58561
-79.53341,40.11631
-79.53296,36.8701
-79.53236,44.22491
-79.53047,44.3204
-79.53045,45.11109
-79.5301,44.22883
-79.52937,40.8355
-79.52907,44.39192
-79.52775,40.11379
-79.52667,40.93354
-79.52551,40.12546
-79.5225,44.14327
-79.51901,44.13641
-79.51834,40.81
-79.51804,44.13816
-79.51778,40.70458
-79.51351,40.92724
-79.51158,36.1828
-79.51048,36.1826
-79.50818,40.84979
-79.50653,44.59077
-79.49903,33.47363
-79.49561,42.24307
-79.49448,40.92068
-79.49444,45.06989
-79.49357,42.23872
-79.4905,43.64187
-79.4891,36.15311
-79.4881,42.23315
-79.48625,42.26013
-79.48385,45.07895
-79.48335,44.99554
-79.481,43.61488
-79.48023,43.61743
-79.47848,40.87268
-79.47824,43.61918
-79.47789,44.20559
-79.47566,43.63529
-79.47562,40.52938
-79.47333,42.8554
-79.4727,42.8584
-79.47254,42.85846
-79.47188,42.85891
-79.47185,42.85882
-79.46409,44.22833
-79.46173,44.87143
-79.46101,44.98101
-79.46066,44.98051
-79.45973,33.08056
-79.45909,41.49197
-79.45621,33.48263
-79.45424,39.45498
-79.44928,33.48203
-79.44627,37.05919
-79.44531,36.13657
-79.44144,43.63399
-79.44083,42.18934
-79.44032,45.23222
-79.43967,43.63412
-79.43439,41.4774
-79.43352,36.14215
-79.43127,36.14023
-79.42646,36.13649
-79.41733,43.62944
-79.41555,42.17218
-79.41438,39.74949
-79.41384,44.61492
-79.41217,44.61305
-79.40779,36.19222
-79.4076,36.19218
-79.40646,36.12743
-79.40438,41.56964
-79.40437,44.92377
-79.40373,41.22401
-79.40252,43.63274
-79.40108,33.54632
-79.39738,45.01133
-79.39474,36.02437
-79.39345,43.63623
-79.39339,42.15627
-79.39308,42.16035
-79.39243,39.74942
-79.3916,45.04855
-79.39152,35.26022
-79.38706,41.22387
-79.387,35.25524
-79.38689,43.6237
-79.38672,45.02952
-79.38631,43.62144
-79.38581,44.60556
-79.38526,39.71519
-79.38486,44.92121
-79.3843,43.63829
-79.3831,33.2096
-79.38282,41.47128
-79.38075,45.01682
-79.37952,42.34839
-79.37438,39.41078
-79.37206,44.60774
-79.37199,44.60613
-79.37192,42.10832
-79.37116,44.60475
-79.37,36.09068
-79.36924,43.62329
-79.36902,43.62343
-79.36837,43.18475
-79.36813,44.60255
-79.36811,43.18377
-79.3677,36.02446
-79.36755,44.60416
-79.36718,36.04796
-79.36716,44.60221
-79.36701,35.25426
-79.36579,36.01733
-79.36548,39.79674
-79.3617,36.0085
-79.36127,36.00797
-79.35819,43.62962
-79.3581,43.62747
-79.35743,43.62915
-79.35568,35.25586
-79.35488,33.54461
-79.35465,34.92641
-79.35461,42.10052
-79.35448,33.15427
-79.35302,39.5552
-79.35278,44.65545
-79.3527,39.55546
-79.35256,39.54396
-79.35243,39.55459
-79.34954,43.64469
-79.3483,34.9011
-79.33909,44.90596
-79.33654,43.64092
-79.33496,42.48804
-79.33333,33.35903
-79.33226,44.5662
-79.32878,43.64843
-79.32866,43.63779
-79.3281,42.34978
-79.32624,43.64145
-79.32612,35.95038
-79.32445,44.33489
-79.32437,34.33397
-79.32305,44.57695
-79.32277,39.51314
-79.32243,35.94695
-79.32243,39.51339
-79.32169,41.23527
-79.32066,33.35534
-79.32011,33.35571
-79.31979,44.68185
-79.31877,44.75358
-79.3187,39.50309
-79.31313,39.51588
-79.31198,43.65896
-79.31106,43.6582
-79.30883,43.65705
-79.30787,44.68165
-79.29694,42.10116
-79.29532,33.35719
-79.29514,33.35714
-79.29506,44.8598
-79.29412,44.86096
-79.29381,39.46832
-79.29254,33.30635
-79.29032,44.55555
-79.28846,44.86714
-79.28364,40.75735
-79.28293,42.11137
-79.28267,44.55258
-79.28017,33.35657
-79.27975,39.4982
-79.27973,33.36059
-79.27656,40.75461
-79.27542,43.19015
-79.27373,42.87626
-79.27179,41.01869
-79.27127,42.87664
-79.27117,34.04376
-79.27044,44.03369
-79.26936,33.25082
-79.2682,33.25069
-79.2674,33.36524
-79.26672,44.03295
-79.26466,43.20288
-79.26272,34.32819
-79.26271,43.20411
-79.26248,43.2026
-79.26134,43.20729
-79.25785,35.89532
-79.25746,42.87825
-79.25734,42.87824
-79.25615,41.54502
-79.25579,41.8388
-79.25579,42.98103
-79.25486,42.87633
-79.25294,42.09893
-79.24828,34.05679
-79.24701,34.05689
-79.23401,43.70668
-79.23374,43.70685
-79.23355,37.40601
-79.23232,38.32923
-79.23082,43.70749
-79.22891,43.70929
-79.22796,45.26745
-79.22764,45.26735
-79.22631,40.90471
-79.21925,35.8333
-79.21867,43.23685
-79.21863,44.32975
-79.21857,44.3341
-79.21679,44.33765
-79.21486,36.54072
-79.21354,44.44605
-79.21332,44.54689
-79.21291,39.77677
-79.21245,43.23093
-79.20869,44.53984
-79.20576,34.14065
-79.19486,33.42382
-79.19059,33.35026
-79.1822,33.43633
-79.17643,36.83924
-79.17551,41.32722
-79.17125,42.54826
-79.17108,42.54829
-79.17103,42.54822
-79.15338,33.66171
-79.14738,35.77593
-79.14727,35.7763
-79.14502,35.77132
-79.14328,39.5231
-79.14209,35.77057
-79.13954,37.41837
-79.13776,37.41752
-79.13751,39.54326
-79.13675,37.41611
-79.13552,33.41197
-79.13508,42.56778
-79.135,42.56749
-79.1347,37.41188
-79.13292,42.56831
-79.13163,42.56595
-79.13153,36.07059
-79.13141,35.76372
-79.13017,39.4199
-79.12991,39.41986
-79.12874,42.56436
-79.1279,33.50282
-79.12029,33.50574
-79.12019,39.40967
-79.11783,33.43968
-79.1117,45.1523
-79.11169,41.5215
-79.1112,45.15281
-79.10682,35.73069
-79.10265,39.45519
-79.10024,35.70338
-79.09992,35.70304
-79.09838,37.07512
-79.09656,43.8134
-79.0958,43.81369
-79.09546,33.6511
-79.09485,42.84776
-79.09296,42.84686
-79.09122,42.84759
-79.09079,42.62937
-79.0865,43.8172
-79.08644,33.57095
-79.08586,33.56254
-79.08343,43.81398
-79.07406,34.29277
-79.06487,43.04959
-79.06289,43.25528
-79.06184,40.03706
-79.06079,33.66783
-79.05999,43.05243
-79.05517,33.80052
-79.05426,33.79593
-79.05302,43.16686
-79.05242,43.16573
-79.05093,43.25184
-79.05019,33.53879
-79.04798,33.6943
-79.04738,35.73898
-79.04588,43.20059
-79.04574,35.6846
-79.04573,42.69122
-79.04547,44.56013
-79.04531,42.69157
-79.04518,42.6916
-79.04508,33.83122
-79.04464,33.82904
-79.04458,33.82988
-79.04447,33.82937
-79.04418,44.57581
-79.0431,35.28797
-79.04168,33.68081
-79.03721,40.57983
-79.03431,33.55511
-79.03404,35.73972
-79.03373,33.55561
-79.03321,40.58129
-79.03152,34.6302
-79.03041,40.56849
-79.02961,45.29408
-79.02664,34.62851
-79.0245,45.25232
-79.02439,42.98264
-79.02376,43.05318
-79.02352,43.10002
-79.02123,43.01667
-79.0197,33.55193
-79.01808,35.79885
-79.01782,40.57255
-79.0169,35.72679
-79.01562,35.7987
-79.01537,33.55845
-79.01491,35.74134
-79.01341,40.57347
-79.01311,41.84208
-79.01268,43.1381
-79.0117,43.02435
-79.01108,43.0237
-79.00904,44.94585
-79.00818,45.03845
-79.00807,33.57635
-79.00793,35.74281
-79.00755,35.74509
-79.00749,33.68668
-79.00636,41.35931
-79.00153,35.74678
-79.00097,34.38781
-78.99982,44.86138
-78.99937,41.84128
-78.99249,33.69243
-78.97976,38.38002
-78.97625,35.57464
-78.97222,42.95264
-78.9718,43.05732
-78.97076,43.05707
-78.96882,42.02798
-78.96761,40.1481
-78.9668,42.02783
-78.95926,40.17632
-78.95645,41.83497
-78.95637,42.9593
-78.95352,43.07588
-78.94779,41.8558
-78.94698,45.25584
-78.94693,41.85592
-78.94622,41.81917
-78.94573,42.97569
-78.94546,42.97415
-78.94544,42.97356
-78.94492,42.97398
-78.94429,44.10785
-78.94384,37.03831
-78.94308,45.06241
-78.9427,33.69942
-78.94183,44.10643
-78.94178,44.10597
-78.94028,43.85596
-78.9391,35.60811
-78.93847,42.71192
-78.93783,43.8572
-78.93637,43.85664
-78.93569,41.99159
-78.93534,33.70491
-78.93528,42.9742
-78.93323,44.18108
-78.93307,44.18056
-78.9315,45.03636
-78.92955,44.11701
-78.92942,44.73397
-78.92488,42.96467
-78.92481,42.96461
-78.91375,40.31588
-78.91321,41.79606
-78.9128,44.16167
-78.91218,44.16162
-78.91127,42.30194
-78.91034,43.00965
-78.91019,43.0097
-78.90955,42.94566
-78.90915,42.94301
-78.90914,42.91425
-78.9077,42.93856
-78.90767,43.01062
-78.90763,44.71962
-78.90744,42.93845
-78.9072,42.93728
-78.90671,42.93633
-78.90328,45.2603
-78.90161,42.90204
-78.90144,42.89718
-78.90101,33.76338
-78.89983,43.04006
-78.89922,44.21466
-78.89779,33.85058
-78.89553,43.02409
-78.89206,41.78055
-78.8919,43.01649
-78.89184,45.24651
-78.89132,43.04756
-78.89021,42.88713
-78.88945,42.87683
-78.88942,41.89041
-78.8894,45.21227
-78.88734,42.88107
-78.88721,42.88317
-78.88697,40.86382
-78.88562,42.87939
-78.88544,41.77353
-78.88396,40.86338
-78.88389,42.87716
-78.88252,43.02807
-78.88211,36.69486
-78.881,43.02588
-78.88077,42.05818
-78.88026,43.02233
-78.88006,40.38288
-78.87923,42.87207
-78.87718,42.8695
-78.87539,38.08386
-78.87347,40.05012
-78.87179,45.14051
-78.87117,45.13915
-78.87039,40.02947
-78.87015,40.03014
-78.86852,42.86598
-78.8677,43.01439
-78.86711,44.21621
-78.86463,42.84943
-78.86201,44.19157
-78.86045,34.15936
-78.85784,35.04656
-78.85774,42.83851
-78.85669,45.18689
-78.85602,40.04917
-78.85484,43.02164
-78.85335,43.01177
-78.8523,43.01175
-78.85221,39.22703
-78.85189,42.55354
-78.85152,42.86358
-78.85057,34.99676
-78.84949,44.62163
-78.84463,45.1584
-78.84444,45.1554
-78.84428,43.0194
-78.84409,43.3137
-78.84397,44.22362
-78.84254,43.31354
-78.8392,38.38169
-78.83897,43.31435
-78.8381,43.31546
-78.83729,44.19812
-78.83448,44.16061
-78.83418,44.16036
-78.83313,44.16085
-78.82913,44.21058
-78.82714,43.03833
-78.82585,45.23793
-78.82582,35.7819
-78.8258,35.78188
-78.82446,44.74419
-78.82363,36.09296
-78.82353,34.83375
-78.82307,43.0245
-78.82303,35.75168
-78.82293,43.02446
-78.82196,43.05188
-78.82187,43.0519
-78.82182,43.05175
-78.82178,43.05191
-78.82169,43.05192
-78.8188,35.7502
-78.81766,33.76358
-78.81492,44.21071
-78.81489,35.40696
-78.81424,45.26372
-78.81221,45.11432
-78.81129,37.63478
-78.81085,34.80187
-78.80706,44.85342
-78.8027,43.06505
-78.79929,44.655
-78.79699,41.25278
-78.795,45.24762
-78.79065,35.83826
-78.78585,34.74518
-78.7804,45.19485
-78.77776,44.82064
-78.77369,35.39768
-78.77324,36.05795
-78.77195,44.23068
-78.77189,43.06845
-78.77188,43.06867
-78.76693,44.22019
-78.76335,35.72676
-78.75997,45.04313
-78.75546,44.40288
-78.74679,33.80203
-78.74672,42.10726
-78.74603,45.14682
-78.74567,45.14584
-78.74355,35.57385
-78.74304,44.4106
-78.74263,44.41095
-78.74178,44.44274
-78.73935,41.17748
-78.73764,38.95768
-78.73585,42.16361
-78.73155,44.32144
-78.72988,45.29073
-78.72822,44.42073
-78.72811,44.42079
-78.72782,41.16416
-78.72686,44.42356
-78.72673,36.02319
-78.72662,36.02325
-78.72213,45.13391
-78.72169,44.98145
-78.72002,45.13577
-78.71981,37.63594
-78.71936,44.43745
-78.71901,39.56406
-78.71881,44.43702
-78.7146,41.13785
-78.71458,37.66931
-78.71366,44.93732
-78.7135,41.17132
-78.71279,41.17078
-78.70995,36.00719
-78.70437,36.12966
-78.70281,45.00461
-78.70143,43.05991
-78.6932,45.0854
-78.6923,35.3127
-78.69076,44.47527
-78.6882,37.69833
-78.68811,40.41092
-78.6806,44.97012
-78.67945,37.69673
-78.67786,35.76671
-78.67156,36.04048
-78.67038,37.68932
-78.66951,43.89374
-78.66835,43.18475
-78.66751,43.89295
-78.66633,43.8922
-78.66268,44.47453
-78.65455,33.85141
-78.65377,39.44795
-78.65333,38.07381
-78.65186,33.85202
-78.64507,37.73295
-78.64477,39.71144
-78.64457,40.0393
-78.64199,39.71187
-78.64064,40.02964
-78.63355,40.03681
-78.62903,33.86226
-78.62902,35.98583
-78.62685,36.66012
-78.62131,33.86485
-78.61938,33.86483
-78.61927,33.8638
-78.61854,34.63725
-78.61773,33.868
-78.61237,33.86849
-78.6111,33.86926
-78.60853,45.00856
-78.6053,33.8403
-78.60374,34.63262
-78.60191,45.22239
-78.60147,45.22175
-78.59758,34.68299
-78.59521,36.53674
-78.59467,45.20914
-78.59447,38.52723
-78.59137,43.07416
-78.58908,37.926
-78.58722,35.96712
-78.58139,45.22654
-78.57894,43.8976
-78.5777,45.23
-78.57435,34.62533
-78.56967,36.66445
-78.56958,36.66379
-78.56571,38.58874
-78.56478,33.88578
-78.56396,40.65721
-78.56289,33.88657
-78.56269,33.88654
-78.55721,40.67266
-78.5504,40.68459
-78.55027,36.61919
-78.54965,40.65554
-78.54953,34.09503
-78.54856,45.24018
-78.54802,34.09513
-78.54796,40.68734
-78.54786,40.6874
-78.54708,40.68951
-78.54515,34.09207
-78.54444,40.68992
-78.54282,44.54024
-78.54093,44.3425
-78.54059,44.34286
-78.54017,35.77351
-78.53973,35.79888
-78.53838,40.69519
-78.53781,44.33419
-78.53699,36.63149
-78.53527,36.63362
-78.53502,36.63249
-78.5346,40.94682
-78.53421,40.9456
-78.53243,35.75503
-78.53041,35.84754
-78.52826,35.85887
-78.52762,44.53645
-78.52619,44.35261
-78.52455,36.62387
-78.51747,44.36005
-78.51361,45.0453
-78.51256,37.75858
-78.51203,44.97668
-78.51187,37.75693
-78.5111,44.4794
-78.50929,37.78053
-78.50763,45.1291
-78.50635,44.45677
-78.50611,44.45829
-78.50448,44.44906
-78.5043,44.44924
-78.50221,45.16447
-78.49907,44.38116
-78.4951,39.96616
-78.49377,44.4993
-78.49329,38.87127
-78.49324,37.79703
-78.49169,38.70183
-78.49114,33.88754
-78.49056,37.79758
-78.49041,38.85653
-78.49014,44.4939
-78.48967,35.97115
-78.48933,38.09506
-78.48887,44.488
-78.48855,44.48591
-78.4842,44.48364
-78.47853,44.48006
-78.47798,44.48347
-78.4764,33.88973
-78.47471,43.3708
-78.47243,34.29038
-78.46922,44.47151
-78.45623,37.1788
-78.45499,44.49024
-78.45406,38.02323
-78.45394,38.04236
-78.4477,34.58911
-78.44452,44.47297
-78.44444,43.21625
-78.44086,41.0235
-78.43767,33.89136
-78.43119,42.07008
-78.42536,44.57663
-78.42368,44.34829
-78.42152,34.66649
-78.41907,44.44891
-78.41874,36.57603
-78.41752,39.40305
-78.4174,44.89689
-78.41512,33.90156
-78.41256,39.58021
-78.41247,35.8172
-78.40781,37.74024
-78.40633,37.78667
-78.40177,44.39504
-78.4012,44.39479
-78.39903,36.41498
-78.39895,36.41502
-78.3989,36.41504
-78.39881,36.41508
-78.39642,36.40657
-78.3961,44.44905
-78.39493,44.39968
-78.39457,36.41475
-78.39421,43.23552
-78.3902,38.63925
-78.38577,44.38338
-78.3857,44.38405
-78.38555,43.22113
-78.38546,43.22114
-78.38536,43.22114
-78.38527,43.22114
-78.38517,43.22115
-78.38507,43.22115
-78.38482,39.62436
-78.38403,44.40965
-78.38393,44.3895
-78.38375,44.50349
-78.37918,42.38415
-78.376,36.50289
-78.37423,37.89001
-78.37127,43.23033
-78.37058,45.00904
-78.36996,41.06611
-78.36952,36.44609
-78.36949,36.44612
-78.36869,34.47359
-78.36679,44.49714
-78.36435,33.9383
-78.36215,33.92228
-78.36077,44.53853
-78.35704,42.05067
-78.35499,44.21194
-78.35422,40.44337
-78.35358,35.7914
-78.35287,44.545
-78.35129,38.97319
-78.3509,33.91219
-78.35044,44.55083
-78.3491,44.45657
-78.34865,33.91248
-78.34824,35.51456
-78.3461,45.02653
-78.34609,44.75674
-78.34452,44.69825
-78.34238,44.25362
-78.34224,44.25556
-78.34198,44.25563
-78.33847,33.91461
-78.33602,44.18458
-78.33544,45.04089
-78.33475,33.91473
-78.32925,44.48781
-78.32898,36.58898
-78.32868,44.72158
-78.32858,44.70719
-78.3281,39.31214
-78.32753,44.49061
-78.32655,44.09194
-78.32636,44.72148
-78.32289,44.73253
-78.32229,44.09059
-78.32219,44.09038
-78.32181,44.09016
-78.32171,44.09027
-78.31967,37.25675
-78.31868,44.29654
-78.3177,44.29405
-78.31649,44.28022
-78.31567,36.5393
-78.31396,36.58804
-78.31174,44.28303
-78.31052,33.91672
-78.30905,36.59026
-78.30887,44.29964
-78.30837,36.58778
-78.30763,44.55633
-78.30372,43.37103
-78.30284,33.91662
-78.30197,37.91555
-78.30191,44.29666
-78.30027,33.91689
-78.29997,37.70951
-78.29762,36.60332
-78.2976,37.91882
-78.29648,42.25775
-78.29628,44.72811
-78.29316,34.4032
-78.29117,43.94433
-78.28959,37.7086
-78.28815,37.70798
-78.27772,44.42697
-78.27753,44.20602
-78.27724,44.20617
-78.27596,37.5325
-78.27482,44.7351
-78.27181,33.91667
-78.27125,44.42771
-78.26758,33.91784
-78.26756,33.91623
-78.26748,33.91624
-78.26723,33.91631
-78.2669,37.85776
-78.26455,44.53508
-78.26072,33.9178
-78.2527,38.87166
-78.2526,44.15164
-78.24827,44.54555
-78.24803,44.47282
-78.24573,33.92209
-78.24565,33.92211
-78.2452,33.92123
-78.24251,33.96615
-78.2416,44.12174
-78.24133,44.12199
-78.23415,44.12219
-78.23347,44.12187
-78.23347,44.21543
-78.23325,44.21542
-78.23321,44.12087
-78.23236,40.24463
-78.23213,45.18854
-78.23182,44.12053
-78.23084,44.48984
-78.23033,44.12099
-78.22966,44.49059
-78.22914,44.12149
-78.22621,44.48632
-78.22337,33.94615
-78.21902,33.93301
-78.21399,33.91587
-78.2139,42.3879
-78.21298,33.92282
-78.21298,33.92289
-78.21248,33.91516
-78.21211,43.24795
-78.21135,36.99283
-78.21046,44.73821
-78.20992,44.73802
-78.20954,38.91343
-78.20835,44.55466
-78.20801,44.55851
-78.20798,40.30024
-78.2079,33.91473
-78.20476,44.55866
-78.20443,44.55876
-78.20422,45.12513
-78.2006,44.18019
-78.19979,44.74156
-78.19809,33.9162
-78.19659,44.74367
-78.19327,44.5314
-78.19284,43.36921
-78.19253,38.9438
-78.19222,45.15404
-78.19151,43.37116
-78.18455,40.29255
-78.18252,38.95717
-78.18216,40.29526
-78.18196,39.69726
-78.18054,40.29573
-78.16732,43.95525
-78.16577,43.95672
-78.16424,44.60255
-78.16278,37.7492
-78.16187,44.20902
-78.16174,40.37544
-78.16125,44.15389
-78.1571,39.04296
-78.15701,44.37107
-78.1569,39.04304
-78.15656,39.0426
-78.153,33.91591
-78.15246,33.91737
-78.15153,44.21098
-78.15133,44.21149
-78.15097,37.0468
-78.14893,44.53179
-78.14439,44.53408
-78.14156,33.91638
-78.13884,44.7497
-78.13777,44.74974
-78.13716,44.43232
-78.12696,33.92676
-78.1254,44.88118
-78.12408,35.6993
-78.124,35.69926
-78.12391,35.69921
-78.10996,44.24806
-78.10605,44.99653
-78.1056,44.56998
-78.10284,44.53975
-78.10272,44.53973
-78.10144,45.27791
-78.09779,37.53937
-78.07161,40.3777
-78.06999,42.38274
-78.06716,44.56313
-78.06337,44.26392
-78.06263,44.71224
-78.06111,33.92135
-78.06057,44.56391
-78.05949,33.92824
-78.05937,40.91493
-78.058,40.90667
-78.05747,40.90161
-78.05546,34.33578
-78.05374,40.90535
-78.04938,42.68356
-78.03903,40.44256
-78.03681,44.95905
-78.03367,40.53984
-78.03146,43.36582
-78.03106,39.62898
-78.02834,33.91846
-78.02688,33.91819
-78.02679,33.91818
-78.02384,35.34819
-78.01875,44.80402
-78.01857,38.10848
-78.01206,40.4825
-78.00328,34.14124
-78.00159,34.26662
-77.99984,33.87704
-77.99799,33.93136
-77.99711,37.57555
-77.99678,43.22169
-77.98979,40.42891
-77.98803,34.25935
-77.98734,34.23156
-77.98344,44.84226
-77.97862,40.45556
-77.9686,39.60797
-77.96711,45.14405
-77.95966,35.70288
-77.95922,35.70343
-77.95647,45.10912
-77.95637,35.42424
-77.95392,34.31906
-77.95375,34.31283
-77.95235,35.68899
-77.95218,35.6889
-77.95201,35.6889
-77.95177,39.592
-77.94849,37.67639
-77.94497,35.31354
-77.94487,37.68037
-77.94179,33.95868
-77.94097,39.69758
-77.94096,43.36143
-77.93981,45.09774
-77.93841,40.39404
-77.9279,39.99547
-77.92754,39.99617
-77.92465,38.11602
-77.92176,37.46336
-77.91989,33.98298
-77.91947,37.69173
-77.91916,36.52479
-77.91905,34.05024
-77.91656,37.49357
-77.91177,40.66385
-77.9081,37.58884
-77.90726,35.26123
-77.89791,43.34224
-77.89775,43.34243
-77.89726,41.2525
-77.89666,34.36362
-77.89654,34.36357
-77.89435,43.10562
-77.89269,43.34992
-77.89172,34.05708
-77.89169,34.05698
-77.89167,34.05691
-77.89052,37.66444
-77.88815,34.07807
-77.88663,37.66526
-77.88615,35.23655
-77.88288,34.0858
-77.88165,34.0889
-77.87537,40.39343
-77.86835,38.13417
-77.86783,34.13808
-77.8657,40.6844
-77.85681,34.15596
-77.85288,34.28353
-77.84993,39.19833
-77.84829,39.65819
-77.84805,39.2053
-77.84543,36.51265
-77.83276,34.83149
-77.83099,35.6016
-77.82923,39.59901
-77.82713,36.48468
-77.82165,34.5865
-77.82122,44.47357
-77.82116,38.08542
-77.82081,39.22527
-77.82078,38.08549
-77.82045,38.08557
-77.81637,34.54862
-77.81634,34.54865
-77.81019,38.0884
-77.80997,38.09035
-77.80749,39.25831
-77.80156,43.08794
-77.79799,44.28681
-77.78391,38.09045
-77.78115,38.08002
-77.77852,39.46538
-77.77803,36.50012
-77.77351,38.33403
-77.77205,44.34259
-77.77129,34.26346
-77.77081,41.49977
-77.75746,38.35141
-77.75722,39.33493
-77.75721,38.35133
-77.75561,36.46717
-77.75408,41.32442
-77.75299,44.79811
-77.75277,44.59218
-77.7503,38.06081
-77.74973,34.2648
-77.74595,41.32644
-77.74077,39.36388
-77.73524,44.01463
-77.7339,34.31206
-77.7327,34.31126
-77.73192,43.29589
-77.72897,44.0202
-77.72385,43.03011
-77.72337,38.62148
-77.71677,42.34834
-77.7164,44.02022
-77.7153,38.80442
-77.71332,44.02486
-77.71295,37.58817
-77.71261,42.77545
-77.71245,42.7605
-77.7117,42.77587
-77.7115,42.74209
-77.71076,42.3491
-77.70803,43.30614
-77.70712,43.30749
-77.70599,34.33968
-77.70572,43.30727
-77.70197,41.34187
-77.69116,34.35517
-77.68526,37.44153
-77.68525,38.35901
-77.68486,34.35527
-77.68402,40.77777
-77.68234,41.00378
-77.68134,43.09474
-77.68111,34.35788
-77.68067,40.77274
-77.67878,37.41129
-77.67827,36.47358
-77.67825,36.47363
-77.67142,41.01275
-77.67134,41.01277
-77.66766,35.45724
-77.66494,38.1961
-77.6584,37.43557
-77.65818,37.43558
-77.65547,38.33507
-77.65312,34.37303
-77.65212,41.02945
-77.64945,37.42191
-77.64877,41.01876
-77.64735,37.55918
-77.64438,36.48244
-77.64196,34.35694
-77.63862,41.04138
-77.63855,34.38623
-77.63692,34.38579
-77.63664,41.02811
-77.63419,34.3889
-77.63405,41.04205
-77.6331,34.38879
-77.63287,34.38893
-77.63227,34.38717
-77.63192,34.3655
-77.63173,34.38757
-77.63153,34.38779
-77.63113,34.38796
-77.63075,34.3882
-77.63054,39.31092
-77.61589,39.54099
-77.61496,39.30648
-77.61205,37.75983
-77.61192,34.40233
-77.6116,42.76346
-77.61013,34.38172
-77.6092,43.25322
-77.60648,43.25312
-77.6059,34.40604
-77.6058,34.40607
-77.60553,43.25341
-77.60444,34.40648
-77.60373,40.7634
-77.59943,34.40855
-77.59613,34.41048
-77.59505,34.41132
-77.59382,42.67825
-77.59087,36.42735
-77.5905,35.25746
-77.58924,44.10827
-77.58204,34.42193
-77.57986,36.33112
-77.57893,44.05608
-77.57589,37.38957
-77.57426,44.10143
-77.57335,44.09933
-77.57272,44.09842
-77.57027,44.10192
-77.56446,42.724
-77.56223,43.02654
-77.56067,39.30517
-77.55997,38.57004
-77.55164,37.36265
-77.54993,34.42867
-77.54993,37.79664
-77.5491,35.79026
-77.54683,39.27262
-77.54172,39.27299
-77.53708,39.00258
-77.53689,43.23411
-77.53234,43.23393
-77.53144,37.98968
-77.52845,37.22097
-77.52819,37.2291
-77.52803,37.22892
-77.52741,44.10244
-77.5272,39.13787
-77.52593,39.13774
-77.52586,43.23055
-77.52543,39.05572
-77.51983,43.23424
-77.51878,43.17572
-77.51528,44.11116
-77.51522,42.78299
-77.51189,43.14481
-77.51054,43.91922
-77.50982,41.85273
-77.5084,34.46972
-77.50803,37.99054
-77.50755,42.72551
-77.50284,42.77033
-77.50274,34.47336
-77.50258,42.77009
-77.49992,38.68164
-77.49605,38.41403
-77.48497,38.69807
-77.48368,38.68537
-77.48101,39.24815
-77.4784,39.10135
-77.47201,39.04746
-77.47096,40.60409
-77.46953,37.52444
-77.46877,38.68406
-77.46781,44.47902
-77.4659,37.88897
-77.46153,39.62456
-77.4602,43.07943
-77.45417,39.07902
-77.4494,39.9358
-77.44468,39.0707
-77.44454,37.53464
-77.43604,39.26301
-77.43547,34.75225
-77.43496,34.74176
-77.4308,38.36771
-77.43038,34.74065
-77.43034,34.697
-77.43032,34.6978
-77.42833,34.70988
-77.42821,34.49777
-77.42807,34.62332
-77.42783,41.74467
-77.42171,34.51763
-77.419,37.51972
-77.41657,37.51686
-77.41622,40.83483
-77.41471,40.59453
-77.41156,34.56928
-77.40758,38.49523
-77.40543,38.48941
-77.40507,44.14626
-77.40094,40.56596
-77.39795,34.5767
-77.39661,34.57514
-77.39608,34.57514
-77.39049,34.51859
-77.38761,38.74228
-77.38731,37.40155
-77.38699,34.53967
-77.38651,44.15844
-77.38591,37.40082
-77.38583,37.40092
-77.38575,37.401
-77.38424,38.44278
-77.3842,37.40082
-77.38362,36.20825
-77.38338,36.20823
-77.38322,38.4576
-77.3829,39.44366
-77.3822,37.36609
-77.38174,34.56443
-77.38097,44.15629
-77.38092,37.24456
-77.37982,34.5159
-77.37958,34.51595
-77.37872,34.51632
-77.37858,39.38922
-77.37825,39.06244
-77.37797,37.28442
-77.3768,37.36854
-77.37207,34.58284
-77.37139,37.36536
-77.37011,37.78862
-77.36954,34.54192
-77.36807,35.61595
-77.3675,38.43078
-77.36677,37.27883
-77.36669,38.43109
-77.36652,37.27896
-77.36415,37.37472
-77.3637,42.66843
-77.36364,42.66863
-77.36318,37.39116
-77.36291,37.39102
-77.36277,37.37116
-77.36215,34.67756
-77.36084,34.54355
-77.36071,34.54467
-77.36055,34.54352
-77.36014,38.42955
-77.35981,38.42922
-77.35943,37.37544
-77.35697,38.4229
-77.35132,34.6559
-77.34146,39.07064
-77.34079,38.96852
-77.33833,43.95047
-77.33751,34.63695
-77.33745,34.64009
-77.33585,42.7478
-77.334,38.72062
-77.33089,38.0863
-77.32846,39.05777
-77.32682,38.4073
-77.32629,38.93298
-77.32378,34.5541
-77.32259,43.07607
-77.31835,38.69712
-77.31828,38.69704
-77.31513,38.40775
-77.31416,35.59762
-77.31403,35.59764
-77.31317,42.78222
-77.31079,39.18766
-77.31026,38.79585
-77.30627,44.47431
-77.30539,37.4072
-77.30523,39.41424
-77.30466,43.07294
-77.30296,35.31355
-77.3029,35.3135
-77.2994,40.53494
-77.29867,37.31035
-77.29862,37.31066
-77.29257,41.1968
-77.28911,44.84631
-77.28685,38.51973
-77.28658,38.68639
-77.28592,43.94648
-77.2805,40.23614
-77.27892,40.22939
-77.2788,44.47317
-77.27735,42.87951
-77.27704,44.45767
-77.2767,42.87593
-77.27647,34.56794
-77.27602,43.27714
-77.27565,42.87663
-77.27294,42.87458
-77.27213,42.87546
-77.27164,34.5737
-77.27136,37.5521
-77.27116,34.57263
-77.26965,38.80431
-77.2688,37.3488
-77.26157,38.60091
-77.26113,38.6013
-77.2601,38.60077
-77.25935,44.82305
-77.25921,38.60035
-77.25819,41.73437
-77.25788,38.60006
-77.25324,38.67678
-77.25319,38.67598
-77.25309,38.6759
-77.25277,38.68062
-77.25226,38.67434
-77.25196,38.67413
-77.25047,43.9592
-77.24731,38.63548
-77.24692,43.94324
-77.2466,38.63538
-77.24548,38.98392
-77.24417,43.06519
-77.24415,43.06532
-77.24388,38.66964
-77.24307,38.66972
-77.23851,38.66688
-77.23744,38.66664
-77.23475,38.3315
-77.2332,38.6556
-77.23213,44.73425
-77.23175,38.33231
-77.22913,43.06655
-77.22867,43.90432
-77.22866,44.13414
-77.22846,38.98061
-77.22582,38.24426
-77.22486,43.90212
-77.22134,43.06497
-77.22098,37.31141
-77.22071,38.66843
-77.21801,40.23409
-77.21625,43.89056
-77.214,44.92701
-77.21234,34.71252
-77.21032,34.85596
-77.2078,38.26994
-77.20761,44.91155
-77.20405,41.8148
-77.20263,35.94731
-77.2001,41.97465
-77.19817,41.80607
-77.19722,43.86214
-77.19721,41.97344
-77.19689,41.81274
-77.19571,44.90262
-77.1953,44.8952
-77.19026,38.17355
-77.18971,41.88301
-77.1889,39.8129
-77.18886,38.55847
-77.1888,38.55856
-77.18792,41.8831
-77.18503,43.28126
-77.18495,43.28208
-77.18048,40.8046
-77.1797,42.33036
-77.17921,44.85557
-77.17816,34.79799
-77.17666,41.89207
-77.17511,40.45526
-77.167,38.67558
-77.16563,34.65323
-77.16341,34.65377
-77.16337,45.21624
-77.16079,38.59024
-77.1599,41.89324
-77.15876,34.67119
-77.15585,43.93772
-77.1506,38.454
-77.14996,38.84282
-77.14811,38.84705
-77.14435,43.28821
-77.14388,38.63549
-77.14026,34.67025
-77.13667,34.68363
-77.13655,34.67571
-77.13612,42.5827
-77.1359,44.00975
-77.13534,44.01027
-77.13518,44.01051
-77.1348,44.01308
-77.13155,43.05084
-77.12959,38.70718
-77.12724,39.1217
-77.12193,34.68554
-77.12146,34.75939
-77.11763,44.56033
-77.11709,44.03762
-77.11471,44.81741
-77.11468,41.85344
-77.1138,35.23113
-77.1125,44.04132
-77.11226,34.68072
-77.10901,34.67782
-77.10895,34.67778
-77.10854,34.6779
-77.10138,38.68534
-77.10131,38.68538
-77.10048,34.67554
-77.09724,40.49172
-77.0959,38.70055
-77.09449,34.67334
-77.09302,43.04766
-77.09291,34.67318
-77.09278,37.60597
-77.09217,34.67308
-77.08956,42.42181
-77.08934,34.67385
-77.08934,34.67445
-77.08931,42.42142
-77.08882,34.67424
-77.08792,34.67485
-77.08758,35.07281
-77.08732,34.6913
-77.08623,34.6749
-77.08613,35.56268
-77.08108,38.72171
-77.07218,45.17561
-77.07114,38.15527
-77.07084,44.04418
-77.06364,35.5176
-77.05961,44.80613
-77.05915,44.13923
-77.05881,42.65747
-77.05676,35.54125
-77.05659,44.19075
-77.05289,38.45334
-77.05286,44.86819
-77.05272,38.45251
-77.05251,35.10163
-77.052,34.85988
-77.05189,35.51785
-77.05187,35.51703
-77.05149,44.19067
-77.05144,44.1058
-77.0512,44.46878
-77.04987,38.32206
-77.04961,34.68687
-77.04927,38.87515
-77.04912,38.77794
-77.04908,35.05937
-77.04907,38.77758
-77.0489,35.04937
-77.04885,35.05902
-77.04861,35.09904
-77.04855,38.77718
-77.04834,35.09938
-77.04633,44.19421
-77.04557,34.66898
-77.04519,39.99114
-77.04394,35.09433
-77.04327,39.23353
-77.04292,44.47664
-77.04158,38.8321
-77.0415,40.26099
-77.04098,35.86007
-77.04074,44.88254
-77.03988,38.83247
-77.03964,35.10226
-77.03936,35.53654
-77.03929,35.53659
-77.03884,35.09973
-77.03797,35.53584
-77.03679,35.11406
-77.0359,44.11167
-77.03487,44.20001
-77.03474,38.88461
-77.03427,35.10696
-77.03424,38.84092
-77.03412,38.8415
-77.03179,35.13545
-77.03021,38.88185
-77.03016,44.48441
-77.02927,35.12682
-77.02816,39.23244
-77.02693,38.50049
-77.02646,38.87842
-77.02637,38.87844
-77.02633,38.87849
-77.02631,38.87829
-77.02631,38.8784
-77.02627,38.87853
-77.02624,38.87845
-77.02621,38.87857
-77.02617,38.87851
-77.02615,38.87861
-77.0261,38.87856
-77.02609,38.87866
-77.02604,38.8787
-77.02603,38.87861
-77.02598,38.87874
-77.02597,38.87867
-77.02593,38.87879
-77.02589,38.87871
-77.02587,38.87884
-77.02582,38.87877
-77.02581,38.87887
-77.02576,38.87882
-77.02576,38.87892
-77.0257,38.87896
-77.02569,38.87887
-77.02564,38.879
-77.02563,38.87892
-77.02559,38.87905
-77.02556,38.87897
-77.02552,38.87909
-77.02547,38.87904
-77.02547,38.87914
-77.02541,38.87917
-77.0253,38.87835
-77.02493,38.70234
-77.02426,37.72458
-77.02421,38.70258
-77.02416,38.83319
-77.02399,38.70261
-77.02311,37.7247
-77.02302,38.87595
-77.02203,44.10177
-77.02186,44.07573
-77.01939,44.37551
-77.01884,38.78495
-77.01879,40.25651
-77.01691,40.39965
-77.01446,38.86345
-77.01385,39.19829
-77.01376,38.69455
-77.01321,39.19891
-77.00903,34.69868
-77.00798,34.69774
-77.00797,34.69766
-77.00627,39.2183
-77.00618,40.4232
-77.00609,34.67146
-77.00607,34.67135
-77.00447,44.06069
-77.00409,35.10725
-77.00266,43.06331
-77.00055,38.87256
-76.99788,44.59018
-76.99729,44.81556
-76.99701,44.87268
-76.99477,35.47456
-76.9933,43.2634
-76.98752,43.2661
-76.98667,38.87444
-76.98589,39.39837
-76.98546,38.87507
-76.98527,39.39812
-76.98454,35.4706
-76.98307,38.87617
-76.98193,38.36574
-76.98061,34.7038
-76.98024,43.27084
-76.97586,42.87045
-76.97482,40.5038
-76.97478,43.27298
-76.97366,38.87889
-76.97072,38.87983
-76.97044,34.71045
-76.97042,34.71015
-76.96974,35.06712
-76.96815,35.06549
-76.96687,38.24332
-76.96642,35.07598
-76.96642,38.249
-76.96609,38.24824
-76.96604,38.24778
-76.9658,38.24282
-76.96578,35.40303
-76.96368,38.23119
-76.96307,39.14551
-76.96306,38.24039
-76.9627,35.40744
-76.9624,35.41155
-76.96191,34.70996
-76.96174,38.23905
-76.9616,35.07227
-76.96079,34.7105
-76.95167,40.27086
-76.95153,42.12418
-76.94917,35.0632
-76.94907,44.24557
-76.94886,44.72901
-76.94341,35.99209
-76.94251,35.99298
-76.94228,42.87206
-76.94176,37.41218
-76.94019,35.98427
-76.93983,42.67584
-76.9394,36.40477
-76.93914,42.86887
-76.93884,38.93376
-76.93846,42.86954
-76.93835,38.93368
-76.93737,44.17716
-76.93663,37.4067
-76.93308,42.12156
-76.93069,40.35154
-76.92978,36.40108
-76.92742,40.34354
-76.92737,43.21474
-76.92691,34.71819
-76.9216,42.58461
-76.91718,40.33239
-76.91698,36.67416
-76.91685,42.58499
-76.916,36.73284
-76.91402,38.30737
-76.91375,40.17244
-76.91371,40.27206
-76.91368,37.40116
-76.91317,42.72605
-76.91304,37.66163
-76.91304,44.73607
-76.9129,37.36285
-76.91279,42.72521
-76.91258,39.79289
-76.91254,37.36287
-76.91139,45.19144
-76.9113,40.34352
-76.91054,39.79703
-76.91049,39.79735
-76.90836,40.06868
-76.90693,39.80327
-76.90659,40.2119
-76.90329,34.9446
-76.9027,43.27312
-76.90243,35.82196
-76.90175,40.25809
-76.9012,39.79053
-76.90064,39.79179
-76.89926,39.78902
-76.89733,40.06498
-76.89541,39.79415
-76.89538,34.68869
-76.89224,34.6892
-76.8916,39.13459
-76.89141,35.46162
-76.89126,39.40177
-76.89094,39.3981
-76.88974,45.19305
-76.88769,36.38037
-76.88767,36.38031
-76.8868,34.69048
-76.88624,42.48909
-76.88492,44.12315
-76.88491,40.2524
-76.88417,39.12421
-76.88385,40.08279
-76.88377,40.08272
-76.8836,40.25251
-76.88107,40.07963
-76.88074,34.69055
-76.88004,42.90197
-76.87906,38.17411
-76.87694,42.61787
-76.87539,44.89482
-76.87329,42.38448
-76.87279,42.38401
-76.87163,44.99822
-76.87046,34.73119
-76.87022,41.167
-76.86844,43.07998
-76.86612,42.90157
-76.86568,42.08244
-76.86542,40.9414
-76.86537,35.35958
-76.86522,34.72801
-76.86467,37.24293
-76.86464,40.21845
-76.86449,40.22975
-76.86442,40.22969
-76.86078,42.38268
-76.86063,44.86948
-76.85932,38.27213
-76.85911,41.01688
-76.85799,40.75025
-76.85781,34.69255
-76.85612,38.37986
-76.85612,38.4884
-76.85557,42.38797
-76.85534,34.73122
-76.85321,34.91756
-76.85271,42.3536
-76.852,38.26895
-76.85151,38.26747
-76.851,38.26749
-76.85032,38.26766
-76.84953,38.26697
-76.84899,38.26429
-76.84773,38.26411
-76.84672,34.72993
-76.84664,34.73019
-76.84592,40.22299
-76.84068,34.72914
-76.8389,43.30403
-76.83795,43.30423
-76.8365,34.72863
-76.83617,34.72895
-76.83261,38.32632
-76.82815,43.27898
-76.82439,45.10996
-76.821,34.97377
-76.81968,39.21615
-76.81714,35.91122
-76.81697,42.08285
-76.81586,39.3137
-76.80879,40.85692
-76.80858,34.69741
-76.80823,40.8574
-76.80618,37.17783
-76.80564,34.72656
-76.80557,37.17742
-76.80478,37.18308
-76.8046,40.84696
-76.80263,42.90959
-76.79971,40.20815
-76.79846,44.8679
-76.79781,37.52698
-76.79262,40.88341
-76.79255,36.31374
-76.78976,37.54079
-76.78952,40.88029
-76.78865,40.88671
-76.78809,40.20481
-76.78798,44.17338
-76.78768,39.71624
-76.78225,40.89135
-76.78203,40.88466
-76.7797,35.30443
-76.77965,35.30448
-76.77952,42.08117
-76.77882,37.22681
-76.77788,37.22668
-76.7766,45.27689
-76.77261,40.89676
-76.76866,42.74449
-76.76799,42.74484
-76.76582,45.24377
-76.76399,38.23989
-76.76356,34.90707
-76.76337,44.18184
-76.76336,44.18229
-76.76296,34.87707
-76.76214,45.25173
-76.76133,34.75979
-76.76103,45.24254
-76.7533,34.72247
-76.75315,35.86678
-76.75116,34.72233
-76.75103,34.72235
-76.74964,35.86835
-76.7495,42.90025
-76.74949,42.90037
-76.74763,40.1515
-76.74625,40.14218
-76.74592,34.70264
-76.74471,37.81069
-76.74439,35.93995
-76.7439,37.81155
-76.74219,39.65204
-76.74129,39.65191
-76.73959,45.29299
-76.7395,42.35237
-76.73853,42.96209
-76.73375,42.94633
-76.73302,40.18595
-76.73262,42.37652
-76.73181,42.94235
-76.72975,34.70125
-76.72758,44.70776
-76.72524,40.17591
-76.72482,44.76964
-76.72373,40.16909
-76.72317,42.01744
-76.72121,37.92366
-76.72059,35.91263
-76.71984,36.16847
-76.71842,35.37404
-76.71763,36.19669
-76.71759,45.29778
-76.71725,36.19596
-76.71695,43.31671
-76.71474,34.71924
-76.71429,40.11525
-76.71171,43.34352
-76.71083,35.0279
-76.71074,34.70056
-76.70906,38.7731
-76.70801,42.71518
-76.70737,35.01826
-76.70708,40.2708
-76.7059,35.01909
-76.70488,34.71983
-76.70438,34.72179
-76.70282,35.03127
-76.70269,35.03075
-76.7026,35.02966
-76.70249,35.03015
-76.70225,43.34221
-76.702,38.74262
-76.7012,39.88945
-76.70072,35.0263
-76.70059,35.0268
-76.70058,35.02566
-76.70023,35.02753
-76.70016,35.02778
-76.69893,35.02416
-76.69768,41.6459
-76.69731,35.02406
-76.69667,42.84239
-76.69489,38.94684
-76.69426,38.53916
-76.6942,38.63992
-76.69263,38.26304
-76.69261,34.85073
-76.69232,34.84986
-76.69209,45.16167
-76.692,34.85095
-76.69181,34.82229
-76.69059,34.82675
-76.68997,34.82902
-76.68933,34.82461
-76.68913,34.71792
-76.68688,34.72248
-76.68685,34.72257
-76.68682,34.72269
-76.68679,34.72278
-76.68653,34.72052
-76.68555,35.03291
-76.68552,35.03345
-76.68547,34.80598
-76.6847,34.72048
-76.68456,44.77874
-76.68322,35.03278
-76.68194,34.72042
-76.68064,35.16697
-76.6806,35.03022
-76.67808,40.28745
-76.67584,38.51256
-76.67577,38.62559
-76.67262,34.72139
-76.67181,34.76749
-76.67147,35.48429
-76.67141,34.76805
-76.66848,35.04063
-76.66842,35.0404
-76.66801,43.06817
-76.66652,42.23188
-76.66548,37.08339
-76.66497,34.72559
-76.66497,36.9766
-76.66484,34.7233
-76.66462,38.51056
-76.66451,34.72318
-76.66432,35.43291
-76.66261,37.22218
-76.66221,37.22283
-76.6546,41.10416
-76.65032,37.79986
-76.64513,38.26074
-76.64499,43.07894
-76.64207,37.38691
-76.63932,35.14841
-76.63569,37.38032
-76.63273,37.29678
-76.63236,37.29639
-76.63211,34.70965
-76.63202,34.7096
-76.63144,34.70909
-76.62985,36.05753
-76.62982,36.05747
-76.6293,36.98852
-76.62887,35.09378
-76.62538,39.25725
-76.62483,36.99316
-76.62384,37.13745
-76.62369,35.3151
-76.62266,39.23462
-76.62251,36.98265
-76.62237,35.53623
-76.62119,36.9758
-76.61604,38.14293
-76.61574,39.25557
-76.61541,39.25543
-76.61472,35.45338
-76.61456,35.53231
-76.61423,35.15256
-76.61407,39.25998
-76.61262,44.23942
-76.6115,40.0586
-76.61041,39.28584
-76.60907,39.2824
-76.60789,35.93384
-76.60779,44.73145
-76.6071,35.9337
-76.60523,39.2796
-76.60498,39.27891
-76.60458,39.27832
-76.6044,39.26462
-76.60421,44.23891
-76.60322,38.0022
-76.60285,39.27666
-76.6024,44.24076
-76.60167,39.28106
-76.60115,35.08411
-76.59869,39.28163
-76.59858,40.94343
-76.59757,42.54719
-76.59757,45.25255
-76.5932,44.41165
-76.59269,39.28158
-76.59188,35.41429
-76.59128,39.28105
-76.59118,37.65408
-76.59102,37.65443
-76.5909,39.16153
-76.59055,37.33812
-76.59034,39.27575
-76.59029,39.0773
-76.58995,39.27982
-76.5879,39.28238
-76.5874,37.6526
-76.58737,37.65241
-76.58696,39.27886
-76.58687,39.28057
-76.58643,39.2828
-76.58442,38.3958
-76.58437,36.01597
-76.58393,34.7055
-76.58303,39.27986
-76.58278,36.99593
-76.58227,44.6659
-76.5814,39.07214
-76.58124,34.71083
-76.58116,36.73953
-76.57994,39.18022
-76.57982,36.74016
-76.57945,39.27586
-76.57846,39.06029
-76.57773,39.04196
-76.57729,42.00745
-76.57705,36.87943
-76.57666,39.04224
-76.57661,39.07456
-76.57605,38.03111
-76.57586,39.27662
-76.57554,36.86955
-76.57516,39.04234
-76.57492,38.39301
-76.5733,39.07084
-76.57287,37.63523
-76.57264,39.27679
-76.57244,36.86625
-76.57238,39.07582
-76.5716,36.86353
-76.57131,36.8639
-76.57086,39.2713
-76.57081,37.6376
-76.56945,39.2695
-76.56926,36.85203
-76.56924,36.85677
-76.56903,36.85203
-76.56843,37.12366
-76.56652,39.4628
-76.56639,39.46318
-76.56611,36.99799
-76.56515,36.96004
-76.56361,43.07406
-76.56335,38.76831
-76.56297,36.97467
-76.56293,36.97463
-76.5627,44.49498
-76.5626,34.7238
-76.56232,34.7238
-76.56225,36.99484
-76.56212,36.99509
-76.55976,34.69309
-76.55958,38.78038
-76.55938,34.69359
-76.55807,34.7246
-76.55761,37.18713
-76.55758,38.78128
-76.55742,37.18582
-76.55728,39.0639
-76.55655,38.78343
-76.55633,34.69955
-76.55583,38.78451
-76.55499,38.94841
-76.55398,38.95739
-76.55376,38.95477
-76.55316,41.98566
-76.5525,38.95233
-76.55095,34.69604
-76.5504,35.46464
-76.55013,39.06741
-76.54999,39.14719
-76.54984,42.54205
-76.54952,38.4131
-76.54931,38.42453
-76.54921,43.42967
-76.54904,43.0731
-76.54855,42.53625
-76.54835,42.53638
-76.54777,38.82918
-76.54747,39.0866
-76.54695,39.08677
-76.54635,42.53561
-76.54613,38.1762
-76.54605,42.9088
-76.54605,42.91228
-76.54567,39.16201
-76.54566,42.5359
-76.54562,35.46092
-76.54523,42.90832
-76.54512,38.84115
-76.54467,37.72301
-76.54456,42.91076
-76.54414,42.90264
-76.54395,38.83844
-76.54362,34.68918
-76.54358,35.94182
-76.5435,34.68952
-76.54339,38.83775
-76.54326,38.83761
-76.54282,39.0848
-76.54268,42.90853
-76.54149,38.25237
-76.54149,38.88618
-76.54114,38.72624
-76.54046,37.99659
-76.54037,37.99326
-76.53979,42.90536
-76.53959,42.90505
-76.53957,39.0251
-76.5393,38.53377
-76.539,39.08717
-76.53897,38.93663
-76.53857,38.84313
-76.53837,38.84392
-76.53713,38.69116
-76.53712,35.94258
-76.53711,38.6916
-76.53699,39.00731
-76.53621,38.69115
-76.53619,38.6912
-76.53549,35.53334
-76.5335,38.6907
-76.53341,39.01915
-76.53282,44.21712
-76.53264,39.20881
-76.53196,38.35471
-76.53172,39.0072
-76.53162,34.68602
-76.53135,38.83751
-76.53134,34.68584
-76.5299,35.94468
-76.52948,39.01738
-76.52911,44.61759
-76.52815,39.0171
-76.52788,40.02864
-76.5273,35.94398
-76.52697,38.90086
-76.5268,44.43598
-76.52677,39.16298
-76.52669,34.68494
-76.52645,39.16325
-76.52635,34.68513
-76.52561,39.03935
-76.52536,37.54583
-76.52524,38.89219
-76.52413,39.07234
-76.52399,39.096
-76.52362,37.0857
-76.52336,37.08571
-76.52315,38.88846
-76.52263,38.89031
-76.52235,39.07473
-76.52222,37.07958
-76.52151,38.89354
-76.5211,34.72202
-76.52066,37.08574
-76.52056,39.09763
-76.52032,43.46336
-76.52007,39.09866
-76.51922,39.07187
-76.5189,39.14678
-76.51874,39.07269
-76.51819,39.14674
-76.51811,39.07261
-76.51798,43.46413
-76.51682,34.74808
-76.51649,44.21899
-76.51628,43.46303
-76.51625,38.88739
-76.51551,39.06748
-76.51539,38.55715
-76.51503,38.8858
-76.51487,41.47196
-76.51474,38.61801
-76.51463,42.45834
-76.51462,38.8831
-76.51448,38.6164
-76.51446,38.61634
-76.51404,39.1453
-76.51371,39.14561
-76.5137,38.84673
-76.51369,38.40203
-76.51346,39.02262
-76.51274,38.90845
-76.51257,39.06826
-76.51254,39.0149
-76.51249,42.45663
-76.51248,42.45651
-76.51247,42.45639
-76.51246,42.45627
-76.51167,41.97303
-76.51152,39.06763
-76.51145,38.90466
-76.51091,38.16545
-76.51016,44.64289
-76.50943,38.90202
-76.50925,38.90033
-76.50912,40.03068
-76.50887,43.45739
-76.50876,39.15081
-76.50791,39.25165
-76.50783,39.15472
-76.50749,39.25148
-76.50747,37.239
-76.50738,34.7261
-76.5072,34.72813
-76.50685,39.25275
-76.50658,38.50649
-76.50657,38.90033
-76.5064,39.24113
-76.50636,45.2759
-76.50497,38.99291
-76.50477,37.24578
-76.50414,39.14983
-76.504,37.2453
-76.50366,38.34058
-76.50016,38.13817
-76.50012,38.13823
-76.49946,39.15386
-76.49847,38.96859
-76.49827,37.54888
-76.4964,45.26155
-76.4959,39.15132
-76.49506,39.97169
-76.49505,39.25692
-76.49499,39.97255
-76.49424,39.25476
-76.493,39.97124
-76.49284,39.97093
-76.49259,39.97132
-76.49248,39.25682
-76.49056,39.29969
-76.48995,37.69385
-76.48993,37.69396
-76.48978,37.40323
-76.48941,39.25069
-76.48925,37.2647
-76.48916,39.25062
-76.48914,37.69432
-76.48904,39.25184
-76.48824,38.93026
-76.48767,39.05884
-76.48742,39.15858
-76.48695,39.06333
-76.48683,38.9293
-76.4867,38.42062
-76.48645,44.22282
-76.48637,37.05229
-76.48582,35.95872
-76.48548,44.22384
-76.4852,39.16268
-76.48516,39.16273
-76.48476,37.95768
-76.4847,38.97441
-76.48464,38.97154
-76.4844,44.22386
-76.48426,36.85094
-76.48426,37.26239
-76.48374,38.97186
-76.4837,37.95765
-76.48338,37.96407
-76.48274,38.97264
-76.48273,37.95967
-76.48215,37.95845
-76.482,38.95987
-76.48182,37.95847
-76.48166,38.97336
-76.48156,36.09041
-76.48102,38.97427
-76.48078,38.96098
-76.48068,39.26623
-76.48064,37.25685
-76.48049,39.26601
-76.48044,44.23681
-76.47974,44.24251
-76.47964,44.2581
-76.47961,38.97494
-76.47956,44.22835
-76.47953,38.97515
-76.47953,38.98271
-76.47937,39.26203
-76.47933,38.9694
-76.47929,44.23612
-76.47864,44.23695
-76.47837,37.26102
-76.47816,36.86505
-76.47802,44.41707
-76.47758,37.14849
-76.47711,39.25591
-76.47702,38.96838
-76.47695,38.97369
-76.4768,39.06282
-76.47632,38.97419
-76.47588,39.08817
-76.47383,38.46227
-76.47373,36.08766
-76.47367,41.99601
-76.47296,39.1271
-76.47212,39.25889
-76.47199,37.98233
-76.47198,39.25887
-76.47098,37.98196
-76.47049,37.20528
-76.47045,37.20558
-76.4703,38.92265
-76.47007,38.33169
-76.46999,39.29898
-76.46991,39.0609
-76.46982,38.15785
-76.46968,38.00148
-76.46922,37.30187
-76.4691,37.30161
-76.46875,39.08735
-76.46821,38.3287
-76.4682,39.29638
-76.4682,44.67478
-76.46783,37.21385
-76.46642,39.29598
-76.46555,38.92602
-76.46477,39.98215
-76.46458,42.02467
-76.4645,37.99693
-76.4642,38.33865
-76.46415,34.7904
-76.46408,38.33836
-76.46355,34.78821
-76.46301,39.22613
-76.46285,39.22787
-76.46256,38.33408
-76.46234,38.33449
-76.462,38.33698
-76.46184,39.29365
-76.46164,38.33842
-76.46163,38.33262
-76.46131,38.33524
-76.46063,39.22379
-76.46042,39.22371
-76.46041,39.22659
-76.45997,39.22974
-76.4597,39.04823
-76.45957,39.23012
-76.4594,39.00283
-76.45923,39.2301
-76.45909,38.328
-76.45865,38.32415
-76.45865,38.32884
-76.45833,39.27859
-76.45773,38.32333
-76.45761,39.09601
-76.45753,39.22047
-76.45708,38.32315
-76.45697,34.8064
-76.45648,34.80672
-76.45636,34.8063
-76.45592,37.01688
-76.45588,37.01678
-76.45573,34.80632
-76.45463,37.30507
-76.45462,37.30448
-76.4546,38.32046
-76.45445,34.80583
-76.45445,37.01265
-76.45377,38.32562
-76.45348,38.32043
-76.4534,38.32034
-76.45328,38.28954
-76.45324,38.28966
-76.45317,38.3204
-76.45312,39.67526
-76.45311,38.29001
-76.45306,38.99145
-76.45298,38.29039
-76.45285,38.29076
-76.45267,39.25928
-76.4526,38.29189
-76.45253,38.29211
-76.45248,39.25931
-76.45225,38.99184
-76.45211,38.2906
-76.45204,38.28928
-76.45198,38.28947
-76.45192,38.28964
-76.45187,39.28546
-76.45185,38.28983
-76.45183,38.29
-76.45175,38.29024
-76.45155,39.05165
-76.45097,38.33215
-76.45037,44.23414
-76.45028,44.23382
-76.45014,38.29211
-76.4467,37.30923
-76.44541,39.24747
-76.44477,37.61137
-76.44459,37.61073
-76.44311,39.32529
-76.44278,37.29732
-76.44226,37.29735
-76.44215,39.32475
-76.44201,44.54143
-76.44182,39.22024
-76.44157,39.2225
-76.4408,39.22432
-76.44071,37.6597
-76.44069,39.32291
-76.44067,39.31243
-76.44061,39.32149
-76.44054,44.19438
-76.44043,39.11694
-76.43952,39.28189
-76.43908,39.28106
-76.43896,44.19526
-76.43893,39.21711
-76.4385,41.76518
-76.43823,44.19497
-76.43816,39.31337
-76.43653,39.31162
-76.43622,39.2393
-76.43612,39.31047
-76.43541,39.31105
-76.4343,37.59153
-76.43415,38.33096
-76.43402,37.65715
-76.43399,44.19567
-76.43347,39.31125
-76.43315,39.31185
-76.43295,37.65812
-76.43285,39.31166
-76.43278,40.99664
-76.43209,39.31213
-76.43169,39.01636
-76.43161,39.08471
-76.43151,37.97759
-76.43145,39.01646
-76.43137,39.30979
-76.43097,39.30196
-76.4304,39.31129
-76.4295,39.32079
-76.42786,38.15655
-76.42763,39.32201
-76.42728,37.09221
-76.42633,42.93077
-76.42552,37.20286
-76.42522,38.15317
-76.4252,42.02948
-76.42485,38.16812
-76.42479,42.911
-76.42466,39.31902
-76.42446,37.58425
-76.42344,39.20822
-76.4233,44.57431
-76.42273,39.31681
-76.42263,39.31609
-76.42244,37.18264
-76.42205,37.26753
-76.42195,35.46239
-76.4216,42.91075
-76.42128,37.26746
-76.4206,39.30627
-76.41962,34.84254
-76.41938,34.83202
-76.41812,39.30367
-76.41808,39.31928
-76.41651,34.83962
-76.41607,34.8506
-76.41539,38.11154
-76.41486,34.85059
-76.41437,34.85006
-76.4132,38.16492
-76.4121,38.16503
-76.4115,35.78959
-76.41134,35.78962
-76.41098,39.29361
-76.41092,39.29375
-76.41042,41.7536
-76.41014,39.28566
-76.4101,39.29336
-76.40906,39.29282
-76.40704,39.25254
-76.40615,37.15462
-76.40569,39.32735
-76.40537,39.03275
-76.40531,39.25355
-76.40481,39.33206
-76.40449,39.33166
-76.40385,36.89374
-76.40372,39.23486
-76.40371,37.52523
-76.40339,36.89349
-76.40326,37.52559
-76.40308,39.24885
-76.40299,39.26897
-76.40291,36.89715
-76.40256,36.89707
-76.40251,39.33416
-76.40232,39.2363
-76.40231,39.013
-76.40219,39.32974
-76.40196,39.32972
-76.4017,42.86542
-76.40157,39.237
-76.40144,39.23396
-76.40105,39.23384
-76.40102,39.01342
-76.40099,39.0133
-76.40097,39.01319
-76.40094,39.01307
-76.40092,39.01296
-76.4009,39.01284
-76.40088,37.42672
-76.40087,39.01273
-76.40085,39.01262
-76.40083,39.0125
-76.40081,36.8969
-76.40081,39.01238
-76.40078,39.01225
-76.40075,39.32899
-76.40028,39.27454
-76.40023,39.27442
-76.40011,39.32945
-76.40008,34.89218
-76.40006,39.29647
-76.39989,39.31565
-76.39969,38.11555
-76.39955,39.23079
-76.39923,39.31563
-76.39893,39.32376
-76.39851,36.89691
-76.39822,36.89687
-76.39779,39.28388
-76.39766,36.98372
-76.3976,41.7677
-76.39757,36.98365
-76.3975,36.98397
-76.39721,39.28837
-76.3971,39.2844
-76.3968,39.28446
-76.39598,39.28395
-76.39591,39.28501
-76.39498,38.1267
-76.39332,37.56492
-76.39329,44.67818
-76.39133,39.32068
-76.3913,39.32098
-76.38994,37.28116
-76.38963,37.57035
-76.38933,39.38196
-76.38812,44.43825
-76.38697,34.8566
-76.38527,39.32286
-76.38519,39.3229
-76.38477,44.3556
-76.38463,39.3004
-76.3841,39.30107
-76.38408,43.52416
-76.38318,34.86957
-76.38283,44.66842
-76.38165,36.6041
-76.38128,39.30633
-76.38002,34.86833
-76.37882,37.52501
-76.37726,44.26368
-76.37288,38.8386
-76.37228,39.32044
-76.37166,36.83451
-76.37153,36.83448
-76.37118,44.25981
-76.36999,36.83442
-76.36949,40.57197
-76.3692,34.87465
-76.36736,39.88852
-76.36703,39.3112
-76.36682,39.31162
-76.36674,39.88798
-76.3658,39.88731
-76.36433,38.87751
-76.36366,38.91477
-76.36338,38.8995
-76.36272,38.91472
-76.3625,37.624
-76.36206,44.54604
-76.36184,45.02001
-76.35928,38.90531
-76.359,44.43252
-76.35845,36.69126
-76.35823,42.02637
-76.35581,36.50677
-76.35556,38.95461
-76.35156,39.40585
-76.3511,39.40662
-76.35081,39.37529
-76.35076,39.40629
-76.34724,43.16247
-76.34651,38.913
-76.34619,37.0164
-76.34562,37.4041
-76.34463,34.87807
-76.34417,34.87819
-76.34415,34.87815
-76.344,39.35856
-76.34335,44.05018
-76.34241,37.01678
-76.3417,37.0795
-76.34077,45.16809
-76.34014,37.08454
-76.34011,37.08454
-76.3399,39.36973
-76.3397,37.08562
-76.33967,37.08561
-76.33831,38.7202
-76.3351,37.48377
-76.33483,38.7127
-76.33427,38.71284
-76.33387,34.88669
-76.33372,45.15626
-76.33361,38.87229
-76.33355,38.8726
-76.33325,34.88577
-76.3332,38.72097
-76.33294,34.88631
-76.33221,38.9792
-76.33084,38.47387
-76.33074,38.06435
-76.33064,38.97837
-76.33051,44.1307
-76.33018,38.71744
-76.32965,44.13065
-76.32936,37.07491
-76.32749,35.40222
-76.32743,35.40225
-76.32737,35.40229
-76.32689,38.05226
-76.32647,45.19061
-76.32417,43.51269
-76.32393,43.5123
-76.32312,34.89647
-76.32203,37.55808
-76.32202,44.13316
-76.32103,39.00548
-76.32074,43.51068
-76.32057,43.14819
-76.31987,37.55941
-76.31922,37.11074
-76.31917,40.21142
-76.31916,37.11066
-76.31856,37.11056
-76.31753,37.55649
-76.3172,40.2087
-76.31671,35.0044
-76.3163,37.55999
-76.31483,37.55825
-76.31466,36.84573
-76.31433,37.00503
-76.31384,37.48953
-76.31317,37.09314
-76.31285,37.56019
-76.31273,42.90379
-76.31263,35.01878
-76.31154,38.96713
-76.31037,37.80351
-76.30999,37.49253
-76.3099,37.80316
-76.30953,40.2041
-76.30835,37.48813
-76.30813,37.56187
-76.30812,34.99017
-76.308,34.99431
-76.30791,34.9949
-76.30784,34.99134
-76.30761,36.86002
-76.30679,36.90898
-76.30648,36.80149
-76.30582,39.79864
-76.30515,34.98944
-76.30495,43.23069
-76.3043,35.95358
-76.30309,37.07256
-76.30269,37.89851
-76.30248,37.37016
-76.30135,41.33694
-76.30063,36.74249
-76.30006,37.92491
-76.29865,36.84142
-76.29641,36.83539
-76.29617,36.96572
-76.29615,36.83183
-76.29579,36.96599
-76.29474,36.96453
-76.29466,36.73931
-76.29463,37.09625
-76.29404,36.88438
-76.29343,38.90333
-76.29236,44.5633
-76.28944,37.61658
-76.28809,38.93758
-76.28805,36.96439
-76.28804,36.96414
-76.28775,44.01159
-76.28773,39.77958
-76.28724,38.93787
-76.28642,38.9361
-76.28641,37.84238
-76.28626,37.05518
-76.28619,37.05948
-76.28598,37.83195
-76.2859,38.93587
-76.28404,36.8836
-76.28358,38.98699
-76.28316,38.93796
-76.28263,43.20357
-76.28155,41.69441
-76.28037,38.8374
-76.27741,35.91733
-76.27666,36.60187
-76.2764,38.72025
-76.27602,36.21929
-76.27573,36.21923
-76.27426,37.34113
-76.27277,44.69756
-76.27274,39.40376
-76.27238,39.76727
-76.27206,38.5563
-76.27204,39.76695
-76.27163,37.82444
-76.27156,38.55648
-76.26793,42.7612
-76.26688,39.4461
-76.26647,39.44606
-76.26626,43.21044
-76.26491,43.12443
-76.26469,38.96308
-76.26397,37.3762
-76.26354,42.84369
-76.26346,38.92393
-76.26089,39.14128
-76.26015,39.44011
-76.25939,44.30522
-76.25811,43.1278
-76.25736,43.12872
-76.25599,43.52424
-76.25535,43.52417
-76.25509,39.14536
-76.25505,39.14541
-76.25228,43.51848
-76.25121,44.16871
-76.2507,38.97343
-76.24903,44.55835
-76.24897,38.97162
-76.24895,38.97171
-76.24873,39.43513
-76.24829,38.9744
-76.24829,38.97447
-76.24824,39.13449
-76.24824,43.51433
-76.247,39.14678
-76.24653,44.73162
-76.24628,43.21419
-76.2458,38.97163
-76.24502,39.14841
-76.24493,39.13453
-76.24438,44.17167
-76.24417,39.45475
-76.2441,39.45473
-76.24405,38.97337
-76.24318,38.96718
-76.24312,39.12356
-76.24291,39.13059
-76.24221,39.46043
-76.24138,39.13208
-76.24101,39.69502
-76.24073,44.479
-76.24006,38.96598
-76.23814,44.47821
-76.23809,44.47822
-76.23725,44.47904
-76.23685,44.47885
-76.23532,40.26885
-76.23528,39.44294
-76.23473,38.96431
-76.23462,39.09635
-76.23446,36.71812
-76.23303,39.75838
-76.23258,39.75888
-76.2295,38.35158
-76.22925,43.82536
-76.22924,43.82501
-76.22817,38.32211
-76.22678,42.09051
-76.22561,39.11738
-76.22479,38.51335
-76.22281,38.50798
-76.22247,44.06698
-76.22181,38.78655
-76.2218,38.78635
-76.22166,38.78696
-76.22101,38.78532
-76.22101,38.7906
-76.21989,38.7906
-76.21977,38.78797
-76.21952,38.78452
-76.21946,38.78536
-76.21936,38.79911
-76.21922,38.78786
-76.21889,38.78406
-76.218,38.58455
-76.21634,38.96644
-76.21625,38.96646
-76.21525,43.89389
-76.21478,44.02942
-76.21397,44.02949
-76.21387,40.12062
-76.21356,43.89449
-76.21192,43.84878
-76.21085,43.84867
-76.21082,43.84973
-76.21054,43.84854
-76.21042,43.10058
-76.2101,43.84916
-76.20962,39.03224
-76.20937,43.10027
-76.20921,43.84847
-76.20905,43.84928
-76.20898,35.42129
-76.20858,43.84847
-76.20829,44.32178
-76.20785,44.32223
-76.20651,43.85041
-76.20515,36.30047
-76.20514,36.30046
-76.20494,43.27002
-76.20467,42.08257
-76.20452,43.07266
-76.20441,39.2649
-76.2042,38.97241
-76.2033,43.75234
-76.20322,43.56728
-76.20284,39.67144
-76.20213,39.67142
-76.20126,38.96408
-76.20083,43.85279
-76.2008,43.57317
-76.2,43.85197
-76.1997,43.85284
-76.19964,45.22437
-76.19963,43.85171
-76.19716,44.20476
-76.19701,44.30151
-76.1969,38.38642
-76.19667,44.08089
-76.19554,39.68319
-76.19535,44.69828
-76.19428,44.69817
-76.19376,43.69715
-76.19299,44.69898
-76.19256,44.69885
-76.19132,44.70265
-76.1899,39.16237
-76.18779,36.7245
-76.18737,39.10919
-76.1873,36.27228
-76.1865,44.70795
-76.18471,43.6719
-76.1826,36.82556
-76.18244,43.70976
-76.18157,38.70288
-76.18135,45.03293
-76.17913,38.25943
-76.17659,38.52641
-76.17639,44.71101
-76.17619,36.32169
-76.17609,35.45193
-76.17559,39.11798
-76.17554,38.75336
-76.17502,35.45689
-76.1735,38.68297
-76.17137,38.51959
-76.17098,43.67399
-76.17083,43.67339
-76.16891,38.50682
-76.16802,39.2825
-76.16793,39.28267
-76.16758,38.68953
-76.16728,39.26857
-76.16714,39.28323
-76.16693,36.58674
-76.16542,44.32278
-76.16448,36.85596
-76.16357,44.32364
-76.16151,44.32653
-76.16093,38.98997
-76.16034,38.98953
-76.15999,43.65845
-76.15971,43.24482
-76.15767,42.60851
-76.15535,38.86433
-76.1539,45.12954
-76.15378,45.12968
-76.15284,39.06011
-76.15155,38.89866
-76.15084,43.23918
-76.15059,43.24176
-76.14659,44.84845
-76.14641,44.85147
-76.1462,44.85159
-76.14588,44.84868
-76.14578,38.52773
-76.14561,38.52515
-76.14536,38.43924
-76.14504,43.23945
-76.14443,42.06774
-76.14259,39.32742
-76.14227,43.2408
-76.142,39.10687
-76.1392,38.5306
-76.13687,38.52839
-76.13535,44.85652
-76.13333,42.77265
-76.13184,39.33305
-76.13115,38.28542
-76.13026,43.8226
-76.12933,43.24042
-76.12758,39.59734
-76.12749,39.59737
-76.12727,43.24032
-76.12647,43.90116
-76.12614,39.61288
-76.12607,44.55059
-76.12548,43.24383
-76.12502,38.79335
-76.12449,45.1845
-76.12426,40.93117
-76.12381,44.60955
-76.12237,43.94875
-76.12176,43.94917
-76.12138,43.94849
-76.11973,40.60921
-76.11951,40.61031
-76.11808,43.24237
-76.11805,39.60461
-76.11693,40.93057
-76.11397,39.60215
-76.11271,43.95365
-76.11052,39.59944
-76.10998,39.59893
-76.10993,38.58155
-76.10883,43.22816
-76.10765,45.15822
-76.10622,41.17897
-76.10533,40.41953
-76.10301,38.89191
-76.10284,38.89194
-76.10221,38.74111
-76.10029,36.71882
-76.09486,38.76803
-76.09449,38.76842
-76.09326,44.23268
-76.09283,39.55551
-76.09278,44.23262
-76.09256,39.55545
-76.09218,38.51902
-76.0907,36.50346
-76.09052,39.53723
-76.08973,44.23746
-76.08888,39.5504
-76.08853,40.60211
-76.08823,40.41181
-76.08794,40.41185
-76.08728,43.24163
-76.08634,39.54807
-76.08611,44.23269
-76.08604,39.54649
-76.08564,38.65388
-76.08494,39.5443
-76.08409,39.54251
-76.08351,36.50006
-76.08306,38.28067
-76.08257,38.28077
-76.08234,38.28116
-76.08202,38.28085
-76.08199,38.447
-76.08155,38.4472
-76.08144,39.56026
-76.08136,39.56134
-76.0811,39.55891
-76.07988,39.55988
-76.07942,39.56938
-76.07934,43.20899
-76.07897,39.56686
-76.07896,39.56692
-76.07839,38.58072
-76.07788,42.08507
-76.07787,38.58501
-76.07609,44.26162
-76.07421,39.05432
-76.07363,44.89505
-76.07293,38.56567
-76.07187,38.57702
-76.07162,38.89106
-76.07108,38.57255
-76.07079,43.96642
-76.07028,44.24048
-76.06849,44.24285
-76.06746,38.38163
-76.06729,38.57348
-76.06658,38.38171
-76.06454,35.94459
-76.0625,39.371
-76.0624,39.37144
-76.062,39.37159
-76.0617,39.37106
-76.06043,39.81029
-76.05818,44.89107
-76.05758,41.36432
-76.05534,39.54633
-76.05403,42.78584
-76.05394,39.37091
-76.05352,43.2006
-76.05246,43.2017
-76.04938,38.2447
-76.04878,38.59257
-76.04818,43.97776
-76.04715,39.54772
-76.04686,44.0054
-76.04659,41.25157
-76.04632,44.48216
-76.04616,41.37339
-76.04612,44.00535
-76.0448,43.0408
-76.04458,40.37021
-76.04032,44.00583
-76.03983,36.75598
-76.03738,39.17397
-76.03706,39.17378
-76.03413,42.43787
-76.03339,40.38497
-76.03338,36.87953
-76.03229,41.35083
-76.03001,44.35561
-76.02965,35.90605
-76.02944,44.35525
-76.02908,40.57824
-76.02884,35.90575
-76.02606,36.74553
-76.02473,44.51553
-76.02159,44.3593
-76.02134,36.89022
-76.02128,44.35938
-76.02105,44.51761
-76.02094,36.4607
-76.01842,36.89219
-76.01666,37.26489
-76.01577,37.26283
-76.01551,44.26114
-76.01496,42.10052
-76.01475,39.40953
-76.01443,39.23791
-76.0134,44.36286
-76.01304,44.36311
-76.0108,37.27847
-76.01039,44.36437
-76.00802,36.55801
-76.00586,39.55079
-76.00573,44.36416
-76.00554,38.30094
-76.00529,39.55048
-76.00511,39.55431
-76.00477,39.55341
-76.00454,43.17702
-76.00273,44.57286
-76.00272,39.5423
-76.00205,44.57354
-76.00118,44.57243
-76.00053,44.57196
-76.00019,44.57121
-75.99797,37.8314
-75.99294,38.58225
-75.99292,38.41712
-75.99249,36.63399
-75.99086,38.58151
-75.99078,38.5819
-75.99046,43.17781
-75.99001,38.57941
-75.98833,40.5595
-75.98671,39.43344
-75.98662,39.43345
-75.9864,38.5817
-75.98611,39.46507
-75.98609,39.46513
-75.98607,39.46521
-75.98455,35.11502
-75.98432,35.11486
-75.9838,35.11439
-75.98321,39.35779
-75.98141,36.82277
-75.98122,43.17607
-75.97874,39.43782
-75.97855,39.43691
-75.9773,39.4439
-75.97625,39.44803
-75.97599,43.16921
-75.97444,38.68395
-75.97395,38.60691
-75.97387,40.39687
-75.97352,35.11804
-75.97226,39.57163
-75.97154,42.3513
-75.97091,44.66446
-75.97057,39.45741
-75.97054,39.36592
-75.97034,35.89751
-75.97009,39.57373
-75.96999,39.57199
-75.96959,39.5737
-75.96911,39.57424
-75.96846,38.51285
-75.96629,40.56069
-75.9661,44.30295
-75.96527,39.53227
-75.96502,44.30243
-75.96039,39.24064
-75.96023,42.39683
-75.95517,39.57419
-75.95485,42.49431
-75.95319,38.62938
-75.95187,38.60839
-75.95049,38.6808
-75.95013,38.13058
-75.95008,38.13063
-75.9473,39.36333
-75.94728,39.36629
-75.94721,38.17297
-75.94715,38.8928
-75.94691,38.16784
-75.94522,39.59197
-75.94466,38.9686
-75.94462,38.91698
-75.9443,38.87289
-75.94421,39.37835
-75.93696,44.38017
-75.93447,44.32175
-75.92997,44.38218
-75.92866,38.83938
-75.9283,44.88617
-75.92691,43.16256
-75.9264,35.91522
-75.92394,39.38443
-75.92178,40.30927
-75.91913,35.83772
-75.9167,43.55471
-75.91595,44.33887
-75.91593,44.33822
-75.91581,44.33993
-75.91504,43.55595
-75.91452,38.83153
-75.91001,39.50312
-75.90979,38.26991
-75.90964,38.2698
-75.90784,44.34312
-75.90737,38.27392
-75.90694,38.15354
-75.90673,38.15418
-75.90563,39.50283
-75.90432,38.28004
-75.90284,39.48802
-75.90241,38.24063
-75.90144,39.487
-75.90054,39.48772
-75.89542,39.48752
-75.89135,39.36623
-75.88926,38.31067
-75.88923,43.5511
-75.88903,39.53028
-75.88864,39.36542
-75.88852,39.36296
-75.88851,39.3656
-75.88807,40.50056
-75.8872,42.80093
-75.88659,39.363
-75.8858,39.36282
-75.88562,35.79545
-75.88491,39.3636
-75.8841,39.46662
-75.88408,38.48175
-75.88405,39.36381
-75.88398,39.46672
-75.88321,39.36035
-75.88258,39.36032
-75.88068,43.23227
-75.87899,39.5425
-75.87793,43.15074
-75.87752,43.15046
-75.87727,39.46231
-75.87692,39.46222
-75.87614,39.5136
-75.8754,43.15113
-75.87479,39.46084
-75.87385,39.46113
-75.87122,39.46031
-75.87103,39.55351
-75.8708,39.46004
-75.87043,42.10119
-75.86778,40.28929
-75.8669,38.32669
-75.86391,37.97477
-75.86362,37.98064
-75.86241,39.36612
-75.86204,38.09213
-75.86195,39.36582
-75.86185,42.93856
-75.86179,37.97809
-75.85986,37.97543
-75.85919,44.37553
-75.85814,44.45385
-75.85737,39.56164
-75.85212,39.58167
-75.85205,39.58168
-75.85069,42.4223
-75.84996,43.2238
-75.84878,39.5641
-75.84823,38.00976
-75.84715,39.56082
-75.84308,44.91693
-75.84101,43.2252
-75.83759,38.88859
-75.83759,44.91703
-75.83753,44.91751
-75.83709,40.67811
-75.8369,40.66884
-75.8354,44.91867
-75.83526,44.91871
-75.83515,44.91854
-75.83366,39.60242
-75.83343,40.67103
-75.83316,44.91947
-75.83005,40.83096
-75.82298,38.4835
-75.82083,43.52978
-75.81628,43.5234
-75.81464,35.92824
-75.81355,37.71931
-75.81332,39.53018
-75.81142,39.52654
-75.81052,39.52613
-75.80997,36.12237
-75.80975,39.52557
-75.80781,45.25305
-75.80369,38.04925
-75.80368,38.04932
-75.80285,36.10032
-75.79676,40.20958
-75.79628,44.29866
-75.79565,44.29931
-75.79429,38.57609
-75.79409,41.84843
-75.79373,44.00904
-75.79299,38.57522
-75.79173,44.21566
-75.78922,40.19948
-75.78601,38.99752
-75.78584,44.00808
-75.78556,44.29389
-75.78554,44.29443
-75.77821,40.26371
-75.77762,38.16859
-75.77642,44.47711
-75.77485,38.67879
-75.77484,38.67884
-75.77042,41.05324
-75.77042,41.05353
-75.77042,41.0538
-75.77042,42.00836
-75.77023,38.68811
-75.76859,35.9121
-75.76102,43.16264
-75.76093,44.26485
-75.75964,36.18729
-75.75861,42.54909
-75.75732,43.22351
-75.75519,37.71151
-75.75507,38.2862
-75.75469,40.96662
-75.74998,43.22391
-75.74754,36.12383
-75.74561,44.27023
-75.74516,43.15783
-75.74167,41.96323
-75.74068,43.22379
-75.74017,44.2555
-75.73694,35.68932
-75.73622,39.06794
-75.73168,44.31858
-75.73072,44.31826
-75.72991,40.069
-75.72937,40.06498
-75.72916,40.06457
-75.72868,38.28148
-75.72762,37.91898
-75.7259,37.97026
-75.7253,43.19316
-75.7238,41.11014
-75.72326,36.06442
-75.72193,41.11495
-75.72103,40.06622
-75.71898,38.1773
-75.71742,38.54557
-75.71675,41.11283
-75.71582,40.24831
-75.70793,41.56369
-75.70695,39.5464
-75.7068,39.54696
-75.70561,44.15648
-75.7028,39.54777
-75.7021,35.20851
-75.70124,45.25003
-75.69905,35.2104
-75.69563,35.21836
-75.69552,35.21852
-75.69529,35.21882
-75.69467,45.04122
-75.69338,39.43862
-75.69144,42.86055
-75.69106,42.86057
-75.68798,44.58443
-75.68789,44.58408
-75.68764,37.60539
-75.68707,44.58492
-75.68674,36.03557
-75.68671,36.03551
-75.68665,37.60734
-75.68624,44.5627
-75.68611,44.58502
-75.68593,37.60804
-75.68432,44.58647
-75.68356,44.58717
-75.6831,37.9037
-75.68174,44.58867
-75.67987,45.23138
-75.67724,35.89821
-75.67718,35.89824
-75.67662,35.89763
-75.67445,38.34229
-75.67425,35.21837
-75.67232,38.56432
-75.67206,35.22003
-75.67178,45.05733
-75.66941,35.91094
-75.65633,40.79232
-75.65435,39.4527
-75.65403,37.90263
-75.65197,37.93515
-75.65065,44.27636
-75.64988,40.24114
-75.64802,45.14785
-75.64735,42.12388
-75.64619,38.62781
-75.64584,45.20106
-75.64543,45.20097
-75.64461,45.2014
-75.64413,45.15023
-75.64301,45.07341
-75.64125,45.02009
-75.63799,35.89393
-75.6376,45.15857
-75.63756,35.89392
-75.63754,35.89386
-75.63752,35.8938
-75.63748,45.15848
-75.63653,38.54059
-75.63512,45.06947
-75.63475,39.38887
-75.63471,45.07048
-75.63455,45.13335
-75.63224,39.68527
-75.63109,37.97479
-75.63089,45.1631
-75.63048,45.16373
-75.62919,35.23344
-75.62789,43.98435
-75.62704,35.23329
-75.6265,35.23753
-75.62591,35.23384
-75.62065,38.00867
-75.62058,38.00867
-75.62012,45.11454
-75.61925,40.8629
-75.61848,35.24581
-75.61837,35.24601
-75.61802,38.63347
-75.61754,35.24561
-75.61522,40.22361
-75.61175,44.50977
-75.61166,38.63971
-75.61156,38.63664
-75.61145,38.63753
-75.61097,44.28831
-75.61054,38.63792
-75.6105,42.79938
-75.60744,38.36376
-75.60693,40.78213
-75.60427,35.90308
-75.60207,35.25316
-75.60199,40.75265
-75.60172,35.25208
-75.60159,35.25276
-75.60113,39.43113
-75.601,35.25463
-75.60027,42.19366
-75.60001,41.98423
-75.59964,35.25296
-75.59927,39.40864
-75.59686,35.2657
-75.5968,39.70926
-75.59618,35.26508
-75.59605,35.26458
-75.59432,38.6799
-75.59345,41.06146
-75.59232,35.26231
-75.59208,35.26304
-75.59171,35.26404
-75.59097,35.26422
-75.59052,39.57263
-75.5899,35.26155
-75.5897,35.2608
-75.58902,39.57532
-75.57997,39.50478
-75.57747,38.55707
-75.57443,40.87447
-75.57424,42.87827
-75.57226,38.0732
-75.56869,39.65615
-75.56555,35.81139
-75.56535,38.42332
-75.56463,35.81279
-75.56392,40.2098
-75.56205,35.26439
-75.56133,37.77506
-75.55714,35.26506
-75.55696,35.26552
-75.55686,35.26455
-75.55479,38.55869
-75.55146,38.64343
-75.54856,35.26811
-75.54836,35.7946
-75.54044,40.7337
-75.53939,38.56338
-75.5373,41.58939
-75.52936,38.9807
-75.52935,39.69246
-75.52719,39.38845
-75.52712,39.38845
-75.52706,39.38844
-75.52348,42.22784
-75.52099,39.16831
-75.52003,44.70407
-75.51363,40.15651
-75.51312,42.85921
-75.51281,42.52367
-75.51195,35.35027
-75.51133,38.9895
-75.51114,44.70995
-75.51101,40.15874
-75.50913,40.14477
-75.50732,40.16068
-75.50513,43.89538
-75.50269,35.36698
-75.50193,35.36703
-75.50142,35.36708
-75.50099,35.36931
-75.50069,40.37889
-75.49933,39.11411
-75.49931,39.11415
-75.49593,44.69999
-75.49537,42.40968
-75.49455,44.6904
-75.49444,44.69496
-75.49261,39.22311
-75.48817,44.7045
-75.48625,38.90427
-75.48592,41.7032
-75.48383,39.57322
-75.48338,44.33215
-75.48139,42.28868
-75.48124,35.67512
-75.48049,39.5799
-75.48005,39.64023
-75.47779,43.20279
-75.47638,39.71726
-75.47622,39.57921
-75.47498,35.539
-75.47436,44.63015
-75.47374,44.73596
-75.47373,44.73517
-75.4736,35.5418
-75.47359,35.54305
-75.47346,35.54382
-75.47297,35.5461
-75.47118,35.5563
-75.47067,35.59561
-75.47035,35.59596
-75.47034,35.5959
-75.47002,35.56615
-75.46943,35.57525
-75.46875,35.57919
-75.46858,35.57925
-75.468,38.12969
-75.46635,38.12448
-75.46612,39.66966
-75.46507,38.9115
-75.46187,40.25492
-75.45838,40.62436
-75.45735,41.22519
-75.45582,40.61511
-75.45581,40.61509
-75.45569,39.74873
-75.4526,44.14352
-75.45211,40.15034
-75.44978,37.95144
-75.44767,40.18167
-75.44677,43.77481
-75.44672,40.1501
-75.44616,43.20132
-75.44578,39.67188
-75.44421,39.16031
-75.44043,38.14038
-75.43753,43.19689
-75.43732,43.19659
-75.43142,37.97301
-75.43122,39.45448
-75.42842,39.45286
-75.42702,39.42108
-75.42143,40.10841
-75.42128,42.05912
-75.41875,39.43333
-75.41748,39.4344
-75.41714,43.28638
-75.41702,39.07607
-75.41422,42.03557
-75.40901,39.44385
-75.40619,37.90277
-75.4041,41.20364
-75.40327,38.17404
-75.40304,39.19429
-75.4029,39.19431
-75.40283,41.20997
-75.40249,41.21012
-75.40157,37.90913
-75.39984,38.17551
-75.39951,39.05729
-75.39904,43.71115
-75.39835,39.0582
-75.39771,39.0585
-75.39765,39.05853
-75.39757,39.05856
-75.39687,42.07678
-75.39363,39.04607
-75.39222,43.8992
-75.39008,38.00685
-75.39005,44.16062
-75.3897,40.11901
-75.38624,40.61504
-75.38343,37.90901
-75.38281,37.9319
-75.38249,44.78535
-75.38113,37.91642
-75.3769,39.83231
-75.36978,42.5944
-75.36633,42.62322
-75.36534,43.67887
-75.36453,38.07645
-75.36189,37.92183
-75.36123,38.04119
-75.35858,39.42528
-75.35572,39.37704
-75.35509,39.37835
-75.35503,40.11551
-75.35336,40.115
-75.35025,39.38377
-75.34721,41.42325
-75.34681,41.42331
-75.34632,41.42319
-75.33396,40.62635
-75.32809,38.58861
-75.32215,44.83454
-75.32162,38.9393
-75.32093,39.41429
-75.32006,45.0493
-75.319,41.36722
-75.31676,44.83555
-75.31554,42.90934
-75.31399,39.87039
-75.31393,39.87044
-75.31337,44.83787
-75.31267,38.77624
-75.31025,39.8725
-75.31011,41.37724
-75.30994,38.7788
-75.30634,39.86141
-75.30478,39.86114
-75.30085,39.8604
-75.30043,39.85974
-75.29829,40.07016
-75.29313,39.37369
-75.29296,38.59776
-75.28928,38.59459
-75.28793,38.59485
-75.28605,38.15114
-75.28373,40.64114
-75.28302,40.64168
-75.28156,41.9501
-75.2759,38.87746
-75.27411,41.24569
-75.27285,38.79334
-75.27253,43.13379
-75.27178,40.64488
-75.26986,40.05908
-75.26791,39.52844
-75.26747,40.47921
-75.26553,38.82072
-75.26375,41.86707
-75.26018,40.42514
-75.25967,38.82185
-75.2591,40.04994
-75.2591,40.04995
-75.2581,39.35086
-75.25705,38.23739
-75.25384,40.04461
-75.25327,38.58297
-75.2477,39.29773
-75.24467,40.65746
-75.24343,45.28467
-75.24319,43.12312
-75.24052,39.44774
-75.23591,39.42642
-75.23353,41.3155
-75.23156,45.10304
-75.22643,44.62139
-75.22413,40.46944
-75.22364,40.46721
-75.22237,39.38106
-75.21987,38.55896
-75.21946,38.55947
-75.217,41.31708
-75.21359,41.75055
-75.21196,38.59156
-75.20965,40.47654
-75.20899,39.87623
-75.20899,41.75566
-75.20837,38.59436
-75.20713,39.89358
-75.20664,40.68892
-75.20589,43.43937
-75.20446,39.93822
-75.20444,40.68997
-75.20334,40.6923
-75.20292,39.39179
-75.20221,39.33498
-75.19954,40.32313
-75.19935,40.32316
-75.19818,40.31594
-75.19734,39.29196
-75.19681,40.58017
-75.1968,40.57914
-75.19623,43.97568
-75.1944,39.99324
-75.19408,40.32029
-75.19143,40.4869
-75.19135,40.6284
-75.19087,38.21663
-75.19082,40.6266
-75.18968,41.45965
-75.18852,40.59127
-75.18778,40.75838
-75.18637,38.59302
-75.18249,41.45036
-75.18243,38.66545
-75.18235,40.6689
-75.18211,38.56778
-75.182,41.4495
-75.18044,44.89369
-75.17994,41.47955
-75.17961,39.87719
-75.1782,40.91386
-75.17584,40.77927
-75.17339,38.65553
-75.17255,38.66218
-75.17143,38.23667
-75.17009,39.24303
-75.16982,38.6606
-75.16748,38.63591
-75.16564,38.79091
-75.16528,39.5894
-75.16498,40.91363
-75.16491,39.59672
-75.15977,38.64358
-75.1576,38.63959
-75.15757,38.40142
-75.15647,39.3129
-75.1562,45.2153
-75.1549,38.61136
-75.15235,38.58102
-75.15133,38.2478
-75.14817,38.61274
-75.14723,38.64312
-75.14289,39.72831
-75.14283,39.84194
-75.14189,38.6129
-75.14144,38.77936
-75.14076,38.77774
-75.14051,38.61327
-75.1394,39.95343
-75.1393,39.95098
-75.1389,39.95204
-75.13299,38.3455
-75.13262,38.63388
-75.13247,38.34569
-75.13223,44.74741
-75.13137,39.94208
-75.13119,38.38633
-75.13027,39.24615
-75.13018,38.61377
-75.12965,39.89636
-75.12946,38.62845
-75.12942,38.3862
-75.12938,40.96959
-75.12925,39.89602
-75.12885,41.40501
-75.12802,38.3842
-75.12799,39.89919
-75.12741,45.25646
-75.12725,39.92064
-75.12688,39.88023
-75.12613,38.59158
-75.12575,38.63393
-75.12531,38.61703
-75.12429,38.61639
-75.12282,38.59037
-75.12232,38.59096
-75.12045,38.6248
-75.1181,38.63084
-75.11766,40.78957
-75.11407,39.95765
-75.11122,38.57422
-75.10847,39.95154
-75.10823,38.62558
-75.10784,39.85963
-75.10764,38.46776
-75.1076,39.85969
-75.10701,38.32754
-75.10577,38.54991
-75.10456,41.00502
-75.10343,38.32829
-75.10296,39.95818
-75.10126,38.33715
-75.1,38.57204
-75.09979,38.33308
-75.09979,38.62522
-75.09923,38.61985
-75.09906,39.81044
-75.09875,40.56529
-75.09707,40.43463
-75.09684,38.47887
-75.09578,39.23832
-75.09372,38.57381
-75.09211,44.93696
-75.09126,40.73882
-75.09016,38.33152
-75.08975,38.4776
-75.08922,38.57685
-75.08894,38.56918
-75.0888,38.55528
-75.08859,38.55719
-75.08669,38.46538
-75.08646,38.72682
-75.08493,38.49974
-75.08456,38.49953
-75.08365,38.579
-75.08287,40.82792
-75.08245,38.54442
-75.08233,38.734
-75.08085,41.28408
-75.08035,40.65897
-75.0777,38.4854
-75.07739,38.48526
-75.07722,40.90868
-75.07682,38.6044
-75.07553,38.68779
-75.07511,44.22102
-75.07488,38.58745
-75.07377,39.92659
-75.07323,38.45589
-75.07299,38.6158
-75.07289,38.6162
-75.0726,38.6705
-75.07242,38.61393
-75.07241,38.61386
-75.07197,38.62917
-75.07161,38.50077
-75.07124,38.50105
-75.07117,38.54585
-75.07113,39.92453
-75.07047,40.5364
-75.0698,38.37844
-75.06936,43.04112
-75.06887,40.48972
-75.06871,38.52227
-75.06818,38.44577
-75.06782,38.60966
-75.06717,38.39173
-75.06713,39.40814
-75.06698,40.50614
-75.06693,39.92438
-75.06682,38.44757
-75.06679,41.70407
-75.06605,39.98101
-75.06527,38.54399
-75.06436,38.55423
-75.06363,38.54972
-75.06349,40.51168
-75.06337,40.88475
-75.06336,40.42279
-75.06312,38.40476
-75.06252,38.58279
-75.06021,41.61364
-75.05851,41.61166
-75.0576,41.66964
-75.05617,38.49737
-75.05608,40.00726
-75.05592,40.00744
-75.05521,39.40914
-75.05496,41.02684
-75.05126,41.05141
-75.04997,41.02951
-75.04934,39.66201
-75.04792,40.41544
-75.04482,41.57529
-75.0437,41.51124
-75.03946,41.34025
-75.03659,39.37701
-75.03515,40.40746
-75.03509,43.89063
-75.03284,40.01981
-75.03059,40.02044
-75.0293,40.01216
-75.02812,43.01952
-75.02311,41.04033
-75.01825,41.41476
-75.01811,44.95954
-75.01788,40.0151
-75.01479,41.06056
-75.01418,40.0252
-75.01266,42.81856
-75.01106,44.92911
-75.00498,41.32843
-75.00362,44.74257
-75.00152,40.96805
-74.99808,39.252
-74.99739,44.93868
-74.99732,41.03698
-74.99714,39.3674
-74.99665,41.03837
-74.99653,41.03858
-74.99454,40.89125
-74.993,41.68312
-74.99295,41.68297
-74.99203,40.04104
-74.99126,39.32259
-74.99065,42.83495
-74.98938,44.9867
-74.98901,43.67533
-74.98729,40.85916
-74.98647,41.48594
-74.98364,41.10757
-74.97924,40.03095
-74.97592,40.0355
-74.97472,40.05699
-74.96939,43.71249
-74.96797,40.71119
-74.96448,41.32244
-74.96256,40.04507
-74.96256,40.0453
-74.95253,44.99285
-74.94554,40.36064
-74.94552,40.03967
-74.94264,42.55654
-74.942,40.34233
-74.94055,44.54069
-74.94052,41.31268
-74.93135,44.52949
-74.9282,44.99452
-74.92615,41.13716
-74.92441,44.95602
-74.9236,40.66086
-74.92209,42.70278
-74.92158,42.70268
-74.91553,44.13832
-74.91368,40.08841
-74.91359,38.94818
-74.91312,44.50829
-74.9121,41.47629
-74.911,38.9494
-74.90912,38.94899
-74.90783,38.94756
-74.90651,40.07596
-74.90604,38.95135
-74.90583,40.07778
-74.90526,40.07503
-74.90518,43.51727
-74.90246,38.95411
-74.90141,40.07547
-74.8944,44.93297
-74.89425,38.94675
-74.89414,45.01234
-74.89378,38.95402
-74.89342,43.84096
-74.89013,45.02759
-74.89006,45.02721
-74.88655,38.95474
-74.88336,45.0277
-74.88207,43.02555
-74.87876,38.95843
-74.8736,40.29739
-74.87157,41.66191
-74.87011,38.95615
-74.86869,41.20865
-74.86808,39.11765
-74.86643,43.03356
-74.86601,44.52993
-74.866,38.95974
-74.86008,41.2194
-74.85917,45.00049
-74.85745,39.24567
-74.85272,41.0629
-74.85073,38.99744
-74.84849,40.63163
-74.8473,40.63222
-74.84659,44.22073
-74.84535,40.25325
-74.84258,44.52877
-74.84253,40.10043
-74.84175,40.81295
-74.83612,38.98956
-74.83415,41.24211
-74.83319,38.98755
-74.83162,38.98715
-74.82523,41.07237
-74.82181,42.09019
-74.82134,41.07836
-74.82102,44.51461
-74.81874,41.08364
-74.81872,40.14709
-74.81849,39.56336
-74.81592,40.91369
-74.81528,40.13502
-74.81086,39.02885
-74.80088,39.02876
-74.79952,39.02257
-74.798,41.30873
-74.7972,41.30892
-74.79533,41.31811
-74.79517,44.99896
-74.79437,43.75516
-74.79343,43.75469
-74.78998,42.10169
-74.78298,41.60896
-74.78252,41.62174
-74.7812,41.62628
-74.77488,44.24829
-74.76587,39.05844
-74.76419,44.45242
-74.76315,44.46871
-74.76146,41.52183
-74.75903,39.05877
-74.75714,40.33166
-74.75376,39.06459
-74.75371,40.18661
-74.75329,40.86263
-74.74979,40.18407
-74.7496,40.18447
-74.749,42.11791
-74.74889,44.43341
-74.74029,39.08006
-74.73859,39.08145
-74.73856,39.45674
-74.73854,39.08176
-74.73686,40.92862
-74.73606,41.62671
-74.73563,41.01042
-74.73285,44.43905
-74.73278,45.01161
-74.73216,40.92612
-74.7313,39.73983
-74.72527,43.74418
-74.72509,44.35364
-74.7206,39.11557
-74.71934,45.01398
-74.71703,39.10712
-74.71695,39.41453
-74.71662,39.41442
-74.71419,39.12534
-74.71278,41.38618
-74.71012,43.7693
-74.70396,39.35258
-74.70356,40.90118
-74.69852,41.35644
-74.68511,40.9086
-74.6804,42.0498
-74.67899,42.99451
-74.67842,42.99473
-74.67705,39.33438
-74.66485,45.03436
-74.66389,40.90463
-74.66343,40.91771
-74.66338,39.19461
-74.65882,41.01272
-74.65708,40.90955
-74.65692,40.91001
-74.65366,41.74961
-74.64972,40.34019
-74.64749,41.02121
-74.64176,40.26559
-74.6374,40.92918
-74.63474,40.9714
-74.62949,39.28745
-74.62894,40.33871
-74.62858,39.25514
-74.62698,39.28766
-74.62624,44.1155
-74.62575,40.36682
-74.62466,44.60377
-74.62131,40.94295
-74.62112,43.80704
-74.62044,40.96072
-74.61942,39.62641
-74.61909,39.28415
-74.6113,40.98299
-74.61126,42.92508
-74.59823,43.81599
-74.5959,39.30924
-74.59512,39.30988
-74.59295,43.89252
-74.59257,39.30087
-74.592,45.0195
-74.59125,43.88606
-74.59056,39.31365
-74.58672,39.31588
-74.58648,39.31583
-74.57671,41.62423
-74.57663,41.623
-74.57501,41.19412
-74.57307,45.05277
-74.5725,42.90895
-74.56856,39.33148
-74.5515,41.50215
-74.54915,41.25987
-74.54621,39.68701
-74.54136,45.0701
-74.53968,43.42906
-74.53825,41.51685
-74.53792,41.26234
-74.53404,41.28799
-74.53112,43.17545
-74.52801,43.90491
-74.5242,39.66575
-74.52216,40.26872
-74.522,40.21695
-74.51722,40.21548
-74.51228,40.5408
-74.50626,39.56279
-74.503,44.99055
-74.49837,40.41127
-74.48629,39.42604
-74.48586,40.19588
-74.48384,44.19622
-74.48382,44.19585
-74.48199,41.11907
-74.47376,43.12331
-74.47304,43.72597
-74.47297,42.12694
-74.46444,41.17719
-74.46008,39.49567
-74.45998,39.49584
-74.45451,40.44916
-74.45313,44.63058
-74.4531,42.44079
-74.45071,39.57714
-74.44326,42.36598
-74.44304,41.81775
-74.44221,39.59221
-74.44045,39.59039
-74.43939,40.13439
-74.43898,39.59233
-74.43282,40.48761
-74.42653,39.37777
-74.42648,41.18814
-74.42604,39.62661
-74.42225,40.48858
-74.42186,45.16339
-74.41672,39.50532
-74.41672,43.97678
-74.41614,43.97885
-74.40995,40.49327
-74.40729,39.39343
-74.40089,44.30406
-74.38877,43.64672
-74.38821,44.23919
-74.38788,45.18133
-74.38783,43.65214
-74.38772,44.23941
-74.38764,39.39657
-74.38402,40.48788
-74.3839,40.48779
-74.38252,45.18875
-74.38076,41.75704
-74.37207,39.40973
-74.37021,40.69337
-74.36988,42.9507
-74.36985,39.41015
-74.36942,39.40918
-74.36922,40.44737
-74.3688,40.44716
-74.36479,41.43936
-74.36447,39.42156
-74.36163,44.30833
-74.36079,45.14132
-74.35865,43.49557
-74.35582,40.47443
-74.35568,40.47464
-74.35226,43.48712
-74.34588,41.14465
-74.34532,40.67355
-74.34297,41.16902
-74.34177,39.56255
-74.33978,41.17344
-74.33076,39.54337
-74.32899,41.14893
-74.32658,39.95199
-74.32586,39.53937
-74.32178,40.0072
-74.32168,39.5341
-74.32085,44.34391
-74.3207,44.34457
-74.30997,40.659
-74.30767,43.72327
-74.30692,41.13693
-74.30597,40.66028
-74.30363,41.21939
-74.30331,41.21856
-74.30293,41.21931
-74.30145,41.22219
-74.30143,41.14208
-74.30093,41.12683
-74.30091,41.2223
-74.29784,40.98247
-74.29781,41.00987
-74.29758,40.99088
-74.29637,40.98446
-74.29546,45.22577
-74.2947,45.22552
-74.28995,42.93962
-74.28766,44.74075
-74.28585,41.71072
-74.28471,40.50476
-74.2847,45.17315
-74.28008,40.98694
-74.28005,40.98913
-74.27787,41.006
-74.2772,40.50012
-74.27569,43.41106
-74.27396,40.48411
-74.2715,40.91508
-74.26964,40.45637
-74.26824,40.45756
-74.26797,40.46191
-74.26347,40.5023
-74.26332,40.60327
-74.2633,41.16858
-74.26248,41.16859
-74.26236,40.50499
-74.2593,41.02237
-74.25705,40.46101
-74.25622,40.55394
-74.25605,43.09688
-74.25595,40.5557
-74.25563,40.55614
-74.25538,40.55092
-74.25496,40.50992
-74.25492,40.55518
-74.25482,40.55649
-74.25464,41.47249
-74.25408,40.54525
-74.25405,43.78157
-74.2536,41.19376
-74.2535,41.67301
-74.25227,40.93744
-74.25157,41.19467
-74.24969,40.51596
-74.24822,40.51661
-74.24641,39.56581
-74.24633,40.49883
-74.24607,41.5258
-74.24589,39.64362
-74.24526,39.90232
-74.24467,39.56071
-74.24342,39.56723
-74.24053,39.56953
-74.23963,40.88803
-74.23692,39.57151
-74.23623,40.65485
-74.23362,40.41563
-74.23178,41.13552
-74.22678,43.91582
-74.22514,41.30686
-74.22014,42.02391
-74.21673,43.07044
-74.21658,40.43265
-74.21487,40.4348
-74.21374,40.5698
-74.21331,40.43435
-74.2128,40.57182
-74.2118,40.43636
-74.20937,43.09132
-74.20897,39.79404
-74.20814,40.43597
-74.20575,40.17218
-74.20298,40.17214
-74.20222,40.43935
-74.20133,43.08185
-74.20124,39.746
-74.19971,39.95162
-74.19912,40.51313
-74.19894,40.51396
-74.19849,40.51303
-74.19832,40.43972
-74.19768,40.42851
-74.19672,39.74789
-74.19574,39.66081
-74.19496,39.66033
-74.19389,39.83463
-74.19323,39.9498
-74.19317,39.74864
-74.19206,39.94541
-74.19205,39.77706
-74.19142,39.77768
-74.19132,42.93386
-74.19095,39.77772
-74.18997,39.83481
-74.18978,39.94424
-74.18859,39.94326
-74.18748,39.77183
-74.18722,39.8303
-74.18714,39.63552
-74.18703,43.2291
-74.18677,43.91527
-74.18669,40.64614
-74.18633,43.22936
-74.1863,40.64661
-74.18624,43.09522
-74.18507,39.65244
-74.18462,44.28736
-74.18457,39.80867
-74.18356,39.65405
-74.18327,45.28092
-74.18288,41.60111
-74.18259,45.28069
-74.18235,40.62696
-74.18175,45.28181
-74.17744,39.65713
-74.17703,39.65748
-74.17463,43.10496
-74.17348,43.10504
-74.17323,43.18662
-74.17298,43.18616
-74.17221,45.29039
-74.17108,42.92375
-74.17075,40.64245
-74.16366,44.31182
-74.1623,41.68233
-74.15692,39.8614
-74.15683,44.32714
-74.15596,39.86805
-74.15318,39.93533
-74.15211,40.73324
-74.15204,40.73325
-74.15152,39.86748
-74.14694,45.28801
-74.14584,43.97096
-74.14502,39.93958
-74.14491,45.25513
-74.14296,39.9296
-74.14148,40.53775
-74.14096,40.5422
-74.1404,39.93035
-74.14021,40.54286
-74.1395,40.54348
-74.13859,40.54418
-74.13828,42.91566
-74.13797,40.65716
-74.13719,39.70494
-74.13688,40.54522
-74.13568,40.03634
-74.13476,39.9892
-74.13467,40.01742
-74.13392,39.94401
-74.13367,40.6604
-74.13301,41.82897
-74.13173,40.5381
-74.13143,45.25733
-74.13007,41.19885
-74.12781,40.54349
-74.1273,40.01723
-74.12613,44.32333
-74.12567,44.32332
-74.12527,40.05203
-74.12451,40.00221
-74.1243,44.32169
-74.12424,44.3214
-74.12417,44.32106
-74.12405,39.95824
-74.12014,44.31358
-74.11862,41.72043
-74.11861,41.72043
-74.11752,39.75479
-74.11732,45.29268
-74.1172,45.21922
-74.1157,40.65138
-74.11516,39.95038
-74.11505,39.94875
-74.1143,39.75085
-74.11259,39.75265
-74.11237,39.75455
-74.11094,39.75894
-74.1097,39.76119
-74.10957,40.04977
-74.10901,39.92247
-74.10676,41.54025
-74.10407,40.0163
-74.10254,41.24178
-74.10248,40.44097
-74.10204,41.24089
-74.10093,40.72935
-74.10027,40.72965
-74.09738,39.78951
-74.09441,41.75281
-74.09351,41.7438
-74.09347,43.22187
-74.09017,40.41956
-74.08721,39.9061
-74.08696,40.76387
-74.08667,40.76392
-74.08519,41.80196
-74.08283,40.34813
-74.08213,41.98408
-74.08149,41.87553
-74.0799,40.41793
-74.07933,39.9477
-74.07155,40.68433
-74.07038,40.35293
-74.06878,40.35261
-74.066,40.79994
-74.06529,40.69758
-74.06527,40.69749
-74.06292,40.0392
-74.06283,40.07599
-74.05967,40.04256
-74.059,40.80746
-74.05838,40.09197
-74.0576,40.80711
-74.0572,40.80744
-74.05533,43.27169
-74.05449,43.27094
-74.04811,40.06503
-74.04534,40.71054
-74.0449,40.71149
-74.04418,42.64399
-74.04335,40.80552
-74.04216,40.7124
-74.04208,40.1109
-74.04068,40.18525
-74.037,40.10104
-74.03464,40.11729
-74.03339,40.32345
-74.0331,40.17906
-74.03297,40.41786
-74.03175,40.84719
-74.03036,40.36872
-74.02999,41.88462
-74.02772,40.41754
-74.02717,40.18757
-74.02695,40.94809
-74.02608,40.74114
-74.02423,41.45975
-74.02366,40.74845
-74.02254,40.75149
-74.02246,40.74848
-74.02023,40.75957
-74.0187,41.89684
-74.01504,40.71952
-74.01435,40.37645
-74.01376,42.84731
-74.01332,42.84954
-74.01266,40.37765
-74.01173,41.96121
-74.01116,40.73923
-74.00634,41.51628
-74.00548,40.32928
-74.00521,41.49826
-74.00151,40.86606
-74.00099,40.69635
-74.00033,40.41063
-74.00005,40.86612
-73.99983,40.37655
-73.99964,40.86497
-73.99758,40.69874
-73.99753,45.22657
-73.99696,40.70066
-73.99647,41.91207
-73.99615,41.83646
-73.99518,41.91118
-73.99515,41.91234
-73.99494,41.7326
-73.99448,41.91249
-73.9943,41.91117
-73.9942,41.91265
-73.99406,40.58874
-73.99382,40.77335
-73.99282,41.91143
-73.99182,41.91133
-73.99158,41.91145
-73.99124,41.91403
-73.99089,41.91129
-73.98999,41.9146
-73.98987,40.67684
-73.98982,41.91459
-73.98956,45.1257
-73.98932,41.91195
-73.98797,41.50422
-73.98796,40.40583
-73.98773,41.7711
-73.98745,41.50399
-73.98588,40.78556
-73.98555,41.74445
-73.98467,41.91672
-73.98336,40.40175
-73.98156,40.33604
-73.98129,40.39849
-73.98119,40.39792
-73.98001,44.77372
-73.97978,44.77368
-73.97881,44.29795
-73.97825,44.29713
-73.97471,41.92015
-73.97465,40.35126
-73.9746,41.23977
-73.97458,40.35831
-73.97443,40.35727
-73.97428,40.35499
-73.97362,40.77599
-73.97359,40.73577
-73.97271,41.55328
-73.97234,41.9104
-73.97193,40.77652
-73.97174,40.77838
-73.97165,40.77598
-73.97117,40.8286
-73.97071,40.82812
-73.96969,40.83987
-73.96936,41.55498
-73.96933,41.9081
-73.96812,40.83935
-73.96525,41.93054
-73.96466,41.21232
-73.96449,40.65618
-73.96379,42.06656
-73.96231,41.41827
-73.96119,41.60529
-73.96096,41.60624
-73.96024,40.73832
-73.95961,40.85178
-73.95832,41.41417
-73.95816,40.72517
-73.95606,41.83053
-73.95544,41.2483
-73.95522,42.82518
-73.95488,41.97284
-73.9534,41.65324
-73.95301,41.91995
-73.95271,41.98005
-73.95228,41.24627
-73.9521,42.07098
-73.95045,41.58915
-73.95026,41.58666
-73.95014,41.58555
-73.94859,41.71467
-73.94812,41.77381
-73.94745,41.86318
-73.94555,40.87864
-73.94518,42.0714
-73.94501,40.88011
-73.94451,42.82291
-73.94448,42.00342
-73.94383,42.07062
-73.94347,41.27538
-73.94234,41.27256
-73.94223,41.23499
-73.94187,41.83415
-73.94155,42.04004
-73.94117,42.04066
-73.94074,40.58331
-73.94041,41.70679
-73.93947,42.06977
-73.93881,41.71891
-73.93861,42.06958
-73.93826,41.40094
-73.9366,41.73802
-73.93638,41.73535
-73.93601,41.28238
-73.93334,42.82545
-73.93257,40.81044
-73.93256,40.86813
-73.93249,41.28531
-73.93226,40.86868
-73.93205,42.00027
-73.93179,40.59265
-73.93102,42.09865
-73.93065,40.59412
-73.93064,40.58883
-73.93041,42.83122
-73.93004,42.83141
-73.92989,40.59051
-73.92626,41.5942
-73.92488,43.31687
-73.92478,41.2296
-73.91843,40.86004
-73.91833,40.94583
-73.91822,40.94586
-73.91603,41.6024
-73.91549,41.08916
-73.91496,42.03901
-73.91469,40.903
-73.91466,41.09215
-73.91107,42.79935
-73.90652,40.62753
-73.90558,42.8498
-73.90552,42.85009
-73.90527,40.62688
-73.90489,42.12565
-73.90472,43.31101
-73.90354,40.62436
-73.90288,40.62398
-73.90271,40.62581
-73.90174,40.61118
-73.90027,40.58621
-73.89992,40.58798
-73.89736,40.95648
-73.89316,41.20504
-73.89058,40.60398
-73.89058,41.202
-73.8903,41.20193
-73.88873,40.97649
-73.88867,40.97591
-73.88834,40.977
-73.88823,40.97723
-73.88809,40.97727
-73.88702,42.15844
-73.88497,42.85211
-73.88108,40.59595
-73.87552,41.03448
-73.87403,44.22592
-73.87188,40.80192
-73.87086,41.16211
-73.87084,41.15982
-73.87002,41.15641
-73.86877,41.08046
-73.86852,41.08067
-73.86746,41.0746
-73.86711,41.07129
-73.86049,42.82448
-73.85999,41.42848
-73.85891,40.76207
-73.85488,42.21315
-73.85135,42.95623
-73.85071,40.77943
-73.85068,40.77995
-73.85042,40.77191
-73.84969,40.77203
-73.849,42.80338
-73.84882,40.79313
-73.84417,43.00926
-73.84351,40.76338
-73.84243,40.7955
-73.83853,40.58288
-73.83756,43.32209
-73.83291,43.24816
-73.83188,41.45705
-73.83075,42.79405
-73.83061,40.65489
-73.83048,40.65553
-73.82623,43.28739
-73.82485,44.49332
-73.82385,43.28726
-73.82231,44.38466
-73.81858,40.60275
-73.81826,40.60064
-73.81811,41.44601
-73.81769,40.58921
-73.81428,40.82508
-73.81187,44.76894
-73.81106,40.59249
-73.80904,43.72668
-73.80599,40.81584
-73.80424,40.81469
-73.80346,40.8137
-73.80314,40.81333
-73.80215,42.27315
-73.80173,42.27269
-73.79783,42.2562
-73.79773,42.36286
-73.7976,43.48252
-73.7957,42.35317
-73.79157,43.49355
-73.79145,40.85672
-73.79057,42.9341
-73.79051,42.93425
-73.79006,40.59555
-73.78998,43.75044
-73.78981,42.47497
-73.78945,40.84435
-73.78938,42.4734
-73.78937,40.59494
-73.78923,42.78532
-73.78886,42.78963
-73.78754,40.84092
-73.78719,42.45164
-73.78476,40.84322
-73.78292,41.43726
-73.77641,42.49998
-73.77168,42.30926
-73.76894,43.22088
-73.76854,44.61604
-73.76699,40.77971
-73.76469,40.81217
-73.76151,42.79404
-73.76118,40.61295
-73.76094,42.79425
-73.76028,42.7969
-73.76007,43.83452
-73.759,42.98811
-73.75873,42.54782
-73.75856,42.52855
-73.75821,42.98831
-73.75816,42.62153
-73.75789,40.61753
-73.75749,40.61767
-73.75698,40.61696
-73.7557,42.79282
-73.75469,43.4973
-73.75303,42.63731
-73.75299,42.6369
-73.75296,42.79355
-73.75012,40.64429
-73.74908,42.63788
-73.74898,42.80723
-73.74791,43.678
-73.7479,42.79951
-73.74269,42.98599
-73.74187,42.65668
-73.73902,43.68621
-73.73881,43.25082
-73.73702,40.64915
-73.7347,42.6587
-73.73268,40.94173
-73.73262,43.0451
-73.73233,40.94755
-73.73035,40.60376
-73.72981,40.94019
-73.72902,43.05224
-73.72808,42.81969
-73.72251,43.05254
-73.72193,43.05585
-73.72161,40.83646
-73.72112,43.05361
-73.72086,40.83773
-73.72052,43.05359
-73.72029,40.83756
-73.72023,40.83728
-73.71811,40.83697
-73.71784,40.83804
-73.71454,42.80791
-73.71371,40.83893
-73.71175,40.83597
-73.711,43.22696
-73.71019,43.42605
-73.70764,40.83469
-73.70755,40.83516
-73.70706,40.83496
-73.70664,40.83511
-73.70592,40.83525
-73.70515,40.83635
-73.7051,40.94646
-73.70457,40.83571
-73.70417,40.83848
-73.70407,40.82292
-73.70389,43.41796
-73.70366,40.82803
-73.70332,40.82925
-73.70227,40.83183
-73.70176,43.41786
-73.69894,40.62049
-73.69888,43.41906
-73.69826,40.62108
-73.69765,42.72237
-73.69604,43.0737
-73.69567,43.07469
-73.6955,43.07465
-73.69182,42.39069
-73.68523,42.74744
-73.68421,42.75313
-73.67973,41.14525
-73.67848,42.87754
-73.67742,42.78555
-73.67703,43.49259
-73.67657,43.49439
-73.67649,40.62907
-73.67557,42.7822
-73.67456,43.26366
-73.67442,42.78464
-73.67409,43.49761
-73.67151,42.83852
-73.66959,40.62805
-73.66592,40.59369
-73.66518,42.82558
-73.66265,40.62572
-73.66245,43.54779
-73.66237,43.85094
-73.66204,43.54754
-73.66126,40.99831
-73.66101,41.00004
-73.66092,43.27144
-73.65407,43.44161
-73.65395,43.55566
-73.65382,43.44158
-73.65282,43.55545
-73.65261,43.5606
-73.6522,43.44219
-73.65179,43.56121
-73.65154,43.55982
-73.65143,40.83395
-73.65143,43.55788
-73.65105,40.8565
-73.65082,43.56063
-73.65,43.44348
-73.64999,43.55857
-73.64981,43.44337
-73.64925,40.85266
-73.64889,42.94046
-73.64867,42.93979
-73.6439,40.85595
-73.64384,43.46054
-73.64371,43.29001
-73.64221,43.30298
-73.64144,43.47399
-73.64129,40.61444
-73.64069,43.47389
-73.64028,43.47398
-73.6402,40.61322
-73.63953,43.45499
-73.63918,43.45504
-73.63829,43.45358
-73.63511,43.47099
-73.63117,40.62614
-73.63103,43.4627
-73.62935,43.51806
-73.62934,43.51794
-73.62893,43.5178
-73.6277,43.47396
-73.6275,43.47414
-73.62727,43.47421
-73.62711,43.47495
-73.62642,41.01503
-73.62532,41.01488
-73.62265,41.01137
-73.59705,41.50784
-73.5962,41.03176
-73.5936,41.03636
-73.59324,43.05894
-73.59275,40.59409
-73.58996,41.01272
-73.58809,43.26811
-73.5879,43.25421
-73.58552,40.59345
-73.58333,41.4014
-73.5766,43.09803
-73.57615,40.62735
-73.57543,40.64823
-73.5752,43.10195
-73.57505,40.64766
-73.57467,40.63844
-73.57451,40.6363
-73.57451,40.64538
-73.57441,40.64436
-73.5744,40.6467
-73.57411,40.64605
-73.57371,40.64375
-73.57284,43.83813
-73.57215,40.64341
-73.57148,40.64345
-73.5706,40.64348
-73.56802,40.64825
-73.5673,40.63818
-73.55397,40.59041
-73.55392,40.90075
-73.55011,40.90444
-73.54524,41.03745
-73.544,41.03501
-73.54295,40.90406
-73.54065,40.90433
-73.53841,40.87674
-73.53691,40.87707
-73.53685,40.87714
-73.53665,40.87737
-73.53657,40.87745
-73.53523,41.0324
-73.53378,41.03518
-73.5333,41.03724
-73.53156,41.03865
-73.5308,41.04158
-73.53024,40.87705
-73.52978,41.04076
-73.52939,40.87704
-73.52852,40.87711
-73.52329,40.87427
-73.52212,41.45763
-73.52194,41.04218
-73.52165,41.31514
-73.52062,41.04017
-73.51566,40.9022
-73.51436,40.64763
-73.51416,40.64759
-73.51182,40.90317
-73.50956,41.32071
-73.50635,43.64447
-73.50584,43.64408
-73.50515,41.98042
-73.50391,41.04479
-73.50337,41.04615
-73.49851,41.38292
-73.49817,40.64792
-73.49216,41.65866
-73.4919,41.57076
-73.49185,41.57297
-73.49183,41.57235
-73.4865,40.66008
-73.48308,42.74989
-73.48283,41.0466
-73.48103,43.75754
-73.47846,41.89514
-73.47488,40.89726
-73.47326,42.75962
-73.47225,41.50998
-73.46907,40.65583
-73.46638,41.54724
-73.4653,41.49557
-73.46231,40.86726
-73.45849,40.65219
-73.45834,44.04101
-73.45798,44.04133
-73.45672,44.03436
-73.45479,44.03999
-73.45396,41.42458
-73.45329,44.05311
-73.45323,44.05208
-73.45308,44.05245
-73.4527,44.05373
-73.45119,40.91487
-73.44852,44.6994
-73.44593,44.62367
-73.44476,44.70789
-73.4444,44.69804
-73.44379,44.61926
-73.4436,44.61909
-73.44323,44.98474
-73.44268,40.92043
-73.44151,44.69604
-73.43944,44.69546
-73.43537,41.48257
-73.43532,41.4833
-73.43526,41.48318
-73.43525,41.48289
-73.43466,44.18865
-73.43465,42.79293
-73.434,44.18881
-73.43324,43.57498
-73.43317,43.57508
-73.43115,40.89748
-73.43098,44.18234
-73.4304,40.89736
-73.42951,41.44678
-73.42732,43.82207
-73.4273,43.82218
-73.42681,43.8215
-73.42454,44.02938
-73.42332,40.89167
-73.42278,40.88908
-73.42267,40.8873
-73.42242,41.46612
-73.4221,44.03451
-73.422,40.88652
-73.42149,40.89632
-73.41951,43.84964
-73.41731,44.74969
-73.41727,44.48474
-73.41693,44.48449
-73.41683,40.88812
-73.41659,44.04116
-73.41407,44.74951
-73.41338,43.94791
-73.41214,43.21835
-73.4119,41.09454
-73.41115,41.11769
-73.41109,42.41061
-73.41102,43.21842
-73.40959,41.56759
-73.40798,41.56447
-73.40794,40.90419
-73.40726,41.09766
-73.4067,41.09872
-73.40657,41.55538
-73.40447,41.09533
-73.40424,40.66731
-73.40387,44.52578
-73.40378,44.52614
-73.4023,43.55083
-73.40131,43.55899
-73.40089,43.55945
-73.40031,41.52542
-73.39898,41.0867
-73.39894,43.55976
-73.39833,44.02474
-73.3973,41.08808
-73.39717,41.08588
-73.3964,44.40525
-73.39571,43.56977
-73.39513,44.40478
-73.39299,40.66001
-73.39195,43.92601
-73.39078,44.40059
-73.39036,44.40009
-73.39021,44.40009
-73.38711,44.77378
-73.38673,44.9324
-73.38622,44.36774
-73.38548,43.85356
-73.38357,41.70838
-73.38147,40.8999
-73.38053,42.0383
-73.37649,43.85594
-73.37577,43.80014
-73.37574,43.80056
-73.37434,40.8933
-73.37183,41.96385
-73.36965,43.84902
-73.36939,44.78683
-73.36835,41.09871
-73.36777,41.12067
-73.36765,42.20103
-73.36749,41.09868
-73.36742,43.72874
-73.36606,41.10832
-73.3655,41.10836
-73.36416,44.80356
-73.36326,44.99234
-73.36312,44.99027
-73.36009,40.90124
-73.35987,44.99583
-73.35972,44.99537
-73.35805,40.67163
-73.35786,40.90835
-73.35764,40.67065
-73.35731,40.90817
-73.35707,40.89339
-73.35697,41.1048
-73.35691,41.10529
-73.35682,40.67048
-73.35583,40.66936
-73.35541,41.10614
-73.35505,40.89119
-73.35415,45.02201
-73.35404,41.10637
-73.35403,40.6715
-73.35355,40.90066
-73.35337,40.90182
-73.35307,40.89849
-73.35253,41.68299
-73.35184,41.25112
-73.35166,44.17721
-73.35073,44.31011
-73.35004,44.30719
-73.34885,41.48022
-73.34875,41.48023
-73.34608,40.63465
-73.34607,40.63465
-73.34595,41.11557
-73.34539,44.08514
-73.34309,43.76433
-73.34139,44.71963
-73.33507,45.06119
-73.33488,45.06116
-73.33252,41.47139
-73.33188,44.99885
-73.33177,44.85483
-73.33155,42.41585
-73.33029,40.68212
-73.32478,41.45979
-73.32023,44.66782
-73.31993,44.14986
-73.31602,44.2217
-73.31587,44.22173
-73.31569,41.5103
-73.31366,44.91391
-73.31329,44.18943
-73.31312,45.09431
-73.311,45.09357
-73.30677,44.90348
-73.30228,44.83681
-73.30162,44.83522
-73.30067,45.10618
-73.2983,45.10622
-73.29602,41.45028
-73.29371,41.81007
-73.29158,40.68784
-73.29137,44.29502
-73.29109,40.68682
-73.28881,42.20327
-73.28773,44.76488
-73.28688,44.76564
-73.2859,44.2741
-73.28456,45.12255
-73.28406,45.12232
-73.28293,45.12411
-73.28255,45.12383
-73.28107,45.12647
-73.28022,45.12652
-73.27975,42.17505
-73.27971,42.4657
-73.27962,41.69817
-73.27927,45.12659
-73.27913,45.12744
-73.27837,45.12831
-73.27791,45.12838
-73.27747,44.22649
-73.27572,44.9163
-73.27465,44.53623
-73.27464,45.13012
-73.27454,45.12967
-73.27441,44.24845
-73.27371,45.13002
-73.2734,44.52948
-73.2733,44.92142
-73.2725,44.88484
-73.27166,44.88527
-73.27134,44.52906
-73.26859,43.87135
-73.26771,45.13309
-73.26727,41.83708
-73.26668,44.63709
-73.26665,44.63715
-73.26624,44.36275
-73.2655,45.13335
-73.26529,40.62512
-73.26317,45.14098
-73.2613,40.70223
-73.26127,45.14078
-73.26067,45.19439
-73.25855,41.85357
-73.25823,43.10599
-73.25794,44.16786
-73.25455,40.7016
-73.25048,44.86983
-73.24967,45.19828
-73.24922,45.19843
-73.2486,44.43522
-73.24846,44.43442
-73.24789,41.31135
-73.24724,42.48498
-73.24676,45.27899
-73.2448,44.96283
-73.24342,41.79794
-73.2427,45.26624
-73.24256,41.79781
-73.24216,42.39363
-73.24049,40.71209
-73.24004,44.62569
-73.23689,41.14537
-73.23612,41.42772
-73.23598,41.81267
-73.23518,42.93206
-73.23472,44.3987
-73.23469,44.39949
-73.23462,44.40009
-73.23349,44.39766
-73.23329,43.63063
-73.23258,44.89485
-73.23148,44.55301
-73.23133,41.69374
-73.23124,40.90509
-73.23025,40.89925
-73.22821,40.89963
-73.22661,41.43116
-73.22569,44.48267
-73.22377,44.54912
-73.22327,44.48032
-73.2231,41.68815
-73.22294,44.48028
-73.22192,43.74565
-73.22077,44.54815
-73.22049,44.47389
-73.21982,44.47389
-73.21906,44.54772
-73.21875,43.6906
-73.21848,44.60609
-73.21785,41.71669
-73.21509,44.92539
-73.21307,41.15686
-73.21156,44.97078
-73.21111,43.75233
-73.21099,40.85788
-73.20948,44.70572
-73.20882,43.47948
-73.20076,42.27439
-73.19861,43.64498
-73.1929,42.01829
-73.19098,42.79985
-73.18963,40.91711
-73.18954,44.8142
-73.18893,40.70696
-73.18772,40.7086
-73.18639,41.39023
-73.18333,42.53825
-73.18233,43.76837
-73.18169,44.77832
-73.18039,41.17498
-73.1772,40.91848
-73.17594,41.38149
-73.17456,41.38173
-73.17225,44.79411
-73.17188,44.79442
-73.16792,44.97222
-73.16659,42.5557
-73.16622,40.92165
-73.16606,44.95816
-73.1657,40.92054
-73.16243,44.7681
-73.16217,44.3772
-73.16146,41.17296
-73.16104,44.92087
-73.15521,43.80991
-73.15518,41.89914
-73.15516,43.80994
-73.15188,41.9079
-73.15179,41.83749
-73.15028,40.92094
-73.14991,40.64902
-73.14853,45.08332
-73.14015,41.36439
-73.13914,41.27359
-73.13844,44.24983
-73.12904,40.82944
-73.12876,40.82943
-73.12448,41.17935
-73.12446,41.17925
-73.12445,41.17913
-73.12408,44.92276
-73.12371,44.55057
-73.12188,44.63553
-73.12141,41.19034
-73.11941,41.33881
-73.11718,40.96116
-73.11495,40.96537
-73.11388,41.17089
-73.11118,41.2025
-73.10718,41.20062
-73.10696,41.22209
-73.10581,41.22149
-73.09992,44.18196
-73.09606,40.72213
-73.09571,44.53257
-73.09543,42.68892
-73.09499,41.87435
-73.08819,44.98854
-73.08698,44.68214
-73.08325,45.09752
-73.08096,45.09405
-73.07794,45.10831
-73.07754,45.10816
-73.07713,42.29368
-73.07257,40.94601
-73.07119,40.94757
-73.07088,41.28859
-73.0704,41.32335
-73.06982,41.42967
-73.06935,40.94877
-73.06911,40.66576
-73.06705,40.9501
-73.05381,41.21339
-73.05372,41.22014
-73.05313,42.65313
-73.05063,41.21156
-73.04652,41.87849
-73.04334,42.14473
-73.04302,41.65099
-73.03897,40.96313
-73.03686,41.8903
-73.03321,42.64064
-73.03188,40.96375
-73.02799,42.89056
-73.02792,40.74501
-73.02717,40.96395
-73.02301,41.98963
-73.00374,40.68608
-72.99828,44.78828
-72.99734,40.74917
-72.99169,42.02156
-72.99019,40.69242
-72.97766,42.53786
-72.97591,42.53754
-72.9659,41.35993
-72.95472,41.30864
-72.94556,42.97333
-72.93899,41.28131
-72.93288,40.75288
-72.93191,41.26928
-72.92945,41.28072
-72.92656,42.74527
-72.9222,41.81268
-72.92204,41.81822
-72.917,40.83395
-72.90469,42.87002
-72.90337,42.87037
-72.90315,41.2522
-72.89649,42.86435
-72.88229,42.85717
-72.88001,42.2689
-72.87972,41.563
-72.87676,42.7857
-72.87577,44.95954
-72.87337,40.74069
-72.87185,44.99032
-72.86316,40.96438
-72.85702,41.25356
-72.84853,41.67027
-72.8475,45.24488
-72.84264,41.64741
-72.8377,41.29741
-72.83158,40.79795
-72.83155,40.79789
-72.83112,41.79817
-72.82945,41.55219
-72.82934,41.5523
-72.82874,42.30752
-72.82399,41.80518
-72.82163,41.77219
-72.81983,40.77968
-72.81787,41.27142
-72.81485,41.26333
-72.81443,41.2709
-72.81156,41.27323
-72.81051,41.26359
-72.8105,41.26352
-72.81042,41.2636
-72.81041,41.26353
-72.81033,41.26361
-72.81032,41.26354
-72.81024,41.26362
-72.81023,41.26354
-72.81016,41.26363
-72.81014,41.26355
-72.81007,41.26364
-72.81006,41.26356
-72.80998,41.26365
-72.80997,41.26357
-72.80989,41.26365
-72.80988,41.26358
-72.8098,41.26366
-72.80979,41.26359
-72.80971,41.26367
-72.8097,41.2636
-72.80963,41.26368
-72.80961,41.2636
-72.80954,41.26369
-72.80953,41.26361
-72.80945,41.2637
-72.80944,41.26362
-72.80936,41.2637
-72.80935,41.26363
-72.80927,41.26371
-72.80926,41.26364
-72.80919,41.26372
-72.80917,41.26365
-72.8091,41.26373
-72.80908,41.26365
-72.80901,41.26374
-72.809,41.26366
-72.80824,41.26302
-72.80728,41.84779
-72.79843,42.45466
-72.79714,43.15809
-72.79713,41.86965
-72.78757,40.79355
-72.77857,41.48386
-72.77404,44.38355
-72.77352,40.90067
-72.77056,41.58423
-72.76811,42.01952
-72.76474,43.224
-72.75989,41.90318
-72.75812,44.39062
-72.75592,41.90035
-72.75574,40.80223
-72.75336,40.79105
-72.75302,40.79119
-72.75197,41.26527
-72.74391,40.9047
-72.74277,41.52735
-72.74244,44.43016
-72.74131,44.38219
-72.74121,41.8933
-72.73941,41.89265
-72.73165,40.90783
-72.73012,40.81755
-72.72911,41.51679
-72.72863,44.38279
-72.72505,40.81588
-72.72406,44.29006
-72.72198,40.81633
-72.70969,42.84655
-72.70475,41.91402
-72.7026,43.47565
-72.70183,43.45577
-72.70108,40.91481
-72.69992,40.79819
-72.69685,41.3986
-72.69283,41.67667
-72.6874,40.91409
-72.67729,41.26961
-72.66663,41.51294
-72.66647,41.76446
-72.66562,41.77452
-72.66549,41.77457
-72.66523,43.47344
-72.66357,41.27183
-72.66113,41.76028
-72.65986,41.72104
-72.65753,42.27473
-72.65678,41.26951
-72.65435,41.75195
-72.65334,41.75513
-72.64559,41.58468
-72.64433,41.56517
-72.64024,41.85728
-72.63985,40.8059
-72.63704,40.80368
-72.63665,40.80395
-72.63647,42.75042
-72.6321,42.2927
-72.63166,41.56233
-72.63005,41.66638
-72.62973,42.17208
-72.62968,41.66675
-72.62943,41.56198
-72.6285,41.56222
-72.62796,41.56303
-72.6278,41.63303
-72.62742,41.63092
-72.62569,42.15321
-72.62452,41.56307
-72.62311,41.56268
-72.62197,41.59884
-72.62119,41.65012
-72.62029,42.33517
-72.61957,41.59978
-72.61907,41.59984
-72.61857,41.37442
-72.6183,42.28842
-72.61707,40.93647
-72.61705,43.83692
-72.61551,42.3365
-72.61267,40.9055
-72.61219,42.109
-72.60744,41.96339
-72.60112,42.26307
-72.60045,42.26291
-72.59269,42.0635
-72.591,42.21058
-72.59006,42.394
-72.58812,44.07782
-72.58492,42.08069
-72.58331,42.46769
-72.58121,40.93752
-72.5811,45.42282
-72.58046,40.93702
-72.57716,44.3232
-72.57316,42.87875
-72.56704,41.78024
-72.56675,41.77994
-72.56274,41.55742
-72.56181,41.55632
-72.56002,41.48326
-72.55526,41.01259
-72.54178,42.60759
-72.53813,40.99384
-72.53611,42.893
-72.53592,40.9738
-72.53321,41.2686
-72.53075,45.23062
-72.52838,40.98176
-72.52801,40.98228
-72.52739,42.95751
-72.52599,44.62244
-72.52555,41.26969
-72.52489,41.40884
-72.52135,41.27034
-72.52055,42.96188
-72.51473,45.22613
-72.5121,45.33483
-72.5098,40.85613
-72.50712,41.59107
-72.50668,40.85096
-72.50651,41.48145
-72.50566,40.84977
-72.50534,42.78735
-72.50386,40.89386
-72.50363,40.89297
-72.50358,40.89203
-72.50356,40.88244
-72.50339,40.89126
-72.50337,40.88413
-72.50272,40.88236
-72.50266,42.4512
-72.50216,40.88372
-72.50131,40.89351
-72.50121,41.4058
-72.50096,44.37645
-72.50054,44.37657
-72.49917,40.84157
-72.49758,40.88206
-72.49532,45.25649
-72.49446,41.29433
-72.49334,45.2524
-72.49291,41.34041
-72.4863,41.98273
-72.48464,41.50561
-72.4842,41.77788
-72.48368,43.82763
-72.47651,41.46623
-72.47542,41.77308
-72.47475,41.27278
-72.47115,41.00458
-72.46924,41.27895
-72.46846,41.46714
-72.46817,41.37145
-72.46685,41.27475
-72.46652,41.45167
-72.46122,41.44941
-72.45552,41.06673
-72.4526,42.71557
-72.45158,43.14223
-72.44856,42.90014
-72.44748,44.39163
-72.44727,44.44359
-72.44662,44.40974
-72.44419,43.18156
-72.44203,40.87986
-72.43883,41.42421
-72.43858,40.91686
-72.43261,41.41004
-72.43257,41.40781
-72.43223,43.22867
-72.432,42.91544
-72.43112,41.40591
-72.43066,41.40831
-72.43031,43.26047
-72.42999,41.41064
-72.42865,41.79817
-72.42852,41.42051
-72.42697,44.56647
-72.42679,44.56662
-72.42637,41.39537
-72.42349,41.39076
-72.4232,41.51585
-72.42277,41.81958
-72.42277,41.81983
-72.4221,41.53671
-72.42046,44.45502
-72.41841,41.40861
-72.41823,43.71166
-72.41387,44.40716
-72.40768,42.17724
-72.40492,41.07568
-72.40292,41.07594
-72.40184,41.07614
-72.40121,41.08438
-72.40005,41.07728
-72.395,41.5482
-72.39373,43.43239
-72.3926,43.81594
-72.38887,43.35842
-72.38732,41.35395
-72.3873,41.08044
-72.38684,41.08132
-72.38474,41.35082
-72.38455,41.35367
-72.37938,43.48046
-72.37616,44.66634
-72.36785,42.33244
-72.36511,43.60539
-72.36475,41.09281
-72.36234,44.6835
-72.36079,41.10075
-72.3591,41.31207
-72.35878,41.11284
-72.35693,41.32263
-72.35655,41.32142
-72.35499,41.32035
-72.3549,41.35232
-72.35464,41.32116
-72.35281,41.08669
-72.35273,41.08655
-72.35256,41.31242
-72.35121,41.31503
-72.35118,41.31805
-72.35094,41.38532
-72.35066,41.31914
-72.35059,41.32017
-72.35056,41.31912
-72.35046,41.32014
-72.34963,41.28253
-72.34513,41.31471
-72.33517,42.24272
-72.33453,41.62669
-72.33332,41.53014
-72.32683,43.60641
-72.3254,44.44378
-72.3243,43.63687
-72.32417,41.28734
-72.32217,41.37282
-72.31368,43.6503
-72.31074,41.67899
-72.30993,43.88972
-72.30954,41.76533
-72.30897,41.63252
-72.30723,41.76952
-72.30617,41.36236
-72.30527,44.22779
-72.3045,41.38472
-72.30106,43.67861
-72.30081,41.79744
-72.29772,45.15555
-72.29612,43.12265
-72.29551,42.51839
-72.29526,41.36193
-72.29495,45.09192
-72.29438,45.09198
-72.29389,42.51816
-72.29071,40.91825
-72.28588,45.12503
-72.28174,41.78456
-72.2748,42.56075
-72.27066,42.5221
-72.26544,44.33357
-72.2641,45.09537
-72.26267,45.37582
-72.2568,41.39321
-72.25573,45.13975
-72.25233,41.30639
-72.25052,41.30239
-72.24888,41.4618
-72.24735,41.01013
-72.24686,44.44675
-72.2468,44.4467
-72.24415,41.1537
-72.24409,43.74188
-72.24387,41.15288
-72.23932,40.94998
-72.23859,42.39204
-72.23525,41.51766
-72.23377,44.95391
-72.23367,45.1871
-72.2319,45.36231
-72.23136,44.72614
-72.23093,41.36737
-72.23088,43.75525
-72.22685,43.89041
-72.22678,41.29988
-72.22558,41.5014
-72.22277,41.52516
-72.22229,42.64329
-72.21851,44.40366
-72.21686,45.02311
-72.21445,44.50246
-72.21439,44.32952
-72.2129,44.92916
-72.21281,44.92896
-72.21057,41.33846
-72.20838,42.65093
-72.20699,45.08512
-72.20667,45.08493
-72.20578,44.30418
-72.20499,45.20626
-72.20262,44.64622
-72.20242,41.31096
-72.20102,41.32666
-72.19953,44.87179
-72.19764,45.21154
-72.19719,45.21094
-72.19528,45.2159
-72.19494,41.36793
-72.19327,41.96601
-72.19221,42.21742
-72.19142,45.22422
-72.19034,41.33844
-72.18931,41.33878
-72.18882,41.3387
-72.18712,41.32671
-72.18649,41.32608
-72.18637,41.32561
-72.18581,41.32689
-72.18536,41.32591
-72.18345,43.84136
-72.18292,41.0005
-72.18262,45.10756
-72.18246,41.00093
-72.18213,45.10727
-72.18196,41.70024
-72.18185,41.00014
-72.1815,41.00263
-72.18122,43.64836
-72.18074,41.01459
-72.18062,41.02886
-72.17904,41.02111
-72.17892,45.10607
-72.17668,41.32564
-72.17556,41.32656
-72.17547,41.76841
-72.17523,41.32343
-72.17469,45.27043
-72.17131,45.18397
-72.17073,44.38483
-72.16947,45.2702
-72.16873,45.38692
-72.16854,45.27354
-72.16748,44.36089
-72.16366,42.08234
-72.16219,42.2351
-72.16189,42.23565
-72.16105,45.26817
-72.1603,45.17669
-72.1575,45.44276
-72.15731,45.44324
-72.15716,43.63092
-72.15704,45.44884
-72.15695,45.44408
-72.15693,45.44427
-72.15688,45.44444
-72.1568,45.4445
-72.15673,45.44492
-72.15666,45.44527
-72.15642,45.44819
-72.15633,45.44638
-72.15631,45.44803
-72.15623,45.44666
-72.15432,43.63509
-72.15304,45.2642
-72.15253,42.0679
-72.15233,45.26408
-72.15145,44.87974
-72.14932,41.66818
-72.14828,45.26335
-72.14827,42.23819
-72.14814,45.2633
-72.14727,43.90266
-72.14591,43.82992
-72.14585,44.71934
-72.1452,43.01477
-72.14225,45.4392
-72.14223,45.43898
-72.14213,45.43849
-72.14186,45.44071
-72.1413,45.44142
-72.14089,45.44171
-72.1403,45.442
-72.13976,45.44223
-72.13968,45.44524
-72.13956,45.44256
-72.13954,45.44481
-72.13935,44.28404
-72.13935,45.44431
-72.13932,42.11029
-72.13931,45.44397
-72.13926,45.44284
-72.13916,45.44317
-72.13903,45.44345
-72.13328,42.94943
-72.13281,45.4635
-72.12687,41.99496
-72.12639,43.5277
-72.12339,43.52404
-72.12306,41.66515
-72.12305,44.74194
-72.1225,43.99653
-72.12225,41.66432
-72.12215,44.95858
-72.12153,43.52694
-72.12147,43.52722
-72.12096,43.45557
-72.11826,42.13455
-72.11609,43.51359
-72.11086,43.41075
-72.10739,41.20662
-72.10201,42.20775
-72.09993,41.3479
-72.09967,41.33834
-72.09964,44.91925
-72.09921,41.33661
-72.0992,41.33661
-72.09871,41.38528
-72.09852,44.92081
-72.09826,41.43239
-72.09808,41.33783
-72.09727,41.38664
-72.09673,41.33496
-72.09571,43.71643
-72.09508,41.34208
-72.09385,41.43062
-72.09382,41.40584
-72.09329,41.33061
-72.09263,43.59359
-72.0924,42.64666
-72.0914,41.43186
-72.09074,41.36356
-72.08991,42.90498
-72.08939,41.43388
-72.08873,41.38882
-72.08246,41.52491
-72.08137,41.77669
-72.08043,43.38554
-72.07864,41.52314
-72.0742,44.04488
-72.07298,42.18094
-72.07222,42.18104
-72.07064,43.37524
-72.07001,44.15135
-72.07,44.15135
-72.06684,41.45954
-72.06671,43.43012
-72.06636,45.17608
-72.06358,42.81131
-72.06313,43.3965
-72.06296,42.20347
-72.06237,41.31947
-72.06224,43.34406
-72.06193,41.31938
-72.06014,42.07361
-72.05977,41.32085
-72.05823,41.32051
-72.05707,43.72626
-72.05554,45.19011
-72.05333,44.76855
-72.05162,44.06655
-72.05095,42.39464
-72.05087,42.00171
-72.04833,45.26847
-72.04674,43.49005
-72.04658,42.99628
-72.0452,43.57988
-72.04349,45.53738
-72.04331,42.77016
-72.04161,42.24386
-72.04155,43.66569
-72.03984,43.37082
-72.03916,43.36991
-72.03423,43.42789
-72.03354,43.60785
-72.03052,44.71776
-72.02979,41.25706
-72.02874,42.80332
-72.02717,42.78603
-72.02342,45.33436
-72.02049,43.01867
-72.02021,44.75621
-72.01853,42.86322
-72.01512,42.71459
-72.01499,42.71473
-72.00889,43.77655
-72.0037,41.32107
-72.00109,45.33837
-71.99823,44.32409
-71.99344,41.32253
-71.99266,43.91398
-71.99225,42.35848
-71.99167,41.33606
-71.98994,44.85138
-71.98879,41.3193
-71.98869,41.32063
-71.98741,41.32935
-71.98604,42.89619
-71.98588,42.97339
-71.98544,41.32933
-71.98537,41.32442
-71.98497,41.32742
-71.98478,41.32752
-71.98216,44.91052
-71.98203,44.91037
-71.98085,44.72302
-71.9797,43.98587
-71.97969,41.49563
-71.97931,42.44857
-71.97812,41.51667
-71.97706,43.89908
-71.97548,45.27427
-71.97535,41.34574
-71.97378,44.82749
-71.9737,44.73636
-71.97341,41.33802
-71.97237,41.34868
-71.97219,45.27669
-71.97186,41.35066
-71.97157,41.35102
-71.97031,41.64997
-71.96956,41.35143
-71.96799,41.34715
-71.96789,44.09893
-71.96638,43.607
-71.96625,41.36134
-71.96594,41.34873
-71.96571,41.3741
-71.96502,41.35858
-71.96493,41.34103
-71.96322,43.96756
-71.96288,41.69835
-71.96281,43.96159
-71.96175,41.34266
-71.95928,41.34085
-71.95226,44.76047
-71.95221,44.76047
-71.94954,41.60806
-71.94865,41.45149
-71.94865,41.45811
-71.94864,41.49023
-71.94657,41.03646
-71.94156,42.00994
-71.94047,43.3631
-71.94005,43.41983
-71.93932,41.0671
-71.93819,41.06686
-71.93546,41.35094
-71.93149,43.35337
-71.92892,41.58288
-71.92751,41.07237
-71.92618,44.00141
-71.92581,42.7079
-71.92239,44.71435
-71.92136,41.84903
-71.91898,45.0325
-71.91642,45.39563
-71.91397,45.30359
-71.91131,41.07945
-71.90943,42.1203
-71.90915,43.23603
-71.90775,44.26515
-71.90725,41.05659
-71.90722,41.05788
-71.89978,41.95349
-71.89729,42.95575
-71.89616,41.80268
-71.89064,44.30553
-71.88937,44.05935
-71.8875,41.78016
-71.88437,45.39601
-71.88326,42.10737
-71.87671,41.48903
-71.87556,41.33744
-71.87326,44.33113
-71.86949,44.40584
-71.86699,44.31196
-71.86622,44.79281
-71.8641,41.77656
-71.85662,44.31907
-71.85655,42.05507
-71.8552,44.80413
-71.84146,42.17895
-71.83824,44.34034
-71.83355,43.71345
-71.81626,42.29327
-71.81498,41.95612
-71.81067,41.53452
-71.81033,41.85293
-71.81025,45.52457
-71.80854,44.37
-71.80561,41.58371
-71.80508,43.86163
-71.78494,43.09302
-71.78312,43.10005
-71.78308,43.10019
-71.78272,42.16951
-71.77967,43.11055
-71.77585,43.63689
-71.77533,43.19391
-71.77497,43.63581
-71.77417,43.64287
-71.7716,43.16638
-71.77152,43.69107
-71.76857,42.09128
-71.76316,45.44858
-71.74967,44.4038
-71.74804,41.40638
-71.74147,43.60959
-71.74036,43.19292
-71.73741,42.24265
-71.73255,43.18936
-71.72144,43.18347
-71.71185,43.18116
-71.70608,44.9946
-71.69363,43.16465
-71.69144,44.17293
-71.6908,42.52042
-71.68565,41.55718
-71.67903,43.45864
-71.6722,42.7363
-71.66345,43.60732
-71.65964,43.10196
-71.65523,43.4501
-71.65162,43.44
-71.64936,43.48514
-71.64654,43.36331
-71.64474,41.38086
-71.63487,44.35901
-71.63398,42.26569
-71.63103,42.83153
-71.62675,41.36518
-71.62674,41.3638
-71.62669,41.36441
-71.62648,41.36514
-71.61914,43.71884
-71.61472,43.3158
-71.61389,43.26646
-71.60623,44.38462
-71.59704,44.44048
-71.59685,43.07667
-71.59386,44.49585
-71.59332,42.62837
-71.5909,43.2862
-71.58763,43.73242
-71.5871,43.73082
-71.58432,42.38041
-71.56949,43.0191
-71.56425,43.27052
-71.56304,43.72601
-71.56301,45.57834
-71.56126,43.45027
-71.56088,42.36852
-71.55928,44.83099
-71.55457,42.36566
-71.55089,43.15607
-71.55085,43.60484
-71.54894,42.75042
-71.54573,42.39982
-71.54498,45.17941
-71.54425,42.45104
-71.54223,41.9096
-71.53805,43.22954
-71.5304,42.62348
-71.52871,43.2096
-71.52774,42.81641
-71.52637,42.73966
-71.52501,42.00759
-71.52469,43.22273
-71.52128,43.25522
-71.51876,42.59689
-71.51851,43.49853
-71.51816,43.49817
-71.5169,42.74565
-71.51549,43.64823
-71.51524,43.28528
-71.51227,41.45138
-71.51205,44.98316
-71.5102,43.50097
-71.5089,42.56646
-71.50881,41.40961
-71.50583,42.74928
-71.50545,43.6495
-71.50307,41.42248
-71.50084,42.74887
-71.49924,43.73522
-71.49837,43.65666
-71.49611,43.65125
-71.49474,43.32592
-71.49465,42.99484
-71.49453,43.6585
-71.49394,41.42032
-71.4838,42.84307
-71.48357,42.3962
-71.48255,44.85522
-71.47707,43.52399
-71.47694,42.5287
-71.47673,42.76336
-71.47603,43.59644
-71.47545,43.55367
-71.47501,42.42366
-71.47251,42.88087
-71.47173,43.00546
-71.46861,43.53686
-71.46848,42.2324
-71.46848,42.23249
-71.46758,41.78907
-71.46751,42.98195
-71.46551,42.53193
-71.46474,43.1303
-71.46465,43.12626
-71.46402,43.10649
-71.46328,43.12811
-71.46309,42.94796
-71.46282,43.09982
-71.46271,43.55182
-71.45995,43.70811
-71.45776,42.78371
-71.45446,43.01348
-71.44865,42.96236
-71.44857,41.65659
-71.44558,43.71537
-71.44467,41.66261
-71.44463,41.66178
-71.44432,41.65438
-71.44403,42.76136
-71.44323,42.40505
-71.42833,41.88931
-71.42726,42.1899
-71.42568,42.67509
-71.42538,42.77287
-71.42116,42.994
-71.42001,42.18728
-71.41586,42.4784
-71.41496,41.61957
-71.41479,41.61845
-71.4147,41.61853
-71.41431,41.66415
-71.4142,41.77727
-71.41197,41.62016
-71.40929,41.61991
-71.40743,43.58138
-71.40601,41.82208
-71.40515,43.5803
-71.40246,41.81754
-71.40176,41.81211
-71.4001,42.71835
-71.39588,43.58296
-71.39505,46.74345
-71.39389,43.58039
-71.39328,43.74121
-71.39286,46.96057
-71.39233,43.58038
-71.3922,43.75836
-71.39154,44.62854
-71.3907,41.78324
-71.39066,41.78266
-71.3906,41.81545
-71.39052,41.81546
-71.39017,43.73443
-71.38856,41.81858
-71.38856,41.8221
-71.38821,43.58524
-71.38763,46.75693
-71.38746,42.42882
-71.38693,41.81695
-71.38669,41.76853
-71.38632,41.81819
-71.38531,43.00671
-71.38431,41.87203
-71.38064,45.096
-71.3803,41.86947
-71.37829,45.83276
-71.37786,42.64165
-71.37668,42.13114
-71.37523,45.09039
-71.37495,42.67926
-71.37483,43.24882
-71.37437,42.36345
-71.37436,43.72681
-71.37239,42.31637
-71.37196,46.91136
-71.37054,47.17468
-71.37021,42.30267
-71.36977,42.63876
-71.36896,41.76615
-71.36741,46.88348
-71.3672,42.33057
-71.36693,46.88343
-71.36677,41.49725
-71.36539,43.6012
-71.36506,46.86027
-71.36477,44.60666
-71.36439,42.27292
-71.36295,45.04956
-71.36094,41.4792
-71.36092,47.11875
-71.36051,42.41945
-71.36012,41.46215
-71.35738,45.89793
-71.35708,45.89805
-71.3562,42.46268
-71.35615,41.74697
-71.35569,42.46613
-71.35473,42.0693
-71.35305,42.64037
-71.35284,41.75378
-71.35207,41.7471
-71.35193,41.74693
-71.35158,41.75167
-71.35043,42.23222
-71.34639,43.48305
-71.34548,41.53014
-71.34547,42.99978
-71.34485,45.07169
-71.34454,41.52929
-71.34284,41.53045
-71.34283,42.69552
-71.34201,46.74722
-71.34083,42.22497
-71.33996,43.6405
-71.3394,45.07995
-71.33728,41.4734
-71.33724,41.47314
-71.33649,41.47399
-71.33648,41.47416
-71.33625,41.47401
-71.33617,41.47433
-71.33562,42.43778
-71.33506,41.47721
-71.33476,41.47897
-71.33468,41.47892
-71.33465,41.47807
-71.32989,42.23282
-71.32843,43.47936
-71.32789,44.94472
-71.32623,41.96884
-71.3259,41.50506
-71.3259,45.80647
-71.32568,47.36035
-71.32527,41.7355
-71.32327,41.4762
-71.3231,43.30742
-71.31905,41.48875
-71.31713,41.48694
-71.31559,41.4817
-71.31329,42.50922
-71.31206,44.94895
-71.31066,42.29292
-71.30515,43.68837
-71.30483,41.61988
-71.30288,45.05761
-71.30252,42.90487
-71.30227,43.68795
-71.30226,42.76842
-71.30103,42.53475
-71.29577,41.68555
-71.29289,41.73542
-71.29239,43.24808
-71.29208,41.73458
-71.29162,43.33134
-71.29123,42.54517
-71.29062,41.73511
-71.28994,41.67584
-71.28979,41.67678
-71.28889,41.67608
-71.28836,41.67598
-71.28807,41.57392
-71.28737,45.09066
-71.28685,41.7323
-71.28636,45.10211
-71.28574,44.57157
-71.28568,43.53928
-71.2847,45.09111
-71.28444,41.59025
-71.27894,41.66777
-71.27842,41.66999
-71.27841,44.56714
-71.27806,46.12861
-71.27797,45.94675
-71.27735,43.65063
-71.27713,46.74158
-71.27712,46.74274
-71.27688,46.74295
-71.27592,43.62459
-71.27344,41.61748
-71.27045,46.13008
-71.27031,43.20155
-71.26983,42.53371
-71.26928,44.59584
-71.26756,42.32736
-71.26745,46.74643
-71.26478,46.74695
-71.26464,44.76766
-71.26423,45.12689
-71.25983,42.71447
-71.25969,44.50011
-71.25954,43.33831
-71.25891,43.61386
-71.25839,45.96318
-71.25823,42.34945
-71.25483,43.2222
-71.25218,47.23932
-71.2509,47.23696
-71.24946,44.63396
-71.24832,42.73088
-71.24703,43.3791
-71.24608,41.48672
-71.246,43.3641
-71.24575,42.50111
-71.24502,42.36279
-71.24276,42.18602
-71.24248,41.68804
-71.24189,42.40558
-71.23544,46.78391
-71.23526,43.90867
-71.23498,46.78529
-71.2349,43.90853
-71.23429,47.33384
-71.23359,43.47093
-71.23136,46.78786
-71.23049,43.77583
-71.22357,43.04502
-71.22176,44.61503
-71.21981,43.37985
-71.2187,41.64592
-71.21825,41.62865
-71.21792,41.64273
-71.21535,42.83012
-71.2152,43.5832
-71.21311,43.58597
-71.21306,46.82174
-71.213,42.70289
-71.2123,43.58396
-71.21063,41.71748
-71.20906,43.58133
-71.20703,46.82026
-71.20248,46.81862
-71.20049,43.59337
-71.20026,41.97723
-71.197,46.7899
-71.19648,45.23919
-71.19642,46.78941
-71.19608,43.25523
-71.19548,41.9897
-71.19379,43.25414
-71.19323,43.25799
-71.18952,42.1778
-71.1869,42.42824
-71.18095,44.74065
-71.17917,43.47734
-71.17739,45.9788
-71.17677,45.79453
-71.1761,42.69243
-71.17584,42.11075
-71.17435,45.15043
-71.17371,42.3585
-71.17219,46.8267
-71.17149,41.6752
-71.17114,43.84882
-71.17087,46.90467
-71.17042,43.43336
-71.1698,42.69671
-71.16801,45.21042
-71.16793,42.36173
-71.1677,42.36184
-71.16699,42.36175
-71.16633,42.35951
-71.16584,44.48417
-71.16446,45.93989
-71.16354,44.53081
-71.16248,43.80165
-71.16114,45.17957
-71.15785,41.71799
-71.15543,43.2407
-71.15441,44.7928
-71.15361,42.46458
-71.15106,42.4111
-71.15018,43.07936
-71.14792,43.10911
-71.14753,42.43124
-71.14638,45.84562
-71.14004,41.67413
-71.13962,41.67403
-71.13959,41.67407
-71.13651,42.57704
-71.13428,43.76067
-71.13391,41.76185
-71.13138,41.74204
-71.1288,42.55436
-71.12817,41.76413
-71.12689,44.39977
-71.12582,41.96712
-71.12211,43.59278
-71.1209,44.78731
-71.12045,41.79686
-71.11593,41.81509
-71.11304,41.67727
-71.11006,42.35212
-71.10988,42.4173
-71.10976,43.78563
-71.10826,44.79146
-71.10575,43.81571
-71.0972,42.3552
-71.09583,43.20115
-71.09306,41.87713
-71.09304,46.91172
-71.0919,41.88173
-71.09079,41.88285
-71.09064,42.39843
-71.08488,42.35946
-71.08355,42.74376
-71.08273,42.36014
-71.08175,42.36281
-71.08155,42.36278
-71.08019,42.40058
-71.07989,42.40112
-71.07819,42.50702
-71.07785,42.39572
-71.07599,42.36878
-71.07518,42.74093
-71.07512,44.83228
-71.0745,43.25458
-71.07401,42.36668
-71.07366,42.35926
-71.07363,42.35812
-71.07329,42.35778
-71.07269,42.77306
-71.07264,41.79364
-71.07241,42.61905
-71.07154,42.71838
-71.07017,42.35463
-71.068,42.38569
-71.06673,42.36958
-71.06626,42.8794
-71.06611,42.26903
-71.06552,42.26943
-71.06522,42.26854
-71.0617,42.91393
-71.06074,42.79318
-71.05981,42.37062
-71.05791,42.37039
-71.05699,42.38165
-71.05682,42.7342
-71.05524,44.70245
-71.05301,41.92518
-71.05224,44.70443
-71.052,43.98514
-71.05128,42.27844
-71.0511,42.37969
-71.05088,42.37153
-71.05069,42.36735
-71.04988,42.36266
-71.04984,42.36488
-71.04936,42.37449
-71.04888,42.36194
-71.04882,42.39297
-71.04867,42.36301
-71.04842,42.36079
-71.04809,41.51797
-71.04657,43.20033
-71.04654,42.91573
-71.04438,42.30929
-71.04389,42.30975
-71.0438,42.31009
-71.04325,42.3541
-71.04296,43.32205
-71.04266,42.30996
-71.0395,44.56371
-71.03944,46.44591
-71.03388,41.96447
-71.03334,42.36264
-71.03301,42.769
-71.03282,43.7919
-71.03194,42.76944
-71.02942,42.76848
-71.02843,42.33162
-71.02818,42.3007
-71.02815,42.36322
-71.02756,42.33195
-71.0269,42.33218
-71.02395,42.912
-71.02022,44.26932
-71.01919,42.69719
-71.01628,42.2042
-71.01424,42.68805
-71.00765,42.69775
-71.00499,46.8595
-71.00498,42.38324
-71.00426,46.85941
-70.99885,44.10509
-70.99533,44.9451
-70.99351,42.38119
-70.98701,42.36847
-70.98665,42.25333
-70.98647,43.64415
-70.9855,43.4346
-70.98285,45.09989
-70.98204,42.84278
-70.98192,42.45903
-70.98155,42.25252
-70.97975,42.45156
-70.97902,42.45672
-70.97747,42.75224
-70.97555,42.24976
-70.97326,44.3974
-70.97291,42.16759
-70.97285,43.57082
-70.97122,42.49241
-70.96784,42.22429
-70.9664,42.22347
-70.96631,43.43519
-70.96549,44.93386
-70.96251,42.23082
-70.96208,42.87457
-70.95689,42.27098
-70.95628,42.66929
-70.9535,43.55342
-70.94973,42.27167
-70.94877,42.45464
-70.94861,42.98302
-70.94756,42.24987
-70.94459,43.2181
-70.94424,42.70765
-70.94274,42.20641
-70.94209,43.08853
-70.93962,42.45534
-70.93686,45.54813
-70.93633,42.25193
-70.93632,43.03485
-70.93562,43.07793
-70.93481,43.07961
-70.93274,42.8325
-70.93241,42.83233
-70.9324,42.24784
-70.92834,42.83604
-70.92793,45.58756
-70.92758,43.03965
-70.92755,41.42448
-70.92669,43.99266
-70.9262,42.25497
-70.92579,42.83999
-70.92523,42.24995
-70.92471,42.84046
-70.92427,46.372
-70.92371,42.25224
-70.92262,43.83274
-70.92223,42.55652
-70.92207,42.55844
-70.92146,44.91929
-70.92139,42.55806
-70.9202,44.02895
-70.91972,42.55908
-70.91789,42.42116
-70.91605,42.84302
-70.91436,42.84256
-70.91342,41.63995
-70.91033,43.13459
-70.90952,42.46711
-70.90925,42.46716
-70.90862,46.87751
-70.90845,44.16463
-70.90833,46.87776
-70.9071,44.1664
-70.90699,44.9068
-70.90138,42.75558
-70.89895,45.48578
-70.89849,42.54064
-70.8979,43.2867
-70.8967,43.05609
-70.89519,43.22868
-70.89342,42.26205
-70.89226,43.55038
-70.89195,42.82767
-70.89163,42.30658
-70.89133,45.45898
-70.88708,42.51394
-70.88707,42.52027
-70.88704,42.55035
-70.88685,42.55429
-70.88651,42.55378
-70.88639,42.50407
-70.88637,43.92327
-70.886,42.24622
-70.88499,42.82319
-70.88491,44.24104
-70.88426,45.57352
-70.8842,42.50733
-70.88367,43.82959
-70.88263,43.9555
-70.88244,42.54009
-70.88196,42.5215
-70.88043,42.81969
-70.88017,42.81963
-70.87985,43.88161
-70.87901,42.81818
-70.87795,42.54036
-70.87744,42.81724
-70.87658,42.27606
-70.87473,42.81562
-70.87303,42.81413
-70.87281,42.81341
-70.8727,42.81339
-70.87204,42.81376
-70.87158,42.8131
-70.87101,42.8168
-70.86942,43.19763
-70.86941,42.52567
-70.86938,42.81293
-70.86762,42.81277
-70.86727,43.09514
-70.86581,42.81551
-70.86564,42.81522
-70.86561,42.81225
-70.8624,42.81095
-70.86189,42.81102
-70.85994,44.26911
-70.85949,42.72128
-70.85894,43.50382
-70.85864,42.26995
-70.8583,42.27029
-70.85743,42.8065
-70.85601,42.72487
-70.85547,42.72505
-70.85524,42.49211
-70.85129,42.91175
-70.85111,43.49583
-70.85103,43.49582
-70.85025,45.01414
-70.84985,43.75114
-70.84967,42.76186
-70.8485,42.76149
-70.84836,42.76175
-70.84821,42.76088
-70.8465,42.76314
-70.84563,42.76127
-70.84521,42.88878
-70.84437,42.51155
-70.84322,44.75221
-70.84138,42.00636
-70.84044,43.11531
-70.8372,42.76289
-70.83487,43.11559
-70.83425,47.53939
-70.83424,43.12131
-70.83052,42.68212
-70.83026,42.20864
-70.82832,42.79906
-70.82802,44.2565
-70.82798,46.89605
-70.82777,42.82311
-70.82708,42.68398
-70.82708,43.1208
-70.82664,42.82314
-70.82543,42.91035
-70.82512,41.64869
-70.82459,43.18946
-70.82444,42.77935
-70.82268,42.91666
-70.82211,42.74702
-70.82099,42.88764
-70.82067,42.91651
-70.81947,42.79769
-70.81933,43.22887
-70.81879,43.23816
-70.8182,42.81132
-70.81813,42.90211
-70.81809,42.90333
-70.81792,42.80905
-70.8174,42.89928
-70.81613,42.8064
-70.81378,47.54319
-70.81098,42.60449
-70.81093,42.78985
-70.80876,43.97771
-70.80399,43.10955
-70.80391,43.88093
-70.80284,44.06568
-70.80245,47.57844
-70.79712,43.1113
-70.79669,42.70841
-70.7948,44.96232
-70.79169,43.10923
-70.79035,42.23846
-70.7891,42.24254
-70.78715,42.23897
-70.78641,43.69871
-70.78539,42.23911
-70.78329,44.48729
-70.78198,43.10413
-70.78078,44.85676
-70.77868,47.66183
-70.7767,43.9512
-70.77636,44.28518
-70.77528,42.15546
-70.77381,42.57185
-70.77283,42.67827
-70.77002,43.69734
-70.7685,44.96613
-70.76785,43.09631
-70.76765,42.15781
-70.76725,43.09575
-70.76546,43.08083
-70.76165,41.70426
-70.75617,41.72161
-70.75504,43.08162
-70.75273,43.08255
-70.752,43.91615
-70.75154,43.00196
-70.74957,43.07613
-70.74848,43.07432
-70.74597,41.74923
-70.74482,43.82458
-70.74439,43.05372
-70.74357,47.60225
-70.7431,42.16093
-70.73943,43.08582
-70.73656,43.95312
-70.73576,46.93395
-70.7353,46.93506
-70.73501,46.93344
-70.73331,43.08315
-70.7329,43.08305
-70.72929,44.01949
-70.72835,43.04772
-70.72772,43.04851
-70.72736,43.07682
-70.72638,42.19877
-70.72635,43.05776
-70.72629,42.20062
-70.7261,42.20154
-70.72523,42.20209
-70.72434,42.19347
-70.72401,42.20285
-70.7235,42.19584
-70.72294,43.08286
-70.72294,43.66581
-70.72273,42.1946
-70.71817,42.19579
-70.71815,43.07289
-70.71798,42.19587
-70.71695,44.17867
-70.71544,42.57618
-70.71521,43.59806
-70.71341,44.05719
-70.71,41.99818
-70.70878,43.16022
-70.70692,44.93486
-70.70314,43.08244
-70.7011,45.35634
-70.70058,44.39875
-70.69438,44.49365
-70.6943,42.62304
-70.6938,42.64127
-70.69261,42.13452
-70.69107,43.93057
-70.68685,43.91345
-70.68599,43.76882
-70.68534,42.59578
-70.68532,42.6336
-70.68488,42.0099
-70.68352,42.59538
-70.68343,44.11269
-70.68337,44.34954
-70.6827,43.8164
-70.68216,44.05342
-70.68064,42.613
-70.67949,42.64412
-70.67821,42.61343
-70.67679,43.74955
-70.67589,41.52723
-70.67571,44.11175
-70.67474,44.38489
-70.67407,41.52644
-70.67221,41.96817
-70.67102,41.52514
-70.67013,41.52608
-70.67009,42.03926
-70.67004,42.03804
-70.67002,42.03753
-70.66657,41.96341
-70.66228,42.61107
-70.66121,44.6583
-70.65989,45.33567
-70.6596,41.95679
-70.65931,42.68029
-70.65884,41.95574
-70.65865,42.60572
-70.65826,41.95589
-70.65679,42.60548
-70.65552,41.54438
-70.65322,41.54411
-70.65263,46.09515
-70.65065,42.61196
-70.64902,45.3252
-70.64858,41.74053
-70.64751,43.13375
-70.64666,43.1295
-70.64601,42.08338
-70.64595,44.9644
-70.6426,43.13314
-70.6415,44.96474
-70.64067,43.70394
-70.64027,44.36602
-70.63856,41.60395
-70.63567,41.64624
-70.63536,41.64693
-70.63279,43.85687
-70.63072,43.88776
-70.62984,43.85755
-70.62366,41.65616
-70.62358,41.69896
-70.6235,42.66742
-70.62309,41.65609
-70.61865,41.74495
-70.61855,41.74555
-70.61791,42.65954
-70.61747,42.65988
-70.61736,42.65919
-70.61714,41.74496
-70.61714,42.65946
-70.61557,41.74273
-70.61537,41.67742
-70.61519,41.67665
-70.61516,41.74405
-70.61391,41.67439
-70.61019,41.86676
-70.60923,41.8657
-70.60792,43.97209
-70.60514,41.54369
-70.60501,43.9305
-70.60213,41.55032
-70.59971,43.96801
-70.59909,43.96956
-70.59496,43.25959
-70.59153,43.9677
-70.59122,43.26307
-70.58944,41.45613
-70.58603,41.55984
-70.57956,44.2179
-70.57929,43.68485
-70.57762,42.63804
-70.57547,44.21338
-70.57209,43.91591
-70.56869,41.55252
-70.56393,43.32036
-70.56167,43.56927
-70.55872,44.51554
-70.55406,43.61288
-70.55328,41.56536
-70.55326,41.56517
-70.55318,43.56804
-70.54872,46.98758
-70.5481,46.98771
-70.54256,44.55529
-70.54064,41.63405
-70.53163,41.57902
-70.5284,43.82653
-70.52264,43.76356
-70.52256,43.76356
-70.52232,41.63488
-70.52024,44.00651
-70.51794,43.3516
-70.51752,45.23371
-70.51135,41.39666
-70.50611,41.56404
-70.50603,41.56406
-70.50424,41.77006
-70.50359,41.77074
-70.49507,44.12706
-70.49363,44.1307
-70.49214,43.98408
-70.49172,47.43215
-70.47802,43.50078
-70.47454,43.89981
-70.47447,43.89978
-70.47401,44.02019
-70.47391,44.02057
-70.47313,43.35504
-70.46969,43.93994
-70.46901,43.84264
-70.46699,43.84289
-70.46682,43.84297
-70.46627,41.60023
-70.46522,41.60261
-70.46499,41.60269
-70.46425,41.58656
-70.4642,43.95288
-70.46368,41.5868
-70.46014,43.49925
-70.45772,44.21611
-70.44701,45.15197
-70.44536,41.64888
-70.4447,43.74995
-70.44288,43.49478
-70.44221,43.49404
-70.43924,44.67626
-70.43222,43.36773
-70.43163,43.86431
-70.42695,45.59399
-70.41815,43.72568
-70.41282,43.48029
-70.41212,45.17334
-70.40987,43.47421
-70.40975,43.47423
-70.40526,47.36801
-70.39648,43.40695
-70.39394,44.46168
-70.39295,44.10536
-70.38771,46.92803
-70.38594,44.01371
-70.38206,43.46281
-70.3721,43.44
-70.37195,44.03638
-70.37161,43.68123
-70.37136,44.03664
-70.36709,43.4507
-70.36241,43.92243
-70.35888,43.92423
-70.3557,43.44664
-70.35565,43.44626
-70.35539,43.44708
-70.35448,43.75204
-70.35413,44.04069
-70.35122,41.63744
-70.34881,43.5566
-70.34659,41.66554
-70.34033,45.67983
-70.33916,43.45633
-70.33518,47.41071
-70.33361,43.54471
-70.33349,43.54468
-70.33076,45.63807
-70.32319,43.56749
-70.32241,43.54333
-70.30094,41.63127
-70.29936,41.6315
-70.29512,45.93358
-70.27561,44.48042
-70.27431,41.65003
-70.27363,41.63942
-70.27314,47.21456
-70.27312,47.2143
-70.27005,43.56363
-70.2603,45.58831
-70.25805,45.5885
-70.25766,45.61968
-70.2541,43.64192
-70.25392,43.64209
-70.25297,43.64207
-70.25178,43.67844
-70.24988,46.77089
-70.24543,44.3871
-70.24431,43.6491
-70.24187,43.67071
-70.24175,43.67072
-70.24124,43.66237
-70.24096,43.67023
-70.23808,44.66301
-70.23679,43.65477
-70.23676,43.65479
-70.23615,45.16897
-70.23447,44.58584
-70.23182,43.64998
-70.23081,43.64977
-70.22925,43.65031
-70.2292,44.14465
-70.2233,44.10798
-70.22216,41.64825
-70.22181,45.3006
-70.22149,41.64825
-70.21946,43.56158
-70.21413,44.43285
-70.21384,45.94705
-70.21311,44.43574
-70.20714,43.73049
-70.20634,43.73036
-70.20503,44.07708
-70.20448,43.73229
-70.2023,44.19011
-70.19912,43.66268
-70.19856,43.64477
-70.19765,45.22082
-70.19297,42.04164
-70.19265,42.04274
-70.19151,42.0446
-70.19102,42.0453
-70.18874,42.04827
-70.18337,42.04849
-70.18324,44.25722
-70.18318,42.05312
-70.17685,43.79653
-70.17538,43.79826
-70.17449,43.79843
-70.17393,43.79496
-70.17029,45.13824
-70.16856,43.79502
-70.16791,44.01397
-70.16674,43.79695
-70.165,43.77152
-70.15285,43.80713
-70.15175,43.69862
-70.14989,43.69886
-70.12225,43.70402
-70.12189,44.31839
-70.11812,43.80057
-70.11519,43.68883
-70.1104,43.72974
-70.10991,41.73116
-70.10761,43.75106
-70.1061,44.1252
-70.10503,43.8209
-70.10323,44.33361
-70.0995,43.84198
-70.09664,47.66199
-70.08965,46.41095
-70.08849,45.24752
-70.08671,44.01197
-70.08203,44.71606
-70.08036,45.50575
-70.07579,43.8287
-70.07534,44.35279
-70.07023,44.3465
-70.06774,41.72021
-70.06511,44.62041
-70.06062,45.26279
-70.059,41.6684
-70.05797,41.66939
-70.04792,43.99033
-70.04338,44.27368
-70.04305,41.72451
-70.0409,43.73963
-70.04085,43.7402
-70.04059,43.73959
-70.03886,44.23788
-70.03067,41.75607
-70.02341,47.48559
-70.0223,46.73377
-70.02194,43.73671
-70.01811,41.75979
-70.01766,41.76007
-70.01658,43.82798
-70.01654,43.82806
-70.01439,44.45172
-70.01367,44.45361
-70.01181,41.95515
-70.00974,47.10892
-70.00641,43.75472
-70.00189,46.69904
-70.00122,41.81765
-70.00025,45.87191
-69.99922,44.25832
-69.99836,43.73146
-69.99371,43.8083
-69.99341,43.86744
-69.9918,43.74776
-69.99134,43.74901
-69.99089,41.73461
-69.98999,41.67168
-69.9891,45.21063
-69.98646,43.75178
-69.98563,43.75267
-69.98552,44.50071
-69.98512,41.67825
-69.98493,41.67852
-69.9849,41.67516
-69.98488,41.67492
-69.98303,44.52205
-69.98265,41.6766
-69.98245,41.67637
-69.98221,41.76142
-69.98212,44.39617
-69.98205,41.76139
-69.98198,45.31932
-69.98146,41.6776
-69.97834,41.77017
-69.97808,41.70461
-69.97746,41.70423
-69.97388,44.3101
-69.97342,43.85172
-69.97143,41.77916
-69.96936,41.75401
-69.96833,41.66641
-69.96811,41.68172
-69.96727,44.23821
-69.96661,45.33814
-69.96647,41.81034
-69.96641,41.66663
-69.96486,44.37901
-69.96232,41.66912
-69.96193,41.77986
-69.96163,41.66953
-69.96023,43.92191
-69.95637,45.89343
-69.95571,41.66505
-69.95527,43.92223
-69.95176,43.82136
-69.94827,45.134
-69.94755,41.79336
-69.94119,44.91323
-69.94095,44.91298
-69.93967,45.25658
-69.93624,44.2121
-69.92966,46.28793
-69.92781,43.79623
-69.92132,45.07416
-69.91664,43.83083
-69.91663,43.83045
-69.91502,43.86532
-69.91186,44.5116
-69.91183,43.79094
-69.90356,45.06806
-69.90007,45.06523
-69.89506,44.00808
-69.89468,44.32026
-69.88949,44.32123
-69.88873,44.78645
-69.88819,43.7992
-69.888,44.78112
-69.88656,44.8045
-69.88614,45.05309
-69.88509,44.14543
-69.87623,44.51921
-69.87391,45.34982
-69.87379,44.51959
-69.87279,44.85815
-69.87189,43.90709
-69.87051,43.90666
-69.86602,45.45835
-69.86576,44.96353
-69.86486,44.64749
-69.86127,43.93092
-69.85743,45.4548
-69.85247,44.28576
-69.84422,43.74158
-69.83591,45.62203
-69.83451,43.91615
-69.81555,43.88908
-69.81147,43.92908
-69.81137,43.92908
-69.80038,43.87223
-69.79908,44.0871
-69.79404,44.70983
-69.79369,44.5211
-69.79049,44.28286
-69.78985,44.71621
-69.78734,44.28613
-69.77676,43.93464
-69.77663,44.49074
-69.77644,44.8322
-69.77293,43.96865
-69.77196,44.31388
-69.77018,45.5459
-69.76994,44.22956
-69.76989,44.22951
-69.76602,44.59642
-69.74818,43.80465
-69.73811,45.67696
-69.73804,45.67695
-69.73711,45.44313
-69.73498,45.91051
-69.72634,44.5405
-69.72458,45.8796
-69.72191,43.95456
-69.71568,45.83204
-69.70927,46.35281
-69.70572,44.80739
-69.70422,45.05632
-69.7019,44.4288
-69.68637,43.95864
-69.68384,43.95806
-69.68367,45.69986
-69.68157,44.7684
-69.68125,43.81888
-69.67844,45.51612
-69.66545,43.9994
-69.66401,43.8803
-69.66395,43.87994
-69.66082,46.22156
-69.65774,44.31315
-69.65567,43.78754
-69.65063,43.84223
-69.64734,45.11736
-69.64665,43.87871
-69.64398,44.53311
-69.64302,43.84335
-69.63568,43.85073
-69.63109,44.68503
-69.62891,43.84928
-69.62673,43.8443
-69.62645,43.85088
-69.62632,43.84435
-69.62583,43.84479
-69.62528,45.84081
-69.62496,43.84886
-69.62427,43.84752
-69.62056,45.46287
-69.62029,45.46248
-69.61575,44.37951
-69.60538,44.44565
-69.59825,47.43114
-69.59793,44.01109
-69.59532,43.81551
-69.59482,45.46142
-69.59369,44.58544
-69.5933,45.46336
-69.59052,43.86183
-69.58999,43.86063
-69.58936,44.76676
-69.58383,43.86623
-69.58271,43.86462
-69.58083,43.93536
-69.56496,45.5688
-69.56457,45.89222
-69.55888,45.71436
-69.5569,45.71024
-69.55659,45.33415
-69.55602,43.84774
-69.55371,43.84475
-69.55126,45.68684
-69.54072,44.03003
-69.53853,44.31833
-69.53825,44.20812
-69.53321,44.03249
-69.53143,45.21693
-69.53111,45.45714
-69.5245,44.18551
-69.52325,46.6099
-69.52118,44.10349
-69.52018,43.88
-69.51677,45.59774
-69.51102,44.47912
-69.50934,43.90387
-69.50091,45.28597
-69.49855,44.9215
-69.49482,43.87341
-69.49286,47.38964
-69.47196,44.40944
-69.46697,44.08645
-69.45939,43.93777
-69.45823,43.94511
-69.45785,43.94629
-69.45634,44.20062
-69.44721,45.67079
-69.44452,43.96846
-69.43296,44.37749
-69.42615,47.49956
-69.42432,44.10582
-69.41034,46.06343
-69.40625,44.03391
-69.40328,45.16744
-69.39355,46.61407
-69.38987,44.92128
-69.38056,45.36979
-69.37888,45.46485
-69.37818,44.99541
-69.37811,45.0164
-69.37795,44.09309
-69.37229,46.12728
-69.37053,44.03987
-69.35597,45.15599
-69.35526,44.00784
-69.35505,44.61391
-69.35032,44.39446
-69.34698,43.98274
-69.34548,45.30381
-69.34358,44.7504
-69.34252,44.62798
-69.33499,45.78516
-69.32759,43.97043
-69.31384,45.83701
-69.30247,43.99307
-69.30091,43.98961
-69.29743,44.38176
-69.29657,45.03647
-69.29305,44.5236
-69.28871,46.49345
-69.27571,44.20324
-69.27415,44.84093
-69.27167,44.25593
-69.24093,46.39204
-69.24015,45.25059
-69.23986,45.25043
-69.23983,47.45769
-69.23421,45.8821
-69.22276,45.88251
-69.21158,46.31101
-69.20876,43.96524
-69.20799,46.17055
-69.193,46.45125
-69.19044,44.40501
-69.1869,45.74981
-69.18238,44.07188
-69.16842,45.10636
-69.1622,44.25767
-69.1622,45.93071
-69.1607,45.76997
-69.15968,46.62338
-69.15889,45.03571
-69.15356,45.66553
-69.13824,44.88749
-69.13417,45.57656
-69.13189,44.21603
-69.1265,44.87434
-69.12504,44.05112
-69.11999,44.13655
-69.11836,45.27068
-69.10871,44.23497
-69.10841,44.10821
-69.1072,44.11073
-69.10707,44.10044
-69.10602,44.82776
-69.1052,44.10249
-69.10502,44.09996
-69.10501,44.29212
-69.10469,44.09257
-69.10468,44.09249
-69.10278,44.10514
-69.10275,44.10393
-69.10141,44.11258
-69.10107,44.11401
-69.08971,44.24754
-69.08967,47.11243
-69.07804,47.14981
-69.07394,44.18663
-69.07295,44.18651
-69.07011,45.59822
-69.06572,45.84884
-69.06414,44.20956
-69.05823,44.20897
-69.05365,44.08432
-69.05297,44.08477
-69.05277,44.0852
-69.02326,47.23192
-69.00717,44.28051
-69.00389,44.42866
-68.99496,44.3137
-68.98849,45.25183
-68.98035,45.49318
-68.96689,45.83582
-68.95928,45.64268
-68.95473,44.3391
-68.95112,45.77781
-68.95084,45.36078
-68.94214,44.28175
-68.93539,46.38238
-68.92566,45.32413
-68.92502,44.45248
-68.91864,44.13901
-68.89215,46.63995
-68.89161,46.5067
-68.88722,45.49949
-68.88071,46.93457
-68.87631,44.13809
-68.87538,44.12255
-68.87304,47.6841
-68.8719,44.12733
-68.87152,44.12718
-68.86452,44.59105
-68.85951,46.93835
-68.8564,44.46875
-68.83885,45.72888
-68.83885,46.96444
-68.83831,46.95912
-68.8376,44.48244
-68.83613,45.73051
-68.83569,44.04586
-68.83144,44.09158
-68.82062,45.60098
-68.8188,44.69097
-68.8057,45.44417
-68.80526,45.62848
-68.80454,46.15309
-68.79687,44.76541
-68.79584,44.38775
-68.79555,44.38856
-68.7943,45.54055
-68.79414,44.39054
-68.79356,47.6156
-68.79353,44.60146
-68.79198,47.61439
-68.79114,44.56936
-68.79035,46.14193
-68.78816,44.89787
-68.77663,44.9863
-68.77406,45.63747
-68.77333,44.39713
-68.77271,46.78957
-68.76323,45.63618
-68.76024,44.3731
-68.7466,45.53258
-68.74439,46.23017
-68.74418,44.64205
-68.74173,44.34182
-68.74173,44.7214
-68.73506,46.8504
-68.73194,44.73671
-68.72884,46.89057
-68.72737,44.47953
-68.723,44.81869
-68.71898,46.13021
-68.71027,47.1047
-68.70656,45.65322
-68.70607,44.45332
-68.70534,44.39782
-68.69829,45.36921
-68.69605,44.84331
-68.69239,44.29068
-68.69125,44.5846
-68.68992,44.32958
-68.68394,45.66919
-68.67787,44.58756
-68.67569,44.9883
-68.67409,45.47344
-68.67384,44.45095
-68.67268,44.86959
-68.67203,44.5659
-68.66786,44.15113
-68.66706,44.15298
-68.66345,46.1579
-68.66078,44.15417
-68.65859,45.2405
-68.65812,45.63961
-68.65719,44.94391
-68.65613,45.05809
-68.65447,47.57744
-68.65345,45.23654
-68.64907,45.25521
-68.64073,45.0127
-68.63925,44.07317
-68.63731,46.983
-68.631,44.08372
-68.62982,44.29553
-68.6297,44.29575
-68.62724,45.66544
-68.61685,45.18585
-68.60231,44.69843
-68.59815,44.91332
-68.5949,47.25557
-68.58572,44.41236
-68.58548,47.0889
-68.58224,47.05032
-68.57788,45.18175
-68.57548,47.04267
-68.5738,47.15618
-68.57262,44.41394
-68.57009,45.34185
-68.56719,44.59583
-68.56188,45.24756
-68.55878,44.77117
-68.55667,46.10499
-68.55549,44.24462
-68.55512,44.24641
-68.55272,46.42822
-68.54659,44.35382
-68.54637,45.36162
-68.53904,45.61481
-68.53644,46.78419
-68.53437,44.22879
-68.5285,44.26191
-68.51713,44.52719
-68.50123,45.36215
-68.5011,44.49339
-68.49803,46.80839
-68.49475,44.64042
-68.48955,45.29451
-68.48097,45.35954
-68.46928,45.59263
-68.4686,44.26558
-68.46019,45.43285
-68.45952,47.21194
-68.45814,45.30362
-68.4482,45.34125
-68.44731,44.6807
-68.44279,44.59233
-68.43961,44.13942
-68.43512,45.40977
-68.42967,44.34084
-68.42247,44.18148
-68.42137,44.53524
-68.42101,44.53495
-68.4175,46.63418
-68.41648,44.34282
-68.40826,44.28254
-68.3932,45.46761
-68.39306,44.60781
-68.39287,44.29244
-68.3906,44.71978
-68.39042,47.44136
-68.38077,47.28747
-68.38008,47.33459
-68.3771,47.09014
-68.3733,46.18953
-68.36458,45.52569
-68.36316,44.35478
-68.36268,46.50406
-68.3574,44.44256
-68.35219,44.24088
-68.35018,44.30025
-68.34848,44.3569
-68.33453,44.32586
-68.32986,44.363
-68.32453,46.5562
-68.323,47.36677
-68.32236,44.27817
-68.31798,44.33513
-68.31607,45.34338
-68.31372,45.63924
-68.3132,44.27557
-68.31103,44.26967
-68.30986,47.09236
-68.3061,47.3549
-68.29947,44.45135
-68.2919,47.24852
-68.28949,44.42906
-68.28919,47.22897
-68.28403,44.29533
-68.28398,44.29457
-68.28256,44.95377
-68.28042,44.45354
-68.27012,44.25842
-68.26781,47.16636
-68.26295,45.20145
-68.25387,44.32295
-68.25059,44.3765
-68.24884,44.62029
-68.24353,46.60635
-68.24095,44.29601
-68.23655,46.02143
-68.23589,44.69227
-68.21583,45.23762
-68.21357,45.12559
-68.21172,44.39071
-68.21029,44.77764
-68.20799,46.03621
-68.2057,44.51966
-68.2039,44.3916
-68.19902,45.13282
-68.19691,45.13461
-68.194,47.04194
-68.18336,44.47631
-68.18259,44.47229
-68.18204,44.47138
-68.17885,44.59622
-68.17713,44.84585
-68.15528,46.77604
-68.15398,44.49994
-68.15245,45.78023
-68.15212,47.30865
-68.15211,45.56516
-68.15072,47.30968
-68.14907,45.30076
-68.14125,47.03988
-68.12922,44.9978
-68.12764,43.96933
-68.12483,44.53735
-68.12276,44.84606
-68.12217,45.05144
-68.11654,44.43266
-68.09188,44.38338
-68.0852,45.08888
-68.0843,44.39437
-68.08224,46.12098
-68.08139,44.39204
-68.08052,44.39106
-68.07913,45.2175
-68.07873,44.46308
-68.07292,45.15081
-68.06592,45.31743
-68.06329,45.29907
-68.05953,46.70481
-68.05898,44.60942
-68.05619,44.81795
-68.05311,45.34801
-68.04924,46.42064
-68.0462,44.4884
-68.04141,44.6064
-68.0388,46.65244
-68.03578,44.48244
-68.03318,44.37376
-68.03234,46.67041
-68.02389,44.6072
-68.01899,46.68058
-68.008,46.70366
-68.00641,45.2411
-68.00601,46.61443
-68.00521,44.89966
-68.00415,44.78884
-68.00309,46.85551
-68.00308,46.09845
-67.99679,45.16207
-67.9828,44.86379
-67.96341,44.83532
-67.95085,44.76748
-67.93791,44.60922
-67.93371,44.44368
-67.93172,47.15878
-67.92853,47.15826
-67.92315,45.36454
-67.92126,46.82443
-67.91162,46.09225
-67.91148,44.4915
-67.89305,45.17717
-67.88741,44.47409
-67.88725,44.47387
-67.88345,44.45173
-67.88236,45.16058
-67.87816,44.54432
-67.87529,44.53576
-67.87133,45.04853
-67.87022,45.6562
-67.86603,45.00892
-67.8635,45.08942
-67.86096,44.91944
-67.8595,45.34615
-67.85874,44.87288
-67.85857,45.70903
-67.85548,44.493
-67.84363,46.88722
-67.8378,46.12904
-67.82797,46.77301
-67.81705,45.40463
-67.8084,45.80348
-67.80385,44.54449
-67.79797,46.70469
-67.79445,46.8468
-67.79178,45.40268
-67.78896,45.32539
-67.78617,45.67003
-67.78483,45.52725
-67.7802,45.81704
-67.7786,45.18128
-67.77773,45.18194
-67.75598,47.05668
-67.7557,47.05622
-67.74544,44.6172
-67.74266,47.04888
-67.7396,47.04103
-67.72818,45.64292
-67.72521,44.50218
-67.72473,45.16531
-67.72267,45.69384
-67.70816,46.73656
-67.7021,45.65734
-67.69598,46.77848
-67.69334,45.02688
-67.69146,46.78347
-67.68774,46.79474
-67.68707,46.79469
-67.68167,45.06568
-67.68001,46.54897
-67.67983,45.62301
-67.67925,45.22649
-67.66511,44.54858
-67.62131,45.17998
-67.61389,45.2074
-67.61341,45.98494
-67.5956,44.53219
-67.59509,44.53174
-67.57699,45.2241
-67.57579,46.13845
-67.57528,46.1378
-67.5696,44.84346
-67.56911,45.04488
-67.55915,45.1606
-67.54879,45.54388
-67.53659,44.73126
-67.52855,46.29685
-67.52318,44.76203
-67.52301,45.25134
-67.52137,45.11831
-67.51342,44.89989
-67.51147,45.14631
-67.49635,44.61579
-67.49015,45.9967
-67.47962,45.27757
-67.47388,45.99404
-67.45852,44.89291
-67.45104,45.40717
-67.45009,44.71957
-67.44522,44.83625
-67.44451,45.6043
-67.4378,44.85893
-67.43442,44.94197
-67.43342,44.75715
-67.43237,44.78448
-67.43158,45.18923
-67.42539,45.57096
-67.42512,45.09429
-67.42331,45.57042
-67.39422,45.10756
-67.39277,45.15397
-67.3903,45.16568
-67.38539,44.74049
-67.37702,44.6395
-67.37654,44.86727
-67.3715,44.63579
-67.36084,44.757
-67.36082,44.75695
-67.35472,45.03856
-67.35265,44.79096
-67.29886,45.16985
-67.27781,45.19186
-67.27622,45.19025
-67.2654,44.7706
-67.26452,44.74911
-67.25999,45.02472
-67.25593,44.7675
-67.24889,45.12721
-67.23322,45.99511
-67.23276,45.99521
-67.21316,44.65533
-67.20716,45.1733
-67.19764,44.98522
-67.19707,44.98639
-67.1944,45.74091
-67.18532,45.72679
-67.18237,45.01495
-67.17883,47.34159
-67.16728,45.10826
-67.16043,44.95324
-67.15586,47.24458
-67.14794,44.85734
-67.14517,45.12364
-67.12816,44.92428
-67.11277,44.89752
-67.10879,45.08334
-67.08437,45.08238
-67.05695,44.77384
-67.05517,45.07138
-67.05448,45.07141
-67.05368,45.07305
-67.0535,44.9728
-67.04031,45.53779
-67.03834,44.94955
-67.03395,44.89125
-67.03332,45.13314
-67.01613,44.90714
-67.01039,45.73238
-66.98533,44.89965
-66.98463,44.91029
-66.98447,44.90623
-66.98384,44.86246
-66.94716,45.59463
-66.9267,45.88538
-66.91783,45.87242
-66.91515,45.87003
-66.91349,45.8911
-66.90982,47.4282
-66.89108,45.97323
-66.89033,45.97399
-66.88216,45.94705
-66.88185,45.94739
-66.87587,45.96099
-66.86373,45.95635
-66.83348,45.13857
-66.82642,45.13051
-66.82639,45.95925
-66.82439,45.13635
-66.82406,45.12766
-66.82381,45.13523
-66.82283,45.96459
-66.76092,44.77338
-66.75816,44.58569
-66.74537,45.96748
-66.74464,45.96749
-66.71792,45.96789
-66.6521,45.96642
-66.63169,45.94777
-66.62723,45.96155
-66.627,45.96135
-66.62298,45.95643
