{"type": "FeatureCollection", "features": [{"type": "Feature", "properties": {"osm_type": "node", "osm_id": 787713332, "tags": {"addr:city": "Mobile", "addr:country": "US", "addr:housenumber": "125", "addr:postcode": "36608", "addr:state": "AL", "addr:street": "North Schillinger Road", "brand": "Bowlero", "brand:wikidata": "Q17102967", "leisure": "bowling_alley", "name": "Bowlero Mobile", "phone": "+1 251-639-1221", "ref": "431fae73-e11d-e611-80c5-005056aa8521", "website": "https://www.bowlero.com/location/bowlero-mobile"}}, "geometry": {"type": "Point", "coordinates": [-88.2267249, 30.6925011]}}, {"type": "Feature", "properties": {"osm_type": "node", "osm_id": 1152118445, "tags": {"leisure": "bowling_alley", "sport": "10pin"}}, "geometry": {"type": "Point", "coordinates": [-95.6421272, 29.8812133]}}, {"type": "Feature", "properties": {"osm_type": "node", "osm_id": 2650706377, "tags": {"amenity": "social_centre", "brand": "American Legion", "brand:wikidata": "Q468865", "fixme": "find actual location", "name": "American Legion Hall", "social_centre:for": "veterans"}}, "geometry": {"type": "Point", "coordinates": [-87.2324964, 30.4085885]}}, {"type": "Feature", "properties": {"osm_type": "node", "osm_id": 4049345366, "tags": {"addr:housenumber": "2825", "addr:street": "Johnston Street", "leisure": "bowling_alley", "name": "Lafayette Lanes"}}, "geometry": {"type": "Point", "coordinates": [-92.0396994, 30.2055467]}}, {"type": "Feature", "properties": {"osm_type": "node", "osm_id": 4644353538, "tags": {"leisure": "bowling_alley", "name": "Fort Walton Beach Bowl"}}, "geometry": {"type": "Point", "coordinates": [-86.6366265, 30.4400617]}}, {"type": "Feature", "properties": {"osm_type": "node", "osm_id": 5180404845, "tags": {"leisure": "bowling_alley", "name": "Bowlero"}}, "geometry": {"type": "Point", "coordinates": [-95.1326898, 29.5474826]}}, {"type": "Feature", "properties": {"osm_type": "node", "osm_id": 6994051178, "tags": {"amenity": "social_centre", "brand": "Lions Clubs International", "brand:wikidata": "Q270029", "name": "Sour Lake Lions Club"}}, "geometry": {"type": "Point", "coordinates": [-94.3965805, 30.1341488]}}, {"type": "Feature", "properties": {"osm_type": "node", "osm_id": 7626727960, "tags": {"addr:city": "Katy", "addr:housenumber": "3023", "addr:postcode": "77449", "addr:state": "TX", "addr:street": "Mason Road", "club": "social", "email": "board@bridgewatertx.org", "name": "Bridgewater Clubhouse", "source": "local knowledge", "website": "https://www.bridgewatertx.org/"}}, "geometry": {"type": "Point", "coordinates": [-95.7526469, 29.8181269]}}, {"type": "Feature", "properties": {"osm_type": "node", "osm_id": 7699928948, "tags": {"addr:city": "Pensacola", "addr:housenumber": "3300", "addr:postcode": "32505", "addr:state": "FL", "addr:street": "West Desoto Street", "amenity": "social_centre", "name": "West Pensacola Masonic Lodge No. 296 F&AM"}}, "geometry": {"type": "Point", "coordinates": [-87.2548304, 30.4234906]}}, {"type": "Feature", "properties": {"osm_type": "node", "osm_id": 8398624574, "tags": {"amenity": "social_centre", "level": "1", "name": "Women's Resource Center", "website": "https://women.rice.edu/"}}, "geometry": {"type": "Point", "coordinates": [-95.4021693, 29.7178851]}}, {"type": "Feature", "properties": {"osm_type": "node", "osm_id": 8398624587, "tags": {"amenity": "social_centre", "name": "U Court"}}, "geometry": {"type": "Point", "coordinates": [-95.4012572, 29.7182359]}}, {"type": "Feature", "properties": {"osm_type": "node", "osm_id": 8398624589, "tags": {"amenity": "social_centre", "level": "-1", "name": "Captain Graduate Student Lounge"}}, "geometry": {"type": "Point", "coordinates": [-95.4021588, 29.7179866]}}, {"type": "Feature", "properties": {"osm_type": "node", "osm_id": 9282219244, "tags": {"amenity": "social_centre", "brand": "Veterans of Foreign Wars of the United States", "brand:wikidata": "Q3556413", "name": "VFW Post", "name:en": "VFW Post", "official_name": "Veterans of Foreign Wars of the United States", "short_name": "VFW", "social_centre:for": "veteran"}}, "geometry": {"type": "Point", "coordinates": [-88.1011034, 30.6720292]}}, {"type": "Feature", "properties": {"osm_type": "node", "osm_id": 9282233481, "tags": {"amenity": "social_centre", "brand": "Veterans of Foreign Wars of the United States", "brand:wikidata": "Q3556413", "name": "VFW Post", "name:en": "VFW Post", "official_name": "Veterans of Foreign Wars of the United States", "short_name": "VFW", "social_centre:for": "veterans"}}, "geometry": {"type": "Point", "coordinates": [-90.201899, 29.9543348]}}, {"type": "Feature", "properties": {"osm_type": "node", "osm_id": 9932419927, "tags": {"addr:city": "Houston", "addr:housenumber": "1201", "addr:postcode": "77002", "addr:state": "TX", "addr:street": "San Jacinto Street", "leisure": "bowling_alley", "name": "810 Billiards & Bowling", "opening_hours": "Su 11:00-24:00, Mo-Th 16:00-24:00; Fr 16:00-02:00; Sa 11:00-02:00", "phone": "+1-713-337-2950", "website": "https://www.810bowling.com/"}}, "geometry": {"type": "Point", "coordinates": [-95.3641672, 29.7534703]}}, {"type": "Feature", "properties": {"osm_type": "node", "osm_id": 9973620070, "tags": {"addr:city": "Houston", "addr:housenumber": "2950", "addr:postcode": "77017", "addr:state": "TX", "addr:street": "Broadway Street", "amenity": "social_centre", "check_date": "2022-08-23", "contact:facebook": "https://www.facebook.com/tejanocenteronline", "email": "information@tejanocenter.org", "name": "Tejano Center for Community Concerns", "phone": "+1-713-640-3700", "social_facility:for": "underprivileged", "website": "https://www.tejanocenter.org"}}, "geometry": {"type": "Point", "coordinates": [-95.278965, 29.698006]}}, {"type": "Feature", "properties": {"osm_type": "node", "osm_id": 10740164621, "tags": {"check_date": "2023-03-16", "leisure": "bowling_alley", "name": "Max Bowl"}}, "geometry": {"type": "Point", "coordinates": [-93.983407, 29.9504002]}}, {"type": "Feature", "properties": {"osm_type": "node", "osm_id": 12083094902, "tags": {"amenity": "social_centre", "brand": "KofC", "brand:wikidata": "Q1046799", "name": "Knights of Columbus Council", "short_name": "KofC"}}, "geometry": {"type": "Point", "coordinates": [-88.2426168, 30.7189266]}}, {"type": "Feature", "properties": {"osm_type": "node", "osm_id": 12509953413, "tags": {"amenity": "social_centre", "name": "Louisiana Organization for Refugees and Immigrants (LORI)"}}, "geometry": {"type": "Point", "coordinates": [-91.1762987, 30.4433877]}}, {"type": "Feature", "properties": {"osm_type": "node", "osm_id": 13164590762, "tags": {"addr:city": "Metairie", "addr:housenumber": "1023", "addr:postcode": "70001", "addr:state": "LA", "addr:street": "Ridgewood Drive", "amenity": "social_centre", "brand": "American Legion", "brand:wikidata": "Q468865", "name": "American Legion Post 350", "phone": "+1-504-835-3686", "social_centre:for": "veteran", "website": "https://post350.com/"}}, "geometry": {"type": "Point", "coordinates": [-90.1421973, 29.9750274]}}, {"type": "Feature", "properties": {"osm_type": "node", "osm_id": 13406750823, "tags": {"amenity": "social_centre", "brand": "American Legion", "brand:wikidata": "Q468865", "name": "American Legion - Post 578", "social_centre:for": "veteran"}}, "geometry": {"type": "Point", "coordinates": [-95.3390006, 29.9029465]}}, {"type": "Feature", "properties": {"osm_type": "node", "osm_id": 13619252434, "tags": {"club": "social", "name": "Delta Sky Club"}}, "geometry": {"type": "Point", "coordinates": [-90.2537481, 29.9953096]}}, {"type": "Feature", "properties": {"osm_type": "node", "osm_id": 13946693427, "tags": {"addr:city": "Kenner", "addr:housenumber": "3740", "addr:postcode": "70065", "addr:state": "LA", "addr:street": "Florida Avenue", "amenity": "social_centre", "brand": "American Legion", "brand:wikidata": "Q468865", "contact:facebook": "Kenner-Post-377-American-Legion-100070937900240", "name": "American Legion Post 377 Hall", "social_centre:for": "veteran"}}, "geometry": {"type": "Point", "coordinates": [-90.239739, 30.0249289]}}, {"type": "Feature", "properties": {"osm_type": "node", "osm_id": 357575672, "tags": {"addr:city": "Albuquerque", "addr:housenumber": "1500", "addr:postcode": "87102", "addr:state": "NM", "addr:street": "Walter SE", "amenity": "social_centre", "ele": "1523", "gnis:feature_id": "890488", "name": "Health & Social Service Center", "operator": "City of Albuquerque"}}, "geometry": {"type": "Point", "coordinates": [-106.6411363, 35.0683803]}}, {"type": "Feature", "properties": {"osm_type": "node", "osm_id": 1999521362, "tags": {"addr:city": "Phoenix", "addr:country": "US", "addr:housenumber": "345", "addr:postcode": "85003", "addr:state": "AZ", "addr:street": "West Monroe Street", "amenity": "social_centre", "name": "Arizona Lodge - Free and Accepted Masons", "phone": "+1-602-258-5466", "website": "https://www.azlodge2.org/"}}, "geometry": {"type": "Point", "coordinates": [-112.078589, 33.4500542]}}, {"type": "Feature", "properties": {"osm_type": "node", "osm_id": 2074061354, "tags": {"addr:city": "Albuquerque", "addr:housenumber": "3301", "addr:postcode": "87104", "addr:state": "NM", "addr:street": "Mountain Road Northwest", "amenity": "social_centre", "brand": "Knights of Columbus", "brand:short": "KofC", "brand:wikidata": "Q1046799", "name": "Knights of Columbus Hall"}}, "geometry": {"type": "Point", "coordinates": [-106.6854317, 35.0997879]}}, {"type": "Feature", "properties": {"osm_type": "node", "osm_id": 2191670041, "tags": {"addr:city": "Las Cruces", "addr:housenumber": "709", "addr:postcode": "88005", "addr:street": "South Valley Drive", "amenity": "social_centre", "branch": "10124", "brand": "Veterans of Foreign Wars of the United States", "brand:wikidata": "Q3556413", "name": "VFW Post", "name:en": "VFW Post", "official_name": "Veterans of Foreign Wars of the United States", "short_name": "VFW", "social_centre:for": "veterans"}}, "geometry": {"type": "Point", "coordinates": [-106.789915, 32.2994941]}}, {"type": "Feature", "properties": {"osm_type": "node", "osm_id": 2368950555, "tags": {"amenity": "social_centre", "brand": "American Legion", "brand:wikidata": "Q468865", "name": "American Legion Hall", "social_centre:for": "veterans"}}, "geometry": {"type": "Point", "coordinates": [-106.034117, 32.8444767]}}, {"type": "Feature", "properties": {"osm_type": "node", "osm_id": 2469618325, "tags": {"amenity": "pub", "cuisine": "burger", "leisure": "bowling_alley", "name": "Lucky Strike Lanes and Lounge", "smoking": "no", "sport": "10pin", "wheelchair": "yes"}}, "geometry": {"type": "Point", "coordinates": [-112.074904, 33.4475058]}}, {"type": "Feature", "properties": {"osm_type": "node", "osm_id": 2497548897, "tags": {"amenity": "social_centre", "brand": "Benevolent and Protective Order of Elks", "brand:short": "BPOE", "brand:wikidata": "Q2895789", "name": "Elks Lodge", "official_name": "Benevolent and Protective Order of Elks"}}, "geometry": {"type": "Point", "coordinates": [-114.64228, 32.6685229]}}, {"type": "Feature", "properties": {"osm_type": "node", "osm_id": 3880756856, "tags": {"addr:city": "Globe", "addr:country": "US", "addr:housenumber": "110", "addr:postcode": "85501", "addr:state": "AZ", "addr:street": "North Broad Street", "amenity": "social_centre", "name": "International Order of Odd Fellows", "website": "https://www.whitemountain3.org/"}}, "geometry": {"type": "Point", "coordinates": [-110.7874759, 33.3961451]}}, {"type": "Feature", "properties": {"osm_type": "node", "osm_id": 6020102304, "tags": {"amenity": "social_centre", "name": "Player Youth Club"}}, "geometry": {"type": "Point", "coordinates": [-114.2952647, 34.1487874]}}, {"type": "Feature", "properties": {"osm_type": "node", "osm_id": 6534619462, "tags": {"addr:city": "Prescott Valley", "addr:housenumber": "6301", "addr:postcode": "86314", "addr:state": "AZ", "addr:street": "East 2nd Street", "leisure": "bowling_alley", "name": "Antelope Lanes"}}, "geometry": {"type": "Point", "coordinates": [-112.3548791, 34.5786788]}}, {"type": "Feature", "properties": {"osm_type": "node", "osm_id": 6536091410, "tags": {"addr:city": "Santa Fe", "addr:housenumber": "153A", "addr:postcode": "87501", "addr:state": "NM", "addr:street": "Paseo de Peralta", "construction": "yes", "leisure": "bowling_alley", "name": "The Alley", "operator": "Joey and Hannah Padilla", "phone": "+1-505-557-6789", "source": "https://sfreporter.com/arts/2019/11/06/flip-out", "source:no": "https://pinballmap.com/map/?by_location_id=13113", "website": "https://thealleysantafe.com/about-the-alley"}}, "geometry": {"type": "Point", "coordinates": [-105.951646, 35.6925417]}}, {"type": "Feature", "properties": {"osm_type": "node", "osm_id": 6615654216, "tags": {"addr:city": "Espanola", "addr:state": "NM", "addr:street": "Riverside Drive", "leisure": "bowling_alley"}}, "geometry": {"type": "Point", "coordinates": [-106.0678646, 35.9961961]}}, {"type": "Feature", "properties": {"osm_type": "node", "osm_id": 6615710602, "tags": {"leisure": "bowling_alley"}}, "geometry": {"type": "Point", "coordinates": [-106.5640487, 35.3281741]}}, {"type": "Feature", "properties": {"osm_type": "node", "osm_id": 6813726356, "tags": {"leisure": "bowling_alley", "name": "Fun Connection"}}, "geometry": {"type": "Point", "coordinates": [-106.6632228, 34.9404011]}}, {"type": "Feature", "properties": {"osm_type": "node", "osm_id": 6876367884, "tags": {"amenity": "social_centre", "brand": "Veterans of Foreign Wars of the United States", "brand:wikidata": "Q3556413", "name": "VFW Post", "name:en": "VFW Post", "official_name": "Veterans of Foreign Wars of the United States", "short_name": "VFW", "social_centre:for": "veterans"}}, "geometry": {"type": "Point", "coordinates": [-109.9294204, 31.3969751]}}, {"type": "Feature", "properties": {"osm_type": "node", "osm_id": 7051861746, "tags": {"addr:city": "Tucson", "addr:housenumber": "1801", "addr:postcode": "85719", "addr:state": "AZ", "addr:street": "East 1st Street", "amenity": "social_centre", "name": "Phi Gamma Delta", "website": "https://web.facebook.com/uafiji/"}}, "geometry": {"type": "Point", "coordinates": [-110.9449165, 32.2353489]}}, {"type": "Feature", "properties": {"osm_type": "node", "osm_id": 7059714212, "tags": {"access": "private", "addr:city": "Albuquerque", "addr:housenumber": "201", "addr:state": "NM", "addr:street": "Highland Park Circle Southeast", "club": "social", "name": "Albuquerque Press Club", "operator": "Albuquerque Press Club"}}, "geometry": {"type": "Point", "coordinates": [-106.639119, 35.0816365]}}, {"type": "Feature", "properties": {"osm_type": "node", "osm_id": 7221403848, "tags": {"addr:city": "Santa Fe", "addr:housenumber": "431", "addr:postcode": "87501", "addr:state": "NM", "addr:street": "Paseo de Peralta", "amenity": "social_centre", "club": "freemasonry", "name": "Montezuma Lodge #1 Ancient Free and Accepted Masons"}}, "geometry": {"type": "Point", "coordinates": [-105.936943, 35.692479]}}, {"type": "Feature", "properties": {"osm_type": "node", "osm_id": 7249775035, "tags": {"amenity": "social_centre", "name": "Camp La Salle"}}, "geometry": {"type": "Point", "coordinates": [-105.6921023, 35.6751061]}}, {"type": "Feature", "properties": {"osm_type": "node", "osm_id": 7511419029, "tags": {"addr:city": "Jemez Springs", "addr:housenumber": "18161", "addr:postcode": "87025", "addr:state": "NM", "addr:street": "NM-4", "amenity": "social_centre", "brand": "Roman Catholic", "denomination": "catholic", "email": "TheFitzgeraldCenter@gmail.com", "name": "The Fitzgerald Center", "note": "listed elsewhere as 18139, however this does not match their website", "operator": "Servants of the Paraclete", "operator:type": "religious", "phone": "+1-575-829-2057", "religion": "christian", "website": "http://theservants.org/fitzgeraldcenter"}}, "geometry": {"type": "Point", "coordinates": [-106.6885745, 35.7782035]}}, {"type": "Feature", "properties": {"osm_type": "node", "osm_id": 7749862137, "tags": {"addr:city": "Eloy", "addr:housenumber": "298", "addr:postcode": "85131", "addr:state": "AZ", "addr:street": "West 8th Street", "amenity": "social_centre", "name": "St Helen's Youth Hall"}}, "geometry": {"type": "Point", "coordinates": [-111.558907, 32.7573044]}}, {"type": "Feature", "properties": {"osm_type": "node", "osm_id": 8356303865, "tags": {"amenity": "social_centre", "brand": "American Legion", "brand:wikidata": "Q468865", "name": "American Legion Hall", "social_centre:for": "veterans"}}, "geometry": {"type": "Point", "coordinates": [-110.7714659, 31.9659829]}}, {"type": "Feature", "properties": {"osm_type": "node", "osm_id": 8449384092, "tags": {"leisure": "bowling_alley", "name": "Gala Bowl"}}, "geometry": {"type": "Point", "coordinates": [-108.714516, 35.5282555]}}, {"type": "Feature", "properties": {"osm_type": "node", "osm_id": 8653967786, "tags": {"addr:city": "Mesa", "addr:housenumber": "932", "addr:postcode": "85210", "addr:state": "AZ", "addr:street": "West Southern Avenue", "amenity": "social_centre", "name": "The Social Lounge", "source": "esri/USA_NAD_Addresses"}}, "geometry": {"type": "Point", "coordinates": [-111.8520704, 33.3938014]}}, {"type": "Feature", "properties": {"osm_type": "node", "osm_id": 9074478655, "tags": {"amenity": "social_centre", "name": "Tolomei Center", "operator": "Pecos Monastery"}}, "geometry": {"type": "Point", "coordinates": [-105.6808424, 35.5931939]}}, {"type": "Feature", "properties": {"osm_type": "node", "osm_id": 9279411283, "tags": {"addr:city": "Albuquerque", "addr:housenumber": "424", "addr:postcode": "87107", "addr:state": "NM", "addr:street": "Candelaria Road Northwest", "amenity": "social_centre", "brand": "American Legion", "brand:wikidata": "Q468865", "name": "American Legion Hall Post 100", "social_centre:for": "veteran"}}, "geometry": {"type": "Point", "coordinates": [-106.6460771, 35.1201069]}}, {"type": "Feature", "properties": {"osm_type": "node", "osm_id": 9282214300, "tags": {"addr:city": "Phoenix", "addr:housenumber": "804", "addr:postcode": "85020", "addr:state": "AZ", "addr:street": "East Purdue Avenue", "amenity": "social_centre", "brand": "Veterans of Foreign Wars of the United States", "brand:short": "VFW", "brand:wikidata": "Q3556413", "name": "VFW Joseph Monfort Post 9400", "name:en": "VFW Post", "official_name": "Veterans of Foreign Wars of the United States", "short_name": "VFW", "social_centre:for": "veteran", "source": "esri/USA_NAD_Addresses"}}, "geometry": {"type": "Point", "coordinates": [-112.062867, 33.5744216]}}, {"type": "Feature", "properties": {"osm_type": "node", "osm_id": 9411527289, "tags": {"club": "social", "name": "Albuquerque Social Club"}}, "geometry": {"type": "Point", "coordinates": [-106.5990466, 35.0793459]}}, {"type": "Feature", "properties": {"osm_type": "node", "osm_id": 9625525580, "tags": {"leisure": "bowling_alley", "name": "Strikers"}}, "geometry": {"type": "Point", "coordinates": [-106.4238221, 31.7040846]}}, {"type": "Feature", "properties": {"osm_type": "node", "osm_id": 9707543424, "tags": {"amenity": "social_centre", "brand": "American Legion", "brand:wikidata": "Q468865", "name": "American Legion Hall", "social_centre:for": "veteran"}}, "geometry": {"type": "Point", "coordinates": [-105.6755358, 35.5698369]}}, {"type": "Feature", "properties": {"osm_type": "node", "osm_id": 9808044869, "tags": {"addr:city": "Albuquerque", "addr:state": "NM", "addr:street": "Central Avenue Southeast", "amenity": "social_centre", "name": "Warehouse 505"}}, "geometry": {"type": "Point", "coordinates": [-106.6455983, 35.0835177]}}, {"type": "Feature", "properties": {"osm_type": "node", "osm_id": 9821360547, "tags": {"amenity": "social_centre", "club": "culture", "culture": "german", "language:de": "main", "name": "Edelweiss am Rio Grande", "social_centre": "club"}}, "geometry": {"type": "Point", "coordinates": [-106.5899383, 35.1094776]}}, {"type": "Feature", "properties": {"osm_type": "node", "osm_id": 9936430350, "tags": {"amenity": "social_centre", "brand": "American Legion", "brand:wikidata": "Q468865", "name": "American Legion Hall", "social_centre:for": "veterans"}}, "geometry": {"type": "Point", "coordinates": [-109.2996285, 33.0563651]}}, {"type": "Feature", "properties": {"osm_type": "node", "osm_id": 10284365544, "tags": {"addr:street": "142 Truman St NE", "amenity": "social_centre", "description": "Youth drop-in center\nPlace to hang out\nProvides food, showers, clothing", "name": "The Space", "opening_hours": "Tu-Fr 00:00-17:00", "website": "https://www.ndnm.org/"}}, "geometry": {"type": "Point", "coordinates": [-106.587059, 35.079689]}}, {"type": "Feature", "properties": {"osm_type": "node", "osm_id": 10286796787, "tags": {"leisure": "bowling_alley", "level": "1"}}, "geometry": {"type": "Point", "coordinates": [-106.575385, 35.1065674]}}, {"type": "Feature", "properties": {"osm_type": "node", "osm_id": 10604442970, "tags": {"addr:housenumber": "1451", "addr:street": "Texas Street Southeast", "leisure": "bowling_alley", "name": "Kirtland Lanes", "name_1": "Bowling Center", "phone": "+1-505-846-6851", "ref": "20228"}}, "geometry": {"type": "Point", "coordinates": [-106.557047, 35.0550602]}}, {"type": "Feature", "properties": {"osm_type": "node", "osm_id": 10689826041, "tags": {"amenity": "social_centre", "brand": "Loyal Order of Moose", "brand:wikidata": "Q6908585", "name": "Moose Lodge", "official_name": "Loyal Order of Moose"}}, "geometry": {"type": "Point", "coordinates": [-108.2568448, 32.7886277]}}, {"type": "Feature", "properties": {"osm_type": "node", "osm_id": 10692830943, "tags": {"amenity": "social_centre", "brand": "Lions Clubs International", "brand:wikidata": "Q270029", "name": "Lions Clubs International"}}, "geometry": {"type": "Point", "coordinates": [-108.6819157, 35.5290156]}}, {"type": "Feature", "properties": {"osm_type": "node", "osm_id": 10740112623, "tags": {"addr:city": "Henderson", "addr:housenumber": "1301", "addr:postcode": "89014", "addr:state": "NV", "addr:street": "West Sunset Road", "leisure": "bowling_alley", "name": "Strike Zone", "operator": "Station Casinos", "phone": "+1 702-547-7945"}}, "geometry": {"type": "Point", "coordinates": [-115.0409947, 36.0599081]}}, {"type": "Feature", "properties": {"osm_type": "node", "osm_id": 10743602129, "tags": {"addr:city": "Henderson", "addr:housenumber": "4451", "addr:postcode": "89014", "addr:state": "NV", "addr:street": "East Sunset Road", "leisure": "bowling_alley", "name": "Wildfire Lanes", "operator": "Station Casinos", "phone": "+1 702-736-2695", "website": "https://www.wildfiregaming.com/wildfires/wildfire-lanes/"}}, "geometry": {"type": "Point", "coordinates": [-115.0739981, 36.0695152]}}, {"type": "Feature", "properties": {"osm_type": "node", "osm_id": 10841265936, "tags": {"amenity": "social_centre", "brand": "Benevolent and Protective Order of Elks", "brand:wikidata": "Q2895789", "name": "Elks Lodge", "official_name": "Benevolent and Protective Order of Elks", "short_name": "BPOE"}}, "geometry": {"type": "Point", "coordinates": [-112.7322121, 33.9692701]}}, {"type": "Feature", "properties": {"osm_type": "node", "osm_id": 10841265938, "tags": {"amenity": "social_centre", "brand": "American Legion", "brand:wikidata": "Q468865", "name": "American Legion Hall", "social_centre:for": "veterans"}}, "geometry": {"type": "Point", "coordinates": [-112.7324018, 33.9694117]}}, {"type": "Feature", "properties": {"osm_type": "node", "osm_id": 10945281447, "tags": {"addr:city": "Albuquerque", "addr:housenumber": "4801", "addr:postcode": "87120", "addr:state": "NM", "addr:street": "Monta\u00f1o Road Northwest", "addr:unit": "B2", "amenity": "social_centre", "name": "Vertical Center"}}, "geometry": {"type": "Point", "coordinates": [-106.6945048, 35.154027]}}, {"type": "Feature", "properties": {"osm_type": "node", "osm_id": 11038418479, "tags": {"addr:city": "Tucson", "addr:housenumber": "5950", "addr:postcode": "85711", "addr:state": "AZ", "addr:street": "East Broadway Boulevard", "addr:unit": "110", "air_conditioning": "yes", "brand": "Round1", "brand:wikidata": "Q11346634", "leisure": "bowling_alley", "name": "Round1", "opening_hours": "10:00-02:00", "phone": "+1-520-485-4288", "sport": "10pin", "website": "https://www.round1usa.com/"}}, "geometry": {"type": "Point", "coordinates": [-110.863864, 32.2201914]}}, {"type": "Feature", "properties": {"osm_type": "node", "osm_id": 11064072706, "tags": {"amenity": "social_centre", "name": "Fleet Reserve Association"}}, "geometry": {"type": "Point", "coordinates": [-112.0295471, 33.6681669]}}, {"type": "Feature", "properties": {"osm_type": "node", "osm_id": 11064072707, "tags": {"amenity": "social_centre", "name": "The American Legion"}}, "geometry": {"type": "Point", "coordinates": [-112.0294922, 33.6678856]}}, {"type": "Feature", "properties": {"osm_type": "node", "osm_id": 11076241375, "tags": {"amenity": "social_centre", "name": "Phoenix Asian American Lions Club"}}, "geometry": {"type": "Point", "coordinates": [-112.097008, 33.6750565]}}, {"type": "Feature", "properties": {"osm_type": "node", "osm_id": 11114792468, "tags": {"addr:city": "Albuquerque", "addr:housenumber": "851", "addr:postcode": "87121", "addr:state": "NM", "addr:street": "Coors Boulevard Northwest", "amenity": "social_centre", "name": "Grupo El Perdon AA", "opening_hours": "closed"}}, "geometry": {"type": "Point", "coordinates": [-106.7091504, 35.0971568]}}, {"type": "Feature", "properties": {"osm_type": "node", "osm_id": 11333264571, "tags": {"addr:city": "Mohave Valley", "addr:housenumber": "10287", "addr:postcode": "86440", "addr:state": "AZ", "addr:street": "Barrackman Road", "amenity": "social_centre", "brand": "Veterans of Foreign Wars of the United States", "brand:wikidata": "Q3556413", "name": "VFW Post 404", "name:en": "VFW Post", "official_name": "Veterans of Foreign Wars of the United States", "short_name": "VFW", "social_centre:for": "veteran"}}, "geometry": {"type": "Point", "coordinates": [-114.5982435, 34.8580739]}}, {"type": "Feature", "properties": {"osm_type": "node", "osm_id": 11571906532, "tags": {"addr:city": "Surprise", "addr:housenumber": "12425", "addr:postcode": "85378", "addr:state": "AZ", "addr:street": "West Bell Road", "addr:unit": "Suite 124", "amenity": "social_centre", "description": "One-stop shop for veteran, disability and social services", "name": "Surprise Resource Center", "operator": "City of Surprise", "operator:type": "government", "website": "https://www.surpriseaz.gov/411/Resource-Center", "wheelchair": "yes"}}, "geometry": {"type": "Point", "coordinates": [-112.3271558, 33.6380956]}}, {"type": "Feature", "properties": {"osm_type": "node", "osm_id": 11664032938, "tags": {"amenity": "social_centre", "name": "Ombudsman Arizona Charter Northeast"}}, "geometry": {"type": "Point", "coordinates": [-111.9281211, 33.443618]}}, {"type": "Feature", "properties": {"osm_type": "node", "osm_id": 11900344169, "tags": {"addr:city": "Laughlin", "addr:housenumber": "1650", "addr:postcode": "89029", "addr:state": "NV", "addr:street": "South Casino Drive", "leisure": "bowling_alley", "name": "Riverside Lanes", "operator": "Don Laughlin's Riverside Resort"}}, "geometry": {"type": "Point", "coordinates": [-114.5716182, 35.1676041]}}, {"type": "Feature", "properties": {"osm_type": "node", "osm_id": 11929041505, "tags": {"leisure": "bowling_alley"}}, "geometry": {"type": "Point", "coordinates": [-114.0381123, 35.2282881]}}, {"type": "Feature", "properties": {"osm_type": "node", "osm_id": 11963303377, "tags": {"addr:city": "Goodyear", "addr:country": "US", "addr:housenumber": "17665", "addr:postcode": "85338", "addr:state": "AZ", "addr:street": "West Elliot Road", "air_conditioning": "yes", "amenity": "community_centre", "club": "social", "name": "Skypointe Residents Club", "opening_hours": "Mo-Sa 05:00-21:00; Su 08:00-19:00", "source": "esri_USDOT_Arizona;https://estrella.com/wp-content/uploads/2023/02/Starpointe-Fact-Sheet_Estrella_new.pdf", "website": "https://www.lifeinestrella.com/424/Residents-Clubs"}}, "geometry": {"type": "Point", "coordinates": [-112.4295259, 33.355159]}}, {"type": "Feature", "properties": {"osm_type": "node", "osm_id": 12083828477, "tags": {"amenity": "social_centre", "brand": "Benevolent and Protective Order of Elks", "brand:wikidata": "Q2895789", "name": "Elks Lodge", "official_name": "Benevolent and Protective Order of Elks", "short_name": "BPOE"}}, "geometry": {"type": "Point", "coordinates": [-112.052474, 34.7704046]}}, {"type": "Feature", "properties": {"osm_type": "node", "osm_id": 12107226373, "tags": {"club": "social"}}, "geometry": {"type": "Point", "coordinates": [-112.3959055, 33.5939831]}}, {"type": "Feature", "properties": {"osm_type": "node", "osm_id": 12175924740, "tags": {"amenity": "social_centre", "name": "Student Union Building"}}, "geometry": {"type": "Point", "coordinates": [-105.9262735, 32.920316]}}, {"type": "Feature", "properties": {"osm_type": "node", "osm_id": 12463399032, "tags": {"amenity": "social_centre", "brand": "Veterans of Foreign Wars of the United States", "name": "Yuma VFW Post", "name:en": "VFW Post", "official_name": "Veterans of Foreign Wars of the United States", "short_name": "VFW", "social_centre:for": "veteran"}}, "geometry": {"type": "Point", "coordinates": [-114.422103, 32.7280823]}}, {"type": "Feature", "properties": {"osm_type": "node", "osm_id": 12570507667, "tags": {"addr:city": "Laughlin", "addr:housenumber": "2700", "addr:postcode": "89029", "addr:state": "NV", "addr:street": "South Casino Drive", "leisure": "bowling_alley", "name": "Strike! Bowl"}}, "geometry": {"type": "Point", "coordinates": [-114.5746227, 35.1505019]}}, {"type": "Feature", "properties": {"osm_type": "node", "osm_id": 12594355733, "tags": {"addr:city": "Bullhead City", "addr:housenumber": "2249", "addr:postcode": "86442", "addr:state": "AZ", "addr:street": "Clearwater Drive", "amenity": "social_centre", "brand": "American Legion", "brand:wikidata": "Q468865", "name": "American Legion Hall", "social_centre:for": "veteran"}}, "geometry": {"type": "Point", "coordinates": [-114.630941, 35.0937743]}}, {"type": "Feature", "properties": {"osm_type": "node", "osm_id": 12594356880, "tags": {"addr:city": "Bullhead City", "addr:housenumber": "1745", "addr:postcode": "86442", "addr:state": "AZ", "addr:street": "Emerald Drive", "amenity": "social_centre", "brand": "Benevolent and Protective Order of Elks", "brand:wikidata": "Q2895789", "name": "Elks Lodge", "official_name": "Benevolent and Protective Order of Elks", "short_name": "BPOE"}}, "geometry": {"type": "Point", "coordinates": [-114.603254, 35.1081403]}}, {"type": "Feature", "properties": {"osm_type": "node", "osm_id": 12594356881, "tags": {"addr:city": "Bullhead City", "addr:housenumber": "2620", "addr:postcode": "86442", "addr:state": "AZ", "addr:street": "Miracle Mile", "amenity": "social_centre", "brand": "Loyal Order of Moose", "brand:wikidata": "Q6908585", "name": "Moose Lodge", "official_name": "Loyal Order of Moose"}}, "geometry": {"type": "Point", "coordinates": [-114.5961178, 35.0908001]}}, {"type": "Feature", "properties": {"osm_type": "node", "osm_id": 12594361780, "tags": {"addr:city": "Bullhead City", "addr:housenumber": "1611", "addr:postcode": "86442", "addr:state": "AZ", "addr:street": "Marble Canyon Drive", "amenity": "social_centre", "brand": "Veterans of Foreign Wars of the United States", "brand:wikidata": "Q3556413", "name": "VFW Post", "name:en": "VFW Post", "official_name": "Veterans of Foreign Wars of the United States", "short_name": "VFW", "social_centre:for": "veteran"}}, "geometry": {"type": "Point", "coordinates": [-114.5949802, 35.0864814]}}, {"type": "Feature", "properties": {"osm_type": "node", "osm_id": 12594444293, "tags": {"addr:city": "Fort Mohave", "addr:housenumber": "4310", "addr:postcode": "86426", "addr:state": "AZ", "addr:street": "AZ 95", "amenity": "social_centre", "brand": "AMVETS", "brand:wikidata": "Q2819279", "name": "AMVETS Post", "social_centre:for": "veteran"}}, "geometry": {"type": "Point", "coordinates": [-114.5975125, 35.0316412]}}, {"type": "Feature", "properties": {"osm_type": "node", "osm_id": 12643638034, "tags": {"addr:city": "Surprise", "addr:housenumber": "12215", "addr:postcode": "85378", "addr:state": "AZ", "addr:street": "West Bell Road", "amenity": "social_centre", "brand": "Native American Connections", "name": "HomeBase", "operator": "Native American Connections Inc."}}, "geometry": {"type": "Point", "coordinates": [-112.3232222, 33.6373069]}}, {"type": "Feature", "properties": {"osm_type": "node", "osm_id": 13032564693, "tags": {"leisure": "bowling_alley", "name": "Silva Lanes", "opening_hours": "Su-Th 10:00-24:00, Fr,Sa 10:00-02:00"}}, "geometry": {"type": "Point", "coordinates": [-106.5324983, 35.1172719]}}, {"type": "Feature", "properties": {"osm_type": "node", "osm_id": 13092624433, "tags": {"addr:city": "Green Valley", "addr:housenumber": "249", "addr:state": "AZ", "addr:street": "West Esperanza Boulevard", "amenity": "social_centre", "brand": "American Legion", "brand:wikidata": "Q468865", "check_date": "2025-08-21", "contact:facebook": "https://www.facebook.com/groups/1680183522775665/", "name": "American Legion Hall Madera Post 131", "social_centre:for": "veteran", "website": "https://post131.org/"}}, "geometry": {"type": "Point", "coordinates": [-110.9945302, 31.8701473]}}, {"type": "Feature", "properties": {"osm_type": "node", "osm_id": 13201057895, "tags": {"addr:city": "Gilbert", "addr:country": "US", "addr:housenumber": "1160", "addr:postcode": "85296", "addr:state": "AZ", "addr:street": "South Gilbert Road", "air_conditioning": "yes", "check_date": "2025-10-06", "internet_access": "wlan", "internet_access:fee": "no", "leisure": "bowling_alley", "name": "Lucky Strike"}}, "geometry": {"type": "Point", "coordinates": [-111.7922942, 33.3286754]}}, {"type": "Feature", "properties": {"osm_type": "node", "osm_id": 13409020768, "tags": {"addr:city": "Los Alamos", "addr:housenumber": "1325", "addr:postcode": "87544", "addr:state": "NM", "addr:street": "Trinity Drive", "amenity": "social_centre", "brand": "American Legion", "brand:wikidata": "Q468865", "name": "American Legion Hall", "social_centre:for": "veteran"}}, "geometry": {"type": "Point", "coordinates": [-106.2979179, 35.8787316]}}, {"type": "Feature", "properties": {"osm_type": "node", "osm_id": 13661995141, "tags": {"leisure": "bowling_alley"}}, "geometry": {"type": "Point", "coordinates": [-112.2859934, 33.6056418]}}, {"type": "Feature", "properties": {"osm_type": "node", "osm_id": 13946814079, "tags": {"addr:city": "Boulder City", "addr:housenumber": "1641", "addr:postcode": "89005", "addr:state": "NV", "addr:street": "Boulder City Parkway", "amenity": "social_centre", "brand": "American Legion", "brand:wikidata": "Q468865", "name": "American Legion Hall", "social_centre:for": "veteran"}}, "geometry": {"type": "Point", "coordinates": [-114.8571789, 35.9683438]}}, {"type": "Feature", "properties": {"osm_type": "node", "osm_id": 810156295, "tags": {"addr:city": "Huntsville", "addr:housenumber": "930", "addr:postcode": "35806", "addr:state": "AL", "addr:street": "Old Monrovia Road Northwest", "addr:unit": "A", "ele": "230.8", "leisure": "bowling_alley", "name": "Stars and Strikes Family Entertainment", "opening_hours": "Mo-Th 00:00-12:00, Fr 00:00-01:00, Sa 10:00-01:00, Su 10:00-12:00", "phone": "+1-678-965-5707", "website": "https://www.starsandstrikes.com/locations/huntsville/"}}, "geometry": {"type": "Point", "coordinates": [-86.6612343, 34.7378069]}}, {"type": "Feature", "properties": {"osm_type": "node", "osm_id": 1127462329, "tags": {"addr:city": "Rogers", "addr:country": "US", "addr:full": "711 West Persimmon Street", "addr:housenumber": "711", "addr:postcode": "72756", "addr:state": "AR", "addr:street": "West Persimmon Street", "amenity": "social_centre", "brand": "Veterans of Foreign Wars of the United States", "brand:short": "VFW", "brand:wikidata": "Q3556413", "name": "VFW Post", "name:en": "VFW Post", "official_name": "Veterans of Foreign Wars of the United States", "short_name": "VFW", "social_centre:for": "veteran"}}, "geometry": {"type": "Point", "coordinates": [-94.1249573, 36.3374122]}}, {"type": "Feature", "properties": {"osm_type": "node", "osm_id": 1127493060, "tags": {"addr:city": "Rogers", "addr:country": "US", "addr:full": "3500 West Walnut Street", "addr:housenumber": "3500", "addr:postcode": "72756", "addr:state": "AR", "addr:street": "West Walnut Street", "leisure": "bowling_alley", "name": "Rogers Bowling Center"}}, "geometry": {"type": "Point", "coordinates": [-94.1675303, 36.3334758]}}, {"type": "Feature", "properties": {"osm_type": "node", "osm_id": 3136314777, "tags": {"leisure": "bowling_alley", "name": "Indian Lanes"}}, "geometry": {"type": "Point", "coordinates": [-90.3167958, 32.348115]}}, {"type": "Feature", "properties": {"osm_type": "node", "osm_id": 4569055941, "tags": {"leisure": "bowling_alley"}}, "geometry": {"type": "Point", "coordinates": [-87.0165076, 32.4455828]}}, {"type": "Feature", "properties": {"osm_type": "node", "osm_id": 6299588666, "tags": {"leisure": "bowling_alley", "name": "MWR Bowling Alley"}}, "geometry": {"type": "Point", "coordinates": [-88.6075457, 32.5466363]}}, {"type": "Feature", "properties": {"osm_type": "node", "osm_id": 6334411348, "tags": {"club": "social", "name": "Lion's Club - Moulton chapter"}}, "geometry": {"type": "Point", "coordinates": [-87.2963283, 34.478159]}}, {"type": "Feature", "properties": {"osm_type": "node", "osm_id": 6997590344, "tags": {"addr:city": "Donelson", "addr:housenumber": "2710", "addr:postcode": "37214", "addr:state": "TN", "addr:street": "Old Lebanon Road", "air_conditioning": "yes", "leisure": "bowling_alley", "name": "Donelson Plaza Strike & Spare", "opening_hours": "Mo-Th 10:00-23:00; Fr-Sa 10:00-01:00; Su 12:00-23:00", "phone": "+1-615-889-4710", "smoking": "outside", "website": "https://strikeandspare.com/donelson/"}}, "geometry": {"type": "Point", "coordinates": [-86.667587, 36.1706406]}}, {"type": "Feature", "properties": {"osm_type": "node", "osm_id": 7236586935, "tags": {"leisure": "bowling_alley", "name": "Southlane Bowling"}}, "geometry": {"type": "Point", "coordinates": [-89.0882843, 36.4016998]}}, {"type": "Feature", "properties": {"osm_type": "node", "osm_id": 7384023317, "tags": {"amenity": "social_centre", "brand": "American Legion", "brand:wikidata": "Q468865", "name": "American Legion Hall", "social_centre:for": "veteran"}}, "geometry": {"type": "Point", "coordinates": [-86.6654793, 36.1568464]}}, {"type": "Feature", "properties": {"osm_type": "node", "osm_id": 7993989448, "tags": {"amenity": "social_centre", "name": "Honoraville Multi-Purpose Senior Center"}}, "geometry": {"type": "Point", "coordinates": [-86.4063491, 31.8519605]}}, {"type": "Feature", "properties": {"osm_type": "node", "osm_id": 8564873553, "tags": {"addr:city": "Murfreesboro", "addr:housenumber": "1720", "addr:postcode": "37129", "addr:state": "TN", "addr:street": "Old Fort Parkway", "addr:unit": "2002", "air_conditioning": "yes", "leisure": "bowling_alley", "name": "Murfreesboro Strike & Spare", "phone": "+1-615-896-0945", "website": "https://strikeandspare.com/murfreesboro/"}}, "geometry": {"type": "Point", "coordinates": [-86.4169097, 35.8488765]}}, {"type": "Feature", "properties": {"osm_type": "node", "osm_id": 8822834807, "tags": {"addr:housenumber": "1714", "addr:street": "East Main Street", "leisure": "bowling_alley", "name": "Bama Lanes", "sport": "10pin"}}, "geometry": {"type": "Point", "coordinates": [-86.4246804, 32.4589598]}}, {"type": "Feature", "properties": {"osm_type": "node", "osm_id": 8909895931, "tags": {"leisure": "bowling_alley", "name": "Bowling World"}}, "geometry": {"type": "Point", "coordinates": [-86.8251709, 35.919327]}}, {"type": "Feature", "properties": {"osm_type": "node", "osm_id": 8909895932, "tags": {"leisure": "bowling_alley", "name": "Franklin Family Entertainment Center"}}, "geometry": {"type": "Point", "coordinates": [-86.8254931, 35.9190084]}}, {"type": "Feature", "properties": {"osm_type": "node", "osm_id": 9255275061, "tags": {"addr:city": "Hermitage", "addr:housenumber": "3436", "addr:postcode": "37076", "addr:state": "TN", "addr:street": "Lebanon Pike", "air_conditioning": "yes", "leisure": "bowling_alley", "name": "Hermitage Strike & Spare", "phone": "+1-615-883-8900", "website": "https://strikeandspare.com/hermitage/"}}, "geometry": {"type": "Point", "coordinates": [-86.6290179, 36.1912504]}}, {"type": "Feature", "properties": {"osm_type": "node", "osm_id": 9255366064, "tags": {"addr:city": "Hendersonville", "addr:housenumber": "90", "addr:postcode": "37075", "addr:state": "TN", "addr:street": "Volunteer Drive", "air_conditioning": "yes", "leisure": "bowling_alley", "name": "Hendersonville Strike & Spare", "phone": "+1-615-824-5685", "smoking": "outside", "website": "https://strikeandspare.com/hendersonville/"}}, "geometry": {"type": "Point", "coordinates": [-86.6220186, 36.308765]}}, {"type": "Feature", "properties": {"osm_type": "node", "osm_id": 9255448005, "tags": {"addr:city": "Dickson", "addr:housenumber": "533", "addr:postcode": "37055", "addr:state": "TN", "addr:street": "SR 46", "air_conditioning": "yes", "email": "geri@thunderalleylanes.com", "leisure": "bowling_alley", "name": "Thunder Alley", "opening_hours": "Mo-Th 10:00-23:00; Fr-Sa 10:00-00:00; Su 12:00-23:00", "phone": "+1-615-446-2557", "website": "https://thunderalleylanes.com/", "wheelchair": "yes"}}, "geometry": {"type": "Point", "coordinates": [-87.3735746, 36.0609467]}}, {"type": "Feature", "properties": {"osm_type": "node", "osm_id": 9289289149, "tags": {"amenity": "social_centre", "brand": "Veterans of Foreign Wars of the United States", "brand:wikidata": "Q3556413", "name": "VFW Post", "name:en": "VFW Post", "official_name": "Veterans of Foreign Wars of the United States", "ref": "1970", "short_name": "VFW", "social_centre:for": "veterans"}}, "geometry": {"type": "Point", "coordinates": [-86.9127168, 36.1235757]}}, {"type": "Feature", "properties": {"osm_type": "node", "osm_id": 9865956272, "tags": {"leisure": "bowling_alley", "name": "The District"}}, "geometry": {"type": "Point", "coordinates": [-94.8105525, 33.8970046]}}, {"type": "Feature", "properties": {"osm_type": "node", "osm_id": 9960790247, "tags": {"amenity": "social_centre", "brand": "Veterans of Foreign Wars of the United States", "brand:short": "VFW", "brand:wikidata": "Q3556413", "check_date": "2026-01-22", "name": "VFW Post", "name:en": "VFW Post", "official_name": "Veterans of Foreign Wars of the United States", "short_name": "VFW", "social_centre:for": "veteran"}}, "geometry": {"type": "Point", "coordinates": [-95.498143, 32.6646273]}}, {"type": "Feature", "properties": {"osm_type": "node", "osm_id": 10744021880, "tags": {"leisure": "bowling_alley", "name": "Bowling Center"}}, "geometry": {"type": "Point", "coordinates": [-92.1431749, 34.8951902]}}, {"type": "Feature", "properties": {"osm_type": "node", "osm_id": 10981786747, "tags": {"leisure": "bowling_alley", "name": "Family Lanes & Amusements"}}, "geometry": {"type": "Point", "coordinates": [-86.9413326, 34.4503192]}}, {"type": "Feature", "properties": {"osm_type": "node", "osm_id": 11000996947, "tags": {"amenity": "social_centre", "brand": "Benevolent and Protective Order of Elks", "brand:wikidata": "Q2895789", "name": "Elks Lodge", "official_name": "Benevolent and Protective Order of Elks", "short_name": "BPOE"}}, "geometry": {"type": "Point", "coordinates": [-90.8927792, 32.2941513]}}, {"type": "Feature", "properties": {"osm_type": "node", "osm_id": 11001020039, "tags": {"leisure": "bowling_alley", "name": "Fun Lanes"}}, "geometry": {"type": "Point", "coordinates": [-90.8834218, 32.3086877]}}, {"type": "Feature", "properties": {"osm_type": "node", "osm_id": 11048624675, "tags": {"amenity": "social_centre", "brand": "American Legion", "brand:wikidata": "Q468865", "name": "American Legion Hall", "social_centre:for": "veteran"}}, "geometry": {"type": "Point", "coordinates": [-92.3787225, 36.3469659]}}, {"type": "Feature", "properties": {"osm_type": "node", "osm_id": 11062318596, "tags": {"amenity": "social_centre", "brand": "American Legion", "brand:wikidata": "Q468865", "check_date": "2023-07-22", "name": "American Legion Hall", "social_centre:for": "veterans"}}, "geometry": {"type": "Point", "coordinates": [-95.4356478, 32.6525048]}}, {"type": "Feature", "properties": {"osm_type": "node", "osm_id": 11414805166, "tags": {"amenity": "social_centre", "brand": "Veterans of Foreign Wars of the United States", "brand:wikidata": "Q3556413", "name": "VFW Post", "name:en": "VFW Post", "official_name": "Veterans of Foreign Wars of the United States", "short_name": "VFW", "social_centre:for": "veteran"}}, "geometry": {"type": "Point", "coordinates": [-89.7701668, 33.7966726]}}, {"type": "Feature", "properties": {"osm_type": "node", "osm_id": 11418330690, "tags": {"amenity": "social_centre", "brand": "Veterans of Foreign Wars of the United States", "brand:wikidata": "Q3556413", "name": "VFW Post", "name:en": "VFW Post", "official_name": "Veterans of Foreign Wars of the United States", "short_name": "VFW", "social_centre:for": "veteran"}}, "geometry": {"type": "Point", "coordinates": [-89.6138988, 36.5881473]}}, {"type": "Feature", "properties": {"osm_type": "node", "osm_id": 11420357252, "tags": {"amenity": "social_centre", "brand": "American Legion", "brand:wikidata": "Q468865", "name": "American Legion Hall", "social_centre:for": "veteran"}}, "geometry": {"type": "Point", "coordinates": [-89.6669337, 36.1939145]}}, {"type": "Feature", "properties": {"osm_type": "node", "osm_id": 11442444326, "tags": {"amenity": "social_centre", "name": "Sigma Chi"}}, "geometry": {"type": "Point", "coordinates": [-95.9417293, 36.1510999]}}, {"type": "Feature", "properties": {"osm_type": "node", "osm_id": 11471966718, "tags": {"addr:housenumber": "1245", "addr:street": "Gary Street", "amenity": "social_centre", "brand": "Veterans of Foreign Wars of the United States", "brand:wikidata": "Q3556413", "name": "VFW Post", "name:en": "VFW Post", "official_name": "Veterans of Foreign Wars of the United States", "short_name": "VFW", "social_centre:for": "veteran"}}, "geometry": {"type": "Point", "coordinates": [-93.7564304, 32.4988632]}}, {"type": "Feature", "properties": {"osm_type": "node", "osm_id": 11805373344, "tags": {"amenity": "social_centre", "brand": "Veterans of Foreign Wars of the United States", "brand:short": "VFW", "brand:wikidata": "Q3556413", "check_date": "2024-04-09", "name": "VFW Post", "name:en": "VFW Post", "official_name": "Veterans of Foreign Wars of the United States", "short_name": "VFW", "social_centre:for": "veteran"}}, "geometry": {"type": "Point", "coordinates": [-95.5807534, 33.1275423]}}, {"type": "Feature", "properties": {"osm_type": "node", "osm_id": 12034021197, "tags": {"amenity": "social_centre", "name": "Alpha Gamma Rho Fraternity"}}, "geometry": {"type": "Point", "coordinates": [-88.332947, 36.6212074]}}, {"type": "Feature", "properties": {"osm_type": "node", "osm_id": 12034051818, "tags": {"addr:city": "Murray", "addr:housenumber": "1415", "addr:postcode": "42071", "addr:state": "KY", "addr:street": "Main Street", "leisure": "bowling_alley", "name": "Corvette Lanes Bowling Alley & Cafe", "restaurant": "yes", "sport": "10pin"}}, "geometry": {"type": "Point", "coordinates": [-88.3213905, 36.6095656]}}, {"type": "Feature", "properties": {"osm_type": "node", "osm_id": 12037874950, "tags": {"amenity": "social_centre", "brand": "Veterans of Foreign Wars of the United States", "brand:wikidata": "Q3556413", "name": "VFW Post", "name:en": "VFW Post", "official_name": "Veterans of Foreign Wars of the United States", "short_name": "VFW", "social_centre:for": "veteran"}}, "geometry": {"type": "Point", "coordinates": [-88.3170276, 36.5976109]}}, {"type": "Feature", "properties": {"osm_type": "node", "osm_id": 12124966715, "tags": {"leisure": "bowling_alley", "name": "Billiards & Bowling"}}, "geometry": {"type": "Point", "coordinates": [-94.3699289, 35.3630234]}}, {"type": "Feature", "properties": {"osm_type": "node", "osm_id": 12608938773, "tags": {"addr:city": "Aurora", "addr:housenumber": "815", "addr:state": "MO", "addr:street": "West South Street", "contact:facebook": "https://www.facebook.com/aurorastrikezone/", "leisure": "bowling_alley", "name": "Strike Zone"}}, "geometry": {"type": "Point", "coordinates": [-93.7345747, 36.9700057]}}, {"type": "Feature", "properties": {"osm_type": "node", "osm_id": 12617667355, "tags": {"addr:city": "Kennett", "addr:housenumber": "1315", "addr:state": "MO", "addr:street": "Saint Francis Street", "contact:facebook": "https://www.facebook.com/kennettbowling.lanes/", "leisure": "bowling_alley", "name": "Kennett Bowling Lanes"}}, "geometry": {"type": "Point", "coordinates": [-90.0708742, 36.2361794]}}, {"type": "Feature", "properties": {"osm_type": "node", "osm_id": 12636119492, "tags": {"addr:city": "Belmont", "addr:housenumber": "17", "addr:postcode": "38827", "addr:state": "MS", "addr:street": "Valley Road", "amenity": "social_centre", "brand": "American Legion", "brand:wikidata": "Q468865", "name": "American Legion Hall", "social_centre:for": "veteran"}}, "geometry": {"type": "Point", "coordinates": [-88.205923, 34.5147365]}}, {"type": "Feature", "properties": {"osm_type": "node", "osm_id": 13022518211, "tags": {"leisure": "bowling_alley", "name": "Fontier Lanes"}}, "geometry": {"type": "Point", "coordinates": [-91.5694291, 36.25631]}}, {"type": "Feature", "properties": {"osm_type": "node", "osm_id": 13195267233, "tags": {"leisure": "bowling_alley"}}, "geometry": {"type": "Point", "coordinates": [-92.0274147, 35.5121837]}}, {"type": "Feature", "properties": {"osm_type": "node", "osm_id": 13343020830, "tags": {"addr:housenumber": "308", "addr:street": "Williams Ave", "club": "social", "name": "Elks Lodge  #2473", "phone": "+1-615-865-9228", "website": "https://www.elks.org/lodges/ContactUs.cfm?LodgeNumber=2473"}}, "geometry": {"type": "Point", "coordinates": [-86.7140732, 36.2675896]}}, {"type": "Feature", "properties": {"osm_type": "node", "osm_id": 13343026979, "tags": {"addr:housenumber": "485", "addr:street": "Oak Meadow Dr", "club": "social", "name": "Elks Lodge #72", "phone": "+1-615-591-5664", "website": "https://www.elks72.org/"}}, "geometry": {"type": "Point", "coordinates": [-86.8260651, 35.9064026]}}, {"type": "Feature", "properties": {"osm_type": "node", "osm_id": 13546716400, "tags": {"amenity": "social_centre", "name": "Eculid Lodge #130"}}, "geometry": {"type": "Point", "coordinates": [-91.5527536, 34.5010325]}}, {"type": "Feature", "properties": {"osm_type": "node", "osm_id": 13804639113, "tags": {"amenity": "social_centre", "brand": "Veterans of Foreign Wars of the United States", "brand:short": "VFW", "brand:wikidata": "Q3556413", "name": "VFW Post 4543", "name:en": "VFW Post", "official_name": "Veterans of Foreign Wars of the United States", "social_centre:for": "veteran"}}, "geometry": {"type": "Point", "coordinates": [-87.6080528, 34.1503442]}}, {"type": "Feature", "properties": {"osm_type": "node", "osm_id": 13809536153, "tags": {"amenity": "social_centre", "brand": "Veterans of Foreign Wars of the United States", "brand:short": "VFW", "brand:wikidata": "Q3556413", "name": "VFW Post 5066", "name:en": "VFW Post", "official_name": "Veterans of Foreign Wars of the United States", "social_centre:for": "veteran"}}, "geometry": {"type": "Point", "coordinates": [-89.666098, 35.0355909]}}, {"type": "Feature", "properties": {"osm_type": "node", "osm_id": 13814762549, "tags": {"addr:city": "Decatur", "addr:country": "US", "addr:housenumber": "3117", "addr:postcode": "35601", "addr:state": "AL", "addr:street": "US 31 South", "brand": "AMF Bowling Center", "brand:wikidata": "Q4652616", "leisure": "bowling_alley", "name": "AMF River City Lanes", "phone": "+1 256-353-3162", "ref": "411fae73-e11d-e611-80c5-005056aa8521", "website": "https://www.amf.com/location/amf-river-city-lanes"}}, "geometry": {"type": "Point", "coordinates": [-86.9750132, 34.5492971]}}, {"type": "Feature", "properties": {"osm_type": "node", "osm_id": 13814840709, "tags": {"addr:city": "Huntsville", "addr:country": "US", "addr:housenumber": "2006", "addr:postcode": "35816", "addr:state": "AL", "addr:street": "Country Club Avenue", "addr:street_address": "2006 Country Club Ave.", "brand": "AMF Bowling Center", "brand:wikidata": "Q4652616", "leisure": "bowling_alley", "name": "AMF Pin Palace Lanes", "phone": "+1 256-534-8438", "ref": "3b1fae73-e11d-e611-80c5-005056aa8521", "website": "https://www.amf.com/location/amf-pin-palace-lanes"}}, "geometry": {"type": "Point", "coordinates": [-86.6035442, 34.7455691]}}, {"type": "Feature", "properties": {"osm_type": "node", "osm_id": 13814912411, "tags": {"addr:city": "Birmingham", "addr:country": "US", "addr:housenumber": "2908", "addr:postcode": "35242", "addr:state": "AL", "addr:street": "Riverview Road", "brand": "Bowlero", "brand:wikidata": "Q17102967", "leisure": "bowling_alley", "name": "Bowlero Riverview", "phone": "+1 205-991-3900", "ref": "491fae73-e11d-e611-80c5-005056aa8521", "website": "https://www.bowlero.com/location/bowlero-riverview"}}, "geometry": {"type": "Point", "coordinates": [-86.7133543, 33.4275471]}}, {"type": "Feature", "properties": {"osm_type": "node", "osm_id": 13907854112, "tags": {"addr:city": "Fayetteville", "addr:housenumber": "653", "addr:postcode": "72701", "addr:state": "AR", "addr:street": "West Dickson Street", "amenity": "social_centre", "description": "online t-shirt shop has an in person hangout space with couches and free coffee.", "name": "Nature Backs", "phone": "+1-479-396-6544", "website": "https://www.naturebacks.com/"}}, "geometry": {"type": "Point", "coordinates": [-94.1680671, 36.0663938]}}, {"type": "Feature", "properties": {"osm_type": "node", "osm_id": 13913420953, "tags": {"amenity": "social_centre", "brand": "American Legion", "brand:wikidata": "Q468865", "name": "American Legion Hall", "social_centre:for": "veteran"}}, "geometry": {"type": "Point", "coordinates": [-88.7633626, 35.9292945]}}, {"type": "Feature", "properties": {"osm_type": "node", "osm_id": 14003219528, "tags": {"addr:city": "Cullman", "addr:housenumber": "1710", "addr:postcode": "35055", "addr:state": "AL", "addr:street": "Tallyho St SW", "leisure": "bowling_alley", "name": "Cullman Bowling Center", "sport": "10pin"}}, "geometry": {"type": "Point", "coordinates": [-86.8673245, 34.1672692]}}, {"type": "Feature", "properties": {"osm_type": "node", "osm_id": 14006378111, "tags": {"leisure": "bowling_alley", "name": "Fishbowl at the Pyramid", "sport": "10pin"}}, "geometry": {"type": "Point", "coordinates": [-90.0522536, 35.1565616]}}, {"type": "Feature", "properties": {"osm_type": "node", "osm_id": 3999381137, "tags": {"addr:city": "Norfolk", "addr:postcode": "23511", "addr:state": "VA", "addr:street": "B Avenue", "building:name": "CEP-127", "leisure": "bowling_alley", "name": "Pierside Lanes Bowling Center"}}, "geometry": {"type": "Point", "coordinates": [-76.3215008, 36.9367196]}}, {"type": "Feature", "properties": {"osm_type": "node", "osm_id": 12349879109, "tags": {"addr:city": "Virginia Beach", "addr:housenumber": "1577", "addr:postcode": "23451", "addr:street": "Laskin Road", "addr:unit": "100", "leisure": "bowling_alley", "name": "Pinboys", "start_date": "1959", "website": "https://www.pinboys.com/"}}, "geometry": {"type": "Point", "coordinates": [-76.0160655, 36.8506841]}}, {"type": "Feature", "properties": {"osm_type": "node", "osm_id": 175926206, "tags": {"addr:city": "Thornton", "addr:housenumber": "8800", "addr:postcode": "80229", "addr:state": "CO", "addr:street": "Grant Street", "leisure": "bowling_alley", "name": "AMF - Sonesta Lanes", "operator": "AMF", "website": "https://www.amf.com/"}}, "geometry": {"type": "Point", "coordinates": [-104.9826301, 39.85695]}}, {"type": "Feature", "properties": {"osm_type": "node", "osm_id": 366765809, "tags": {"addr:state": "KS", "amenity": "social_centre", "ele": "390", "gnis:feature_id": "2510072", "name": "Derby Senior Center", "source": "USGS Geonames"}}, "geometry": {"type": "Point", "coordinates": [-97.2485084, 37.5486001]}}, {"type": "Feature", "properties": {"osm_type": "node", "osm_id": 1142115637, "tags": {"addr:city": "Cheney", "addr:housenumber": "1639", "addr:postcode": "67025", "addr:state": "KS", "addr:street": "South 383rd Street West", "leisure": "bowling_alley", "name": "Cheney Bowling Alley", "source": "esri/USA_NAD_Addresses", "sport": "bowls"}}, "geometry": {"type": "Point", "coordinates": [-97.7803856, 37.6606956]}}, {"type": "Feature", "properties": {"osm_type": "node", "osm_id": 1781944230, "tags": {"amenity": "social_centre", "name": "Masonic Temple"}}, "geometry": {"type": "Point", "coordinates": [-100.8534729, 39.1277465]}}, {"type": "Feature", "properties": {"osm_type": "node", "osm_id": 3067375517, "tags": {"leisure": "bowling_alley", "name": "Wabash Cannon Bowl", "opening_hours": "Mo-Su 12:00-21:00", "sport": "10pin"}}, "geometry": {"type": "Point", "coordinates": [-96.5827428, 39.1879718]}}, {"type": "Feature", "properties": {"osm_type": "node", "osm_id": 3590189470, "tags": {"addr:housenumber": "901", "addr:street": "Topaz Drive", "amenity": "social_centre", "brand": "American Legion", "brand:wikidata": "Q468865", "contact:phone": "+1 712-943-5422", "name": "American Legion Hall", "social_centre:for": "veteran"}}, "geometry": {"type": "Point", "coordinates": [-96.3515492, 42.3975451]}}, {"type": "Feature", "properties": {"osm_type": "node", "osm_id": 3899396990, "tags": {"addr:city": "Denver", "addr:housenumber": "2475", "addr:postcode": "80211", "addr:state": "CO", "addr:street": "West 26th Avenue", "amenity": "social_centre", "brand": "Benevolent and Protective Order of Elks", "brand:wikidata": "Q2895789", "name": "Elks Lodge", "official_name": "Benevolent and Protective Order of Elks", "short_name": "BPOE"}}, "geometry": {"type": "Point", "coordinates": [-105.017551, 39.755214]}}, {"type": "Feature", "properties": {"osm_type": "node", "osm_id": 4231042614, "tags": {"addr:city": "Belleville", "addr:housenumber": "1306", "addr:postcode": "66935", "addr:state": "KS", "addr:street": "19th Street", "leisure": "bowling_alley", "name": "Tuxie's Ten Pin", "old_name": "Belleville Bowl", "sport": "10pin", "website": "https://www.tuxiestenpin.com/"}}, "geometry": {"type": "Point", "coordinates": [-97.6307936, 39.8224083]}}, {"type": "Feature", "properties": {"osm_type": "node", "osm_id": 4324590913, "tags": {"addr:city": "Denver", "addr:housenumber": "4200", "addr:postcode": "80211", "addr:state": "CO", "addr:street": "West 42nd Avenue", "amenity": "social_centre", "brand": "American Legion", "brand:wikidata": "Q468865", "name": "American Legion Hall", "social_centre:for": "veterans"}}, "geometry": {"type": "Point", "coordinates": [-105.006251, 39.7744457]}}, {"type": "Feature", "properties": {"osm_type": "node", "osm_id": 4364316137, "tags": {"amenity": "social_centre", "brand": "American Legion", "brand:wikidata": "Q468865", "name": "American Legion Post 174", "social_centre:for": "veteran"}}, "geometry": {"type": "Point", "coordinates": [-98.2178591, 38.7406575]}}, {"type": "Feature", "properties": {"osm_type": "node", "osm_id": 4440965931, "tags": {"addr:city": "Grand Island", "addr:housenumber": "1914", "addr:postcode": "68803", "addr:street": "West Capital Avenue", "amenity": "social_centre", "name": "United Veterans Club", "website": "https://givetsclub.com/"}}, "geometry": {"type": "Point", "coordinates": [-98.3615649, 40.9466429]}}, {"type": "Feature", "properties": {"osm_type": "node", "osm_id": 4738912022, "tags": {"leisure": "bowling_alley", "name": "Academy Lanes"}}, "geometry": {"type": "Point", "coordinates": [-104.8662233, 38.9784467]}}, {"type": "Feature", "properties": {"osm_type": "node", "osm_id": 5524034728, "tags": {"addr:city": "Denver", "addr:housenumber": "1555", "addr:postcode": "80203", "addr:state": "CO", "addr:street": "Grant Street", "club": "social", "name": "Knights of Columbus Denver Council", "operator": "Knights of Columbus", "ref": "539"}}, "geometry": {"type": "Point", "coordinates": [-104.9841175, 39.7411055]}}, {"type": "Feature", "properties": {"osm_type": "node", "osm_id": 5954688815, "tags": {"addr:city": "Denver", "addr:housenumber": "254", "addr:postcode": "80219", "addr:state": "CO", "addr:street": "Knox Court", "amenity": "social_centre", "club": "social", "description": "Meeting place for agnostic, atheist, and humanist groups.", "name": "Secular Hub", "website": "https://www.secularhub.org"}}, "geometry": {"type": "Point", "coordinates": [-105.032209, 39.7207547]}}, {"type": "Feature", "properties": {"osm_type": "node", "osm_id": 6265301950, "tags": {"amenity": "social_centre", "name": "Phi Delta Theta"}}, "geometry": {"type": "Point", "coordinates": [-97.2894421, 37.7233246]}}, {"type": "Feature", "properties": {"osm_type": "node", "osm_id": 6336788941, "tags": {"amenity": "social_centre", "brand": "American Legion", "brand:wikidata": "Q468865", "name": "American Legion Hall Post 60", "social_centre:for": "veteran"}}, "geometry": {"type": "Point", "coordinates": [-96.7263021, 42.2790711]}}, {"type": "Feature", "properties": {"osm_type": "node", "osm_id": 6785834819, "tags": {"leisure": "bowling_alley", "name": "Cornhusker Lanes"}}, "geometry": {"type": "Point", "coordinates": [-101.708017, 41.125765]}}, {"type": "Feature", "properties": {"osm_type": "node", "osm_id": 6879947147, "tags": {"addr:city": "Lincoln", "addr:housenumber": "6100", "addr:postcode": "68505", "addr:state": "NE", "addr:street": "O Street", "air_conditioning": "yes", "brand": "Round1", "brand:wikidata": "Q11346634", "check_date": "2025-11-07", "leisure": "bowling_alley", "name": "Round1", "opening_hours": "Mo-Su 10:00-02:00", "phone": "+1-402-480-6336", "sport": "10pin", "website": "https://www.round1usa.com/"}}, "geometry": {"type": "Point", "coordinates": [-96.6347504, 40.8160726]}}, {"type": "Feature", "properties": {"osm_type": "node", "osm_id": 7535402641, "tags": {"addr:city": "Aurora", "addr:housenumber": "6800", "addr:postcode": "80016", "addr:state": "CO", "addr:street": "South Liverpool Street", "addr:unit": "A", "club": "social", "name": "Saddle Rock South Club House", "operator": "Local neighborhood clubhouse for residents"}}, "geometry": {"type": "Point", "coordinates": [-104.743236, 39.5939568]}}, {"type": "Feature", "properties": {"osm_type": "node", "osm_id": 7543028023, "tags": {"addr:city": "Omaha", "addr:housenumber": "1941", "addr:postcode": "68105", "addr:state": "NE", "addr:street": "South 42nd Street", "addr:unit": "122", "amenity": "social_centre", "fax": "+1-402-342-4857", "name": "Ollie Webb Center, Inc.", "phone": "+1-402-346-5220", "website": "https://www.olliewebbinc.org/"}}, "geometry": {"type": "Point", "coordinates": [-95.9750304, 41.2406474]}}, {"type": "Feature", "properties": {"osm_type": "node", "osm_id": 8089818833, "tags": {"amenity": "social_centre", "brand": "American Legion", "brand:wikidata": "Q468865", "name": "American Legion - Associated Veterans", "social_centre:for": "veterans"}}, "geometry": {"type": "Point", "coordinates": [-105.074867, 40.3946245]}}, {"type": "Feature", "properties": {"osm_type": "node", "osm_id": 8089966771, "tags": {"addr:housenumber": "103", "addr:street": "East 4th Street", "amenity": "social_centre", "brand": "Benevolent and Protective Order of Elks", "brand:wikidata": "Q2895789", "name": "Elks Lodge", "official_name": "Benevolent and Protective Order of Elks", "short_name": "BPOE"}}, "geometry": {"type": "Point", "coordinates": [-105.0756563, 40.3956422]}}, {"type": "Feature", "properties": {"osm_type": "node", "osm_id": 9017821644, "tags": {"addr:city": "Wichita", "addr:housenumber": "749", "addr:postcode": "67212", "addr:state": "KS", "addr:street": "North Ridge Road", "alt_name": "Bowlero Northridge", "branch": "Northridge", "brand": "Bowlero", "brand:wikidata": "Q17102967", "leisure": "bowling_alley", "name": "Bowlero", "website": "https://www.bowlero.com/location/bowlero-northridge"}}, "geometry": {"type": "Point", "coordinates": [-97.4274477, 37.6959006]}}, {"type": "Feature", "properties": {"osm_type": "node", "osm_id": 9183544708, "tags": {"amenity": "social_centre", "brand": "Veterans of Foreign Wars of the United States", "brand:wikidata": "Q3556413", "name": "VFW Post", "name:en": "VFW Post", "official_name": "Veterans of Foreign Wars of the United States", "short_name": "VFW", "social_centre:for": "veteran"}}, "geometry": {"type": "Point", "coordinates": [-104.8243423, 38.8242479]}}, {"type": "Feature", "properties": {"osm_type": "node", "osm_id": 9242107870, "tags": {"amenity": "social_centre", "name": "Alpha Phi Sorority House"}}, "geometry": {"type": "Point", "coordinates": [-105.2742196, 40.0057729]}}, {"type": "Feature", "properties": {"osm_type": "node", "osm_id": 9242107874, "tags": {"amenity": "social_centre", "name": "The Block Apartment Complex"}}, "geometry": {"type": "Point", "coordinates": [-105.2753004, 40.0056522]}}, {"type": "Feature", "properties": {"osm_type": "node", "osm_id": 9242107876, "tags": {"addr:housenumber": "1350", "addr:street": "College Avenue", "amenity": "social_centre", "check_date": "2024-08-14", "name": "Lofts On College"}}, "geometry": {"type": "Point", "coordinates": [-105.2753088, 40.0071744]}}, {"type": "Feature", "properties": {"osm_type": "node", "osm_id": 9289326604, "tags": {"amenity": "social_centre", "brand": "Veterans of Foreign Wars of the United States", "brand:short": "VFW", "brand:wikidata": "Q3556413", "name": "VFW Post", "name:en": "VFW Post", "official_name": "Veterans of Foreign Wars of the United States", "ref": "8334", "short_name": "VFW", "social_centre:for": "veteran"}}, "geometry": {"type": "Point", "coordinates": [-96.1219172, 41.2059197]}}, {"type": "Feature", "properties": {"osm_type": "node", "osm_id": 9289342699, "tags": {"amenity": "social_centre", "brand": "Veterans of Foreign Wars of the United States", "brand:wikidata": "Q3556413", "name": "Wichita Memorial VFW Post", "name:en": "Wichita Memorial VFW Post", "official_name": "Veterans of Foreign Wars of the United States", "ref": "3115", "short_name": "VFW", "social_centre:for": "veterans"}}, "geometry": {"type": "Point", "coordinates": [-97.3988614, 37.6835768]}}, {"type": "Feature", "properties": {"osm_type": "node", "osm_id": 9289348920, "tags": {"amenity": "social_centre", "brand": "Veterans of Foreign Wars of the United States", "brand:short": "VFW", "brand:wikidata": "Q3556413", "name": "VFW Post", "name:en": "VFW Post", "official_name": "Veterans of Foreign Wars of the United States", "ref": "2461", "short_name": "VFW", "social_centre:for": "veteran"}}, "geometry": {"type": "Point", "coordinates": [-104.9871783, 39.692]}}, {"type": "Feature", "properties": {"osm_type": "node", "osm_id": 9646414109, "tags": {"addr:city": "Wheat Ridge", "addr:housenumber": "6595", "addr:postcode": "80033", "addr:state": "CO", "addr:street": "West 38th Avenue", "leisure": "bowling_alley", "name": "Wheat Ridge Lanes"}}, "geometry": {"type": "Point", "coordinates": [-105.0694419, 39.7697768]}}, {"type": "Feature", "properties": {"osm_type": "node", "osm_id": 9923343739, "tags": {"amenity": "social_centre", "brand": "American Legion", "brand:wikidata": "Q468865", "name": "American Legion Hall", "social_centre:for": "veterans"}}, "geometry": {"type": "Point", "coordinates": [-97.0831667, 40.1856921]}}, {"type": "Feature", "properties": {"osm_type": "node", "osm_id": 9923358623, "tags": {"amenity": "social_centre", "brand": "American Legion", "brand:wikidata": "Q468865", "name": "American Legion Hall", "social_centre:for": "veterans"}}, "geometry": {"type": "Point", "coordinates": [-96.2539178, 41.1351742]}}, {"type": "Feature", "properties": {"osm_type": "node", "osm_id": 9923358923, "tags": {"amenity": "social_centre", "brand": "American Legion", "brand:wikidata": "Q468865", "name": "American Legion Hall", "social_centre:for": "veterans"}}, "geometry": {"type": "Point", "coordinates": [-96.1298344, 41.5433973]}}, {"type": "Feature", "properties": {"osm_type": "node", "osm_id": 9923392205, "tags": {"amenity": "social_centre", "brand": "American Legion", "brand:wikidata": "Q468865", "name": "American Legion Hall", "social_centre:for": "veterans"}}, "geometry": {"type": "Point", "coordinates": [-96.0115329, 41.6207325]}}, {"type": "Feature", "properties": {"osm_type": "node", "osm_id": 9923658999, "tags": {"addr:housenumber": "340", "addr:street": "Lashley Street", "addr:unit": "150", "amenity": "social_centre", "brand": "Veterans of Foreign Wars of the United States", "brand:short": "VFW", "brand:wikidata": "Q3556413", "name": "VFW Post 2601", "name:en": "VFW Post 2601", "official_name": "Veterans of Foreign Wars of the United States", "phone": "+1-720-841-2815", "short_name": "VFW", "social_centre:for": "veteran"}}, "geometry": {"type": "Point", "coordinates": [-105.0872439, 40.1644623]}}, {"type": "Feature", "properties": {"osm_type": "node", "osm_id": 9928212955, "tags": {"addr:city": "Colorado Springs", "addr:state": "CO", "leisure": "bowling_alley", "name": "PL\u1d2cY At The Broadmoor"}}, "geometry": {"type": "Point", "coordinates": [-104.8528628, 38.7902446]}}, {"type": "Feature", "properties": {"osm_type": "node", "osm_id": 9936574606, "tags": {"amenity": "social_centre", "brand": "Veterans of Foreign Wars of the United States", "brand:short": "VFW", "brand:wikidata": "Q3556413", "name": "VFW Post", "name:en": "VFW Post", "official_name": "Veterans of Foreign Wars of the United States", "short_name": "VFW", "social_centre:for": "veteran"}}, "geometry": {"type": "Point", "coordinates": [-99.291907, 43.1808936]}}, {"type": "Feature", "properties": {"osm_type": "node", "osm_id": 9962841944, "tags": {"amenity": "social_centre", "brand": "Veterans of Foreign Wars of the United States", "brand:wikidata": "Q3556413", "name": "VFW Post", "name:en": "VFW Post", "official_name": "Veterans of Foreign Wars of the United States", "short_name": "VFW", "social_centre:for": "veterans"}}, "geometry": {"type": "Point", "coordinates": [-97.8416183, 39.3670695]}}, {"type": "Feature", "properties": {"osm_type": "node", "osm_id": 10073425400, "tags": {"leisure": "bowling_alley", "operator": "Boondocks Fun Center"}}, "geometry": {"type": "Point", "coordinates": [-104.9884082, 39.9036735]}}, {"type": "Feature", "properties": {"osm_type": "node", "osm_id": 10203891120, "tags": {"addr:city": "Wichita", "addr:housenumber": "2418", "addr:postcode": "67214", "addr:state": "KS", "addr:street": "East 9th Street North", "club": "social", "description": "Wichita Oasis is a secular community that meets weekly on Sunday mornings to enjoy fascinating talks, live music, and conversation.", "name": "Wichita Oasis", "website": "https://www.wichitaoasis.org/"}}, "geometry": {"type": "Point", "coordinates": [-97.3075127, 37.7013985]}}, {"type": "Feature", "properties": {"osm_type": "node", "osm_id": 10947816503, "tags": {"leisure": "bowling_alley"}}, "geometry": {"type": "Point", "coordinates": [-97.3963466, 42.9082652]}}, {"type": "Feature", "properties": {"osm_type": "node", "osm_id": 10949398072, "tags": {"amenity": "social_centre", "brand": "Veterans of Foreign Wars of the United States", "brand:wikidata": "Q3556413", "name": "VFW Post", "name:en": "VFW Post", "official_name": "Veterans of Foreign Wars of the United States", "short_name": "VFW", "social_centre:for": "veterans"}}, "geometry": {"type": "Point", "coordinates": [-104.1973935, 42.0693771]}}, {"type": "Feature", "properties": {"osm_type": "node", "osm_id": 11084659171, "tags": {"leisure": "bowling_alley", "name": "Superior Bowl"}}, "geometry": {"type": "Point", "coordinates": [-98.0708308, 40.0179456]}}, {"type": "Feature", "properties": {"osm_type": "node", "osm_id": 11114519831, "tags": {"amenity": "social_centre", "brand": "Veterans of Foreign Wars of the United States", "brand:wikidata": "Q3556413", "name": "VFW Post", "name:en": "VFW Post", "official_name": "Veterans of Foreign Wars of the United States", "short_name": "VFW", "social_centre:for": "veteran"}}, "geometry": {"type": "Point", "coordinates": [-96.9148983, 41.9872559]}}, {"type": "Feature", "properties": {"osm_type": "node", "osm_id": 11150373350, "tags": {"addr:city": "Denver", "addr:housenumber": "5220", "addr:state": "CO", "addr:street": "Warren Ave.", "amenity": "social_centre", "brand": "Veterans of Foreign Wars of the United States", "brand:wikidata": "Q3556413", "name": "VFW Post", "name:en": "VFW Post", "official_name": "Veterans of Foreign Wars of the United States", "short_name": "VFW", "social_centre:for": "veteran"}}, "geometry": {"type": "Point", "coordinates": [-105.0541999, 39.6753432]}}, {"type": "Feature", "properties": {"osm_type": "node", "osm_id": 11216906760, "tags": {"addr:housenumber": "1330", "addr:street": "Oakridge Drive", "addr:unit": "10", "amenity": "social_centre", "brand": "American Contract Bridge League", "name": "The Madhatter Bridge Club", "website": "http://www.northerncoloradobridge.com/"}}, "geometry": {"type": "Point", "coordinates": [-105.054562, 40.5231056]}}, {"type": "Feature", "properties": {"osm_type": "node", "osm_id": 11226088910, "tags": {"amenity": "social_centre", "brand": "Veterans of Foreign Wars of the United States", "brand:wikidata": "Q3556413", "name": "VFW Post", "name:en": "VFW Post", "official_name": "Veterans of Foreign Wars of the United States", "short_name": "VFW", "social_centre:for": "veteran"}}, "geometry": {"type": "Point", "coordinates": [-98.0709757, 40.0161153]}}, {"type": "Feature", "properties": {"osm_type": "node", "osm_id": 11228277950, "tags": {"amenity": "social_centre", "brand": "American Legion", "brand:wikidata": "Q468865", "name": "American Legion Hall", "social_centre:for": "veteran"}}, "geometry": {"type": "Point", "coordinates": [-97.9708606, 40.3712177]}}, {"type": "Feature", "properties": {"osm_type": "node", "osm_id": 11590499900, "tags": {"addr:city": "Wymore", "addr:postcode": "68466", "addr:state": "NE", "amenity": "social_centre", "brand": "American Legion", "brand:wikidata": "Q468865", "name": "American Legion Hall", "social_centre:for": "veteran"}}, "geometry": {"type": "Point", "coordinates": [-96.6724801, 40.1188581]}}, {"type": "Feature", "properties": {"osm_type": "node", "osm_id": 11641994096, "tags": {"leisure": "bowling_alley", "name": "PinHeadz Bowling Center"}}, "geometry": {"type": "Point", "coordinates": [-104.7731549, 38.8585422]}}, {"type": "Feature", "properties": {"osm_type": "node", "osm_id": 11838466656, "tags": {"amenity": "social_centre", "name": "Guernsey Senior Center"}}, "geometry": {"type": "Point", "coordinates": [-104.741441, 42.2686737]}}, {"type": "Feature", "properties": {"osm_type": "node", "osm_id": 12128919823, "tags": {"amenity": "social_centre", "brand": "American Legion", "brand:wikidata": "Q468865", "name": "American Legion Hall", "social_centre:for": "veteran"}}, "geometry": {"type": "Point", "coordinates": [-96.6320795, 40.6193379]}}, {"type": "Feature", "properties": {"osm_type": "node", "osm_id": 12140508650, "tags": {"amenity": "social_centre", "brand": "American Legion", "brand:wikidata": "Q468865", "name": "American Legion Hall", "social_centre:for": "veteran"}}, "geometry": {"type": "Point", "coordinates": [-96.8122923, 41.9293554]}}, {"type": "Feature", "properties": {"osm_type": "node", "osm_id": 12142066536, "tags": {"amenity": "social_centre", "brand": "American Legion", "brand:wikidata": "Q468865", "name": "American Legion Hall", "social_centre:for": "veteran"}}, "geometry": {"type": "Point", "coordinates": [-96.142608, 40.8698084]}}, {"type": "Feature", "properties": {"osm_type": "node", "osm_id": 12146657823, "tags": {"amenity": "social_centre", "brand": "Benevolent and Protective Order of Elks", "brand:wikidata": "Q2895789", "name": "Elks Lodge", "official_name": "Benevolent and Protective Order of Elks", "short_name": "BPOE"}}, "geometry": {"type": "Point", "coordinates": [-97.5937038, 40.8665745]}}, {"type": "Feature", "properties": {"osm_type": "node", "osm_id": 12146679599, "tags": {"alt_name": "Aeries Lodge", "amenity": "social_centre", "brand": "Fraternal Order of Eagles", "brand:wikidata": "Q5493810", "name": "Eagles Lodge", "official_name": "Fraternal Order of Eagles", "short_name": "FOE"}}, "geometry": {"type": "Point", "coordinates": [-97.5932122, 40.8671783]}}, {"type": "Feature", "properties": {"osm_type": "node", "osm_id": 12154130421, "tags": {"addr:city": "Colorado Springs", "addr:housenumber": "3971", "addr:postcode": "80909", "addr:state": "CO", "addr:street": "Palmer Park Boulevard", "leisure": "bowling_alley", "name": "WhirlyBall Colorado Springs"}}, "geometry": {"type": "Point", "coordinates": [-104.7545034, 38.8532974]}}, {"type": "Feature", "properties": {"osm_type": "node", "osm_id": 12285984520, "tags": {"addr:city": "Aurora", "addr:housenumber": "23901", "addr:postcode": "80016", "addr:state": "CO", "addr:street": "East Orchard Road", "addr:unit": "D", "leisure": "bowling_alley", "name": "Lucky Strike"}}, "geometry": {"type": "Point", "coordinates": [-104.7091638, 39.6086951]}}, {"type": "Feature", "properties": {"osm_type": "node", "osm_id": 12602223590, "tags": {"addr:city": "Greeley", "addr:housenumber": "2007", "addr:postcode": "80631", "addr:state": "CO", "addr:street": "9th Street", "amenity": "social_centre", "brand": "American Legion", "brand:wikidata": "Q468865", "name": "American Legion Hall", "social_centre:for": "veteran"}}, "geometry": {"type": "Point", "coordinates": [-104.7107731, 40.4243511]}}, {"type": "Feature", "properties": {"osm_type": "node", "osm_id": 12608861087, "tags": {"addr:city": "Augusta", "addr:housenumber": "310", "addr:postcode": "67010", "addr:state": "KS", "addr:street": "State Street", "leisure": "bowling_alley", "name": "The Holiday Bowl", "website": "https://www.theholidaybowl.com/"}}, "geometry": {"type": "Point", "coordinates": [-96.9785152, 37.6742539]}}, {"type": "Feature", "properties": {"osm_type": "node", "osm_id": 12608947201, "tags": {"leisure": "bowling_alley", "level": "0", "name": "Shocker Lanes", "operator": "Wichita State University", "website": "https://www.wichita.edu/services/rsc/ssgl/"}}, "geometry": {"type": "Point", "coordinates": [-97.2943376, 37.7182921]}}, {"type": "Feature", "properties": {"osm_type": "node", "osm_id": 12613165937, "tags": {"addr:city": "Colorado Springs", "addr:housenumber": "3845", "addr:postcode": "80917", "addr:state": "CO", "addr:street": "North Academy Boulevard", "leisure": "bowling_alley", "name": "Harmony Bowl", "opening_hours": "Su-Th 10:00-22:00 Fr 10:00-24:00 Sa 09:00-24:00", "phone": "+1 719-591-1000", "website": "https://harmony-bowl.com/", "wheelchair": "yes"}}, "geometry": {"type": "Point", "coordinates": [-104.7550615, 38.8881481]}}, {"type": "Feature", "properties": {"osm_type": "node", "osm_id": 12618895696, "tags": {"addr:city": "Hutchinson", "addr:housenumber": "1221", "addr:postcode": "67502", "addr:state": "KS", "addr:street": "East 23rd Avenue", "leisure": "bowling_alley", "name": "The Alley", "opening_hours": "Fr 11:30-24:00, Sa 11:30-24:00, Su 11:30-22:00, Mo-Th 11:30-23:00", "website": "https://www.thealleyhutchinson.com/"}}, "geometry": {"type": "Point", "coordinates": [-97.9060621, 38.078802]}}, {"type": "Feature", "properties": {"osm_type": "node", "osm_id": 12618933176, "tags": {"addr:city": "Garden City", "addr:housenumber": "1612", "addr:postcode": "67846", "addr:state": "KS", "addr:street": "East Laurel Street", "contact:facebook": "https://www.facebook.com/HardRockLanes/", "leisure": "bowling_alley", "name": "Hard Rock Lanes", "website": "https://hardrocklanes.com/"}}, "geometry": {"type": "Point", "coordinates": [-100.8528974, 37.9653949]}}, {"type": "Feature", "properties": {"osm_type": "node", "osm_id": 12622326302, "tags": {"addr:city": "Lincoln", "addr:housenumber": "321", "addr:postcode": "68528", "addr:state": "NE", "addr:street": "Victory Lane", "leisure": "bowling_alley", "name": "Sun Valley Lanes & Games", "website": "https://www.sunvalleylanes.com/"}}, "geometry": {"type": "Point", "coordinates": [-96.7272306, 40.8161567]}}, {"type": "Feature", "properties": {"osm_type": "node", "osm_id": 12622326944, "tags": {"addr:city": "York", "addr:housenumber": "1923", "addr:state": "NE", "addr:street": "North Lincoln Avenue", "contact:facebook": "https://www.facebook.com/p/Sunset-Bowl-Lounge-100063606909244/", "leisure": "bowling_alley", "name": "Sunset Bowl & Lounge", "website": "https://sunsetbowlyork.com/"}}, "geometry": {"type": "Point", "coordinates": [-97.5938178, 40.879783]}}, {"type": "Feature", "properties": {"osm_type": "node", "osm_id": 12622328110, "tags": {"addr:city": "Seward", "addr:housenumber": "123", "addr:state": "NE", "addr:street": "South 4th Street", "contact:facebook": "https://www.facebook.com/profile.php?id=100063655328849#", "leisure": "bowling_alley", "name": "Seward Bowl"}}, "geometry": {"type": "Point", "coordinates": [-97.0970003, 40.9074007]}}, {"type": "Feature", "properties": {"osm_type": "node", "osm_id": 12690127157, "tags": {"amenity": "social_centre", "name": "The Fax"}}, "geometry": {"type": "Point", "coordinates": [-104.9282171, 39.7399548]}}, {"type": "Feature", "properties": {"osm_type": "node", "osm_id": 12758807595, "tags": {"amenity": "community_centre", "club": "social", "community_centre": "club_home", "name": "Edgewater Club House"}}, "geometry": {"type": "Point", "coordinates": [-97.4138185, 37.7638472]}}, {"type": "Feature", "properties": {"osm_type": "node", "osm_id": 12856445175, "tags": {"addr:city": "Denver", "addr:housenumber": "1330", "addr:postcode": "80204", "addr:state": "CO", "addr:street": "Fox Street", "addr:unit": "Suite 3", "amenity": "social_centre", "contact:facebook": "https://www.facebook.com/DenverIndianFamilyResourceCenter", "email": "info@difrc.org", "fax": "+1-720-735-3003", "name": "Denver Indian Family Resource Center", "opening_hours": "Mo-Fr 09:00-17:00", "phone": "+1-720-500-1020", "short_name": "DIFRC", "website": "https://difrc.org/"}}, "geometry": {"type": "Point", "coordinates": [-104.9948976, 39.7374863]}}, {"type": "Feature", "properties": {"osm_type": "node", "osm_id": 12918515880, "tags": {"amenity": "social_centre", "brand": "Benevolent and Protective Order of Elks", "brand:short": "BPOE", "brand:wikidata": "Q2895789", "name": "Elks Lodge", "official_name": "Benevolent and Protective Order of Elks"}}, "geometry": {"type": "Point", "coordinates": [-105.1268351, 40.4075943]}}, {"type": "Feature", "properties": {"osm_type": "node", "osm_id": 12982743122, "tags": {"addr:city": "Wichita", "addr:housenumber": "1845", "addr:postcode": "67214", "addr:state": "KS", "addr:street": "North Hillside Avenue", "amenity": "social_centre", "name": "Beta Theta Pi - Wichita State University", "source": "esri/USA_NAD_Addresses", "website": "https://wichita.beta.org"}}, "geometry": {"type": "Point", "coordinates": [-97.2994345, 37.7168887]}}, {"type": "Feature", "properties": {"osm_type": "node", "osm_id": 12992407652, "tags": {"leisure": "bowling_alley"}}, "geometry": {"type": "Point", "coordinates": [-104.7721852, 39.5568218]}}, {"type": "Feature", "properties": {"osm_type": "node", "osm_id": 13004584179, "tags": {"amenity": "social_centre", "brand": "Benevolent and Protective Order of Elks", "brand:short": "BPOE", "brand:wikidata": "Q2895789", "name": "Elks Lodge", "official_name": "Benevolent and Protective Order of Elks"}}, "geometry": {"type": "Point", "coordinates": [-102.9777137, 41.1441361]}}, {"type": "Feature", "properties": {"osm_type": "node", "osm_id": 13522085776, "tags": {"addr:city": "Colorado Springs", "addr:housenumber": "1050", "addr:postcode": "80904", "addr:state": "CO", "addr:street": "South 21st Street", "alt_name": "Aeries Lodge", "amenity": "social_centre", "brand": "Fraternal Order of Eagles", "brand:short": "FOE", "brand:wikidata": "Q5493810", "name": "Fraternal Order of Eagles #143", "official_name": "Fraternal Order of Eagles", "phone": "+1-719-632-1934", "website": "https://www.foe143.org"}}, "geometry": {"type": "Point", "coordinates": [-104.859566, 38.8377711]}}, {"type": "Feature", "properties": {"osm_type": "node", "osm_id": 13563412369, "tags": {"amenity": "social_centre", "brand": "American Legion", "brand:wikidata": "Q468865", "name": "American Legion Hall Post 119", "social_centre:for": "veteran"}}, "geometry": {"type": "Point", "coordinates": [-105.5087699, 40.375265]}}, {"type": "Feature", "properties": {"osm_type": "node", "osm_id": 13673722795, "tags": {"addr:city": "Emporia", "addr:housenumber": "127", "addr:postcode": "66801", "addr:state": "KS", "addr:street": "Cottonwood Street", "club": "social", "name": "Knights of Columbus LEO Council 727", "website": "https://www.kofcemporia.org/"}}, "geometry": {"type": "Point", "coordinates": [-96.1741777, 38.3998328]}}, {"type": "Feature", "properties": {"osm_type": "node", "osm_id": 13753932580, "tags": {"amenity": "social_centre", "name": "Gamma Phi Beta"}}, "geometry": {"type": "Point", "coordinates": [-97.2903104, 37.723147]}}, {"type": "Feature", "properties": {"osm_type": "node", "osm_id": 13753932581, "tags": {"amenity": "social_centre", "name": "Alpha Phi"}}, "geometry": {"type": "Point", "coordinates": [-97.2903015, 37.7235972]}}, {"type": "Feature", "properties": {"osm_type": "node", "osm_id": 13753932582, "tags": {"amenity": "social_centre", "name": "Tri Delta"}}, "geometry": {"type": "Point", "coordinates": [-97.2903253, 37.7238943]}}, {"type": "Feature", "properties": {"osm_type": "node", "osm_id": 13753932583, "tags": {"amenity": "social_centre", "name": "Delta Gamma"}}, "geometry": {"type": "Point", "coordinates": [-97.29082, 37.7231517]}}, {"type": "Feature", "properties": {"osm_type": "node", "osm_id": 13816380611, "tags": {"addr:housenumber": "730", "addr:street": "West 4th Avenue", "amenity": "social_centre", "brand": "American Legion", "brand:wikidata": "Q468865", "mapillary": "1452199563145532", "name": "American Legion Lysle Rishel Post 68", "social_centre:for": "veteran", "website": "https://hutchpost68.org/"}}, "geometry": {"type": "Point", "coordinates": [-97.9472463, 38.0574176]}}, {"type": "Feature", "properties": {"osm_type": "node", "osm_id": 13953388929, "tags": {"amenity": "social_centre", "brand": "American Legion", "brand:wikidata": "Q468865", "name": "American Legion Hall 252", "social_centre:for": "veteran"}}, "geometry": {"type": "Point", "coordinates": [-97.1729944, 42.1746817]}}, {"type": "Feature", "properties": {"osm_type": "node", "osm_id": 13953390411, "tags": {"amenity": "social_centre", "brand": "American Legion", "brand:wikidata": "Q468865", "name": "American Legion Hall", "social_centre:for": "veteran"}}, "geometry": {"type": "Point", "coordinates": [-96.55679, 42.82893]}}, {"type": "Feature", "properties": {"osm_type": "node", "osm_id": 354237248, "tags": {"addr:city": "Rockford", "addr:housenumber": "609", "addr:postcode": "61107", "addr:state": "IL", "addr:street": "Kilburn Avenue", "amenity": "social_centre", "brand": "Boys & Girls Club", "ele": "226", "gnis:feature_id": "1829597", "name": "Boys & Girls Club of Rockford - Stenstrom Unit", "operator": "Boys & Girls Club", "operator:type": "private_non_profit"}}, "geometry": {"type": "Point", "coordinates": [-89.0990243, 42.2785007]}}, {"type": "Feature", "properties": {"osm_type": "node", "osm_id": 368064382, "tags": {"addr:state": "IL", "amenity": "social_centre", "ele": "176", "gnis:feature_id": "1826717", "name": "Columbia Yacht Club", "source": "USGS Geonames"}}, "geometry": {"type": "Point", "coordinates": [-87.6125335, 41.8839496]}}, {"type": "Feature", "properties": {"osm_type": "node", "osm_id": 967331568, "tags": {"amenity": "social_centre", "brand": "American Legion", "brand:wikidata": "Q468865", "name": "American Legion Hall", "operator": "American Legion", "social_centre:for": "veteran"}}, "geometry": {"type": "Point", "coordinates": [-88.5341679, 37.7415363]}}, {"type": "Feature", "properties": {"osm_type": "node", "osm_id": 1291285958, "tags": {"addr:city": "Des Moines", "addr:housename": "Merle Hay Mall", "addr:housenumber": "3800", "addr:postcode": "50310", "addr:street": "Merle Hay Road", "leisure": "bowling_alley", "name": "Merle Hay Lanes", "sport": "10pin"}}, "geometry": {"type": "Point", "coordinates": [-93.7002304, 41.6310156]}}, {"type": "Feature", "properties": {"osm_type": "node", "osm_id": 1685992290, "tags": {"leisure": "bowling_alley", "name": "Wayne's Lanes", "sport": "10pin"}}, "geometry": {"type": "Point", "coordinates": [-88.4461799, 42.3166435]}}, {"type": "Feature", "properties": {"osm_type": "node", "osm_id": 1719955519, "tags": {"addr:city": "Hartley", "addr:housenumber": "60", "addr:postcode": "51346", "addr:state": "IA", "addr:street": "1st Street Southeast", "amenity": "social_centre", "brand": "American Legion", "brand:wikidata": "Q468865", "contact:facebook": "https://www.facebook.com/profile.php?id=100083352160524", "name": "American Legion Hall", "social_centre:for": "veteran"}}, "geometry": {"type": "Point", "coordinates": [-95.4761267, 43.1800489]}}, {"type": "Feature", "properties": {"osm_type": "node", "osm_id": 2001891233, "tags": {"addr:city": "Fairview Heights", "addr:housenumber": "5950", "addr:postcode": "62208", "addr:state": "IL", "addr:street": "Old Collinsville Road", "leisure": "bowling_alley", "name": "St. Clair Bowl", "website": "https://stclairbowl.com/"}}, "geometry": {"type": "Point", "coordinates": [-89.9653631, 38.5847348]}}, {"type": "Feature", "properties": {"osm_type": "node", "osm_id": 2081790725, "tags": {"addr:city": "Topeka", "addr:housenumber": "4200", "addr:postcode": "66604", "addr:street": "Southwest Huntoon Street", "leisure": "bowling_alley", "name": "Gage Bowl", "phone": "+1-785-272-1881", "website": "https://gagebowl.net/"}}, "geometry": {"type": "Point", "coordinates": [-95.7282852, 39.0447435]}}, {"type": "Feature", "properties": {"osm_type": "node", "osm_id": 2122610028, "tags": {"addr:city": "Saint Louis", "addr:housename": "Lucas Lofts", "addr:housenumber": "1117", "addr:postcode": "63101", "addr:state": "MO", "addr:street": "Washington Avenue", "contact:facebook": "https://www.facebook.com/flamingobowlstl", "leisure": "bowling_alley", "name": "Flamingo Bowl", "phone": "+1 314-436-6666", "sport": "bowling", "website": "https://www.flamingobowl.net/"}}, "geometry": {"type": "Point", "coordinates": [-90.1955569, 38.6317117]}}, {"type": "Feature", "properties": {"osm_type": "node", "osm_id": 2248112328, "tags": {"addr:city": "Olney", "addr:housenumber": "215", "addr:postcode": "62450", "addr:state": "IL", "addr:street": "North Fair Street", "alt_name": "Aeries Lodge", "amenity": "social_centre", "brand": "Fraternal Order of Eagles", "brand:short": "FOE", "brand:wikidata": "Q5493810", "name": "Eagles Lodge", "official_name": "Fraternal Order of Eagles", "short_name": "FOE"}}, "geometry": {"type": "Point", "coordinates": [-88.0837123, 38.7322331]}}, {"type": "Feature", "properties": {"osm_type": "node", "osm_id": 2262372941, "tags": {"addr:city": "Chicago", "addr:floor": "2", "addr:housenumber": "322", "addr:postcode": "60611", "addr:state": "IL", "addr:street": "East Illinois Street", "check_date": "2025-12-30", "leisure": "bowling_alley", "level": "1", "name": "Lucky Strike Downtown Chicago", "opening_hours": "Mo-Th 16:00-23:00; Fr 16:00-24:00; Sa 00:00-01:00, 11:00-24:00; Su 00:00-01:00, 11:00-23:00", "operator": "Bowlero Corporation", "source": "773-347-2695", "website": "https://www.luckystrikeent.com/location/lucky-strike-chicago", "wheelchair": "yes"}}, "geometry": {"type": "Point", "coordinates": [-87.619059, 41.8912185]}}, {"type": "Feature", "properties": {"osm_type": "node", "osm_id": 2300457590, "tags": {"addr:city": "Palos Hills", "addr:housenumber": "11025", "addr:postcode": "60465", "addr:state": "IL", "addr:street": "Southwest Highway", "leisure": "bowling_alley", "name": "Palos Bowling Alley", "website": "http://www.paloslanes.net/"}}, "geometry": {"type": "Point", "coordinates": [-87.8088196, 41.6909078]}}, {"type": "Feature", "properties": {"osm_type": "node", "osm_id": 2322673318, "tags": {"amenity": "social_centre", "check_date": "2026-06-14", "level": "1", "name": "Admirals Club and Executive Center", "opening_hours": "Su-Fr 05:00-22:00; Sa 05:00-21:30"}}, "geometry": {"type": "Point", "coordinates": [-87.9001769, 41.974881]}}, {"type": "Feature", "properties": {"osm_type": "node", "osm_id": 2322673329, "tags": {"amenity": "social_centre", "level": "1", "name": "Flagship Lounge"}}, "geometry": {"type": "Point", "coordinates": [-87.8967805, 41.9743823]}}, {"type": "Feature", "properties": {"osm_type": "node", "osm_id": 2360651558, "tags": {"amenity": "social_centre", "check_date": "2026-06-11", "level": "1", "name": "Admirals Club", "opening_hours": "Su-Fr 05:00-22:00; Sa 05:00-19:45", "wheelchair": "yes"}}, "geometry": {"type": "Point", "coordinates": [-87.9031803, 41.974258]}}, {"type": "Feature", "properties": {"osm_type": "node", "osm_id": 2497577404, "tags": {"leisure": "bowling_alley", "name": "Maple Lanes"}}, "geometry": {"type": "Point", "coordinates": [-89.1969863, 40.7977126]}}, {"type": "Feature", "properties": {"osm_type": "node", "osm_id": 2588264117, "tags": {"leisure": "bowling_alley", "name": "B & B Bowl"}}, "geometry": {"type": "Point", "coordinates": [-89.0580708, 42.3135884]}}, {"type": "Feature", "properties": {"osm_type": "node", "osm_id": 2623104144, "tags": {"leisure": "bowling_alley", "name": "Hank's Bowl"}}, "geometry": {"type": "Point", "coordinates": [-89.6831985, 38.6045408]}}, {"type": "Feature", "properties": {"osm_type": "node", "osm_id": 2702415455, "tags": {"addr:city": "Platteville", "addr:housenumber": "1185", "addr:postcode": "53818", "addr:street": "E Business Hwy 151", "building": "yes", "leisure": "bowling_alley", "name": "Pioneer Lanes", "phone": "+1 608 349-6631", "shoes:rental": "yes", "sport": "10pin", "website": "http://www.letsgobowl.org/pioneerlanes/"}}, "geometry": {"type": "Point", "coordinates": [-90.4593163, 42.7312897]}}, {"type": "Feature", "properties": {"osm_type": "node", "osm_id": 2709304011, "tags": {"leisure": "bowling_alley", "name": "Strike Ten Lanes & Lounge", "sport": "10pin"}}, "geometry": {"type": "Point", "coordinates": [-88.0597641, 41.9993509]}}, {"type": "Feature", "properties": {"osm_type": "node", "osm_id": 2716280288, "tags": {"addr:city": "Wheaton", "addr:housename": "Fox Bowl", "addr:housenumber": "1101", "addr:postcode": "60189", "addr:state": "IL", "addr:street": "Butterfield Road", "leisure": "bowling_alley", "name": "Fox Bowl"}}, "geometry": {"type": "Point", "coordinates": [-88.0905271, 41.8306097]}}, {"type": "Feature", "properties": {"osm_type": "node", "osm_id": 2762133726, "tags": {"addr:city": "Macomb", "addr:housenumber": "221", "addr:postcode": "61455", "addr:state": "IL", "addr:street": "East Washington Street", "amenity": "social_centre", "brand": "American Legion", "brand:wikidata": "Q468865", "name": "American Legion Post 6", "social_centre:for": "veteran"}}, "geometry": {"type": "Point", "coordinates": [-90.6693966, 40.4572211]}}, {"type": "Feature", "properties": {"osm_type": "node", "osm_id": 2814642441, "tags": {"addr:city": "Paducah", "addr:housenumber": "816", "addr:postcode": "42001", "addr:state": "KY", "addr:street": "Joe Clifton Drive", "building:levels": "1", "email": "KWhitman@strikeandspare.net", "fax": "+1-270-443-3347", "leisure": "bowling_alley", "name": "Cardinal Lanes Bowling Alley", "opening_hours": "Mo,We 10:00-22:00; Tu,Th 10:00-23:00; Fr 10:00-01:00; Sa 09:00-01:00; Su 13:00-22:00", "operator": "Kay Whitman", "phone": "+1-270-443-6441", "smoking": "separated", "website": "https://cardinallanes.strikeandspare.com/"}}, "geometry": {"type": "Point", "coordinates": [-88.6359016, 37.0819606]}}, {"type": "Feature", "properties": {"osm_type": "node", "osm_id": 3072079232, "tags": {"addr:city": "Michigan City", "addr:housenumber": "1901", "addr:postcode": "46360", "addr:state": "IN", "addr:street": "South Woodland Avenue", "leisure": "bowling_alley", "name": "City Lanes"}}, "geometry": {"type": "Point", "coordinates": [-86.8754219, 41.6848216]}}, {"type": "Feature", "properties": {"osm_type": "node", "osm_id": 3191082467, "tags": {"leisure": "bowling_alley", "name": "Pinup Bowl"}}, "geometry": {"type": "Point", "coordinates": [-90.29923, 38.6555795]}}, {"type": "Feature", "properties": {"osm_type": "node", "osm_id": 3459989279, "tags": {"addr:city": "Waukee", "addr:housenumber": "190", "addr:postcode": "50263", "addr:state": "IA", "addr:street": "SE Laurel St", "email": "bowl@warriorlanes.com", "leisure": "bowling_alley", "name": "Warrior Lanes", "opening_hours": "Su-Th 12:00-20:00, Fr-Sa 12:00-23:59", "operator": "Purple Pin Marketing, Inc.", "smoking": "no"}}, "geometry": {"type": "Point", "coordinates": [-93.8684842, 41.6131393]}}, {"type": "Feature", "properties": {"osm_type": "node", "osm_id": 3964475115, "tags": {"access": "customers", "addr:city": "Milwaukee", "addr:housenumber": "747", "addr:postcode": "53202", "addr:street": "North Broadway", "amenity": "social_centre", "club": "law", "contact:fax": "+1 414 274 6765", "contact:phone": "+1 414 274 6760", "contact:website": "https://milwbar.org/", "entrance": "yes", "name": "Milwaukee Bar Association", "name:2019": "Milwaukee Bar Association", "office": "ngo", "short_name": "MBA", "source": "https://onmilwaukee.com/dining/articles/moceansreview.html", "start_date": "1858", "wikidata": "Q6861676", "wikipedia": "en:Milwaukee Bar Association"}}, "geometry": {"type": "Point", "coordinates": [-87.9081327, 43.03975]}}, {"type": "Feature", "properties": {"osm_type": "node", "osm_id": 4000072479, "tags": {"addr:city": "Mount Pleasant", "addr:housenumber": "6501", "addr:state": "WI", "addr:street": "Washington Avenue", "leisure": "bowling_alley", "name": "The Lanes on 20"}}, "geometry": {"type": "Point", "coordinates": [-87.8601194, 42.7180453]}}, {"type": "Feature", "properties": {"osm_type": "node", "osm_id": 4015069930, "tags": {"amenity": "social_centre", "club": "social", "contact:email": "milwaukeeturners@gmail.com", "contact:website": "http://www.milwaukeeturners.org/membership", "name": "The Milwaukee Turners"}}, "geometry": {"type": "Point", "coordinates": [-87.9155779, 43.0437045]}}, {"type": "Feature", "properties": {"osm_type": "node", "osm_id": 4060509079, "tags": {"leisure": "bowling_alley", "name": "Aaron's Family Entertainment Center", "website": "https://aaronsfec.com/"}}, "geometry": {"type": "Point", "coordinates": [-94.5011087, 38.8151772]}}, {"type": "Feature", "properties": {"osm_type": "node", "osm_id": 4062418166, "tags": {"addr:city": "Chicago", "addr:housenumber": "7600", "addr:postcode": "60620", "addr:state": "IL", "addr:street": "South Racine Avenue", "leisure": "bowling_alley", "name": "Dr. Martin Luther King, Jr. Family Entertainment Center", "operator": "Chicago Park District"}}, "geometry": {"type": "Point", "coordinates": [-87.6544021, 41.7557943]}}, {"type": "Feature", "properties": {"osm_type": "node", "osm_id": 4106695445, "tags": {"addr:city": "Springfield", "addr:housenumber": "2660", "addr:postcode": "62704", "addr:state": "IL", "addr:street": "West Lawrence Avenue", "leisure": "bowling_alley", "name": "AMF Strike 'N Spare Lanes", "phone": "+1-217-787-6111", "website": "https://www.amf.com/location/amf-strike-n-spare-lanes-il/"}}, "geometry": {"type": "Point", "coordinates": [-89.7037123, 39.7943664]}}, {"type": "Feature", "properties": {"osm_type": "node", "osm_id": 4141623965, "tags": {"leisure": "bowling_alley", "name": "Burg Bowl"}}, "geometry": {"type": "Point", "coordinates": [-92.0103931, 41.6605616]}}, {"type": "Feature", "properties": {"osm_type": "node", "osm_id": 4201234201, "tags": {"addr:city": "Chicago", "addr:housenumber": "5518", "addr:postcode": "60630", "addr:state": "IL", "addr:street": "West Lawrence Avenue", "amenity": "social_centre", "name": "Independent Order of Svithiod"}}, "geometry": {"type": "Point", "coordinates": [-87.7658638, 41.9679312]}}, {"type": "Feature", "properties": {"osm_type": "node", "osm_id": 4344627995, "tags": {"leisure": "bowling_alley"}}, "geometry": {"type": "Point", "coordinates": [-90.4768565, 41.4894048]}}, {"type": "Feature", "properties": {"osm_type": "node", "osm_id": 4388953835, "tags": {"leisure": "bowling_alley", "name": "Raymond's Bowl & Entertainment Center"}}, "geometry": {"type": "Point", "coordinates": [-88.2311975, 42.3848134]}}, {"type": "Feature", "properties": {"osm_type": "node", "osm_id": 4421712001, "tags": {"amenity": "social_centre", "name": "Bellevue Eagles", "official_name": "Fraternal Order of Eagles", "ref": "3912", "wheelchair": "yes"}}, "geometry": {"type": "Point", "coordinates": [-95.8957127, 41.1363289]}}, {"type": "Feature", "properties": {"osm_type": "node", "osm_id": 4488933248, "tags": {"addr:city": "Menomonee Falls", "addr:housenumber": "N87W16471", "addr:state": "WI", "addr:street": "Appleton Avenue", "check_date": "2024-09-24", "leisure": "bowling_alley", "name": "Krueger's", "payment:cash": "yes", "payment:credit_cards": "yes", "payment:debit_cards": "yes"}}, "geometry": {"type": "Point", "coordinates": [-88.114852, 43.1758002]}}, {"type": "Feature", "properties": {"osm_type": "node", "osm_id": 4712569509, "tags": {"addr:city": "Braidwood", "addr:housenumber": "173", "addr:postcode": "60408", "addr:state": "IL", "addr:street": "East Main Street", "amenity": "social_centre", "name": "Braidwood Masonic Lodge No. 704", "phone": "+1-815-458-6896", "website": "http://www.cabletow.info/lodges/il_0704.htm"}}, "geometry": {"type": "Point", "coordinates": [-88.2148595, 41.2642978]}}, {"type": "Feature", "properties": {"osm_type": "node", "osm_id": 4719486077, "tags": {"addr:city": "Berwyn", "addr:housenumber": "6919", "addr:postcode": "60402", "addr:state": "IL", "addr:street": "West Roosevelt Road", "amenity": "social_centre", "brand": "American Legion", "brand:wikidata": "Q468865", "name": "American Legion Post 256", "social_centre:for": "veteran"}}, "geometry": {"type": "Point", "coordinates": [-87.7974446, 41.8649404]}}, {"type": "Feature", "properties": {"osm_type": "node", "osm_id": 4848779975, "tags": {"leisure": "bowling_alley", "name": "DeWitt Lanes"}}, "geometry": {"type": "Point", "coordinates": [-90.535022, 41.8260881]}}, {"type": "Feature", "properties": {"osm_type": "node", "osm_id": 4932608524, "tags": {"addr:city": "Mount Vernon", "addr:housenumber": "6401", "addr:postcode": "47620", "addr:state": "IN", "addr:street": "Lower New Harmony Road", "leisure": "bowling_alley", "name": "Posey Lanes", "phone": "+1-812-838-3874"}}, "geometry": {"type": "Point", "coordinates": [-87.9053987, 37.9454528]}}, {"type": "Feature", "properties": {"osm_type": "node", "osm_id": 5065146259, "tags": {"leisure": "bowling_alley", "name": "Village Lanes"}}, "geometry": {"type": "Point", "coordinates": [-89.3280079, 43.0562382]}}, {"type": "Feature", "properties": {"osm_type": "node", "osm_id": 5082418172, "tags": {"leisure": "bowling_alley", "name": "3D-Bowl", "sport": "10pin"}}, "geometry": {"type": "Point", "coordinates": [-88.1977084, 42.2712496]}}, {"type": "Feature", "properties": {"osm_type": "node", "osm_id": 5192385739, "tags": {"alt_name": "American Legion Hall", "amenity": "social_centre", "brand": "American Legion", "brand:wikidata": "Q468865", "name": "American Legion Hall", "social_centre:for": "veteran"}}, "geometry": {"type": "Point", "coordinates": [-88.2041726, 41.8841079]}}, {"type": "Feature", "properties": {"osm_type": "node", "osm_id": 5282651556, "tags": {"amenity": "social_centre", "brand": "American Legion", "brand:wikidata": "Q468865", "name": "American Legion Hall", "social_centre:for": "veterans"}}, "geometry": {"type": "Point", "coordinates": [-90.1623465, 40.6326185]}}, {"type": "Feature", "properties": {"osm_type": "node", "osm_id": 5282892054, "tags": {"leisure": "bowling_alley", "name": "Mexico Lanes"}}, "geometry": {"type": "Point", "coordinates": [-91.8269982, 39.1626316]}}, {"type": "Feature", "properties": {"osm_type": "node", "osm_id": 5284809474, "tags": {"addr:city": "Dubuque", "addr:housenumber": "880", "addr:postcode": "52001", "addr:state": "IA", "addr:street": "Locust Street", "leisure": "bowling_alley", "name": "Fischer Lanes & Lounge", "website": "https://fischerlanesbowling.com/"}}, "geometry": {"type": "Point", "coordinates": [-90.668345, 42.501075]}}, {"type": "Feature", "properties": {"osm_type": "node", "osm_id": 5446920485, "tags": {"addr:city": "Imperial", "addr:housenumber": "6045", "addr:postcode": "63052", "addr:state": "MO", "addr:street": "West Outer Road", "leisure": "bowling_alley", "name": "Imperial Bowl"}}, "geometry": {"type": "Point", "coordinates": [-90.3868242, 38.366128]}}, {"type": "Feature", "properties": {"osm_type": "node", "osm_id": 5458190097, "tags": {"addr:city": "Rosemont", "addr:housenumber": "5505", "addr:postcode": "60018", "addr:state": "IL", "addr:street": "Park Place", "check_date": "2025-05-19", "leisure": "bowling_alley", "name": "King's Bowling", "opening_hours": "Mo-We 16:00-23:00, Th 16:00-24:00, Fr 16:00-01:00, Sa 11:30-01:00, Su 11:30-22:00", "payment:apple_pay": "yes", "payment:cash": "no", "payment:contactless": "yes", "payment:credit_cards": "yes", "payment:debit_cards": "yes", "payment:google_pay": "yes", "website": "http://www.kingsbowlamerica.com/rosemont"}}, "geometry": {"type": "Point", "coordinates": [-87.867386, 41.9790376]}}, {"type": "Feature", "properties": {"osm_type": "node", "osm_id": 5462684633, "tags": {"leisure": "bowling_alley", "name": "Flanagan Lanes"}}, "geometry": {"type": "Point", "coordinates": [-88.8615506, 40.8768674]}}, {"type": "Feature", "properties": {"osm_type": "node", "osm_id": 5476899833, "tags": {"amenity": "social_centre", "brand": "Loyal Order of Moose", "brand:wikidata": "Q6908585", "name": "Racine Moose Lodge #437", "official_name": "Loyal Order of Moose", "website": "http://lodge437.moosepages.org/Contact/"}}, "geometry": {"type": "Point", "coordinates": [-87.8150576, 42.792608]}}, {"type": "Feature", "properties": {"osm_type": "node", "osm_id": 5503429317, "tags": {"amenity": "social_centre", "brand": "American Legion", "brand:wikidata": "Q468865", "name": "American Legion Post 197", "social_centre:for": "veterans"}}, "geometry": {"type": "Point", "coordinates": [-89.3597348, 42.3137673]}}, {"type": "Feature", "properties": {"osm_type": "node", "osm_id": 5526419551, "tags": {"addr:city": "Chicago", "addr:housenumber": "1055", "addr:postcode": "60637", "addr:state": "IL", "addr:street": "East 55th Street", "leisure": "bowling_alley", "name": "Seven Ten Social", "phone": "+1-773-347-2695", "website": "https://seventensocial.com"}}, "geometry": {"type": "Point", "coordinates": [-87.6006406, 41.7947939]}}, {"type": "Feature", "properties": {"osm_type": "node", "osm_id": 5565284976, "tags": {"leisure": "bowling_alley"}}, "geometry": {"type": "Point", "coordinates": [-88.7355178, 43.2059165]}}, {"type": "Feature", "properties": {"osm_type": "node", "osm_id": 5565284983, "tags": {"addr:city": "Watertown", "addr:housenumber": "102", "addr:postcode": "53094", "addr:state": "WI", "addr:street": "West Cady Street", "leisure": "bowling_alley", "name": "Watertown Bowl 18"}}, "geometry": {"type": "Point", "coordinates": [-88.7248935, 43.1968776]}}, {"type": "Feature", "properties": {"osm_type": "node", "osm_id": 5658877254, "tags": {"addr:city": "Milwaukee", "addr:housenumber": "137", "addr:postcode": "53202", "addr:street": "East Wells Street", "amenity": "social_centre", "club": "publishing", "contact:email": "milwaukeepressclub@gmail.com", "contact:phone": "+1 262 894 2224", "contact:website": "https://milwaukeepressclub.org/about-us/the-newsroom-pub/", "name": "Milwaukee Press Club", "start_date": "1885-11-01", "wikidata": "Q6861800", "wikipedia": "en:Milwaukee Press Club"}}, "geometry": {"type": "Point", "coordinates": [-87.9102806, 43.0407437]}}, {"type": "Feature", "properties": {"osm_type": "node", "osm_id": 5714989699, "tags": {"leisure": "bowling_alley"}}, "geometry": {"type": "Point", "coordinates": [-89.4053053, 41.0370551]}}, {"type": "Feature", "properties": {"osm_type": "node", "osm_id": 5733004688, "tags": {"amenity": "social_centre", "brand": "American Legion", "brand:wikidata": "Q468865", "name": "American Legion Hall", "social_centre:for": "veterans"}}, "geometry": {"type": "Point", "coordinates": [-91.6571365, 42.8392099]}}, {"type": "Feature", "properties": {"osm_type": "node", "osm_id": 5788160136, "tags": {"leisure": "bowling_alley", "name": "Salem Bowling Center, LLC"}}, "geometry": {"type": "Point", "coordinates": [-91.5224301, 37.6346224]}}, {"type": "Feature", "properties": {"osm_type": "node", "osm_id": 5815792816, "tags": {"leisure": "bowling_alley", "name": "Tivoli Bowl"}}, "geometry": {"type": "Point", "coordinates": [-88.0089722, 41.7958575]}}, {"type": "Feature", "properties": {"osm_type": "node", "osm_id": 5819545106, "tags": {"amenity": "social_centre", "brand": "American Legion", "brand:wikidata": "Q468865", "name": "American Legion Hall", "social_centre:for": "veteran"}}, "geometry": {"type": "Point", "coordinates": [-86.7556347, 40.7456675]}}, {"type": "Feature", "properties": {"osm_type": "node", "osm_id": 5828879348, "tags": {"addr:city": "East Chicago", "addr:housenumber": "1104", "addr:postcode": "46312", "addr:state": "IN", "addr:street": "Roxana Drive", "amenity": "social_centre", "brand": "Knights of Columbus", "brand:short": "KofC", "brand:wikidata": "Q1046799", "name": "Columbian Club Of East Chicago", "payment:american_express": "yes", "payment:cash": "yes", "payment:discover_card": "yes", "payment:mastercard": "yes", "payment:visa": "yes", "phone": "+1-219-398-6700", "start_date": "1968", "website": "https://www.columbian.club/"}}, "geometry": {"type": "Point", "coordinates": [-87.4829599, 41.6143731]}}, {"type": "Feature", "properties": {"osm_type": "node", "osm_id": 5882691569, "tags": {"amenity": "social_centre", "brand": "Lions Clubs International", "brand:wikidata": "Q270029", "name": "Lions Clubs International"}}, "geometry": {"type": "Point", "coordinates": [-91.4059694, 39.5832433]}}, {"type": "Feature", "properties": {"osm_type": "node", "osm_id": 6168789292, "tags": {"check_date": "2025-05-07", "leisure": "bowling_alley", "name": "B-Roll Bowling"}}, "geometry": {"type": "Point", "coordinates": [-93.6188311, 41.7151896]}}, {"type": "Feature", "properties": {"osm_type": "node", "osm_id": 6193010119, "tags": {"addr:city": "Sun", "addr:housenumber": "430", "addr:postcode": "53590", "addr:state": "WI", "addr:street": "Clarmar Drive", "leisure": "bowling_alley", "name": "Prairie Lanes"}}, "geometry": {"type": "Point", "coordinates": [-89.2426836, 43.1751696]}}, {"type": "Feature", "properties": {"osm_type": "node", "osm_id": 6205760203, "tags": {"access": "customers", "addr:city": "Milwaukee", "addr:housenumber": "2220", "addr:postcode": "53202", "addr:state": "WI", "addr:street": "North Farwell Avenue", "contact:email": "admin@landmarklanes.com", "contact:facebook": "https://www.facebook.com/pg/landmarklanes/", "contact:phone": "+1 414 278 8770", "contact:website": "https://www.landmarklanes.com", "contact:yelp": "https://www.yelp.com/biz/oriental-landmark-lanes-milwaukee", "covered": "yes", "entrance": "yes", "internet_access": "wlan", "internet_access:fee": "no", "leisure": "bowling_alley", "name": "Landmark Lanes", "name:1927": "Bensinger's Recreation", "name:1933-1950": "Bensinger's Recreation / Club Silver", "name:1950-1972": "Oriental Lanes", "name:1972": "Oriental Landmark Lanes", "name:1973": "Oriental Landmark Lanes / Pritchett's Jazz Oasis", "name:2002": "Landmark Lanes", "opening_hours": "Mo-Th 17:00-02:00; Fr-Sa 12:00-02:30; Su 12:00-02:00", "outdoor_seating": "no", "reservation": "no", "sport": "10pin", "start_date": "1927"}}, "geometry": {"type": "Point", "coordinates": [-87.8857012, 43.0596597]}}, {"type": "Feature", "properties": {"osm_type": "node", "osm_id": 6309007922, "tags": {"addr:city": "O'Fallon", "addr:housenumber": "420", "addr:postcode": "63366", "addr:street": "Sonderen Street", "leisure": "bowling_alley", "name": "O'Fallon Bowl", "phone": "+1-636-272-4393", "website": "https://www.ofallonbowl.com/home.html"}}, "geometry": {"type": "Point", "coordinates": [-90.6948722, 38.8055768]}}, {"type": "Feature", "properties": {"osm_type": "node", "osm_id": 6319305750, "tags": {"addr:city": "Chicago", "addr:housenumber": "1500", "addr:postcode": "60610", "addr:state": "IL", "addr:street": "North Clybourn Avenue", "addr:unit": "102", "amenity": "restaurant", "leisure": "bowling_alley", "name": "Kings Dining & Entertainment - Chicago Lincoln Park", "phone": "+1-312-973-4920", "website": "https://www.kings-de.com/lincoln-park"}}, "geometry": {"type": "Point", "coordinates": [-87.6466173, 41.9082297]}}, {"type": "Feature", "properties": {"osm_type": "node", "osm_id": 6326554805, "tags": {"amenity": "social_centre", "check_date": "2024-06-15", "level": "2", "name": "United Club (Upper Level)"}}, "geometry": {"type": "Point", "coordinates": [-87.9067712, 41.9780738]}}, {"type": "Feature", "properties": {"osm_type": "node", "osm_id": 6326554806, "tags": {"amenity": "social_centre", "check_date": "2024-12-21", "level": "0", "name": "United Club (Lower Level)"}}, "geometry": {"type": "Point", "coordinates": [-87.9060325, 41.9812941]}}, {"type": "Feature", "properties": {"osm_type": "node", "osm_id": 6376404146, "tags": {"addr:city": "Louisiana", "addr:housenumber": "3511", "addr:postcode": "63353", "addr:state": "MO", "addr:street": "Georgia Street", "leisure": "bowling_alley", "name": "Twin City Bowl"}}, "geometry": {"type": "Point", "coordinates": [-91.0747183, 39.4296044]}}, {"type": "Feature", "properties": {"osm_type": "node", "osm_id": 6392452769, "tags": {"addr:city": "Springfield", "addr:housenumber": "3115", "addr:postcode": "62702", "addr:state": "IL", "addr:street": "East Sangamon Avenue", "contact:facebook": "https://www.facebook.com/KingPinUSA", "gambling": "slot_machines", "leisure": "bowling_alley", "name": "King Pin Lanes", "opening_hours": "Mo-Th 09:00-23:00; Fr-Sa 09:00-24:00; Su 09:00-22:00", "phone": "+1-217-544-0838", "sport": "darts;table_shuffleboard", "start_date": "1960", "website": "https://kingpinlanesspringfield.com"}}, "geometry": {"type": "Point", "coordinates": [-89.6034714, 39.832341]}}, {"type": "Feature", "properties": {"osm_type": "node", "osm_id": 6482229245, "tags": {"leisure": "bowling_alley", "name": "McHenry Recreation", "phone": "+1-815-385-2520", "website": "http://www.mchenryrecreationbowl.com/"}}, "geometry": {"type": "Point", "coordinates": [-88.2590133, 42.345399]}}, {"type": "Feature", "properties": {"osm_type": "node", "osm_id": 6579486994, "tags": {"addr:city": "Galena", "addr:housenumber": "100", "addr:postcode": "61036", "addr:state": "IL", "addr:street": "South Main Street", "amenity": "social_centre", "brand": "Veterans of Foreign Wars of the United States", "brand:wikidata": "Q3556413", "name": "VFW Club", "name:en": "VFW Post", "official_name": "Veterans of Foreign Wars of the United States", "short_name": "VFW", "social_centre:for": "veteran"}}, "geometry": {"type": "Point", "coordinates": [-90.4284563, 42.4160652]}}, {"type": "Feature", "properties": {"osm_type": "node", "osm_id": 6604823061, "tags": {"amenity": "social_centre", "name": "Bricklayers & Allied Craftworkers Local 15"}}, "geometry": {"type": "Point", "coordinates": [-94.5947056, 39.057056]}}, {"type": "Feature", "properties": {"osm_type": "node", "osm_id": 6604823066, "tags": {"amenity": "social_centre", "name": "Kansas City Indian Center"}}, "geometry": {"type": "Point", "coordinates": [-94.5933021, 39.0569831]}}, {"type": "Feature", "properties": {"osm_type": "node", "osm_id": 6611243793, "tags": {"amenity": "social_centre", "name": "Milestone"}}, "geometry": {"type": "Point", "coordinates": [-94.5415498, 39.0983118]}}, {"type": "Feature", "properties": {"osm_type": "node", "osm_id": 6776032828, "tags": {"amenity": "social_centre", "name": "Keys to Living Counseling Center", "social_facility": "workshop"}}, "geometry": {"type": "Point", "coordinates": [-91.6619859, 42.0226503]}}, {"type": "Feature", "properties": {"osm_type": "node", "osm_id": 6800795930, "tags": {"addr:city": "Morris", "addr:housenumber": "309", "addr:postcode": "60450", "addr:state": "IL", "addr:street": "McKinley Street", "amenity": "social_centre", "brand": "Veterans of Foreign Wars of the United States", "brand:wikidata": "Q3556413", "name": "VFW Post 6049", "name:en": "VFW Post", "official_name": "Veterans of Foreign Wars of the United States", "short_name": "VFW", "social_centre:for": "veteran"}}, "geometry": {"type": "Point", "coordinates": [-88.4211643, 41.3695666]}}, {"type": "Feature", "properties": {"osm_type": "node", "osm_id": 6862023767, "tags": {"leisure": "bowling_alley", "level": "-1", "name": "Illini Union Rec Room", "sport": "bowling;billards;chess"}}, "geometry": {"type": "Point", "coordinates": [-88.2271999, 40.1092593]}}, {"type": "Feature", "properties": {"osm_type": "node", "osm_id": 6892765702, "tags": {"club": "social", "name": "Winneburge Club"}}, "geometry": {"type": "Point", "coordinates": [-90.5836864, 38.8764314]}}, {"type": "Feature", "properties": {"osm_type": "node", "osm_id": 6948997821, "tags": {"addr:city": "Humboldt", "addr:housenumber": "1204", "addr:postcode": "50548", "addr:state": "IA", "addr:street": "6th Avenue North", "leisure": "bowling_alley", "name": "Sundance Lanes"}}, "geometry": {"type": "Point", "coordinates": [-94.2260284, 42.7274702]}}, {"type": "Feature", "properties": {"osm_type": "node", "osm_id": 6978219900, "tags": {"amenity": "social_centre", "brand": "Veterans of Foreign Wars of the United States", "brand:short": "VFW", "brand:wikidata": "Q3556413", "name": "VFW Post", "name:en": "VFW Post", "official_name": "Veterans of Foreign Wars of the United States", "short_name": "VFW", "social_centre:for": "veteran"}}, "geometry": {"type": "Point", "coordinates": [-94.5115478, 37.1166392]}}, {"type": "Feature", "properties": {"osm_type": "node", "osm_id": 7120026459, "tags": {"leisure": "bowling_alley", "name": "River City Lanes"}}, "geometry": {"type": "Point", "coordinates": [-88.1988165, 42.7727311]}}, {"type": "Feature", "properties": {"osm_type": "node", "osm_id": 7140433614, "tags": {"addr:city": "Kansas City", "addr:housenumber": "5125", "addr:postcode": "64116", "addr:state": "MO", "addr:street": "North Compton Avenue", "amenity": "social_centre", "branch": "Jarchow-Schroeder Post 61", "brand": "American Legion", "brand:wikidata": "Q468865", "email": "jarchowschroeder@sbcglobal.net", "name": "American Legion Hall", "phone": "+1-816-454-7570", "social_centre:for": "veteran", "website": "https://post-61.org/"}}, "geometry": {"type": "Point", "coordinates": [-94.5093764, 39.1869408]}}, {"type": "Feature", "properties": {"osm_type": "node", "osm_id": 7146238894, "tags": {"addr:city": "Davis", "addr:housenumber": "13965", "addr:postcode": "61019", "addr:state": "IL", "addr:street": "Best Road", "leisure": "bowling_alley", "name": "Lakeside Lanes"}}, "geometry": {"type": "Point", "coordinates": [-89.3803589, 42.4541078]}}, {"type": "Feature", "properties": {"osm_type": "node", "osm_id": 7158709073, "tags": {"leisure": "bowling_alley", "name": "High Five Lanes"}}, "geometry": {"type": "Point", "coordinates": [-90.46446, 41.5923753]}}, {"type": "Feature", "properties": {"osm_type": "node", "osm_id": 7173113174, "tags": {"alt_name": "Aeries Lodge", "amenity": "social_centre", "brand": "Fraternal Order of Eagles", "brand:wikidata": "Q5493810", "name": "Eagles Lodge", "official_name": "Fraternal Order of Eagles", "short_name": "FOE"}}, "geometry": {"type": "Point", "coordinates": [-87.4047526, 39.4625702]}}, {"type": "Feature", "properties": {"osm_type": "node", "osm_id": 7194477128, "tags": {"amenity": "social_centre", "name": "Pi Kappa Alpha Theta Omicron"}}, "geometry": {"type": "Point", "coordinates": [-87.4073189, 39.47711]}}, {"type": "Feature", "properties": {"osm_type": "node", "osm_id": 7194477129, "tags": {"amenity": "social_centre", "name": "Sigma Kappa - ISU"}}, "geometry": {"type": "Point", "coordinates": [-87.4067435, 39.4766312]}}, {"type": "Feature", "properties": {"osm_type": "node", "osm_id": 7248928212, "tags": {"addr:city": "Springfield", "addr:housenumber": "630", "addr:postcode": "62701", "addr:state": "IL", "addr:street": "South 6th Street", "amenity": "social_centre", "name": "Ansar Temple", "phone": "+1-217-525-1771", "website": "https://ansarshrine.com/"}}, "geometry": {"type": "Point", "coordinates": [-89.6476027, 39.7951602]}}, {"type": "Feature", "properties": {"osm_type": "node", "osm_id": 7294796883, "tags": {"addr:city": "Chatham", "addr:housenumber": "501", "addr:postcode": "62629", "addr:state": "IL", "addr:street": "West Mulberry Street", "amenity": "social_centre", "brand": "Veterans of Foreign Wars of the United States", "brand:short": "VFW", "brand:wikidata": "Q3556413", "name": "VFW Post 4763", "name:en": "VFW Post 4763", "official_name": "Veterans of Foreign Wars of the United States", "phone": "+1-217-483-4613", "short_name": "VFW", "social_centre:for": "veteran", "website": "https://www.vfw.org/"}}, "geometry": {"type": "Point", "coordinates": [-89.7102405, 39.6754485]}}, {"type": "Feature", "properties": {"osm_type": "node", "osm_id": 7551089443, "tags": {"addr:city": "Berwyn", "addr:housenumber": "6728", "addr:postcode": "60402", "addr:state": "IL", "addr:street": "16th Street", "leisure": "bowling_alley", "name": "Striker Lanes"}}, "geometry": {"type": "Point", "coordinates": [-87.7927635, 41.8576696]}}, {"type": "Feature", "properties": {"osm_type": "node", "osm_id": 7606157990, "tags": {"amenity": "social_centre", "brand": "American Legion", "brand:wikidata": "Q468865", "name": "American Legion Hall", "social_centre:for": "veteran"}}, "geometry": {"type": "Point", "coordinates": [-95.53982, 39.8527192]}}, {"type": "Feature", "properties": {"osm_type": "node", "osm_id": 7657488270, "tags": {"amenity": "social_centre", "name": "Plumbers & Steamfitters - Local 157"}}, "geometry": {"type": "Point", "coordinates": [-87.2945858, 39.4757087]}}, {"type": "Feature", "properties": {"osm_type": "node", "osm_id": 7662996373, "tags": {"addr:city": "Chicago", "addr:housenumber": "1222", "addr:postcode": "60626", "addr:state": "IL", "addr:street": "West Albion Avenue", "amenity": "social_centre", "name": "Tau Kappa Epsilon"}}, "geometry": {"type": "Point", "coordinates": [-87.6619134, 42.0027603]}}, {"type": "Feature", "properties": {"osm_type": "node", "osm_id": 7662996374, "tags": {"addr:city": "Chicago", "addr:housenumber": "1238", "addr:postcode": "60626", "addr:state": "IL", "addr:street": "West Albion Avenue", "amenity": "social_centre", "name": "Sigma Chi"}}, "geometry": {"type": "Point", "coordinates": [-87.6627932, 42.0027484]}}, {"type": "Feature", "properties": {"osm_type": "node", "osm_id": 7678645961, "tags": {"amenity": "social_centre", "brand": "AMVETS", "brand:wikidata": "Q2819279", "name": "AMVETS Post 222", "social_centre:for": "veteran"}}, "geometry": {"type": "Point", "coordinates": [-87.4242277, 39.4655966]}}, {"type": "Feature", "properties": {"osm_type": "node", "osm_id": 7725733494, "tags": {"amenity": "social_centre", "name": "IUPAT DC91 Local 197", "website": "http://iupatdc91.com/locals/local-197/"}}, "geometry": {"type": "Point", "coordinates": [-87.3828029, 39.4777027]}}, {"type": "Feature", "properties": {"osm_type": "node", "osm_id": 7782669658, "tags": {"addr:city": "Oswego", "addr:housenumber": "71", "addr:postcode": "60543", "addr:state": "IL", "addr:street": "South Main Street", "amenity": "social_centre", "name": "Raven Masonic Lodge"}}, "geometry": {"type": "Point", "coordinates": [-88.3526051, 41.6838617]}}, {"type": "Feature", "properties": {"osm_type": "node", "osm_id": 7832870489, "tags": {"amenity": "social_centre", "name": "Laborers International Union Of North America No. 204"}}, "geometry": {"type": "Point", "coordinates": [-87.4122942, 39.4632463]}}, {"type": "Feature", "properties": {"osm_type": "node", "osm_id": 7975444283, "tags": {"addr:city": "Saint Louis", "addr:housenumber": "3164", "addr:postcode": "63139", "addr:state": "MO", "addr:street": "Ivanhoe Avenue", "leisure": "bowling_alley", "name": "Epiphany Bowling Lanes", "phone": "+13147818684", "website": "https://epiphanystl.org/epiphanylanes"}}, "geometry": {"type": "Point", "coordinates": [-90.3033879, 38.606404]}}, {"type": "Feature", "properties": {"osm_type": "node", "osm_id": 8037511123, "tags": {"addr:city": "Oconomowoc", "addr:housenumber": "130", "addr:postcode": "53066", "addr:state": "WI", "addr:street": "West Wisconsin Avenue", "amenity": "social_centre", "brand": "American Legion", "brand:wikidata": "Q468865", "email": "post91oconomowoc@yahoo.com", "name": "American Legion Edwin L. Jones, Post 91", "social_centre:for": "veteran", "website": "https://www.post91oconomowoc.org/"}}, "geometry": {"type": "Point", "coordinates": [-88.5005091, 43.1120498]}}, {"type": "Feature", "properties": {"osm_type": "node", "osm_id": 8042233600, "tags": {"amenity": "social_centre", "brand": "Fraternal Order of Police", "brand:wikidata": "Q1451416", "name": "Fraternal Order of Police", "short_name": "FOP"}}, "geometry": {"type": "Point", "coordinates": [-87.3955698, 39.4487296]}}, {"type": "Feature", "properties": {"osm_type": "node", "osm_id": 8112393576, "tags": {"check_date": "2026-01-04", "leisure": "bowling_alley", "name": "EIU Lanes", "operator": "Eastern Illinois University", "phone": "+1-217-581-7457", "website": "https://www.eiu.edu/union/bowling.php"}}, "geometry": {"type": "Point", "coordinates": [-88.1756537, 39.4816503]}}, {"type": "Feature", "properties": {"osm_type": "node", "osm_id": 8119977004, "tags": {"brand": "Round1", "brand:wikidata": "Q11346634", "leisure": "bowling_alley", "name": "Round1", "sport": "10pin"}}, "geometry": {"type": "Point", "coordinates": [-88.0041652, 42.9495553]}}, {"type": "Feature", "properties": {"osm_type": "node", "osm_id": 8174656797, "tags": {"leisure": "bowling_alley", "name": "Freeport  Lanes"}}, "geometry": {"type": "Point", "coordinates": [-89.6404834, 42.3028123]}}, {"type": "Feature", "properties": {"osm_type": "node", "osm_id": 8515489858, "tags": {"amenity": "social_centre", "brand": "Benevolent and Protective Order of Elks", "brand:wikidata": "Q2895789", "name": "Elks Lodge", "official_name": "Benevolent and Protective Order of Elks", "short_name": "BPOE"}}, "geometry": {"type": "Point", "coordinates": [-93.5615012, 41.3614976]}}, {"type": "Feature", "properties": {"osm_type": "node", "osm_id": 8575640906, "tags": {"addr:city": "Buffalo", "addr:postcode": "65622", "addr:state": "MO", "addr:street": "S Ash St", "leisure": "bowling_alley"}}, "geometry": {"type": "Point", "coordinates": [-93.1048888, 37.6356469]}}, {"type": "Feature", "properties": {"osm_type": "node", "osm_id": 8575675734, "tags": {"amenity": "social_centre", "brand": "Veterans of Foreign Wars of the United States", "brand:wikidata": "Q3556413", "name": "VFW Post 4080", "name:en": "VFW Post", "official_name": "Veterans of Foreign Wars of the United States", "short_name": "VFW", "social_centre:for": "veterans"}}, "geometry": {"type": "Point", "coordinates": [-93.0954304, 37.6412266]}}, {"type": "Feature", "properties": {"osm_type": "node", "osm_id": 8636880494, "tags": {"addr:city": "Plano", "addr:housenumber": "209", "addr:postcode": "60545", "addr:state": "IL", "addr:street": "West Main Street", "email": "hometownlanes@yahoo.com", "leisure": "bowling_alley", "name": "Hometown Lanes & Sports Bar", "opening_hours": "Mo 11:00-23:00; Tu-We 13:00-23:00; Th 9:00-23:00; Fr-Sa 13:00-1:00; Su 13:00-23:00", "phone": "+1-630-552-4177", "source:addr": "Kendall County", "website": "https://www.hometownlanesandsportsbar.com/"}}, "geometry": {"type": "Point", "coordinates": [-88.5397337, 41.6620359]}}, {"type": "Feature", "properties": {"osm_type": "node", "osm_id": 8734349998, "tags": {"leisure": "bowling_alley"}}, "geometry": {"type": "Point", "coordinates": [-89.0436597, 37.7434621]}}, {"type": "Feature", "properties": {"osm_type": "node", "osm_id": 8898826542, "tags": {"addr:city": "Yorkville", "addr:housenumber": "1211", "addr:postcode": "60560", "addr:state": "IL", "addr:street": "North Bridge Street", "leisure": "bowling_alley", "name": "Pinz Yorkville", "phone": "+1-630-385-2724", "ref:YorkvilleAddressID": "6219", "source:addr": "Kendall County", "website": "https://yorkvillepinz.com/"}}, "geometry": {"type": "Point", "coordinates": [-88.4440815, 41.6559585]}}, {"type": "Feature", "properties": {"osm_type": "node", "osm_id": 8903333375, "tags": {"amenity": "social_centre", "name": "Bethalto Masonic Lodge"}}, "geometry": {"type": "Point", "coordinates": [-90.0402224, 38.9047495]}}, {"type": "Feature", "properties": {"osm_type": "node", "osm_id": 9032744749, "tags": {"amenity": "social_centre", "name": "Alpha Tau Omega Fraternity - Gamma Omicron", "social_centre": "fraternity"}}, "geometry": {"type": "Point", "coordinates": [-86.9195369, 40.4296913]}}, {"type": "Feature", "properties": {"osm_type": "node", "osm_id": 9128470487, "tags": {"amenity": "social_centre", "brand": "Loyal Order of Moose", "brand:wikidata": "Q6908585", "name": "Moose Lodge", "official_name": "Loyal Order of Moose"}}, "geometry": {"type": "Point", "coordinates": [-88.6091669, 41.6447874]}}, {"type": "Feature", "properties": {"osm_type": "node", "osm_id": 9150272830, "tags": {"amenity": "social_centre", "name": "Reach Veteran Services"}}, "geometry": {"type": "Point", "coordinates": [-87.4108978, 39.4631689]}}, {"type": "Feature", "properties": {"osm_type": "node", "osm_id": 9289344602, "tags": {"amenity": "social_centre", "brand": "American Legion", "brand:wikidata": "Q468865", "name": "American Legion Hall", "ref": "499", "social_centre:for": "veteran"}}, "geometry": {"type": "Point", "coordinates": [-94.2727562, 39.0141801]}}, {"type": "Feature", "properties": {"osm_type": "node", "osm_id": 9322500648, "tags": {"amenity": "social_centre", "brand": "American Legion", "brand:wikidata": "Q468865", "name": "American Legion Hall", "social_centre:for": "veteran"}}, "geometry": {"type": "Point", "coordinates": [-89.6022394, 40.6425552]}}, {"type": "Feature", "properties": {"osm_type": "node", "osm_id": 9368748737, "tags": {"amenity": "social_centre", "layer": "-1", "name": "IowaWorks", "phone": "+1-319-365-9474", "website": "http://www.iowaworkforce.org/region10/cedarrapids.htm"}}, "geometry": {"type": "Point", "coordinates": [-91.6284046, 42.0257299]}}, {"type": "Feature", "properties": {"osm_type": "node", "osm_id": 9384953723, "tags": {"addr:city": "Washington", "addr:housenumber": "100", "addr:postcode": "61571", "addr:state": "IL", "addr:street": "West Bittersweet Road", "alt_name": "Vietnam Veterans of Illinois Bunker;VVI Bunker", "amenity": "social_centre", "contact:facebook": "https://www.facebook.com/people/Vietnam-Veterans-of-Illinois/100064575284165/", "name": "Vietnam Veterans of Illinois", "social_centre:for": "veterans"}}, "geometry": {"type": "Point", "coordinates": [-89.4887937, 40.6828666]}}, {"type": "Feature", "properties": {"osm_type": "node", "osm_id": 9422078463, "tags": {"amenity": "social_centre", "brand": "Benevolent and Protective Order of Elks", "brand:short": "BPOE", "brand:wikidata": "Q2895789", "name": "Elks Lodge", "official_name": "Benevolent and Protective Order of Elks", "short_name": "BPOE"}}, "geometry": {"type": "Point", "coordinates": [-87.7600293, 41.6970304]}}, {"type": "Feature", "properties": {"osm_type": "node", "osm_id": 9464538879, "tags": {"addr:city": "Pana", "addr:housenumber": "1306", "addr:postcode": "62557", "addr:state": "IL", "addr:street": "Jackson Street", "leisure": "bowling_alley", "name": "Pana Bowl", "phone": "+1-217-562-3414", "website": "http://www.panabowl.com/"}}, "geometry": {"type": "Point", "coordinates": [-89.0614524, 39.3902391]}}, {"type": "Feature", "properties": {"osm_type": "node", "osm_id": 9464611548, "tags": {"amenity": "social_centre", "brand": "Veterans of Foreign Wars of the United States", "brand:short": "VFW", "brand:wikidata": "Q3556413", "name": "VFW Post", "name:en": "VFW Post", "official_name": "Veterans of Foreign Wars of the United States", "short_name": "VFW", "social_centre:for": "veteran"}}, "geometry": {"type": "Point", "coordinates": [-89.0802816, 39.3921897]}}, {"type": "Feature", "properties": {"osm_type": "node", "osm_id": 9511207103, "tags": {"amenity": "social_centre", "brand": "American Legion", "brand:wikidata": "Q468865", "name": "American Legion Hall", "social_centre:for": "veterans"}}, "geometry": {"type": "Point", "coordinates": [-88.7387418, 39.649577]}}, {"type": "Feature", "properties": {"osm_type": "node", "osm_id": 9520192486, "tags": {"addr:housenumber": "6511", "addr:street": "West Bluemound Road", "amenity": "social_centre", "brand": "Communications Workers of America", "name": "CWA Local 4603"}}, "geometry": {"type": "Point", "coordinates": [-87.9938083, 43.0359223]}}, {"type": "Feature", "properties": {"osm_type": "node", "osm_id": 9520192488, "tags": {"addr:city": "Milwaukee", "addr:housenumber": "6333", "addr:postcode": "53213", "addr:state": "WI", "addr:street": "West Bluemound Road", "amenity": "social_centre", "brand": "AFL-CIO", "name": "Wisconsin State AFL-CIO"}}, "geometry": {"type": "Point", "coordinates": [-87.9919049, 43.0359667]}}, {"type": "Feature", "properties": {"osm_type": "node", "osm_id": 9520192490, "tags": {"addr:housenumber": "6310", "addr:street": "West Bluemound Road", "amenity": "social_centre", "brand": "Milwaukee Police Association", "name": "MPA Local 21"}}, "geometry": {"type": "Point", "coordinates": [-87.9914553, 43.0364538]}}, {"type": "Feature", "properties": {"osm_type": "node", "osm_id": 9532112708, "tags": {"amenity": "social_centre", "brand": "American Legion", "brand:wikidata": "Q468865", "name": "Marion B Fletcher American Legion Post 136", "social_centre:for": "veterans"}}, "geometry": {"type": "Point", "coordinates": [-90.6314872, 40.9237851]}}, {"type": "Feature", "properties": {"osm_type": "node", "osm_id": 9548709893, "tags": {"addr:housenumber": "511", "addr:street": "North 62nd Street", "amenity": "social_centre", "brand": "International Brotherhood of Teamsters", "name": "Teamsters Local Union No. 200"}}, "geometry": {"type": "Point", "coordinates": [-87.9902055, 43.03672]}}, {"type": "Feature", "properties": {"osm_type": "node", "osm_id": 9663488269, "tags": {"amenity": "social_centre", "brand": "American Legion", "brand:wikidata": "Q468865", "name": "American Legion Hall", "social_centre:for": "veterans"}}, "geometry": {"type": "Point", "coordinates": [-91.9704821, 41.9949442]}}, {"type": "Feature", "properties": {"osm_type": "node", "osm_id": 9663675613, "tags": {"leisure": "bowling_alley", "name": "Keystone Turner Hall"}}, "geometry": {"type": "Point", "coordinates": [-92.1970439, 41.9986779]}}, {"type": "Feature", "properties": {"osm_type": "node", "osm_id": 9669023117, "tags": {"addr:city": "Galena", "addr:housenumber": "237", "addr:postcode": "61036", "addr:state": "IL", "addr:street": "South Main Street", "alt_name": "Aeries Lodge", "amenity": "social_centre", "brand": "Fraternal Order of Eagles", "brand:wikidata": "Q5493810", "club": "fraternal_order", "name": "Fraternal Order of Eagles", "official_name": "Fraternal Order of Eagles", "short_name": "FOE", "wheelchair": "yes"}}, "geometry": {"type": "Point", "coordinates": [-90.4302105, 42.4146898]}}, {"type": "Feature", "properties": {"osm_type": "node", "osm_id": 9686465880, "tags": {"addr:city": "Roscoe", "addr:country": "US", "addr:full": "10534 Main Street, Roscoe, IL 61073", "addr:housenumber": "10534", "addr:postcode": "61073", "addr:state": "IL", "addr:street": "Main Street", "amenity": "social_centre", "name": "Masonic Lodge # 75"}}, "geometry": {"type": "Point", "coordinates": [-89.0097299, 42.4134539]}}, {"type": "Feature", "properties": {"osm_type": "node", "osm_id": 9732562747, "tags": {"addr:city": "Plymouth", "addr:country": "US", "addr:housenumber": "1024", "addr:postcode": "46563", "addr:state": "IN", "addr:street": "W Jefferson St.", "leisure": "bowling_alley", "name": "Quick's Lanes", "opening_hours": "Mo 14:00-20:30; Tu 14:30-20:30; We 13:00-20:30; Th 12:30-20:30; Fr 10:00-24:00; Sa 10:30-23:00; Su 11:00-20:00", "operator": "Timothy Quick", "payment:american_express": "yes", "payment:cash": "yes", "payment:cheque": "yes", "payment:discover_card": "yes", "payment:mastercard": "yes", "payment:visa": "yes", "phone": "+1-574-936-3633"}}, "geometry": {"type": "Point", "coordinates": [-86.3211907, 41.3434191]}}, {"type": "Feature", "properties": {"osm_type": "node", "osm_id": 9750186806, "tags": {"amenity": "social_centre", "brand": "American Legion", "brand:wikidata": "Q468865", "name": "Merkel-Bockholt Post 0107 American Legion", "social_centre:for": "veterans"}}, "geometry": {"type": "Point", "coordinates": [-92.1983237, 41.999568]}}, {"type": "Feature", "properties": {"osm_type": "node", "osm_id": 9793701282, "tags": {"addr:city": "Brookfield", "addr:postcode": "60513", "addr:state": "IL", "addr:street": "Broadway Avenue", "amenity": "social_centre", "brand": "Independent Order of Odd Fellows", "brand:short": "IOOF", "brand:wikidata": "Q1425508", "name": "Odd Fellows Hall", "official_name": "Independent Order of Odd Fellows", "short_name": "IOOF"}}, "geometry": {"type": "Point", "coordinates": [-87.8530657, 41.8266415]}}, {"type": "Feature", "properties": {"osm_type": "node", "osm_id": 9850686319, "tags": {"addr:city": "South Holland", "addr:housenumber": "443", "addr:postcode": "60473", "addr:state": "IL", "addr:street": "East 157th Street", "amenity": "social_centre", "brand": "American Legion", "brand:wikidata": "Q468865", "name": "American Legion Hall", "social_centre:for": "veteran"}}, "geometry": {"type": "Point", "coordinates": [-87.6057348, 41.6097945]}}, {"type": "Feature", "properties": {"osm_type": "node", "osm_id": 9896235836, "tags": {"amenity": "social_centre", "name": "Junior Achievent of Eastern Iowa"}}, "geometry": {"type": "Point", "coordinates": [-91.6649633, 41.977021]}}, {"type": "Feature", "properties": {"osm_type": "node", "osm_id": 9906065073, "tags": {"amenity": "social_centre", "brand": "Loyal Order of Moose", "brand:wikidata": "Q6908585", "name": "Moose Lodge", "official_name": "Loyal Order of Moose"}}, "geometry": {"type": "Point", "coordinates": [-86.3580079, 41.8270204]}}, {"type": "Feature", "properties": {"osm_type": "node", "osm_id": 9921151966, "tags": {"amenity": "social_centre", "brand": "American Legion", "brand:wikidata": "Q468865", "name": "American Legion Hall", "social_centre:for": "veteran"}}, "geometry": {"type": "Point", "coordinates": [-87.1132792, 37.7685827]}}, {"type": "Feature", "properties": {"osm_type": "node", "osm_id": 9930834577, "tags": {"addr:city": "River Grove", "addr:housenumber": "8664", "addr:postcode": "60171", "addr:state": "IL", "addr:street": "West Grand Avenue", "amenity": "social_centre", "brand": "American Legion", "brand:wikidata": "Q468865", "name": "American Legion Hall", "social_centre:for": "veteran"}}, "geometry": {"type": "Point", "coordinates": [-87.8429408, 41.9299597]}}, {"type": "Feature", "properties": {"osm_type": "node", "osm_id": 9930834578, "tags": {"addr:city": "River Grove", "addr:housenumber": "8664", "addr:postcode": "60171", "addr:state": "IL", "addr:street": "West Grand Avenue", "amenity": "social_centre", "brand": "Veterans of Foreign Wars of the United States", "brand:short": "VFW", "brand:wikidata": "Q3556413", "name": "VFW Post 5979", "name:en": "VFW Post", "official_name": "Veterans of Foreign Wars of the United States", "short_name": "VFW", "social_centre:for": "veteran"}}, "geometry": {"type": "Point", "coordinates": [-87.8428925, 41.9301553]}}, {"type": "Feature", "properties": {"osm_type": "node", "osm_id": 9958338347, "tags": {"addr:city": "Oswego", "addr:housenumber": "19", "addr:postcode": "60543", "addr:street": "West Washington Street", "amenity": "social_centre", "brand": "American Legion", "brand:wikidata": "Q468865", "name": "American Legion Post #675", "opening_hours": "Mo-Th 11:00-13:00; Fr-Sa 11:00-14:00; Su 11:00-13:00", "phone": "+1-630-554-8751", "social_centre:for": "veteran", "source:addr": "Kendall County"}}, "geometry": {"type": "Point", "coordinates": [-88.3523813, 41.6831065]}}, {"type": "Feature", "properties": {"osm_type": "node", "osm_id": 9958339783, "tags": {"addr:city": "Yorkville", "addr:housenumber": "9054", "addr:postcode": "60560", "addr:street": "Route 34", "amenity": "social_centre", "brand": "American Legion", "brand:wikidata": "Q468865", "name": "American Legion Post #489", "opening_hours": "Mo-Fr 11:00-13:00; Sa 10:00-14:00; Su 10:00-12:00", "phone": "+1-630-553-7117", "social_centre:for": "veteran", "source:addr": "Kendall County"}}, "geometry": {"type": "Point", "coordinates": [-88.4293236, 41.6574461]}}, {"type": "Feature", "properties": {"osm_type": "node", "osm_id": 10087753004, "tags": {"amenity": "social_centre", "brand": "American Legion", "brand:wikidata": "Q468865", "name": "American Legion Post 305", "social_centre:for": "veteran"}}, "geometry": {"type": "Point", "coordinates": [-88.7775363, 43.0785959]}}, {"type": "Feature", "properties": {"osm_type": "node", "osm_id": 10137737648, "tags": {"addr:city": "Swansea", "addr:housenumber": "216", "addr:postcode": "62221", "addr:state": "IL", "addr:street": "Service Street", "club": "social", "description": "At Swansea Improvement Association, we take pride in bringing families together and giving back to the community. Whether you're craving a casual meal or a special celebration, we have something for everyone.", "email": "swanseaimprovement@gmail.com", "name": "Swansea Improvement Association", "phone": "+1-618-277-6331", "website": "https://www.siassociation.com/"}}, "geometry": {"type": "Point", "coordinates": [-89.9798703, 38.5297833]}}, {"type": "Feature", "properties": {"osm_type": "node", "osm_id": 10157903866, "tags": {"leisure": "bowling_alley", "name": "Lakes Bowl"}}, "geometry": {"type": "Point", "coordinates": [-88.0974285, 42.3554516]}}, {"type": "Feature", "properties": {"osm_type": "node", "osm_id": 10224524668, "tags": {"addr:city": "Kansas City", "addr:housenumber": "215", "addr:postcode": "64108", "addr:state": "MO", "addr:street": "Southwest Boulevard", "club": "social", "name": "The Redux Society", "website": "https://www.reduxsociety.org/"}}, "geometry": {"type": "Point", "coordinates": [-94.586905, 39.0888905]}}, {"type": "Feature", "properties": {"osm_type": "node", "osm_id": 10261258115, "tags": {"addr:city": "Springfield", "addr:housenumber": "1120", "addr:postcode": "62702", "addr:state": "IL", "addr:street": "East Sangamon Avenue", "amenity": "social_centre", "brand": "American Legion", "brand:wikidata": "Q468865", "gambling": "slot_machines", "name": "American Legion Hall", "opening_hours": "Mo-We 11:00-14:00,16:00-19:00; Th-Fr 11:00-14:00,16:00-20:00", "phone": "+1-217-523-3415", "social_centre:for": "veteran", "website": "http://www.springfieldamericanlegion.com/"}}, "geometry": {"type": "Point", "coordinates": [-89.6390238, 39.8307445]}}, {"type": "Feature", "properties": {"osm_type": "node", "osm_id": 10286224724, "tags": {"addr:city": "Oak Lawn", "addr:housenumber": "4700", "addr:postcode": "60453", "addr:state": "IL", "addr:street": "103rd Street", "leisure": "bowling_alley", "name": "Arena Lanes"}}, "geometry": {"type": "Point", "coordinates": [-87.7383725, 41.70672]}}, {"type": "Feature", "properties": {"osm_type": "node", "osm_id": 10555159827, "tags": {"addr:city": "Milwaukee", "addr:housenumber": "5625", "addr:postcode": "53213", "addr:state": "WI", "addr:street": "West Wells Street", "amenity": "social_centre", "name": "Two Trees MKE", "phone": "+1-414-539-2222", "website": "https://twotreesmke.org/"}}, "geometry": {"type": "Point", "coordinates": [-87.983935, 43.0395433]}}, {"type": "Feature", "properties": {"osm_type": "node", "osm_id": 10555175214, "tags": {"addr:city": "West Allis", "addr:housenumber": "6737", "addr:postcode": "53214", "addr:state": "WI", "addr:street": "West Washington Street", "addr:unit": "Suite 1420", "amenity": "social_centre", "email": "info@urban-learning.org", "fax": "+1-414-342-1577", "name": "Urban Learning Collaberative", "phone": "+1-414-342-1569", "website": "https://urban-learning.org/"}}, "geometry": {"type": "Point", "coordinates": [-87.9961301, 43.0205807]}}, {"type": "Feature", "properties": {"osm_type": "node", "osm_id": 10563794486, "tags": {"addr:city": "Chicago", "addr:housenumber": "3118", "addr:postcode": "60618", "addr:state": "IL", "addr:street": "North Milwaukee Avenue", "leisure": "bowling_alley", "name": "Avondale Bowl", "opening_hours": "Mo-Th 17:00-00:00; Fr 17:00-01:00; Sa 13:00-01:00; Su 13:00-00:00", "phone": "+1-708-831-8064", "website": "https://www.avondalebowl.com/"}}, "geometry": {"type": "Point", "coordinates": [-87.7218626, 41.9376835]}}, {"type": "Feature", "properties": {"osm_type": "node", "osm_id": 10600461887, "tags": {"amenity": "social_centre", "brand": "Veterans of Foreign Wars of the United States", "brand:wikidata": "Q3556413", "name": "VFW Post 6026", "name:en": "VFW Post 6026", "official_name": "Veterans of Foreign Wars of the United States", "short_name": "VFW", "social_centre:for": "veteran"}}, "geometry": {"type": "Point", "coordinates": [-89.0176501, 40.7373419]}}, {"type": "Feature", "properties": {"osm_type": "node", "osm_id": 10605542922, "tags": {"addr:city": "Fairbury", "addr:housenumber": "205", "addr:postcode": "61739", "addr:state": "IL", "addr:street": "East Locust Street", "amenity": "social_centre", "brand": "Veterans of Foreign Wars of the United States", "brand:wikidata": "Q3556413", "name": "VFW Post", "name:en": "VFW Post", "official_name": "Veterans of Foreign Wars of the United States", "short_name": "VFW", "social_centre:for": "veteran"}}, "geometry": {"type": "Point", "coordinates": [-88.5111058, 40.746812]}}, {"type": "Feature", "properties": {"osm_type": "node", "osm_id": 10606782122, "tags": {"amenity": "social_centre", "brand": "American Legion", "brand:wikidata": "Q468865", "name": "American Legion Hall", "social_centre:for": "veteran"}}, "geometry": {"type": "Point", "coordinates": [-88.4082322, 40.7496752]}}, {"type": "Feature", "properties": {"osm_type": "node", "osm_id": 10734818672, "tags": {"amenity": "social_centre", "brand": "Veterans of Foreign Wars of the United States", "brand:short": "VFW", "brand:wikidata": "Q3556413", "name": "Harry W Philblad VFW Post 749", "name:en": "VFW Post", "official_name": "Veterans of Foreign Wars of the United States", "short_name": "VFW", "social_centre:for": "veteran"}}, "geometry": {"type": "Point", "coordinates": [-90.2931755, 40.9172842]}}, {"type": "Feature", "properties": {"osm_type": "node", "osm_id": 10774569427, "tags": {"amenity": "social_centre", "brand": "American Legion", "brand:wikidata": "Q468865", "check_date": "2026-02-09", "name": "American Legion Hall", "social_centre:for": "veteran"}}, "geometry": {"type": "Point", "coordinates": [-88.0002407, 42.2651755]}}, {"type": "Feature", "properties": {"osm_type": "node", "osm_id": 10945019676, "tags": {"addr:city": "Chillicothe", "addr:housenumber": "2870", "addr:postcode": "64601", "addr:state": "MO", "addr:street": "Grand Drive", "leisure": "bowling_alley", "name": "The Fast Lane", "phone": "+1 660 707 17 00", "website": "https://www.fastlanefun.com/"}}, "geometry": {"type": "Point", "coordinates": [-93.5539463, 39.8206145]}}, {"type": "Feature", "properties": {"osm_type": "node", "osm_id": 10945307445, "tags": {"club": "social", "level": "66-67", "name": "The Metropolitan"}}, "geometry": {"type": "Point", "coordinates": [-87.6360726, 41.8788339]}}, {"type": "Feature", "properties": {"osm_type": "node", "osm_id": 10951927541, "tags": {"amenity": "social_centre", "check_date": "2023-08-19", "name": "Armed Forces Career Center"}}, "geometry": {"type": "Point", "coordinates": [-86.7344499, 41.601228]}}, {"type": "Feature", "properties": {"osm_type": "node", "osm_id": 10968408753, "tags": {"amenity": "social_centre", "brand": "American Legion", "brand:wikidata": "Q468865", "contact:facebook": "https://www.facebook.com/eurekalegion/", "name": "American Legion Post 466", "social_centre:for": "veterans", "website": "http://www.eurekalegion.com/"}}, "geometry": {"type": "Point", "coordinates": [-89.2730196, 40.7005653]}}, {"type": "Feature", "properties": {"osm_type": "node", "osm_id": 10974591271, "tags": {"amenity": "social_centre", "name": "Coggon Historical Society"}}, "geometry": {"type": "Point", "coordinates": [-91.5308893, 42.2811654]}}, {"type": "Feature", "properties": {"osm_type": "node", "osm_id": 11002486058, "tags": {"amenity": "social_centre", "name": "Boyd Building"}}, "geometry": {"type": "Point", "coordinates": [-92.5835748, 42.7100046]}}, {"type": "Feature", "properties": {"osm_type": "node", "osm_id": 11070136307, "tags": {"amenity": "social_centre", "name": "Moolah Shrine Center"}}, "geometry": {"type": "Point", "coordinates": [-90.4568146, 38.6950565]}}, {"type": "Feature", "properties": {"osm_type": "node", "osm_id": 11073656482, "tags": {"addr:city": "Springfield", "addr:housenumber": "940", "addr:postcode": "62712", "addr:state": "IL", "addr:street": "West Lake Shore Drive", "club": "social", "name": "Firefighters Lake Club", "phone": "+1-217-691-6472", "start_date": "1948", "website": "https://firefighterspostal.com/"}}, "geometry": {"type": "Point", "coordinates": [-89.6150314, 39.7409892]}}, {"type": "Feature", "properties": {"osm_type": "node", "osm_id": 11073656487, "tags": {"addr:city": "Springfield", "addr:housenumber": "1", "addr:postcode": "62712", "addr:state": "IL", "addr:street": "Club Area Lane", "club": "social", "gambling": "slot_machines", "name": "Aqua Sports Club", "phone": "+1-217-529-2431"}}, "geometry": {"type": "Point", "coordinates": [-89.6132558, 39.7410201]}}, {"type": "Feature", "properties": {"osm_type": "node", "osm_id": 11074065454, "tags": {"addr:city": "Springfield", "addr:housenumber": "2211", "addr:postcode": "62704", "addr:state": "IL", "addr:street": "Old Jacksonville Road", "amenity": "social_centre", "brand": "Veterans of Foreign Wars of the United States", "brand:short": "VFW", "brand:wikidata": "Q3556413", "jukebox": "yes", "jukebox:brand": "TouchTunes", "jukebox:brand:wikidata": "Q120805284", "name": "VFW Post", "name:en": "VFW Post", "official_name": "Veterans of Foreign Wars of the United States", "opening_hours": "Mo-Su 11:00-25:00", "phone": "+1-217-546-9515", "ref": "755", "short_name": "VFW", "social_centre:for": "veteran"}}, "geometry": {"type": "Point", "coordinates": [-89.6935663, 39.7873252]}}, {"type": "Feature", "properties": {"osm_type": "node", "osm_id": 11074178151, "tags": {"addr:city": "Springfield", "addr:housenumber": "2349", "addr:postcode": "62702", "addr:state": "IL", "addr:street": "Stockyard Road", "amenity": "social_centre", "brand": "Veterans of Foreign Wars of the United States", "brand:short": "VFW", "brand:wikidata": "Q3556413", "jukebox": "yes", "jukebox:brand": "TouchTunes", "jukebox:brand:wikidata": "Q120805284", "name": "VFW Post", "name:en": "VFW Post", "official_name": "Veterans of Foreign Wars of the United States", "phone": "+1-217-789-4725", "short_name": "VFW", "social_centre:for": "veteran"}}, "geometry": {"type": "Point", "coordinates": [-89.6066092, 39.8327807]}}, {"type": "Feature", "properties": {"osm_type": "node", "osm_id": 11074283510, "tags": {"addr:city": "Springfield", "addr:housenumber": "409", "addr:postcode": "62712", "addr:state": "IL", "addr:street": "East Lake Shore Drive", "amenity": "social_centre", "brand": "Benevolent and Protective Order of Elks", "brand:short": "BPOE", "brand:wikidata": "Q2895789", "jukebox": "yes", "jukebox:brand": "TouchTunes", "jukebox:brand:wikidata": "Q120805284", "name": "Elks Lodge", "official_name": "Benevolent and Protective Order of Elks", "phone": "+1-217-529-0158", "ref": "158", "short_name": "BPOE", "start_date": "1908", "website": "https://www.elks.org/lodges/home.cfm?LodgeNumber=158"}}, "geometry": {"type": "Point", "coordinates": [-89.5893212, 39.7558591]}}, {"type": "Feature", "properties": {"osm_type": "node", "osm_id": 11084748606, "tags": {"addr:city": "Bedford", "addr:housenumber": "2824", "addr:postcode": "47421", "addr:state": "IN", "addr:street": "Washington Avenue", "amenity": "social_centre", "name": "Serenity Club"}}, "geometry": {"type": "Point", "coordinates": [-86.4976179, 38.8469019]}}, {"type": "Feature", "properties": {"osm_type": "node", "osm_id": 11155180617, "tags": {"addr:city": "Creston", "addr:housenumber": "109", "addr:postcode": "50801", "addr:state": "IA", "addr:street": "North Elm Street", "amenity": "social_centre", "name": "Connections Area Agency on Aging", "website": "https://www.connectionsaaa.org/"}}, "geometry": {"type": "Point", "coordinates": [-94.36371, 41.0579002]}}, {"type": "Feature", "properties": {"osm_type": "node", "osm_id": 11161796140, "tags": {"addr:city": "Madison", "addr:housenumber": "315", "addr:postcode": "53703", "addr:state": "WI", "addr:street": "West Washington Avenue", "club": "social", "name": "Phi Kappa Sigma", "opening_hours": "24/7", "website": "https://linktr.ee/pksuw"}}, "geometry": {"type": "Point", "coordinates": [-89.3875378, 43.0720062]}}, {"type": "Feature", "properties": {"osm_type": "node", "osm_id": 11170970467, "tags": {"amenity": "social_centre", "brand": "American Legion", "brand:wikidata": "Q468865", "name": "American Legion Hall Post 232", "social_centre:for": "veteran"}}, "geometry": {"type": "Point", "coordinates": [-93.712678, 41.770908]}}, {"type": "Feature", "properties": {"osm_type": "node", "osm_id": 11195096280, "tags": {"leisure": "bowling_alley", "name": "Leisure World Lanes"}}, "geometry": {"type": "Point", "coordinates": [-92.5595825, 40.1957869]}}, {"type": "Feature", "properties": {"osm_type": "node", "osm_id": 11238637373, "tags": {"amenity": "social_centre", "brand": "Benevolent and Protective Order of Elks", "brand:wikidata": "Q2895789", "name": "Elks Lodge", "official_name": "Benevolent and Protective Order of Elks", "short_name": "BPOE"}}, "geometry": {"type": "Point", "coordinates": [-90.4665852, 38.656944]}}, {"type": "Feature", "properties": {"osm_type": "node", "osm_id": 11279519504, "tags": {"addr:city": "Chicago", "addr:housenumber": "1824", "addr:postcode": "60622", "addr:state": "IL", "addr:street": "West Cortland Street", "amenity": "social_centre", "brand": "AMVETS", "brand:wikidata": "Q2819279", "name": "AMVETS FDR Post 923", "name:etymology:wikidata": "Q8007", "name:etymology:wikipedia": "en:Franklin D. Roosevelt", "social_centre:for": "veteran"}}, "geometry": {"type": "Point", "coordinates": [-87.6737737, 41.9161449]}}, {"type": "Feature", "properties": {"osm_type": "node", "osm_id": 11345478253, "tags": {"addr:city": "Guttenberg", "addr:housenumber": "1107", "addr:postcode": "52052", "addr:state": "IA", "addr:street": "South 5th Street", "alt_name": "Aeries Lodge", "amenity": "social_centre", "brand": "Fraternal Order of Eagles", "brand:wikidata": "Q5493810", "name": "Fraternal Order of Eagles", "official_name": "Fraternal Order of Eagles", "short_name": "FOE"}}, "geometry": {"type": "Point", "coordinates": [-91.100149, 42.7738025]}}, {"type": "Feature", "properties": {"osm_type": "node", "osm_id": 11403480459, "tags": {"leisure": "bowling_alley", "name": "Pinstripes"}}, "geometry": {"type": "Point", "coordinates": [-88.1848603, 42.0760916]}}, {"type": "Feature", "properties": {"osm_type": "node", "osm_id": 11466483761, "tags": {"leisure": "bowling_alley", "name": "Piedmont Lanes"}}, "geometry": {"type": "Point", "coordinates": [-90.7001491, 37.1427443]}}, {"type": "Feature", "properties": {"osm_type": "node", "osm_id": 11468458507, "tags": {"addr:city": "Minonk", "addr:housenumber": "454;456", "addr:postcode": "61760", "addr:state": "IL", "addr:street": "North Chestnut Street", "amenity": "pub", "contact:facebook": "https://www.facebook.com/minonklanes/", "drink:beer": "served", "drink:liquor": "served", "drink:soft_drink": "served", "food": "yes", "leisure": "bowling_alley", "level": "0", "loc_name": "The Lanes", "name": "Minonk Lanes", "phone": "+1 309-432-2737"}}, "geometry": {"type": "Point", "coordinates": [-89.0339116, 40.9012731]}}, {"type": "Feature", "properties": {"osm_type": "node", "osm_id": 11492389611, "tags": {"addr:city": "Hazel Crest", "addr:housenumber": "17034", "addr:postcode": "60429", "addr:state": "IL", "addr:street": "Page Avenue", "amenity": "social_centre", "brand": "American Legion", "brand:wikidata": "Q468865", "name": "American Legion Hall", "social_centre:for": "veteran"}}, "geometry": {"type": "Point", "coordinates": [-87.6596453, 41.5801662]}}, {"type": "Feature", "properties": {"osm_type": "node", "osm_id": 11492840738, "tags": {"addr:city": "Kansas City", "addr:housenumber": "7300", "addr:postcode": "64153", "addr:state": "MO", "addr:street": "Northwest 87th Terrace", "club": "social", "name": "Neuro Diverse City", "phone": "+1-816-493-5466", "website": "https://ndcity.org/"}}, "geometry": {"type": "Point", "coordinates": [-94.6644021, 39.2534453]}}, {"type": "Feature", "properties": {"osm_type": "node", "osm_id": 11501065528, "tags": {"addr:housenumber": "1503", "addr:street": "rolling", "amenity": "social_centre", "name": "Ruthven Social Center"}}, "geometry": {"type": "Point", "coordinates": [-94.8993374, 43.1293667]}}, {"type": "Feature", "properties": {"osm_type": "node", "osm_id": 11503061882, "tags": {"amenity": "social_centre", "brand": "Loyal Order of Moose", "brand:wikidata": "Q6908585", "name": "South Haven Moose Lodge 697", "official_name": "Loyal Order of Moose"}}, "geometry": {"type": "Point", "coordinates": [-86.2702836, 42.4113768]}}, {"type": "Feature", "properties": {"osm_type": "node", "osm_id": 11795834710, "tags": {"addr:city": "Rolla", "addr:housenumber": "1038", "addr:postcode": "65401", "addr:state": "MO", "addr:street": "Kingshighway", "leisure": "bowling_alley", "name": "Rolla Bowling Center", "phone": "+1-573-426-4386", "website": "https://www.facebook.com/rollabowlingcenter"}}, "geometry": {"type": "Point", "coordinates": [-91.7836196, 37.9458483]}}, {"type": "Feature", "properties": {"osm_type": "node", "osm_id": 11807488200, "tags": {"addr:city": "Chicago", "addr:housenumber": "3009", "addr:postcode": "60618", "addr:state": "IL", "addr:street": "North Kedzie Avenue", "amenity": "social_centre", "brand": "Veterans of Foreign Wars of the United States", "brand:short": "VFW", "brand:wikidata": "Q3556413", "check_date": "2024-04-10", "name": "Logan Avondale VFW Post", "name:en": "VFW Post", "official_name": "Veterans of Foreign Wars of the United States", "short_name": "VFW", "social_centre:for": "veteran"}}, "geometry": {"type": "Point", "coordinates": [-87.7072562, 41.935965]}}, {"type": "Feature", "properties": {"osm_type": "node", "osm_id": 11819974912, "tags": {"addr:city": "Chicago", "addr:housenumber": "330", "addr:postcode": "60654", "addr:state": "IL", "addr:street": "North State Street", "leisure": "bowling_alley", "name": "10pin Bowling Lounge", "operator": "Hotel Chicago Downtown, Autograph Collection", "sport": "10pin", "website": "https://www.10pinchicago.com/"}}, "geometry": {"type": "Point", "coordinates": [-87.628498, 41.8885278]}}, {"type": "Feature", "properties": {"osm_type": "node", "osm_id": 11875064221, "tags": {"amenity": "social_centre", "brand": "American Legion", "brand:wikidata": "Q468865", "name": "Solon American Legion Hall", "social_centre:for": "veteran"}}, "geometry": {"type": "Point", "coordinates": [-91.4933432, 41.8073045]}}, {"type": "Feature", "properties": {"osm_type": "node", "osm_id": 11885248427, "tags": {"addr:city": "Ferguson", "addr:housenumber": "333", "addr:postcode": "63135", "addr:state": "MO", "addr:street": "North Florissant Road", "amenity": "social_centre", "brand": "Send Relief", "building": "yes", "email": "stlouis@sendrelief.org", "name": "Send Relief St. Louis Ministry Center", "operator": "North American Mission Board", "operator:type": "religious", "website": "https://www.sendrelief.org/projects/st-louis-ministry-center/"}}, "geometry": {"type": "Point", "coordinates": [-90.3085289, 38.7501656]}}, {"type": "Feature", "properties": {"osm_type": "node", "osm_id": 11906935385, "tags": {"addr:city": "Boscobel", "addr:housenumber": "16971", "addr:postcode": "53805", "addr:state": "WI", "addr:street": "US 61", "amenity": "events_venue", "leisure": "bowling_alley", "name": "Boscobel Bowling & Banquet", "phone": "+1-608-375-2200"}}, "geometry": {"type": "Point", "coordinates": [-90.7055633, 43.1202852]}}, {"type": "Feature", "properties": {"osm_type": "node", "osm_id": 11920924679, "tags": {"addr:city": "North Riverside", "addr:housenumber": "7501", "addr:postcode": "60546", "addr:state": "IL", "addr:street": "Cermak Road", "addr:unit": "B", "branch": "North Riverside", "brand": "Round1", "brand:wikidata": "Q11346634", "check_date": "2025-04-06", "leisure": "bowling_alley", "name": "Round1", "opening_hours": "Mo-Su 10:00-01:00", "operator": "Round1", "phone": "+1 708 762 3113", "sport": "10pin", "website": "https://www.round1usa.com/north-riverside-park-mall/"}}, "geometry": {"type": "Point", "coordinates": [-87.810992, 41.8487149]}}, {"type": "Feature", "properties": {"osm_type": "node", "osm_id": 11931353169, "tags": {"addr:city": "South Milwaukee", "addr:housenumber": "1200", "addr:postcode": "53172", "addr:state": "WI", "addr:street": "Madison Avenue", "leisure": "bowling_alley", "name": "South Milwaukee Arcade", "opening_hours": "Mo-We off; Th 17:30-23:00; Fr off; Sa 14:30-22:00", "phone": "+14147627060", "website": "https://sma-bowl.com/"}}, "geometry": {"type": "Point", "coordinates": [-87.8649034, 42.9100071]}}, {"type": "Feature", "properties": {"osm_type": "node", "osm_id": 11931400283, "tags": {"addr:city": "Cudahy", "addr:housenumber": "3620", "addr:postcode": "53110", "addr:state": "WI", "addr:street": "East Carpenter Avenue", "leisure": "bowling_alley", "name": "South Shore Bowl", "website": "https://southshorebowl.com/"}}, "geometry": {"type": "Point", "coordinates": [-87.8593608, 42.9558464]}}, {"type": "Feature", "properties": {"osm_type": "node", "osm_id": 11951300635, "tags": {"addr:city": "Watertown", "addr:housenumber": "N8775", "addr:postcode": "53094", "addr:state": "WI", "addr:street": "High Road", "amenity": "social_centre", "brand": "Veterans of Foreign Wars of the United States", "brand:wikidata": "Q3556413", "name": "VFW Post", "name:en": "VFW Post", "official_name": "Veterans of Foreign Wars of the United States", "short_name": "VFW", "social_centre:for": "veteran"}}, "geometry": {"type": "Point", "coordinates": [-88.7365366, 43.1628643]}}, {"type": "Feature", "properties": {"osm_type": "node", "osm_id": 11951300642, "tags": {"addr:city": "Watertown", "addr:housenumber": "117", "addr:postcode": "53094", "addr:state": "WI", "addr:street": "North 1st Street", "amenity": "social_centre", "brand": "Benevolent and Protective Order of Elks", "brand:wikidata": "Q2895789", "name": "Elks Lodge", "official_name": "Benevolent and Protective Order of Elks", "short_name": "BPOE"}}, "geometry": {"type": "Point", "coordinates": [-88.7236879, 43.194892]}}, {"type": "Feature", "properties": {"osm_type": "node", "osm_id": 11952506895, "tags": {"addr:city": "Watertown", "addr:housenumber": "1222", "addr:postcode": "53098", "addr:state": "WI", "addr:street": "Juneau Street", "amenity": "social_centre", "brand": "Loyal Order of Moose", "brand:wikidata": "Q6908585", "name": "Watertown Moose Lodge 830", "official_name": "Loyal Order of Moose", "phone": "+19202616458"}}, "geometry": {"type": "Point", "coordinates": [-88.7052495, 43.2066476]}}, {"type": "Feature", "properties": {"osm_type": "node", "osm_id": 11961284426, "tags": {"amenity": "social_centre", "brand": "Benevolent and Protective Order of Elks", "brand:wikidata": "Q2895789", "name": "Elks Lodge", "official_name": "Benevolent and Protective Order of Elks", "short_name": "BPOE"}}, "geometry": {"type": "Point", "coordinates": [-86.2755942, 42.4034049]}}, {"type": "Feature", "properties": {"osm_type": "node", "osm_id": 11963226976, "tags": {"addr:city": "Gary", "addr:housenumber": "6601", "addr:postcode": "46403", "addr:state": "IN", "addr:street": "Hobart Road", "amenity": "social_centre", "brand": "American Legion", "brand:wikidata": "Q468865", "name": "American Legion Miller Dunes Post 279", "social_centre:for": "veteran", "website": "https://www.legion.org/"}}, "geometry": {"type": "Point", "coordinates": [-87.2587457, 41.5995179]}}, {"type": "Feature", "properties": {"osm_type": "node", "osm_id": 11970646673, "tags": {"addr:city": "Roodhouse", "addr:housenumber": "332", "addr:postcode": "62082", "addr:state": "IL", "addr:street": "South State Street", "leisure": "bowling_alley", "name": "Martin Lanes", "website": "https://www.martinlanes.com/"}}, "geometry": {"type": "Point", "coordinates": [-90.3741357, 39.4821283]}}, {"type": "Feature", "properties": {"osm_type": "node", "osm_id": 11972263222, "tags": {"addr:city": "Iowa City", "addr:housenumber": "1927", "addr:postcode": "52240", "addr:state": "IA", "addr:street": "Keokuk Street", "amenity": "social_centre", "name": "RSFIC Gathering Space", "operator": "RSFIC"}}, "geometry": {"type": "Point", "coordinates": [-91.5252914, 41.6416393]}}, {"type": "Feature", "properties": {"osm_type": "node", "osm_id": 11991190627, "tags": {"addr:city": "Indianapolis", "addr:housenumber": "8697", "addr:postcode": "46231", "addr:state": "IN", "addr:street": "West Morris Street", "amenity": "social_centre", "name": "Bridgeport Masonic Lodge #162", "website": "http://bridgeportlodge162.org/"}}, "geometry": {"type": "Point", "coordinates": [-86.3165369, 39.748529]}}, {"type": "Feature", "properties": {"osm_type": "node", "osm_id": 12015826506, "tags": {"addr:city": "Evansville", "addr:housenumber": "108", "addr:postcode": "53536", "addr:state": "WI", "addr:street": "East Main Street", "leisure": "bowling_alley", "name": "Blue Devil Bowl", "opening_hours": "We, Th 11:00-22:00; Fr, Sa 11:00-00:00"}}, "geometry": {"type": "Point", "coordinates": [-89.2975989, 42.7804724]}}, {"type": "Feature", "properties": {"osm_type": "node", "osm_id": 12040791461, "tags": {"amenity": "social_centre", "brand": "American Legion", "brand:wikidata": "Q468865", "floor": "1", "name": "American Legion Hall", "social_centre:for": "veteran"}}, "geometry": {"type": "Point", "coordinates": [-88.9850007, 40.5096527]}}, {"type": "Feature", "properties": {"osm_type": "node", "osm_id": 12049941348, "tags": {"addr:city": "St. Louis", "addr:housenumber": "3974", "addr:postcode": "63116", "addr:state": "MO", "addr:street": "Humphrey Street", "club": "social", "name": "Steps Alano Club", "operator": "Steps Alano Club", "website": "https://stepsalanoclub.org"}}, "geometry": {"type": "Point", "coordinates": [-90.2530445, 38.5989028]}}, {"type": "Feature", "properties": {"osm_type": "node", "osm_id": 12062210199, "tags": {"amenity": "social_centre", "name": "Diocese of Owensboro Pastoral Center"}}, "geometry": {"type": "Point", "coordinates": [-87.1158068, 37.7702512]}}, {"type": "Feature", "properties": {"osm_type": "node", "osm_id": 12075669149, "tags": {"addr:city": "South Bend", "addr:housenumber": "1606", "addr:postcode": "46619", "addr:state": "IN", "addr:street": "West Western Avenue", "club": "social", "name": "Maennerchor Club"}}, "geometry": {"type": "Point", "coordinates": [-86.2744626, 41.6719911]}}, {"type": "Feature", "properties": {"osm_type": "node", "osm_id": 12108645388, "tags": {"amenity": "social_centre", "brand": "American Legion", "brand:wikidata": "Q468865", "name": "American Legion Post 396", "social_centre:for": "veteran"}}, "geometry": {"type": "Point", "coordinates": [-89.705549, 38.1363723]}}, {"type": "Feature", "properties": {"osm_type": "node", "osm_id": 12108647352, "tags": {"amenity": "social_centre", "brand": "Lions Clubs International", "brand:wikidata": "Q270029", "name": "Lions Clubs International"}}, "geometry": {"type": "Point", "coordinates": [-89.7097048, 38.1175372]}}, {"type": "Feature", "properties": {"osm_type": "node", "osm_id": 12108713275, "tags": {"amenity": "social_centre", "brand": "Veterans of Foreign Wars of the United States", "brand:wikidata": "Q3556413", "name": "VFW Post", "name:en": "VFW Post", "official_name": "Veterans of Foreign Wars of the United States", "short_name": "VFW", "social_centre:for": "veteran"}}, "geometry": {"type": "Point", "coordinates": [-89.2416628, 38.0300463]}}, {"type": "Feature", "properties": {"osm_type": "node", "osm_id": 12108812026, "tags": {"amenity": "social_centre", "brand": "American Legion", "brand:wikidata": "Q468865", "name": "American Legion Hall", "social_centre:for": "veteran"}}, "geometry": {"type": "Point", "coordinates": [-89.9328185, 38.0877153]}}, {"type": "Feature", "properties": {"osm_type": "node", "osm_id": 12122292817, "tags": {"amenity": "social_centre", "brand": "Veterans of Foreign Wars of the United States", "brand:wikidata": "Q3556413", "name": "VFW Post", "name:en": "VFW Post", "official_name": "Veterans of Foreign Wars of the United States", "short_name": "VFW", "social_centre:for": "veteran"}}, "geometry": {"type": "Point", "coordinates": [-88.8994941, 37.4141046]}}, {"type": "Feature", "properties": {"osm_type": "node", "osm_id": 12147440713, "tags": {"club": "social", "name": "Knights of Columbus"}}, "geometry": {"type": "Point", "coordinates": [-89.9294499, 37.2522087]}}, {"type": "Feature", "properties": {"osm_type": "node", "osm_id": 12158252883, "tags": {"addr:city": "Atchison", "addr:housenumber": "609", "addr:postcode": "66002", "addr:state": "KS", "addr:street": "Kansas Avenue", "amenity": "social_centre", "brand": "Benevolent and Protective Order of Elks", "brand:wikidata": "Q2895789", "name": "Elks Lodge", "official_name": "Benevolent and Protective Order of Elks", "short_name": "BPOE"}}, "geometry": {"type": "Point", "coordinates": [-95.1210452, 39.5632094]}}, {"type": "Feature", "properties": {"osm_type": "node", "osm_id": 12165720736, "tags": {"amenity": "social_centre", "brand": "Veterans of Foreign Wars of the United States", "brand:wikidata": "Q3556413", "name": "VFW Post", "name:en": "VFW Post", "official_name": "Veterans of Foreign Wars of the United States", "short_name": "VFW", "social_centre:for": "veteran"}}, "geometry": {"type": "Point", "coordinates": [-87.7582848, 38.4058049]}}, {"type": "Feature", "properties": {"osm_type": "node", "osm_id": 12165720737, "tags": {"amenity": "social_centre", "brand": "American Legion", "brand:wikidata": "Q468865", "name": "American Legion Hall", "social_centre:for": "veteran"}}, "geometry": {"type": "Point", "coordinates": [-87.7581758, 38.4056309]}}, {"type": "Feature", "properties": {"osm_type": "node", "osm_id": 12217082059, "tags": {"access": "private", "amenity": "social_centre", "name": "Emerson Center", "operator": "Beaumont Scout Reservation", "operator:type": "private"}}, "geometry": {"type": "Point", "coordinates": [-90.5481621, 38.5018145]}}, {"type": "Feature", "properties": {"osm_type": "node", "osm_id": 12248949144, "tags": {"amenity": "social_centre", "brand": "American Legion", "brand:wikidata": "Q468865", "name": "American Legion Hall", "social_centre:for": "veteran"}}, "geometry": {"type": "Point", "coordinates": [-94.6770441, 41.8710582]}}, {"type": "Feature", "properties": {"osm_type": "node", "osm_id": 12251000819, "tags": {"addr:city": "Morton Grove", "addr:housenumber": "6140", "addr:postcode": "60053", "addr:state": "IL", "addr:street": "West Dempster Street", "amenity": "social_centre", "brand": "American Legion", "brand:wikidata": "Q468865", "name": "American Legion Post 134", "social_centre:for": "veteran"}}, "geometry": {"type": "Point", "coordinates": [-87.780813, 42.0414836]}}, {"type": "Feature", "properties": {"osm_type": "node", "osm_id": 12278938919, "tags": {"amenity": "social_centre", "brand": "American Legion", "brand:wikidata": "Q468865", "name": "Randall Couchman American Legion Post 204", "social_centre:for": "veteran"}}, "geometry": {"type": "Point", "coordinates": [-86.6155508, 41.8001206]}}, {"type": "Feature", "properties": {"osm_type": "node", "osm_id": 12282778778, "tags": {"addr:city": "Chanute", "addr:housenumber": "104", "addr:postcode": "66720", "addr:state": "KS", "addr:street": "North Allen Avenue", "leisure": "bowling_alley", "name": "C & H Lanes"}}, "geometry": {"type": "Point", "coordinates": [-95.465901, 37.68309]}}, {"type": "Feature", "properties": {"osm_type": "node", "osm_id": 12297083393, "tags": {"addr:city": "Milwaukee", "addr:housenumber": "801", "addr:postcode": "53212", "addr:state": "WI", "addr:street": "East Clarke Street", "bar": "yes", "leisure": "bowling_alley", "name": "Falcon Bowl", "website": "https://falconbowlmke.com/"}}, "geometry": {"type": "Point", "coordinates": [-87.9014431, 43.0655639]}}, {"type": "Feature", "properties": {"osm_type": "node", "osm_id": 12358897394, "tags": {"leisure": "bowling_alley"}}, "geometry": {"type": "Point", "coordinates": [-87.5718645, 37.8302275]}}, {"type": "Feature", "properties": {"osm_type": "node", "osm_id": 12361581008, "tags": {"alt_name": "Aeries Lodge", "amenity": "social_centre", "brand": "Fraternal Order of Eagles", "brand:wikidata": "Q5493810", "name": "Eagles Lodge", "official_name": "Fraternal Order of Eagles", "short_name": "FOE"}}, "geometry": {"type": "Point", "coordinates": [-87.8950804, 37.9294035]}}, {"type": "Feature", "properties": {"osm_type": "node", "osm_id": 12398887053, "tags": {"leisure": "bowling_alley", "name": "Sunset Lanes"}}, "geometry": {"type": "Point", "coordinates": [-89.6087108, 40.5488171]}}, {"type": "Feature", "properties": {"osm_type": "node", "osm_id": 12402864377, "tags": {"amenity": "social_centre", "name": "United Way of Pekin"}}, "geometry": {"type": "Point", "coordinates": [-89.6456019, 40.5709021]}}, {"type": "Feature", "properties": {"osm_type": "node", "osm_id": 12414282763, "tags": {"amenity": "social_centre", "name": "Eagle Lodge Arie#1869"}}, "geometry": {"type": "Point", "coordinates": [-89.6538472, 40.5563289]}}, {"type": "Feature", "properties": {"osm_type": "node", "osm_id": 12434803040, "tags": {"amenity": "social_centre", "brand": "Loyal Order of Moose", "brand:wikidata": "Q6908585", "name": "Moose Lodge", "official_name": "Loyal Order of Moose"}}, "geometry": {"type": "Point", "coordinates": [-88.9537452, 40.49185]}}, {"type": "Feature", "properties": {"osm_type": "node", "osm_id": 12487556254, "tags": {"amenity": "social_centre", "brand": "Veterans of Foreign Wars of the United States", "brand:short": "VFW", "brand:wikidata": "Q3556413", "name": "Fred O'Malley VFW", "name:en": "VFW Post", "official_name": "Veterans of Foreign Wars of the United States", "short_name": "VFW", "social_centre:for": "veteran"}}, "geometry": {"type": "Point", "coordinates": [-88.643044, 40.243829]}}, {"type": "Feature", "properties": {"osm_type": "node", "osm_id": 12489809685, "tags": {"addr:city": "Kansas City", "addr:housenumber": "515", "addr:postcode": "64131", "addr:state": "MO", "addr:street": "East 99th Street", "amenity": "social_centre", "brand": "Benevolent and Protective Order of Elks", "brand:wikidata": "Q2895789", "name": "Elks Lodge", "official_name": "Benevolent and Protective Order of Elks", "short_name": "BPOE"}}, "geometry": {"type": "Point", "coordinates": [-94.5852427, 38.948049]}}, {"type": "Feature", "properties": {"osm_type": "node", "osm_id": 12566327130, "tags": {"amenity": "social_centre", "brand": "American Legion", "brand:wikidata": "Q468865", "name": "American Legion", "social_centre:for": "veteran"}}, "geometry": {"type": "Point", "coordinates": [-89.6416099, 40.5668181]}}, {"type": "Feature", "properties": {"osm_type": "node", "osm_id": 12591795259, "tags": {"addr:city": "Higginsville", "addr:housenumber": "2111", "addr:postcode": "64037", "addr:state": "MO", "addr:street": "Main Street", "leisure": "bowling_alley", "name": "Higginsville Lanes", "website": "https://higginsvillelanes.com/"}}, "geometry": {"type": "Point", "coordinates": [-93.7169132, 39.0736808]}}, {"type": "Feature", "properties": {"osm_type": "node", "osm_id": 12591804409, "tags": {"leisure": "bowling_alley", "name": "Blue Springs Bowl"}}, "geometry": {"type": "Point", "coordinates": [-94.2797656, 39.0100452]}}, {"type": "Feature", "properties": {"osm_type": "node", "osm_id": 12591828533, "tags": {"addr:city": "Warrensburg", "addr:housenumber": "511", "addr:postcode": "64093", "addr:state": "MO", "addr:street": "South Holden Street", "leisure": "bowling_alley", "name": "Union Bowling Center", "website": "https://www.ucmo.edu/offices/elliott-student-union/ubc-union-bowling-center/index.php"}}, "geometry": {"type": "Point", "coordinates": [-93.7398371, 38.7570972]}}, {"type": "Feature", "properties": {"osm_type": "node", "osm_id": 12591957365, "tags": {"addr:city": "Ottawa", "addr:housenumber": "2204", "addr:postcode": "66067", "addr:state": "KS", "addr:street": "South Princeton Circle Drive", "leisure": "bowling_alley", "name": "Fusion Alley", "website": "https://fusionalleyottawa.com/"}}, "geometry": {"type": "Point", "coordinates": [-95.2698555, 38.581049]}}, {"type": "Feature", "properties": {"osm_type": "node", "osm_id": 12591959044, "tags": {"addr:city": "Excelsior Springs", "addr:housenumber": "1729", "addr:postcode": "64024", "addr:state": "MO", "addr:street": "West Jesse James Road", "contact:facebook": "https://www.facebook.com/tigerbowl5/", "leisure": "bowling_alley", "name": "Tiger Bowl", "website": "https://sites.google.com/site/tigerbowl05/"}}, "geometry": {"type": "Point", "coordinates": [-94.2506011, 39.3365994]}}, {"type": "Feature", "properties": {"osm_type": "node", "osm_id": 12593877109, "tags": {"addr:city": "Dekalb", "addr:housenumber": "209", "addr:postcode": "60115", "addr:state": "IL", "addr:street": "South Annie Glidden Road", "amenity": "social_centre", "brand": "Benevolent and Protective Order of Elks", "brand:wikidata": "Q2895789", "name": "Elks Lodge", "official_name": "Benevolent and Protective Order of Elks", "operator": "Elks Lodge", "short_name": "BPOE", "source": "esri/USA_NAD_Addresses"}}, "geometry": {"type": "Point", "coordinates": [-88.7725003, 41.9285975]}}, {"type": "Feature", "properties": {"osm_type": "node", "osm_id": 12594253562, "tags": {"leisure": "bowling_alley", "name": "Fin City Bowling", "website": "https://www.margaritavilleresortlakeoftheozarks.com/blog/dive-into-fun-at-fin-city-entertainment-center-margaritaville-lake-resort"}}, "geometry": {"type": "Point", "coordinates": [-92.7180067, 38.127443]}}, {"type": "Feature", "properties": {"osm_type": "node", "osm_id": 12594283711, "tags": {"addr:city": "Osage Beach", "addr:housenumber": "914", "addr:postcode": "65065", "addr:state": "MO", "addr:street": "Highway 42", "contact:facebook": "https://www.facebook.com/p/Bowlmor-Lanes-Two-61553037607062/", "leisure": "bowling_alley", "name": "Bowlmor Lanes II"}}, "geometry": {"type": "Point", "coordinates": [-92.6013381, 38.1535871]}}, {"type": "Feature", "properties": {"osm_type": "node", "osm_id": 12605989663, "tags": {"addr:city": "Mount Ayr", "addr:housenumber": "110", "addr:postcode": "50854", "addr:state": "IA", "addr:street": "South Taylor Street", "contact:facebook": "https://www.facebook.com/fabulousluckylanes/", "leisure": "bowling_alley", "name": "Lucky Lanes"}}, "geometry": {"type": "Point", "coordinates": [-94.23729, 40.7143873]}}, {"type": "Feature", "properties": {"osm_type": "node", "osm_id": 12606135683, "tags": {"contact:facebook": "https://www.facebook.com/p/Bowling-Green-Lanes-Shanks-Farms-LLC-100063681753478/", "leisure": "bowling_alley", "name": "Bowling Green Lanes"}}, "geometry": {"type": "Point", "coordinates": [-93.3172766, 40.766239]}}, {"type": "Feature", "properties": {"osm_type": "node", "osm_id": 12606172241, "tags": {"addr:city": "Yates Center", "addr:housenumber": "106", "addr:postcode": "66783", "addr:state": "KS", "addr:street": "East Rutledge Street", "contact:facebook": "https://www.facebook.com/TheLanesYC", "leisure": "bowling_alley", "name": "The Lanes at Light Hardware"}}, "geometry": {"type": "Point", "coordinates": [-95.731989, 37.8811313]}}, {"type": "Feature", "properties": {"osm_type": "node", "osm_id": 12606219232, "tags": {"addr:city": "Osceola", "addr:housenumber": "116", "addr:postcode": "50213", "addr:state": "IA", "addr:street": "East Webster Street", "contact:facebook": "https://www.facebook.com/alleybowl2017/", "leisure": "bowling_alley", "name": "Alley Bowl"}}, "geometry": {"type": "Point", "coordinates": [-93.7647632, 41.0357931]}}, {"type": "Feature", "properties": {"osm_type": "node", "osm_id": 12608967086, "tags": {"addr:city": "Carthage", "addr:housenumber": "219", "addr:state": "MO", "addr:street": "East 3rd Street", "leisure": "bowling_alley", "name": "Grace Lanes Bowling Center", "website": "https://www.gracelanes.com/"}}, "geometry": {"type": "Point", "coordinates": [-94.3091991, 37.1772753]}}, {"type": "Feature", "properties": {"osm_type": "node", "osm_id": 12608988808, "tags": {"addr:city": "Fort Leonard Wood", "addr:housenumber": "7077", "addr:postcode": "65473", "addr:state": "MO", "addr:street": "Illinois Avenue", "leisure": "bowling_alley", "name": "Daugherty Bowling Center", "website": "https://leonardwood.armymwr.com/programs/daugherty-bowling-center"}}, "geometry": {"type": "Point", "coordinates": [-92.1136503, 37.7457675]}}, {"type": "Feature", "properties": {"osm_type": "node", "osm_id": 12610254634, "tags": {"addr:city": "Macomb", "addr:housenumber": "123", "addr:postcode": "61455", "addr:state": "IL", "addr:street": "East Adams Street", "leisure": "bowling_alley", "name": "Digger's College City Bowl", "website": "https://diggersbowling.com/"}}, "geometry": {"type": "Point", "coordinates": [-90.6707605, 40.4621618]}}, {"type": "Feature", "properties": {"osm_type": "node", "osm_id": 12610263495, "tags": {"addr:city": "Jacksonville", "addr:housenumber": "224", "addr:postcode": "62650", "addr:state": "IL", "addr:street": "North East Street", "contact:facebook": "https://www.facebook.com/p/Bowl-Inn-100049476077670/", "leisure": "bowling_alley", "name": "Bowl Inn"}}, "geometry": {"type": "Point", "coordinates": [-90.2265698, 39.7356777]}}, {"type": "Feature", "properties": {"osm_type": "node", "osm_id": 12613593084, "tags": {"addr:city": "Mount Pleasant", "addr:housenumber": "300", "addr:postcode": "52641", "addr:state": "IA", "addr:street": "South Iris Street", "leisure": "bowling_alley", "name": "Iris Bowling Center", "website": "https://www.mtpleasantbowling.com/iris-bowling-center"}}, "geometry": {"type": "Point", "coordinates": [-91.5249266, 40.9630026]}}, {"type": "Feature", "properties": {"osm_type": "node", "osm_id": 12613608294, "tags": {"addr:city": "Burlington", "addr:housenumber": "3001", "addr:postcode": "52601", "addr:state": "IA", "addr:street": "Winegard Drive", "leisure": "bowling_alley", "name": "King Pins", "website": "https://www.funcityresort.com/fun-city/kingpins/"}}, "geometry": {"type": "Point", "coordinates": [-91.1402278, 40.8217514]}}, {"type": "Feature", "properties": {"osm_type": "node", "osm_id": 12622276292, "tags": {"addr:city": "Shenandoah", "addr:housenumber": "1002", "addr:state": "IA", "addr:street": "West Thomas Avenue", "contact:facebook": "https://www.facebook.com/LittleWaiteLanes/", "leisure": "bowling_alley", "name": "Little Waite Lanes", "website": "http://www.littlewaitelanes.com/"}}, "geometry": {"type": "Point", "coordinates": [-95.3787097, 40.764783]}}, {"type": "Feature", "properties": {"osm_type": "node", "osm_id": 12629366348, "tags": {"addr:city": "Cape Girardeau", "addr:housenumber": "354", "addr:postcode": "63703", "addr:state": "MO", "addr:street": "South Silver Springs Road", "contact:facebook": "https://www.facebook.com/profile.php?id=100063502003083#", "leisure": "bowling_alley", "name": "West Park Lanes", "website": "https://westparklanes.com/"}}, "geometry": {"type": "Point", "coordinates": [-89.5660728, 37.2947248]}}, {"type": "Feature", "properties": {"osm_type": "node", "osm_id": 12629691842, "tags": {"addr:city": "Belleville", "addr:housenumber": "200", "addr:postcode": "62220", "addr:state": "IL", "addr:street": "South Belt West", "leisure": "bowling_alley", "name": "Bel-Air Bowl", "website": "https://belairbowl.com/"}}, "geometry": {"type": "Point", "coordinates": [-89.9872517, 38.5018248]}}, {"type": "Feature", "properties": {"osm_type": "node", "osm_id": 12637528285, "tags": {"amenity": "social_centre", "name": "Alpha Tau Omega"}}, "geometry": {"type": "Point", "coordinates": [-86.9176112, 40.427428]}}, {"type": "Feature", "properties": {"osm_type": "node", "osm_id": 12644066003, "tags": {"amenity": "social_centre", "brand": "Lions Clubs International", "brand:wikidata": "Q270029", "name": "Lions Clubs International", "phone": "+1 314-429-2870"}}, "geometry": {"type": "Point", "coordinates": [-90.3773274, 38.699792]}}, {"type": "Feature", "properties": {"osm_type": "node", "osm_id": 12644434351, "tags": {"addr:unit": "Suite 219", "amenity": "social_centre", "name": "Prince Hall Grand Lodge", "phone": "+1 414-213-7542"}}, "geometry": {"type": "Point", "coordinates": [-87.9976054, 43.0896027]}}, {"type": "Feature", "properties": {"osm_type": "node", "osm_id": 12652497931, "tags": {"addr:city": "Athens", "addr:housenumber": "108", "addr:postcode": "62613", "addr:state": "IL", "addr:street": "West Jefferson Street", "amenity": "social_centre", "brand": "American Legion", "brand:wikidata": "Q468865", "club": "veterans", "gambling": "slot_machines", "name": "American Legion", "phone": "+1-217-636-8881", "ref": "129", "social_centre:for": "veteran"}}, "geometry": {"type": "Point", "coordinates": [-89.7250956, 39.9597675]}}, {"type": "Feature", "properties": {"osm_type": "node", "osm_id": 12685217764, "tags": {"addr:city": "Columbia", "addr:housenumber": "110", "addr:postcode": "65201", "addr:state": "MO", "addr:street": "North 10th Street", "amenity": "social_centre", "brand": "Independent Order of Odd Fellows", "brand:short": "IOOF", "brand:wikidata": "Q1425508", "name": "Odd Fellows Temple", "official_name": "Independent Order of Odd Fellows"}}, "geometry": {"type": "Point", "coordinates": [-92.3267555, 38.9523479]}}, {"type": "Feature", "properties": {"osm_type": "node", "osm_id": 12723981556, "tags": {"addr:city": "Effingham", "addr:housenumber": "121", "addr:postcode": "62401-2447", "addr:state": "IL", "addr:street": "South Banker Street", "amenity": "social_centre", "brand": "Loyal Order of Moose", "brand:wikidata": "Q6908585", "check_date": "2025-04-02", "name": "Loyal Order Of Moose", "official_name": "Loyal Order of Moose", "phone": "+1-217-342-4595"}}, "geometry": {"type": "Point", "coordinates": [-88.5446002, 39.1208333]}}, {"type": "Feature", "properties": {"osm_type": "node", "osm_id": 12739435533, "tags": {"addr:city": "Hannibal", "addr:housenumber": "209", "addr:postcode": "63401", "addr:state": "MO", "addr:street": "Bird Street", "amenity": "social_centre", "brand": "Veterans of Foreign Wars of the United States", "brand:short": "VFW", "brand:wikidata": "Q3556413", "name": "VFW Post", "name:en": "VFW Post", "official_name": "Veterans of Foreign Wars of the United States", "social_centre:for": "veteran"}}, "geometry": {"type": "Point", "coordinates": [-91.3573174, 39.7109997]}}, {"type": "Feature", "properties": {"osm_type": "node", "osm_id": 12740070251, "tags": {"amenity": "social_centre", "loc_name": "Dungeon", "name": "Honors Lounge", "operator": "Illinois Street Residence Halls", "operator:type": "university"}}, "geometry": {"type": "Point", "coordinates": [-88.2217643, 40.1095524]}}, {"type": "Feature", "properties": {"osm_type": "node", "osm_id": 12742509315, "tags": {"addr:city": "Weston", "addr:housenumber": "507", "addr:postcode": "64098", "addr:state": "MO", "addr:street": "Main Street", "amenity": "social_centre", "brand": "Masons", "name": "Weston Masonic Lodge #53", "website": "https://www.westonmasoniclodge53.org/"}}, "geometry": {"type": "Point", "coordinates": [-94.9018833, 39.411347]}}, {"type": "Feature", "properties": {"osm_type": "node", "osm_id": 12805125397, "tags": {"amenity": "social_centre", "name": "Masonic Temple"}}, "geometry": {"type": "Point", "coordinates": [-89.6481501, 40.5688824]}}, {"type": "Feature", "properties": {"osm_type": "node", "osm_id": 12805244130, "tags": {"amenity": "social_centre", "name": "Pekin Moose Lodge 916"}}, "geometry": {"type": "Point", "coordinates": [-89.6048869, 40.5684234]}}, {"type": "Feature", "properties": {"osm_type": "node", "osm_id": 12879597381, "tags": {"amenity": "social_centre", "brand": "American Legion", "brand:wikidata": "Q468865", "name": "Earlville American Legion", "social_centre:for": "veteran"}}, "geometry": {"type": "Point", "coordinates": [-88.9215694, 41.5903127]}}, {"type": "Feature", "properties": {"osm_type": "node", "osm_id": 12921707985, "tags": {"amenity": "social_centre", "brand": "American Legion", "brand:wikidata": "Q468865", "name": "American Legion Hall", "social_centre:for": "veteran"}}, "geometry": {"type": "Point", "coordinates": [-89.5463988, 40.3732647]}}, {"type": "Feature", "properties": {"osm_type": "node", "osm_id": 12921977762, "tags": {"cuisine": "grill", "leisure": "bowling_alley", "name": "BowlDogs"}}, "geometry": {"type": "Point", "coordinates": [-91.6197814, 41.7531236]}}, {"type": "Feature", "properties": {"osm_type": "node", "osm_id": 12942395302, "tags": {"addr:city": "Keokuk", "addr:housenumber": "625", "addr:postcode": "52632", "addr:state": "IA", "addr:street": "Mississippi Drive", "building": "yes", "club": "social", "leisure": "marina", "name": "Southside Boat Club", "opening_hours": "Mo-Fr 15:00-22:00; Sa-Su 12:00-22:00+ \"needs confirmation, original said just noon-close\"", "phone": "+1 319-524-7122", "seamark:harbour:category": "marina", "seamark:type": "harbour"}}, "geometry": {"type": "Point", "coordinates": [-91.3871996, 40.387691]}}, {"type": "Feature", "properties": {"osm_type": "node", "osm_id": 12983542171, "tags": {"leisure": "bowling_alley", "name": "Freeze Frame Bowl", "phone": "+1 641 816-2695", "website": "https://www.freezeframebowl.com/"}}, "geometry": {"type": "Point", "coordinates": [-92.8093725, 42.9129401]}}, {"type": "Feature", "properties": {"osm_type": "node", "osm_id": 12983707612, "tags": {"amenity": "social_centre", "brand": "American Legion", "brand:wikidata": "Q468865", "name": "Tack-Barnett American Legion Post 268", "social_centre:for": "veteran"}}, "geometry": {"type": "Point", "coordinates": [-92.8136247, 42.9062216]}}, {"type": "Feature", "properties": {"osm_type": "node", "osm_id": 12991305637, "tags": {"addr:city": "Franklin Grove", "addr:housenumber": "139", "addr:postcode": "61031", "addr:state": "IL", "addr:street": "North Elm Street", "amenity": "social_centre", "brand": "American Legion", "brand:wikidata": "Q468865", "name": "Franklin Grove American Legion Hall", "phone": "+1-815-456-3306", "social_centre:for": "veteran"}}, "geometry": {"type": "Point", "coordinates": [-89.2996732, 41.8412616]}}, {"type": "Feature", "properties": {"osm_type": "node", "osm_id": 13009940787, "tags": {"amenity": "social_centre", "brand": "American Legion", "brand:wikidata": "Q468865", "name": "American Legion Hall", "social_centre:for": "veteran"}}, "geometry": {"type": "Point", "coordinates": [-89.7698459, 41.0620607]}}, {"type": "Feature", "properties": {"osm_type": "node", "osm_id": 13009955853, "tags": {"leisure": "bowling_alley", "name": "Spoon River Bowl"}}, "geometry": {"type": "Point", "coordinates": [-89.7723394, 41.0613745]}}, {"type": "Feature", "properties": {"osm_type": "node", "osm_id": 13144869017, "tags": {"addr:city": "Chicago Heights", "addr:housenumber": "1250", "addr:postcode": "60411", "addr:state": "IL", "addr:street": "Portland Avenue", "amenity": "social_centre", "name": "Bethel Family Resource Center"}}, "geometry": {"type": "Point", "coordinates": [-87.623971, 41.5082194]}}, {"type": "Feature", "properties": {"osm_type": "node", "osm_id": 13151005721, "tags": {"addr:city": "Springfield", "addr:housenumber": "2113", "addr:postcode": "62711", "addr:state": "IL", "addr:street": "Brookstone Drive", "amenity": "social_centre", "name": "Stone Creek Clubhouse"}}, "geometry": {"type": "Point", "coordinates": [-89.7295305, 39.7733983]}}, {"type": "Feature", "properties": {"osm_type": "node", "osm_id": 13196955586, "tags": {"leisure": "bowling_alley", "name": "Doubleday's"}}, "geometry": {"type": "Point", "coordinates": [-89.1676235, 43.1001389]}}, {"type": "Feature", "properties": {"osm_type": "node", "osm_id": 13254820873, "tags": {"addr:city": "Springfield", "addr:housenumber": "1800", "addr:postcode": "62703", "addr:state": "IL", "addr:street": "East Capitol Avenue", "amenity": "social_centre", "brand": "American Legion", "brand:wikidata": "Q468865", "name": "American Legion Post 809", "ref": "809", "social_centre:for": "veteran"}}, "geometry": {"type": "Point", "coordinates": [-89.630645, 39.7978255]}}, {"type": "Feature", "properties": {"osm_type": "node", "osm_id": 13254900044, "tags": {"addr:city": "Springfield", "addr:housenumber": "1800", "addr:postcode": "62703", "addr:state": "IL", "addr:street": "East Brown Street", "amenity": "social_centre", "brand": "Benevolent and Protective Order of Elks", "brand:short": "BPOE", "brand:wikidata": "Q2895789", "gambling": "slot_machines", "name": "Elks Lodge", "official_name": "Benevolent and Protective Order of Elks", "ref": "1160"}}, "geometry": {"type": "Point", "coordinates": [-89.6307453, 39.7881005]}}, {"type": "Feature", "properties": {"osm_type": "node", "osm_id": 13361919674, "tags": {"amenity": "social_centre", "brand": "Fraternal Order of Police", "brand:short": "FOP", "brand:wikidata": "Q1451416", "name": "Linton Lodge #105 Fraternal Order of Police"}}, "geometry": {"type": "Point", "coordinates": [-87.1506309, 39.0517456]}}, {"type": "Feature", "properties": {"osm_type": "node", "osm_id": 13416907984, "tags": {"addr:city": "Savoy", "addr:housenumber": "903", "addr:postcode": "61874-9611", "addr:state": "IL", "addr:street": "North Dunlap Avenue", "amenity": "social_centre", "branch": "2497", "brand": "Benevolent and Protective Order of Elks", "brand:short": "BPOE", "brand:wikidata": "Q2895789", "check_date": "2025-12-29", "email": "cuelks2497@gmail.com", "name": "Elks Lodge", "official_name": "Benevolent and Protective Order of Elks", "phone": "+1-217-359-2497", "website": "https://www.elks.org/lodges/ContactUs.cfm?LodgeNumber=2497"}}, "geometry": {"type": "Point", "coordinates": [-88.2514691, 40.0652621]}}, {"type": "Feature", "properties": {"osm_type": "node", "osm_id": 13564925670, "tags": {"addr:city": "Downers Grove", "addr:housenumber": "938", "addr:postcode": "60515", "addr:state": "IL", "addr:street": "Warren Avenue", "leisure": "bowling_alley", "name": "Tivoli Bowl", "phone": "+1-630-969-0660", "website": "https://www.tivolibowl.com/"}}, "geometry": {"type": "Point", "coordinates": [-88.0088568, 41.7958648]}}, {"type": "Feature", "properties": {"osm_type": "node", "osm_id": 13894893915, "tags": {"amenity": "social_centre", "brand": "Veterans of Foreign Wars of the United States", "brand:short": "VFW", "brand:wikidata": "Q3556413", "name": "VFW Post 3455", "name:en": "VFW Post", "official_name": "Veterans of Foreign Wars of the United States", "social_centre:for": "veteran"}}, "geometry": {"type": "Point", "coordinates": [-89.2543884, 37.4792721]}}, {"type": "Feature", "properties": {"osm_type": "node", "osm_id": 13903164341, "tags": {"amenity": "social_centre", "brand": "American Legion", "brand:wikidata": "Q468865", "name": "American Legion Hall 679", "social_centre:for": "veteran"}}, "geometry": {"type": "Point", "coordinates": [-91.7965855, 42.0663026]}}, {"type": "Feature", "properties": {"osm_type": "node", "osm_id": 13910370200, "tags": {"addr:city": "Kansas City", "addr:housenumber": "611", "addr:postcode": "64105", "addr:state": "MO", "addr:street": "West 8th Street", "club": "social", "name": "The River Club", "website": "https://www.theriverclubkc.com/"}}, "geometry": {"type": "Point", "coordinates": [-94.5916618, 39.1046238]}}, {"type": "Feature", "properties": {"osm_type": "node", "osm_id": 13969474328, "tags": {"amenity": "social_centre", "brand": "American Legion", "brand:wikidata": "Q468865", "name": "American Legion Hall", "social_centre:for": "veteran"}}, "geometry": {"type": "Point", "coordinates": [-93.4999902, 41.2050656]}}, {"type": "Feature", "properties": {"osm_type": "node", "osm_id": 13979583835, "tags": {"addr:city": "Iowa City", "addr:housenumber": "3016", "addr:postcode": "52240", "addr:state": "IA", "addr:street": "Muscatine Avenue", "club": "social", "name": "The American Legion", "phone": "+1-319-351-1902", "website": "https://legion.org"}}, "geometry": {"type": "Point", "coordinates": [-91.4918789, 41.6499314]}}, {"type": "Feature", "properties": {"osm_type": "node", "osm_id": 13980646725, "tags": {"addr:city": "Galva", "addr:housenumber": "124", "addr:postcode": "51020-7716", "addr:state": "IA", "addr:street": "South Main Street", "amenity": "social_centre", "brand": "American Legion", "brand:wikidata": "Q468865", "name": "Dibbern Post #454", "social_centre:for": "veteran", "website": "https://www.facebook.com/LSchaffer/"}}, "geometry": {"type": "Point", "coordinates": [-95.4174995, 42.507214]}}, {"type": "Feature", "properties": {"osm_type": "node", "osm_id": 13990321210, "tags": {"leisure": "bowling_alley", "name": "Cougar Lanes", "sport": "10pin"}}, "geometry": {"type": "Point", "coordinates": [-88.8616978, 42.5541344]}}, {"type": "Feature", "properties": {"osm_type": "node", "osm_id": 13993842347, "tags": {"amenity": "social_centre", "brand": "Knights of Pythias", "name": "Knights of Pythias Hyperion Lodge 186"}}, "geometry": {"type": "Point", "coordinates": [-91.4572244, 42.4841064]}}, {"type": "Feature", "properties": {"osm_type": "node", "osm_id": 262227576, "tags": {"amenity": "social_centre", "brand": "Royal Canadian Legion", "brand:wikidata": "Q3270231", "brand:wikipedia": "en:Royal Canadian Legion", "name": "Royal Canadian Legion Hall", "short_name": "RCL", "social_centre:for": "veteran"}}, "geometry": {"type": "Point", "coordinates": [-80.7272281, 42.8645492]}}, {"type": "Feature", "properties": {"osm_type": "node", "osm_id": 358252388, "tags": {"amenity": "social_centre", "brand": "Lions Clubs International", "brand:wikidata": "Q270029", "contact:facebook": "https://www.facebook.com/FrostburgLions/", "name": "Lions Clubs International", "website": "https://e-clubhouse.org/sites/frostburg/"}}, "geometry": {"type": "Point", "coordinates": [-78.9224853, 39.655026]}}, {"type": "Feature", "properties": {"osm_type": "node", "osm_id": 367792668, "tags": {"addr:state": "IN", "amenity": "social_centre", "brand": "Independent Order of Odd Fellows", "brand:wikidata": "Q1425508", "building": "yes", "ele": "290", "gnis:feature_id": "452376", "name": "Odd Fellows Home", "official_name": "Independent Order of Odd Fellows", "short_name": "IOOF", "source": "USGS Geonames"}}, "geometry": {"type": "Point", "coordinates": [-85.465525, 39.3397723]}}, {"type": "Feature", "properties": {"osm_type": "node", "osm_id": 367960790, "tags": {"addr:state": "PA", "amenity": "social_centre", "ele": "277", "gnis:feature_id": "2430079", "name": "Hillel Jewish University Center", "phone": "+1-412-621-8875", "source": "USGS Geonames", "website": "https://www.hilleljuc.org/"}}, "geometry": {"type": "Point", "coordinates": [-79.9483075, 40.4446115]}}, {"type": "Feature", "properties": {"osm_type": "node", "osm_id": 367991364, "tags": {"addr:city": "Lexington", "addr:housenumber": "112", "addr:postcode": "24450", "addr:state": "VA", "addr:street": "West Preston Street", "amenity": "social_centre", "description": "Fraternity House", "ele": "328", "gnis:feature_id": "1780386", "name": "Phi Gamma Delta (FIJI) Fraternity House", "source": "USGS Geonames;local knowledge;gps;streetlevel imagery"}}, "geometry": {"type": "Point", "coordinates": [-79.4465449, 37.7841332]}}, {"type": "Feature", "properties": {"osm_type": "node", "osm_id": 737405235, "tags": {"access": "private", "addr:housenumber": "234", "addr:street": "3rd Street Northeast", "club": "social", "dataset": "ABRA locations", "name": "116 Club", "source": "dcgis"}}, "geometry": {"type": "Point", "coordinates": [-77.002217, 38.8934047]}}, {"type": "Feature", "properties": {"osm_type": "node", "osm_id": 774050675, "tags": {"leisure": "bowling_alley", "name": "Fleetway Bowling", "sport": "Fleetway Bowling"}}, "geometry": {"type": "Point", "coordinates": [-81.286286, 42.9871992]}}, {"type": "Feature", "properties": {"osm_type": "node", "osm_id": 804063084, "tags": {"addr:city": "Washington", "addr:housenumber": "3206", "addr:postcode": "20007", "addr:state": "DC", "addr:street": "M Street Northwest", "club": "social", "dcgis:lot": "0060", "dcgis:square": "1200", "facebook": "CityTavernClub", "name": "City Tavern Club", "operator": "City Tavern Preservation Foundation", "phone": "+1 202-337-8770", "source": "site visit 1 December 2022", "website": "https://www.citytavernclubdc.org/", "wikidata": "Q5123458"}}, "geometry": {"type": "Point", "coordinates": [-77.0630661, 38.9050273]}}, {"type": "Feature", "properties": {"osm_type": "node", "osm_id": 974328368, "tags": {"access": "private", "amenity": "social_centre", "name": "Buffalo Hackerspace", "website": "http://www.buffalolab.org/blog/"}}, "geometry": {"type": "Point", "coordinates": [-78.851755, 42.8762099]}}, {"type": "Feature", "properties": {"osm_type": "node", "osm_id": 1181037932, "tags": {"leisure": "bowling_alley", "name": "Fairview Lanes", "sport": "10pin"}}, "geometry": {"type": "Point", "coordinates": [-81.8620491, 41.4414501]}}, {"type": "Feature", "properties": {"osm_type": "node", "osm_id": 1655593237, "tags": {"addr:city": "Annandale", "addr:state": "VA", "branch": "Annandale", "brand": "Bowlero", "brand:wikidata": "Q17102967", "building": "yes", "leisure": "bowling_alley", "name": "Bowlero", "sport": "10pin", "website": "https://www.bowlero.com/location/bowlero-annandale"}}, "geometry": {"type": "Point", "coordinates": [-77.1976332, 38.8318297]}}, {"type": "Feature", "properties": {"osm_type": "node", "osm_id": 2103389017, "tags": {"amenity": "social_centre", "brand": "Loyal Order of Moose", "brand:wikidata": "Q6908585", "name": "Moose Lodge", "official_name": "Loyal Order of Moose"}}, "geometry": {"type": "Point", "coordinates": [-76.6063756, 40.1517612]}}, {"type": "Feature", "properties": {"osm_type": "node", "osm_id": 2222776502, "tags": {"addr:city": "Centerville", "addr:state": "VA", "leisure": "bowling_alley", "name": "Lucky Strike Centerville", "sport": "10pin", "website": "https://www.luckystrikeent.com/location/lucky-strike-centreville"}}, "geometry": {"type": "Point", "coordinates": [-77.4247907, 38.8395428]}}, {"type": "Feature", "properties": {"osm_type": "node", "osm_id": 2419110692, "tags": {"access": "private", "addr:housenumber": "600", "addr:street": "F Street", "amenity": "events_venue", "club": "social", "name": "HQ DC House", "website": "https://www.hq-house.com/"}}, "geometry": {"type": "Point", "coordinates": [-77.0201557, 38.8971899]}}, {"type": "Feature", "properties": {"osm_type": "node", "osm_id": 2629298433, "tags": {"leisure": "bowling_alley", "name": "ForestView Lanes"}}, "geometry": {"type": "Point", "coordinates": [-83.603533, 41.7628752]}}, {"type": "Feature", "properties": {"osm_type": "node", "osm_id": 2639387703, "tags": {"amenity": "social_centre", "brand": "American Legion", "brand:wikidata": "Q468865", "name": "American Legion Hall", "social_centre:for": "veterans"}}, "geometry": {"type": "Point", "coordinates": [-79.8506455, 38.9261021]}}, {"type": "Feature", "properties": {"osm_type": "node", "osm_id": 2680733300, "tags": {"addr:city": "Cleveland", "addr:housenumber": "402", "addr:state": "OH", "addr:street": "Euclid Avenue", "leisure": "bowling_alley", "name": "The Corner Alley", "opening_hours:signed": "no", "sport": "10pin"}}, "geometry": {"type": "Point", "coordinates": [-81.6901372, 41.4995876]}}, {"type": "Feature", "properties": {"osm_type": "node", "osm_id": 2683115112, "tags": {"amenity": "social_centre", "brand": "American Legion", "brand:wikidata": "Q468865", "name": "American Legion Hall", "social_centre:for": "veteran"}}, "geometry": {"type": "Point", "coordinates": [-78.9693336, 39.0657567]}}, {"type": "Feature", "properties": {"osm_type": "node", "osm_id": 2699346779, "tags": {"addr:city": "Harrisburg", "addr:housenumber": "5303", "addr:postcode": "17109", "addr:street": "Locust Lane", "leisure": "bowling_alley", "name": "ABC North Lanes", "opening_hours": "Su-Th 08:00-23:00; Fr-Sa 08:00-00:00", "phone": "+1 717-545-4254", "website": "https://abcnorth.com/"}}, "geometry": {"type": "Point", "coordinates": [-76.7989219, 40.2922376]}}, {"type": "Feature", "properties": {"osm_type": "node", "osm_id": 2869123249, "tags": {"amenity": "social_centre", "brand": "Lions Clubs International", "brand:wikidata": "Q270029", "name": "Lions Clubs International"}}, "geometry": {"type": "Point", "coordinates": [-80.0132514, 37.222581]}}, {"type": "Feature", "properties": {"osm_type": "node", "osm_id": 2880512726, "tags": {"addr:city": "Leesburg", "addr:housenumber": "49", "addr:postcode": "20175", "addr:state": "VA", "addr:street": "Catoctin Circle Southeast", "leisure": "bowling_alley", "name": "The Branch", "opening_hours": "Mo 17:00-22:00,Tu-Th 11:00-22:00,Fr-Sa 11:00-23:59,Su 11:00-21:00", "phone": "+1-703-777-1864", "sport": "10pin", "website": "https://bowlthebranch.com/"}}, "geometry": {"type": "Point", "coordinates": [-77.5633094, 39.1059743]}}, {"type": "Feature", "properties": {"osm_type": "node", "osm_id": 2884663304, "tags": {"alt_name": "S&S Western Bowl", "leisure": "bowling_alley", "name": "Western Bowl", "sport": "10pin", "website": "https://westernbowl.com/"}}, "geometry": {"type": "Point", "coordinates": [-84.6291663, 39.1482687]}}, {"type": "Feature", "properties": {"osm_type": "node", "osm_id": 2903540972, "tags": {"leisure": "bowling_alley", "level": "1", "lit": "yes", "name": "Ali's Alley", "sport": "10pin", "surface": "wood"}}, "geometry": {"type": "Point", "coordinates": [-83.6486448, 41.0380598]}}, {"type": "Feature", "properties": {"osm_type": "node", "osm_id": 2975184791, "tags": {"addr:city": "Baltimore", "addr:country": "US", "addr:housenumber": "1746", "addr:postcode": "21231", "addr:state": "MD", "addr:street": "Fleet Street", "amenity": "social_centre", "brand": "American Legion", "brand:wikidata": "Q468865", "name": "American Legion Hall Post #95", "social_centre:for": "veteran"}}, "geometry": {"type": "Point", "coordinates": [-76.5916942, 39.2847391]}}, {"type": "Feature", "properties": {"osm_type": "node", "osm_id": 3013615230, "tags": {"addr:city": "Altoona", "addr:housenumber": "181", "addr:postcode": "16601", "addr:state": "PA", "addr:street": "Bowling Lane", "building": "yes", "leisure": "bowling_alley", "name": "Holiday Bowl", "sport": "9pin"}}, "geometry": {"type": "Point", "coordinates": [-78.4066988, 40.4669402]}}, {"type": "Feature", "properties": {"osm_type": "node", "osm_id": 3025600760, "tags": {"addr:city": "Govans", "addr:floor": "B", "addr:housenumber": "6703", "addr:postcode": "21212", "addr:state": "MD", "addr:street": "York Road", "bowling": "duckpin", "check_date": "2025-11-29", "description": "Duckpin bowling alley in the basement of a building. Open since 1948", "internet_access": "wlan", "internet_access:fee": "customers", "leisure": "bowling_alley", "level": "-1", "name": "Stoneleigh Lanes", "opening_hours": "Tu-Th 16:00-21:00; Fr 16:00-23:00; Sa 11:00-23:00; Su 11:00-16:00", "payment:cash": "yes", "payment:credit_cards": "yes", "payment:debit_cards": "yes", "phone": "+1 410-377-8115", "sport": "bowling", "website": "https://stoneleighlanes.com/", "wheelchair": "no"}}, "geometry": {"type": "Point", "coordinates": [-76.6086015, 39.3770618]}}, {"type": "Feature", "properties": {"osm_type": "node", "osm_id": 3080681168, "tags": {"addr:city": "Laingsburg", "addr:housenumber": "1240", "addr:postcode": "48848", "addr:state": "MI", "addr:street": "East Grand River Road", "amenity": "social_centre", "brand": "American Legion", "brand:wikidata": "Q468865", "name": "American Legion Post 248", "social_centre:for": "veteran"}}, "geometry": {"type": "Point", "coordinates": [-84.3373009, 42.8849675]}}, {"type": "Feature", "properties": {"osm_type": "node", "osm_id": 3130932371, "tags": {"alt_name": "Aeries Lodge", "amenity": "social_centre", "brand": "Fraternal Order of Eagles", "brand:wikidata": "Q5493810", "name": "Fraternal Order of Eagles - Chardon", "official_name": "Fraternal Order of Eagles", "short_name": "FOE"}}, "geometry": {"type": "Point", "coordinates": [-81.2085018, 41.580434]}}, {"type": "Feature", "properties": {"osm_type": "node", "osm_id": 3187781561, "tags": {"amenity": "social_centre", "brand": "Loyal Order of Moose", "brand:wikidata": "Q6908585", "name": "Salem Moose Lodge 2573", "official_name": "Loyal Order of Moose"}}, "geometry": {"type": "Point", "coordinates": [-80.030893, 37.297841]}}, {"type": "Feature", "properties": {"osm_type": "node", "osm_id": 3363954666, "tags": {"addr:city": "Middletown", "addr:housenumber": "109", "addr:postcode": "40243", "addr:state": "KY", "addr:street": "Evergreen Road", "amenity": "social_centre", "brand": "Veterans of Foreign Wars of the United States", "brand:wikidata": "Q3556413", "name": "VFW Post - Middletown VFW Post 1170", "name:en": "VFW Post", "official_name": "Veterans of Foreign Wars of the United States", "phone": "+15022458773", "short_name": "VFW", "social_centre:for": "veteran", "website": "http://www.vfw1170.org/"}}, "geometry": {"type": "Point", "coordinates": [-85.5296245, 38.2452671]}}, {"type": "Feature", "properties": {"osm_type": "node", "osm_id": 3388344455, "tags": {"addr:city": "Leesburg", "addr:housenumber": "1602", "addr:postcode": "20175", "addr:state": "VA", "addr:street": "Village Market Boulevard Southeast", "addr:unit": "100", "leisure": "bowling_alley", "name": "Lucky Strike Leesburg", "opening_hours": "Mo-Th 15:00-22:00, Fr 14:00-24:00, Sa 12:00-24:00, Su 12:00-22:00", "phone": "+1 703-443-8001", "sport": "10pin", "website": "https://www.luckystrikeent.com/location/lucky-strike-leesburg"}}, "geometry": {"type": "Point", "coordinates": [-77.5261573, 39.0906742]}}, {"type": "Feature", "properties": {"osm_type": "node", "osm_id": 3432418645, "tags": {"addr:city": "Baltimore", "addr:country": "US", "addr:housenumber": "2008", "addr:postcode": "21218", "addr:state": "MD", "addr:street": "Harford Road", "amenity": "social_centre", "brand": "Benevolent and Protective Order of Elks", "brand:wikidata": "Q2895789", "contact:facebook": "https://www.facebook.com/pages/The-Elks-Lodge-1043/103235319788704", "name": "BPOE East Baltimore Lodge #1043", "official_name": "Benevolent and Protective Order of Elks", "short_name": "BPOE"}}, "geometry": {"type": "Point", "coordinates": [-76.5991773, 39.31326]}}, {"type": "Feature", "properties": {"osm_type": "node", "osm_id": 3432419354, "tags": {"addr:city": "Baltimore", "addr:country": "US", "addr:housenumber": "11", "addr:postcode": "21201", "addr:state": "MD", "addr:street": "West Mount Vernon Place", "amenity": "social_centre", "name": "The Engineers Club", "website": "https://www.esb.org/club/scripts/public/public.asp?GRP=28192&NS=PUBLIC&APP=0"}}, "geometry": {"type": "Point", "coordinates": [-76.6166256, 39.2971603]}}, {"type": "Feature", "properties": {"osm_type": "node", "osm_id": 3432419590, "tags": {"addr:city": "Baltimore", "addr:country": "US", "addr:housenumber": "2324", "addr:postcode": "21205", "addr:state": "MD", "addr:street": "McElderry Street", "amenity": "social_centre", "brand": "American Legion", "brand:wikidata": "Q468865", "name": "American Legion Northeastern Post", "social_centre:for": "veteran"}}, "geometry": {"type": "Point", "coordinates": [-76.5842826, 39.2977963]}}, {"type": "Feature", "properties": {"osm_type": "node", "osm_id": 3447559828, "tags": {"amenity": "social_centre", "brand": "American Legion", "brand:wikidata": "Q468865", "check_date": "2023-04-17", "name": "American Legion Mahool-Potts Post No 2", "operator": "American Legion", "social_centre:for": "veteran"}}, "geometry": {"type": "Point", "coordinates": [-76.6340777, 39.3314627]}}, {"type": "Feature", "properties": {"osm_type": "node", "osm_id": 3468792261, "tags": {"addr:city": "Louisville", "addr:housenumber": "10526", "addr:postcode": "40272", "addr:state": "KY", "addr:street": "Dixie Highway", "leisure": "bowling_alley", "name": "Dixie Bowl", "opening_hours": "Mo-Th 09:00-23:00; Fr-Sa 09:00-01:00; Su 12:00-23:00", "phone": "+1-502-937-7900", "website": "https://dixiebowl.net/"}}, "geometry": {"type": "Point", "coordinates": [-85.8712473, 38.1024242]}}, {"type": "Feature", "properties": {"osm_type": "node", "osm_id": 3499807719, "tags": {"addr:city": "Jeffersontown", "addr:housenumber": "9525", "addr:postcode": "40299", "addr:state": "KY", "addr:street": "Taylorsville Road", "leisure": "bowling_alley", "name": "Kingpin Lanes"}}, "geometry": {"type": "Point", "coordinates": [-85.5795701, 38.2067088]}}, {"type": "Feature", "properties": {"osm_type": "node", "osm_id": 3541577790, "tags": {"alt_name": "Aeries Lodge", "amenity": "social_centre", "brand": "Fraternal Order of Eagles", "brand:short": "FOE", "brand:wikidata": "Q5493810", "name": "Eagles Lodge 1273", "official_name": "Fraternal Order of Eagles"}}, "geometry": {"type": "Point", "coordinates": [-78.9267086, 39.6566125]}}, {"type": "Feature", "properties": {"osm_type": "node", "osm_id": 3570536493, "tags": {"bar": "yes", "food": "yes", "leisure": "bowling_alley", "name": "Lucky Strike"}}, "geometry": {"type": "Point", "coordinates": [-83.4848211, 42.4911445]}}, {"type": "Feature", "properties": {"osm_type": "node", "osm_id": 3630018102, "tags": {"addr:city": "Towson", "addr:housenumber": "505", "addr:postcode": "21204", "addr:state": "MD", "addr:street": "York Road", "amenity": "social_centre", "heritage": "6", "heritage:operator": "Baltimore County", "heritage:start_date": "9/26/1978", "name": "Odd Fellows Temple, Towson Lodge No. 79", "operator": "Independent Order of Odd Fellows", "phone": "+1 410 823 1367", "ref:baco": "1505", "source:historic": "Historic Towson, Inc.", "start_date": "1878", "website": "https://towsonlodge.us/"}}, "geometry": {"type": "Point", "coordinates": [-76.6025519, 39.4007924]}}, {"type": "Feature", "properties": {"osm_type": "node", "osm_id": 3634536513, "tags": {"fixme": "Position is approximate.", "leisure": "bowling_alley", "name": "Pines Plaza Bowling"}}, "geometry": {"type": "Point", "coordinates": [-80.0358098, 40.5485238]}}, {"type": "Feature", "properties": {"osm_type": "node", "osm_id": 3636046904, "tags": {"leisure": "bowling_alley", "name": "Perry Park Lanes"}}, "geometry": {"type": "Point", "coordinates": [-80.0371624, 40.5813917]}}, {"type": "Feature", "properties": {"osm_type": "node", "osm_id": 3744919241, "tags": {"addr:city": "Jeffersonville", "addr:postcode": "47130", "addr:state": "IN", "addr:street": "East 8th Street", "amenity": "social_centre", "brand": "American Legion", "brand:wikidata": "Q468865", "name": "American Legion Hall", "social_centre:for": "veteran"}}, "geometry": {"type": "Point", "coordinates": [-85.7289454, 38.2850948]}}, {"type": "Feature", "properties": {"osm_type": "node", "osm_id": 3810229160, "tags": {"amenity": "social_centre", "name": "The Mechanics Club"}}, "geometry": {"type": "Point", "coordinates": [-76.8475423, 42.3462128]}}, {"type": "Feature", "properties": {"osm_type": "node", "osm_id": 3811384358, "tags": {"addr:city": "Mapleton", "addr:housenumber": "483", "addr:postcode": "17052", "addr:street": "Railroad", "amenity": "social_centre", "brand": "American Legion", "brand:wikidata": "Q468865", "name": "American Legion Hall", "phone": "+1 814-542-8885", "social_centre:for": "veteran", "wheelchair": "yes"}}, "geometry": {"type": "Point", "coordinates": [-77.939226, 40.392833]}}, {"type": "Feature", "properties": {"osm_type": "node", "osm_id": 3865713238, "tags": {"leisure": "bowling_alley", "name": "Arsenal Bowl", "sport": "10pin"}}, "geometry": {"type": "Point", "coordinates": [-79.959714, 40.4712105]}}, {"type": "Feature", "properties": {"osm_type": "node", "osm_id": 3869097357, "tags": {"addr:city": "Baltimore", "addr:housenumber": "1306", "addr:state": "MD", "addr:street": "Bank Street", "leisure": "bowling_alley", "name": "Mustang Alleys"}}, "geometry": {"type": "Point", "coordinates": [-76.5988212, 39.2866023]}}, {"type": "Feature", "properties": {"osm_type": "node", "osm_id": 3889965581, "tags": {"leisure": "bowling_alley"}}, "geometry": {"type": "Point", "coordinates": [-79.974227, 40.4813763]}}, {"type": "Feature", "properties": {"osm_type": "node", "osm_id": 3901330162, "tags": {"addr:city": "Fairfax", "addr:housenumber": "9699", "addr:postcode": "22031", "addr:state": "VA", "addr:street": "Fairfax Boulevard", "leisure": "bowling_alley", "name": "Bowl America Fairfax", "phone": "+1 703-2737700", "sport": "10pin", "website": "https://www.bowlero.com/location/bowl-america-fairfax"}}, "geometry": {"type": "Point", "coordinates": [-77.2784778, 38.862867]}}, {"type": "Feature", "properties": {"osm_type": "node", "osm_id": 3994575321, "tags": {"leisure": "bowling_alley", "name": "Emerson Lanes"}}, "geometry": {"type": "Point", "coordinates": [-81.5308234, 39.2880005]}}, {"type": "Feature", "properties": {"osm_type": "node", "osm_id": 4321335419, "tags": {"addr:city": "London", "addr:street": "Hamilton Road", "addr:unit": "23", "leisure": "bowling_alley", "level": "-1", "name": "Fairmont Lanes", "phone": "+1-519-455-9630", "sport": "5pin;10pin"}}, "geometry": {"type": "Point", "coordinates": [-81.1921636, 42.9780244]}}, {"type": "Feature", "properties": {"osm_type": "node", "osm_id": 4338842768, "tags": {"leisure": "bowling_alley", "name": "Freeway Lanes", "sport": "10pin"}}, "geometry": {"type": "Point", "coordinates": [-81.7785948, 41.4180831]}}, {"type": "Feature", "properties": {"osm_type": "node", "osm_id": 4346521418, "tags": {"addr:city": "Norwalk", "addr:housenumber": "14", "addr:postcode": "44857", "addr:state": "OH", "addr:street": "East Seminary Street", "leisure": "bowling_alley", "name": "Kenilee Lanes and Pro Shop", "opening_hours:signed": "no"}}, "geometry": {"type": "Point", "coordinates": [-82.6143084, 41.2417904]}}, {"type": "Feature", "properties": {"osm_type": "node", "osm_id": 4358236532, "tags": {"amenity": "social_centre", "brand": "American Legion", "brand:wikidata": "Q468865", "name": "American Legion Hall", "social_centre:for": "veterans"}}, "geometry": {"type": "Point", "coordinates": [-83.1760927, 41.1098076]}}, {"type": "Feature", "properties": {"osm_type": "node", "osm_id": 4441428670, "tags": {"amenity": "social_centre", "brand": "American Legion", "brand:wikidata": "Q468865", "name": "American Legion Hall", "social_centre:for": "veterans"}}, "geometry": {"type": "Point", "coordinates": [-79.1493442, 40.6227575]}}, {"type": "Feature", "properties": {"osm_type": "node", "osm_id": 4465257930, "tags": {"addr:city": "Carmel", "addr:housenumber": "141", "addr:postcode": "46032", "addr:state": "IN", "addr:street": "main street", "amenity": "social_centre", "brand": "Lions Clubs International", "brand:wikidata": "Q270029", "name": "Lions Clubs International", "phone": "+1-317-590-5418", "website": "https://www.carmellions.org/"}}, "geometry": {"type": "Point", "coordinates": [-86.1249126, 39.9779711]}}, {"type": "Feature", "properties": {"osm_type": "node", "osm_id": 4483229589, "tags": {"alt_name": "Phil's Burrow", "club": "social", "name": "Punxsutawney Groundhog Club", "website": "https://www.groundhog.org/visit-us/phils-burrow/"}}, "geometry": {"type": "Point", "coordinates": [-78.9682107, 40.9437435]}}, {"type": "Feature", "properties": {"osm_type": "node", "osm_id": 4487463582, "tags": {"leisure": "bowling_alley", "name": "Potomac Higlands Recreation Center", "smoking": "outside"}}, "geometry": {"type": "Point", "coordinates": [-79.3295628, 38.6424312]}}, {"type": "Feature", "properties": {"osm_type": "node", "osm_id": 4558909657, "tags": {"amenity": "social_centre", "brand": "Loyal Order of Moose", "brand:wikidata": "Q6908585", "name": "Moose Lodge", "official_name": "Loyal Order of Moose"}}, "geometry": {"type": "Point", "coordinates": [-77.5963151, 39.7622979]}}, {"type": "Feature", "properties": {"osm_type": "node", "osm_id": 4567603890, "tags": {"leisure": "bowling_alley", "name": "Pinheads"}}, "geometry": {"type": "Point", "coordinates": [-81.1583064, 37.9762412]}}, {"type": "Feature", "properties": {"osm_type": "node", "osm_id": 4568912655, "tags": {"leisure": "bowling_alley", "name": "Elkins Bowling"}}, "geometry": {"type": "Point", "coordinates": [-79.8484956, 38.8871095]}}, {"type": "Feature", "properties": {"osm_type": "node", "osm_id": 4664448730, "tags": {"leisure": "bowling_alley", "level": "-1", "level:ref": "B", "name": "Montview Bowling Alley", "opening_hours": "Su 13:00-23:00; Mo,Tu,Th 12:00-23:30; We 12:00-21:30; Fr 12:00-24:00; Sa 10:00-24:00", "operator": "Liberty University", "sport": "10pin"}}, "geometry": {"type": "Point", "coordinates": [-79.180626, 37.3500061]}}, {"type": "Feature", "properties": {"osm_type": "node", "osm_id": 4712643895, "tags": {"addr:city": "Pittsburgh", "addr:housenumber": "1820", "addr:postcode": "15206", "addr:state": "PA", "addr:street": "Morningside Avenue", "amenity": "social_centre", "check_date": "2024-08-18", "name": "Morningside VFW 3945"}}, "geometry": {"type": "Point", "coordinates": [-79.9265325, 40.4868662]}}, {"type": "Feature", "properties": {"osm_type": "node", "osm_id": 4726391018, "tags": {"addr:city": "Belmont", "addr:housenumber": "29", "addr:postcode": "14813", "addr:state": "NY", "addr:street": "Schuyler Street", "leisure": "bowling_alley", "name": "Belmont Community Lanes"}}, "geometry": {"type": "Point", "coordinates": [-78.0329048, 42.2222355]}}, {"type": "Feature", "properties": {"osm_type": "node", "osm_id": 4735058766, "tags": {"leisure": "bowling_alley", "name": "Deer Lakes Bowl"}}, "geometry": {"type": "Point", "coordinates": [-79.8538076, 40.6112404]}}, {"type": "Feature", "properties": {"osm_type": "node", "osm_id": 4858154707, "tags": {"addr:city": "Bowling Green", "addr:postcode": "43402", "addr:state": "OH", "amenity": "social_centre", "brand": "AMVETS", "brand:wikidata": "Q2819279", "name": "AMVETS Post #711", "opening_hours:covid19": "off", "ref": "711"}}, "geometry": {"type": "Point", "coordinates": [-83.6515244, 41.3891492]}}, {"type": "Feature", "properties": {"osm_type": "node", "osm_id": 4961975245, "tags": {"addr:city": "Indianapolis", "addr:housenumber": "3421", "addr:postcode": "46240", "addr:state": "IN", "addr:street": "E 96th Street", "leisure": "bowling_alley", "name": "Woodland Bowling Center"}}, "geometry": {"type": "Point", "coordinates": [-86.1084317, 39.924865]}}, {"type": "Feature", "properties": {"osm_type": "node", "osm_id": 4980676058, "tags": {"leisure": "bowling_alley", "level": "-1", "name": "Truman Bowling Alley"}}, "geometry": {"type": "Point", "coordinates": [-77.0384055, 38.8973757]}}, {"type": "Feature", "properties": {"osm_type": "node", "osm_id": 4989051342, "tags": {"leisure": "bowling_alley", "name": "Wawasee Bowl", "sport": "10pin"}}, "geometry": {"type": "Point", "coordinates": [-85.7461967, 41.4076445]}}, {"type": "Feature", "properties": {"osm_type": "node", "osm_id": 5281387464, "tags": {"addr:city": "Berea", "addr:housenumber": "590", "addr:postcode": "44017", "addr:state": "OH", "addr:street": "North Rocky River Drive", "amenity": "social_centre", "brand": "Veterans of Foreign Wars of the United States", "brand:wikidata": "Q3556413", "name": "VFW Post", "name:en": "VFW Post", "official_name": "Veterans of Foreign Wars of the United States", "short_name": "VFW", "social_centre:for": "veteran"}}, "geometry": {"type": "Point", "coordinates": [-81.8569471, 41.3810131]}}, {"type": "Feature", "properties": {"osm_type": "node", "osm_id": 5288297824, "tags": {"addr:city": "Ebensburg", "addr:housenumber": "102", "addr:postcode": "15931", "addr:state": "PA", "addr:street": "West Sample Street", "amenity": "social_centre", "brand": "Veterans of Foreign Wars of the United States", "brand:short": "VFW", "brand:wikidata": "Q3556413", "name": "VFW Post", "name:en": "VFW Post", "official_name": "Veterans of Foreign Wars of the United States", "social_centre:for": "veteran"}}, "geometry": {"type": "Point", "coordinates": [-78.7257139, 40.4859329]}}, {"type": "Feature", "properties": {"osm_type": "node", "osm_id": 5369290778, "tags": {"leisure": "bowling_alley", "name": "Delaware Lanes"}}, "geometry": {"type": "Point", "coordinates": [-83.0448956, 40.296103]}}, {"type": "Feature", "properties": {"osm_type": "node", "osm_id": 5449505173, "tags": {"addr:city": "Spotsylvania", "addr:housenumber": "9835", "addr:postcode": "22553", "addr:state": "VA", "addr:street": "Courthouse Road", "amenity": "social_centre", "name": "Spotsylvania Career Fire Fighers Local 3886"}}, "geometry": {"type": "Point", "coordinates": [-77.556499, 38.2337372]}}, {"type": "Feature", "properties": {"osm_type": "node", "osm_id": 5528542946, "tags": {"amenity": "social_centre", "club": "freemason", "name": "Masonic Lodge #149"}}, "geometry": {"type": "Point", "coordinates": [-83.7586873, 38.654626]}}, {"type": "Feature", "properties": {"osm_type": "node", "osm_id": 5587262874, "tags": {"addr:city": "Fort Wayne", "addr:housenumber": "3233", "addr:postcode": "46835", "addr:street": "Saint Joe Center Road", "amenity": "social_centre", "brand": "Benevolent and Protective Order of Elks", "brand:wikidata": "Q2895789", "name": "Elks Lodge", "official_name": "Benevolent and Protective Order of Elks", "short_name": "BPOE"}}, "geometry": {"type": "Point", "coordinates": [-85.1006875, 41.1347845]}}, {"type": "Feature", "properties": {"osm_type": "node", "osm_id": 5655086282, "tags": {"leisure": "bowling_alley", "name": "Royal Scot", "opening_hours": "Mo-Th 09:00-23:00; Fr-Sa 09:00-24:00; Su 09:00-22:30", "phone": "+1-517-321-3071", "website": "https://royalscot.net/bowling/"}}, "geometry": {"type": "Point", "coordinates": [-84.6158088, 42.7753834]}}, {"type": "Feature", "properties": {"osm_type": "node", "osm_id": 5691963465, "tags": {"addr:city": "Lakewood", "addr:housenumber": "433", "addr:postcode": "14750", "addr:state": "NY", "addr:street": "East Terrace Avenue", "club": "social", "email": "office@lakewoodrodandgun.org", "name": "Lakewood Rod & Gun Club", "operator": "Lakewood Rod & Gun Club", "phone": "+1-716-763-3955", "website": "https://www.lakewoodrodandgun.org/"}}, "geometry": {"type": "Point", "coordinates": [-79.2999075, 42.1019389]}}, {"type": "Feature", "properties": {"osm_type": "node", "osm_id": 5720857581, "tags": {"leisure": "bowling_alley", "name": "Ten-Pin Lanes & Lounge"}}, "geometry": {"type": "Point", "coordinates": [-83.678087, 41.180461]}}, {"type": "Feature", "properties": {"osm_type": "node", "osm_id": 5747528029, "tags": {"addr:city": "Vinton", "addr:housenumber": "1200", "addr:postcode": "24179", "addr:state": "VA", "addr:street": "Vinyard Road", "leisure": "bowling_alley", "name": "Vinton Bowling Center"}}, "geometry": {"type": "Point", "coordinates": [-79.8853312, 37.2710604]}}, {"type": "Feature", "properties": {"osm_type": "node", "osm_id": 5760403021, "tags": {"addr:city": "Rochester", "addr:housenumber": "421", "addr:postcode": "14607", "addr:state": "NY", "addr:street": "East Avenue", "amenity": "social_centre", "name": "Genesee Valley Club", "nysgissam:nysaddresspointid": "MONR287060"}}, "geometry": {"type": "Point", "coordinates": [-77.5941533, 43.1539327]}}, {"type": "Feature", "properties": {"osm_type": "node", "osm_id": 5891828783, "tags": {"addr:city": "Webster", "addr:housenumber": "2400", "addr:postcode": "14580", "addr:state": "NY", "addr:street": "Empire Boulevard", "leisure": "bowling_alley", "name": "AMF Empire Lanes", "phone": "+1 585-671-2556", "website": "https://www.amf.com/location/amf-empire-lanes", "wheelchair": "yes"}}, "geometry": {"type": "Point", "coordinates": [-77.4924598, 43.2034024]}}, {"type": "Feature", "properties": {"osm_type": "node", "osm_id": 5946564633, "tags": {"addr:city": "Springville", "addr:housenumber": "385", "addr:postcode": "14141", "addr:state": "NY", "addr:street": "South Cascade Drive", "leisure": "bowling_alley", "name": "Cascade Lanes Bowling Alley", "phone": "+1-716-592-9001", "website": "https://www.timandbonnies.com/cascade-lanes"}}, "geometry": {"type": "Point", "coordinates": [-78.6912415, 42.4989247]}}, {"type": "Feature", "properties": {"osm_type": "node", "osm_id": 6005617202, "tags": {"addr:city": "Ypsilanti", "addr:housenumber": "122", "addr:postcode": "48197", "addr:state": "MI", "addr:street": "North Normal Street", "amenity": "social_centre", "contact:facebook": "TKEDeltaPi", "name": "Tau Kappa Epsilon - Delta-Pi Chapter", "operator": "TKE", "website": "http://www.tkedeltapi.com"}}, "geometry": {"type": "Point", "coordinates": [-83.6229367, 42.2431343]}}, {"type": "Feature", "properties": {"osm_type": "node", "osm_id": 6248784052, "tags": {"addr:housenumber": "514", "addr:street": "Henry W Miller Highway", "amenity": "social_centre", "brand": "American Legion", "brand:wikidata": "Q468865", "name": "American Legion Post 128", "phone": "+1-304-947-7008", "social_centre:for": "veteran"}}, "geometry": {"type": "Point", "coordinates": [-78.4555387, 39.5321531]}}, {"type": "Feature", "properties": {"osm_type": "node", "osm_id": 6279252042, "tags": {"addr:city": "Silver Spring", "addr:postcode": "20904", "addr:state": "MD", "leisure": "bowling_alley", "name": "White Oak Bowling", "website": "https://www.whiteoakduckpins.com/"}}, "geometry": {"type": "Point", "coordinates": [-76.9898527, 39.0407064]}}, {"type": "Feature", "properties": {"osm_type": "node", "osm_id": 6289698401, "tags": {"addr:housenumber": "1300", "addr:street": "Pike Street", "leisure": "bowling_alley", "name": "Maple City Bowl", "website": "https://maplecitybowling.com/"}}, "geometry": {"type": "Point", "coordinates": [-85.852072, 41.5886094]}}, {"type": "Feature", "properties": {"osm_type": "node", "osm_id": 6502762675, "tags": {"addr:city": "St. Catharines", "addr:housenumber": "285", "addr:street": "Geneva Street", "leisure": "bowling_alley", "name": "Fairview Bowling Lanes", "phone": "+1-905-937-5220", "website": "https://fairviewlanes.ca"}}, "geometry": {"type": "Point", "coordinates": [-79.2443347, 43.1782494]}}, {"type": "Feature", "properties": {"osm_type": "node", "osm_id": 6538581268, "tags": {"amenity": "social_centre", "brand": "Loyal Order of Moose", "brand:wikidata": "Q6908585", "name": "Moose Lodge", "official_name": "Loyal Order of Moose"}}, "geometry": {"type": "Point", "coordinates": [-82.3658269, 38.4102183]}}, {"type": "Feature", "properties": {"osm_type": "node", "osm_id": 6543805946, "tags": {"amenity": "social_centre", "brand": "Freemason", "name": "North Canton Masonic Temple"}}, "geometry": {"type": "Point", "coordinates": [-81.401961, 40.8838156]}}, {"type": "Feature", "properties": {"osm_type": "node", "osm_id": 6551210400, "tags": {"alt_name": "American Legion Hall", "amenity": "social_centre", "brand": "American Legion", "brand:wikidata": "Q468865", "name": "Marianna American Legion Hall", "social_centre:for": "veteran"}}, "geometry": {"type": "Point", "coordinates": [-80.0932201, 40.0215586]}}, {"type": "Feature", "properties": {"osm_type": "node", "osm_id": 6551544087, "tags": {"alt_name": "American Legion Hall", "amenity": "social_centre", "brand": "American Legion", "brand:wikidata": "Q468865", "name": "American Legion Hall", "social_centre:for": "veterans"}}, "geometry": {"type": "Point", "coordinates": [-80.3687895, 41.7585262]}}, {"type": "Feature", "properties": {"osm_type": "node", "osm_id": 6645043932, "tags": {"addr:unit": "D", "amenity": "social_centre", "name": "Christian Counseling Services"}}, "geometry": {"type": "Point", "coordinates": [-79.2555974, 37.3217828]}}, {"type": "Feature", "properties": {"osm_type": "node", "osm_id": 6688349092, "tags": {"amenity": "social_centre", "brand": "American Legion", "brand:wikidata": "Q468865", "name": "American Legion Post 66", "social_centre:for": "veteran"}}, "geometry": {"type": "Point", "coordinates": [-82.3341205, 40.8559819]}}, {"type": "Feature", "properties": {"osm_type": "node", "osm_id": 6700686097, "tags": {"amenity": "social_centre", "brand": "American Legion", "brand:wikidata": "Q468865", "name": "American Legion Pocahontas Post 50", "social_centre:for": "veterans"}}, "geometry": {"type": "Point", "coordinates": [-80.0925091, 38.2224232]}}, {"type": "Feature", "properties": {"osm_type": "node", "osm_id": 6747817912, "tags": {"leisure": "bowling_alley", "name": "JD Lanes"}}, "geometry": {"type": "Point", "coordinates": [-80.9914007, 40.2732076]}}, {"type": "Feature", "properties": {"osm_type": "node", "osm_id": 6764222697, "tags": {"addr:city": "Johnstown", "addr:housenumber": "114", "addr:postcode": "15901", "addr:state": "PA", "addr:street": "Main Street", "amenity": "social_centre", "brand": "American Legion", "brand:wikidata": "Q468865", "name": "American Legion Hall", "social_centre:for": "veterans"}}, "geometry": {"type": "Point", "coordinates": [-78.9241641, 40.3276009]}}, {"type": "Feature", "properties": {"osm_type": "node", "osm_id": 6766560863, "tags": {"amenity": "social_centre", "name": "IBEW 459"}}, "geometry": {"type": "Point", "coordinates": [-78.9284168, 40.3396451]}}, {"type": "Feature", "properties": {"osm_type": "node", "osm_id": 6772390827, "tags": {"amenity": "social_centre", "name": "NAACP Youngstown"}}, "geometry": {"type": "Point", "coordinates": [-80.6519593, 41.1183243]}}, {"type": "Feature", "properties": {"osm_type": "node", "osm_id": 6781610629, "tags": {"amenity": "social_centre", "name": "USO Lounge"}}, "geometry": {"type": "Point", "coordinates": [-84.6543661, 39.0532634]}}, {"type": "Feature", "properties": {"osm_type": "node", "osm_id": 6781625971, "tags": {"amenity": "social_centre", "name": "USO Lounge"}}, "geometry": {"type": "Point", "coordinates": [-84.6536392, 39.0502432]}}, {"type": "Feature", "properties": {"osm_type": "node", "osm_id": 6789369960, "tags": {"leisure": "bowling_alley"}}, "geometry": {"type": "Point", "coordinates": [-78.3467146, 38.9986161]}}, {"type": "Feature", "properties": {"osm_type": "node", "osm_id": 6789370029, "tags": {"amenity": "social_centre", "brand": "Loyal Order of Moose", "brand:wikidata": "Q6908585", "name": "Moose Lodge", "official_name": "Loyal Order of Moose"}}, "geometry": {"type": "Point", "coordinates": [-78.367858, 39.0171679]}}, {"type": "Feature", "properties": {"osm_type": "node", "osm_id": 6852746258, "tags": {"addr:housenumber": "2961", "addr:postcode": "15216", "addr:street": "West Liberty Avenue", "leisure": "bowling_alley", "name": "Hollywood Lanes"}}, "geometry": {"type": "Point", "coordinates": [-80.035501, 40.3937206]}}, {"type": "Feature", "properties": {"osm_type": "node", "osm_id": 6877498902, "tags": {"amenity": "social_centre", "brand": "American Legion", "brand:wikidata": "Q468865", "name": "American Legion Jenkins-Vaughan Post 97", "social_centre:for": "veterans"}}, "geometry": {"type": "Point", "coordinates": [-82.8971316, 40.4981722]}}, {"type": "Feature", "properties": {"osm_type": "node", "osm_id": 6898588750, "tags": {"addr:city": "Columbus", "addr:housenumber": "4576", "addr:postcode": "43229", "addr:state": "OH", "addr:street": "Morse Centre", "amenity": "social_centre", "name": "Our Helpers"}}, "geometry": {"type": "Point", "coordinates": [-82.9621947, 40.0613122]}}, {"type": "Feature", "properties": {"osm_type": "node", "osm_id": 7018462509, "tags": {"amenity": "social_centre", "brand": "Veterans of Foreign Wars of the United States", "brand:wikidata": "Q3556413", "name": "VFW Post", "name:en": "VFW Post", "official_name": "Veterans of Foreign Wars of the United States", "short_name": "VFW", "social_centre:for": "veterans"}}, "geometry": {"type": "Point", "coordinates": [-78.6220106, 39.5455868]}}, {"type": "Feature", "properties": {"osm_type": "node", "osm_id": 7113769188, "tags": {"indoor": "yes", "leisure": "bowling_alley", "name": "Hang Ten", "sport": "10pin", "website": "https://www.funattheweb.com/mini-bowling"}}, "geometry": {"type": "Point", "coordinates": [-84.3871492, 39.3715047]}}, {"type": "Feature", "properties": {"osm_type": "node", "osm_id": 7178872405, "tags": {"amenity": "social_centre", "brand": "American Legion", "brand:wikidata": "Q468865", "name": "American Legion Post 532", "social_centre:for": "veterans"}}, "geometry": {"type": "Point", "coordinates": [-83.0990249, 39.922277]}}, {"type": "Feature", "properties": {"osm_type": "node", "osm_id": 7202314110, "tags": {"addr:city": "State College", "addr:country": "US", "addr:housenumber": "1521", "addr:postcode": "16803", "addr:state": "PA", "addr:street": "Martin Street", "check_date": "2024-05-31", "contact:facebook": "https://facebook.com/BowlWithNorthland", "contact:phone": "+1 814-237-1500", "email": "info@northlandbowl.com", "leisure": "bowling_alley", "name": "Northland Bowl and Recreation Center", "payment:cash": "yes", "payment:credit_cards": "yes", "payment:debit_cards": "yes", "payment:discover_card": "yes", "payment:mastercard": "yes", "payment:visa": "yes", "sport": "10pin", "website": "http://www.northlandbowl.com/"}}, "geometry": {"type": "Point", "coordinates": [-77.8918238, 40.8055523]}}, {"type": "Feature", "properties": {"osm_type": "node", "osm_id": 7207498395, "tags": {"amenity": "social_centre", "name": "Veterans of Foreign Wars"}}, "geometry": {"type": "Point", "coordinates": [-85.4959124, 41.3349391]}}, {"type": "Feature", "properties": {"osm_type": "node", "osm_id": 7237344387, "tags": {"leisure": "bowling_alley", "name": "Capri Bolwing Lanes"}}, "geometry": {"type": "Point", "coordinates": [-84.2009993, 39.7132834]}}, {"type": "Feature", "properties": {"osm_type": "node", "osm_id": 7255920162, "tags": {"leisure": "bowling_alley", "name": "Round 1", "opening_hours": "Mo-Su 10:00-02:00", "phone": "+1-937-986-1696"}}, "geometry": {"type": "Point", "coordinates": [-84.0555005, 39.7659495]}}, {"type": "Feature", "properties": {"osm_type": "node", "osm_id": 7326924035, "tags": {"amenity": "social_centre", "brand": "Veterans of Foreign Wars of the United States", "brand:short": "VFW", "brand:wikidata": "Q3556413", "historic": "aircraft", "name": "Richard J. Gross VFW Post 8896", "name:en": "VFW Post", "official_name": "Veterans of Foreign Wars of the United States", "operator": "VFW", "short_name": "VFW", "social_centre:for": "veteran"}}, "geometry": {"type": "Point", "coordinates": [-76.9780431, 39.9357472]}}, {"type": "Feature", "properties": {"osm_type": "node", "osm_id": 7357034049, "tags": {"amenity": "social_centre", "brand": "American Legion", "brand:wikidata": "Q468865", "entrance": "yes", "name": "American Legion Post 93", "social_centre:for": "veterans"}}, "geometry": {"type": "Point", "coordinates": [-82.5674713, 38.3984121]}}, {"type": "Feature", "properties": {"osm_type": "node", "osm_id": 7358930029, "tags": {"amenity": "social_centre", "brand": "AMVETS", "brand:wikidata": "Q2819279", "entrance": "yes", "name": "AMVETS Post 14", "social_centre:for": "veterans"}}, "geometry": {"type": "Point", "coordinates": [-82.5787738, 38.3995935]}}, {"type": "Feature", "properties": {"osm_type": "node", "osm_id": 7399782749, "tags": {"addr:city": "Tonawanda", "addr:floor": "Floor 1;Floor 2", "addr:housenumber": "43", "addr:postcode": "14150", "addr:state": "NY", "addr:street": "Main Street", "addr:unit": "2", "amenity": "social_centre", "brand": "American Legion", "brand:wikidata": "Q468865", "name": "American Legion Tonawanda Post 264", "nysgissam:nysaddresspointid": "ERIE388164;ERIE377385;ERIE456300;ERIE289312", "social_centre:for": "veteran"}}, "geometry": {"type": "Point", "coordinates": [-78.8781299, 43.0196191]}}, {"type": "Feature", "properties": {"osm_type": "node", "osm_id": 7399782756, "tags": {"addr:city": "Tonawanda", "addr:floor": "Floor 1", "addr:housenumber": "55", "addr:postcode": "14150", "addr:state": "NY", "addr:street": "Main Street", "amenity": "social_centre", "brand": "Benevolent and Protective Order of Elks", "brand:wikidata": "Q2895789", "name": "Elks Lodge 860", "nysgissam:nysaddresspointid": "ERIE389316;ERIE289320", "official_name": "Benevolent and Protective Order of Elks", "short_name": "BPOE"}}, "geometry": {"type": "Point", "coordinates": [-78.8781908, 43.0192792]}}, {"type": "Feature", "properties": {"osm_type": "node", "osm_id": 7507525652, "tags": {"leisure": "bowling_alley", "name": "Waterford Lanes"}}, "geometry": {"type": "Point", "coordinates": [-83.4251427, 42.6164481]}}, {"type": "Feature", "properties": {"osm_type": "node", "osm_id": 7527616987, "tags": {"addr:city": "Erie", "addr:housenumber": "3304", "addr:postcode": "16506", "addr:state": "PA", "addr:street": "Zuck Road", "leisure": "bowling_alley", "name": "Rolling Meadow Lanes"}}, "geometry": {"type": "Point", "coordinates": [-80.1290093, 42.0841116]}}, {"type": "Feature", "properties": {"osm_type": "node", "osm_id": 7549597561, "tags": {"addr:city": "Tonawanda", "addr:housenumber": "561", "addr:postcode": "14150", "addr:state": "NY", "addr:street": "Main Street", "club": "social", "name": "Knights of Columbus"}}, "geometry": {"type": "Point", "coordinates": [-78.8808316, 43.0036158]}}, {"type": "Feature", "properties": {"osm_type": "node", "osm_id": 7552707655, "tags": {"addr:city": "Wadsworth", "addr:housenumber": "246", "addr:postcode": "44281", "addr:state": "OH", "addr:street": "Main Street", "amenity": "social_centre", "brand": "Loyal Order of Moose", "brand:wikidata": "Q6908585", "name": "Moose Lodge #2070", "official_name": "Loyal Order of Moose", "phone": "+1-330-336-8985"}}, "geometry": {"type": "Point", "coordinates": [-81.7299786, 41.0214643]}}, {"type": "Feature", "properties": {"osm_type": "node", "osm_id": 7564085911, "tags": {"addr:city": "Erie", "addr:housenumber": "1938", "addr:postcode": "16510", "addr:state": "PA", "addr:street": "Buffalo Road", "amenity": "social_centre", "brand": "American Legion", "brand:wikidata": "Q468865", "name": "American Legion - East Erie", "social_centre:for": "veteran"}}, "geometry": {"type": "Point", "coordinates": [-80.0338335, 42.1325961]}}, {"type": "Feature", "properties": {"osm_type": "node", "osm_id": 7567017888, "tags": {"addr:city": "Erie", "addr:housenumber": "1917", "addr:postcode": "16510", "addr:state": "PA", "addr:street": "Eastern Avenue", "amenity": "social_centre", "brand": "American Legion", "brand:wikidata": "Q468865", "name": "American Legion - Wesleyville", "social_centre:for": "veteran"}}, "geometry": {"type": "Point", "coordinates": [-80.017632, 42.1399148]}}, {"type": "Feature", "properties": {"osm_type": "node", "osm_id": 7570453445, "tags": {"addr:city": "Erie", "addr:housenumber": "18", "addr:postcode": "16501", "addr:state": "PA", "addr:street": "West 9th Street", "amenity": "social_centre", "name": "GECAC"}}, "geometry": {"type": "Point", "coordinates": [-80.084399, 42.1264454]}}, {"type": "Feature", "properties": {"osm_type": "node", "osm_id": 7571667281, "tags": {"addr:city": "Erie", "addr:housenumber": "825", "addr:postcode": "16565", "addr:state": "PA", "addr:street": "Millcreek Mall Boulevard", "brand": "Round1", "brand:wikidata": "Q11346634", "leisure": "bowling_alley", "name": "Round1", "opening_hours": "Mo-Su 10:00-02:00", "phone": "+1-814-813-1730", "sport": "10pin", "toilets": "yes"}}, "geometry": {"type": "Point", "coordinates": [-80.0995666, 42.0683255]}}, {"type": "Feature", "properties": {"osm_type": "node", "osm_id": 7573379489, "tags": {"amenity": "social_centre", "name": "Bishop Spalding Council 2761"}}, "geometry": {"type": "Point", "coordinates": [-85.6679282, 38.2984113]}}, {"type": "Feature", "properties": {"osm_type": "node", "osm_id": 7578248948, "tags": {"addr:city": "Southgate", "addr:housenumber": "13175", "addr:postcode": "48195", "addr:state": "MI", "addr:street": "Dix-Toledo Highway", "alt_name": "Aeries Lodge", "amenity": "social_centre", "brand": "Fraternal Order of Eagles", "brand:wikidata": "Q5493810", "name": "Port District Eagles #2148", "official_name": "Fraternal Order of Eagles", "short_name": "FOE", "start_date": "1977"}}, "geometry": {"type": "Point", "coordinates": [-83.195217, 42.2120974]}}, {"type": "Feature", "properties": {"osm_type": "node", "osm_id": 7592686951, "tags": {"addr:city": "Erie", "addr:housenumber": "1583", "addr:postcode": "16508", "addr:state": "PA", "addr:street": "West 38th Street", "leisure": "bowling_alley", "name": "Greengarden Lanes"}}, "geometry": {"type": "Point", "coordinates": [-80.100166, 42.0892014]}}, {"type": "Feature", "properties": {"osm_type": "node", "osm_id": 7606366126, "tags": {"addr:city": "Indianapolis", "addr:housenumber": "5395", "addr:postcode": "46226", "addr:state": "IN", "addr:street": "Emerson Way", "amenity": "social_centre", "fraternity": "non-academic", "fraternity:abbreviation": "\u03a6\u039a\u03a8", "name": "Phi Kappa Psi", "source": "esri_USDOT_Indiana", "website": "https://www.phikappapsi.com/", "wikidata": "Q3378723", "wikipedia": "en:Phi Kappa Psi"}}, "geometry": {"type": "Point", "coordinates": [-86.083039, 39.8513916]}}, {"type": "Feature", "properties": {"osm_type": "node", "osm_id": 7737452605, "tags": {"amenity": "social_centre", "brand": "Royal Canadian Legion", "brand:wikidata": "Q3270231", "brand:wikipedia": "en:Royal Canadian Legion", "check_date": "2023-08-14", "name": "Royal Canadian Legion Hall", "short_name": "RCL", "social_centre:for": "veteran"}}, "geometry": {"type": "Point", "coordinates": [-80.7494933, 43.1309985]}}, {"type": "Feature", "properties": {"osm_type": "node", "osm_id": 7757294382, "tags": {"amenity": "social_centre", "brand": "Royal Canadian Legion", "brand:wikidata": "Q3270231", "brand:wikipedia": "en:Royal Canadian Legion", "name": "Royal Canadian Legion Hall", "short_name": "RCL"}}, "geometry": {"type": "Point", "coordinates": [-80.8338591, 43.0948958]}}, {"type": "Feature", "properties": {"osm_type": "node", "osm_id": 7795550000, "tags": {"amenity": "social_centre", "brand": "Royal Canadian Legion", "brand:short": "RCL", "brand:wikidata": "Q3270231", "brand:wikipedia": "en:Royal Canadian Legion", "name": "Royal Canadian Legion Hall", "short_name": "RCL", "social_centre:for": "veteran"}}, "geometry": {"type": "Point", "coordinates": [-81.1902107, 42.7798049]}}, {"type": "Feature", "properties": {"osm_type": "node", "osm_id": 7805203841, "tags": {"addr:city": "King George", "addr:housenumber": "10021", "addr:postcode": "22485", "addr:state": "VA", "addr:street": "Dahlgren Road", "amenity": "social_centre", "brand": "American Legion", "brand:wikidata": "Q468865", "name": "American Legion Hall", "social_centre:for": "veteran"}}, "geometry": {"type": "Point", "coordinates": [-77.1752196, 38.2929291]}}, {"type": "Feature", "properties": {"osm_type": "node", "osm_id": 7818038919, "tags": {"addr:city": "Dillsburg", "addr:housenumber": "22", "addr:postcode": "17019", "addr:state": "PA", "addr:street": "Franklin Street", "amenity": "social_centre", "brand": "Veterans of Foreign Wars of the United States", "brand:wikidata": "Q3556413", "name": "VFW Post", "name:en": "VFW Post", "official_name": "Veterans of Foreign Wars of the United States", "short_name": "VFW", "social_centre:for": "veterans", "website": "http://www.vfwpost6771.org/"}}, "geometry": {"type": "Point", "coordinates": [-77.0355654, 40.1062148]}}, {"type": "Feature", "properties": {"osm_type": "node", "osm_id": 7820447547, "tags": {"amenity": "social_centre", "name": "Teamsters"}}, "geometry": {"type": "Point", "coordinates": [-83.5669264, 41.6314959]}}, {"type": "Feature", "properties": {"osm_type": "node", "osm_id": 7859000383, "tags": {"addr:city": "Erie", "addr:housenumber": "2622", "addr:postcode": "16510", "addr:state": "PA", "addr:street": "Buffalo Road", "amenity": "social_centre", "name": "Saint James Place", "operator": "Saint James Roman Catholic Church", "operator:type": "public"}}, "geometry": {"type": "Point", "coordinates": [-80.0207084, 42.1380875]}}, {"type": "Feature", "properties": {"osm_type": "node", "osm_id": 7893425464, "tags": {"addr:housenumber": "565", "addr:street": "Ridout Street North", "amenity": "social_centre", "name": "Phi Gamma Delta - Lambda Omega"}}, "geometry": {"type": "Point", "coordinates": [-81.2560819, 42.9873866]}}, {"type": "Feature", "properties": {"osm_type": "node", "osm_id": 7899976420, "tags": {"amenity": "social_centre", "brand": "Loyal Order of Moose", "brand:wikidata": "Q6908585", "name": "Moose Lodge", "official_name": "Loyal Order of Moose"}}, "geometry": {"type": "Point", "coordinates": [-81.3867328, 41.0511754]}}, {"type": "Feature", "properties": {"osm_type": "node", "osm_id": 7899976421, "tags": {"amenity": "social_centre", "brand": "Veterans of Foreign Wars of the United States", "brand:short": "VFW", "brand:wikidata": "Q3556413", "name": "VFW Post", "name:en": "VFW Post", "official_name": "Veterans of Foreign Wars of the United States", "short_name": "VFW", "social_centre:for": "veteran"}}, "geometry": {"type": "Point", "coordinates": [-81.3804411, 41.0513296]}}, {"type": "Feature", "properties": {"osm_type": "node", "osm_id": 7942855146, "tags": {"addr:city": "Erie", "addr:housenumber": "2545", "addr:postcode": "16506", "addr:state": "PA", "addr:street": "West 26th Street", "amenity": "social_centre", "name": "The Sight Center of Northwest Pennsylvania"}}, "geometry": {"type": "Point", "coordinates": [-80.1299432, 42.0905372]}}, {"type": "Feature", "properties": {"osm_type": "node", "osm_id": 7955569114, "tags": {"addr:city": "Fairview", "addr:housenumber": "7605", "addr:postcode": "16415", "addr:state": "PA", "addr:street": "Maple Street", "amenity": "social_centre", "brand": "American Legion", "brand:wikidata": "Q468865", "name": "American Legion Hall", "social_centre:for": "veteran"}}, "geometry": {"type": "Point", "coordinates": [-80.2581361, 42.0295197]}}, {"type": "Feature", "properties": {"osm_type": "node", "osm_id": 8073116086, "tags": {"addr:city": "North East", "addr:housenumber": "4132", "addr:postcode": "16428", "addr:state": "PA", "addr:street": "South Washington Street", "amenity": "social_centre", "name": "North East Manor"}}, "geometry": {"type": "Point", "coordinates": [-79.8292218, 42.2059228]}}, {"type": "Feature", "properties": {"osm_type": "node", "osm_id": 8111718801, "tags": {"addr:city": "Erie", "addr:housenumber": "3315", "addr:postcode": "16510", "addr:state": "PA", "addr:street": "South Street", "amenity": "social_centre", "name": "Wesley Center", "operator": "Wesley United Methodist Church", "operator:type": "public"}}, "geometry": {"type": "Point", "coordinates": [-80.0132072, 42.1396662]}}, {"type": "Feature", "properties": {"osm_type": "node", "osm_id": 8112072070, "tags": {"addr:city": "Erie", "addr:housenumber": "1062", "addr:postcode": "16502", "addr:state": "PA", "addr:street": "Brown Avenue", "addr:unit": "200", "amenity": "social_centre", "name": "Autism Society of Northwestern Pennsylvania"}}, "geometry": {"type": "Point", "coordinates": [-80.0982087, 42.1064447]}}, {"type": "Feature", "properties": {"osm_type": "node", "osm_id": 8115291809, "tags": {"addr:city": "Erie", "addr:housenumber": "1720", "addr:postcode": "16503", "addr:state": "PA", "addr:street": "Holland Street", "amenity": "social_centre", "name": "Booker T. Washington Center"}}, "geometry": {"type": "Point", "coordinates": [-80.0747983, 42.120201]}}, {"type": "Feature", "properties": {"osm_type": "node", "osm_id": 8118581331, "tags": {"addr:city": "Erie", "addr:housenumber": "109", "addr:postcode": "16507", "addr:state": "PA", "addr:street": "German Street", "amenity": "social_centre", "name": "Church of the Nativity Community Center"}}, "geometry": {"type": "Point", "coordinates": [-80.0818098, 42.1363022]}}, {"type": "Feature", "properties": {"osm_type": "node", "osm_id": 8118600583, "tags": {"addr:city": "Erie", "addr:housenumber": "260", "addr:postcode": "16507", "addr:state": "PA", "addr:street": "East 3rd Street", "amenity": "social_centre", "brand": "American Legion", "brand:wikidata": "Q468865", "name": "American Legion Hall", "social_centre:for": "veterans"}}, "geometry": {"type": "Point", "coordinates": [-80.0813963, 42.1347582]}}, {"type": "Feature", "properties": {"osm_type": "node", "osm_id": 8144610396, "tags": {"addr:city": "Beavercreek", "addr:housenumber": "3200", "addr:postcode": "45432", "addr:state": "OH", "addr:street": "Dayton-Xenia Road", "amenity": "social_centre", "brand": "American Legion", "brand:wikidata": "Q468865", "check_date": "2026-05-06", "name": "American Legion Hall", "operator": "Post #763", "social_centre:for": "veteran"}}, "geometry": {"type": "Point", "coordinates": [-84.054123, 39.7274685]}}, {"type": "Feature", "properties": {"osm_type": "node", "osm_id": 8152552822, "tags": {"leisure": "bowling_alley", "name": "Madison Lanes", "sport": "10pin"}}, "geometry": {"type": "Point", "coordinates": [-81.807084, 41.4775237]}}, {"type": "Feature", "properties": {"osm_type": "node", "osm_id": 8161673153, "tags": {"addr:city": "Lake City", "addr:housenumber": "1402", "addr:postcode": "16423", "addr:state": "PA", "addr:street": "Lake Street", "leisure": "bowling_alley", "name": "Lake City Lanes"}}, "geometry": {"type": "Point", "coordinates": [-80.3461704, 42.0208246]}}, {"type": "Feature", "properties": {"osm_type": "node", "osm_id": 8199623187, "tags": {"addr:city": "Erie", "addr:housenumber": "1039", "addr:postcode": "16504", "addr:state": "PA", "addr:street": "East 27th Street", "amenity": "social_centre", "name": "Mercy Center For Women"}}, "geometry": {"type": "Point", "coordinates": [-80.0490533, 42.1196403]}}, {"type": "Feature", "properties": {"osm_type": "node", "osm_id": 8206758399, "tags": {"addr:city": "Erie", "addr:housenumber": "4427", "addr:postcode": "16506", "addr:state": "PA", "addr:street": "West Ridge Road", "amenity": "social_centre", "brand": "Loyal Order of Moose", "brand:wikidata": "Q6908585", "name": "Moose Lodge", "official_name": "Loyal Order of Moose"}}, "geometry": {"type": "Point", "coordinates": [-80.1760573, 42.0743548]}}, {"type": "Feature", "properties": {"osm_type": "node", "osm_id": 8210611849, "tags": {"addr:city": "Erie", "addr:housenumber": "1358", "addr:postcode": "16503", "addr:state": "PA", "addr:street": "East 12th Street", "amenity": "social_centre", "name": "Barber National Institute"}}, "geometry": {"type": "Point", "coordinates": [-80.0514873, 42.1342826]}}, {"type": "Feature", "properties": {"osm_type": "node", "osm_id": 8238161721, "tags": {"addr:city": "Erie", "addr:housenumber": "926", "addr:postcode": "16507", "addr:state": "PA", "addr:street": "East 6th Street", "check_date:currency:XBT": "2026-01-28", "club": "social", "contact:email": "info@alcanoncluberie.com", "contact:facebook": "https://www.facebook.com/alcanoncluberie/", "currency:XBT": "yes", "name": "Alcanon Club of Erie", "opening_hours": "Mo-Su 09:00-22:00", "payment:lightning": "yes", "payment:lightning:operator": "square", "payment:lightning_contactless": "no", "payment:onchain": "no", "phone": "+1-814-455-6648", "website": "https://www.alcanoncluberie.com/index.html"}}, "geometry": {"type": "Point", "coordinates": [-80.064504, 42.137348]}}, {"type": "Feature", "properties": {"osm_type": "node", "osm_id": 8262642336, "tags": {"addr:city": "Girard", "addr:housenumber": "42", "addr:postcode": "16417", "addr:state": "PA", "addr:street": "Wall Street", "amenity": "social_centre", "brand": "American Legion", "brand:wikidata": "Q468865", "name": "American Legion Hall", "social_centre:for": "veterans"}}, "geometry": {"type": "Point", "coordinates": [-80.3193139, 42.0010489]}}, {"type": "Feature", "properties": {"osm_type": "node", "osm_id": 8319509705, "tags": {"addr:city": "Erie", "addr:housenumber": "186", "addr:postcode": "16509", "addr:state": "PA", "addr:street": "Pennbriar Drive", "amenity": "social_centre", "name": "IBEW Local 56"}}, "geometry": {"type": "Point", "coordinates": [-80.0394832, 42.0737741]}}, {"type": "Feature", "properties": {"osm_type": "node", "osm_id": 8321552847, "tags": {"addr:city": "Detroit", "addr:housenumber": "1525", "addr:postcode": "48216", "addr:state": "MI", "addr:street": "Howard Street", "amenity": "social_centre", "name": "Kappa Alpha Kappa Foundation Office"}}, "geometry": {"type": "Point", "coordinates": [-83.0635965, 42.3258678]}}, {"type": "Feature", "properties": {"osm_type": "node", "osm_id": 8339830384, "tags": {"leisure": "bowling_alley", "name": "Atomic Bowl Duckpin"}}, "geometry": {"type": "Point", "coordinates": [-86.1394648, 39.7522161]}}, {"type": "Feature", "properties": {"osm_type": "node", "osm_id": 8369875341, "tags": {"addr:city": "Melvindale", "addr:housenumber": "6828", "addr:street": "Allen Road", "amenity": "social_centre", "name": "Slovene American Club", "website": "http://www.sloveneamericanclub.com/"}}, "geometry": {"type": "Point", "coordinates": [-83.1890796, 42.2798235]}}, {"type": "Feature", "properties": {"osm_type": "node", "osm_id": 8369875342, "tags": {"amenity": "social_centre", "brand": "Veterans of Foreign Wars of the United States", "brand:wikidata": "Q3556413", "name": "VFW Post", "name:en": "VFW Post", "official_name": "Veterans of Foreign Wars of the United States", "short_name": "VFW", "social_centre:for": "veterans"}}, "geometry": {"type": "Point", "coordinates": [-83.1890217, 42.2799078]}}, {"type": "Feature", "properties": {"osm_type": "node", "osm_id": 8381730476, "tags": {"amenity": "social_centre", "check_date": "2023-12-16", "name": "Elyria Elks #465"}}, "geometry": {"type": "Point", "coordinates": [-82.1061176, 41.3663831]}}, {"type": "Feature", "properties": {"osm_type": "node", "osm_id": 8389005186, "tags": {"addr:city": "Girard", "addr:housenumber": "8674", "addr:postcode": "16417", "addr:state": "PA", "addr:street": "West Ridge Road", "leisure": "bowling_alley", "name": "Westway Lanes"}}, "geometry": {"type": "Point", "coordinates": [-80.2844204, 42.0173679]}}, {"type": "Feature", "properties": {"osm_type": "node", "osm_id": 8394583964, "tags": {"addr:city": "Erie", "addr:housenumber": "4901", "addr:postcode": "16511", "addr:state": "PA", "addr:street": "East Lake Road", "amenity": "social_centre", "name": "Roofers Local Union"}}, "geometry": {"type": "Point", "coordinates": [-80.0025277, 42.1675889]}}, {"type": "Feature", "properties": {"osm_type": "node", "osm_id": 8407182121, "tags": {"addr:city": "Rochester", "addr:postcode": "14620", "addr:state": "NY", "addr:street": "Hill Court Road", "amenity": "social_centre", "brand": "Sorority", "email": "weburgammaphi@gmail.com", "name": "Gamma Phi Beta", "phone": "+1 303-799-1874", "website": "https://rochestergammaphi.weebly.com/"}}, "geometry": {"type": "Point", "coordinates": [-77.6226445, 43.1310436]}}, {"type": "Feature", "properties": {"osm_type": "node", "osm_id": 8423669108, "tags": {"addr:street": "W 6th St", "amenity": "social_centre", "brand": "Benevolent and Protective Order of Elks", "brand:wikidata": "Q2895789", "name": "Elks Lorain 1301", "official_name": "Benevolent and Protective Order of Elks", "short_name": "BPOE"}}, "geometry": {"type": "Point", "coordinates": [-82.1758613, 41.4652832]}}, {"type": "Feature", "properties": {"osm_type": "node", "osm_id": 8423677303, "tags": {"amenity": "social_centre", "check_date": "2024-08-17", "name": "Lake Erie Lodge 552"}}, "geometry": {"type": "Point", "coordinates": [-82.1770188, 41.4665349]}}, {"type": "Feature", "properties": {"osm_type": "node", "osm_id": 8423682952, "tags": {"addr:housenumber": "200", "addr:street": "W 9th St.", "amenity": "social_centre", "name": "Planned Parenthood"}}, "geometry": {"type": "Point", "coordinates": [-82.1737254, 41.4629874]}}, {"type": "Feature", "properties": {"osm_type": "node", "osm_id": 8423687321, "tags": {"amenity": "social_centre", "name": "FOP Lodge #3"}}, "geometry": {"type": "Point", "coordinates": [-82.1728355, 41.4627936]}}, {"type": "Feature", "properties": {"osm_type": "node", "osm_id": 8435628641, "tags": {"addr:city": "Erie", "addr:housenumber": "333", "addr:postcode": "16508", "addr:state": "PA", "addr:street": "West 26th Street", "amenity": "social_centre", "name": "Knights of Saint George"}}, "geometry": {"type": "Point", "coordinates": [-80.0809525, 42.1089947]}}, {"type": "Feature", "properties": {"osm_type": "node", "osm_id": 8476546413, "tags": {"addr:city": "Meadville", "addr:housenumber": "18799", "addr:postcode": "16335", "addr:state": "PA", "addr:street": "Smock Highway", "leisure": "bowling_alley", "name": "Plaza Lanes"}}, "geometry": {"type": "Point", "coordinates": [-80.1621311, 41.6201088]}}, {"type": "Feature", "properties": {"osm_type": "node", "osm_id": 8477539598, "tags": {"addr:city": "Hornell", "addr:housenumber": "60", "addr:postcode": "14843", "addr:state": "NY", "addr:street": "Broadway Mall", "amenity": "social_centre", "brand": "Benevolent and Protective Order of Elks", "brand:wikidata": "Q2895789", "name": "Elks Lodge", "official_name": "Benevolent and Protective Order of Elks", "opening_hours": "Mo-Fr 12:00-22:00; Sa 11:00-22:00; Su 12:00-18:00", "ref": "364", "short_name": "BPOE", "website": "https://www.elks.org/lodges/home.cfm?LodgeNumber=364"}}, "geometry": {"type": "Point", "coordinates": [-77.6602915, 42.3255072]}}, {"type": "Feature", "properties": {"osm_type": "node", "osm_id": 8493199776, "tags": {"addr:city": "Erie", "addr:housenumber": "2503", "addr:postcode": "16505", "addr:state": "PA", "addr:street": "West 15th Street", "addr:unit": "4", "amenity": "social_centre", "name": "Children's Behavioral Health"}}, "geometry": {"type": "Point", "coordinates": [-80.1340691, 42.1000451]}}, {"type": "Feature", "properties": {"osm_type": "node", "osm_id": 8538016920, "tags": {"addr:city": "North East", "addr:housenumber": "17", "addr:postcode": "16428", "addr:state": "PA", "addr:street": "South Mill Street", "amenity": "social_centre", "brand": "American Legion", "brand:wikidata": "Q468865", "name": "American Legion Hall", "social_centre:for": "veterans"}}, "geometry": {"type": "Point", "coordinates": [-79.8426556, 42.2125477]}}, {"type": "Feature", "properties": {"osm_type": "node", "osm_id": 8541171618, "tags": {"amenity": "social_centre", "name": "Epsilon Tau Pi", "social_centre": "fraternity", "website": "https://www.epsilontaupi.org"}}, "geometry": {"type": "Point", "coordinates": [-84.1730953, 39.7351052]}}, {"type": "Feature", "properties": {"osm_type": "node", "osm_id": 8573133512, "tags": {"addr:city": "Rochester", "addr:housenumber": "1560", "addr:postcode": "14623", "addr:state": "NY", "addr:street": "Jefferson Road", "leisure": "bowling_alley", "name": "Bowl-A-Roll Lanes", "opening_hours": "Mo-Tu 11:00-17:00; We 09:00-15:00,16:00-20:00; Th 09:00-12:30,15:00-17:00; Fr 11:00-22:30; Sa 12:00-15:00,20:30-22:30; Su 16:00-22:00", "phone": "+1 585-427-7250", "website": "https://bowl-a-roll.com/"}}, "geometry": {"type": "Point", "coordinates": [-77.5844295, 43.0878108]}}, {"type": "Feature", "properties": {"osm_type": "node", "osm_id": 8575560720, "tags": {"addr:city": "Erie", "addr:housenumber": "650", "addr:postcode": "16503", "addr:state": "PA", "addr:street": "East 23rd Street", "amenity": "social_centre", "name": "Holy Trinity Social Center", "operator": "Holy Trinity Catholic Church", "operator:type": "private"}}, "geometry": {"type": "Point", "coordinates": [-80.0607063, 42.1200545]}}, {"type": "Feature", "properties": {"osm_type": "node", "osm_id": 8645692238, "tags": {"addr:city": "Ann Arbor", "addr:housename": "Pink Palace", "addr:housenumber": "1520", "addr:postcode": "48104", "addr:state": "MI", "addr:street": "South University Avenue", "amenity": "social_centre", "brand": "Beta Chapter", "check_date": "2026-07-06", "name": "Gamma Phi Beta", "start_date": "1882", "website": "https://www.gammaphibetaumich.com/"}}, "geometry": {"type": "Point", "coordinates": [-83.7296289, 42.2749699]}}, {"type": "Feature", "properties": {"osm_type": "node", "osm_id": 8645692289, "tags": {"amenity": "social_centre", "brand": "Delta Eta", "check_date": "2026-07-06", "name": "Delta Phi Epsilon", "start_date": "1954", "website": "https://umichdphie.weebly.com/"}}, "geometry": {"type": "Point", "coordinates": [-83.7294648, 42.2749722]}}, {"type": "Feature", "properties": {"osm_type": "node", "osm_id": 8662496816, "tags": {"addr:city": "Ashtabula", "addr:housenumber": "4102", "addr:postcode": "44004", "addr:state": "OH", "addr:street": "Main Avenue", "amenity": "social_centre", "brand": "American Legion", "brand:wikidata": "Q468865", "name": "American Legion Hall", "social_centre:for": "veterans"}}, "geometry": {"type": "Point", "coordinates": [-80.7800609, 41.8703833]}}, {"type": "Feature", "properties": {"osm_type": "node", "osm_id": 8713434493, "tags": {"addr:city": "Marietta", "addr:housenumber": "243", "addr:postcode": "45750", "addr:state": "OH", "addr:street": "Front Street", "amenity": "social_centre", "description": "Member of the League of American Bicyclists organizing bike trips and boat outings. Muskingum Lockmaster house is the meeting location before and after rides as well as storage facility for the club.", "email": "MariettaRCC@gmail.com", "name": "Marietta Rowing & Cycling Club", "website": "https://www.mariettarcc.org/"}}, "geometry": {"type": "Point", "coordinates": [-81.4557564, 39.4132782]}}, {"type": "Feature", "properties": {"osm_type": "node", "osm_id": 8713440728, "tags": {"addr:city": "Marietta", "addr:housenumber": "169", "addr:postcode": "45750", "addr:state": "OH", "addr:street": "Front Street", "amenity": "social_centre", "branch": "1823", "name": "Moose Lodge"}}, "geometry": {"type": "Point", "coordinates": [-81.4536006, 39.4119415]}}, {"type": "Feature", "properties": {"osm_type": "node", "osm_id": 8725248771, "tags": {"addr:city": "Conneaut", "addr:housenumber": "272", "addr:postcode": "44030", "addr:state": "OH", "addr:street": "Broad Street", "amenity": "social_centre", "brand": "American Legion", "brand:wikidata": "Q468865", "name": "American Legion Hall", "social_centre:for": "veterans"}}, "geometry": {"type": "Point", "coordinates": [-80.5557137, 41.9447691]}}, {"type": "Feature", "properties": {"osm_type": "node", "osm_id": 8761324236, "tags": {"addr:city": "North East", "addr:housenumber": "30", "addr:postcode": "16428", "addr:state": "PA", "addr:street": "Bothel Street", "amenity": "social_centre", "name": "Erie County WIC"}}, "geometry": {"type": "Point", "coordinates": [-79.8317719, 42.2113173]}}, {"type": "Feature", "properties": {"osm_type": "node", "osm_id": 8785878461, "tags": {"addr:city": "Brockport", "addr:housenumber": "4660", "addr:postcode": "14420", "addr:state": "NY", "addr:street": "Lake Road", "leisure": "bowling_alley", "nysgissam:nysaddresspointid": "MONR013877"}}, "geometry": {"type": "Point", "coordinates": [-77.9418642, 43.2022118]}}, {"type": "Feature", "properties": {"osm_type": "node", "osm_id": 8786437453, "tags": {"addr:city": "Akron", "addr:housenumber": "2911", "addr:postcode": "44312", "addr:state": "OH", "addr:street": "East Waterloo Road", "leisure": "bowling_alley", "name": "Spins Bowl", "phone": "+1-330-628-4822"}}, "geometry": {"type": "Point", "coordinates": [-81.4227739, 41.0319215]}}, {"type": "Feature", "properties": {"osm_type": "node", "osm_id": 8793239596, "tags": {"addr:city": "Niagara Falls", "addr:floor": "Floor 1", "addr:housenumber": "2435", "addr:postcode": "14305", "addr:state": "NY", "addr:street": "Seneca Avenue", "amenity": "social_centre", "brand": "Veterans of Foreign Wars of the United States", "brand:short": "VFW", "brand:wikidata": "Q3556413", "name": "VFW Post 917", "name:en": "VFW Post", "nysgissam:nysaddresspointid": "NIAG054542;NIAG111027", "official_name": "Veterans of Foreign Wars of the United States", "social_centre:for": "veteran"}}, "geometry": {"type": "Point", "coordinates": [-79.0317974, 43.110718]}}, {"type": "Feature", "properties": {"osm_type": "node", "osm_id": 8825788901, "tags": {"addr:housenumber": "592", "addr:street": "6th St NW", "leisure": "bowling_alley", "name": "Carroll Lanes Inc", "phone": "+1-330-627-5813", "website": "https://carroll-lanes-inc.business.site/"}}, "geometry": {"type": "Point", "coordinates": [-81.0918311, 40.580857]}}, {"type": "Feature", "properties": {"osm_type": "node", "osm_id": 8828483965, "tags": {"addr:city": "Arlington", "addr:housenumber": "320", "addr:postcode": "22202", "addr:state": "VA", "addr:street": "23rd Street South", "branch": "Arlington", "leisure": "bowling_alley", "name": "Lucky Strike Arlington", "not:brand:wikidata": "Q17102967", "operator": "Bowlero", "website": "https://www.bowlero.com/location/lucky-strike-arlington"}}, "geometry": {"type": "Point", "coordinates": [-77.0516279, 38.8531453]}}, {"type": "Feature", "properties": {"osm_type": "node", "osm_id": 8842569728, "tags": {"amenity": "social_centre", "brand": "American Legion", "brand:wikidata": "Q468865", "name": "American Legion Hall", "social_centre:for": "veterans"}}, "geometry": {"type": "Point", "coordinates": [-85.3245187, 37.360816]}}, {"type": "Feature", "properties": {"osm_type": "node", "osm_id": 8888478641, "tags": {"addr:city": "Lynchburg", "addr:housenumber": "6015", "addr:state": "VA", "addr:street": "Fort Avenue", "addr:unit": "17", "contact:phone": "+1 434 239 9261", "leisure": "bowling_alley", "name": "Fort Hill Bowling Center", "opening_hours": "Tu 11:00-22:00; We,Sa 11:00-23:00; Th 15:00-23:00; Fr 09:30-23:00; Su 17:00-21:00; PH closed", "sport": "10pin", "website": "https://forthillbowl.com"}}, "geometry": {"type": "Point", "coordinates": [-79.1970448, 37.3726386]}}, {"type": "Feature", "properties": {"osm_type": "node", "osm_id": 8894205328, "tags": {"leisure": "bowling_alley", "name": "Pins Mechanical Company"}}, "geometry": {"type": "Point", "coordinates": [-82.9120872, 40.0541767]}}, {"type": "Feature", "properties": {"osm_type": "node", "osm_id": 8930907740, "tags": {"addr:city": "Brook Park", "addr:housenumber": "14950", "addr:postcode": "44142", "addr:state": "OH", "addr:street": "Snow Road", "leisure": "bowling_alley", "name": "Brookgate Lanes", "operator": "AMF"}}, "geometry": {"type": "Point", "coordinates": [-81.8004857, 41.4051303]}}, {"type": "Feature", "properties": {"osm_type": "node", "osm_id": 8931391467, "tags": {"club": "social", "name": "BPO ELKS"}}, "geometry": {"type": "Point", "coordinates": [-81.5082007, 41.143257]}}, {"type": "Feature", "properties": {"osm_type": "node", "osm_id": 8934385705, "tags": {"addr:city": "Morgantown", "addr:housenumber": "1", "addr:postcode": "26506", "addr:state": "WV", "addr:street": "Alumni Drive", "amenity": "social_centre", "name": "WVU Erickson Alumni Center", "phone": "+1-304-293-4731", "website": "https://www.ericksonalumnicenter.com/"}}, "geometry": {"type": "Point", "coordinates": [-79.9633394, 39.6519335]}}, {"type": "Feature", "properties": {"osm_type": "node", "osm_id": 8996081577, "tags": {"addr:city": "Marietta", "addr:housenumber": "161", "addr:postcode": "45750", "addr:state": "OH", "addr:street": "Front Street", "amenity": "social_centre", "branch": "Marietta Lodge 67", "brand": "Independent Order of Odd Fellows", "brand:short": "IOOF", "brand:wikidata": "Q1425508", "name": "Independent Order of Odd Fellows", "official_name": "Independent Order of Odd Fellows"}}, "geometry": {"type": "Point", "coordinates": [-81.4534234, 39.411786]}}, {"type": "Feature", "properties": {"osm_type": "node", "osm_id": 8996130317, "tags": {"addr:city": "Marietta", "addr:housenumber": "167", "addr:postcode": "45750", "addr:state": "OH", "addr:street": "Front Street", "amenity": "social_centre", "branch": "272", "name": "F.L.T. August Rebekah Lodge"}}, "geometry": {"type": "Point", "coordinates": [-81.4534423, 39.4117802]}}, {"type": "Feature", "properties": {"osm_type": "node", "osm_id": 9044699928, "tags": {"amenity": "social_centre", "name": "Mid-Ohio Workers Association"}}, "geometry": {"type": "Point", "coordinates": [-83.0002773, 40.0090384]}}, {"type": "Feature", "properties": {"osm_type": "node", "osm_id": 9108492815, "tags": {"brand": "Round1", "brand:wikidata": "Q11346634", "leisure": "bowling_alley", "name": "Round1", "sport": "10pin"}}, "geometry": {"type": "Point", "coordinates": [-83.2980803, 42.7019064]}}, {"type": "Feature", "properties": {"osm_type": "node", "osm_id": 9123088151, "tags": {"addr:city": "Erie", "addr:housenumber": "312", "addr:postcode": "16507", "addr:state": "PA", "addr:street": "Chestnut Street", "amenity": "social_centre", "name": "Martin Luther King Memorial Center"}}, "geometry": {"type": "Point", "coordinates": [-80.0961866, 42.1287158]}}, {"type": "Feature", "properties": {"osm_type": "node", "osm_id": 9131352937, "tags": {"amenity": "social_centre", "name": "Benchmark Human Services"}}, "geometry": {"type": "Point", "coordinates": [-86.2618441, 39.7322662]}}, {"type": "Feature", "properties": {"osm_type": "node", "osm_id": 9164389810, "tags": {"addr:city": "Angola", "addr:housenumber": "201", "addr:postcode": "46703", "addr:state": "IN", "addr:street": "South Darling Street", "amenity": "social_centre", "name": "Phi Kappa Theta Trine University"}}, "geometry": {"type": "Point", "coordinates": [-85.0036707, 41.6336787]}}, {"type": "Feature", "properties": {"osm_type": "node", "osm_id": 9173605244, "tags": {"leisure": "bowling_alley", "name": "Round 1 Bowling Alley", "wheelchair": "yes"}}, "geometry": {"type": "Point", "coordinates": [-81.3626332, 41.6586116]}}, {"type": "Feature", "properties": {"osm_type": "node", "osm_id": 9203603396, "tags": {"amenity": "social_centre", "brand": "American Legion", "brand:wikidata": "Q468865", "name": "American Legion Hall", "social_centre:for": "veteran"}}, "geometry": {"type": "Point", "coordinates": [-77.7149575, 39.1371501]}}, {"type": "Feature", "properties": {"osm_type": "node", "osm_id": 9214577736, "tags": {"addr:city": "Perry", "addr:housenumber": "4261", "addr:postcode": "44081", "addr:state": "OH", "addr:street": "Manchester Road", "amenity": "social_centre", "name": "Perry Recreational Center Of Lake County", "operator": "Perry Local Schools"}}, "geometry": {"type": "Point", "coordinates": [-81.1351848, 41.77083]}}, {"type": "Feature", "properties": {"osm_type": "node", "osm_id": 9218695850, "tags": {"amenity": "social_centre", "name": "Education-Based Latino Outreach"}}, "geometry": {"type": "Point", "coordinates": [-76.591604, 39.2841294]}}, {"type": "Feature", "properties": {"osm_type": "node", "osm_id": 9250982404, "tags": {"addr:city": "Suitland", "addr:housenumber": "4811", "addr:postcode": "20746", "addr:state": "MD", "addr:street": "Silver Hill Road", "air_conditioning": "yes", "leisure": "bowling_alley", "name": "Suitland Bowl"}}, "geometry": {"type": "Point", "coordinates": [-76.9235072, 38.8495183]}}, {"type": "Feature", "properties": {"osm_type": "node", "osm_id": 9288972002, "tags": {"amenity": "social_centre", "brand": "American Legion", "brand:wikidata": "Q468865", "name": "American Legion Hall", "social_centre:for": "veterans"}}, "geometry": {"type": "Point", "coordinates": [-83.2707383, 42.2898282]}}, {"type": "Feature", "properties": {"osm_type": "node", "osm_id": 9289334168, "tags": {"amenity": "social_centre", "brand": "American Legion", "brand:wikidata": "Q468865", "name": "American Legion Hall", "ref": "469", "social_centre:for": "veteran"}}, "geometry": {"type": "Point", "coordinates": [-81.7205803, 41.4400623]}}, {"type": "Feature", "properties": {"osm_type": "node", "osm_id": 9289339886, "tags": {"amenity": "social_centre", "brand": "Veterans of Foreign Wars of the United States", "brand:wikidata": "Q3556413", "name": "VFW Post", "name:en": "VFW Post", "note": "Open Late for Sunday and Monday Night Football", "official_name": "Veterans of Foreign Wars of the United States", "opening_hours": "Mo-Th, Sa 12:00-19:00, Fr 12:00-24:00; Su 13:00-24:00", "ref": "680", "short_name": "VFW", "social_centre:for": "veterans"}}, "geometry": {"type": "Point", "coordinates": [-84.523093, 38.0650178]}}, {"type": "Feature", "properties": {"osm_type": "node", "osm_id": 9289342217, "tags": {"amenity": "social_centre", "brand": "Veterans of Foreign Wars of the United States", "brand:wikidata": "Q3556413", "name": "VFW Post", "name:en": "VFW Post", "official_name": "Veterans of Foreign Wars of the United States", "ref": "6675", "short_name": "VFW", "social_centre:for": "veteran"}}, "geometry": {"type": "Point", "coordinates": [-79.9776875, 40.4293116]}}, {"type": "Feature", "properties": {"osm_type": "node", "osm_id": 9289392821, "tags": {"amenity": "social_centre", "brand": "Veterans of Foreign Wars of the United States", "brand:wikidata": "Q3556413", "name": "VFW Post", "name:en": "VFW Post", "official_name": "Veterans of Foreign Wars of the United States", "ref": "629", "short_name": "VFW", "social_centre:for": "veterans"}}, "geometry": {"type": "Point", "coordinates": [-80.1516118, 39.4749997]}}, {"type": "Feature", "properties": {"osm_type": "node", "osm_id": 9291563667, "tags": {"addr:city": "Adrian", "addr:housenumber": "904", "addr:postcode": "49221", "addr:state": "MI", "addr:street": "North Main Street", "amenity": "social_centre", "brand": "American Legion", "brand:wikidata": "Q468865", "name": "American Legion Hall", "social_centre:for": "veterans"}}, "geometry": {"type": "Point", "coordinates": [-84.0315913, 41.906515]}}, {"type": "Feature", "properties": {"osm_type": "node", "osm_id": 9297800697, "tags": {"amenity": "social_centre", "brand": "Veterans of Foreign Wars of the United States", "brand:wikidata": "Q3556413", "name": "VFW Post", "name:en": "VFW Post", "official_name": "Veterans of Foreign Wars of the United States", "operator": "Veterans of Foreign Wars", "operator:type": "4534", "short_name": "VFW", "social_centre:for": "veterans"}}, "geometry": {"type": "Point", "coordinates": [-84.306375, 39.8991643]}}, {"type": "Feature", "properties": {"osm_type": "node", "osm_id": 9301415906, "tags": {"amenity": "social_centre", "name": "Fraternal Order of Police"}}, "geometry": {"type": "Point", "coordinates": [-84.5227089, 39.1178864]}}, {"type": "Feature", "properties": {"osm_type": "node", "osm_id": 9341259626, "tags": {"landuse": "commercial", "leisure": "bowling_alley", "name": "Staunton Lanes", "sport": "bowling", "website": "https://www.stauntonlanes.com/"}}, "geometry": {"type": "Point", "coordinates": [-79.0650703, 38.1361853]}}, {"type": "Feature", "properties": {"osm_type": "node", "osm_id": 9362251052, "tags": {"leisure": "bowling_alley", "name": "Shake & Bake Family Fun Center Bowling Alley", "sport": "10pin", "website": "https://bcrp.baltimorecity.gov/shake-bake-family-fun-center"}}, "geometry": {"type": "Point", "coordinates": [-76.6339846, 39.3034513]}}, {"type": "Feature", "properties": {"osm_type": "node", "osm_id": 9438293634, "tags": {"addr:city": "Ypsilanti", "addr:housenumber": "619", "addr:postcode": "48197", "addr:state": "MI", "addr:street": "Emmet Street", "amenity": "social_centre", "name": "Alpha Xi Delta - Gamma Zeta Chapter"}}, "geometry": {"type": "Point", "coordinates": [-83.6217692, 42.2446664]}}, {"type": "Feature", "properties": {"osm_type": "node", "osm_id": 9467423068, "tags": {"alt_name": "Aeries Lodge", "amenity": "social_centre", "brand": "Fraternal Order of Eagles", "brand:wikidata": "Q5493810", "name": "Ecorse Eagles 2812", "official_name": "Fraternal Order of Eagles", "short_name": "FOE"}}, "geometry": {"type": "Point", "coordinates": [-83.145319, 42.2408725]}}, {"type": "Feature", "properties": {"osm_type": "node", "osm_id": 9516507310, "tags": {"addr:city": "Carnegie", "addr:housenumber": "228", "addr:postcode": "15106", "addr:state": "PA", "addr:street": "Ignatius Street", "club": "social", "name": "Polish Falcons of America", "website": "https://www.polishfalcons.org/"}}, "geometry": {"type": "Point", "coordinates": [-80.0899586, 40.3968619]}}, {"type": "Feature", "properties": {"osm_type": "node", "osm_id": 9554321130, "tags": {"addr:city": "Detroit", "addr:housenumber": "19600", "addr:postcode": "48203", "addr:state": "MI", "addr:street": "Woodward Avenue", "leisure": "bowling_alley", "name": "Renaissance Bowling"}}, "geometry": {"type": "Point", "coordinates": [-83.1176651, 42.4373406]}}, {"type": "Feature", "properties": {"osm_type": "node", "osm_id": 9659390060, "tags": {"addr:city": "Delaware", "addr:housenumber": "451", "addr:postcode": "43015", "addr:state": "OH", "addr:street": "Pennsylvania Avenue", "leisure": "bowling_alley", "name": "Penn Lanes"}}, "geometry": {"type": "Point", "coordinates": [-83.0836664, 40.3131426]}}, {"type": "Feature", "properties": {"osm_type": "node", "osm_id": 9688322105, "tags": {"amenity": "social_centre", "name": "Granstville American Legion Post 214"}}, "geometry": {"type": "Point", "coordinates": [-79.1507389, 39.6963847]}}, {"type": "Feature", "properties": {"osm_type": "node", "osm_id": 9764889050, "tags": {"addr:city": "North Ridgeville", "addr:housenumber": "38931", "addr:postcode": "44039", "addr:state": "OH", "addr:street": "Center Ridge Road", "leisure": "bowling_alley", "name": "North Ridgeville Lanes", "operator": "AMF"}}, "geometry": {"type": "Point", "coordinates": [-82.060682, 41.3799554]}}, {"type": "Feature", "properties": {"osm_type": "node", "osm_id": 9774687504, "tags": {"amenity": "social_centre", "brand": "American Legion", "brand:wikidata": "Q468865", "name": "American Legion Hall", "social_centre:for": "veterans"}}, "geometry": {"type": "Point", "coordinates": [-81.3541528, 40.6675931]}}, {"type": "Feature", "properties": {"osm_type": "node", "osm_id": 9777448527, "tags": {"addr:city": "Detroit", "addr:housenumber": "19750", "addr:street": "James Couzens Freeway", "amenity": "social_centre", "brand": "Lions Clubs International", "brand:wikidata": "Q270029", "name": "Lions Clubs International"}}, "geometry": {"type": "Point", "coordinates": [-83.1924589, 42.4366632]}}, {"type": "Feature", "properties": {"osm_type": "node", "osm_id": 9779679082, "tags": {"access": "private", "addr:city": "Staunton", "addr:housenumber": "708", "addr:postcode": "24401", "addr:state": "VA", "addr:street": "D Street", "amenity": "social_centre", "club": "yes", "contact:facebook": "https://www.facebook.com/groups/568389426513054", "name": "Staunton Lodge #13, Ancient Free and Accepted Masons", "phone": "+1-540-324-2638", "religion": "masonic"}}, "geometry": {"type": "Point", "coordinates": [-79.0897355, 38.1662473]}}, {"type": "Feature", "properties": {"osm_type": "node", "osm_id": 9821244481, "tags": {"amenity": "social_centre", "brand": "Veterans of Foreign Wars of the United States", "brand:short": "VFW", "brand:wikidata": "Q3556413", "name": "VFW Post", "name:en": "VFW Post", "official_name": "Veterans of Foreign Wars of the United States", "short_name": "VFW", "social_centre:for": "veteran"}}, "geometry": {"type": "Point", "coordinates": [-77.327144, 39.7048683]}}, {"type": "Feature", "properties": {"osm_type": "node", "osm_id": 9847336923, "tags": {"amenity": "social_centre", "brand": "Veterans of Foreign Wars of the United States", "brand:short": "VFW", "brand:wikidata": "Q3556413", "name": "VFW Post", "name:en": "VFW Post", "official_name": "Veterans of Foreign Wars of the United States", "social_centre:for": "veteran"}}, "geometry": {"type": "Point", "coordinates": [-78.8092664, 42.8512067]}}, {"type": "Feature", "properties": {"osm_type": "node", "osm_id": 9864183987, "tags": {"amenity": "social_centre", "name": "Riverside Park Senior Citizen Center"}}, "geometry": {"type": "Point", "coordinates": [-78.9098364, 42.9554838]}}, {"type": "Feature", "properties": {"osm_type": "node", "osm_id": 9864464135, "tags": {"addr:housenumber": "249", "addr:street": "Park Ave", "leisure": "bowling_alley", "name": "Park Lanes", "opening_hours": "Fr,Sa 16:00-23:00"}}, "geometry": {"type": "Point", "coordinates": [-82.2244389, 41.398486]}}, {"type": "Feature", "properties": {"osm_type": "node", "osm_id": 9895206582, "tags": {"addr:housenumber": "4324", "addr:street": "York Road", "amenity": "social_centre", "check_date": "2022-07-17", "name": "RLY Changing Lives"}}, "geometry": {"type": "Point", "coordinates": [-76.609741, 39.3415606]}}, {"type": "Feature", "properties": {"osm_type": "node", "osm_id": 9896424147, "tags": {"amenity": "social_centre", "name": "Pow Wow Festival Grounds"}}, "geometry": {"type": "Point", "coordinates": [-82.1894856, 40.5680576]}}, {"type": "Feature", "properties": {"osm_type": "node", "osm_id": 9899664503, "tags": {"addr:city": "New Kensington", "addr:housenumber": "1601", "addr:postcode": "15068", "addr:state": "PA", "addr:street": "Wildlife Lodge Road", "amenity": "social_centre", "brand": "Veterans of Foreign Wars of the United States", "brand:wikidata": "Q3556413", "name": "VFW Post 92 - New Kensington", "name:en": "VFW Post", "official_name": "Veterans of Foreign Wars of the United States", "short_name": "VFW", "social_centre:for": "veterans"}}, "geometry": {"type": "Point", "coordinates": [-79.7111313, 40.5774781]}}, {"type": "Feature", "properties": {"osm_type": "node", "osm_id": 9899667201, "tags": {"addr:city": "Lower Burrell", "addr:housenumber": "206", "addr:postcode": "15068", "addr:state": "PA", "addr:street": "Wildlife Road", "amenity": "social_centre", "brand": "American Legion", "brand:wikidata": "Q468865", "name": "American Legion Post 868", "operator": "American Legion Post 868", "social_centre:for": "veterans"}}, "geometry": {"type": "Point", "coordinates": [-79.7112668, 40.582686]}}, {"type": "Feature", "properties": {"osm_type": "node", "osm_id": 9908622862, "tags": {"addr:city": "Clyde", "addr:housenumber": "134", "addr:postcode": "43410", "addr:state": "OH", "addr:street": "Eaton Avenue", "amenity": "social_centre", "brand": "Loyal Order of Moose", "brand:wikidata": "Q6908585", "name": "Moose Lodge", "official_name": "Loyal Order of Moose", "ref": "393", "website": "https://www.mooseintl.org/location/393-clyde/"}}, "geometry": {"type": "Point", "coordinates": [-82.9761731, 41.3065964]}}, {"type": "Feature", "properties": {"osm_type": "node", "osm_id": 9910812850, "tags": {"air_conditioning": "yes", "brand": "Round1", "brand:wikidata": "Q11346634", "leisure": "bowling_alley", "name": "Round1", "sport": "10pin"}}, "geometry": {"type": "Point", "coordinates": [-76.5997931, 39.4051901]}}, {"type": "Feature", "properties": {"osm_type": "node", "osm_id": 9930291779, "tags": {"addr:city": "Hopewell", "addr:housenumber": "217", "addr:postcode": "23860", "addr:state": "VA", "addr:street": "East City Point Road", "amenity": "social_centre", "brand": "American Legion", "brand:wikidata": "Q468865", "name": "American Legion Post 146", "social_centre:for": "veteran", "source": "esri_USDOT_Virgina"}}, "geometry": {"type": "Point", "coordinates": [-77.2840316, 37.3042036]}}, {"type": "Feature", "properties": {"osm_type": "node", "osm_id": 9932515817, "tags": {"addr:city": "Tonawanda", "addr:housenumber": "37", "addr:postcode": "14150", "addr:state": "NY", "addr:street": "Main Street", "amenity": "social_centre", "name": "Navy Seabee Veterans of America"}}, "geometry": {"type": "Point", "coordinates": [-78.8781203, 43.0196821]}}, {"type": "Feature", "properties": {"osm_type": "node", "osm_id": 9938514577, "tags": {"amenity": "social_centre", "brand": "Veterans of Foreign Wars of the United States", "brand:wikidata": "Q3556413", "name": "VFW Post", "name:en": "VFW Post", "official_name": "Veterans of Foreign Wars of the United States", "short_name": "VFW", "social_centre:for": "veterans"}}, "geometry": {"type": "Point", "coordinates": [-83.0314182, 42.6875498]}}, {"type": "Feature", "properties": {"osm_type": "node", "osm_id": 9945794153, "tags": {"amenity": "social_centre", "brand": "Veterans of Foreign Wars of the United States", "brand:wikidata": "Q3556413", "name": "VFW Post", "name:en": "VFW Post", "official_name": "Veterans of Foreign Wars of the United States", "short_name": "VFW", "social_centre:for": "veterans"}}, "geometry": {"type": "Point", "coordinates": [-81.3089377, 37.2452911]}}, {"type": "Feature", "properties": {"osm_type": "node", "osm_id": 9964960690, "tags": {"addr:city": "Warren", "addr:housenumber": "412", "addr:postcode": "16365", "addr:state": "PA", "addr:street": "Pennsylvania Avenue West", "amenity": "social_centre", "brand": "American Legion", "brand:wikidata": "Q468865", "name": "American Legion Hall", "social_centre:for": "veteran"}}, "geometry": {"type": "Point", "coordinates": [-79.1499582, 41.8452927]}}, {"type": "Feature", "properties": {"osm_type": "node", "osm_id": 9964960712, "tags": {"addr:city": "Warren", "addr:housenumber": "422", "addr:postcode": "16365", "addr:state": "PA", "addr:street": "Pennsylvania Avenue West", "amenity": "social_centre", "brand": "Loyal Order of Moose", "brand:wikidata": "Q6908585", "name": "Loyal Order of Moose", "official_name": "Loyal Order of Moose"}}, "geometry": {"type": "Point", "coordinates": [-79.1504857, 41.8453686]}}, {"type": "Feature", "properties": {"osm_type": "node", "osm_id": 9966745549, "tags": {"leisure": "bowling_alley"}}, "geometry": {"type": "Point", "coordinates": [-78.6270461, 42.7683897]}}, {"type": "Feature", "properties": {"osm_type": "node", "osm_id": 9996028182, "tags": {"leisure": "bowling_alley", "name": "C&D Lanes"}}, "geometry": {"type": "Point", "coordinates": [-80.765743, 43.1266528]}}, {"type": "Feature", "properties": {"osm_type": "node", "osm_id": 10013274681, "tags": {"amenity": "social_centre", "name": "Hanover-Horton Area Historical Society"}}, "geometry": {"type": "Point", "coordinates": [-84.5471757, 42.1019584]}}, {"type": "Feature", "properties": {"osm_type": "node", "osm_id": 10048483972, "tags": {"access": "customers", "addr:city": "Pittsburgh", "addr:housenumber": "1", "addr:postcode": "15218", "addr:state": "PA", "addr:street": "Pennwood Avenue", "club": "social", "name": "Edgewood Club", "phone": "+1 412 731 3443", "website": "https://www.edgewoodclub.com/"}}, "geometry": {"type": "Point", "coordinates": [-79.8852372, 40.4324566]}}, {"type": "Feature", "properties": {"osm_type": "node", "osm_id": 10049983824, "tags": {"addr:city": "Allen Park", "addr:housenumber": "6831", "addr:postcode": "48101", "addr:state": "MI", "addr:street": "Allen Road", "amenity": "social_centre", "brand": "American Legion", "brand:wikidata": "Q468865", "name": "American Legion Allen Park Post 409", "social_centre:for": "veterans"}}, "geometry": {"type": "Point", "coordinates": [-83.2107101, 42.257318]}}, {"type": "Feature", "properties": {"osm_type": "node", "osm_id": 10140615208, "tags": {"addr:city": "Conneaut", "addr:housenumber": "240", "addr:postcode": "44030", "addr:state": "OH", "addr:street": "Stadium Avenue", "leisure": "bowling_alley", "name": "El Camp Lanes"}}, "geometry": {"type": "Point", "coordinates": [-80.575988, 41.9410962]}}, {"type": "Feature", "properties": {"osm_type": "node", "osm_id": 10153141089, "tags": {"addr:city": "Lynchburg", "addr:housenumber": "722", "addr:postcode": "24504", "addr:state": "VA", "addr:street": "Commerce Street", "amenity": "social_centre", "name": "Dragonfly Lodge", "official_name": "Benevolent Order of the Dragonfly", "ref": "3", "website": "https://www.dragonflyintl.org"}}, "geometry": {"type": "Point", "coordinates": [-79.142248, 37.4165125]}}, {"type": "Feature", "properties": {"osm_type": "node", "osm_id": 10164889674, "tags": {"amenity": "social_centre", "brand": "Veterans of Foreign Wars of the United States", "brand:wikidata": "Q3556413", "name": "VFW Post", "name:en": "VFW Post", "official_name": "Veterans of Foreign Wars of the United States", "short_name": "VFW", "social_centre:for": "veterans"}}, "geometry": {"type": "Point", "coordinates": [-76.7890447, 41.2064986]}}, {"type": "Feature", "properties": {"osm_type": "node", "osm_id": 10205566060, "tags": {"amenity": "social_centre", "brand": "Independent Order of Odd Fellows", "brand:short": "IOOF", "brand:wikidata": "Q1425508", "name": "Odd Fellows Hall", "official_name": "Independent Order of Odd Fellows", "ref": "Monongalia Lodge No. 10", "short_name": "IOOF"}}, "geometry": {"type": "Point", "coordinates": [-79.9559621, 39.6295561]}}, {"type": "Feature", "properties": {"osm_type": "node", "osm_id": 10684969566, "tags": {"addr:city": "Rochester", "addr:housenumber": "1325", "addr:postcode": "14620", "addr:state": "NY", "addr:street": "Elmwood Avenue", "air_conditioning": "yes", "amenity": "social_centre", "description": "Senior living community", "name": "Brickstone By St. John's", "operator": "St. John's", "operator:type": "private", "phone": "+1 585-760-1300", "website": "https://www.stjohnsliving.org/community/brickstone-by-st-johns", "wheelchair": "yes"}}, "geometry": {"type": "Point", "coordinates": [-77.6021302, 43.1248013]}}, {"type": "Feature", "properties": {"osm_type": "node", "osm_id": 10693978483, "tags": {"addr:city": "Pittsburgh", "addr:housenumber": "252", "addr:postcode": "15205", "addr:state": "PA", "addr:street": "Crafton Ingram Shopping Center", "leisure": "bowling_alley", "name": "Crafton Ingram Lanes", "phone": "+1-412-921-0200", "sport": "10pin", "website": "https://craftoningramlanes.com/index.html"}}, "geometry": {"type": "Point", "coordinates": [-80.071141, 40.4417543]}}, {"type": "Feature", "properties": {"osm_type": "node", "osm_id": 10695499197, "tags": {"amenity": "social_centre", "brand": "Veterans of Foreign Wars of the United States", "brand:short": "VFW", "brand:wikidata": "Q3556413", "check_date": "2025-08-09", "name": "VFW Post 6941", "name:en": "VFW Post", "official_name": "Veterans of Foreign Wars of the United States", "short_name": "VFW", "social_centre:for": "veteran"}}, "geometry": {"type": "Point", "coordinates": [-82.2176798, 41.1691841]}}, {"type": "Feature", "properties": {"osm_type": "node", "osm_id": 10718243517, "tags": {"club": "social", "name": "Fraternal Order of the Eagles 4487"}}, "geometry": {"type": "Point", "coordinates": [-81.4471127, 39.4053075]}}, {"type": "Feature", "properties": {"osm_type": "node", "osm_id": 10800462682, "tags": {"addr:city": "Indiana", "addr:housenumber": "1101", "addr:postcode": "15701", "addr:state": "PA", "addr:street": "North 10th Street", "amenity": "social_centre", "name": "Indiana Social Center"}}, "geometry": {"type": "Point", "coordinates": [-79.1585543, 40.6259114]}}, {"type": "Feature", "properties": {"osm_type": "node", "osm_id": 10859102001, "tags": {"amenity": "social_centre", "brand": "Loyal Order of Moose", "brand:wikidata": "Q6908585", "name": "Moose Lodge", "official_name": "Loyal Order of Moose"}}, "geometry": {"type": "Point", "coordinates": [-80.72204, 40.0674572]}}, {"type": "Feature", "properties": {"osm_type": "node", "osm_id": 10859163593, "tags": {"amenity": "social_centre", "name": "Friends of Wheeling"}}, "geometry": {"type": "Point", "coordinates": [-80.724578, 40.0714404]}}, {"type": "Feature", "properties": {"osm_type": "node", "osm_id": 10860808244, "tags": {"addr:city": "Niagara Falls", "addr:housenumber": "4848", "addr:postcode": "L2E 6S8", "addr:province": "ON", "addr:street": "Clifton Hill", "check_date": "2024-07-21", "leisure": "bowling_alley", "name": "Strike Game Zone", "phone": "+1-905-358-4788", "sport": "10pin"}}, "geometry": {"type": "Point", "coordinates": [-79.0750807, 43.0908554]}}, {"type": "Feature", "properties": {"osm_type": "node", "osm_id": 10962287245, "tags": {"leisure": "bowling_alley", "name": "Madison Lanes"}}, "geometry": {"type": "Point", "coordinates": [-83.4664596, 39.902498]}}, {"type": "Feature", "properties": {"osm_type": "node", "osm_id": 10985360897, "tags": {"addr:floor": "G", "addr:housenumber": "5901", "addr:street": "Old National Pike", "air_conditioning": "yes", "amenity": "social_centre", "brand": "Veterans of Foreign Wars of the United States", "brand:wikidata": "Q3556413", "check_date": "2023-06-18", "level": "0", "name": "VFW Post", "name:en": "VFW Post", "official_name": "Veterans of Foreign Wars of the United States", "payment:mastercard": "yes", "payment:visa": "yes", "short_name": "VFW", "social_centre:for": "veterans", "wheelchair": "yes"}}, "geometry": {"type": "Point", "coordinates": [-77.4626172, 39.4190054]}}, {"type": "Feature", "properties": {"osm_type": "node", "osm_id": 11020737322, "tags": {"amenity": "social_centre", "check_date": "2025-08-09", "name": "Salvation Army"}}, "geometry": {"type": "Point", "coordinates": [-82.2137371, 41.1687634]}}, {"type": "Feature", "properties": {"osm_type": "node", "osm_id": 11020897677, "tags": {"amenity": "social_centre", "name": "Masonic Lodge"}}, "geometry": {"type": "Point", "coordinates": [-82.1200435, 41.2367993]}}, {"type": "Feature", "properties": {"osm_type": "node", "osm_id": 11030309838, "tags": {"amenity": "social_centre", "brand": "Lions Clubs International", "brand:wikidata": "Q270029", "name": "Lions Clubs International"}}, "geometry": {"type": "Point", "coordinates": [-83.0108284, 42.8006423]}}, {"type": "Feature", "properties": {"osm_type": "node", "osm_id": 11030901515, "tags": {"amenity": "social_centre", "brand": "Veterans of Foreign Wars of the United States", "brand:wikidata": "Q3556413", "name": "Veterans of Foreign Wars - Augusta Staunton Post 2216", "name:en": "VFW Post", "official_name": "Veterans of Foreign Wars of the United States", "operator": "Veterans of Foreign Wars", "short_name": "VFW", "social_centre:for": "veterans"}}, "geometry": {"type": "Point", "coordinates": [-79.0520707, 38.1273896]}}, {"type": "Feature", "properties": {"osm_type": "node", "osm_id": 11076997867, "tags": {"amenity": "social_centre", "name": "Pan-Icarian Brotherhood of America - G. Spanos #9", "ref": "9"}}, "geometry": {"type": "Point", "coordinates": [-83.1754945, 42.251395]}}, {"type": "Feature", "properties": {"osm_type": "node", "osm_id": 11119558664, "tags": {"amenity": "social_centre", "check_date": "2023-08-16", "name": "Seneca Center"}}, "geometry": {"type": "Point", "coordinates": [-79.7093509, 41.4365629]}}, {"type": "Feature", "properties": {"osm_type": "node", "osm_id": 11136351754, "tags": {"amenity": "social_centre", "name": "Pulaski Club", "survey:date": "2023-08-22"}}, "geometry": {"type": "Point", "coordinates": [-78.7734736, 41.1228004]}}, {"type": "Feature", "properties": {"osm_type": "node", "osm_id": 11136625458, "tags": {"amenity": "social_centre", "name": "IP&S Club", "survey:date": "2023-08-22"}}, "geometry": {"type": "Point", "coordinates": [-78.7663567, 41.1198681]}}, {"type": "Feature", "properties": {"osm_type": "node", "osm_id": 11146272889, "tags": {"amenity": "social_centre", "name": "Olympic Athletic Club", "survey:date": "2023-08-26"}}, "geometry": {"type": "Point", "coordinates": [-78.763375, 41.1230527]}}, {"type": "Feature", "properties": {"osm_type": "node", "osm_id": 11162890584, "tags": {"club": "social", "name": "Slovenian Club", "phone": "+1 724 947 20 51"}}, "geometry": {"type": "Point", "coordinates": [-80.3876202, 40.374608]}}, {"type": "Feature", "properties": {"osm_type": "node", "osm_id": 11162923597, "tags": {"club": "social", "name": "Knights of Columbus", "phone": "+1 724 747 34 63", "wikidata": "Q1046799"}}, "geometry": {"type": "Point", "coordinates": [-80.3884627, 40.3691948]}}, {"type": "Feature", "properties": {"osm_type": "node", "osm_id": 11177387108, "tags": {"addr:city": "Grand Rapids", "addr:housenumber": "300", "addr:postcode": "49503", "addr:state": "MI", "addr:street": "Commerce Avenue Southwest", "amenity": "social_centre", "name": "NIA Centre"}}, "geometry": {"type": "Point", "coordinates": [-85.6688037, 42.9576942]}}, {"type": "Feature", "properties": {"osm_type": "node", "osm_id": 11194971326, "tags": {"amenity": "social_centre", "brand": "American Legion", "brand:wikidata": "Q468865", "name": "American Legion Hall", "social_centre:for": "veteran"}}, "geometry": {"type": "Point", "coordinates": [-86.1164798, 41.2944984]}}, {"type": "Feature", "properties": {"osm_type": "node", "osm_id": 11225809220, "tags": {"amenity": "social_centre", "brand": "American Legion", "brand:wikidata": "Q468865", "name": "American Legion Hall", "social_centre:for": "veteran"}}, "geometry": {"type": "Point", "coordinates": [-77.0493685, 39.0398911]}}, {"type": "Feature", "properties": {"osm_type": "node", "osm_id": 11244809158, "tags": {"leisure": "bowling_alley", "name": "10 Pins"}}, "geometry": {"type": "Point", "coordinates": [-86.0555355, 39.4794006]}}, {"type": "Feature", "properties": {"osm_type": "node", "osm_id": 11244809178, "tags": {"leisure": "bowling_alley", "name": "Hi-Way Lanes & Sports Bar"}}, "geometry": {"type": "Point", "coordinates": [-86.0646906, 39.4843114]}}, {"type": "Feature", "properties": {"osm_type": "node", "osm_id": 11263403397, "tags": {"addr:housenumber": "1231", "addr:street": "S Scott Road", "leisure": "bowling_alley", "name": "EZ Bowl", "phone": "+1-260-824-9966", "website": "https://ezbowlbluffton.com"}}, "geometry": {"type": "Point", "coordinates": [-85.1695557, 40.7267456]}}, {"type": "Feature", "properties": {"osm_type": "node", "osm_id": 11302221072, "tags": {"amenity": "social_centre", "brand": "Veterans of Foreign Wars of the United States", "brand:wikidata": "Q3556413", "name": "VFW Post 1855", "name:en": "VFW Post", "official_name": "Veterans of Foreign Wars of the United States", "short_name": "VFW", "social_centre:for": "veteran"}}, "geometry": {"type": "Point", "coordinates": [-86.0935145, 41.9835571]}}, {"type": "Feature", "properties": {"osm_type": "node", "osm_id": 11308876392, "tags": {"amenity": "social_centre", "name": "Giles County Senior Center"}}, "geometry": {"type": "Point", "coordinates": [-80.7219491, 37.3263846]}}, {"type": "Feature", "properties": {"osm_type": "node", "osm_id": 11310142016, "tags": {"amenity": "social_centre", "name": "Vet Center"}}, "geometry": {"type": "Point", "coordinates": [-77.0011719, 41.2429496]}}, {"type": "Feature", "properties": {"osm_type": "node", "osm_id": 11325350647, "tags": {"alt_name": "Aeries Lodge", "amenity": "social_centre", "brand": "Fraternal Order of Eagles", "brand:wikidata": "Q5493810", "name": "Eagles", "official_name": "Fraternal Order of Eagles", "short_name": "FOE"}}, "geometry": {"type": "Point", "coordinates": [-78.8887835, 41.096437]}}, {"type": "Feature", "properties": {"osm_type": "node", "osm_id": 11325350651, "tags": {"amenity": "social_centre", "brand": "Benevolent and Protective Order of Elks", "brand:wikidata": "Q2895789", "name": "Elks Lodge", "official_name": "Benevolent and Protective Order of Elks", "short_name": "BPOE"}}, "geometry": {"type": "Point", "coordinates": [-78.8883249, 41.0958905]}}, {"type": "Feature", "properties": {"osm_type": "node", "osm_id": 11380719046, "tags": {"amenity": "social_centre", "brand": "AMVETS", "brand:wikidata": "Q2819279", "name": "AMVETS Post", "social_centre:for": "veterans"}}, "geometry": {"type": "Point", "coordinates": [-76.982125, 39.8028401]}}, {"type": "Feature", "properties": {"osm_type": "node", "osm_id": 11380744611, "tags": {"amenity": "social_centre", "brand": "American Legion", "brand:wikidata": "Q468865", "name": "American Legion Hall", "social_centre:for": "veterans"}}, "geometry": {"type": "Point", "coordinates": [-76.9856013, 39.8028444]}}, {"type": "Feature", "properties": {"osm_type": "node", "osm_id": 11380760310, "tags": {"addr:city": "Amherst", "addr:housenumber": "106", "addr:postcode": "24521", "addr:state": "VA", "addr:street": "East Court Street", "amenity": "social_centre", "contact:facebook": "https://www.facebook.com/people/Blue-Ridge-Slot-Car-Raceway/100076982856798/", "name": "Blue-Ridge Slot Car Raceway", "opening_hours": "Mo-Th off; Fr 16:00-20:00; Sa 14:00-21:00; Su 14:00-18:00", "phone": "+1 434-841-2185"}}, "geometry": {"type": "Point", "coordinates": [-79.0517206, 37.5852773]}}, {"type": "Feature", "properties": {"osm_type": "node", "osm_id": 11382127408, "tags": {"amenity": "social_centre", "brand": "American Legion", "brand:wikidata": "Q468865", "name": "American Legion Hall", "social_centre:for": "veteran"}}, "geometry": {"type": "Point", "coordinates": [-77.2024943, 40.1160029]}}, {"type": "Feature", "properties": {"osm_type": "node", "osm_id": 11382176089, "tags": {"addr:city": "Carlisle", "addr:housenumber": "1561", "addr:state": "PA", "addr:street": "Holly Pike", "contact:facebook": "https://www.facebook.com/Midwaybowl56/", "leisure": "bowling_alley", "name": "Midway Bowling Center", "phone": "+1 717-249-1222", "website": "https://midwaybowl.com/"}}, "geometry": {"type": "Point", "coordinates": [-77.1950075, 40.1550517]}}, {"type": "Feature", "properties": {"osm_type": "node", "osm_id": 11388314701, "tags": {"amenity": "social_centre", "brand": "Veterans of Foreign Wars of the United States", "brand:short": "VFW", "brand:wikidata": "Q3556413", "name": "VFW Post 4522", "name:en": "VFW Post", "official_name": "Veterans of Foreign Wars of the United States", "short_name": "VFW", "social_centre:for": "veteran"}}, "geometry": {"type": "Point", "coordinates": [-79.8970504, 37.2797691]}}, {"type": "Feature", "properties": {"osm_type": "node", "osm_id": 11398887022, "tags": {"amenity": "social_centre", "brand": "Veterans of Foreign Wars of the United States", "brand:wikidata": "Q3556413", "name": "VFW Post", "name:en": "VFW Post", "official_name": "Veterans of Foreign Wars of the United States", "short_name": "VFW", "social_centre:for": "veteran"}}, "geometry": {"type": "Point", "coordinates": [-83.7724291, 37.1594666]}}, {"type": "Feature", "properties": {"osm_type": "node", "osm_id": 11413056820, "tags": {"amenity": "social_centre", "brand": "Lions Clubs International", "brand:wikidata": "Q270029", "name": "Ruby Lions Club Hall"}}, "geometry": {"type": "Point", "coordinates": [-82.6096528, 43.0362447]}}, {"type": "Feature", "properties": {"osm_type": "node", "osm_id": 11413505242, "tags": {"addr:city": "Indianapolis", "addr:housenumber": "1125", "addr:postcode": "46202", "addr:state": "IN", "addr:street": "East Brookside Avenue", "addr:unit": "D9", "leisure": "bowling_alley", "name": "Fowling Warehouse"}}, "geometry": {"type": "Point", "coordinates": [-86.1334695, 39.7839415]}}, {"type": "Feature", "properties": {"osm_type": "node", "osm_id": 11417821499, "tags": {"amenity": "social_centre", "brand": "Veterans of Foreign Wars of the United States", "brand:wikidata": "Q3556413", "name": "VFW Post", "name:en": "VFW Post", "official_name": "Veterans of Foreign Wars of the United States", "short_name": "VFW", "social_centre:for": "veteran"}}, "geometry": {"type": "Point", "coordinates": [-85.2282183, 43.0992101]}}, {"type": "Feature", "properties": {"osm_type": "node", "osm_id": 11423451902, "tags": {"amenity": "social_centre", "name": "The Elyria Woman's Club"}}, "geometry": {"type": "Point", "coordinates": [-82.1038321, 41.3658376]}}, {"type": "Feature", "properties": {"osm_type": "node", "osm_id": 11432999094, "tags": {"amenity": "social_centre", "name": "Masonic Temple"}}, "geometry": {"type": "Point", "coordinates": [-84.4270776, 42.5819764]}}, {"type": "Feature", "properties": {"osm_type": "node", "osm_id": 11491804410, "tags": {"amenity": "social_centre", "brand": "Lions Clubs International", "brand:wikidata": "Q270029", "name": "Lions Clubs International"}}, "geometry": {"type": "Point", "coordinates": [-81.095731, 38.9226894]}}, {"type": "Feature", "properties": {"osm_type": "node", "osm_id": 11514677369, "tags": {"leisure": "bowling_alley"}}, "geometry": {"type": "Point", "coordinates": [-83.5660725, 41.5892847]}}, {"type": "Feature", "properties": {"osm_type": "node", "osm_id": 11582649578, "tags": {"amenity": "social_centre", "name": "Lorain County United Way"}}, "geometry": {"type": "Point", "coordinates": [-82.1749922, 41.4652402]}}, {"type": "Feature", "properties": {"osm_type": "node", "osm_id": 11593470855, "tags": {"amenity": "social_centre", "name": "Nueva Luz Urban Resource Center"}}, "geometry": {"type": "Point", "coordinates": [-81.7310273, 41.4839884]}}, {"type": "Feature", "properties": {"osm_type": "node", "osm_id": 11627929630, "tags": {"amenity": "social_centre", "brand": "Veterans of Foreign Wars of the United States", "brand:wikidata": "Q3556413", "name": "VFW Post", "name:en": "VFW Post", "official_name": "Veterans of Foreign Wars of the United States", "short_name": "VFW", "social_centre:for": "veterans"}}, "geometry": {"type": "Point", "coordinates": [-77.0699464, 41.7825698]}}, {"type": "Feature", "properties": {"osm_type": "node", "osm_id": 11643916957, "tags": {"amenity": "social_centre", "name": "Pi Kappa Alpha - Epsilon Upsilon"}}, "geometry": {"type": "Point", "coordinates": [-80.0960017, 42.1239999]}}, {"type": "Feature", "properties": {"osm_type": "node", "osm_id": 11688073083, "tags": {"amenity": "social_centre", "check_date": "2024-03-03", "name": "Cranberry Place", "wheelchair": "yes"}}, "geometry": {"type": "Point", "coordinates": [-79.7179656, 41.3533858]}}, {"type": "Feature", "properties": {"osm_type": "node", "osm_id": 11696929582, "tags": {"amenity": "social_centre", "brand": "American Legion", "brand:wikidata": "Q468865", "name": "American Legion Hall", "social_centre:for": "veteran"}}, "geometry": {"type": "Point", "coordinates": [-78.9771584, 39.4386411]}}, {"type": "Feature", "properties": {"osm_type": "node", "osm_id": 11697301168, "tags": {"amenity": "social_centre", "brand": "Veterans of Foreign Wars of the United States", "brand:short": "VFW", "brand:wikidata": "Q3556413", "name": "VFW Post", "name:en": "VFW Post", "official_name": "Veterans of Foreign Wars of the United States", "short_name": "VFW", "social_centre:for": "veteran"}}, "geometry": {"type": "Point", "coordinates": [-78.9727924, 39.4465915]}}, {"type": "Feature", "properties": {"osm_type": "node", "osm_id": 11733537253, "tags": {"addr:city": "Canonsburg", "addr:housenumber": "600", "addr:postcode": "15317", "addr:state": "PA", "addr:street": "Ridge Avenue", "amenity": "social_centre", "brand": "Benevolent and Protective Order of Elks", "brand:short": "BPOE", "brand:wikidata": "Q2895789", "contact:facebook": "https://www.facebook.com/bpoe846/", "name": "Elks Lodge", "official_name": "Benevolent and Protective Order of Elks", "short_name": "BPOE"}}, "geometry": {"type": "Point", "coordinates": [-80.1936464, 40.2697561]}}, {"type": "Feature", "properties": {"osm_type": "node", "osm_id": 11733939783, "tags": {"amenity": "social_centre", "brand": "American Legion", "brand:wikidata": "Q468865", "name": "American Legion Hall", "social_centre:for": "veteran"}}, "geometry": {"type": "Point", "coordinates": [-85.895228, 37.7228041]}}, {"type": "Feature", "properties": {"osm_type": "node", "osm_id": 11734679112, "tags": {"amenity": "social_centre", "brand": "American Legion", "brand:wikidata": "Q468865", "name": "St. Michael American Legion", "social_centre:for": "veteran"}}, "geometry": {"type": "Point", "coordinates": [-78.770939, 40.3378458]}}, {"type": "Feature", "properties": {"osm_type": "node", "osm_id": 11766298621, "tags": {"amenity": "social_centre", "brand": "Veterans of Foreign Wars of the United States", "brand:wikidata": "Q3556413", "name": "VFW Post", "name:en": "VFW Post", "official_name": "Veterans of Foreign Wars of the United States", "short_name": "VFW", "social_centre:for": "veteran"}}, "geometry": {"type": "Point", "coordinates": [-83.9855748, 42.9207602]}}, {"type": "Feature", "properties": {"osm_type": "node", "osm_id": 11778329920, "tags": {"addr:city": "Dublin", "addr:housenumber": "6558", "addr:postcode": "43017", "addr:state": "OH", "addr:street": "Riverside Drive", "leisure": "bowling_alley", "name": "PINS Mechanical Company", "phone": "+1-614-761-3933", "website": "https://www.pinsbar.com/locations/dublin"}}, "geometry": {"type": "Point", "coordinates": [-83.1095078, 40.1010888]}}, {"type": "Feature", "properties": {"osm_type": "node", "osm_id": 11828234871, "tags": {"leisure": "bowling_alley", "name": "Maple Heights Bowling Lanes", "sport": "10pin"}}, "geometry": {"type": "Point", "coordinates": [-81.5699518, 41.4171372]}}, {"type": "Feature", "properties": {"osm_type": "node", "osm_id": 11845236143, "tags": {"amenity": "social_centre", "brand": "American Legion", "brand:wikidata": "Q468865", "name": "American Legion Post 374", "social_centre:for": "veteran"}}, "geometry": {"type": "Point", "coordinates": [-83.1786361, 42.503181]}}, {"type": "Feature", "properties": {"osm_type": "node", "osm_id": 11861520853, "tags": {"amenity": "social_centre", "brand": "American Legion", "brand:wikidata": "Q468865", "name": "American Legion Hall", "social_centre:for": "veteran"}}, "geometry": {"type": "Point", "coordinates": [-79.9055093, 39.6068723]}}, {"type": "Feature", "properties": {"osm_type": "node", "osm_id": 11862544630, "tags": {"leisure": "bowling_alley", "name": "Suburban Lanes"}}, "geometry": {"type": "Point", "coordinates": [-79.9606733, 39.6584402]}}, {"type": "Feature", "properties": {"osm_type": "node", "osm_id": 11875295562, "tags": {"addr:city": "Glen Burnie", "addr:housenumber": "6322", "addr:postcode": "21061", "addr:state": "MD", "addr:street": "Ritchie Highway", "contact:facebook": "@GlenBurnieBowl", "fixme": "may be closing soon - listed as seeking a tenant on the shopping center site plan", "leisure": "bowling_alley", "name": "Glen Burnie Bowl", "phone": "+1-443-312-8538", "website": "https://glenburniebowl.com/"}}, "geometry": {"type": "Point", "coordinates": [-76.6168022, 39.2034123]}}, {"type": "Feature", "properties": {"osm_type": "node", "osm_id": 11885232525, "tags": {"amenity": "social_centre", "name": "Wyandot Lodge"}}, "geometry": {"type": "Point", "coordinates": [-83.0973338, 40.0203299]}}, {"type": "Feature", "properties": {"osm_type": "node", "osm_id": 11906433255, "tags": {"addr:city": "Rochester", "addr:housenumber": "212", "addr:postcode": "14627", "addr:state": "NY", "addr:street": "Rush Rhees Library", "amenity": "social_centre", "name": "Humanities Center", "operator": "University of Rochester", "operator:type": "university", "phone": "+1-585-276-8709", "website": "https://www.sas.rochester.edu/humanities/"}}, "geometry": {"type": "Point", "coordinates": [-77.6286007, 43.1286404]}}, {"type": "Feature", "properties": {"osm_type": "node", "osm_id": 11939501914, "tags": {"leisure": "bowling_alley"}}, "geometry": {"type": "Point", "coordinates": [-85.0733012, 43.2106986]}}, {"type": "Feature", "properties": {"osm_type": "node", "osm_id": 11939501976, "tags": {"amenity": "social_centre", "brand": "Veterans of Foreign Wars of the United States", "brand:wikidata": "Q3556413", "name": "Lester J Sitts VFW Post 5065", "name:en": "VFW Post", "official_name": "Veterans of Foreign Wars of the United States", "short_name": "VFW", "social_centre:for": "veteran"}}, "geometry": {"type": "Point", "coordinates": [-85.0753875, 43.2117321]}}, {"type": "Feature", "properties": {"osm_type": "node", "osm_id": 11945715262, "tags": {"amenity": "social_centre", "name": "Masonic Temple"}}, "geometry": {"type": "Point", "coordinates": [-83.6917397, 43.1209352]}}, {"type": "Feature", "properties": {"osm_type": "node", "osm_id": 11951900176, "tags": {"amenity": "social_centre", "brand": "Royal Canadian Legion", "brand:short": "RCL", "brand:wikidata": "Q3270231", "name": "Royal Canadian Legion Hall", "short_name": "RCL", "social_centre:for": "veteran"}}, "geometry": {"type": "Point", "coordinates": [-82.7064537, 42.292879]}}, {"type": "Feature", "properties": {"osm_type": "node", "osm_id": 11956652733, "tags": {"amenity": "social_centre", "brand": "American Legion", "brand:wikidata": "Q468865", "name": "American Legion Post 139", "opening_hours": "Mo-Su 11:00-01:00", "phone": "+1-703-524-1396", "social_centre:for": "veteran", "website": "https://arlpost139.com/"}}, "geometry": {"type": "Point", "coordinates": [-77.1023985, 38.8862384]}}, {"type": "Feature", "properties": {"osm_type": "node", "osm_id": 11967142942, "tags": {"addr:city": "Manassas", "addr:housenumber": "8300", "addr:postcode": "20109", "addr:state": "VA", "addr:street": "Sudley Road", "addr:unit": "A-7", "air_conditioning": "yes", "contact:facebook": "https://www.facebook.com/UptownAlleyMVA/", "leisure": "bowling_alley", "name": "Uptown Alley", "opening_hours": "Su-Th 10:00-22:00; Fr-Sa 10:00-00:00", "payment:cards": "yes", "payment:cash": "yes", "phone": "+1 571 719 3284", "smoking": "no", "sport": "10pin;laser_tag", "website": "https://uptownalleymanassas.com"}}, "geometry": {"type": "Point", "coordinates": [-77.5029227, 38.7723455]}}, {"type": "Feature", "properties": {"osm_type": "node", "osm_id": 11979597762, "tags": {"amenity": "social_centre", "brand": "Royal Canadian Legion", "brand:wikidata": "Q3270231", "check_date": "2024-06-12", "name": "Royal Canadian Legion Hall", "opening_hours": "11:00-20:00", "short_name": "RCL", "social_centre:for": "veteran"}}, "geometry": {"type": "Point", "coordinates": [-79.6148396, 42.9024611]}}, {"type": "Feature", "properties": {"osm_type": "node", "osm_id": 12008694253, "tags": {"addr:city": "Lutherville", "addr:country": "US", "addr:housenumber": "2165", "addr:postcode": "21093", "addr:state": "MD", "addr:street": "York Road", "leisure": "bowling_alley", "name": "Bowlero", "old_name": "AMF Timonium Lanes", "sport": "10pin"}}, "geometry": {"type": "Point", "coordinates": [-76.6271083, 39.444898]}}, {"type": "Feature", "properties": {"osm_type": "node", "osm_id": 12041665521, "tags": {"amenity": "social_centre", "brand": "Lions Clubs International", "brand:wikidata": "Q270029", "name": "Lions Club"}}, "geometry": {"type": "Point", "coordinates": [-79.1656784, 40.6168356]}}, {"type": "Feature", "properties": {"osm_type": "node", "osm_id": 12041665522, "tags": {"amenity": "social_centre", "brand": "Benevolent and Protective Order of Elks", "brand:short": "BPOE", "brand:wikidata": "Q2895789", "name": "Elks Lodge", "official_name": "Benevolent and Protective Order of Elks", "short_name": "BPOE"}}, "geometry": {"type": "Point", "coordinates": [-79.1656722, 40.6167134]}}, {"type": "Feature", "properties": {"osm_type": "node", "osm_id": 12055402134, "tags": {"amenity": "social_centre", "brand": "American Legion", "brand:wikidata": "Q468865", "name": "American Legion Hall", "social_centre:for": "veteran"}}, "geometry": {"type": "Point", "coordinates": [-85.7546887, 40.0018253]}}, {"type": "Feature", "properties": {"osm_type": "node", "osm_id": 12061628848, "tags": {"addr:city": "Herndon", "addr:housenumber": "779", "addr:postcode": "20170", "addr:street": "Center Street", "amenity": "social_centre", "brand": "Loyal Order of Moose", "brand:wikidata": "Q6908585", "check_date": "2026-07-14", "contact:facebook": "https://www.facebook.com/herndonmoose/", "name": "Herndon Moose Lodge #2274", "official_name": "Loyal Order of Moose"}}, "geometry": {"type": "Point", "coordinates": [-77.3859198, 38.9721672]}}, {"type": "Feature", "properties": {"osm_type": "node", "osm_id": 12077770487, "tags": {"amenity": "social_centre", "name": "Patronato Acli"}}, "geometry": {"type": "Point", "coordinates": [-79.2657348, 42.9955812]}}, {"type": "Feature", "properties": {"osm_type": "node", "osm_id": 12110396449, "tags": {"addr:city": "Lorain", "addr:housenumber": "1536", "addr:postcode": "44055", "addr:state": "OH", "addr:street": "East 30th Street", "amenity": "social_centre", "name": "Neighborhood Alliance"}}, "geometry": {"type": "Point", "coordinates": [-82.1476497, 41.4428776]}}, {"type": "Feature", "properties": {"osm_type": "node", "osm_id": 12117265158, "tags": {"amenity": "social_centre", "brand": "American Legion", "brand:wikidata": "Q468865", "name": "American Legion Hall", "social_centre:for": "veteran"}}, "geometry": {"type": "Point", "coordinates": [-83.1799195, 39.4020449]}}, {"type": "Feature", "properties": {"osm_type": "node", "osm_id": 12124391691, "tags": {"addr:city": "Brookville", "addr:housenumber": "5328", "addr:postcode": "15825", "addr:state": "PA", "addr:street": "RT 322", "leisure": "bowling_alley", "name": "Second Strike Lanes"}}, "geometry": {"type": "Point", "coordinates": [-79.112257, 41.1677332]}}, {"type": "Feature", "properties": {"osm_type": "node", "osm_id": 12138749278, "tags": {"amenity": "social_centre", "brand": "Polish Legion of American Veterans", "name": "Polish Legion of American Veterans Post No. 8"}}, "geometry": {"type": "Point", "coordinates": [-83.7662648, 43.0744245]}}, {"type": "Feature", "properties": {"osm_type": "node", "osm_id": 12173150822, "tags": {"amenity": "social_centre", "name": "Flushing Area Senior Center"}}, "geometry": {"type": "Point", "coordinates": [-83.8553249, 43.0639085]}}, {"type": "Feature", "properties": {"osm_type": "node", "osm_id": 12197397354, "tags": {"leisure": "bowling_alley", "name": "Golden Lanes"}}, "geometry": {"type": "Point", "coordinates": [-79.1288935, 38.9869022]}}, {"type": "Feature", "properties": {"osm_type": "node", "osm_id": 12244158257, "tags": {"addr:housenumber": "323", "addr:street": "West Market Street", "amenity": "social_centre", "name": "Lambda Chi Alpha", "phone": "+1 703 401 2307", "website": "https://www.lambdachi.org/"}}, "geometry": {"type": "Point", "coordinates": [-78.8743735, 38.4500947]}}, {"type": "Feature", "properties": {"osm_type": "node", "osm_id": 12246770538, "tags": {"club": "social", "name": "Green Hill Women's Sewing Club"}}, "geometry": {"type": "Point", "coordinates": [-78.0992807, 40.0003726]}}, {"type": "Feature", "properties": {"osm_type": "node", "osm_id": 12345030407, "tags": {"addr:city": "Louisa", "addr:housenumber": "100", "addr:postcode": "23093", "addr:state": "VA", "addr:street": "E. Main St", "addr:unit": "2nd Floor", "amenity": "social_centre", "description": "The Masonic Lodge located on the second floor above the church.\nStated Communication is the 1st Thursday @ 7:00pm except in July when it is on the 2nd Thursday @ 7:00pm", "name": "Day Lodge No. 58 A.F. & A.M"}}, "geometry": {"type": "Point", "coordinates": [-78.0028248, 38.0241937]}}, {"type": "Feature", "properties": {"osm_type": "node", "osm_id": 12346860333, "tags": {"addr:city": "Mineral", "addr:housenumber": "321", "addr:postcode": "23117", "addr:state": "VA", "addr:street": "Mineral Avenue", "amenity": "social_centre", "description": "Stated Communications are on the 3rd Thursday @ 7:30pm", "name": "Mineral Lodge No. 311 A.F. & A.M."}}, "geometry": {"type": "Point", "coordinates": [-77.9091366, 38.0087215]}}, {"type": "Feature", "properties": {"osm_type": "node", "osm_id": 12346860342, "tags": {"addr:city": "Mineral", "addr:housenumber": "4709", "addr:postcode": "23117", "addr:state": "VA", "addr:street": "Fredericks Hall Road", "amenity": "social_centre", "description": "Stated Communications are on the 2nd Tuesday @ 7:30pm\nPatriot Shrine Club meets the 4th Tuesday @ 6:30pm", "name": "Murray Lodge No. 175 A.F. & A.M."}}, "geometry": {"type": "Point", "coordinates": [-77.8214438, 37.9842285]}}, {"type": "Feature", "properties": {"osm_type": "node", "osm_id": 12346880941, "tags": {"addr:city": "Gordonsville", "addr:housenumber": "106", "addr:postcode": "22942", "addr:state": "VA", "addr:street": "Holliday Avenue", "amenity": "social_centre", "description": "Stated Communication is the 2nd Monday at 7:30pm", "name": "Waddell Lodge No. 228 A.F. & A.M."}}, "geometry": {"type": "Point", "coordinates": [-78.1893999, 38.1294839]}}, {"type": "Feature", "properties": {"osm_type": "node", "osm_id": 12346880952, "tags": {"addr:city": "Kents Store", "addr:housenumber": "5049", "addr:postcode": "23084", "addr:state": "VA", "addr:street": "Kents Store Way", "amenity": "social_centre", "description": "Stated Communication is the 1st Monday at 7:30pm", "name": "Cabell Lodge No 311 A.F & A.M."}}, "geometry": {"type": "Point", "coordinates": [-78.1291593, 37.878669]}}, {"type": "Feature", "properties": {"osm_type": "node", "osm_id": 12382790325, "tags": {"addr:city": "Utica", "addr:housenumber": "44633", "addr:postcode": "48317", "addr:state": "MI", "addr:street": "Utica Road", "branch": "Council 2950", "club": "social", "email": "council1437@gmail.com", "facebook": "https://www.facebook.com/uticakofc/", "name": "Saint Lawrence Knights Of Columbus", "phone": "+1-586-739-9063", "website": "https://uticakofc.com/"}}, "geometry": {"type": "Point", "coordinates": [-83.039672, 42.6217583]}}, {"type": "Feature", "properties": {"osm_type": "node", "osm_id": 12402982014, "tags": {"addr:city": "Mansfield", "addr:housenumber": "123", "addr:postcode": "44902", "addr:state": "OH", "addr:street": "North Diamond Street", "amenity": "social_centre", "name": "Axe Social Lounge", "phone": "+1-419-709-9624", "website": "https://www.axesociallounge.com/"}}, "geometry": {"type": "Point", "coordinates": [-82.5141227, 40.7616251]}}, {"type": "Feature", "properties": {"osm_type": "node", "osm_id": 12442470112, "tags": {"leisure": "bowling_alley", "name": "Colonial Lanes"}}, "geometry": {"type": "Point", "coordinates": [-83.8085152, 43.0613027]}}, {"type": "Feature", "properties": {"osm_type": "node", "osm_id": 12466075677, "tags": {"amenity": "social_centre", "brand": "American Legion", "brand:wikidata": "Q468865", "name": "American Legion Hall", "social_centre:for": "veteran"}}, "geometry": {"type": "Point", "coordinates": [-83.1716196, 38.3022881]}}, {"type": "Feature", "properties": {"osm_type": "node", "osm_id": 12468869834, "tags": {"amenity": "social_centre", "brand": "American Legion", "brand:wikidata": "Q468865", "name": "American Legion Post 10", "social_centre:for": "veteran"}}, "geometry": {"type": "Point", "coordinates": [-85.6454565, 40.54559]}}, {"type": "Feature", "properties": {"osm_type": "node", "osm_id": 12488456311, "tags": {"amenity": "social_centre", "brand": "American Legion", "brand:wikidata": "Q468865", "name": "American Legion Hall", "social_centre:for": "veteran"}}, "geometry": {"type": "Point", "coordinates": [-78.8145767, 42.2553559]}}, {"type": "Feature", "properties": {"osm_type": "node", "osm_id": 12570117769, "tags": {"addr:city": "Marshallville", "addr:housenumber": "7", "addr:postcode": "44645", "addr:state": "OH", "addr:street": "South Main Street", "amenity": "social_centre", "brand": "American Legion", "name": "American Legion Post 718", "social_centre:for": "veteran"}}, "geometry": {"type": "Point", "coordinates": [-81.7333762, 40.9003726]}}, {"type": "Feature", "properties": {"osm_type": "node", "osm_id": 12591184460, "tags": {"addr:city": "Danville", "addr:housenumber": "458", "addr:postcode": "17821", "addr:state": "PA", "addr:street": "Mill Street", "amenity": "social_centre", "branch": "Danville", "brand": "Loyal Order of Moose", "brand:wikidata": "Q6908585", "contact:facebook": "https://www.facebook.com/MooseLodge1133/", "name": "Danville Moose Lode 1133", "official_name": "Loyal Order of Moose", "opening_hours": "Mo-Th 12:00-00:00; Fr-Sa 12:00-01:00; Sa 12:00-23:00", "phone": "+1 570-275-1121"}}, "geometry": {"type": "Point", "coordinates": [-76.6175929, 40.9619423]}}, {"type": "Feature", "properties": {"osm_type": "node", "osm_id": 12591184463, "tags": {"addr:city": "Danville", "addr:housenumber": "615", "addr:postcode": "17821", "addr:state": "PA", "addr:street": "Mill Street", "amenity": "social_centre", "brand": "Veterans of Foreign Wars of the United States", "brand:wikidata": "Q3556413", "contact:facebook": "https://www.facebook.com/profile.php?id=100070918671007", "name": "Robert K. Vogt Post 298", "name:en": "VFW Post", "note": "Some online sources state address is 339 Mill Street. That was the former address before Montour County redid addressing for e911 compliance in the late 2010s.", "official_name": "Veterans of Foreign Wars of the United States", "short_name": "VFW", "social_centre:for": "veteran"}}, "geometry": {"type": "Point", "coordinates": [-76.6165972, 40.9639167]}}, {"type": "Feature", "properties": {"osm_type": "node", "osm_id": 12597531836, "tags": {"alt_name": "Aeries Lodge", "amenity": "social_centre", "brand": "Fraternal Order of Eagles", "brand:short": "FOE", "brand:wikidata": "Q5493810", "name": "Eagles Lodge", "official_name": "Fraternal Order of Eagles", "short_name": "FOE"}}, "geometry": {"type": "Point", "coordinates": [-85.8350043, 41.5895434]}}, {"type": "Feature", "properties": {"osm_type": "node", "osm_id": 12629451190, "tags": {"amenity": "social_centre", "name": "Fraternity Managers Association"}}, "geometry": {"type": "Point", "coordinates": [-83.0077473, 39.9992772]}}, {"type": "Feature", "properties": {"osm_type": "node", "osm_id": 12641458780, "tags": {"addr:city": "Anderson", "addr:housenumber": "3921", "addr:postcode": "46011", "addr:state": "IN", "addr:street": "Nichol Avenue", "amenity": "social_centre", "contact:facebook": "https://www.facebook.com/mountmoriah77/", "name": "Mount Moriah Masonic Lodge #77 F & AM", "phone": "+1-765-642-3133", "source": "esri/USA_NAD_Addresses"}}, "geometry": {"type": "Point", "coordinates": [-85.7400969, 40.1010717]}}, {"type": "Feature", "properties": {"osm_type": "node", "osm_id": 12667811413, "tags": {"addr:city": "Baltimore", "addr:country": "US", "addr:housenumber": "601", "addr:postcode": "21225", "addr:state": "MD", "addr:street": "East Patapsco Avenue", "amenity": "social_centre", "brand": "Veterans of Foreign Wars of the United States", "brand:short": "VFW", "brand:wikidata": "Q3556413", "name": "VFW Post 2916", "name:en": "VFW Post", "official_name": "Veterans of Foreign Wars of the United States", "operator": "VFW", "social_centre:for": "veteran"}}, "geometry": {"type": "Point", "coordinates": [-76.6022559, 39.2361263]}}, {"type": "Feature", "properties": {"osm_type": "node", "osm_id": 12684963158, "tags": {"amenity": "social_centre", "brand": "American Legion", "brand:wikidata": "Q468865", "name": "American Legion Hall", "social_centre:for": "veteran"}}, "geometry": {"type": "Point", "coordinates": [-81.3615096, 40.5991444]}}, {"type": "Feature", "properties": {"osm_type": "node", "osm_id": 12715045087, "tags": {"addr:city": "Baltimore", "addr:housenumber": "1527", "addr:postcode": "21226", "addr:state": "MD", "addr:street": "Cherry Street", "amenity": "social_centre", "brand": "American Legion", "brand:wikidata": "Q468865", "name": "American Legion Brooklyn Curtis Bay Post 187", "ref": "187", "social_centre:for": "veteran"}}, "geometry": {"type": "Point", "coordinates": [-76.5887708, 39.2220822]}}, {"type": "Feature", "properties": {"osm_type": "node", "osm_id": 12716731764, "tags": {"amenity": "social_centre", "name": "Curtis Bay Athletic Club"}}, "geometry": {"type": "Point", "coordinates": [-76.5878715, 39.2210801]}}, {"type": "Feature", "properties": {"osm_type": "node", "osm_id": 12753092654, "tags": {"amenity": "social_centre", "name": "Berkeley Lodge #37"}}, "geometry": {"type": "Point", "coordinates": [-77.9930748, 39.5549942]}}, {"type": "Feature", "properties": {"osm_type": "node", "osm_id": 12802561148, "tags": {"addr:city": "Lorain", "addr:housenumber": "5300", "addr:postcode": "44053", "addr:state": "OH", "addr:street": "Oberlin Avenue", "leisure": "bowling_alley", "name": "Rebman Recreation"}}, "geometry": {"type": "Point", "coordinates": [-82.1866234, 41.4209422]}}, {"type": "Feature", "properties": {"osm_type": "node", "osm_id": 12821469553, "tags": {"amenity": "social_centre", "name": "Royal Hamilton Light Infantry Veterans Association", "social_centre:for": "veteran"}}, "geometry": {"type": "Point", "coordinates": [-79.8048708, 43.2491488]}}, {"type": "Feature", "properties": {"osm_type": "node", "osm_id": 12830401312, "tags": {"amenity": "social_centre", "brand": "Veterans of Foreign Wars of the United States", "brand:short": "VFW", "brand:wikidata": "Q3556413", "name": "Jean R. Anderson VFW Post #7309", "name:en": "Jean R. Anderson VFW Post #7309", "official_name": "Veterans of Foreign Wars of the United States", "social_centre:for": "veteran"}}, "geometry": {"type": "Point", "coordinates": [-84.4421358, 42.5462899]}}, {"type": "Feature", "properties": {"osm_type": "node", "osm_id": 12872097769, "tags": {"amenity": "social_centre", "check_date": "2026-05-31", "name": "American Legion"}}, "geometry": {"type": "Point", "coordinates": [-78.6609322, 41.9578604]}}, {"type": "Feature", "properties": {"osm_type": "node", "osm_id": 12944034529, "tags": {"amenity": "social_centre", "brand": "Veterans of Foreign Wars of the United States", "brand:short": "VFW", "brand:wikidata": "Q3556413", "name": "VFW Walker Harris Post 8826", "name:en": "VFW Post", "official_name": "Veterans of Foreign Wars of the United States", "social_centre:for": "veteran"}}, "geometry": {"type": "Point", "coordinates": [-79.0820281, 39.7518035]}}, {"type": "Feature", "properties": {"osm_type": "node", "osm_id": 12977280517, "tags": {"addr:city": "Sandusky", "addr:housenumber": "608", "addr:postcode": "44870", "addr:state": "OH", "addr:street": "King Street", "alt_name": "Aeries Lodge", "amenity": "social_centre", "brand": "Fraternal Order of Eagles", "brand:short": "FOE", "brand:wikidata": "Q5493810", "contact:facebook": "https://www.facebook.com/FOE444/", "name": "Sandusky Eagles Club Aerie #444", "official_name": "Fraternal Order of Eagles"}}, "geometry": {"type": "Point", "coordinates": [-82.7310661, 41.4471697]}}, {"type": "Feature", "properties": {"osm_type": "node", "osm_id": 12990314157, "tags": {"addr:city": "Walled Lake", "addr:housenumber": "257", "addr:postcode": "48390", "addr:state": "MI", "addr:street": "Ladd Road", "leisure": "bowling_alley", "name": "All-Star Lanes"}}, "geometry": {"type": "Point", "coordinates": [-83.4931195, 42.5302916]}}, {"type": "Feature", "properties": {"osm_type": "node", "osm_id": 13013705123, "tags": {"amenity": "social_centre", "brand": "Veterans of Foreign Wars of the United States", "brand:short": "VFW", "brand:wikidata": "Q3556413", "name": "VFW Post", "name:en": "VFW Post", "official_name": "Veterans of Foreign Wars of the United States", "social_centre:for": "veteran"}}, "geometry": {"type": "Point", "coordinates": [-84.3043761, 39.5594233]}}, {"type": "Feature", "properties": {"osm_type": "node", "osm_id": 13018066370, "tags": {"leisure": "bowling_alley", "name": "Strike & Spare Family Fun Center"}}, "geometry": {"type": "Point", "coordinates": [-84.6071933, 39.0245511]}}, {"type": "Feature", "properties": {"osm_type": "node", "osm_id": 13023387322, "tags": {"amenity": "social_centre", "brand": "Loyal Order of Moose", "brand:wikidata": "Q6908585", "name": "Loyal Order of Moose", "official_name": "Loyal Order of Moose"}}, "geometry": {"type": "Point", "coordinates": [-81.6856322, 41.3751336]}}, {"type": "Feature", "properties": {"osm_type": "node", "osm_id": 13027350675, "tags": {"amenity": "social_centre", "brand": "Veterans of Foreign Wars of the United States", "brand:short": "VFW", "brand:wikidata": "Q3556413", "name": "VFW Post", "name:en": "VFW Post", "official_name": "Veterans of Foreign Wars of the United States", "social_centre:for": "veteran"}}, "geometry": {"type": "Point", "coordinates": [-81.4359901, 39.4120223]}}, {"type": "Feature", "properties": {"osm_type": "node", "osm_id": 13028537323, "tags": {"addr:city": "Marietta", "addr:housenumber": "169", "addr:postcode": "45750", "addr:state": "OH", "addr:street": "Front Street", "amenity": "social_centre", "branch": "1363", "name": "Women of the Moose"}}, "geometry": {"type": "Point", "coordinates": [-81.4535861, 39.4119299]}}, {"type": "Feature", "properties": {"osm_type": "node", "osm_id": 13038018274, "tags": {"amenity": "social_centre", "name": "Marine Corps"}}, "geometry": {"type": "Point", "coordinates": [-83.1746661, 42.2537399]}}, {"type": "Feature", "properties": {"osm_type": "node", "osm_id": 13071629218, "tags": {"addr:city": "Seven Hills", "addr:housenumber": "7265", "addr:postcode": "44131", "addr:state": "OH", "addr:street": "Broadview Road", "leisure": "bowling_alley", "name": "Seven Hills Lanes", "sport": "10pin"}}, "geometry": {"type": "Point", "coordinates": [-81.6840269, 41.3681651]}}, {"type": "Feature", "properties": {"osm_type": "node", "osm_id": 13073039801, "tags": {"addr:city": "Avon Lake", "addr:housenumber": "184", "addr:postcode": "44012", "addr:state": "OH", "addr:street": "Miller Road", "leisure": "bowling_alley", "name": "Nautical Bowling Lanes"}}, "geometry": {"type": "Point", "coordinates": [-82.0638137, 41.4967669]}}, {"type": "Feature", "properties": {"osm_type": "node", "osm_id": 13095320342, "tags": {"addr:housenumber": "218", "addr:street": "Veterans Lane", "amenity": "social_centre", "brand": "Veterans of Foreign Wars of the United States", "brand:short": "VFW", "brand:wikidata": "Q3556413", "name": "VFW Comer-Jones Post 621", "name:en": "VFW Post", "official_name": "Veterans of Foreign Wars of the United States", "social_centre:for": "veteran"}}, "geometry": {"type": "Point", "coordinates": [-78.4103415, 38.6764432]}}, {"type": "Feature", "properties": {"osm_type": "node", "osm_id": 13134609032, "tags": {"addr:housenumber": "100", "addr:street": "Haddington Street", "amenity": "social_centre", "brand": "Lions Clubs International", "brand:wikidata": "Q270029", "check_date": "2025-09-10", "name": "Caledonia Lions Community Centre", "phone": "+1-905-765-3222", "website": "https://www.caledonialionsclub.com/"}}, "geometry": {"type": "Point", "coordinates": [-79.9560167, 43.0642556]}}, {"type": "Feature", "properties": {"osm_type": "node", "osm_id": 13155760341, "tags": {"addr:city": "Hamilton", "addr:housenumber": "170", "addr:postcode": "L8H 5X2", "addr:province": "Ontario", "addr:street": "Parkdale Avenue North", "amenity": "social_centre", "contact:email": "hamilton@unfcanada.ca", "name": "Ukrainian National Federation Of Hamilton Ltd", "parking": "surface", "phone": "+1-905-544-5664", "web": "https://unfcanada.ca/branches/hamilton/"}}, "geometry": {"type": "Point", "coordinates": [-79.7898133, 43.2410593]}}, {"type": "Feature", "properties": {"osm_type": "node", "osm_id": 13173831006, "tags": {"addr:city": "Bridgeville", "addr:housenumber": "143", "addr:postcode": "15017", "addr:state": "PA", "addr:street": "Carol Avenue", "leisure": "bowling_alley", "name": "Sports Haven Bowl"}}, "geometry": {"type": "Point", "coordinates": [-80.1095513, 40.3607595]}}, {"type": "Feature", "properties": {"osm_type": "node", "osm_id": 13207957637, "tags": {"amenity": "social_centre", "name": "Coalport Loyal Order of Moose"}}, "geometry": {"type": "Point", "coordinates": [-78.5346525, 40.7472834]}}, {"type": "Feature", "properties": {"osm_type": "node", "osm_id": 13246474466, "tags": {"amenity": "social_centre", "name": "Junior League of Lynchburg"}}, "geometry": {"type": "Point", "coordinates": [-79.141528, 37.4122835]}}, {"type": "Feature", "properties": {"osm_type": "node", "osm_id": 13280123801, "tags": {"addr:city": "Horseheads", "addr:housenumber": "6", "addr:postcode": "14845", "addr:state": "NY", "addr:street": "Prospect Hill Road", "amenity": "social_centre", "branch": "Horseheads", "brand": "Benevolent and Protective Order of Elks", "brand:short": "BPOE", "brand:wikidata": "Q2895789", "email": "jaderanger122016@gmail.com", "name": "Elks Lodge", "official_name": "Benevolent and Protective Order of Elks", "phone": "+1-607-739-9931", "website": "https://www.elks.org/lodges/ContactUs.cfm?LodgeNumber=2297"}}, "geometry": {"type": "Point", "coordinates": [-76.8526668, 42.1805408]}}, {"type": "Feature", "properties": {"osm_type": "node", "osm_id": 13308301301, "tags": {"addr:city": "Philipsburg", "addr:housenumber": "1", "addr:postcode": "16866", "addr:state": "PA", "addr:street": "West Spruce Street", "amenity": "social_centre", "brand": "Veterans of Foreign Wars of the United States", "brand:short": "VFW", "brand:wikidata": "Q3556413", "name": "VFW Post 3450 Louis Jenkins", "name:en": "VFW Post", "official_name": "Veterans of Foreign Wars of the United States", "phone": "+1 814-342-3601", "social_centre:for": "veteran"}}, "geometry": {"type": "Point", "coordinates": [-78.2245399, 40.8979941]}}, {"type": "Feature", "properties": {"osm_type": "node", "osm_id": 13310498319, "tags": {"leisure": "bowling_alley", "name": "Pins Mechanical Co."}}, "geometry": {"type": "Point", "coordinates": [-84.1845054, 39.7633822]}}, {"type": "Feature", "properties": {"osm_type": "node", "osm_id": 13317979068, "tags": {"amenity": "social_centre", "brand": "Loyal Order of Moose", "brand:wikidata": "Q6908585", "name": "Moose Lodge 1352", "official_name": "Loyal Order of Moose"}}, "geometry": {"type": "Point", "coordinates": [-85.2129727, 40.3770527]}}, {"type": "Feature", "properties": {"osm_type": "node", "osm_id": 13322548093, "tags": {"leisure": "bowling_alley", "name": "Fireside Lanes", "phone": "+1 276-964-5408"}}, "geometry": {"type": "Point", "coordinates": [-81.7565052, 37.0598193]}}, {"type": "Feature", "properties": {"osm_type": "node", "osm_id": 13370370539, "tags": {"amenity": "social_centre", "brand": "Fraternal Order of Police", "brand:short": "FOP", "brand:wikidata": "Q1451416", "name": "Fraternal Order of Police"}}, "geometry": {"type": "Point", "coordinates": [-85.4648908, 40.8807491]}}, {"type": "Feature", "properties": {"osm_type": "node", "osm_id": 13370445289, "tags": {"amenity": "social_centre", "brand": "American Legion", "brand:wikidata": "Q468865", "name": "American Legion Donald E Converse Post #85", "social_centre:for": "veteran"}}, "geometry": {"type": "Point", "coordinates": [-85.4819632, 40.8690539]}}, {"type": "Feature", "properties": {"osm_type": "node", "osm_id": 13370555437, "tags": {"amenity": "social_centre", "brand": "American Legion", "brand:wikidata": "Q468865", "name": "American Legion Post #7", "social_centre:for": "veteran"}}, "geometry": {"type": "Point", "coordinates": [-85.501933, 40.8687193]}}, {"type": "Feature", "properties": {"osm_type": "node", "osm_id": 13372760712, "tags": {"addr:city": "Gaithersburg", "addr:housenumber": "15720", "addr:postcode": "20877", "addr:state": "MD", "addr:street": "Shady Grove Road", "branch": "Rockville", "leisure": "bowling_alley", "name": "Lucky Strike Rockville", "sport": "10pin", "website": "https://www.luckystrikeent.com/location/lucky-strike-rockville"}}, "geometry": {"type": "Point", "coordinates": [-77.1878831, 39.1144565]}}, {"type": "Feature", "properties": {"osm_type": "node", "osm_id": 13380005441, "tags": {"addr:city": "Washington", "addr:housenumber": "1310", "addr:state": "DC", "addr:street": "McChord Street Southwest", "leisure": "bowling_alley", "name": "Potomac Lanes Bowling Center", "operator": "Joint Base Anacostia-Bolling", "sport": "10pin", "website": "https://jbabfss.com/potomac-lanes-bowling-center/"}}, "geometry": {"type": "Point", "coordinates": [-77.0148629, 38.8403908]}}, {"type": "Feature", "properties": {"osm_type": "node", "osm_id": 13388926992, "tags": {"amenity": "social_centre", "brand": "Lions Clubs International", "brand:wikidata": "Q270029", "name": "Matthews Lions Club"}}, "geometry": {"type": "Point", "coordinates": [-85.5022199, 40.3857798]}}, {"type": "Feature", "properties": {"osm_type": "node", "osm_id": 13393936953, "tags": {"amenity": "community_centre", "club": "social", "community_centre": "club_home", "name": "Ivy Support Center", "operator": "Alpha Kappa Alpha Sorority, Epsilon Omega chapter", "operator:type": "private_non_profit"}}, "geometry": {"type": "Point", "coordinates": [-76.6743907, 39.3342395]}}, {"type": "Feature", "properties": {"osm_type": "node", "osm_id": 13395512917, "tags": {"leisure": "bowling_alley", "name": "Liberty Lanes"}}, "geometry": {"type": "Point", "coordinates": [-80.3804398, 41.4182094]}}, {"type": "Feature", "properties": {"osm_type": "node", "osm_id": 13398576973, "tags": {"addr:city": "St. Catharines", "addr:housenumber": "221", "addr:postcode": "L2T 2K9", "addr:street": "Glendale Avenue", "leisure": "bowling_alley", "level": "2", "name": "Kingpin St. Catharines", "opening_hours": "Mo-Th 12:00-22:00; Fr 12:00-24:00; Sa 10:00-24:00; Su 10:00-22:00", "phone": "+1-289-438-1300", "website": "https://www.kingpinstcatharines.com"}}, "geometry": {"type": "Point", "coordinates": [-79.224035, 43.1366179]}}, {"type": "Feature", "properties": {"osm_type": "node", "osm_id": 13406547219, "tags": {"amenity": "social_centre", "brand": "Veterans of Foreign Wars of the United States", "brand:short": "VFW", "brand:wikidata": "Q3556413", "check_date": "2025-12-25", "name": "VFW Post", "name:en": "VFW Post", "official_name": "Veterans of Foreign Wars of the United States", "social_centre:for": "veteran"}}, "geometry": {"type": "Point", "coordinates": [-77.5037397, 37.7120261]}}, {"type": "Feature", "properties": {"osm_type": "node", "osm_id": 13410046504, "tags": {"addr:city": "Harrisburg", "addr:housenumber": "4002", "addr:postcode": "17109", "addr:state": "PA", "addr:street": "Fenton Avenue", "amenity": "social_centre", "brand": "Veterans of Foreign Wars of the United States", "brand:short": "VFW", "brand:wikidata": "Q3556413", "name": "PA HQ Veterans of Foreign Wars", "name:en": "PA HQ Veterans of Foreign Wars", "official_name": "Veterans of Foreign Wars of the United States", "social_centre:for": "veteran"}}, "geometry": {"type": "Point", "coordinates": [-76.8184172, 40.2737081]}}, {"type": "Feature", "properties": {"osm_type": "node", "osm_id": 13410967316, "tags": {"addr:city": "Herndon", "addr:housenumber": "46940", "addr:state": "VA", "addr:street": "Woodson Drive", "leisure": "bowling_alley", "name": "Lucky Strike Sterling", "phone": "+1-571-325-3067", "sport": "10pin", "website": "https://www.luckystrikeent.com/location/lucky-strike-sterling"}}, "geometry": {"type": "Point", "coordinates": [-77.3753196, 39.010733]}}, {"type": "Feature", "properties": {"osm_type": "node", "osm_id": 13414575663, "tags": {"addr:city": "Waynesboro", "addr:housenumber": "1600", "addr:postcode": "22980", "addr:state": "VA", "addr:street": "West Main Street", "amenity": "social_centre", "name": "Lee Lodge No. 209 A.F. & A.M.", "phone": "+1-540-942-1400", "website": "https://grandlodgeofvirginia.org/"}}, "geometry": {"type": "Point", "coordinates": [-78.9040233, 38.0730858]}}, {"type": "Feature", "properties": {"osm_type": "node", "osm_id": 13417142886, "tags": {"addr:city": "Warrenton", "addr:state": "VA", "leisure": "bowling_alley", "name": "Galaxy Strikes Bowling Center", "sport": "10pin", "website": "https://galaxystrikes.com/"}}, "geometry": {"type": "Point", "coordinates": [-77.8010212, 38.7296522]}}, {"type": "Feature", "properties": {"osm_type": "node", "osm_id": 13429663902, "tags": {"addr:housenumber": "919", "addr:street": "North Kansas Street", "alt_name": "American Legion Post 85", "amenity": "social_centre", "brand": "American Legion", "brand:wikidata": "Q468865", "check_date": "2026-01-03", "name": "American Legion - General Billy Mitchell Post 85", "social_centre:for": "veteran", "website": "https://gbmpost85.tripod.com"}}, "geometry": {"type": "Point", "coordinates": [-77.1009985, 38.8836182]}}, {"type": "Feature", "properties": {"osm_type": "node", "osm_id": 13432525885, "tags": {"amenity": "social_centre", "brand": "United Food and Commercial Workers International Union", "fax": "+1-410-837-0895", "name": "UFCW Local No. 392", "operator": "United Food and Commercial Workers", "operator:type": "association", "operator:wikidata": "Q3538166", "phone": "+1-410-837-0848", "website": "https://www.facebook.com/groups/413918874853375/user/61559748424125/"}}, "geometry": {"type": "Point", "coordinates": [-76.5981028, 39.2718367]}}, {"type": "Feature", "properties": {"osm_type": "node", "osm_id": 13436879988, "tags": {"addr:city": "McLean", "addr:state": "VA", "leisure": "bowling_alley", "name": "Lucky Strike Tysons Corner", "sport": "10pin", "website": "https://www.luckystrikeent.com/location/lucky-strike-tysons-corner"}}, "geometry": {"type": "Point", "coordinates": [-77.224786, 38.9243203]}}, {"type": "Feature", "properties": {"osm_type": "node", "osm_id": 13533365373, "tags": {"amenity": "social_centre", "name": "Wiley Ford Fire Co. Social Hall"}}, "geometry": {"type": "Point", "coordinates": [-78.7750813, 39.6178306]}}, {"type": "Feature", "properties": {"osm_type": "node", "osm_id": 13534536518, "tags": {"addr:city": "Cumberland", "addr:housenumber": "334", "addr:postcode": "21502", "addr:state": "MD", "addr:street": "Virginia Avenue", "amenity": "social_centre", "name": "Redmen Lodge Sioux Tribe 201"}}, "geometry": {"type": "Point", "coordinates": [-78.7635181, 39.6346856]}}, {"type": "Feature", "properties": {"osm_type": "node", "osm_id": 13534536554, "tags": {"amenity": "social_centre", "contact:facebook": "https://www.facebook.com/p/The-Goodfellowship-Social-Club-61557337084474/", "name": "Good Fellowship Club", "phone": "+13017243066"}}, "geometry": {"type": "Point", "coordinates": [-78.7630172, 39.6358874]}}, {"type": "Feature", "properties": {"osm_type": "node", "osm_id": 13534536558, "tags": {"contact:facebook": "https://www.facebook.com/p/Diamond-Bowling-Lanes-61553877067102/", "leisure": "bowling_alley", "name": "Diamond Bowling Lanes"}}, "geometry": {"type": "Point", "coordinates": [-78.7628963, 39.6356868]}}, {"type": "Feature", "properties": {"osm_type": "node", "osm_id": 13534912688, "tags": {"addr:city": "Cumberland", "addr:housenumber": "31", "addr:postcode": "21502", "addr:state": "MD", "addr:street": "Thomas Street", "amenity": "social_centre", "name": "Cumberland Outdoor Club", "phone": "+13017779688", "website": "http://www.cumberlandoutdoorclub.com/"}}, "geometry": {"type": "Point", "coordinates": [-78.7644152, 39.6414359]}}, {"type": "Feature", "properties": {"osm_type": "node", "osm_id": 13537576240, "tags": {"leisure": "bowling_alley", "name": "White Oak Lanes", "phone": "+13017246262", "website": "https://wolanes.com/"}}, "geometry": {"type": "Point", "coordinates": [-78.742816, 39.6300805]}}, {"type": "Feature", "properties": {"osm_type": "node", "osm_id": 13539367286, "tags": {"amenity": "social_centre", "name": "Teamsters Local 453"}}, "geometry": {"type": "Point", "coordinates": [-78.7706647, 39.6490201]}}, {"type": "Feature", "properties": {"osm_type": "node", "osm_id": 13542341209, "tags": {"amenity": "social_centre", "brand": "American Legion", "brand:wikidata": "Q468865", "community_centre": "social_centre", "name": "Fort Cumberland American Legion", "social_centre:for": "veteran"}}, "geometry": {"type": "Point", "coordinates": [-78.7576513, 39.6509731]}}, {"type": "Feature", "properties": {"osm_type": "node", "osm_id": 13542341210, "tags": {"amenity": "social_centre", "brand": "Veterans of Foreign Wars of the United States", "brand:short": "VFW", "brand:wikidata": "Q3556413", "community_centre": "social_centre", "name": "Henry Hart VFW Post 1411", "name:en": "VFW Post", "official_name": "Veterans of Foreign Wars of the United States", "social_centre:for": "veteran"}}, "geometry": {"type": "Point", "coordinates": [-78.7578312, 39.651362]}}, {"type": "Feature", "properties": {"osm_type": "node", "osm_id": 13546342144, "tags": {"addr:city": "Shinglehouse", "addr:housenumber": "1364", "addr:postcode": "16748", "addr:state": "PA", "addr:street": "SR 44", "amenity": "social_centre", "brand": "American Legion", "brand:wikidata": "Q468865", "name": "American Legion Hall", "operator": "Post 530", "social_centre:for": "veteran", "website": "https://post530.org/american-legion-post-530/"}}, "geometry": {"type": "Point", "coordinates": [-78.1710941, 41.9518633]}}, {"type": "Feature", "properties": {"osm_type": "node", "osm_id": 13556352400, "tags": {"addr:city": "Cumberland", "addr:housenumber": "66", "addr:postcode": "21502", "addr:state": "MD", "addr:street": "North Mechanic Street", "amenity": "social_centre", "brand": "Knights of Columbus", "brand:short": "KofC", "brand:wikidata": "Q1046799", "contact:facebook": "https://www.facebook.com/groups/188563324687677/", "name": "Knights of Columbus Council 586", "phone": "+13017225860"}}, "geometry": {"type": "Point", "coordinates": [-78.763864, 39.6525081]}}, {"type": "Feature", "properties": {"osm_type": "node", "osm_id": 13589454239, "tags": {"addr:city": "Frostburg", "addr:housenumber": "11", "addr:postcode": "21532", "addr:state": "MD", "addr:street": "East Main Street", "amenity": "social_centre", "brand": "Knights of Columbus", "brand:short": "KofC", "brand:wikidata": "Q1046799", "contact:facebook": "https://www.facebook.com/p/Knights-of-Columbus-Frostburg-Council-1442-100064291855410/", "name": "Knights of Columbus Council 1442"}}, "geometry": {"type": "Point", "coordinates": [-78.9280501, 39.6571007]}}, {"type": "Feature", "properties": {"osm_type": "node", "osm_id": 13593439667, "tags": {"addr:city": "Erie", "addr:housenumber": "4109", "addr:postcode": "16505", "addr:state": "PA", "addr:street": "West 12th Street", "amenity": "social_centre", "brand": "American Legion", "brand:wikidata": "Q468865", "name": "American Legion", "social_centre:for": "veteran"}}, "geometry": {"type": "Point", "coordinates": [-80.1751539, 42.088504]}}, {"type": "Feature", "properties": {"osm_type": "node", "osm_id": 13599421663, "tags": {"addr:city": "Carlisle", "addr:housenumber": "142", "addr:state": "PA", "addr:street": "North Hanover Street", "amenity": "social_centre", "brand": "American Legion", "brand:wikidata": "Q468865", "check_date": "2026-02-24", "contact:facebook": "https://www.facebook.com/101Auxiliary/", "name": "American Legion Hall", "phone": "+1 717-243-3712", "social_centre:for": "veteran"}}, "geometry": {"type": "Point", "coordinates": [-77.188903, 40.2040046]}}, {"type": "Feature", "properties": {"osm_type": "node", "osm_id": 13604443597, "tags": {"leisure": "bowling_alley", "level:ref": "Lower", "operator": "Wyoming Civic Center", "sport": "candlepin"}}, "geometry": {"type": "Point", "coordinates": [-84.4720901, 39.2261448]}}, {"type": "Feature", "properties": {"osm_type": "node", "osm_id": 13618236132, "tags": {"addr:city": "Waterford", "addr:housenumber": "120", "addr:postcode": "16441", "addr:state": "PA", "addr:street": "West 4th Street", "amenity": "social_centre", "brand": "American Legion", "brand:wikidata": "Q468865", "name": "American Legion - Waterford", "social_centre:for": "veteran"}}, "geometry": {"type": "Point", "coordinates": [-79.9872022, 41.9429043]}}, {"type": "Feature", "properties": {"osm_type": "node", "osm_id": 13625625487, "tags": {"addr:city": "Centre Hall", "addr:housenumber": "2903", "addr:postcode": "16828", "addr:state": "PA", "addr:street": "Penns Valley Pike", "amenity": "social_centre", "brand": "Veterans of Foreign Wars of the United States", "brand:short": "VFW", "brand:wikidata": "Q3556413", "name": "VFW Post 9575 Smith-Sweetwood", "name:en": "VFW Post", "official_name": "Veterans of Foreign Wars of the United States", "phone": "+1 814-531-4424", "social_centre": "veteran", "social_centre:for": "veteran"}}, "geometry": {"type": "Point", "coordinates": [-77.672329, 40.8354042]}}, {"type": "Feature", "properties": {"osm_type": "node", "osm_id": 13645148160, "tags": {"amenity": "social_centre", "brand": "Veterans of Foreign Wars of the United States", "brand:short": "VFW", "brand:wikidata": "Q3556413", "name": "VFW Post", "name:en": "VFW Post", "official_name": "Veterans of Foreign Wars of the United States", "social_centre:for": "veteran"}}, "geometry": {"type": "Point", "coordinates": [-80.117225, 39.4817305]}}, {"type": "Feature", "properties": {"osm_type": "node", "osm_id": 13669404291, "tags": {"amenity": "social_centre", "name": "Canaan Masonic Lodge 581"}}, "geometry": {"type": "Point", "coordinates": [-85.2972598, 38.8670319]}}, {"type": "Feature", "properties": {"osm_type": "node", "osm_id": 13670014821, "tags": {"addr:city": "Bellefonte", "addr:housenumber": "121", "addr:postcode": "16823", "addr:state": "PA", "addr:street": "East Howard Street", "amenity": "social_centre", "brand": "American Legion", "brand:wikidata": "Q468865", "check_date": "2026-03-22", "contact:facebook": "https://www.facebook.com/61583639723179/", "name": "American Legion", "phone": "+1 814-355-2212", "social_centre:for": "veteran"}}, "geometry": {"type": "Point", "coordinates": [-77.7775934, 40.9136346]}}, {"type": "Feature", "properties": {"osm_type": "node", "osm_id": 13703867773, "tags": {"amenity": "social_centre", "brand": "Veterans of Foreign Wars of the United States", "brand:short": "VFW", "brand:wikidata": "Q3556413", "name": "VFW Post 8495", "name:en": "VFW Post", "official_name": "Veterans of Foreign Wars of the United States", "social_centre:for": "veteran"}}, "geometry": {"type": "Point", "coordinates": [-77.4233905, 43.0963258]}}, {"type": "Feature", "properties": {"osm_type": "node", "osm_id": 13736555208, "tags": {"addr:county": "Albemarle County", "addr:housenumber": "1610", "addr:state": "VA", "addr:street": "Scottsville Road", "amenity": "social_centre", "brand": "Kappa Sigma", "name": "Kappa Sigma International Headquarters", "website": "https://www.kappasigma.org/endowment-fund/headquarters-information"}}, "geometry": {"type": "Point", "coordinates": [-78.4972183, 37.9917897]}}, {"type": "Feature", "properties": {"osm_type": "node", "osm_id": 13756947498, "tags": {"amenity": "social_centre", "brand": "Veterans of Foreign Wars of the United States", "brand:short": "VFW", "brand:wikidata": "Q3556413", "name": "VFW Post 1213", "name:en": "VFW Post", "official_name": "Veterans of Foreign Wars of the United States", "social_centre:for": "veteran"}}, "geometry": {"type": "Point", "coordinates": [-76.7734652, 40.2701079]}}, {"type": "Feature", "properties": {"osm_type": "node", "osm_id": 13757781660, "tags": {"amenity": "social_centre", "brand": "American Legion", "brand:wikidata": "Q468865", "name": "American Legion Hall", "social_centre:for": "veteran"}}, "geometry": {"type": "Point", "coordinates": [-85.7045725, 41.6817081]}}, {"type": "Feature", "properties": {"osm_type": "node", "osm_id": 13792437471, "tags": {"check_date": "2026-05-02", "leisure": "bowling_alley", "name": "Lakeview Lanes"}}, "geometry": {"type": "Point", "coordinates": [-86.2055549, 42.6431493]}}, {"type": "Feature", "properties": {"osm_type": "node", "osm_id": 13792593643, "tags": {"amenity": "social_centre", "check_date": "2026-05-01", "name": "Saugatuck Masonic Lodge"}}, "geometry": {"type": "Point", "coordinates": [-86.2033488, 42.6559112]}}, {"type": "Feature", "properties": {"osm_type": "node", "osm_id": 13806684445, "tags": {"amenity": "social_centre", "brand": "American Legion", "brand:wikidata": "Q468865", "name": "American Legion Hall 707", "social_centre:for": "veteran"}}, "geometry": {"type": "Point", "coordinates": [-84.3052838, 39.8766806]}}, {"type": "Feature", "properties": {"osm_type": "node", "osm_id": 13809634109, "tags": {"amenity": "social_centre", "brand": "American Legion", "brand:wikidata": "Q468865", "name": "American Legion Hall 192", "social_centre:for": "veteran"}}, "geometry": {"type": "Point", "coordinates": [-77.9853662, 41.7725935]}}, {"type": "Feature", "properties": {"osm_type": "node", "osm_id": 13809698428, "tags": {"amenity": "social_centre", "brand": "American Legion", "brand:wikidata": "Q468865", "name": "American Legion Hall 814", "social_centre:for": "veteran"}}, "geometry": {"type": "Point", "coordinates": [-78.3403152, 42.0379153]}}, {"type": "Feature", "properties": {"osm_type": "node", "osm_id": 13809698455, "tags": {"amenity": "social_centre", "brand": "American Legion", "brand:wikidata": "Q468865", "name": "American Legion Hall", "social_centre:for": "veteran"}}, "geometry": {"type": "Point", "coordinates": [-78.4262186, 42.0778839]}}, {"type": "Feature", "properties": {"osm_type": "node", "osm_id": 13809720570, "tags": {"amenity": "social_centre", "brand": "American Legion", "brand:wikidata": "Q468865", "name": "American Legion Hall 659", "social_centre:for": "veteran"}}, "geometry": {"type": "Point", "coordinates": [-78.673773, 42.2822394]}}, {"type": "Feature", "properties": {"osm_type": "node", "osm_id": 13809720620, "tags": {"amenity": "social_centre", "brand": "American Legion", "brand:wikidata": "Q468865", "name": "American Legion Hall 181", "social_centre:for": "veteran"}}, "geometry": {"type": "Point", "coordinates": [-78.9801823, 42.1638098]}}, {"type": "Feature", "properties": {"osm_type": "node", "osm_id": 13809720626, "tags": {"amenity": "social_centre", "brand": "American Legion", "brand:wikidata": "Q468865", "name": "American Legion Hall 1593", "social_centre:for": "veteran"}}, "geometry": {"type": "Point", "coordinates": [-79.0477381, 42.3576426]}}, {"type": "Feature", "properties": {"osm_type": "node", "osm_id": 13809720708, "tags": {"amenity": "social_centre", "brand": "American Legion", "brand:wikidata": "Q468865", "name": "American Legion Hall 409", "social_centre:for": "veteran"}}, "geometry": {"type": "Point", "coordinates": [-78.9324554, 42.4624228]}}, {"type": "Feature", "properties": {"osm_type": "node", "osm_id": 13809720725, "tags": {"amenity": "social_centre", "brand": "American Legion", "brand:wikidata": "Q468865", "name": "American Legion Hall 1280", "social_centre:for": "veteran"}}, "geometry": {"type": "Point", "coordinates": [-79.3189524, 42.3387091]}}, {"type": "Feature", "properties": {"osm_type": "node", "osm_id": 13809720726, "tags": {"amenity": "social_centre", "brand": "American Legion", "brand:wikidata": "Q468865", "name": "American Legion Hall 149", "social_centre:for": "veteran"}}, "geometry": {"type": "Point", "coordinates": [-79.2558889, 42.1168964]}}, {"type": "Feature", "properties": {"osm_type": "node", "osm_id": 13845820129, "tags": {"amenity": "social_centre", "brand": "Loyal Order of Moose", "brand:wikidata": "Q6908585", "name": "Lowell Moose Lodge #809", "official_name": "Loyal Order of Moose"}}, "geometry": {"type": "Point", "coordinates": [-85.3230323, 42.9363381]}}, {"type": "Feature", "properties": {"osm_type": "node", "osm_id": 13885899088, "tags": {"amenity": "social_centre", "brand": "Veterans of Foreign Wars of the United States", "brand:short": "VFW", "brand:wikidata": "Q3556413", "name": "VFW Post", "name:en": "VFW Post", "official_name": "Veterans of Foreign Wars of the United States", "social_centre:for": "veteran"}}, "geometry": {"type": "Point", "coordinates": [-78.5478808, 40.5603065]}}, {"type": "Feature", "properties": {"osm_type": "node", "osm_id": 13889980762, "tags": {"amenity": "social_centre", "brand": "Veterans of Foreign Wars of the United States", "brand:short": "VFW", "brand:wikidata": "Q3556413", "name": "VFW Post 6391", "name:en": "VFW Post", "official_name": "Veterans of Foreign Wars of the United States", "social_centre:for": "veteran"}}, "geometry": {"type": "Point", "coordinates": [-78.274996, 41.8000752]}}, {"type": "Feature", "properties": {"osm_type": "node", "osm_id": 13894863639, "tags": {"amenity": "social_centre", "brand": "American Legion", "brand:wikidata": "Q468865", "name": "American Legion Hall", "social_centre:for": "veteran"}}, "geometry": {"type": "Point", "coordinates": [-76.6894484, 42.8463689]}}, {"type": "Feature", "properties": {"osm_type": "node", "osm_id": 13895899435, "tags": {"amenity": "social_centre", "brand": "Veterans of Foreign Wars of the United States", "brand:short": "VFW", "brand:wikidata": "Q3556413", "name": "VFW Post 4811", "name:en": "VFW Post", "official_name": "Veterans of Foreign Wars of the United States", "social_centre:for": "veteran"}}, "geometry": {"type": "Point", "coordinates": [-80.7069427, 40.1588295]}}, {"type": "Feature", "properties": {"osm_type": "node", "osm_id": 13898698353, "tags": {"addr:city": "Sheffield Lake", "addr:housenumber": "577", "addr:postcode": "44054", "addr:state": "OH", "addr:street": "Harris Road", "amenity": "social_centre", "brand": "Veterans of Foreign Wars of the United States", "brand:short": "VFW", "brand:wikidata": "Q3556413", "name": "VFW Post 8686", "name:en": "VFW Post", "official_name": "Veterans of Foreign Wars of the United States", "social_centre:for": "veteran"}}, "geometry": {"type": "Point", "coordinates": [-82.0938231, 41.4903369]}}, {"type": "Feature", "properties": {"osm_type": "node", "osm_id": 13903000277, "tags": {"amenity": "social_centre", "brand": "American Legion", "brand:wikidata": "Q468865", "name": "American Legion Hall", "social_centre:for": "veteran"}}, "geometry": {"type": "Point", "coordinates": [-80.8366414, 40.6230019]}}, {"type": "Feature", "properties": {"osm_type": "node", "osm_id": 13903006092, "tags": {"amenity": "social_centre", "brand": "American Legion", "brand:wikidata": "Q468865", "name": "American Legion Hall", "social_centre:for": "veteran"}}, "geometry": {"type": "Point", "coordinates": [-80.1969431, 40.323496]}}, {"type": "Feature", "properties": {"osm_type": "node", "osm_id": 13903015114, "tags": {"amenity": "social_centre", "brand": "American Legion", "brand:wikidata": "Q468865", "name": "American Legion Hall", "social_centre:for": "veteran"}}, "geometry": {"type": "Point", "coordinates": [-80.9089379, 40.3203592]}}, {"type": "Feature", "properties": {"osm_type": "node", "osm_id": 13903029906, "tags": {"amenity": "social_centre", "brand": "Veterans of Foreign Wars of the United States", "brand:short": "VFW", "brand:wikidata": "Q3556413", "name": "VFW Post", "name:en": "VFW Post", "official_name": "Veterans of Foreign Wars of the United States", "social_centre:for": "veteran"}}, "geometry": {"type": "Point", "coordinates": [-80.2033074, 40.2501764]}}, {"type": "Feature", "properties": {"osm_type": "node", "osm_id": 13903056669, "tags": {"amenity": "social_centre", "brand": "Veterans of Foreign Wars of the United States", "brand:short": "VFW", "brand:wikidata": "Q3556413", "name": "VFW Post 1589", "name:en": "VFW Post", "official_name": "Veterans of Foreign Wars of the United States", "social_centre:for": "veteran"}}, "geometry": {"type": "Point", "coordinates": [-79.8035766, 39.55788]}}, {"type": "Feature", "properties": {"osm_type": "node", "osm_id": 13903073128, "tags": {"amenity": "social_centre", "brand": "Veterans of Foreign Wars of the United States", "brand:short": "VFW", "brand:wikidata": "Q3556413", "name": "VFW Post", "name:en": "VFW Post", "official_name": "Veterans of Foreign Wars of the United States", "social_centre:for": "veteran"}}, "geometry": {"type": "Point", "coordinates": [-79.7555171, 39.3839675]}}, {"type": "Feature", "properties": {"osm_type": "node", "osm_id": 13903123423, "tags": {"amenity": "social_centre", "check_date": "2026-06-01", "name": "Eagles Aerie 2432"}}, "geometry": {"type": "Point", "coordinates": [-78.6411769, 41.9576488]}}, {"type": "Feature", "properties": {"osm_type": "node", "osm_id": 13907181786, "tags": {"addr:city": "Sylvania", "addr:housenumber": "5580", "addr:postcode": "43560", "addr:state": "OH", "addr:street": "Centennial Rd.", "amenity": "social_centre", "brand": "American Legion", "brand:wikidata": "Q468865", "name": "American Legion Post 468", "opening_hours": "Mo-Su 16:00-22:00", "social_centre:for": "veteran"}}, "geometry": {"type": "Point", "coordinates": [-83.7432201, 41.7133813]}}, {"type": "Feature", "properties": {"osm_type": "node", "osm_id": 13909201330, "tags": {"alt_name": "Aeries Lodge", "amenity": "social_centre", "brand": "Fraternal Order of Eagles", "brand:short": "FOE", "brand:wikidata": "Q5493810", "name": "Auto City Eagles", "official_name": "Fraternal Order of Eagles"}}, "geometry": {"type": "Point", "coordinates": [-83.7348847, 43.11625]}}, {"type": "Feature", "properties": {"osm_type": "node", "osm_id": 13929985746, "tags": {"addr:city": "Sterling", "addr:housenumber": "45275", "addr:postcode": "20166", "addr:state": "VA", "addr:street": "Knowledge Drive", "description": "video games; high ropes course; laser tag; rock climbing wall; bumper cars", "leisure": "bowling_alley", "name": "Pinstack", "opening_date": "2026-06-12", "phone": "+1-571-673-2695", "website": "https://pinstackbowl.com/locations/kincora-loudoun-county-virginia/"}}, "geometry": {"type": "Point", "coordinates": [-77.4331561, 39.043957]}}, {"type": "Feature", "properties": {"osm_type": "node", "osm_id": 13950415399, "tags": {"amenity": "social_centre", "name": "El Centro"}}, "geometry": {"type": "Point", "coordinates": [-82.1368715, 41.4453963]}}, {"type": "Feature", "properties": {"osm_type": "node", "osm_id": 13996183938, "tags": {"amenity": "social_centre", "check_date": "2026-06-01", "name": "Eagles Aerie 2432"}}, "geometry": {"type": "Point", "coordinates": [-78.6411769, 41.9576488]}}, {"type": "Feature", "properties": {"osm_type": "node", "osm_id": 14007357358, "tags": {"access": "private", "club": "social", "internet_access": "wlan", "internet_access:fee": "no", "name": "Moose Lodge", "operator": "Loyal Order of Moose"}}, "geometry": {"type": "Point", "coordinates": [-78.1625103, 39.1804817]}}, {"type": "Feature", "properties": {"osm_type": "node", "osm_id": 14011403202, "tags": {"amenity": "social_centre", "check_date": "2026-06-01", "name": "Eagles Aerie 2432"}}, "geometry": {"type": "Point", "coordinates": [-78.6411769, 41.9576488]}}, {"type": "Feature", "properties": {"osm_type": "node", "osm_id": 14015190667, "tags": {"amenity": "social_centre", "check_date": "2026-06-01", "name": "Eagles Aerie 2432"}}, "geometry": {"type": "Point", "coordinates": [-78.6411769, 41.9576488]}}, {"type": "Feature", "properties": {"osm_type": "node", "osm_id": 14018933077, "tags": {"amenity": "social_centre", "check_date": "2026-06-01", "name": "Eagles Aerie 2432"}}, "geometry": {"type": "Point", "coordinates": [-78.6411769, 41.9576488]}}, {"type": "Feature", "properties": {"osm_type": "node", "osm_id": 14022746270, "tags": {"amenity": "social_centre", "check_date": "2026-06-01", "name": "Eagles Aerie 2432"}}, "geometry": {"type": "Point", "coordinates": [-78.6411769, 41.9576488]}}, {"type": "Feature", "properties": {"osm_type": "node", "osm_id": 14023566253, "tags": {"amenity": "social_centre", "check_date": "2026-06-01", "name": "Eagles Aerie 2432"}}, "geometry": {"type": "Point", "coordinates": [-78.6411769, 41.9576488]}}, {"type": "Feature", "properties": {"osm_type": "node", "osm_id": 14025216965, "tags": {"amenity": "social_centre", "check_date": "2026-06-01", "name": "Eagles Aerie 2432"}}, "geometry": {"type": "Point", "coordinates": [-78.6411769, 41.9576488]}}, {"type": "Feature", "properties": {"osm_type": "node", "osm_id": 14027322633, "tags": {"addr:city": "Mineral", "addr:housenumber": "201", "addr:postcode": "23117", "addr:state": "VA", "addr:street": "Mineral Avenue", "air_conditioning": "yes", "amenity": "social_centre", "brand": "Veterans of Foreign Wars", "contact:facebook": "https://www.facebook.com/people/Veterans-of-Foreign-Wars-Post-8947/100085847866660/", "name": "Veterans of Foreign Wars Post 8947"}}, "geometry": {"type": "Point", "coordinates": [-77.9090354, 38.0105971]}}, {"type": "Feature", "properties": {"osm_type": "node", "osm_id": 1709269801, "tags": {"amenity": "social_centre", "brand": "Veterans of Foreign Wars of the United States", "brand:wikidata": "Q3556413", "name": "VFW Post", "name:en": "VFW Post", "official_name": "Veterans of Foreign Wars of the United States", "short_name": "VFW", "social_centre:for": "veteran", "wifi": "no"}}, "geometry": {"type": "Point", "coordinates": [-97.7507793, 45.7916123]}}, {"type": "Feature", "properties": {"osm_type": "node", "osm_id": 3817816670, "tags": {"addr:city": "Brookings", "addr:housenumber": "722", "addr:postcode": "57006", "addr:state": "SD", "addr:street": "Western Avenue", "leisure": "bowling_alley", "name": "Prairie Lanes"}}, "geometry": {"type": "Point", "coordinates": [-96.8080664, 44.3139623]}}, {"type": "Feature", "properties": {"osm_type": "node", "osm_id": 4525397340, "tags": {"leisure": "bowling_alley", "name": "JG Lanes"}}, "geometry": {"type": "Point", "coordinates": [-96.2596377, 47.2603161]}}, {"type": "Feature", "properties": {"osm_type": "node", "osm_id": 4638980990, "tags": {"check_date": "2026-04-04", "leisure": "bowling_alley", "name": "Top Hat Lanes"}}, "geometry": {"type": "Point", "coordinates": [-96.6437739, 45.2186637]}}, {"type": "Feature", "properties": {"osm_type": "node", "osm_id": 6441588750, "tags": {"amenity": "social_centre", "brand": "Veterans of Foreign Wars of the United States", "brand:wikidata": "Q3556413", "name": "VFW Post", "name:en": "VFW Post", "official_name": "Veterans of Foreign Wars of the United States", "short_name": "VFW", "social_centre:for": "veteran"}}, "geometry": {"type": "Point", "coordinates": [-97.0250093, 47.9293911]}}, {"type": "Feature", "properties": {"osm_type": "node", "osm_id": 6486517499, "tags": {"leisure": "bowling_alley", "name": "Don's Alleys"}}, "geometry": {"type": "Point", "coordinates": [-96.4307831, 45.57058]}}, {"type": "Feature", "properties": {"osm_type": "node", "osm_id": 6499058688, "tags": {"leisure": "bowling_alley", "name": "Hawley Lanes"}}, "geometry": {"type": "Point", "coordinates": [-96.3158209, 46.8811512]}}, {"type": "Feature", "properties": {"osm_type": "node", "osm_id": 6574945405, "tags": {"amenity": "social_centre", "brand": "American Legion", "brand:wikidata": "Q468865", "name": "American Legion Hall", "social_centre:for": "veterans"}}, "geometry": {"type": "Point", "coordinates": [-96.1813498, 48.7015135]}}, {"type": "Feature", "properties": {"osm_type": "node", "osm_id": 6727673873, "tags": {"amenity": "social_centre", "brand": "American Legion", "brand:wikidata": "Q468865", "name": "American Legion Hall", "social_centre:for": "veterans"}}, "geometry": {"type": "Point", "coordinates": [-104.713412, 47.1047556]}}, {"type": "Feature", "properties": {"osm_type": "node", "osm_id": 6820786079, "tags": {"amenity": "social_centre", "brand": "American Legion", "brand:wikidata": "Q468865", "name": "American Legion Hall", "social_centre:for": "veterans"}}, "geometry": {"type": "Point", "coordinates": [-96.8734873, 48.4533167]}}, {"type": "Feature", "properties": {"osm_type": "node", "osm_id": 6974555855, "tags": {"leisure": "bowling_alley", "name": "The Strike Zone"}}, "geometry": {"type": "Point", "coordinates": [-103.6250993, 48.1618783]}}, {"type": "Feature", "properties": {"osm_type": "node", "osm_id": 9279469066, "tags": {"amenity": "social_centre", "name": "Abate of North Dakota"}}, "geometry": {"type": "Point", "coordinates": [-100.7571812, 46.7940651]}}, {"type": "Feature", "properties": {"osm_type": "node", "osm_id": 9288952610, "tags": {"amenity": "social_centre", "brand": "Veterans of Foreign Wars of the United States", "brand:wikidata": "Q3556413", "name": "VFW Post", "name:en": "VFW Post", "official_name": "Veterans of Foreign Wars of the United States", "short_name": "VFW", "social_centre:for": "veteran"}}, "geometry": {"type": "Point", "coordinates": [-100.773084, 46.7909246]}}, {"type": "Feature", "properties": {"osm_type": "node", "osm_id": 9288954477, "tags": {"amenity": "social_centre", "brand": "Veterans of Foreign Wars of the United States", "brand:wikidata": "Q3556413", "name": "VFW Post", "name:en": "VFW Post", "official_name": "Veterans of Foreign Wars of the United States", "short_name": "VFW", "social_centre:for": "veterans"}}, "geometry": {"type": "Point", "coordinates": [-103.5967037, 43.7674152]}}, {"type": "Feature", "properties": {"osm_type": "node", "osm_id": 9353315036, "tags": {"amenity": "social_centre", "brand": "Veterans of Foreign Wars of the United States", "brand:short": "VFW", "brand:wikidata": "Q3556413", "name": "VFW Post", "name:en": "VFW Post", "official_name": "Veterans of Foreign Wars of the United States", "ref": "7564", "restaurant": "yes", "short_name": "VFW", "social_centre:for": "veteran"}}, "geometry": {"type": "Point", "coordinates": [-96.904293, 46.8725058]}}, {"type": "Feature", "properties": {"osm_type": "node", "osm_id": 9398685632, "tags": {"amenity": "social_centre", "brand": "Loyal Order of Moose", "brand:wikidata": "Q6908585", "name": "Moose Lodge", "official_name": "Loyal Order of Moose"}}, "geometry": {"type": "Point", "coordinates": [-104.7107271, 47.1076485]}}, {"type": "Feature", "properties": {"osm_type": "node", "osm_id": 11100235554, "tags": {"amenity": "social_centre", "name": "Memorial Hall New England"}}, "geometry": {"type": "Point", "coordinates": [-102.8676554, 46.5408331]}}, {"type": "Feature", "properties": {"osm_type": "node", "osm_id": 11983704449, "tags": {"check_date": "2024-05-17", "leisure": "bowling_alley", "name": "Paragon Bowl", "payment:cash": "yes", "payment:credit_cards": "yes", "payment:debit_cards": "yes"}}, "geometry": {"type": "Point", "coordinates": [-102.8025783, 46.8787968]}}, {"type": "Feature", "properties": {"osm_type": "node", "osm_id": 12137725998, "tags": {"amenity": "social_centre", "brand": "American Legion", "brand:wikidata": "Q468865", "name": "American Legion Hall", "social_centre:for": "veteran"}}, "geometry": {"type": "Point", "coordinates": [-97.9994292, 46.9232687]}}, {"type": "Feature", "properties": {"osm_type": "node", "osm_id": 12199546028, "tags": {"amenity": "social_centre", "brand": "American Legion", "brand:wikidata": "Q468865", "name": "James Roberts American Legion Port 124", "social_centre:for": "veteran"}}, "geometry": {"type": "Point", "coordinates": [-100.4452431, 47.4827561]}}, {"type": "Feature", "properties": {"osm_type": "node", "osm_id": 12429993538, "tags": {"amenity": "social_centre", "brand": "American Legion", "brand:wikidata": "Q468865", "name": "American Legion Post 180", "social_centre:for": "veteran"}}, "geometry": {"type": "Point", "coordinates": [-102.3172219, 46.8841723]}}, {"type": "Feature", "properties": {"osm_type": "node", "osm_id": 12834512357, "tags": {"amenity": "social_centre", "brand": "American Legion", "brand:wikidata": "Q468865", "name": "American Legion Hall", "social_centre:for": "veteran"}}, "geometry": {"type": "Point", "coordinates": [-97.1517512, 46.0756899]}}, {"type": "Feature", "properties": {"osm_type": "node", "osm_id": 12942208286, "tags": {"amenity": "social_centre", "brand": "Loyal Order of Moose", "brand:wikidata": "Q6908585", "name": "Mobridge Moose Lodge", "official_name": "Loyal Order of Moose"}}, "geometry": {"type": "Point", "coordinates": [-100.452594, 45.5438207]}}, {"type": "Feature", "properties": {"osm_type": "node", "osm_id": 12944463240, "tags": {"amenity": "social_centre", "brand": "American Legion", "brand:wikidata": "Q468865", "name": "American Legion Hall", "social_centre:for": "veteran"}}, "geometry": {"type": "Point", "coordinates": [-99.7768799, 45.2440797]}}, {"type": "Feature", "properties": {"osm_type": "node", "osm_id": 13182197963, "tags": {"addr:city": "Brookings", "addr:housenumber": "520", "addr:postcode": "57006", "addr:state": "SD", "addr:street": "Main Avenue", "amenity": "social_centre", "brand": "Veterans of Foreign Wars of the United States", "brand:short": "VFW", "brand:wikidata": "Q3556413", "name": "VFW Post", "name:en": "VFW Post", "official_name": "Veterans of Foreign Wars of the United States", "social_centre:for": "veteran"}}, "geometry": {"type": "Point", "coordinates": [-96.7984001, 44.3112072]}}, {"type": "Feature", "properties": {"osm_type": "node", "osm_id": 13711569619, "tags": {"amenity": "social_centre", "brand": "Veterans of Foreign Wars of the United States", "brand:short": "VFW", "brand:wikidata": "Q3556413", "name": "VFW Post", "name:en": "VFW Post", "official_name": "Veterans of Foreign Wars of the United States", "social_centre:for": "veteran"}}, "geometry": {"type": "Point", "coordinates": [-96.6339691, 45.2204426]}}, {"type": "Feature", "properties": {"osm_type": "node", "osm_id": 13979191171, "tags": {"addr:housenumber": "206", "addr:street": "Front Street South", "amenity": "social_centre", "brand": "Veterans of Foreign Wars of the United States", "brand:short": "VFW", "brand:wikidata": "Q3556413", "name": "VFW Post 4628", "official_name": "Veterans of Foreign Wars of the United States", "social_centre:for": "veteran"}}, "geometry": {"type": "Point", "coordinates": [-96.4197891, 46.6521239]}}, {"type": "Feature", "properties": {"osm_type": "node", "osm_id": 13979716659, "tags": {"amenity": "social_centre", "brand": "Royal Canadian Legion", "brand:short": "RCL", "brand:wikidata": "Q3270231", "name": "Royal Canadian Legion Hall", "social_centre:for": "veteran"}}, "geometry": {"type": "Point", "coordinates": [-100.9888129, 49.2711114]}}, {"type": "Feature", "properties": {"osm_type": "node", "osm_id": 1946810147, "tags": {"amenity": "social_centre", "entrance": "main"}}, "geometry": {"type": "Point", "coordinates": [-97.5250897, 35.5003627]}}, {"type": "Feature", "properties": {"osm_type": "node", "osm_id": 2644060477, "tags": {"addr:city": "Waco", "addr:housenumber": "4565", "addr:postcode": "76710", "addr:state": "TX", "addr:street": "West Waco Drive", "brand": "Bowlero", "brand:wikidata": "Q17102967", "leisure": "bowling_alley", "name": "Bowlero", "opening_hours": "Mo,We 14:00-23:00; Tu,Th 11:00-23:00; Fr 14:00-00:00; Sa 11:00-00:00; Su 12:00-23:00", "phone": "+1-254-772-6600", "sport": "10pin", "website": "https://www.bowlero.com/location/bowlero-waco?utm_source=gbp&utm_medium=organic&utm_campaign=yext_listings"}}, "geometry": {"type": "Point", "coordinates": [-97.1760887, 31.5247715]}}, {"type": "Feature", "properties": {"osm_type": "node", "osm_id": 2967661925, "tags": {"amenity": "social_centre", "brand": "Lions Clubs International", "brand:wikidata": "Q270029", "name": "Lions Clubs International"}}, "geometry": {"type": "Point", "coordinates": [-97.5492535, 32.905697]}}, {"type": "Feature", "properties": {"osm_type": "node", "osm_id": 3945134815, "tags": {"addr:city": "Friona", "addr:housenumber": "119", "addr:postcode": "79035", "addr:state": "TX", "addr:street": "West 6th Street", "amenity": "social_centre", "brand": "American Legion", "brand:wikidata": "Q468865", "name": "American Legion Hall", "social_centre:for": "veteran"}}, "geometry": {"type": "Point", "coordinates": [-102.719549, 34.6362914]}}, {"type": "Feature", "properties": {"osm_type": "node", "osm_id": 3952828893, "tags": {"addr:city": "Richardson", "addr:housenumber": "2101", "addr:postcode": "75080", "addr:state": "TX", "addr:street": "North Central Expressway", "leisure": "bowling_alley", "name": "AMF Richardson Lanes", "opening_hours": "Mo 12:00-24:00; Tu-Fr 17:00-24:00; Sa-Su 12:00-01:00; Su 12:00-24:00", "phone": "+1-972-231-2695", "website": "https://www.amf.com/richardsonlanes"}}, "geometry": {"type": "Point", "coordinates": [-96.7164383, 32.9784392]}}, {"type": "Feature", "properties": {"osm_type": "node", "osm_id": 5353573554, "tags": {"addr:housenumber": "3905", "addr:street": "Southeast Main Street", "leisure": "bowling_alley", "name": "Center City Entertainment", "sport": "10pin"}}, "geometry": {"type": "Point", "coordinates": [-104.5082676, 33.3492812]}}, {"type": "Feature", "properties": {"osm_type": "node", "osm_id": 5846444572, "tags": {"leisure": "bowling_alley", "name": "It\u2019z Bowl"}}, "geometry": {"type": "Point", "coordinates": [-97.102938, 32.8365477]}}, {"type": "Feature", "properties": {"osm_type": "node", "osm_id": 6662924116, "tags": {"amenity": "social_centre", "name": "White Settlement Senior Activity and Social Center"}}, "geometry": {"type": "Point", "coordinates": [-97.459422, 32.7590794]}}, {"type": "Feature", "properties": {"osm_type": "node", "osm_id": 6662924117, "tags": {"amenity": "social_centre", "name": "White Settlement Area Chamber of Commerce"}}, "geometry": {"type": "Point", "coordinates": [-97.4592327, 32.7586538]}}, {"type": "Feature", "properties": {"osm_type": "node", "osm_id": 7527893750, "tags": {"addr:city": "Hobbs", "addr:housenumber": "905", "addr:postcode": "88240", "addr:state": "NM", "addr:street": "East Bender Boulevard", "leisure": "bowling_alley", "name": "Bel Aire Bowl"}}, "geometry": {"type": "Point", "coordinates": [-103.1260211, 32.72396]}}, {"type": "Feature", "properties": {"osm_type": "node", "osm_id": 9282234567, "tags": {"addr:city": "Dallas", "addr:housenumber": "9179", "addr:postcode": "75218", "addr:state": "TX", "addr:street": "Garland Road", "amenity": "social_centre", "brand": "Veterans of Foreign Wars of the United States", "brand:wikidata": "Q3556413", "name": "VFW Post 6796", "name:en": "VFW Post 6796", "official_name": "Veterans of Foreign Wars of the United States", "short_name": "VFW", "social_centre:for": "veteran"}}, "geometry": {"type": "Point", "coordinates": [-96.7077493, 32.8304235]}}, {"type": "Feature", "properties": {"osm_type": "node", "osm_id": 9289326739, "tags": {"amenity": "social_centre", "brand": "American Legion", "brand:wikidata": "Q468865", "name": "American Legion Hall", "ref": "16", "social_centre:for": "veterans"}}, "geometry": {"type": "Point", "coordinates": [-96.9314893, 35.3521647]}}, {"type": "Feature", "properties": {"osm_type": "node", "osm_id": 9383821155, "tags": {"leisure": "bowling_alley", "name": "Stadium Lanes"}}, "geometry": {"type": "Point", "coordinates": [-100.4604803, 31.426455]}}, {"type": "Feature", "properties": {"osm_type": "node", "osm_id": 9642294629, "tags": {"amenity": "social_centre", "brand": "Dr. Pepper Floats", "name": "Dr. Pepper Hour", "operator": "Baylor University"}}, "geometry": {"type": "Point", "coordinates": [-97.1211948, 31.5469598]}}, {"type": "Feature", "properties": {"osm_type": "node", "osm_id": 9642294630, "tags": {"air_conditioning": "yes", "leisure": "bowling_alley", "name": "SUB Bowling Alley", "operator": "Baylor University", "payment:credit_cards": "yes", "payment:debit_cards": "yes", "payment:stdent_id": "yes"}}, "geometry": {"type": "Point", "coordinates": [-97.1208737, 31.5469088]}}, {"type": "Feature", "properties": {"osm_type": "node", "osm_id": 10797363039, "tags": {"addr:housenumber": "330", "amenity": "social_centre", "brand": "Independent Order of Odd Fellows", "brand:wikidata": "Q1425508", "name": "Odd Fellows Hall", "official_name": "Independent Order of Odd Fellows", "short_name": "IOOF"}}, "geometry": {"type": "Point", "coordinates": [-97.0785284, 32.9382007]}}, {"type": "Feature", "properties": {"osm_type": "node", "osm_id": 10798167054, "tags": {"addr:city": "Grapevine", "addr:housenumber": "3000", "addr:postcode": "76051", "addr:state": "TX", "addr:street": "Grapevine Mills Pkwy", "addr:unit": "613", "brand": "Round1", "brand:wikidata": "Q11346634", "leisure": "bowling_alley", "name": "Round1", "sport": "10pin"}}, "geometry": {"type": "Point", "coordinates": [-97.0442222, 32.9640564]}}, {"type": "Feature", "properties": {"osm_type": "node", "osm_id": 10876323728, "tags": {"addr:city": "Coppell", "addr:housenumber": "820", "addr:postcode": "75019", "addr:state": "TX", "addr:street": "South Coppell Road", "amenity": "social_centre", "name": "Life Safety Park", "website": "https://www.coppelltx.gov/182/Life-Safety-Park"}}, "geometry": {"type": "Point", "coordinates": [-97.0047152, 32.9506818]}}, {"type": "Feature", "properties": {"osm_type": "node", "osm_id": 11037789043, "tags": {"addr:city": "Amarillo", "addr:housenumber": "9201", "addr:postcode": "79119", "addr:state": "TX", "addr:street": "Cinergy Square", "air_conditioning": "yes", "leisure": "bowling_alley", "name": "Cinergy Bowling", "phone": "+1-806-414-3600", "website": "https://www.cinergy.com/bowling/amarillo"}}, "geometry": {"type": "Point", "coordinates": [-101.9444607, 35.153169]}}, {"type": "Feature", "properties": {"osm_type": "node", "osm_id": 11060765304, "tags": {"amenity": "social_centre", "brand": "American Legion", "brand:wikidata": "Q468865", "name": "American Legion Hall", "social_centre:for": "veteran"}}, "geometry": {"type": "Point", "coordinates": [-103.2355456, 34.4051701]}}, {"type": "Feature", "properties": {"osm_type": "node", "osm_id": 11060766736, "tags": {"amenity": "social_centre", "brand": "AMVETS", "brand:wikidata": "Q2819279", "name": "Amvets Post 14", "social_centre:for": "veteran"}}, "geometry": {"type": "Point", "coordinates": [-103.2297733, 34.4052809]}}, {"type": "Feature", "properties": {"osm_type": "node", "osm_id": 11060771605, "tags": {"amenity": "social_centre", "brand": "Veterans of Foreign Wars of the United States", "brand:wikidata": "Q3556413", "name": "VFW Post", "name:en": "VFW Post", "official_name": "Veterans of Foreign Wars of the United States", "short_name": "VFW", "social_centre:for": "veteran"}}, "geometry": {"type": "Point", "coordinates": [-103.2385013, 34.4032673]}}, {"type": "Feature", "properties": {"osm_type": "node", "osm_id": 11478550707, "tags": {"brand": "Round1", "brand:wikidata": "Q11346634", "leisure": "bowling_alley", "name": "Round1", "sport": "10pin"}}, "geometry": {"type": "Point", "coordinates": [-97.5590193, 35.6127195]}}, {"type": "Feature", "properties": {"osm_type": "node", "osm_id": 11544849059, "tags": {"addr:city": "Temple", "addr:housenumber": "5434", "addr:postcode": "76502", "addr:state": "TX", "addr:street": "205 Loop", "leisure": "bowling_alley", "name": "Spare Time Texas", "phone": "+12543125305"}}, "geometry": {"type": "Point", "coordinates": [-97.3975894, 31.1147358]}}, {"type": "Feature", "properties": {"osm_type": "node", "osm_id": 11822787456, "tags": {"amenity": "social_centre", "brand": "Veterans of Foreign Wars of the United States", "brand:wikidata": "Q3556413", "name": "VFW Post", "name:en": "VFW Post", "official_name": "Veterans of Foreign Wars of the United States", "short_name": "VFW", "social_centre:for": "veteran"}}, "geometry": {"type": "Point", "coordinates": [-98.1565877, 33.2248576]}}, {"type": "Feature", "properties": {"osm_type": "node", "osm_id": 12154588941, "tags": {"amenity": "social_centre", "name": "Clarence Martin Recreation Center"}}, "geometry": {"type": "Point", "coordinates": [-97.3405192, 31.1018875]}}, {"type": "Feature", "properties": {"osm_type": "node", "osm_id": 12209113306, "tags": {"addr:city": "Dallas", "addr:housenumber": "1825", "addr:postcode": "75214", "addr:state": "TX", "addr:street": "Abrams Parkway", "leisure": "bowling_alley", "name": "Bowlski's", "website": "https://www.bowlskisdallas.com/"}}, "geometry": {"type": "Point", "coordinates": [-96.7532167, 32.8120178]}}, {"type": "Feature", "properties": {"osm_type": "node", "osm_id": 12219926470, "tags": {"amenity": "social_centre", "brand": "Veterans of Foreign Wars of the United States", "brand:wikidata": "Q3556413", "name": "Riley Stephen's Memorial Post", "name:en": "VFW Post", "official_name": "Veterans of Foreign Wars of the United States", "short_name": "VFW", "social_centre:for": "veteran"}}, "geometry": {"type": "Point", "coordinates": [-97.8466744, 32.424284]}}, {"type": "Feature", "properties": {"osm_type": "node", "osm_id": 12384932367, "tags": {"addr:city": "Hydro", "addr:housenumber": "114", "addr:postcode": "73048", "addr:state": "OK", "addr:street": "West Main Street", "amenity": "social_centre", "name": "Hydro Masonic Lodge"}}, "geometry": {"type": "Point", "coordinates": [-98.5775612, 35.5493527]}}, {"type": "Feature", "properties": {"osm_type": "node", "osm_id": 12417828670, "tags": {"addr:city": "Stephenville", "addr:housenumber": "164", "addr:state": "TX", "addr:street": "East College Street", "amenity": "social_centre", "name": "Stephenville Senior Citizens Center", "panoramax": "6f857d6f-27fe-4c5e-836d-10fac7347cd6"}}, "geometry": {"type": "Point", "coordinates": [-98.2012809, 32.2201112]}}, {"type": "Feature", "properties": {"osm_type": "node", "osm_id": 12431444933, "tags": {"amenity": "social_centre", "brand": "Veterans of Foreign Wars of the United States", "brand:short": "VFW", "brand:wikidata": "Q3556413", "name": "VFW Post", "name:en": "VFW Post", "official_name": "Veterans of Foreign Wars of the United States", "short_name": "VFW", "social_centre:for": "veteran"}}, "geometry": {"type": "Point", "coordinates": [-96.1374278, 35.993438]}}, {"type": "Feature", "properties": {"osm_type": "node", "osm_id": 12442847539, "tags": {"addr:city": "Las Vegas", "addr:housenumber": "2305", "addr:postcode": "87701", "addr:state": "NM", "addr:street": "Collins Drive", "amenity": "social_centre", "brand": "Benevolent and Protective Order of Elks", "brand:short": "BPOE", "brand:wikidata": "Q2895789", "name": "Elks Lodge", "official_name": "Benevolent and Protective Order of Elks", "short_name": "BPOE"}}, "geometry": {"type": "Point", "coordinates": [-105.2225848, 35.6175435]}}, {"type": "Feature", "properties": {"osm_type": "node", "osm_id": 12446976886, "tags": {"addr:city": "Mineral Wells", "addr:housenumber": "201", "addr:postcode": "76067", "addr:state": "TX", "addr:street": "Northeast 2nd Street", "amenity": "social_centre", "facebook": "https://www.facebook.com/MineralWellsWomensClub/", "name": "Mineral Wells Women's Club", "panoramax": "panoramax=183ae43b-8ff8-45bb-977c-cec0a7903e3a"}}, "geometry": {"type": "Point", "coordinates": [-98.1119387, 32.8110568]}}, {"type": "Feature", "properties": {"osm_type": "node", "osm_id": 12477178696, "tags": {"addr:city": "Weatherford", "addr:housenumber": "108", "addr:state": "TX", "addr:street": "Dallas Avenue", "amenity": "social_centre", "contact:facebook": "https://www.facebook.com/parkerchc/", "name": "Parker County Historical Commission", "panoramax": "1ff6dc69-fa02-43bd-88d7-48e042e4d85d"}}, "geometry": {"type": "Point", "coordinates": [-97.79778, 32.7596901]}}, {"type": "Feature", "properties": {"osm_type": "node", "osm_id": 12969364837, "tags": {"addr:city": "Amarillo", "addr:housenumber": "1401", "addr:postcode": "79101", "addr:state": "TX", "addr:street": "Southwest 8th Avenue", "amenity": "social_centre", "brand": "Veterans of Foreign Wars of the United States", "brand:short": "VFW", "brand:wikidata": "Q3556413", "name": "VFW Post 1475", "name:en": "VFW Post", "official_name": "Veterans of Foreign Wars of the United States", "social_centre:for": "veteran"}}, "geometry": {"type": "Point", "coordinates": [-101.8536791, 35.2075479]}}, {"type": "Feature", "properties": {"osm_type": "node", "osm_id": 13178139332, "tags": {"access": "private", "addr:city": "Tulsa", "addr:housenumber": "15", "addr:postcode": "74119", "addr:state": "OK", "addr:street": "West 6th Street", "addr:unit": "2000", "air_conditioning": "yes", "amenity": "restaurant", "building:levels": "3", "club": "social", "diet:gluten_free": "yes", "diet:vegan": "yes", "diet:vegetarian": "yes", "indoor_seating": "yes", "level": "19,29-31", "name": "Summit Club", "opening_hours": "Mo-Fr 09:00-23:00", "outdoor_seating": "no", "smoking": "separated", "website": "https://www.summittulsa.com/"}}, "geometry": {"type": "Point", "coordinates": [-95.9906575, 36.1505748]}}, {"type": "Feature", "properties": {"osm_type": "node", "osm_id": 13325953754, "tags": {"addr:city": "Amarillo", "addr:housenumber": "200", "addr:postcode": "79101", "addr:state": "TX", "addr:street": "South Tyler Street", "amenity": "social_centre", "name": "Guyon Saunders Resource Center"}}, "geometry": {"type": "Point", "coordinates": [-101.8379525, 35.2116696]}}, {"type": "Feature", "properties": {"osm_type": "node", "osm_id": 13648379149, "tags": {"access": "private", "amenity": "social_centre", "brand": "Loyal Order of Moose", "brand:wikidata": "Q6908585", "club": "yes", "name": "Alva Moose Lodge #2100", "official_name": "Loyal Order of Moose", "ref": "2100", "website": "http://www.okmoose.org/alvalodge.html"}}, "geometry": {"type": "Point", "coordinates": [-98.6681513, 36.8057904]}}, {"type": "Feature", "properties": {"osm_type": "node", "osm_id": 13657844351, "tags": {"addr:city": "Amarillo", "addr:housenumber": "600", "addr:postcode": "79101", "addr:state": "TX", "addr:street": "South Monroe Street", "amenity": "social_centre", "name": "Cal Farley's Boys Ranch - Amarillo Office"}}, "geometry": {"type": "Point", "coordinates": [-101.8446442, 35.2035809]}}, {"type": "Feature", "properties": {"osm_type": "node", "osm_id": 13657844354, "tags": {"addr:city": "Amarillo", "addr:housenumber": "1009", "addr:postcode": "79101", "addr:state": "TX", "addr:street": "South Monroe Street", "amenity": "social_centre", "name": "Cal Farley's Alumni Support"}}, "geometry": {"type": "Point", "coordinates": [-101.8440561, 35.2035336]}}, {"type": "Feature", "properties": {"osm_type": "node", "osm_id": 13694813049, "tags": {"addr:city": "Amarillo", "addr:housenumber": "5405", "addr:postcode": "79107", "addr:state": "TX", "addr:street": "East Amarillo Boulevard", "leisure": "bowling_alley", "name": "Eastridge Lanes", "phone": "+18063839531"}}, "geometry": {"type": "Point", "coordinates": [-101.7724824, 35.2235572]}}, {"type": "Feature", "properties": {"osm_type": "node", "osm_id": 13743609271, "tags": {"addr:city": "Brownwood", "addr:housenumber": "1101", "addr:postcode": "76801", "addr:state": "TX", "addr:street": "Austin Avenue", "leisure": "bowling_alley", "name": "Rex's Texas Lanes"}}, "geometry": {"type": "Point", "coordinates": [-98.9797435, 31.7120403]}}, {"type": "Feature", "properties": {"osm_type": "node", "osm_id": 13933724021, "tags": {"addr:city": "Altus", "addr:housenumber": "500", "addr:postcode": "73521", "addr:state": "OK", "addr:street": "North Veterans Drive", "amenity": "social_centre", "brand": "Veterans of Foreign Wars of the United States", "brand:short": "VFW", "brand:wikidata": "Q3556413", "name": "VFW Post", "name:en": "VFW Post", "official_name": "Veterans of Foreign Wars of the United States", "social_centre:for": "veteran"}}, "geometry": {"type": "Point", "coordinates": [-99.2978371, 34.6422728]}}, {"type": "Feature", "properties": {"osm_type": "node", "osm_id": 13933724028, "tags": {"leisure": "bowling_alley", "name": "Town & Country Lanes"}}, "geometry": {"type": "Point", "coordinates": [-99.3109362, 34.6370994]}}, {"type": "Feature", "properties": {"osm_type": "node", "osm_id": 13982289328, "tags": {"addr:housenumber": "10110", "addr:street": "Shoreview Road", "amenity": "social_centre", "branch": "KayCee Club", "brand": "Knights of Columbus", "brand:short": "KofC", "brand:wikidata": "Q1046799", "name": "Knights of Columbus", "website": "https://www.kofcdallas.org/staff/kaycee-club/"}}, "geometry": {"type": "Point", "coordinates": [-96.7126154, 32.8655503]}}, {"type": "Feature", "properties": {"osm_type": "node", "osm_id": 13982359067, "tags": {"addr:city": "Amarillo", "addr:housenumber": "201", "addr:postcode": "79107", "addr:state": "TX", "addr:street": "Northwest 6th Avenue", "amenity": "social_centre", "name": "Markwell Lodge #415"}}, "geometry": {"type": "Point", "coordinates": [-101.8366001, 35.2191232]}}, {"type": "Feature", "properties": {"osm_type": "node", "osm_id": 13988947909, "tags": {"amenity": "community_centre", "club": "social", "community_centre": "club_home", "name": "Macomb's Senior Citizens", "phone": "+1 405 598 3450"}}, "geometry": {"type": "Point", "coordinates": [-97.0080491, 35.1479425]}}, {"type": "Feature", "properties": {"osm_type": "node", "osm_id": 13991108897, "tags": {"addr:housenumber": "8610", "addr:street": "Greenville Avenue", "addr:unit": "125", "amenity": "social_centre", "level": "0", "name": "Dallas Vet Center", "social_centre:for": "veteran", "website": "https://www.va.gov/dallas-vet-center/"}}, "geometry": {"type": "Point", "coordinates": [-96.7528317, 32.8938887]}}, {"type": "Feature", "properties": {"osm_type": "node", "osm_id": 2849710856, "tags": {"addr:city": "Richfield", "addr:housenumber": "980", "addr:postcode": "84701", "addr:state": "UT", "addr:street": "S. Cove View Road", "leisure": "bowling_alley", "name": "Jorgensen's Lanes", "website": "https://www.facebook.com/JorgensensLanes"}}, "geometry": {"type": "Point", "coordinates": [-112.0889578, 38.754403]}}, {"type": "Feature", "properties": {"osm_type": "node", "osm_id": 3788335559, "tags": {"amenity": "social_centre", "name": "Magna FACT"}}, "geometry": {"type": "Point", "coordinates": [-112.108727, 40.710837]}}, {"type": "Feature", "properties": {"osm_type": "node", "osm_id": 3788339063, "tags": {"amenity": "social_centre", "name": "The Door Church Food Pantry"}}, "geometry": {"type": "Point", "coordinates": [-112.108981, 40.7108]}}, {"type": "Feature", "properties": {"osm_type": "node", "osm_id": 4427236687, "tags": {"addr:city": "Saratoga", "addr:housenumber": "216", "addr:postcode": "82331", "addr:state": "WY", "addr:street": "West Spring Avenue", "amenity": "social_centre", "name": "Saratoga Council-Catholic Wmn", "phone": "+1-307-329-6564", "religion": "christian"}}, "geometry": {"type": "Point", "coordinates": [-106.809499, 41.4540858]}}, {"type": "Feature", "properties": {"osm_type": "node", "osm_id": 4559123543, "tags": {"leisure": "bowling_alley", "name": "Poppy Ott Bowling Center"}}, "geometry": {"type": "Point", "coordinates": [-112.746282, 40.2209789]}}, {"type": "Feature", "properties": {"osm_type": "node", "osm_id": 4600674375, "tags": {"addr:city": "Draper", "addr:housenumber": "12087", "addr:postcode": "84020", "addr:state": "UT", "addr:street": "South State Street", "leisure": "bowling_alley", "name": "All Star Bowling and Entertainment Center"}}, "geometry": {"type": "Point", "coordinates": [-111.8876492, 40.5323792]}}, {"type": "Feature", "properties": {"osm_type": "node", "osm_id": 4679278266, "tags": {"leisure": "bowling_alley", "name": "Snow Cap Bowling Lanes"}}, "geometry": {"type": "Point", "coordinates": [-111.5870563, 39.3505502]}}, {"type": "Feature", "properties": {"osm_type": "node", "osm_id": 4807980944, "tags": {"addr:city": "Lehi", "addr:housenumber": "113", "addr:postcode": "84062", "addr:state": "UT", "addr:street": "South 600 East", "leisure": "bowling_alley", "name": "Jack and Jill Lanes", "opening_hours": "Mo-Th 10:00-22:00; Fr,Sa 10:00-00:00", "phone": "+1 801-766-1699", "website": "https://jackandjilllanes.com/lehi"}}, "geometry": {"type": "Point", "coordinates": [-111.8390361, 40.3867407]}}, {"type": "Feature", "properties": {"osm_type": "node", "osm_id": 5737977089, "tags": {"addr:city": "Fort Duchesne", "addr:housenumber": "7491", "addr:postcode": "84026", "addr:state": "UT", "addr:street": "US 40", "leisure": "bowling_alley", "name": "Ute Lanes", "phone": "+1 435 722 2341"}}, "geometry": {"type": "Point", "coordinates": [-109.8600118, 40.3024587]}}, {"type": "Feature", "properties": {"osm_type": "node", "osm_id": 6530759127, "tags": {"addr:unit": "113", "amenity": "restaurant", "leisure": "bowling_alley", "level": "0", "name": "b\u014dl Vail", "website": "https://bolvail.com"}}, "geometry": {"type": "Point", "coordinates": [-106.37533, 39.642249]}}, {"type": "Feature", "properties": {"osm_type": "node", "osm_id": 6540709475, "tags": {"addr:housenumber": "278", "addr:postcode": "81657", "addr:street": "Hanson Ranch Road", "club": "social", "name": "Game Creek Club", "office": "association"}}, "geometry": {"type": "Point", "coordinates": [-106.3733573, 39.6397744]}}, {"type": "Feature", "properties": {"osm_type": "node", "osm_id": 6781573626, "tags": {"amenity": "social_centre", "name": "Dove Creek Senior Center"}}, "geometry": {"type": "Point", "coordinates": [-108.9121711, 37.7724049]}}, {"type": "Feature", "properties": {"osm_type": "node", "osm_id": 7183048717, "tags": {"addr:housenumber": "2100", "addr:street": "Dolores", "amenity": "social_centre", "brand": "Benevolent and Protective Order of Elks", "brand:wikidata": "Q2895789", "name": "Elks Lodge", "official_name": "Benevolent and Protective Order of Elks", "short_name": "BPOE"}}, "geometry": {"type": "Point", "coordinates": [-108.553125, 37.3715243]}}, {"type": "Feature", "properties": {"osm_type": "node", "osm_id": 7727267719, "tags": {"amenity": "social_centre", "brand": "Veterans of Foreign Wars of the United States", "brand:wikidata": "Q3556413", "name": "VFW Post", "name:en": "VFW Post", "official_name": "Veterans of Foreign Wars of the United States", "short_name": "VFW", "social_centre:for": "veterans"}}, "geometry": {"type": "Point", "coordinates": [-112.0132551, 41.5103034]}}, {"type": "Feature", "properties": {"osm_type": "node", "osm_id": 7865985789, "tags": {"addr:city": "Afton", "addr:housenumber": "970", "addr:postcode": "83110", "addr:state": "WY", "addr:street": "Washington Street", "leisure": "bowling_alley", "name": "Skyview Lanes & Family Fun Center", "phone": "+1-307-886-5606", "website": "http://skyviewlanes.com/"}}, "geometry": {"type": "Point", "coordinates": [-110.9341637, 42.7136698]}}, {"type": "Feature", "properties": {"osm_type": "node", "osm_id": 8150688225, "tags": {"addr:city": "Afton", "addr:housenumber": "540", "addr:postcode": "83110", "addr:state": "WY", "addr:street": "Washington Street", "amenity": "social_centre", "name": "Star Valley Senior Citizens", "phone": "+1-307-885-3780"}}, "geometry": {"type": "Point", "coordinates": [-110.933955, 42.7225265]}}, {"type": "Feature", "properties": {"osm_type": "node", "osm_id": 8840484442, "tags": {"amenity": "social_centre", "check_date": "2026-05-04", "name": "Wilson Head American Legion Post 97", "website": "https://www.facebook.com/PaoniaAmericanLegion/"}}, "geometry": {"type": "Point", "coordinates": [-107.596934, 38.8649794]}}, {"type": "Feature", "properties": {"osm_type": "node", "osm_id": 8997437704, "tags": {"amenity": "social_centre", "name": "United Way of Southeastern Idaho"}}, "geometry": {"type": "Point", "coordinates": [-112.4508853, 42.8620994]}}, {"type": "Feature", "properties": {"osm_type": "node", "osm_id": 8997437885, "tags": {"amenity": "social_centre", "brand": "Benevolent and Protective Order of Elks", "brand:wikidata": "Q2895789", "name": "Elks Lodge", "official_name": "Benevolent and Protective Order of Elks", "short_name": "BPOE"}}, "geometry": {"type": "Point", "coordinates": [-112.4475641, 42.8598071]}}, {"type": "Feature", "properties": {"osm_type": "node", "osm_id": 9188631558, "tags": {"addr:city": "Logan", "addr:housenumber": "693", "addr:postcode": "84321", "addr:state": "UT", "addr:street": "North 800 East", "amenity": "social_centre", "email": "camerynwalters01@gmail.com", "name": "Alpha Chi Omega (Sorority)", "operator": "Utah State University", "phone": "+1 385 299 8075", "website": "https://www.facebook.com/AlphaChiOmegaBetaXiChapter"}}, "geometry": {"type": "Point", "coordinates": [-111.8144915, 41.7442607]}}, {"type": "Feature", "properties": {"osm_type": "node", "osm_id": 9188631559, "tags": {"amenity": "social_centre", "check_date": "2024-11-06", "name": "Sigma Chi (Fraternity)"}}, "geometry": {"type": "Point", "coordinates": [-111.8145218, 41.7450494]}}, {"type": "Feature", "properties": {"osm_type": "node", "osm_id": 9188631568, "tags": {"amenity": "social_centre", "name": "Pi Kappa Alpha (Fraternity)"}}, "geometry": {"type": "Point", "coordinates": [-111.8152061, 41.7447687]}}, {"type": "Feature", "properties": {"osm_type": "node", "osm_id": 9217013149, "tags": {"amenity": "social_centre", "full_name": "International Brotherhood of Electrical Workers Local Union #354", "name": "IBEW Local #354", "opening_hours": "Mo-Fr 08:00-13:00, 14:00-17:00", "phone": "+1 801 972 9354"}}, "geometry": {"type": "Point", "coordinates": [-111.9722017, 40.7274229]}}, {"type": "Feature", "properties": {"osm_type": "node", "osm_id": 9282272180, "tags": {"amenity": "social_centre", "brand": "Veterans of Foreign Wars of the United States", "brand:wikidata": "Q3556413", "name": "VFW Post", "name:en": "VFW Post", "official_name": "Veterans of Foreign Wars of the United States", "outdoor_seating": "yes", "short_name": "VFW", "social_centre:for": "veterans"}}, "geometry": {"type": "Point", "coordinates": [-111.853787, 40.7075357]}}, {"type": "Feature", "properties": {"osm_type": "node", "osm_id": 9493904656, "tags": {"addr:city": "Provo", "addr:housenumber": "1200", "addr:postcode": "84604", "addr:state": "UT", "addr:street": "North University Avenue", "leisure": "bowling_alley", "name": "Fat Cats", "opening_hours": "Mo-Sa 12:00-24:00", "phone": "+1 801-373-1863", "sport": "10pin;miniature_golf;arcade", "tourism": "attraction", "website": "https://www.fatcatsfun.com/locations/provo/center-info/"}}, "geometry": {"type": "Point", "coordinates": [-111.6578089, 40.2500202]}}, {"type": "Feature", "properties": {"osm_type": "node", "osm_id": 9646026422, "tags": {"addr:city": "West Valley City", "addr:housenumber": "3601", "addr:postcode": "84119", "addr:state": "UT", "addr:street": "South Constitution Boulevard", "air_conditioning": "yes", "check_date": "2022-11-09", "leisure": "bowling_alley", "level": "1", "name": "All Star Bowling & Entertainment", "opening_hours": "Mo-Th 11:00-23:00; Fr 11:00-24:00; Sa 10:00-24:00; Su 10:00-23:00", "phone": "+1-801-572-1122", "smoking": "no", "website": "https://allstarbowlingandentertainment.com/locations/west_valley/", "wheelchair": "yes"}}, "geometry": {"type": "Point", "coordinates": [-111.9545299, 40.6927706]}}, {"type": "Feature", "properties": {"osm_type": "node", "osm_id": 9815556270, "tags": {"amenity": "social_centre", "brand": "American Legion", "brand:wikidata": "Q468865", "loc_name": "American Legion Holladay Post 71", "name": "American Legion Hall Holladay Post 71", "ref": "71", "social_centre:for": "veterans"}}, "geometry": {"type": "Point", "coordinates": [-111.8930698, 40.6973421]}}, {"type": "Feature", "properties": {"osm_type": "node", "osm_id": 10029954385, "tags": {"amenity": "social_centre", "name": "Asian Association of Utah"}}, "geometry": {"type": "Point", "coordinates": [-111.8900248, 40.7350581]}}, {"type": "Feature", "properties": {"osm_type": "node", "osm_id": 11463128235, "tags": {"amenity": "social_centre", "brand": "American Legion", "brand:wikidata": "Q468865", "name": "American Legion Hall", "social_centre:for": "veteran"}}, "geometry": {"type": "Point", "coordinates": [-109.4678329, 41.5285673]}}, {"type": "Feature", "properties": {"osm_type": "node", "osm_id": 11949032298, "tags": {"amenity": "social_centre", "brand:wikidata": "Q1425508", "level": "1", "name": "Independent Order of Odd Fellows", "official_name": "Independent Order of Odd Fellows", "short_name": "IOOF"}}, "geometry": {"type": "Point", "coordinates": [-105.8674149, 37.4683494]}}, {"type": "Feature", "properties": {"osm_type": "node", "osm_id": 11953840018, "tags": {"leisure": "bowling_alley"}}, "geometry": {"type": "Point", "coordinates": [-114.757403, 42.5939919]}}, {"type": "Feature", "properties": {"osm_type": "node", "osm_id": 11956302954, "tags": {"amenity": "social_centre", "brand": "American Legion", "brand:wikidata": "Q468865", "name": "American Legion Hall", "social_centre:for": "veteran"}}, "geometry": {"type": "Point", "coordinates": [-112.8535176, 42.7843165]}}, {"type": "Feature", "properties": {"osm_type": "node", "osm_id": 12034892387, "tags": {"addr:city": "Grand Junction", "addr:housenumber": "1000", "addr:postcode": "81501", "addr:state": "CO", "addr:street": "North 9th Street", "addr:unit": "36", "amenity": "social_centre", "check_date": "2024-07-03", "club": "social", "name": "The Center", "operator": "Loving Beyond Understanding", "operator:type": "charitable", "website": "https://www.lovingbeyondunderstanding.org/the-center"}}, "geometry": {"type": "Point", "coordinates": [-108.5574683, 39.0771668]}}, {"type": "Feature", "properties": {"osm_type": "node", "osm_id": 12170597546, "tags": {"addr:city": "Delta", "addr:housenumber": "563", "addr:postcode": "81416", "addr:state": "CO", "addr:street": "Main Street", "amenity": "social_centre", "brand": "Benevolent and Protective Order of Elks", "brand:wikidata": "Q2895789", "name": "Elks Lodge", "official_name": "Benevolent and Protective Order of Elks", "phone": "+1-970-874-3624", "short_name": "BPOE", "website": "https://www.elks.org/lodges/ContactUs.cfm?LodgeNumber=1235"}}, "geometry": {"type": "Point", "coordinates": [-108.0711441, 38.7392772]}}, {"type": "Feature", "properties": {"osm_type": "node", "osm_id": 12844886009, "tags": {"access": "private", "addr:city": "Salt Lake City", "addr:housenumber": "733", "addr:postcode": "84101", "addr:state": "UT", "addr:street": "South 400 West", "amenity": "social_centre", "check_date": "2025-06-01", "min_age": "21", "name": "Plumhouse", "website": "https://plumhouseslc.com/"}}, "geometry": {"type": "Point", "coordinates": [-111.9019802, 40.7529672]}}, {"type": "Feature", "properties": {"osm_type": "node", "osm_id": 12918949240, "tags": {"amenity": "social_centre", "brand": "Knights of Columbus", "brand:short": "KofC", "brand:wikidata": "Q1046799", "name": "Knights of Columbus Council"}}, "geometry": {"type": "Point", "coordinates": [-105.9629894, 37.2725574]}}, {"type": "Feature", "properties": {"osm_type": "node", "osm_id": 12918976909, "tags": {"addr:city": "Alamosa", "addr:housenumber": "514", "addr:postcode": "81101", "addr:state": "CO", "addr:street": "Fourth Street", "amenity": "social_centre", "brand": "American Legion", "brand:wikidata": "Q468865", "name": "American Legion Hall", "social_centre:for": "veteran"}}, "geometry": {"type": "Point", "coordinates": [-105.8644354, 37.469096]}}, {"type": "Feature", "properties": {"osm_type": "node", "osm_id": 13031863697, "tags": {"addr:city": "South Jordan", "addr:housenumber": "11068", "addr:postcode": "84009", "addr:state": "UT", "addr:street": "South Grandville Avenue", "leisure": "bowling_alley", "name": "Megaplex", "website": "https://megaplex.com/southjordanatdaybreak"}}, "geometry": {"type": "Point", "coordinates": [-112.0207961, 40.5498295]}}, {"type": "Feature", "properties": {"osm_type": "node", "osm_id": 13154008016, "tags": {"amenity": "social_centre", "brand": "American Legion", "brand:wikidata": "Q468865", "social_centre:for": "veteran"}}, "geometry": {"type": "Point", "coordinates": [-107.8791186, 37.2728833]}}, {"type": "Feature", "properties": {"osm_type": "node", "osm_id": 13930385332, "tags": {"leisure": "bowling_alley", "name": "Pinedale Lanes"}}, "geometry": {"type": "Point", "coordinates": [-112.4025879, 43.2153201]}}, {"type": "Feature", "properties": {"osm_type": "node", "osm_id": 13983953475, "tags": {"leisure": "bowling_alley"}}, "geometry": {"type": "Point", "coordinates": [-107.7709912, 39.574912]}}, {"type": "Feature", "properties": {"osm_type": "node", "osm_id": 357639764, "tags": {"alt_name": "Phi Sigma Kappa Gamma Tetarton", "amenity": "social_centre", "ele": "58", "historic:amenity": "place_of_worship", "historic:denomination": "catholic", "historic:gnis:feature_id": "2400333", "historic:name": "Saint Francis De Sales Roman Catholic Church", "historic:religion": "christian", "name": "Phi Sigma Kappa"}}, "geometry": {"type": "Point", "coordinates": [-73.6814563, 42.7243028]}}, {"type": "Feature", "properties": {"osm_type": "node", "osm_id": 366687956, "tags": {"addr:state": "RI", "amenity": "social_centre", "ele": "0", "gnis:feature_id": "1901917", "name": "Thames Science Center", "source": "USGS Geonames"}}, "geometry": {"type": "Point", "coordinates": [-71.3193534, 41.4895939]}}, {"type": "Feature", "properties": {"osm_type": "node", "osm_id": 366690956, "tags": {"addr:state": "RI", "amenity": "social_centre", "ele": "15", "gnis:feature_id": "2475326", "name": "Jewish Community Center", "source": "USGS Geonames"}}, "geometry": {"type": "Point", "coordinates": [-71.3118, 41.4893]}}, {"type": "Feature", "properties": {"osm_type": "node", "osm_id": 367777162, "tags": {"access": "private", "addr:city": "Boston", "addr:housenumber": "217", "addr:postcode": "02116", "addr:state": "MA", "addr:street": "Commonwealth Avenue", "club": "social", "email": "concierge@algonquinclub.com", "fax": "+1-617-266-2035", "gnis:feature_id": "1970941", "name": "Algonquin Club", "operator": "305 Hexagon, LLC", "phone": "+1-617-266-2400", "source": "USGS Geonames", "start_date": "1888-11-08", "wikidata": "Q4724331", "wikipedia": "en:Algonquin Club"}}, "geometry": {"type": "Point", "coordinates": [-71.0818592, 42.3513761]}}, {"type": "Feature", "properties": {"osm_type": "node", "osm_id": 367777185, "tags": {"access": "private", "addr:city": "Boston", "addr:housenumber": "152", "addr:postcode": "02116", "addr:state": "MA", "addr:street": "Commonwealth Avenue", "club": "social", "ele": "3", "gnis:feature_id": "1971112", "name": "The Chilton Club", "phone": "+1-617-266-4860", "source": "USGS Geonames", "start_date": "1910-04-29", "website": "https://www.chiltonclub.org/", "wikidata": "Q5099223", "wikipedia": "en:Chilton Club"}}, "geometry": {"type": "Point", "coordinates": [-71.077805, 42.3515625]}}, {"type": "Feature", "properties": {"osm_type": "node", "osm_id": 367777251, "tags": {"access": "private", "addr:city": "Boston", "addr:housenumber": "199", "addr:postcode": "02116", "addr:state": "MA", "addr:street": "Commonwealth Avenue", "architect": "McNeil Brothers", "club": "social", "email": "frontdesk@stbotolphclub.org", "fax": "+1-617-267-0925", "gnis:feature_id": "1971716", "internet_access": "no", "level": "0", "name": "Saint Botolph Club", "operator": "St. Botolph Club, Inc. Mass.", "phone": "+1-617-536-7570", "source": "USGS Geonames", "start_date": "1880-01-03", "website": "https://www.stbotolphclub.org/", "wikidata": "Q27862477", "wikipedia": "en:St. Botolph Club"}}, "geometry": {"type": "Point", "coordinates": [-71.0809601, 42.3515912]}}, {"type": "Feature", "properties": {"osm_type": "node", "osm_id": 367960094, "tags": {"addr:state": "PA", "amenity": "social_centre", "ele": "49", "gnis:feature_id": "2115034", "name": "Women's Resource Center", "source": "USGS Geonames"}}, "geometry": {"type": "Point", "coordinates": [-75.3556099, 39.9026645]}}, {"type": "Feature", "properties": {"osm_type": "node", "osm_id": 367963100, "tags": {"addr:housenumber": "21", "addr:state": "PA", "addr:street": "Henry Avenue", "amenity": "social_centre", "check_date": "2025-12-27", "contact:facebook": "https://www.facebook.com/TheLibsBar17/", "ele": "123", "gnis:feature_id": "2488140", "name": "The Libs (Liberty Fire Company Social Quarters)", "phone": "+1 610-367-2400", "source": "USGS Geonames"}}, "geometry": {"type": "Point", "coordinates": [-75.628856, 40.343472]}}, {"type": "Feature", "properties": {"osm_type": "node", "osm_id": 368043730, "tags": {"addr:city": "New York", "addr:housenumber": "30", "addr:postcode": "10036", "addr:state": "NY", "addr:street": "West 44th Street", "club": "social", "gnis:feature_id": "2083169", "name": "The Penn Club", "official_name": "University of Pennsylvania Club", "website": "https://www.pennclub.org/"}}, "geometry": {"type": "Point", "coordinates": [-73.9816815, 40.755382]}}, {"type": "Feature", "properties": {"osm_type": "node", "osm_id": 368044092, "tags": {"addr:city": "New York", "addr:housenumber": "2", "addr:state": "NY", "addr:street": "East 62nd Street", "club": "social", "ele": "15", "gnis:feature_id": "2083498", "name": "Knickerbocker Club", "source": "USGS Geonames", "start_date": "1871", "wikidata": "Q3197987", "wikipedia": "en:Knickerbocker Club"}}, "geometry": {"type": "Point", "coordinates": [-73.9714319, 40.7658826]}}, {"type": "Feature", "properties": {"osm_type": "node", "osm_id": 368062214, "tags": {"addr:state": "NY", "amenity": "social_centre", "ele": "131", "gnis:feature_id": "2376132", "name": "Oneida Nursing Home", "source": "USGS Geonames"}}, "geometry": {"type": "Point", "coordinates": [-75.6505556, 43.0916667]}}, {"type": "Feature", "properties": {"osm_type": "node", "osm_id": 721629807, "tags": {"addr:city": "Albany", "addr:country": "US", "addr:postcode": "12203", "addr:street": "Crossgates Mall Road", "leisure": "bowling_alley", "level": "1", "name": "Apex Entertainment", "old_name": "Regal Crossgates Cinema 12", "sport": "10pin;candlepin", "was:amenity": "cinema"}}, "geometry": {"type": "Point", "coordinates": [-73.8509915, 42.6896172]}}, {"type": "Feature", "properties": {"osm_type": "node", "osm_id": 989651334, "tags": {"addr:housenumber": "300", "addr:street": "West Lancaster Avenue", "check_date": "2023-06-06", "leisure": "bowling_alley", "name": "Devon Lanes", "opening_hours": "Mo off; Tu 14:00-22:00; We 09:00-23:00; Th-Fr 12:00-24:00; Sa 10:00-24:00; Su 10:00-22:00", "phone": "+1 610-688-1920", "website": "https://devonlanes.com/"}}, "geometry": {"type": "Point", "coordinates": [-75.4274121, 40.0440911]}}, {"type": "Feature", "properties": {"osm_type": "node", "osm_id": 1712242954, "tags": {"addr:city": "Boston", "addr:housenumber": "145", "addr:postcode": "02215", "addr:state": "MA", "addr:street": "Ipswich Street", "leisure": "bowling_alley", "name": "Lucky Strike Social Boston", "phone": "+1-617-437-0300"}}, "geometry": {"type": "Point", "coordinates": [-71.0943647, 42.3474257]}}, {"type": "Feature", "properties": {"osm_type": "node", "osm_id": 1735308047, "tags": {"amenity": "social_centre", "name": "Ancient Order of Hibernians Division 12"}}, "geometry": {"type": "Point", "coordinates": [-71.0774196, 42.4235545]}}, {"type": "Feature", "properties": {"osm_type": "node", "osm_id": 1741614739, "tags": {"addr:city": "Malden", "addr:housenumber": "40", "addr:street": "Oakland Street", "amenity": "social_centre", "name": "Italian-American WW Veterans Post 16", "phone": "+1 781 3210859"}}, "geometry": {"type": "Point", "coordinates": [-71.0787223, 42.4184386]}}, {"type": "Feature", "properties": {"osm_type": "node", "osm_id": 1978371153, "tags": {"leisure": "bowling_alley", "name": "Thomaston Lanes", "sport": "10pin"}}, "geometry": {"type": "Point", "coordinates": [-73.0865195, 41.6585185]}}, {"type": "Feature", "properties": {"osm_type": "node", "osm_id": 2018275996, "tags": {"addr:city": "Mount Joy", "addr:housenumber": "1990", "addr:postcode": "17522", "addr:state": "PA", "addr:street": "West Main Street", "check_date": "2025-07-29", "contact:facebook": "https://www.facebook.com/100063893175824", "leisure": "bowling_alley", "name": "Clearview Lanes", "opening_hours": "Mo 12:00-22:00; Tu 11:00-22:00; We-Th,Su 09:00-22:00; Fr 09:00-24:00; Sa 12:00-24:00", "phone": "+1 717-653-1818", "sport": "10pin", "website": "https://clearviewlanes.com/"}}, "geometry": {"type": "Point", "coordinates": [-76.5591268, 40.1292161]}}, {"type": "Feature", "properties": {"osm_type": "node", "osm_id": 2142452302, "tags": {"amenity": "social_centre", "name": "Friedens Fire Co Social Hall"}}, "geometry": {"type": "Point", "coordinates": [-75.6192775, 40.7342647]}}, {"type": "Feature", "properties": {"osm_type": "node", "osm_id": 2256040057, "tags": {"addr:city": "Philadelphia", "addr:housenumber": "1336", "addr:postcode": "19107", "addr:street": "Chestnut Street", "amenity": "bar", "check_date": "2023-10-12", "contact:facebook": "https://www.facebook.com/LuckyStrikePhiladelphia", "contact:instagram": "https://www.instagram.com/luckystrikeph", "leisure": "bowling_alley", "name": "Lucky Strike", "opening_hours": "Mo-Th 16:00-23:00, Fr 14:00-26:00, Sa 12:00-26:00, Su 12:00-23:00", "phone": "+1 215-545-2471", "sport": "10pin", "website": "https://www.luckystrikeent.com/location/lucky-strike-philadelphia"}}, "geometry": {"type": "Point", "coordinates": [-75.1632811, 39.9506774]}}, {"type": "Feature", "properties": {"osm_type": "node", "osm_id": 2294905488, "tags": {"addr:city": "Oneida", "addr:housename": "American Legion - Post 169", "addr:housenumber": "398", "addr:postcode": "13421", "addr:state": "NY", "addr:street": "North Main Street", "amenity": "social_centre", "name": "American Legion Post 169", "nysgissam:nysaddresspointid": "MADI008047", "phone": "+1 315-363-0337", "website": "https://www.legion.org/"}}, "geometry": {"type": "Point", "coordinates": [-75.6590008, 43.1031787]}}, {"type": "Feature", "properties": {"osm_type": "node", "osm_id": 2350393259, "tags": {"addr:city": "Boston", "addr:housenumber": "491", "addr:postcode": "02215", "addr:state": "MA", "addr:street": "Commonwealth Avenue", "alt_name": "George Shapiro Center", "amenity": "social_centre", "fax": "+1-617-266-5997", "name": "Chabad House", "phone": "+1-617-424-1190", "religion": "jewish", "website": "https://www.chabadboston.org/"}}, "geometry": {"type": "Point", "coordinates": [-71.0943202, 42.3493074]}}, {"type": "Feature", "properties": {"osm_type": "node", "osm_id": 2401037028, "tags": {"addr:housenumber": "802", "addr:street": "Villa Avenue", "check_date": "2023-01-06", "entrance": "yes", "layer": "1", "leisure": "bowling_alley", "name": "Nutmeg Bowl", "opening_hours": "Mo-Th,Su 09:00-24:00; Fr-Sa 09:00-01:00", "phone": "+1 203-367-7741", "sport": "10pin", "website": "https://nutmegbowl.com"}}, "geometry": {"type": "Point", "coordinates": [-73.2290475, 41.1747987]}}, {"type": "Feature", "properties": {"osm_type": "node", "osm_id": 2564495473, "tags": {"amenity": "social_centre", "name": "Beachmont V.F.W. Post 6712"}}, "geometry": {"type": "Point", "coordinates": [-70.9935245, 42.393927]}}, {"type": "Feature", "properties": {"osm_type": "node", "osm_id": 2577447654, "tags": {"amenity": "social_centre", "name": "Elks 892"}}, "geometry": {"type": "Point", "coordinates": [-70.6337914, 42.6086585]}}, {"type": "Feature", "properties": {"osm_type": "node", "osm_id": 2699346739, "tags": {"addr:city": "Philadelphia", "addr:housenumber": "909", "addr:postcode": "19123", "addr:street": "North 2nd Street", "amenity": "bar", "leisure": "bowling_alley", "name": "North Bowl", "phone": "+1 215-238-2695", "sport": "10pin", "website": "https://www.northbowlphilly.com/"}}, "geometry": {"type": "Point", "coordinates": [-75.1403339, 39.9644678]}}, {"type": "Feature", "properties": {"osm_type": "node", "osm_id": 2708250665, "tags": {"access": "private", "addr:housenumber": "52-24", "addr:postcode": "11101", "addr:street": "35th Street", "club": "social", "name": "American Legion Post #1630"}}, "geometry": {"type": "Point", "coordinates": [-73.9361324, 40.7359712]}}, {"type": "Feature", "properties": {"osm_type": "node", "osm_id": 2831812065, "tags": {"amenity": "social_centre", "name": "Grace Tabernacle Christian Lifestyle Center"}}, "geometry": {"type": "Point", "coordinates": [-75.2170292, 39.9391863]}}, {"type": "Feature", "properties": {"osm_type": "node", "osm_id": 2853266129, "tags": {"addr:housenumber": "20-12", "addr:postcode": "11105", "addr:street": "21st Avenue", "amenity": "social_centre", "name": "Federation of Italian American Organization of Queens"}}, "geometry": {"type": "Point", "coordinates": [-73.9151533, 40.782516]}}, {"type": "Feature", "properties": {"osm_type": "node", "osm_id": 2973133571, "tags": {"amenity": "social_centre", "brand": "Veterans of Foreign Wars of the United States", "brand:wikidata": "Q3556413", "name": "VFW Post 396", "name:en": "VFW Post", "official_name": "Veterans of Foreign Wars of the United States", "short_name": "VFW", "social_centre:for": "veteran"}}, "geometry": {"type": "Point", "coordinates": [-75.8317434, 41.3160742]}}, {"type": "Feature", "properties": {"osm_type": "node", "osm_id": 2984499671, "tags": {"addr:housenumber": "747", "amenity": "social_centre", "brand": "Veterans of Foreign Wars of the United States", "brand:wikidata": "Q3556413", "name": "VFW Post 283", "name:en": "VFW Post", "official_name": "Veterans of Foreign Wars of the United States", "short_name": "VFW", "social_centre:for": "veterans"}}, "geometry": {"type": "Point", "coordinates": [-75.8842716, 41.2732636]}}, {"type": "Feature", "properties": {"osm_type": "node", "osm_id": 3023399556, "tags": {"addr:city": "Nottingham", "addr:housenumber": "4359", "addr:postcode": "21236", "addr:state": "MD", "addr:street": "Ebenezer Road", "leisure": "bowling_alley", "name": "Perry Hall Lanes"}}, "geometry": {"type": "Point", "coordinates": [-76.476264, 39.3966425]}}, {"type": "Feature", "properties": {"osm_type": "node", "osm_id": 3025603377, "tags": {"addr:city": "Parkville", "addr:housenumber": "7910", "addr:postcode": "21234", "addr:state": "MD", "addr:street": "Harford Road", "amenity": "social_centre", "check_date": "2025-08-06", "name": "Columbian Club of Parkville"}}, "geometry": {"type": "Point", "coordinates": [-76.5419887, 39.3750695]}}, {"type": "Feature", "properties": {"osm_type": "node", "osm_id": 3029994740, "tags": {"addr:city": "Parkville", "addr:housenumber": "7607", "addr:postcode": "21234", "addr:state": "MD", "addr:street": "Harford Road", "leisure": "bowling_alley", "name": "Parkville Lanes", "opening_hours": "Mo,We,Th 12:00-22:00; Tu,Fr,Sa 12:00-21:00; Su off", "sport": "duckpin"}}, "geometry": {"type": "Point", "coordinates": [-76.5434941, 39.3719042]}}, {"type": "Feature", "properties": {"osm_type": "node", "osm_id": 3031063692, "tags": {"addr:city": "Dundalk", "addr:housenumber": "1553", "addr:postcode": "21222", "addr:state": "MD", "addr:street": "Merritt Boulevard", "amenity": "social_centre", "brand": "American Legion", "brand:wikidata": "Q468865", "name": "Vet Center", "operator": "Deaprtment of Veterans Affairs", "social_centre:for": "veteran"}}, "geometry": {"type": "Point", "coordinates": [-76.5016595, 39.2741723]}}, {"type": "Feature", "properties": {"osm_type": "node", "osm_id": 3124449043, "tags": {"amenity": "social_centre", "brand": "American Legion", "brand:wikidata": "Q468865", "name": "American Legion Hall", "social_centre:for": "veteran", "website": "https://www.alpost23.org/"}}, "geometry": {"type": "Point", "coordinates": [-74.2047824, 40.4366516]}}, {"type": "Feature", "properties": {"osm_type": "node", "osm_id": 3131333402, "tags": {"addr:city": "Portsmouth", "addr:housenumber": "81", "addr:postcode": "02871", "addr:street": "Sprague Street", "amenity": "social_centre", "name": "Saint John's Lodge #1", "phone": "+1 401-683-0231", "website": "https://www.stjohnslodgeno1.org/"}}, "geometry": {"type": "Point", "coordinates": [-71.2483235, 41.6164175]}}, {"type": "Feature", "properties": {"osm_type": "node", "osm_id": 3202892175, "tags": {"addr:city": "Tewksbury", "addr:housenumber": "434", "addr:postcode": "01876", "addr:state": "MA", "addr:street": "Main Street", "description": "Wamesit Lanes is a bowling alley with a bar, restaurant, arcade, and golf simulator which opened November 9, 2015.", "landuse": "construction", "leisure": "bowling_alley", "name": "Wamesit Lanes", "note": "Wamesit Lanes is not visible on the map. What is visible is Motel Caswell, which is what existed at this location before it was demolished for the building of Wamesit Lanes.", "opening_hours": "Mo-Tu 04:00-23:00,We 10:00-23:00,Th-Sa 10:00-01:00,Su 10:00-23:00", "phone": "+1 978-349-0000", "source": "local knowledge;https://wamesitlanes.com/", "sport": "10pin;candlepin", "website": "https://wamesitlanes.com/"}}, "geometry": {"type": "Point", "coordinates": [-71.2578565, 42.6212833]}}, {"type": "Feature", "properties": {"osm_type": "node", "osm_id": 3364739207, "tags": {"leisure": "bowling_alley", "name": "Spare Time Clifton Park", "sport": "10pin"}}, "geometry": {"type": "Point", "coordinates": [-73.7643453, 42.8584317]}}, {"type": "Feature", "properties": {"osm_type": "node", "osm_id": 3369442373, "tags": {"amenity": "social_centre", "brand": "Veterans of Foreign Wars of the United States", "brand:wikidata": "Q3556413", "name": "VFW Post", "name:en": "VFW Post", "official_name": "Veterans of Foreign Wars of the United States", "short_name": "VFW", "social_centre:for": "veteran"}}, "geometry": {"type": "Point", "coordinates": [-73.5903898, 42.517933]}}, {"type": "Feature", "properties": {"osm_type": "node", "osm_id": 3426136496, "tags": {"addr:country": "US", "addr:state": "NY", "contact:phone": "+1-315-299-6612", "leisure": "bowling_alley", "name": "The Village Lanes", "sport": "10pin"}}, "geometry": {"type": "Point", "coordinates": [-76.06879, 43.0640489]}}, {"type": "Feature", "properties": {"osm_type": "node", "osm_id": 3448898992, "tags": {"addr:city": "New York", "addr:housenumber": "40", "addr:postcode": "10005", "addr:state": "NY", "addr:street": "Exchange Place", "addr:unit": "510", "amenity": "social_centre", "description": "Crime Victim center", "email": "cvtc@cvtcnyc.org", "name": "Crime Victims Treatment Center", "opening_hours": "Mo-Fr 09:00-17:00", "phone": "+1-212-523-4728", "website": "https://www.cvtcnyc.org/"}}, "geometry": {"type": "Point", "coordinates": [-74.0102061, 40.7058496]}}, {"type": "Feature", "properties": {"osm_type": "node", "osm_id": 3454875598, "tags": {"addr:city": "Cazenovia", "addr:country": "US", "addr:postcode": "13035", "addr:state": "NY", "addr:street": "Albany Street", "amenity": "social_centre", "name": "Masonic Hall"}}, "geometry": {"type": "Point", "coordinates": [-75.8542372, 42.9300323]}}, {"type": "Feature", "properties": {"osm_type": "node", "osm_id": 3463911437, "tags": {"amenity": "social_centre", "community": "FMM", "community:gender": "female", "contact:phone": "+1-212-678-9901", "denomination": "catholic", "name": "Holy Name of Jesus Community"}}, "geometry": {"type": "Point", "coordinates": [-73.9705281, 40.7948445]}}, {"type": "Feature", "properties": {"osm_type": "node", "osm_id": 3475509028, "tags": {"amenity": "social_centre", "name": "Italian American Athletic Club"}}, "geometry": {"type": "Point", "coordinates": [-76.1227327, 43.0814361]}}, {"type": "Feature", "properties": {"osm_type": "node", "osm_id": 3566468395, "tags": {"leisure": "bowling_alley", "sport": "10pin"}}, "geometry": {"type": "Point", "coordinates": [-75.3491294, 40.63714]}}, {"type": "Feature", "properties": {"osm_type": "node", "osm_id": 3688613069, "tags": {"addr:city": "Mashpee", "addr:housenumber": "9", "addr:postcode": "02649", "addr:state": "MA", "addr:street": "Greene Street", "amenity": "restaurant", "cuisine": "pizza", "leisure": "bowling_alley", "name": "Lanes Bowl and Bistro", "opening_hours": "11:30-01:00", "smoking": "outside", "sport": "10pin", "takeaway": "yes", "website": "https://www.lanesbowlandbistro.com/"}}, "geometry": {"type": "Point", "coordinates": [-70.4896686, 41.6165516]}}, {"type": "Feature", "properties": {"osm_type": "node", "osm_id": 3783431976, "tags": {"amenity": "social_centre", "brand": "Veterans of Foreign Wars of the United States", "brand:short": "VFW", "brand:wikidata": "Q3556413", "name": "Veterans of Foreign Wars Post #4247", "name:en": "VFW Post", "official_name": "Veterans of Foreign Wars of the United States", "ref": "4247", "social_centre:for": "veteran"}}, "geometry": {"type": "Point", "coordinates": [-74.1936206, 40.4375491]}}, {"type": "Feature", "properties": {"osm_type": "node", "osm_id": 3784837886, "tags": {"leisure": "bowling_alley", "name": "Middletown Harmony Bowl"}}, "geometry": {"type": "Point", "coordinates": [-74.1303499, 40.4089007]}}, {"type": "Feature", "properties": {"osm_type": "node", "osm_id": 3803629217, "tags": {"leisure": "bowling_alley", "name": "East Providence Bowling Lanes"}}, "geometry": {"type": "Point", "coordinates": [-71.3519358, 41.855407]}}, {"type": "Feature", "properties": {"osm_type": "node", "osm_id": 3953944769, "tags": {"access": "private", "check_date": "2026-03-07", "club": "social", "description": "Italian-American social club", "name": "Glory Social Club"}}, "geometry": {"type": "Point", "coordinates": [-73.9862061, 40.6774626]}}, {"type": "Feature", "properties": {"osm_type": "node", "osm_id": 4319632990, "tags": {"amenity": "social_centre", "name": "Salmagundi Club", "sport": "billiards", "start_date": "1871", "tourism": "gallery", "wikidata": "Q7405383", "wikipedia": "en:Salmagundi Club"}}, "geometry": {"type": "Point", "coordinates": [-73.9945529, 40.7343016]}}, {"type": "Feature", "properties": {"osm_type": "node", "osm_id": 4361586972, "tags": {"addr:city": "Philadelphia", "addr:housenumber": "810", "addr:postcode": "19107", "addr:state": "PA", "addr:street": "Locust Street", "addr:unit": "102", "amenity": "social_centre", "check_date": "2025-10-30", "name": "Musical Fund Hall"}}, "geometry": {"type": "Point", "coordinates": [-75.1551342, 39.9468132]}}, {"type": "Feature", "properties": {"osm_type": "node", "osm_id": 4372105088, "tags": {"leisure": "bowling_alley", "name": "Sparetime"}}, "geometry": {"type": "Point", "coordinates": [-71.6601512, 42.1121446]}}, {"type": "Feature", "properties": {"osm_type": "node", "osm_id": 4405235706, "tags": {"amenity": "social_centre", "name": "Veterans of Foreign Wars Brigantine"}}, "geometry": {"type": "Point", "coordinates": [-74.3867405, 39.3960892]}}, {"type": "Feature", "properties": {"osm_type": "node", "osm_id": 4405235709, "tags": {"amenity": "social_centre", "name": "American Legion Brigantine"}}, "geometry": {"type": "Point", "coordinates": [-74.3861693, 39.3935019]}}, {"type": "Feature", "properties": {"osm_type": "node", "osm_id": 4413194948, "tags": {"leisure": "bowling_alley", "name": "DeRuyter Bowling Alley", "sport": "10pin"}}, "geometry": {"type": "Point", "coordinates": [-75.8835325, 42.7570657]}}, {"type": "Feature", "properties": {"osm_type": "node", "osm_id": 4491317089, "tags": {"addr:city": "Brooklyn", "addr:housenumber": "200", "addr:postcode": "11249", "addr:state": "NY", "addr:street": "North 14th Street", "leisure": "bowling_alley", "name": "The Gutter", "opening_hours": "Mo-Th 17:00-04:00; Fr 14:00-04:00; Sa-Su 12:00-04:00", "phone": "+1 718 387 3585", "smoking": "no", "website": "https://www.thegutterbrooklyn.com/"}}, "geometry": {"type": "Point", "coordinates": [-73.9554759, 40.7227408]}}, {"type": "Feature", "properties": {"osm_type": "node", "osm_id": 4545348646, "tags": {"amenity": "social_centre", "name": "Klub Poliski Polish American Citizen's Club INC", "note": "building is for sale"}}, "geometry": {"type": "Point", "coordinates": [-76.1218005, 43.0551724]}}, {"type": "Feature", "properties": {"osm_type": "node", "osm_id": 4631406627, "tags": {"addr:city": "Villas", "addr:housenumber": "917", "addr:postcode": "08251", "addr:state": "NJ", "addr:street": "Bayshore Road", "amenity": "social_centre", "brand": "Benevolent and Protective Order of Elks", "brand:wikidata": "Q2895789", "name": "Elks Lodge", "official_name": "Benevolent and Protective Order of Elks", "short_name": "BPOE"}}, "geometry": {"type": "Point", "coordinates": [-74.9348256, 39.0309488]}}, {"type": "Feature", "properties": {"osm_type": "node", "osm_id": 4632638927, "tags": {"leisure": "bowling_alley", "name": "Garwood Lanes"}}, "geometry": {"type": "Point", "coordinates": [-74.3250663, 40.6534656]}}, {"type": "Feature", "properties": {"osm_type": "node", "osm_id": 4646309671, "tags": {"addr:city": "East Northport", "addr:housenumber": "332", "addr:postcode": "11731", "addr:state": "NY", "addr:street": "Larkfield Road", "leisure": "bowling_alley", "name": "Larkfield Lanes", "opening_hours": "Mo-Su 09:00-24:00", "phone": "+1-631-368-8788", "smoking": "no"}}, "geometry": {"type": "Point", "coordinates": [-73.3231102, 40.870679]}}, {"type": "Feature", "properties": {"osm_type": "node", "osm_id": 4799000627, "tags": {"addr:city": "Norwalk", "addr:housenumber": "701", "addr:postcode": "06854", "addr:state": "CT", "addr:street": "Connecticut Avenue", "leisure": "bowling_alley", "name": "Bowlmor"}}, "geometry": {"type": "Point", "coordinates": [-73.4496241, 41.0936739]}}, {"type": "Feature", "properties": {"osm_type": "node", "osm_id": 4897896773, "tags": {"fixme": "resurvey for more data", "leisure": "bowling_alley", "name": "Marcellus Lanes", "sport": "bowls"}}, "geometry": {"type": "Point", "coordinates": [-76.333382, 42.9802766]}}, {"type": "Feature", "properties": {"osm_type": "node", "osm_id": 4902253850, "tags": {"addr:city": "Peterborough", "addr:housenumber": "32", "addr:postcode": "03458", "addr:state": "NH", "addr:street": "Elm Street", "cuisine": "pizza", "email": "BowlingAcres@comcast.net", "leisure": "bowling_alley", "name": "Bowling Acres", "outdoor_seating": "yes", "phone": "+1-603-924-1300"}}, "geometry": {"type": "Point", "coordinates": [-71.9570461, 42.8757313]}}, {"type": "Feature", "properties": {"osm_type": "node", "osm_id": 4995779513, "tags": {"addr:city": "Long Island City", "addr:housenumber": "10-22", "addr:postcode": "11101", "addr:state": "NY", "addr:street": "46th Avenue", "cocktails": "yes", "contact:email": "TheGutterBarLIC@gmail.com", "contact:instagram": "thegutterlic", "cuisine": "pub", "drink:beer": "draught;bottled", "leisure": "bowling_alley", "name": "The Gutter", "opening_hours": "Mo-Th 17:00-02:00; Fr 14:00-02:00; Sa, Su 12:00-02:00", "opening_hours:kitchen": "Mo-Th 17:00-24:00; Fr 14:00-01:00; Sa 13:00-01:00; Su 02:00-22:00", "phone": "+1 929-328-0409", "sport": "10pin", "website": "https://www.thegutterbarles.com/long-island-city"}}, "geometry": {"type": "Point", "coordinates": [-73.9518102, 40.7465899]}}, {"type": "Feature", "properties": {"osm_type": "node", "osm_id": 5031338542, "tags": {"addr:housenumber": "1610", "addr:street": "Hylan Blvd", "leisure": "bowling_alley", "name": "Rab's Country Lanes", "sport": "10pin"}}, "geometry": {"type": "Point", "coordinates": [-74.0892951, 40.5890493]}}, {"type": "Feature", "properties": {"osm_type": "node", "osm_id": 5147377565, "tags": {"addr:city": "Whitestone", "addr:housenumber": "10-20", "addr:postcode": "11357", "addr:state": "NY", "addr:street": "Clintonville Street", "amenity": "social_centre", "brand": "American Legion", "brand:wikidata": "Q468865", "email": "mckeepost131@gmail.com", "name": "American Legion Post 131, Edward M. McKee", "phone": "+1-718-767-4323", "social_centre:for": "veteran", "website": "https://mylegion.org/PersonifyEbusiness/Post-Detail?@IP_IDENTITY_MCID=00035013100L&@IP_IDENTITY_SCID=0"}}, "geometry": {"type": "Point", "coordinates": [-73.8129716, 40.7923693]}}, {"type": "Feature", "properties": {"osm_type": "node", "osm_id": 5179166641, "tags": {"addr:housenumber": "3520", "addr:street": "Hutchinson Avenue", "leisure": "bowling_alley", "name": "Bowlerland", "sport": "10pin"}}, "geometry": {"type": "Point", "coordinates": [-73.8232571, 40.8862214]}}, {"type": "Feature", "properties": {"osm_type": "node", "osm_id": 5350155721, "tags": {"addr:city": "York", "addr:housenumber": "3", "addr:postcode": "03909", "addr:state": "ME", "addr:street": "Beach Street", "leisure": "bowling_alley", "name": "SurfSide Bowling"}}, "geometry": {"type": "Point", "coordinates": [-70.6098401, 43.1757205]}}, {"type": "Feature", "properties": {"osm_type": "node", "osm_id": 5352196146, "tags": {"leisure": "bowling_alley", "name": "Bowl Arena"}}, "geometry": {"type": "Point", "coordinates": [-76.0082847, 40.9686755]}}, {"type": "Feature", "properties": {"osm_type": "node", "osm_id": 5365063316, "tags": {"addr:city": "Ridgewood", "addr:housenumber": "585", "addr:postcode": "11385", "addr:state": "NY", "addr:street": "Woodward Avenue", "amenity": "social_centre", "contact:instagram": "ridgewoodcommons", "description": "Ridgewood Commons is an experimental hub in Ridgewood, Queens for developing the skills, practices, and tools for inhabiting the Anthropocene. They host workshops, lectures, discussions, and serve as a meeting and organizing space.", "email": "ridgewoodcommonsnyc@gmail.com", "internet_access": "wlan", "internet_access:ssid": "RidgewoodCommons", "name": "Ridgewood Commons", "toilets": "yes", "toilets:access": "customers", "toilets:number": "1", "toilets:unisex": "yes", "toilets:wheelchair": "no", "website": "https://ridgewoodcommons.nyc/", "wheelchair": "no"}}, "geometry": {"type": "Point", "coordinates": [-73.9080991, 40.7064311]}}, {"type": "Feature", "properties": {"osm_type": "node", "osm_id": 5383252191, "tags": {"leisure": "bowling_alley", "name": "Bowl Rite", "opening_hours": "Mo-Th 11:00-23:30; Fr 11:00-01:30; Sa 12:00-01:30; Su 12:00-22:30", "phone": "+1-201-864-2667", "smoking": "no", "website": "https://bowlritelanes.com/", "wheelchair": "no"}}, "geometry": {"type": "Point", "coordinates": [-74.0429421, 40.7585937]}}, {"type": "Feature", "properties": {"osm_type": "node", "osm_id": 5410999287, "tags": {"leisure": "bowling_alley", "name": "New City Bowl", "opening_hours": "Mo-Su 10:00-24:00", "operator": "New City Bowl", "phone": "+1-845-634-4977", "website": "https://www.newcitybowlandbattingcages.com/"}}, "geometry": {"type": "Point", "coordinates": [-73.9876342, 41.1507829]}}, {"type": "Feature", "properties": {"osm_type": "node", "osm_id": 5530470348, "tags": {"addr:housenumber": "390", "addr:postcode": "10305", "addr:street": "Hylan Boulevard", "amenity": "social_centre", "brand": "Veterans of Foreign Wars of the United States", "brand:short": "VFW", "brand:wikidata": "Q3556413", "club": "veterans", "name": "Labetti Post", "name:en": "VFW Post", "official_name": "Veterans of Foreign Wars of the United States", "short_name": "VFW", "social_centre:for": "veteran"}}, "geometry": {"type": "Point", "coordinates": [-74.0744022, 40.609593]}}, {"type": "Feature", "properties": {"osm_type": "node", "osm_id": 5670977499, "tags": {"addr:city": "East Meadow", "addr:housenumber": "1840", "addr:postcode": "11554", "addr:state": "NY", "addr:street": "Front Street", "description": "Long-standing chain of bowling alleys featuring casual grub & pitchers, leagues & party events.", "leisure": "bowling_alley", "name": "AMF East Meadow Lanes", "operator": "AMF", "phone": "+1-516-794-1111", "website": "https://www.amf.com/"}}, "geometry": {"type": "Point", "coordinates": [-73.5644444, 40.7181469]}}, {"type": "Feature", "properties": {"osm_type": "node", "osm_id": 5687996414, "tags": {"addr:city": "Wildwood", "addr:housenumber": "3401", "addr:postcode": "08260", "addr:state": "NJ", "addr:street": "New Jersey Avenue", "leisure": "bowling_alley", "name": "Island Bowl"}}, "geometry": {"type": "Point", "coordinates": [-74.815121, 38.9904774]}}, {"type": "Feature", "properties": {"osm_type": "node", "osm_id": 5706182934, "tags": {"addr:housenumber": "871", "addr:street": "Onderonk Avenue", "amenity": "social_centre", "fraternity": "yes", "name": "Knights of Columbus", "phone": "+1-718-386-6722", "social_centre": "fraternity"}}, "geometry": {"type": "Point", "coordinates": [-73.9028558, 40.701662]}}, {"type": "Feature", "properties": {"osm_type": "node", "osm_id": 5755134078, "tags": {"club": "social", "name": "Ukrainian American Citizens' Association"}}, "geometry": {"type": "Point", "coordinates": [-75.1494254, 39.9670876]}}, {"type": "Feature", "properties": {"osm_type": "node", "osm_id": 5760198692, "tags": {"addr:housenumber": "31-35", "addr:street": "41st Street", "amenity": "social_centre", "brand": "Veterans of Foreign Wars of the United States", "brand:wikidata": "Q3556413", "name": "VFW Post (Rocco Moreco) Post 2348", "name:en": "VFW Post", "official_name": "Veterans of Foreign Wars of the United States", "short_name": "VFW", "social_centre:for": "veterans"}}, "geometry": {"type": "Point", "coordinates": [-73.9169418, 40.7599396]}}, {"type": "Feature", "properties": {"osm_type": "node", "osm_id": 5797563016, "tags": {"addr:city": "Tower City", "addr:housenumber": "2", "addr:postcode": "17980", "addr:state": "PA", "addr:street": "Clarks Valley Road", "amenity": "social_centre", "brand": "American Legion", "brand:wikidata": "Q468865", "name": "American Legion Hall", "social_centre:for": "veteran"}}, "geometry": {"type": "Point", "coordinates": [-76.545326, 40.5886262]}}, {"type": "Feature", "properties": {"osm_type": "node", "osm_id": 5804297537, "tags": {"addr:city": "Valley View", "addr:housenumber": "1116", "addr:postcode": "17983", "addr:state": "PA", "addr:street": "West Walnut Street", "leisure": "bowling_alley", "name": "Strike Times Lanes"}}, "geometry": {"type": "Point", "coordinates": [-76.5397337, 40.6436261]}}, {"type": "Feature", "properties": {"osm_type": "node", "osm_id": 5810825820, "tags": {"amenity": "social_centre", "brand": "American Legion", "brand:wikidata": "Q468865", "name": "American Legion Hall", "social_centre:for": "veteran"}}, "geometry": {"type": "Point", "coordinates": [-76.2421487, 40.8549738]}}, {"type": "Feature", "properties": {"osm_type": "node", "osm_id": 5815105444, "tags": {"addr:city": "McAdoo", "addr:housenumber": "16", "addr:postcode": "18237", "addr:state": "PA", "addr:street": "South Kennedy Drive", "amenity": "social_centre", "brand": "Veterans of Foreign Wars of the United States", "brand:short": "VFW", "brand:wikidata": "Q3556413", "name": "VFW Post 6708", "name:en": "VFW Post", "official_name": "Veterans of Foreign Wars of the United States", "social_centre:for": "veteran"}}, "geometry": {"type": "Point", "coordinates": [-75.9938531, 40.9017925]}}, {"type": "Feature", "properties": {"osm_type": "node", "osm_id": 5816786982, "tags": {"addr:city": "Tamaqua", "addr:housenumber": "17", "addr:postcode": "18252", "addr:state": "PA", "addr:street": "Tide Road", "leisure": "bowling_alley", "name": "Spare Time Lanes"}}, "geometry": {"type": "Point", "coordinates": [-75.9866436, 40.8350956]}}, {"type": "Feature", "properties": {"osm_type": "node", "osm_id": 5821312805, "tags": {"addr:city": "New Ringgold", "addr:housenumber": "27", "addr:postcode": "17960", "addr:state": "PA", "addr:street": "West Railroad Street", "amenity": "social_centre", "name": "Community Fire Company Social Hall"}}, "geometry": {"type": "Point", "coordinates": [-75.9999647, 40.6875548]}}, {"type": "Feature", "properties": {"osm_type": "node", "osm_id": 5837270288, "tags": {"amenity": "social_centre", "brand": "Lions Clubs International", "brand:wikidata": "Q270029", "name": "Lions Clubs International"}}, "geometry": {"type": "Point", "coordinates": [-76.1753137, 40.636823]}}, {"type": "Feature", "properties": {"osm_type": "node", "osm_id": 5840666022, "tags": {"addr:city": "Pottsville", "addr:housenumber": "2501", "addr:postcode": "17901", "addr:state": "PA", "addr:street": "West End Avenue", "leisure": "bowling_alley", "name": "Strike Zone"}}, "geometry": {"type": "Point", "coordinates": [-76.2329727, 40.6736113]}}, {"type": "Feature", "properties": {"osm_type": "node", "osm_id": 5852389347, "tags": {"leisure": "bowling_alley", "name": "Pine Lanes"}}, "geometry": {"type": "Point", "coordinates": [-76.400549, 40.5651562]}}, {"type": "Feature", "properties": {"osm_type": "node", "osm_id": 5852425598, "tags": {"amenity": "social_centre", "brand": "American Legion", "brand:wikidata": "Q468865", "name": "American Legion Hall", "social_centre:for": "veteran"}}, "geometry": {"type": "Point", "coordinates": [-76.3859156, 40.5520395]}}, {"type": "Feature", "properties": {"osm_type": "node", "osm_id": 5861280805, "tags": {"amenity": "social_centre", "brand": "American Legion", "brand:wikidata": "Q468865", "name": "American Legion Hall", "social_centre:for": "veterans"}}, "geometry": {"type": "Point", "coordinates": [-75.9137196, 40.928483]}}, {"type": "Feature", "properties": {"osm_type": "node", "osm_id": 5895254408, "tags": {"addr:city": "Lehighton", "addr:housenumber": "140", "addr:postcode": "18235", "addr:state": "PA", "addr:street": "North 4th Street", "leisure": "bowling_alley", "name": "Cypress Lanes"}}, "geometry": {"type": "Point", "coordinates": [-75.7141401, 40.8351489]}}, {"type": "Feature", "properties": {"osm_type": "node", "osm_id": 5898026938, "tags": {"addr:city": "Lehighton", "addr:housenumber": "381", "addr:postcode": "18235", "addr:state": "PA", "addr:street": "Bridge Street", "amenity": "social_centre", "brand": "American Legion", "brand:wikidata": "Q468865", "name": "American Legion Hall", "social_centre:for": "veterans"}}, "geometry": {"type": "Point", "coordinates": [-75.7130501, 40.8254865]}}, {"type": "Feature", "properties": {"osm_type": "node", "osm_id": 5898065592, "tags": {"addr:city": "Lehighton", "addr:housenumber": "100", "addr:postcode": "18235", "addr:state": "PA", "addr:street": "South 2nd Street", "leisure": "bowling_alley", "name": "Fritz's Lanes"}}, "geometry": {"type": "Point", "coordinates": [-75.710629, 40.8337199]}}, {"type": "Feature", "properties": {"osm_type": "node", "osm_id": 5976577293, "tags": {"addr:city": "Winchendon", "addr:housenumber": "5", "addr:postcode": "01475", "addr:state": "MA", "addr:street": "Summer Drive", "email": "mail@playawaylanes.com", "leisure": "bowling_alley", "name": "Playaway Lanes", "opening_hours": "Th 17:00-22:00,Fr 17:00-23:00,Sa 13:00-23:00,Su 13:00-21:00", "phone": "+1 978-297-1295", "website": "https://playawaylanes.com/"}}, "geometry": {"type": "Point", "coordinates": [-72.0443955, 42.6824076]}}, {"type": "Feature", "properties": {"osm_type": "node", "osm_id": 6089890997, "tags": {"addr:housenumber": "220-13", "addr:street": "Merrick Boulevard", "amenity": "social_centre", "name": "African American Benevolent Society"}}, "geometry": {"type": "Point", "coordinates": [-73.7484994, 40.6789276]}}, {"type": "Feature", "properties": {"osm_type": "node", "osm_id": 6090838127, "tags": {"addr:city": "Cambridge", "addr:housenumber": "2322", "addr:postcode": "02140", "addr:state": "MA", "addr:street": "Massachusetts Avenue", "club": "social", "name": "Association of Notre Dame", "phone": "+1 617 661 0548", "sport": "billiards"}}, "geometry": {"type": "Point", "coordinates": [-71.1284341, 42.3955609]}}, {"type": "Feature", "properties": {"osm_type": "node", "osm_id": 6093964494, "tags": {"addr:city": "Somerville", "addr:housenumber": "45", "addr:postcode": "02144", "addr:state": "MA", "addr:street": "Day Street", "air_conditioning": "yes", "amenity": "restaurant", "cuisine": "pizza", "diet:vegan": "yes", "diet:vegetarian": "yes", "leisure": "bowling_alley", "name": "American Flatbread", "old_name": "Sacco's Bowl Haven", "opening_hours": "Su-Tu 10:00-22:00; We-Sa 10:00-23:00", "phone": "+1-617-776-0552", "smoking": "no", "sport": "10pin", "website": "https://americanflatbread.com/locations/somerville-ma/"}}, "geometry": {"type": "Point", "coordinates": [-71.1237535, 42.395637]}}, {"type": "Feature", "properties": {"osm_type": "node", "osm_id": 6141803418, "tags": {"addr:city": "Camillus", "addr:housenumber": "6117", "addr:postcode": "13031", "addr:state": "NY", "addr:street": "Newport Road", "amenity": "social_centre", "brand": "Benevolent and Protective Order of Elks", "brand:short": "BPOE", "brand:wikidata": "Q2895789", "contact:website": "https://www.elks.org/lodges/home.cfm?LodgeNumber=2367", "fixme": "resurvey for more info", "name": "Elks Lodge", "nysgissam:nysaddresspointid": "ONON142174", "official_name": "Benevolent and Protective Order of Elks"}}, "geometry": {"type": "Point", "coordinates": [-76.3244945, 43.0684195]}}, {"type": "Feature", "properties": {"osm_type": "node", "osm_id": 6296514386, "tags": {"addr:housenumber": "7707", "addr:postcode": "11204", "addr:street": "18th Avenue", "club": "social", "name": "Loyal Order of Moose"}}, "geometry": {"type": "Point", "coordinates": [-73.997263, 40.6119141]}}, {"type": "Feature", "properties": {"osm_type": "node", "osm_id": 6349380856, "tags": {"club": "social", "name": "Knights of Columbus"}}, "geometry": {"type": "Point", "coordinates": [-72.6540247, 41.6211543]}}, {"type": "Feature", "properties": {"osm_type": "node", "osm_id": 6351422384, "tags": {"addr:city": "Rocky Hill", "addr:housenumber": "3272", "addr:postcode": "06067", "addr:state": "CT", "addr:street": "Main Street", "amenity": "social_centre", "brand": "Veterans of Foreign Wars of the United States", "brand:short": "VFW", "brand:wikidata": "Q3556413", "name": "VFW Post 2138", "name:en": "VFW Post", "official_name": "Veterans of Foreign Wars of the United States", "short_name": "VFW", "social_centre:for": "veteran"}}, "geometry": {"type": "Point", "coordinates": [-72.6468991, 41.6405383]}}, {"type": "Feature", "properties": {"osm_type": "node", "osm_id": 6397246993, "tags": {"addr:city": "Exton", "addr:housenumber": "172", "addr:postcode": "19341", "addr:state": "PA", "addr:street": "Exton Square Parkway", "branch": "Bowling & Arcade", "brand": "Round1", "brand:wikidata": "Q11346634", "check_date": "2023-07-07", "leisure": "bowling_alley", "name": "Round1", "opening_hours": "Mo-Su,PH 10:00-26:00", "phone": "+1 484-252-2819;+1 855-772-6636", "sport": "10pin", "website": "https://www.round1usa.com/exton-square-mall"}}, "geometry": {"type": "Point", "coordinates": [-75.622268, 40.0306626]}}, {"type": "Feature", "properties": {"osm_type": "node", "osm_id": 6416383201, "tags": {"amenity": "social_centre", "brand": "American Legion", "brand:wikidata": "Q468865", "name": "American Legion - Parksley Post 100", "social_centre:for": "veteran"}}, "geometry": {"type": "Point", "coordinates": [-75.6527959, 37.7830539]}}, {"type": "Feature", "properties": {"osm_type": "node", "osm_id": 6423950907, "tags": {"addr:city": "Cresco", "addr:housenumber": "109", "addr:postcode": "18326", "addr:state": "PA", "addr:street": "Golf Drive", "leisure": "bowling_alley", "name": "Mountainhome Bowling Center"}}, "geometry": {"type": "Point", "coordinates": [-75.2692043, 41.1809225]}}, {"type": "Feature", "properties": {"osm_type": "node", "osm_id": 6477995115, "tags": {"addr:city": "Middletown", "addr:housenumber": "875", "addr:state": "DE", "addr:street": "North Broad Street", "check_date": "2025-07-11", "leisure": "bowling_alley", "name": "Mid-County Lanes", "phone": "+1 302-378-0677", "website": "https://midcountylanes.com/"}}, "geometry": {"type": "Point", "coordinates": [-75.7185348, 39.4611691]}}, {"type": "Feature", "properties": {"osm_type": "node", "osm_id": 6489629109, "tags": {"addr:city": "Whiteford", "addr:housenumber": "2217", "addr:postcode": "21160", "addr:state": "MD", "addr:street": "Whiteford Road", "amenity": "social_centre", "brand": "American Legion", "brand:wikidata": "Q468865", "contact:facebook": "https://www.facebook.com/americanlegionslateridge182/", "name": "American Legion - Stone Ridge Post 182", "social_centre:for": "veterans", "website": "https://post182.tripod.com/slateridge/"}}, "geometry": {"type": "Point", "coordinates": [-76.3352541, 39.7030584]}}, {"type": "Feature", "properties": {"osm_type": "node", "osm_id": 6545193262, "tags": {"addr:city": "Palmerton", "addr:housenumber": "2020", "addr:postcode": "18071", "addr:state": "PA", "addr:street": "Forest Inn Road", "alt_name": "Veterans of Foreign Wars Palmerton Memorial Post", "amenity": "social_centre", "club": "veterans", "name": "Veterans of Foreign Wars Post 7134", "phone": "+1 610-826-6936", "website": "https://www.vfw.org/"}}, "geometry": {"type": "Point", "coordinates": [-75.5951589, 40.8312928]}}, {"type": "Feature", "properties": {"osm_type": "node", "osm_id": 6553774503, "tags": {"leisure": "bowling_alley", "name": "Maple Lanes"}}, "geometry": {"type": "Point", "coordinates": [-73.6414048, 40.6584392]}}, {"type": "Feature", "properties": {"osm_type": "node", "osm_id": 6567931517, "tags": {"amenity": "social_centre", "brand": "American Legion", "brand:wikidata": "Q468865", "contact:email": "info@dundalkpost38.org", "contact:phone": "+1-410-288-2297", "contact:website": "http://www.dundalkpost38.org/", "name": "American Legion Dundalk - Post 38", "social_centre:for": "veterans"}}, "geometry": {"type": "Point", "coordinates": [-76.5218106, 39.2525995]}}, {"type": "Feature", "properties": {"osm_type": "node", "osm_id": 6655982333, "tags": {"leisure": "bowling_alley", "name": "St Monica Lanes", "sport": "10pin"}}, "geometry": {"type": "Point", "coordinates": [-75.1743739, 39.9193487]}}, {"type": "Feature", "properties": {"osm_type": "node", "osm_id": 6680350612, "tags": {"addr:city": "Terryville", "addr:housenumber": "245", "addr:postcode": "06786", "addr:state": "CT", "addr:street": "Main Street", "amenity": "social_centre", "brand": "American Legion", "brand:wikidata": "Q468865", "name": "American Legion Plymouth Post 20", "social_centre:for": "veteran"}}, "geometry": {"type": "Point", "coordinates": [-73.0138659, 41.6792221]}}, {"type": "Feature", "properties": {"osm_type": "node", "osm_id": 6682077507, "tags": {"leisure": "bowling_alley", "name": "Pep Bowl", "sport": "10pin"}}, "geometry": {"type": "Point", "coordinates": [-75.1679723, 39.9355406]}}, {"type": "Feature", "properties": {"osm_type": "node", "osm_id": 6720190300, "tags": {"addr:city": "Lansford", "addr:country": "US", "addr:housenumber": "3", "addr:postcode": "18232", "addr:state": "PA", "addr:street": "West Ridge Street", "amenity": "social_centre", "brand": "American Legion", "brand:wikidata": "Q468865", "name": "American Legion Post 123", "phone": "+1 570 645 9795", "social_centre:for": "veteran", "website": "https://www.legion.org/"}}, "geometry": {"type": "Point", "coordinates": [-75.8849823, 40.8321995]}}, {"type": "Feature", "properties": {"osm_type": "node", "osm_id": 6791036601, "tags": {"addr:city": "Flushing", "addr:housenumber": "67-19", "addr:postcode": "11365", "addr:state": "NY", "addr:street": "Parsons Boulevard", "air_conditioning": "yes", "leisure": "bowling_alley", "name": "Jib Lanes"}}, "geometry": {"type": "Point", "coordinates": [-73.8101891, 40.7330646]}}, {"type": "Feature", "properties": {"osm_type": "node", "osm_id": 6793958715, "tags": {"amenity": "social_centre", "brand": "Benevolent and Protective Order of Elks", "brand:wikidata": "Q2895789", "name": "Elks Lodge", "official_name": "Benevolent and Protective Order of Elks", "short_name": "BPOE"}}, "geometry": {"type": "Point", "coordinates": [-74.0272148, 40.7488534]}}, {"type": "Feature", "properties": {"osm_type": "node", "osm_id": 6929394344, "tags": {"leisure": "bowling_alley", "name": "Southbound Alley"}}, "geometry": {"type": "Point", "coordinates": [-75.6119434, 38.3325504]}}, {"type": "Feature", "properties": {"osm_type": "node", "osm_id": 6979925324, "tags": {"addr:city": "Concord", "addr:housenumber": "207", "addr:postcode": "03301", "addr:state": "NH", "addr:street": "North Main Street", "amenity": "social_centre", "name": "SEA/SEIU Local 1984", "phone": "+1-603-271-3411", "website": "https://www.seiu1984.org/"}}, "geometry": {"type": "Point", "coordinates": [-71.5410808, 43.2141177]}}, {"type": "Feature", "properties": {"osm_type": "node", "osm_id": 7003282317, "tags": {"addr:city": "Bristol", "addr:housenumber": "850", "addr:postcode": "02809", "addr:state": "RI", "addr:street": "Hope Street", "amenity": "social_centre", "brand": "Veterans of Foreign Wars of the United States", "brand:short": "VFW", "brand:wikidata": "Q3556413", "name": "VFW Post 237", "name:en": "VFW Post", "official_name": "Veterans of Foreign Wars of the United States", "short_name": "VFW", "social_centre:for": "veteran"}}, "geometry": {"type": "Point", "coordinates": [-71.2780706, 41.6791722]}}, {"type": "Feature", "properties": {"osm_type": "node", "osm_id": 7137504894, "tags": {"leisure": "bowling_alley"}}, "geometry": {"type": "Point", "coordinates": [-76.4775435, 42.4529512]}}, {"type": "Feature", "properties": {"osm_type": "node", "osm_id": 7167606678, "tags": {"amenity": "social_centre", "brand": "Independent Order of Odd Fellows", "brand:wikidata": "Q1425508", "check_date": "2026-03-10", "name": "Odd Fellows Hall", "official_name": "Independent Order of Odd Fellows", "short_name": "IOOF"}}, "geometry": {"type": "Point", "coordinates": [-71.6492705, 42.8362165]}}, {"type": "Feature", "properties": {"osm_type": "node", "osm_id": 7204177388, "tags": {"alt_name": "Round 1 Entertainment", "brand": "Round1", "brand:wikidata": "Q11346634", "comment": "more than just a bowling alley here", "leisure": "bowling_alley", "name": "Round1", "sport": "10pin"}}, "geometry": {"type": "Point", "coordinates": [-75.1571349, 39.9521805]}}, {"type": "Feature", "properties": {"osm_type": "node", "osm_id": 7278447265, "tags": {"amenity": "social_centre", "name": "Moorish Science Temple of America"}}, "geometry": {"type": "Point", "coordinates": [-76.5742531, 39.3213299]}}, {"type": "Feature", "properties": {"osm_type": "node", "osm_id": 7340922809, "tags": {"amenity": "social_centre", "brand": "Veterans of Foreign Wars of the United States", "brand:wikidata": "Q3556413", "name": "VFW Post #3211", "name:en": "VFW Post", "official_name": "Veterans of Foreign Wars of the United States", "short_name": "VFW", "social_centre:for": "veterans"}}, "geometry": {"type": "Point", "coordinates": [-73.5168824, 40.7615119]}}, {"type": "Feature", "properties": {"osm_type": "node", "osm_id": 7380584099, "tags": {"addr:city": "Riverside", "addr:housenumber": "947", "addr:postcode": "02915", "addr:state": "RI", "addr:street": "Veterans Memorial Pkwy", "club": "social", "name": "Squantum Association", "phone": "+1 401-434-8377", "website": "https://www.squantumassociation.com/"}}, "geometry": {"type": "Point", "coordinates": [-71.3736389, 41.7903899]}}, {"type": "Feature", "properties": {"osm_type": "node", "osm_id": 7383548293, "tags": {"addr:city": "Philadelphia", "addr:housenumber": "1009", "addr:postcode": "19123", "addr:state": "PA", "addr:street": "Canal Street", "amenity": "music_venue", "check_date": "2026-02-28", "leisure": "bowling_alley", "name": "Brooklyn Bowl", "opening_hours": "Th,Fr 18:00+; Sa 14:00+", "phone": "+1 215-606-4950", "sport": "10pin", "website": "https://www.brooklynbowl.com/philadelphia"}}, "geometry": {"type": "Point", "coordinates": [-75.1348956, 39.96525]}}, {"type": "Feature", "properties": {"osm_type": "node", "osm_id": 7449996497, "tags": {"addr:city": "Rehoboth", "addr:housenumber": "13", "addr:postcode": "02769", "addr:state": "MA", "addr:street": "Gorham Street", "club": "social", "name": "Anawan Club"}}, "geometry": {"type": "Point", "coordinates": [-71.2239588, 41.8298692]}}, {"type": "Feature", "properties": {"osm_type": "node", "osm_id": 7554454179, "tags": {"addr:city": "Sellersville", "addr:housenumber": "301", "addr:postcode": "18960", "addr:state": "PA", "addr:street": "West Park Avenue", "amenity": "social_centre", "name": "Loyal order of the Moose 1539"}}, "geometry": {"type": "Point", "coordinates": [-75.3096326, 40.3536238]}}, {"type": "Feature", "properties": {"osm_type": "node", "osm_id": 7620646700, "tags": {"amenity": "social_centre", "name": "Italian American War Veterans Post 6"}}, "geometry": {"type": "Point", "coordinates": [-71.0393369, 42.3709504]}}, {"type": "Feature", "properties": {"osm_type": "node", "osm_id": 7620646717, "tags": {"amenity": "social_centre", "brand": "American Legion", "brand:wikidata": "Q468865", "name": "American Legion Lt. Lawrence J. Flaherty Post 30", "social_centre:for": "veteran"}}, "geometry": {"type": "Point", "coordinates": [-71.0394228, 42.3710712]}}, {"type": "Feature", "properties": {"osm_type": "node", "osm_id": 7626628916, "tags": {"addr:housenumber": "543", "addr:street": "East Broadway", "alt_name": "Southie Bowl", "check_date": "2024-08-18", "leisure": "bowling_alley", "name": "South Boston Candlepin", "payment:cash": "yes", "payment:credit_cards": "yes", "payment:debit_cards": "yes", "phone": "+1 617-464-4858", "sport": "candlepin", "website": "https://www.southiebowl.com/"}}, "geometry": {"type": "Point", "coordinates": [-71.0423819, 42.3353802]}}, {"type": "Feature", "properties": {"osm_type": "node", "osm_id": 7626668016, "tags": {"addr:city": "Boston", "addr:housenumber": "50", "addr:postcode": "02115", "addr:state": "MA", "addr:street": "Dalton Street", "leisure": "bowling_alley", "name": "Kings Boston - Back Bay", "phone": "+1-617-266-2695", "sport": "10pin", "website": "https://www.kings-de.com/boston"}}, "geometry": {"type": "Point", "coordinates": [-71.0855811, 42.3469541]}}, {"type": "Feature", "properties": {"osm_type": "node", "osm_id": 7626710641, "tags": {"addr:city": "Malden", "addr:housenumber": "665", "addr:postcode": "02148", "addr:state": "MA", "addr:street": "Broadway", "air_conditioning": "yes", "alt_name": "Town Line Bowling", "check_date": "2024-07-15", "contact:facebook": "http://facebook.com/townlineluxurylanes", "contact:instagram": "http://instagram.com/townlineluxurylanes", "contact:twitter": "http://twitter.com/tlluxurylanes", "email": "townlinebowling@aol.com", "facebook": "http://facebook.com/townlineluxurylanes", "leisure": "bowling_alley", "name": "Town Line Luxury Lanes", "sport": "10pin", "twitter": "http://twitter.com/tlluxurylanes", "website": "https://www.townlineluxurylanes.com/"}}, "geometry": {"type": "Point", "coordinates": [-71.029422, 42.4430549]}}, {"type": "Feature", "properties": {"osm_type": "node", "osm_id": 7645216804, "tags": {"amenity": "social_centre", "information": "New_England_Community_Center_-_Centro_Comunit\u00e1rio_Brasileiro_de_Stoughton"}}, "geometry": {"type": "Point", "coordinates": [-71.101374, 42.1237164]}}, {"type": "Feature", "properties": {"osm_type": "node", "osm_id": 7683704009, "tags": {"addr:street": "Broadway", "leisure": "bowling_alley", "name": "Woodmere Lanes"}}, "geometry": {"type": "Point", "coordinates": [-73.7084194, 40.6302382]}}, {"type": "Feature", "properties": {"osm_type": "node", "osm_id": 7735273261, "tags": {"amenity": "social_centre", "name": "Habitat for Humanity of Pike County"}}, "geometry": {"type": "Point", "coordinates": [-74.8451181, 41.3073905]}}, {"type": "Feature", "properties": {"osm_type": "node", "osm_id": 7777246385, "tags": {"access": "private", "addr:city": "Boston", "addr:housenumber": "530", "addr:postcode": "02115", "addr:state": "MA", "addr:street": "Beacon Street", "brand:wikidata": "Q7181539", "club": "social", "description": "MIT Alpha Mu Chapter", "email": "phikaps-alpha@mit.edu", "image": "https://pks.org/images/seals/MIT.png", "landuse": "residential", "name": "\u03a6\u039a\u03a3", "operator": "Phi Kappa Sigma International Fraternity", "residential": "apartments", "start_date": "1903", "website": "https://skullhouse.mit.edu/"}}, "geometry": {"type": "Point", "coordinates": [-71.0910643, 42.3506633]}}, {"type": "Feature", "properties": {"osm_type": "node", "osm_id": 7777246386, "tags": {"access": "private", "addr:city": "Boston", "addr:housenumber": "528", "addr:postcode": "02115", "addr:state": "MA", "addr:street": "Beacon Street", "brand:wikidata": "Q7783523", "club": "social", "description": "MIT Beta Chapter", "email": "tc-president@mit.edu", "image": "https://en.wikipedia.org/wiki/Theta_Chi#/media/File:Theta_Chi_fraternity_Crest.png", "landuse": "residential", "name": "\u0398\u03a7", "operator": "Theta Chi Fraternity", "residential": "apartments", "start_date": "1902", "website": "https://ox.mit.edu/"}}, "geometry": {"type": "Point", "coordinates": [-71.0909685, 42.350689]}}, {"type": "Feature", "properties": {"osm_type": "node", "osm_id": 7777246388, "tags": {"access": "private", "addr:city": "Boston", "addr:housenumber": "518", "addr:postcode": "02115", "addr:state": "MA", "addr:street": "Beacon Street", "brand:wikidata": "Q7512359", "club": "social", "description": "MIT Chapter", "email": "sigep-exec@mit.edu", "landuse": "residential", "name": "\u03a3\u03a6\u0395", "operator": "Sigma Phi Epsilon Fraternity", "residential": "apartments", "website": "https://mit.sigep.org/"}}, "geometry": {"type": "Point", "coordinates": [-71.090525, 42.3508082]}}, {"type": "Feature", "properties": {"osm_type": "node", "osm_id": 7777246389, "tags": {"access": "private", "addr:city": "Boston", "addr:housenumber": "526", "addr:postcode": "02115", "addr:state": "MA", "addr:street": "Beacon Street", "brand:wikidata": "Q3523945", "club": "social", "description": "MIT Eta Chapter", "email": "theta-tau-regent@mit.edu", "image": "http://thetatau.org/Websites/thetatauhq/templates/ThetaTauHQ/images/logo.png", "landuse": "residential", "name": "\u0398\u03a4", "residential": "apartments", "website": "https://www.thetatau.mit.edu/"}}, "geometry": {"type": "Point", "coordinates": [-71.0908864, 42.350713]}}, {"type": "Feature", "properties": {"osm_type": "node", "osm_id": 7785928060, "tags": {"amenity": "social_centre", "name": "Knights of Columbus"}}, "geometry": {"type": "Point", "coordinates": [-76.3781745, 39.5769675]}}, {"type": "Feature", "properties": {"osm_type": "node", "osm_id": 7808501139, "tags": {"amenity": "social_centre", "denomination": "catholic", "name": "Presentation Sisters of Staten Island", "religion": "christian"}}, "geometry": {"type": "Point", "coordinates": [-74.1844234, 40.5546511]}}, {"type": "Feature", "properties": {"osm_type": "node", "osm_id": 7824272045, "tags": {"leisure": "bowling_alley", "name": "TAP Bowling & Arcade", "sport": "10pin"}}, "geometry": {"type": "Point", "coordinates": [-72.5863318, 42.098844]}}, {"type": "Feature", "properties": {"osm_type": "node", "osm_id": 7824313810, "tags": {"leisure": "bowling_alley", "name": "Agawam Bowl", "sport": "candlepin", "website": "https://agawambowl.com/"}}, "geometry": {"type": "Point", "coordinates": [-72.6290237, 42.0878584]}}, {"type": "Feature", "properties": {"osm_type": "node", "osm_id": 7824325438, "tags": {"leisure": "bowling_alley", "name": "AMF Chicopee Lanes", "sport": "10pin"}}, "geometry": {"type": "Point", "coordinates": [-72.5481706, 42.1642778]}}, {"type": "Feature", "properties": {"osm_type": "node", "osm_id": 7921771384, "tags": {"access": "private", "addr:city": "Boston", "addr:housenumber": "32", "addr:postcode": "02115", "addr:state": "MA", "addr:street": "Hereford Street", "brand:wikidata": "Q5095098", "club": "social", "heritage:website": "https://studentlife.mit.edu/news/mit%E2%80%99s-chapter-america%E2%80%99s-oldest-national-fraternity-honored-preservation-and-protection-residence", "name": "\u03a7\u03a6", "operator": "MIT", "phone": "+1-617-247-8355", "start_date": "1873", "website": "http://chiphi.mit.edu/home.html"}}, "geometry": {"type": "Point", "coordinates": [-71.0861443, 42.3502155]}}, {"type": "Feature", "properties": {"osm_type": "node", "osm_id": 7967724525, "tags": {"addr:city": "Needham", "addr:housenumber": "16", "addr:postcode": "02492", "addr:state": "MA", "addr:street": "Chestnut Street", "email": "info@needhambowl.com", "leisure": "bowling_alley", "level": "-1", "name": "Needham Bowlaway", "opening_hours:covid19": "Mo-We off; Th 12:00-18:00; Fr 12:00-22:00; Sa 10:00-22:00; Su 10:00-18:00", "phone": "+1-781-449-4060", "sport": "candlepin", "website": "http://www.needhambowl.com/"}}, "geometry": {"type": "Point", "coordinates": [-71.2367895, 42.2798862]}}, {"type": "Feature", "properties": {"osm_type": "node", "osm_id": 7977624941, "tags": {"amenity": "social_centre", "name": "Anna DeFronzo Senior Center"}}, "geometry": {"type": "Point", "coordinates": [-71.0284386, 42.3653295]}}, {"type": "Feature", "properties": {"osm_type": "node", "osm_id": 7996118373, "tags": {"addr:city": "Brookfield", "addr:housenumber": "840", "addr:postcode": "06804", "addr:state": "CT", "addr:street": "Federal Road", "leisure": "bowling_alley", "name": "Strikers of Brookfield", "phone": "+1-203-775-4343", "website": "https://strikersofbrookfield.com/"}}, "geometry": {"type": "Point", "coordinates": [-73.4120451, 41.48402]}}, {"type": "Feature", "properties": {"osm_type": "node", "osm_id": 8252636188, "tags": {"amenity": "social_centre", "brand": "Veterans of Foreign Wars of the United States", "brand:short": "VFW", "brand:wikidata": "Q3556413", "name": "VFW Post", "name:en": "VFW Post", "official_name": "Veterans of Foreign Wars of the United States", "operator": "Veterans of Foreign Wars of the United States", "operator:type": "private_non_profit", "short_name": "VFW", "social_centre:for": "veteran", "website": "https://www.vfw9990.org"}}, "geometry": {"type": "Point", "coordinates": [-72.2900817, 41.9844053]}}, {"type": "Feature", "properties": {"osm_type": "node", "osm_id": 8317490488, "tags": {"addr:city": "Douglassville", "addr:housenumber": "1428", "addr:postcode": "19518", "addr:state": "PA", "addr:street": "Benjamin Franklin Highway", "check_date": "2024-10-18", "leisure": "bowling_alley", "name": "Jay Lanes", "opening_hours": "Mo-Th 12:00-22:00; Fr 12:00-24:00; Sa 11:00-24:00; Su 11:00-22:00", "phone": "+1 610-323-2434", "website": "https://jaylanesbowling.com/"}}, "geometry": {"type": "Point", "coordinates": [-75.7166164, 40.2528171]}}, {"type": "Feature", "properties": {"osm_type": "node", "osm_id": 8321481207, "tags": {"addr:city": "Gill", "addr:housenumber": "55", "addr:state": "MA", "addr:street": "Barton Cove Road", "amenity": "social_centre", "name": "Turners Falls Schuetzen Verein"}}, "geometry": {"type": "Point", "coordinates": [-72.5315857, 42.6020741]}}, {"type": "Feature", "properties": {"osm_type": "node", "osm_id": 8334371886, "tags": {"access": "private", "addr:city": "Pittstown", "addr:housenumber": "95", "addr:postcode": "08867", "addr:state": "NJ", "addr:street": "Quakertown Road", "club": "social", "name": "Quakertown Recreation Club", "operator": "Quakertown Recreation Club", "phone": "+1 908 735 5456"}}, "geometry": {"type": "Point", "coordinates": [-74.9518043, 40.5748372]}}, {"type": "Feature", "properties": {"osm_type": "node", "osm_id": 8381439525, "tags": {"addr:city": "Norwich", "addr:housenumber": "57", "addr:postcode": "06380", "addr:state": "CT", "addr:street": "South Second Avenue", "amenity": "social_centre", "brand": "Knights of Columbus", "brand:short": "KofC", "brand:wikidata": "Q1046799", "name": "Knights of Columbus Hall", "phone": "+1 860 889 5828"}}, "geometry": {"type": "Point", "coordinates": [-72.0482311, 41.5679236]}}, {"type": "Feature", "properties": {"osm_type": "node", "osm_id": 8399531538, "tags": {"addr:city": "Albany", "addr:housenumber": "140", "addr:postcode": "12205", "addr:state": "NY", "addr:street": "VFW Drive", "amenity": "social_centre", "brand": "Veterans of Foreign Wars of the United States", "brand:short": "VFW", "brand:wikidata": "Q3556413", "name": "VFW Post", "name:en": "VFW Post", "nysgissam:nysaddresspointid": "ALBA182072", "nysgissam:review": "no matching street nearby", "official_name": "Veterans of Foreign Wars of the United States", "social_centre:for": "veteran"}}, "geometry": {"type": "Point", "coordinates": [-73.8607051, 42.721503]}}, {"type": "Feature", "properties": {"osm_type": "node", "osm_id": 8405028337, "tags": {"addr:city": "Ballston Spa", "addr:housenumber": "2124", "addr:postcode": "12020", "addr:state": "NY", "addr:street": "Doubleday Avenue", "addr:unit": "1", "amenity": "social_centre", "name": "Rochester Regional Joint Board", "nysgissam:nysaddresspointid": "SARA069870;SARA095096", "website": "https://workersunitedupstate.org"}}, "geometry": {"type": "Point", "coordinates": [-73.8431357, 43.017538]}}, {"type": "Feature", "properties": {"osm_type": "node", "osm_id": 8427125365, "tags": {"amenity": "social_centre", "brand": "Veterans of Foreign Wars of the United States", "brand:wikidata": "Q3556413", "check_date": "2025-10-11", "name": "VFW Post", "name:en": "VFW Post", "official_name": "Veterans of Foreign Wars of the United States", "short_name": "VFW", "social_centre:for": "veteran"}}, "geometry": {"type": "Point", "coordinates": [-76.5050614, 42.4391716]}}, {"type": "Feature", "properties": {"osm_type": "node", "osm_id": 8620427532, "tags": {"addr:city": "Milford", "addr:housenumber": "422", "addr:postcode": "06460", "addr:state": "CT", "addr:street": "Naugatuck Avenue", "amenity": "social_centre", "brand": "Veterans of Foreign Wars of the United States", "brand:short": "VFW", "brand:wikidata": "Q3556413", "name": "VFW Post", "name:en": "VFW Post", "official_name": "Veterans of Foreign Wars of the United States", "ref": "7788", "short_name": "VFW", "social_centre:for": "veteran"}}, "geometry": {"type": "Point", "coordinates": [-73.0989317, 41.1976588]}}, {"type": "Feature", "properties": {"osm_type": "node", "osm_id": 8641921347, "tags": {"addr:city": "New London", "addr:postcode": "06320", "addr:state": "CT", "leisure": "bowling_alley", "name": "Coast Guard Academy Bowling Center", "operator": "United States Coast Guard", "phone": "+1 860 444 8470", "website": "https://cgamwr.com/bowling-alley"}}, "geometry": {"type": "Point", "coordinates": [-72.099127, 41.3740421]}}, {"type": "Feature", "properties": {"osm_type": "node", "osm_id": 8774877608, "tags": {"addr:city": "Cortland", "addr:flats": "1-3", "addr:housenumber": "11", "addr:postcode": "13045", "addr:state": "NY", "addr:street": "Groton Avenue", "amenity": "social_centre", "brand": "Benevolent and Protective Order of Elks", "brand:short": "BPOE", "brand:wikidata": "Q2895789", "name": "Cortland Elks Lodge #748", "nysgissam:nysaddresspointid": "CORT001750;CORT018911;CORT018912;CORT018913", "official_name": "Benevolent and Protective Order of Elks"}}, "geometry": {"type": "Point", "coordinates": [-76.1810735, 42.6010186]}}, {"type": "Feature", "properties": {"osm_type": "node", "osm_id": 8774884661, "tags": {"addr:city": "Cortland", "addr:housenumber": "3898", "addr:postcode": "13045", "addr:state": "NY", "addr:street": "State Route 281", "leisure": "bowling_alley", "name": "281 Bowling", "nysgissam:nysaddresspointid": "CORT010614"}}, "geometry": {"type": "Point", "coordinates": [-76.2057207, 42.5956517]}}, {"type": "Feature", "properties": {"osm_type": "node", "osm_id": 8787550620, "tags": {"addr:city": "Skaneateles", "addr:housenumber": "1", "addr:postcode": "13152", "addr:state": "NY", "addr:street": "Wainwright Drive", "amenity": "social_centre", "brand": "American Legion", "brand:wikidata": "Q468865", "contact:facebook": "https://www.facebook.com/people/Skaneateles-American-Legion-Post-239/100064382724216/?mibextid=LQQJ4d", "name": "American Legion Post #239", "nysgissam:nysaddresspointid": "ONON080798", "phone": "+1-315-685-7614", "social_centre:for": "veteran"}}, "geometry": {"type": "Point", "coordinates": [-76.4312084, 42.9558902]}}, {"type": "Feature", "properties": {"osm_type": "node", "osm_id": 8804388870, "tags": {"addr:city": "Margaretville", "addr:housenumber": "42366", "addr:postcode": "12455", "addr:state": "NY", "addr:street": "State Highway 28", "leisure": "bowling_alley", "name": "The Ark Bowl", "nysgissam:nysaddresspointid": "DELA025783", "website": "https://www.thearkbowl.com/"}}, "geometry": {"type": "Point", "coordinates": [-74.6377237, 42.1461849]}}, {"type": "Feature", "properties": {"osm_type": "node", "osm_id": 8804391814, "tags": {"addr:city": "Hancock", "addr:housenumber": "24735", "addr:postcode": "13783", "addr:state": "NY", "addr:street": "State Highway 97", "leisure": "bowling_alley", "name": "Fox Bowling", "nysgissam:nysaddresspointid": "DELA016493"}}, "geometry": {"type": "Point", "coordinates": [-75.2758729, 41.9506494]}}, {"type": "Feature", "properties": {"osm_type": "node", "osm_id": 8838828306, "tags": {"addr:city": "Sharon", "addr:housenumber": "727", "addr:postcode": "02067", "addr:state": "MA", "addr:street": "South Main Street", "amenity": "social_centre", "brand": "American Legion", "brand:wikidata": "Q468865", "email": "info@sharonlegion106.org", "name": "American Legion Post 106", "phone": "+1 781-784-5821", "social_centre:for": "veteran", "website": "http://www.sharonlegion106.org/home.html"}}, "geometry": {"type": "Point", "coordinates": [-71.2236197, 42.0939634]}}, {"type": "Feature", "properties": {"osm_type": "node", "osm_id": 8899829614, "tags": {"addr:city": "East Hampton", "addr:housenumber": "9", "addr:postcode": "06424", "addr:state": "CT", "addr:street": "Bear Swamp Road", "leisure": "bowling_alley", "name": "Kickback n' Bowl"}}, "geometry": {"type": "Point", "coordinates": [-72.4858936, 41.6003566]}}, {"type": "Feature", "properties": {"osm_type": "node", "osm_id": 8930808498, "tags": {"amenity": "social_centre", "name": "Throgs Neck Community Center"}}, "geometry": {"type": "Point", "coordinates": [-73.8330857, 40.8297615]}}, {"type": "Feature", "properties": {"osm_type": "node", "osm_id": 8941772980, "tags": {"addr:city": "New York", "addr:housenumber": "753", "addr:postcode": "10019", "addr:state": "NY", "addr:street": "9th Avenue", "amenity": "social_centre", "building": "yes", "name": "Atlas Social Club"}}, "geometry": {"type": "Point", "coordinates": [-73.9887906, 40.7640349]}}, {"type": "Feature", "properties": {"osm_type": "node", "osm_id": 8951877319, "tags": {"amenity": "social_centre", "brand": "Free and Accepted Masons", "brand:wikidata": "Q41726", "name": "Jewell Lodge", "ref": "94"}}, "geometry": {"type": "Point", "coordinates": [-71.4528935, 43.1315262]}}, {"type": "Feature", "properties": {"osm_type": "node", "osm_id": 8964345833, "tags": {"addr:city": "New Castle", "addr:housenumber": "3031", "addr:postcode": "19720", "addr:state": "DE", "addr:street": "New Castle Avenue", "leisure": "bowling_alley", "name": "Bowlerama", "opening_hours": "Mo 17:00-22:00; Tu-Th 10:00-22:00; Fr 10:00-23:00; Sa 12:00-22:00; Su 10:00-18:00", "phone": "+13026540263", "website": "https://www.bowlerama.us/"}}, "geometry": {"type": "Point", "coordinates": [-75.5531138, 39.7025435]}}, {"type": "Feature", "properties": {"osm_type": "node", "osm_id": 9014459594, "tags": {"amenity": "social_centre", "name": "Rippleton Center"}}, "geometry": {"type": "Point", "coordinates": [-75.8741055, 42.8868504]}}, {"type": "Feature", "properties": {"osm_type": "node", "osm_id": 9083180595, "tags": {"amenity": "social_centre", "brand": "Veterans of Foreign Wars of the United States", "brand:short": "VFW", "brand:wikidata": "Q3556413", "name": "VFW Post 9261", "name:en": "VFW Post 9261", "official_name": "Veterans of Foreign Wars of the United States", "short_name": "VFW", "social_centre:for": "veteran"}}, "geometry": {"type": "Point", "coordinates": [-70.5702156, 41.460019]}}, {"type": "Feature", "properties": {"osm_type": "node", "osm_id": 9249594473, "tags": {"leisure": "bowling_alley", "name": "Stryxe", "sport": "10pin"}}, "geometry": {"type": "Point", "coordinates": [-74.3984163, 40.7501769]}}, {"type": "Feature", "properties": {"osm_type": "node", "osm_id": 9267975982, "tags": {"amenity": "social_centre", "brand": "American Legion", "brand:wikidata": "Q468865", "name": "American Legion Hall", "ref": "85", "social_centre:for": "veterans"}}, "geometry": {"type": "Point", "coordinates": [-71.5277408, 42.0069531]}}, {"type": "Feature", "properties": {"osm_type": "node", "osm_id": 9288973557, "tags": {"amenity": "social_centre", "brand": "American Legion", "brand:wikidata": "Q468865", "name": "American Legion Hall", "ref": "47", "social_centre:for": "veterans"}}, "geometry": {"type": "Point", "coordinates": [-70.820572, 43.2301328]}}, {"type": "Feature", "properties": {"osm_type": "node", "osm_id": 9289059935, "tags": {"amenity": "social_centre", "brand": "American Legion", "brand:wikidata": "Q468865", "name": "American Legion Hall", "ref": "351", "social_centre:for": "veteran"}}, "geometry": {"type": "Point", "coordinates": [-74.0778896, 39.9475113]}}, {"type": "Feature", "properties": {"osm_type": "node", "osm_id": 9289385844, "tags": {"amenity": "social_centre", "brand": "American Legion", "brand:wikidata": "Q468865", "name": "American Legion Walter L. Fox", "ref": "2", "social_centre:for": "veterans"}}, "geometry": {"type": "Point", "coordinates": [-75.5008514, 39.1473917]}}, {"type": "Feature", "properties": {"osm_type": "node", "osm_id": 9289387740, "tags": {"amenity": "social_centre", "brand": "American Legion", "brand:wikidata": "Q468865", "name": "American Legion Hall", "ref": "243", "social_centre:for": "veterans"}}, "geometry": {"type": "Point", "coordinates": [-75.862726, 38.6348235]}}, {"type": "Feature", "properties": {"osm_type": "node", "osm_id": 9371206935, "tags": {"addr:city": "New York", "addr:housenumber": "77", "addr:postcode": "10002", "addr:state": "NY", "addr:street": "Essex Street", "layer": "-1", "leisure": "bowling_alley", "name": "The Gutter - Lower East Side", "note": "located in basement", "sport": "10pin", "website": "https://www.thegutterbarles.com/lower-east-side"}}, "geometry": {"type": "Point", "coordinates": [-73.9886698, 40.7180466]}}, {"type": "Feature", "properties": {"osm_type": "node", "osm_id": 9418812583, "tags": {"addr:city": "Nahant", "addr:housenumber": "96", "addr:postcode": "01908", "addr:state": "MA", "addr:street": "Nahant Road", "amenity": "social_centre", "brand": "American Legion", "brand:wikidata": "Q468865", "contact:facebook": "https://www.facebook.com/alpost215/photos/?ref=page_internal", "name": "American Legion Hall", "social_centre:for": "veteran"}}, "geometry": {"type": "Point", "coordinates": [-70.9338796, 42.4308113]}}, {"type": "Feature", "properties": {"osm_type": "node", "osm_id": 9428870001, "tags": {"addr:city": "Coventry", "addr:housenumber": "50", "addr:postcode": "02816", "addr:state": "RI", "addr:street": "Wood Street", "amenity": "social_centre", "name": "Coventry Resource and Senior Center", "operator": "Coventry Rhode Island", "operator:type": "government"}}, "geometry": {"type": "Point", "coordinates": [-71.564181, 41.6855396]}}, {"type": "Feature", "properties": {"osm_type": "node", "osm_id": 9453150088, "tags": {"email": "sunnysidebowl@comcast.net", "leisure": "bowling_alley", "name": "Sunnyside Bowling", "opening_hours": "Mo 10:00-22:00; Tu-Th 09:00-22:00; Fr-Sa 10:00-23:00; Su 11:00-21:00", "payment:cards": "no", "payment:cash": "yes", "phone": "+1-978-774-1983", "website": "https://www.sunnysidebowl.com/"}}, "geometry": {"type": "Point", "coordinates": [-70.9189803, 42.5430132]}}, {"type": "Feature", "properties": {"osm_type": "node", "osm_id": 9458362882, "tags": {"addr:city": "Mansfield Center", "addr:housenumber": "185", "addr:postcode": "06250", "addr:state": "CT", "addr:street": "Stafford Road", "email": "luckystrikelanesct@gmail.com", "leisure": "bowling_alley", "name": "Lucky Strike Lanes", "phone": "+1 860 423 8510", "website": "https://www.luckystrikelanesct.com"}}, "geometry": {"type": "Point", "coordinates": [-72.2586532, 41.7373059]}}, {"type": "Feature", "properties": {"osm_type": "node", "osm_id": 9569384316, "tags": {"leisure": "bowling_alley", "name": "Johnson\u2019s Lanes"}}, "geometry": {"type": "Point", "coordinates": [-72.9222272, 41.3692436]}}, {"type": "Feature", "properties": {"osm_type": "node", "osm_id": 9666995423, "tags": {"amenity": "social_centre", "brand": "Veterans of Foreign Wars of the United States", "brand:wikidata": "Q3556413", "name": "VFW Post 1066", "name:en": "VFW Post", "official_name": "Veterans of Foreign Wars of the United States", "short_name": "VFW", "social_centre:for": "veterans"}}, "geometry": {"type": "Point", "coordinates": [-73.4687398, 40.6775282]}}, {"type": "Feature", "properties": {"osm_type": "node", "osm_id": 9666995439, "tags": {"amenity": "social_centre", "brand": "Veterans of Foreign Wars of the United States", "brand:wikidata": "Q3556413", "name": "VFW Post", "name:en": "VFW Post", "official_name": "Veterans of Foreign Wars of the United States", "short_name": "VFW", "social_centre:for": "veterans"}}, "geometry": {"type": "Point", "coordinates": [-73.4391107, 40.67922]}}, {"type": "Feature", "properties": {"osm_type": "node", "osm_id": 9684499770, "tags": {"addr:city": "Queens", "addr:housenumber": "533", "addr:postcode": "11694", "addr:state": "NY", "addr:street": "Beach Channel Drive", "club": "social", "fixme": "Use more specific club tag", "name": "The Belle Harbor Yacht Club", "phone": "+1-718-945-2492", "phone:mnemonic": "+1-718-945-BHYC", "website": "https://thebhyc.com/"}}, "geometry": {"type": "Point", "coordinates": [-73.848457, 40.5814341]}}, {"type": "Feature", "properties": {"osm_type": "node", "osm_id": 9741324581, "tags": {"amenity": "social_centre", "brand": "Knights of Columbus", "brand:short": "KofC", "brand:wikidata": "Q1046799", "check_date": "2022-05-15", "name": "Knights of Columbus Seekonk Council 5108", "wheelchair": "yes"}}, "geometry": {"type": "Point", "coordinates": [-71.3283052, 41.827874]}}, {"type": "Feature", "properties": {"osm_type": "node", "osm_id": 9837556885, "tags": {"addr:city": "Buzzards Bay", "addr:housenumber": "39", "addr:postcode": "02532-3223", "addr:state": "MA", "addr:street": "Cohasset Avenue", "alt_name": "Aeries Lodge", "amenity": "social_centre", "brand": "Fraternal Order of Eagles", "brand:wikidata": "Q5493810", "name": "Eagles Lodge", "official_name": "Fraternal Order of Eagles", "phone": "+1 508-759-9974", "short_name": "FOE", "website": "https://buzzardsbayeagles.com/"}}, "geometry": {"type": "Point", "coordinates": [-70.6126377, 41.7470392]}}, {"type": "Feature", "properties": {"osm_type": "node", "osm_id": 9868900519, "tags": {"addr:city": "Levittown", "addr:housenumber": "1605", "addr:postcode": "19055", "addr:state": "PA", "addr:street": "Haines Road", "amenity": "social_centre", "brand": "Veterans of Foreign Wars of the United States", "brand:wikidata": "Q3556413", "name": "VFW Post", "name:en": "VFW Post", "official_name": "Veterans of Foreign Wars of the United States", "phone": "+12159466261", "short_name": "VFW", "social_centre:for": "veterans"}}, "geometry": {"type": "Point", "coordinates": [-74.8334486, 40.136897]}}, {"type": "Feature", "properties": {"osm_type": "node", "osm_id": 9917513080, "tags": {"addr:housenumber": "51-11", "addr:street": "108th Street", "amenity": "social_centre", "brand": "Veterans of Foreign Wars of the United States", "brand:wikidata": "Q3556413", "check_date": "2024-07-28", "name": "VFW Post", "name:en": "VFW Post", "official_name": "Veterans of Foreign Wars of the United States", "short_name": "VFW", "social_centre:for": "veteran"}}, "geometry": {"type": "Point", "coordinates": [-73.8549173, 40.7436076]}}, {"type": "Feature", "properties": {"osm_type": "node", "osm_id": 9944021237, "tags": {"amenity": "social_centre", "brand": "American Legion", "brand:wikidata": "Q468865", "name": "American Legion Hall", "social_centre:for": "veterans"}}, "geometry": {"type": "Point", "coordinates": [-76.0512677, 38.7734039]}}, {"type": "Feature", "properties": {"osm_type": "node", "osm_id": 10047913279, "tags": {"amenity": "social_centre", "brand": "American Legion", "brand:wikidata": "Q468865", "name": "American Legion Hall 1152", "social_centre:for": "veteran"}}, "geometry": {"type": "Point", "coordinates": [-73.153902, 40.8647083]}}, {"type": "Feature", "properties": {"osm_type": "node", "osm_id": 10131308453, "tags": {"addr:housenumber": "27", "addr:street": "West 44th Street", "club": "social", "name": "The Harvard Club", "wikidata": "Q5676326", "wikipedia": "en:Harvard Club of New York City"}}, "geometry": {"type": "Point", "coordinates": [-73.9812059, 40.7554936]}}, {"type": "Feature", "properties": {"osm_type": "node", "osm_id": 10245668522, "tags": {"access": "private", "alt_name": "Beit Haniana Friendly Private Club", "club": "social", "name": "Beit Haniana Friendly Social Club"}}, "geometry": {"type": "Point", "coordinates": [-74.0204044, 40.6344871]}}, {"type": "Feature", "properties": {"osm_type": "node", "osm_id": 10299419159, "tags": {"amenity": "social_centre", "brand": "American Legion", "brand:wikidata": "Q468865", "name": "American Legion Post 258", "social_centre:for": "veterans"}}, "geometry": {"type": "Point", "coordinates": [-74.9577342, 40.9744978]}}, {"type": "Feature", "properties": {"osm_type": "node", "osm_id": 10594999044, "tags": {"alt_name": "Aeries Lodge", "amenity": "social_centre", "brand": "Fraternal Order of Eagles", "brand:wikidata": "Q5493810", "name": "Rensselaer AERIE No. 446", "official_name": "Fraternal Order of Eagles", "short_name": "FOE"}}, "geometry": {"type": "Point", "coordinates": [-73.7394549, 42.6470822]}}, {"type": "Feature", "properties": {"osm_type": "node", "osm_id": 10594999045, "tags": {"amenity": "social_centre", "brand": "American Legion", "brand:wikidata": "Q468865", "name": "Gerald O'Neil American Legion Post 1683", "social_centre:for": "veteran"}}, "geometry": {"type": "Point", "coordinates": [-73.7393045, 42.6468091]}}, {"type": "Feature", "properties": {"osm_type": "node", "osm_id": 10635201963, "tags": {"check_date": "2026-01-21", "leisure": "bowling_alley", "name": "Bowl-O-Rama", "sport": "candlepin"}}, "geometry": {"type": "Point", "coordinates": [-70.7691274, 43.0555893]}}, {"type": "Feature", "properties": {"osm_type": "node", "osm_id": 10646802360, "tags": {"check_date": "2023-02-10", "leisure": "bowling_alley", "name": "Pinz"}}, "geometry": {"type": "Point", "coordinates": [-70.7850208, 43.0355036]}}, {"type": "Feature", "properties": {"osm_type": "node", "osm_id": 10658345886, "tags": {"addr:city": "Easthampton", "addr:housenumber": "128", "addr:postcode": "01027", "addr:state": "MA", "addr:street": "Main Street", "amenity": "social_centre", "name": "Easthampton Family Center"}}, "geometry": {"type": "Point", "coordinates": [-72.6726101, 42.2692039]}}, {"type": "Feature", "properties": {"osm_type": "node", "osm_id": 10658384341, "tags": {"addr:city": "Easthampton", "addr:housenumber": "19", "addr:postcode": "01027", "addr:state": "MA", "addr:street": "Union Street", "amenity": "social_centre", "name": "Easthampton Council On Aging"}}, "geometry": {"type": "Point", "coordinates": [-72.6714585, 42.2696029]}}, {"type": "Feature", "properties": {"osm_type": "node", "osm_id": 10716520264, "tags": {"addr:city": "Salem", "addr:housenumber": "18", "addr:postcode": "01970", "addr:state": "MA", "addr:street": "Commercial Street", "amenity": "social_centre", "name": "Columbus Society of Salem", "phone": "+1-978-745-6536"}}, "geometry": {"type": "Point", "coordinates": [-70.9012619, 42.5244522]}}, {"type": "Feature", "properties": {"osm_type": "node", "osm_id": 10780877946, "tags": {"amenity": "social_centre", "brand": "Veterans of Foreign Wars of the United States", "brand:short": "VFW", "brand:wikidata": "Q3556413", "name": "VFW Post", "name:en": "VFW Post", "official_name": "Veterans of Foreign Wars of the United States", "short_name": "VFW", "social_centre:for": "veteran"}}, "geometry": {"type": "Point", "coordinates": [-71.1362182, 42.46499]}}, {"type": "Feature", "properties": {"osm_type": "node", "osm_id": 10781960731, "tags": {"amenity": "social_centre", "brand": "Loyal Order of Moose", "brand:wikidata": "Q6908585", "name": "Moose Lodge", "official_name": "Loyal Order of Moose"}}, "geometry": {"type": "Point", "coordinates": [-71.1535521, 42.479783]}}, {"type": "Feature", "properties": {"osm_type": "node", "osm_id": 10789054841, "tags": {"amenity": "social_centre", "name": "Union Club"}}, "geometry": {"type": "Point", "coordinates": [-71.0627508, 42.3574076]}}, {"type": "Feature", "properties": {"osm_type": "node", "osm_id": 10822962189, "tags": {"branch": "Thomas Dongan Council No. 1251", "club": "social", "name": "Knights of Columbus"}}, "geometry": {"type": "Point", "coordinates": [-74.0248042, 40.6246128]}}, {"type": "Feature", "properties": {"osm_type": "node", "osm_id": 10825169305, "tags": {"amenity": "social_centre", "brand": "Veterans of Foreign Wars of the United States", "brand:wikidata": "Q3556413", "name": "VFW Post", "name:en": "VFW Post", "official_name": "Veterans of Foreign Wars of the United States", "short_name": "VFW", "social_centre:for": "veteran"}}, "geometry": {"type": "Point", "coordinates": [-73.8455666, 40.7097636]}}, {"type": "Feature", "properties": {"osm_type": "node", "osm_id": 10830880312, "tags": {"leisure": "bowling_alley"}}, "geometry": {"type": "Point", "coordinates": [-75.5210491, 42.5161079]}}, {"type": "Feature", "properties": {"osm_type": "node", "osm_id": 10960206768, "tags": {"addr:city": "Portsmouth", "addr:housenumber": "40", "addr:postcode": "03801", "addr:state": "NH", "addr:street": "Andrew Jarvis Drive", "amenity": "social_centre", "brand": "AHEPA", "brand:wikidata": "Q4743973", "name": "AHEPA Hall"}}, "geometry": {"type": "Point", "coordinates": [-70.7678456, 43.0584346]}}, {"type": "Feature", "properties": {"osm_type": "node", "osm_id": 10976563620, "tags": {"addr:city": "Kingston", "addr:housenumber": "26", "addr:postcode": "12401", "addr:state": "NY", "addr:street": "Wynkoop Place", "amenity": "social_centre", "name": "Comforter of Kingston Reformed Church Fellowship Hall", "operator": "Comforter of Kingston Reformed Church", "operator:type": "religious", "phone": "+1-845-338-6126", "website": "https://comforterofkingston.org/", "wheelchair": "yes"}}, "geometry": {"type": "Point", "coordinates": [-73.9934923, 41.929674]}}, {"type": "Feature", "properties": {"osm_type": "node", "osm_id": 11004342869, "tags": {"amenity": "social_centre", "brand": "American Legion", "brand:wikidata": "Q468865", "name": "Cecil Post 15", "social_centre:for": "veterans"}}, "geometry": {"type": "Point", "coordinates": [-75.8317309, 39.6078191]}}, {"type": "Feature", "properties": {"osm_type": "node", "osm_id": 11017182542, "tags": {"addr:city": "Vernon", "addr:housenumber": "350", "addr:postcode": "06066", "addr:state": "CT", "addr:street": "Talcottville Road", "leisure": "bowling_alley", "name": "Spare Time Vernon"}}, "geometry": {"type": "Point", "coordinates": [-72.4876862, 41.8415958]}}, {"type": "Feature", "properties": {"osm_type": "node", "osm_id": 11036314458, "tags": {"amenity": "social_centre", "brand": "American Legion", "brand:wikidata": "Q468865", "name": "American Legion Hall", "social_centre:for": "veterans"}}, "geometry": {"type": "Point", "coordinates": [-76.1450116, 43.0956267]}}, {"type": "Feature", "properties": {"osm_type": "node", "osm_id": 11048651022, "tags": {"amenity": "social_centre", "brand": "American Legion", "brand:wikidata": "Q468865", "check_date": "2023-07-15", "name": "American Legion Hall", "social_centre:for": "veteran"}}, "geometry": {"type": "Point", "coordinates": [-74.0024559, 40.7266744]}}, {"type": "Feature", "properties": {"osm_type": "node", "osm_id": 11060798969, "tags": {"addr:city": "Schuylerville", "addr:housenumber": "116", "addr:postcode": "12871", "addr:state": "NY", "addr:street": "Broad Street", "leisure": "bowling_alley", "name": "Olde Saratoga Bowl"}}, "geometry": {"type": "Point", "coordinates": [-73.5812647, 43.0995697]}}, {"type": "Feature", "properties": {"osm_type": "node", "osm_id": 11077855153, "tags": {"addr:city": "Oxford", "addr:housenumber": "227", "addr:postcode": "01540", "addr:state": "MA", "addr:street": "Main Street", "amenity": "social_centre", "brand": "American Legion", "brand:wikidata": "Q468865", "name": "American Legion Hall", "social_centre:for": "veteran"}}, "geometry": {"type": "Point", "coordinates": [-71.866481, 42.1092982]}}, {"type": "Feature", "properties": {"osm_type": "node", "osm_id": 11092362928, "tags": {"amenity": "social_centre", "brand": "American Legion", "brand:wikidata": "Q468865", "name": "American Legion Post 958", "social_centre:for": "veteran"}}, "geometry": {"type": "Point", "coordinates": [-73.6633816, 40.6403895]}}, {"type": "Feature", "properties": {"osm_type": "node", "osm_id": 11111193649, "tags": {"amenity": "social_centre", "brand": "American Legion", "brand:wikidata": "Q468865", "name": "American Legion Hall", "social_centre:for": "veteran"}}, "geometry": {"type": "Point", "coordinates": [-71.6897568, 42.2132745]}}, {"type": "Feature", "properties": {"osm_type": "node", "osm_id": 11182583282, "tags": {"addr:city": "Cedarhurst", "addr:housenumber": "445", "addr:postcode": "11516", "addr:state": "NY", "addr:street": "Central Ave", "addr:unit": "Suite 332", "amenity": "social_centre", "description": "Bright Futures staffs providers for Health Home and HCBS Services. Bright Futures is a staffing/servicing partner of Yeled V'Yalda that provides HCBS services to children who have Medicaid and qualify. We accept children across the NY State.", "image": "https://local-platform.s3.us-east-2.amazonaws.com/location/logo/159943/cg6XyiZICwn1ilACnRnSearCkF5NXVJapqjp5zew.jpg", "name": "Bright Futures", "opening_hours": "Mo-Th 09:00-15:00, Fr 09:00-12:00", "phone": "+1-347-970-9531", "website": "https://www.brightfuturesny.com/"}}, "geometry": {"type": "Point", "coordinates": [-73.7252561, 40.6203457]}}, {"type": "Feature", "properties": {"osm_type": "node", "osm_id": 11225105214, "tags": {"amenity": "social_centre", "brand": "American Legion", "brand:wikidata": "Q468865", "check_date": "2026-03-28", "name": "American Legion", "social_centre:for": "veteran"}}, "geometry": {"type": "Point", "coordinates": [-75.2236429, 40.0389295]}}, {"type": "Feature", "properties": {"osm_type": "node", "osm_id": 11231061177, "tags": {"amenity": "social_centre", "check_date": "2023-09-30", "name": "Adam Kowalski Post #1", "social_centre:for": "veteran"}}, "geometry": {"type": "Point", "coordinates": [-75.2072236, 40.0245589]}}, {"type": "Feature", "properties": {"osm_type": "node", "osm_id": 11237207937, "tags": {"amenity": "social_centre", "brand": "Veterans of Foreign Wars of the United States", "brand:wikidata": "Q3556413", "name": "VFW Post", "name:en": "VFW Post", "official_name": "Veterans of Foreign Wars of the United States", "short_name": "VFW", "social_centre:for": "veteran"}}, "geometry": {"type": "Point", "coordinates": [-73.6358461, 40.658695]}}, {"type": "Feature", "properties": {"osm_type": "node", "osm_id": 11264710229, "tags": {"leisure": "bowling_alley", "name": "Splitsville"}}, "geometry": {"type": "Point", "coordinates": [-71.2658178, 42.0933263]}}, {"type": "Feature", "properties": {"osm_type": "node", "osm_id": 11275592823, "tags": {"addr:city": "Syracuse", "addr:housenumber": "1604", "addr:postcode": "13206", "addr:state": "NY", "addr:street": "Burnet Avenue", "amenity": "social_centre", "brand": "American Legion", "brand:wikidata": "Q468865", "contact:facebook": "https://www.facebook.com/p/Sons-of-the-American-Legion-Post-1650-100064689850623", "name": "Gen. Pulaski Post 1650", "nysgissam:nysaddresspointid": "ONON142032", "social_centre:for": "veteran"}}, "geometry": {"type": "Point", "coordinates": [-76.1154811, 43.0558109]}}, {"type": "Feature", "properties": {"osm_type": "node", "osm_id": 11383112965, "tags": {"leisure": "bowling_alley", "name": "North Star Candlepin Bowling", "sport": "candlepin"}}, "geometry": {"type": "Point", "coordinates": [-72.8621088, 42.87764]}}, {"type": "Feature", "properties": {"osm_type": "node", "osm_id": 11575262980, "tags": {"addr:city": "Deptford", "addr:housenumber": "1750", "addr:postcode": "08096", "addr:state": "NJ", "addr:street": "Deptford Center Road", "branch": "Deptford Mall", "brand": "Round1", "brand:wikidata": "Q11346634", "check_date": "2025-12-05", "leisure": "bowling_alley", "name": "Round1", "opening_hours": "10:00-02:00", "phone": "+1 855-772-6636", "sport": "10pin", "website": "https://www.round1usa.com/locations/deptford-mall"}}, "geometry": {"type": "Point", "coordinates": [-75.0977966, 39.8305076]}}, {"type": "Feature", "properties": {"osm_type": "node", "osm_id": 11749271944, "tags": {"amenity": "social_centre"}}, "geometry": {"type": "Point", "coordinates": [-74.3795372, 39.9501346]}}, {"type": "Feature", "properties": {"osm_type": "node", "osm_id": 11769746154, "tags": {"addr:city": "Downingtown", "addr:housenumber": "430", "addr:postcode": "19335", "addr:state": "PA", "addr:street": "Chestnut Street", "amenity": "social_centre", "name": "Cpl Brandon Hardy/Chester County Detachment Marine Corps League", "phone": "+1-610-518-5375", "website": "https://chestercountymcl.com"}}, "geometry": {"type": "Point", "coordinates": [-75.6939934, 40.0042783]}}, {"type": "Feature", "properties": {"osm_type": "node", "osm_id": 11787594486, "tags": {"amenity": "social_centre", "name": "Loyal Order of Odd Fellows"}}, "geometry": {"type": "Point", "coordinates": [-75.174126, 40.0355423]}}, {"type": "Feature", "properties": {"osm_type": "node", "osm_id": 11929656884, "tags": {"addr:city": "Yorktown", "addr:housenumber": "4200", "addr:postcode": "23692", "addr:state": "VA", "addr:street": "George Washington Memorial Highway", "brand": "Bowlero", "brand:wikidata": "Q17102967", "leisure": "bowling_alley", "name": "Bowlero", "opening_hours": "Mo-Th 17:00-23:00; Fr 12:00-00:00; Sa 10:00-00:00; Su 12:00-11:00", "phone": "+1 757-890-0495", "website": "https://www.amf.com/location/amf-york-lanes/"}}, "geometry": {"type": "Point", "coordinates": [-76.4568721, 37.1433625]}}, {"type": "Feature", "properties": {"osm_type": "node", "osm_id": 11959128548, "tags": {"addr:city": "Cambridge", "addr:housenumber": "69", "addr:postcode": "02139", "addr:state": "MA", "addr:street": "Chestnut Street", "amenity": "social_centre", "name": "Pika", "operator": "Massachusetts Institute of Technology", "operator:type": "cooperative"}}, "geometry": {"type": "Point", "coordinates": [-71.1082368, 42.3564851]}}, {"type": "Feature", "properties": {"osm_type": "node", "osm_id": 11959254513, "tags": {"addr:city": "Snow Hill", "addr:housenumber": "120", "addr:postcode": "21863", "addr:state": "MD", "addr:street": "West Green Street", "amenity": "social_centre", "brand": "American Legion", "brand:wikidata": "Q468865", "name": "American Legion Post 67", "social_centre:for": "veteran"}}, "geometry": {"type": "Point", "coordinates": [-75.3941847, 38.1773699]}}, {"type": "Feature", "properties": {"osm_type": "node", "osm_id": 11969297206, "tags": {"addr:housenumber": "22", "addr:postcode": "10308", "addr:street": "Hillside Terrace", "amenity": "social_centre", "brand": "Knights of Columbus", "brand:short": "KofC", "brand:wikidata": "Q1046799", "name": "Knights of Columbus Council", "ref": "1662", "short_name": "KofC", "start_date": "1912-10-27"}}, "geometry": {"type": "Point", "coordinates": [-74.1494986, 40.5504966]}}, {"type": "Feature", "properties": {"osm_type": "node", "osm_id": 12052987070, "tags": {"addr:city": "Farmington", "addr:housenumber": "3", "addr:postcode": "06032", "addr:state": "CT", "addr:street": "Meadow Road", "club": "social", "name": "Central Connecticut Radio Control Club (CCRCC)", "website": "https://ccrcclub.com"}}, "geometry": {"type": "Point", "coordinates": [-72.8478156, 41.7191092]}}, {"type": "Feature", "properties": {"osm_type": "node", "osm_id": 12072259406, "tags": {"amenity": "social_centre"}}, "geometry": {"type": "Point", "coordinates": [-74.3488227, 39.9331529]}}, {"type": "Feature", "properties": {"osm_type": "node", "osm_id": 12080270531, "tags": {"amenity": "bar", "leisure": "bowling_alley", "name": "Timber Axe Bar & Bowl", "sport": "10pin"}}, "geometry": {"type": "Point", "coordinates": [-70.6180234, 41.5522536]}}, {"type": "Feature", "properties": {"osm_type": "node", "osm_id": 12085299530, "tags": {"amenity": "restaurant", "leisure": "bowling_alley", "name": "Kings Dining & Entertainment", "note": "also contains arcade games", "sport": "10pin;billiards"}}, "geometry": {"type": "Point", "coordinates": [-71.1771292, 42.2295931]}}, {"type": "Feature", "properties": {"osm_type": "node", "osm_id": 12101223836, "tags": {"access": "private", "leisure": "bowling_alley", "name": "University Club of Albany Building Bowling Alley", "note": "private bowling alley for members only located in basement", "sport": "10pin"}}, "geometry": {"type": "Point", "coordinates": [-73.7608366, 42.6560819]}}, {"type": "Feature", "properties": {"osm_type": "node", "osm_id": 12112968426, "tags": {"leisure": "bowling_alley", "name": "Villa Roma Bowling Alley", "note": "open to general public", "sport": "10pin"}}, "geometry": {"type": "Point", "coordinates": [-74.97504, 41.7601548]}}, {"type": "Feature", "properties": {"osm_type": "node", "osm_id": 12113611849, "tags": {"addr:city": "Lodi", "addr:housenumber": "58", "addr:postcode": "07644", "addr:state": "NJ", "addr:street": "Terhune Avenue", "air_conditioning": "yes", "leisure": "bowling_alley", "name": "Lodi Lanes", "opening_hours": "Su 09:00-23:00; Mo-Tu 14:00-00:00; We 12:00-00:30; Th 14:00-00:00; Fr 12:00-00:00; Sa 12:00-01:00", "website": "https://lodilanes.com/"}}, "geometry": {"type": "Point", "coordinates": [-74.0911887, 40.8639861]}}, {"type": "Feature", "properties": {"osm_type": "node", "osm_id": 12162612558, "tags": {"amenity": "social_centre", "brand": "American Legion", "brand:wikidata": "Q468865", "name": "American Legion Hall", "social_centre:for": "veteran"}}, "geometry": {"type": "Point", "coordinates": [-70.5174894, 41.3816278]}}, {"type": "Feature", "properties": {"osm_type": "node", "osm_id": 12168244918, "tags": {"amenity": "social_centre", "brand": "Veterans of Foreign Wars", "name": "Veterans of Foreign Wars Post 845", "website": "https://vfw845.org/di/vfw/v2/default.asp"}}, "geometry": {"type": "Point", "coordinates": [-75.7273825, 40.0001647]}}, {"type": "Feature", "properties": {"osm_type": "node", "osm_id": 12180689407, "tags": {"addr:housenumber": "550", "addr:street": "Oriskany Boulevard", "leisure": "bowling_alley", "name": "Vista Lanes"}}, "geometry": {"type": "Point", "coordinates": [-75.2773678, 43.1144325]}}, {"type": "Feature", "properties": {"osm_type": "node", "osm_id": 12202069173, "tags": {"leisure": "bowling_alley", "name": "Flamingo Bowl"}}, "geometry": {"type": "Point", "coordinates": [-76.2167351, 43.1209386]}}, {"type": "Feature", "properties": {"osm_type": "node", "osm_id": 12232829968, "tags": {"addr:housenumber": "5471", "addr:street": "White Haven Road", "club": "social", "contact:email": "https://www.greenhillcc.com/Default.aspx?p=DynamicModule&pageid=23&ssid=100041&vnf=1", "name": "Green Hill country club", "phone": "+1-410-749-5119", "website": "https://www.greenhillcc.com/"}}, "geometry": {"type": "Point", "coordinates": [-75.7272086, 38.341601]}}, {"type": "Feature", "properties": {"osm_type": "node", "osm_id": 12247323043, "tags": {"amenity": "social_centre", "brand": "American Legion", "brand:wikidata": "Q468865", "name": "American Legion Hall", "social_centre:for": "veteran"}}, "geometry": {"type": "Point", "coordinates": [-72.0746268, 42.6069726]}}, {"type": "Feature", "properties": {"osm_type": "node", "osm_id": 12356827592, "tags": {"amenity": "social_centre"}}, "geometry": {"type": "Point", "coordinates": [-73.8888061, 40.6996306]}}, {"type": "Feature", "properties": {"osm_type": "node", "osm_id": 12374960235, "tags": {"addr:city": "Middletown", "addr:housenumber": "185", "addr:postcode": "06457", "addr:state": "CT", "addr:street": "High Street", "amenity": "community_centre", "club": "social", "community_centre": "club_home", "name": "Alpha Delta Phi Middletown Chapter"}}, "geometry": {"type": "Point", "coordinates": [-72.6548118, 41.5546799]}}, {"type": "Feature", "properties": {"osm_type": "node", "osm_id": 12406991816, "tags": {"addr:city": "Malden", "addr:housenumber": "7", "addr:postcode": "02148", "addr:state": "MA", "addr:street": "Washington Street", "air_conditioning": "yes", "alt_name": "John & Christina Markey Malden Senior Community Center", "amenity": "social_centre", "check_date": "2024-12-09", "name": "Malden Senior Center", "opening_hours": "Mo-Fr 08:00-15:00", "operator": "City of Malden", "website": "https://www.cityofmalden.org/250/Senior-Center"}}, "geometry": {"type": "Point", "coordinates": [-71.0703351, 42.4274513]}}, {"type": "Feature", "properties": {"osm_type": "node", "osm_id": 12426190564, "tags": {"amenity": "social_centre", "brand": "Veterans of Foreign Wars of the United States", "brand:wikidata": "Q3556413", "name": "VFW Post 9593", "name:en": "VFW Post", "official_name": "Veterans of Foreign Wars of the United States", "short_name": "VFW", "social_centre:for": "veteran"}}, "geometry": {"type": "Point", "coordinates": [-73.7314407, 42.3523308]}}, {"type": "Feature", "properties": {"osm_type": "node", "osm_id": 12444532897, "tags": {"addr:city": "Saint Albans", "addr:housenumber": "118-35", "addr:postcode": "11412", "addr:state": "NY", "addr:street": "Farmers Boulevard", "amenity": "social_centre", "name": "Best Life Older Adult Center", "operator": "Catholic Charities of Brooklyn and Queens", "operator:type": "private", "website": "https://www.ccbq.org/older-adult-centers/best-life-older-adult-center/"}}, "geometry": {"type": "Point", "coordinates": [-73.7616093, 40.6893797]}}, {"type": "Feature", "properties": {"osm_type": "node", "osm_id": 12456546175, "tags": {"club": "social", "name": "Knights of Columbus", "ref": "1675"}}, "geometry": {"type": "Point", "coordinates": [-74.2396827, 40.5354844]}}, {"type": "Feature", "properties": {"osm_type": "node", "osm_id": 12457197500, "tags": {"addr:city": "Elkton", "addr:housenumber": "129", "addr:postcode": "21921", "addr:state": "MD", "addr:street": "West Main Street", "amenity": "social_centre", "brand": "American Legion", "brand:wikidata": "Q468865", "contact:facebook": "https://www.facebook.com/people/American-Legion-Cecil-Post-15-Elkton-MD/61555669657180/", "name": "American Legion Cecil Post 15", "phone": "+1-410-398-9720", "social_centre:for": "veteran", "website": "https://www.alpost15.com/"}}, "geometry": {"type": "Point", "coordinates": [-75.8316388, 39.6073657]}}, {"type": "Feature", "properties": {"osm_type": "node", "osm_id": 12573929204, "tags": {"addr:city": "Philadelphia", "addr:housenumber": "4045", "addr:postcode": "19104", "addr:state": "PA", "addr:street": "Walnut Street", "amenity": "social_centre", "name": "Alpha Phi"}}, "geometry": {"type": "Point", "coordinates": [-75.2048429, 39.9546469]}}, {"type": "Feature", "properties": {"osm_type": "node", "osm_id": 12586117053, "tags": {"leisure": "bowling_alley", "name": "AMF Strathmore Lanes"}}, "geometry": {"type": "Point", "coordinates": [-74.2272347, 40.4009759]}}, {"type": "Feature", "properties": {"osm_type": "node", "osm_id": 12596381634, "tags": {"amenity": "social_centre", "brand": "Veterans of Foreign Wars of the United States", "brand:wikidata": "Q3556413", "name": "VFW Post", "name:en": "VFW Post", "official_name": "Veterans of Foreign Wars of the United States", "short_name": "VFW", "social_centre:for": "veteran"}}, "geometry": {"type": "Point", "coordinates": [-74.2866661, 41.0582636]}}, {"type": "Feature", "properties": {"osm_type": "node", "osm_id": 12631281013, "tags": {"addr:city": "Edgewood", "addr:housenumber": "2104", "addr:postcode": "21040", "addr:state": "MD", "addr:street": "Trimble Road", "amenity": "social_centre", "brand": "Lions Clubs International", "brand:wikidata": "Q270029", "name": "Lions Clubs International", "source": "esri/USA_NAD_Addresses", "website": "https://e-clubhouse.org/sites/edgewood/index.php"}}, "geometry": {"type": "Point", "coordinates": [-76.2969857, 39.4193507]}}, {"type": "Feature", "properties": {"osm_type": "node", "osm_id": 12631632037, "tags": {"amenity": "social_centre", "brand": "Veterans of Foreign Wars of the United States", "brand:wikidata": "Q3556413", "name": "VFW Post", "name:en": "VFW Post", "official_name": "Veterans of Foreign Wars of the United States", "short_name": "VFW", "social_centre:for": "veteran"}}, "geometry": {"type": "Point", "coordinates": [-70.9068941, 41.6417423]}}, {"type": "Feature", "properties": {"osm_type": "node", "osm_id": 12634624500, "tags": {"leisure": "bowling_alley"}}, "geometry": {"type": "Point", "coordinates": [-74.5262585, 40.8886919]}}, {"type": "Feature", "properties": {"osm_type": "node", "osm_id": 12657775625, "tags": {"addr:city": "Bethlehem", "addr:housenumber": "77", "addr:postcode": "18018", "addr:state": "PA", "addr:street": "West Broad Street", "addr:unit": "14C", "amenity": "social_centre", "name": "First Windish Fraternal Benefit Society Of America"}}, "geometry": {"type": "Point", "coordinates": [-75.3809384, 40.6216928]}}, {"type": "Feature", "properties": {"osm_type": "node", "osm_id": 12682025686, "tags": {"addr:city": "Whitehall", "addr:housenumber": "731", "addr:postcode": "18052", "addr:state": "PA", "addr:street": "Jordan Parkway", "leisure": "bowling_alley", "name": "Jordan Lanes"}}, "geometry": {"type": "Point", "coordinates": [-75.4824134, 40.6216964]}}, {"type": "Feature", "properties": {"osm_type": "node", "osm_id": 12691936642, "tags": {"addr:housenumber": "482", "addr:street": "Westley Road", "club": "social", "name": "Sleepy Hollow AC", "phone": "+1 610 856 7516", "website": "https://sleepyhollowac.com/"}}, "geometry": {"type": "Point", "coordinates": [-75.9259552, 40.2247318]}}, {"type": "Feature", "properties": {"osm_type": "node", "osm_id": 12739375693, "tags": {"addr:city": "Village of Floral Park", "addr:housenumber": "33", "addr:postcode": "11001", "addr:state": "NY", "addr:street": "South Tyson Avenue", "amenity": "social_centre", "brand": "Knights of Columbus", "brand:short": "KofC", "brand:wikidata": "Q1046799", "name": "Knights of Columbus Council", "phone": "+15163529770", "source": "local knowledge;streetlevel imagery", "website": "https://www.kofc.org/en//index.html"}}, "geometry": {"type": "Point", "coordinates": [-73.7043194, 40.7271812]}}, {"type": "Feature", "properties": {"osm_type": "node", "osm_id": 12777648605, "tags": {"addr:city": "East Hampton", "addr:housenumber": "55", "addr:postcode": "06424", "addr:state": "CT", "addr:street": "Main Street", "amenity": "social_centre", "brand": "American Legion", "brand:wikidata": "Q468865", "name": "American Legion Treadway-Cavanaugh Post 64", "operator": "American Legion", "operator:type": "private_non_profit", "social_centre:for": "veteran", "website": "https://www.ctlegion.org/post-locator"}}, "geometry": {"type": "Point", "coordinates": [-72.5034494, 41.5771686]}}, {"type": "Feature", "properties": {"osm_type": "node", "osm_id": 12780066124, "tags": {"amenity": "social_centre", "brand": "The National Grange of the Order of Patrons of Husbandry", "brand:wikidata": "Q7753183", "name": "Riverton Grange #169", "operator": "Riverton Grange #169"}}, "geometry": {"type": "Point", "coordinates": [-73.0197033, 41.9605937]}}, {"type": "Feature", "properties": {"osm_type": "node", "osm_id": 12804499076, "tags": {"amenity": "social_centre", "name": "Queens Social Adult Day Care Center"}}, "geometry": {"type": "Point", "coordinates": [-73.8076034, 40.7065322]}}, {"type": "Feature", "properties": {"osm_type": "node", "osm_id": 12830234819, "tags": {"amenity": "social_centre", "name": "Alcoholics Anonymous Grupo Tres Legados"}}, "geometry": {"type": "Point", "coordinates": [-76.5630998, 39.2866702]}}, {"type": "Feature", "properties": {"osm_type": "node", "osm_id": 12830234984, "tags": {"amenity": "social_centre", "name": "Highland Lodge No. 184, Ancient Free and Accepted Masons", "website": "https://www.highlandlodge184.org/"}}, "geometry": {"type": "Point", "coordinates": [-76.5673646, 39.2880478]}}, {"type": "Feature", "properties": {"osm_type": "node", "osm_id": 12837340086, "tags": {"amenity": "social_centre", "name": "International Brotherhood of Electrical Workers - Local 313", "short_name": "Local 313 IBEW"}}, "geometry": {"type": "Point", "coordinates": [-75.5981378, 39.6929916]}}, {"type": "Feature", "properties": {"osm_type": "node", "osm_id": 12874031373, "tags": {"addr:housenumber": "1775", "addr:street": "Washington Street", "addr:unit": "400", "check_date": "2025-05-29", "leisure": "bowling_alley", "name": "Ryan's"}}, "geometry": {"type": "Point", "coordinates": [-70.840824, 42.1468945]}}, {"type": "Feature", "properties": {"osm_type": "node", "osm_id": 12945555602, "tags": {"leisure": "bowling_alley", "name": "Pin Street"}}, "geometry": {"type": "Point", "coordinates": [-74.3826106, 41.2376562]}}, {"type": "Feature", "properties": {"osm_type": "node", "osm_id": 12978990610, "tags": {"amenity": "social_centre", "brand": "Veterans of Foreign Wars of the United States", "brand:short": "VFW", "brand:wikidata": "Q3556413", "name": "Hillsborough Memorial VFW Post 8371", "name:en": "VFW Post", "official_name": "Veterans of Foreign Wars of the United States", "social_centre:for": "veteran"}}, "geometry": {"type": "Point", "coordinates": [-74.6827514, 40.5091837]}}, {"type": "Feature", "properties": {"osm_type": "node", "osm_id": 12995235727, "tags": {"amenity": "social_centre", "brand": "Veterans of Foreign Wars of the United States", "brand:short": "VFW", "brand:wikidata": "Q3556413", "name": "Hattal-Taylor VFW Post 333", "official_name": "Veterans of Foreign Wars of the United States", "social_centre:for": "veteran"}}, "geometry": {"type": "Point", "coordinates": [-75.2179882, 40.030907]}}, {"type": "Feature", "properties": {"osm_type": "node", "osm_id": 13007166619, "tags": {"addr:city": "Manchester", "addr:country": "US", "addr:housenumber": "751", "addr:postcode": "03102", "addr:state": "NH", "addr:street": "Mast Road", "contact:facebook": "https://www.facebook.com/KingBowlingLanes/", "leisure": "bowling_alley", "name": "King Bowling Lanes", "phone": "+1-603-623-9215", "sport": "candlepin", "website": "http://kinglanes.com/"}}, "geometry": {"type": "Point", "coordinates": [-71.4995371, 42.990689]}}, {"type": "Feature", "properties": {"osm_type": "node", "osm_id": 13010520035, "tags": {"addr:city": "Aberdeen", "addr:housenumber": "28", "addr:postcode": "21001", "addr:state": "MD", "addr:street": "Centennial Lane", "amenity": "social_centre", "email": "office@nemdaa.org", "name": "Northeastern Maryland Intergroup of Alcoholics Anonymous", "office": "yes", "opening_hours": "Mo off; Tu-Th 10:00-15:00; Fr 10:00-17:00; Sa 10:00-14:00; Su off", "phone": "+1-410-272-4150", "website": "https://www.nemdaa.org/"}}, "geometry": {"type": "Point", "coordinates": [-76.1643923, 39.5109302]}}, {"type": "Feature", "properties": {"osm_type": "node", "osm_id": 13012010767, "tags": {"amenity": "social_centre", "name": "American Legion Post 214"}}, "geometry": {"type": "Point", "coordinates": [-74.3531093, 41.2557773]}}, {"type": "Feature", "properties": {"osm_type": "node", "osm_id": 13014489780, "tags": {"amenity": "social_centre", "brand": "Veterans of Foreign Wars of the United States", "brand:short": "VFW", "brand:wikidata": "Q3556413", "name": "Warwick Valley VFW Post 4662", "official_name": "Veterans of Foreign Wars of the United States", "social_centre:for": "veteran"}}, "geometry": {"type": "Point", "coordinates": [-74.382403, 41.2377047]}}, {"type": "Feature", "properties": {"osm_type": "node", "osm_id": 13022919990, "tags": {"addr:housenumber": "105-29A", "addr:street": "Metropolitan Avenue", "amenity": "social_centre", "name": "QIAA", "phone": "+1 718 520 5024", "website": "https://queensaa.org"}}, "geometry": {"type": "Point", "coordinates": [-73.8472805, 40.7101059]}}, {"type": "Feature", "properties": {"osm_type": "node", "osm_id": 13026208594, "tags": {"addr:city": "Gardner", "addr:housenumber": "193", "addr:postcode": "01440", "addr:state": "MA", "addr:street": "Parker Street", "amenity": "social_centre", "contact:facebook": "https://www.facebook.com/109410879098245", "name": "Acadien Social Club", "phone": "+1 978-632-9830", "source": "esri/USA_NAD_Addresses"}}, "geometry": {"type": "Point", "coordinates": [-71.9999809, 42.5758987]}}, {"type": "Feature", "properties": {"osm_type": "node", "osm_id": 13048470897, "tags": {"addr:city": "Elmhurst", "addr:postcode": "11373", "addr:state": "NY", "addr:street": "Broadway", "amenity": "social_centre", "name": "Elmhurst Senior Center"}}, "geometry": {"type": "Point", "coordinates": [-73.8899183, 40.7461848]}}, {"type": "Feature", "properties": {"osm_type": "node", "osm_id": 13057255797, "tags": {"addr:city": "Accomac", "addr:housenumber": "22454", "addr:postcode": "23301", "addr:state": "VA", "addr:street": "Front Street", "amenity": "social_centre", "brand": "Benevolent and Protective Order of Elks", "brand:short": "BPOE", "brand:wikidata": "Q2895789", "name": "Onancock Elks Lodge #1766", "official_name": "Benevolent and Protective Order of Elks", "phone": "+1-757-787-7750", "website": "https://www.elks.org/lodges/contactus.cfm?lodge=1766"}}, "geometry": {"type": "Point", "coordinates": [-75.6834022, 37.7161946]}}, {"type": "Feature", "properties": {"osm_type": "node", "osm_id": 13098977811, "tags": {"amenity": "social_centre", "brand": "American Legion", "brand:wikidata": "Q468865", "name": "Henry & Stanley Cichon Post", "ref": "1578", "social_centre:for": "veteran"}}, "geometry": {"type": "Point", "coordinates": [-74.1442961, 40.6341262]}}, {"type": "Feature", "properties": {"osm_type": "node", "osm_id": 13100874173, "tags": {"leisure": "bowling_alley", "name": "Trade Center Bowl", "sport": "10pin", "website": "https://www.tradecenterbowl.com/"}}, "geometry": {"type": "Point", "coordinates": [-70.5933546, 41.5592747]}}, {"type": "Feature", "properties": {"osm_type": "node", "osm_id": 13100889696, "tags": {"leisure": "bowling_alley", "name": "C-Side Lanes", "sport": "10pin", "website": "https://mwrcapecod.com/facilities/cside_recreation_center/cside_lanes/"}}, "geometry": {"type": "Point", "coordinates": [-70.5693093, 41.6575792]}}, {"type": "Feature", "properties": {"osm_type": "node", "osm_id": 13100910659, "tags": {"amenity": "restaurant", "leisure": "bowling_alley", "name": "Ryan's Ten Pin Eatery", "sport": "10pin", "website": "https://ryanfamily.com/locations/ten-pin-eatery/"}}, "geometry": {"type": "Point", "coordinates": [-70.298113, 41.6674173]}}, {"type": "Feature", "properties": {"osm_type": "node", "osm_id": 13110665110, "tags": {"amenity": "social_centre", "name": "Evergreen Lodge 153"}}, "geometry": {"type": "Point", "coordinates": [-75.2195321, 38.3257795]}}, {"type": "Feature", "properties": {"osm_type": "node", "osm_id": 13134563158, "tags": {"amenity": "social_centre", "brand": "American Legion", "brand:wikidata": "Q468865", "name": "American Legion Hall", "social_centre:for": "veteran"}}, "geometry": {"type": "Point", "coordinates": [-73.7019094, 42.7755582]}}, {"type": "Feature", "properties": {"osm_type": "node", "osm_id": 13158059582, "tags": {"leisure": "bowling_alley", "name": "Mohegan Bowl", "phone": "+1 508-949-2695", "sport": "candlepin;10pin", "website": "https://moheganbowl.com/"}}, "geometry": {"type": "Point", "coordinates": [-71.8620876, 42.0557451]}}, {"type": "Feature", "properties": {"osm_type": "node", "osm_id": 13186710866, "tags": {"amenity": "social_centre", "brand": "American Legion", "brand:wikidata": "Q468865", "name": "Cespino Russo American Legion Post #1544", "social_centre:for": "veteran"}}, "geometry": {"type": "Point", "coordinates": [-74.0686426, 40.5971222]}}, {"type": "Feature", "properties": {"osm_type": "node", "osm_id": 13190912780, "tags": {"amenity": "social_centre", "name": "Staten Island Marine Corps League", "social_centre:for": "veteran"}}, "geometry": {"type": "Point", "coordinates": [-74.1047527, 40.6143307]}}, {"type": "Feature", "properties": {"osm_type": "node", "osm_id": 13258966720, "tags": {"amenity": "social_centre", "brand": "American Legion", "brand:wikidata": "Q468865", "name": "American Legion Post 40", "social_centre:for": "veteran"}}, "geometry": {"type": "Point", "coordinates": [-73.3500474, 42.8965851]}}, {"type": "Feature", "properties": {"osm_type": "node", "osm_id": 13304555690, "tags": {"addr:city": "New York", "addr:housenumber": "711", "addr:state": "NY", "addr:street": "5th Avenue", "building:levels": "14-17", "club": "social", "name": "CORE", "website": "https://thecoreclub.com/"}}, "geometry": {"type": "Point", "coordinates": [-73.9743915, 40.7617385]}}, {"type": "Feature", "properties": {"osm_type": "node", "osm_id": 13310437807, "tags": {"amenity": "social_centre", "name": "Horizon Christian Fellowship"}}, "geometry": {"type": "Point", "coordinates": [-71.8086146, 42.5851351]}}, {"type": "Feature", "properties": {"osm_type": "node", "osm_id": 13335358361, "tags": {"leisure": "bowling_alley", "name": "Putnam Street Lanes", "sport": "candlepin", "website": "https://www.putnamstreetlanes.com/"}}, "geometry": {"type": "Point", "coordinates": [-71.7996938, 42.5828428]}}, {"type": "Feature", "properties": {"osm_type": "node", "osm_id": 13381578330, "tags": {"addr:state": "NY", "addr:street": "Junction Boulevard", "amenity": "social_centre", "name": "Corona Social Center"}}, "geometry": {"type": "Point", "coordinates": [-73.8714981, 40.7523967]}}, {"type": "Feature", "properties": {"osm_type": "node", "osm_id": 13408695988, "tags": {"amenity": "community_centre", "club": "social", "community_centre": "club_home", "name": "Apollo\u2019s Social Democratic Club", "phone": "+14106757770"}}, "geometry": {"type": "Point", "coordinates": [-76.5810315, 39.3034228]}}, {"type": "Feature", "properties": {"osm_type": "node", "osm_id": 13408749806, "tags": {"amenity": "social_centre", "name": "Moorish Science Temple of America, No. 13", "operator": "Moorish Science Temple of America", "operator:type": "religious", "operator:wikidata": "Q2400211", "phone": "+1-410-522-6633", "website": "https://moorishsciencetemple.org/about-us/"}}, "geometry": {"type": "Point", "coordinates": [-76.5824476, 39.3035928]}}, {"type": "Feature", "properties": {"osm_type": "node", "osm_id": 13451735149, "tags": {"addr:city": "Astoria", "addr:housenumber": "20-41", "addr:postcode": "11105", "addr:state": "NY", "addr:street": "Steinway Street", "amenity": "social_centre", "email": "info@kefalos.org", "name": "Kefalos Society of America", "phone": "+1-718-204-8491", "website": "https://www.kefalos.org/"}}, "geometry": {"type": "Point", "coordinates": [-73.9026386, 40.775477]}}, {"type": "Feature", "properties": {"osm_type": "node", "osm_id": 13512309178, "tags": {"addr:city": "Jersey City", "addr:housenumber": "83", "addr:postcode": "07302", "addr:state": "NJ", "addr:street": "Wayne Street", "check_date": "2026-01-30", "club": "social", "contact:email": "jcbitcoinmeetup@gmail.com", "currency:XBT": "yes", "description": "Bitcoin Education", "name": "Jersey City Bitcoin Education Center", "payment:lightning": "yes", "payment:lightning_contactless": "no", "payment:onchain": "yes", "website": "https://jerseycitybitcoin.com/"}}, "geometry": {"type": "Point", "coordinates": [-74.0461412, 40.7194915]}}, {"type": "Feature", "properties": {"osm_type": "node", "osm_id": 13563149083, "tags": {"addr:housenumber": "1446", "addr:street": "North Main Street", "leisure": "bowling_alley", "name": "Diamond Junction Bowling Lanes", "sport": "candlepin", "website": "https://www.diamondjunctionlanes.com/"}}, "geometry": {"type": "Point", "coordinates": [-72.3307237, 42.1578044]}}, {"type": "Feature", "properties": {"osm_type": "node", "osm_id": 13565731859, "tags": {"alt_name": "Bayberry Bowladrome", "leisure": "bowling_alley", "name": "Bayberry Bowling Center", "sport": "candlepin", "website": "https://www.bayberrybowl.com/", "wikidata": "Q138507569"}}, "geometry": {"type": "Point", "coordinates": [-71.974801, 42.2517278]}}, {"type": "Feature", "properties": {"osm_type": "node", "osm_id": 13576389914, "tags": {"amenity": "social_centre", "name": "General Society of Mechanics & Tradesmen of the City of New York", "start_date": "1785", "website": "https://generalsociety.org/", "wikidata": "Q5532207", "wikipedia": "en:General Society of Mechanics and Tradesmen of the City of New York"}}, "geometry": {"type": "Point", "coordinates": [-73.9814017, 40.7552264]}}, {"type": "Feature", "properties": {"osm_type": "node", "osm_id": 13583621495, "tags": {"alt_name": "Canal Lanes", "leisure": "bowling_alley", "name": "Canal Bowling Lanes", "phone": "+1 413-527-3492", "sport": "candlepin", "website": "https://canallanes.com/"}}, "geometry": {"type": "Point", "coordinates": [-72.712768, 42.2455959]}}, {"type": "Feature", "properties": {"osm_type": "node", "osm_id": 13588048320, "tags": {"addr:housenumber": "300", "addr:street": "Avenue X", "amenity": "social_centre", "branch": "Marlboro Post 1437", "brand": "American Legion", "brand:wikidata": "Q468865", "check_date": "2026-02-21", "name": "American Legion Hall", "social_centre:for": "veteran", "start_date": "1946", "wheelchair": "yes"}}, "geometry": {"type": "Point", "coordinates": [-73.9716406, 40.5902097]}}, {"type": "Feature", "properties": {"osm_type": "node", "osm_id": 13596860251, "tags": {"leisure": "bowling_alley", "name": "French King Bowling Center", "sport": "candlepin"}}, "geometry": {"type": "Point", "coordinates": [-72.4891987, 42.5862129]}}, {"type": "Feature", "properties": {"osm_type": "node", "osm_id": 13613241433, "tags": {"leisure": "bowling_alley", "name": "Riverwalk Lanes", "phone": "+1 978-792-5475", "sport": "candlepin", "website": "http://riverwalklanes.com/"}}, "geometry": {"type": "Point", "coordinates": [-70.9306593, 42.8587784]}}, {"type": "Feature", "properties": {"osm_type": "node", "osm_id": 13619229410, "tags": {"leisure": "bowling_alley", "name": "Alley Kat Lane", "phone": "+1 781-585-2191", "sport": "candlepin", "website": "https://alleykatlane.com/"}}, "geometry": {"type": "Point", "coordinates": [-70.7295821, 42.0145772]}}, {"type": "Feature", "properties": {"osm_type": "node", "osm_id": 13619229411, "tags": {"leisure": "bowling_alley", "name": "Kingston Ten Pin", "phone": "+1 781-585-5151", "sport": "10pin", "website": "https://kingstontenpin.com/"}}, "geometry": {"type": "Point", "coordinates": [-70.7293837, 42.0141746]}}, {"type": "Feature", "properties": {"osm_type": "node", "osm_id": 13620396110, "tags": {"addr:housenumber": "152", "addr:street": "North State Street", "leisure": "bowling_alley", "name": "Boutwell's Bowling Center", "phone": "+1 603-224-0941", "sport": "candlepin", "website": "https://www.boutwellsbowl.com/"}}, "geometry": {"type": "Point", "coordinates": [-71.5471156, 43.2179462]}}, {"type": "Feature", "properties": {"osm_type": "node", "osm_id": 13621604984, "tags": {"leisure": "bowling_alley", "name": "Timber Lanes", "sport": "candlepin", "website": "https://candlepin.com/"}}, "geometry": {"type": "Point", "coordinates": [-70.9496663, 42.116646]}}, {"type": "Feature", "properties": {"osm_type": "node", "osm_id": 13624157851, "tags": {"branch": "Hanover", "leisure": "bowling_alley", "name": "Boston Bowl", "sport": "candlepin", "website": "https://www.bostonbowlhanover.com/bowling"}}, "geometry": {"type": "Point", "coordinates": [-70.8272156, 42.1151307]}}, {"type": "Feature", "properties": {"osm_type": "node", "osm_id": 13626069736, "tags": {"leisure": "bowling_alley", "name": "Leo's Metro Bowl", "phone": "+1 978-531-0500", "sport": "candlepin", "website": "https://leosmetrobowl.com/"}}, "geometry": {"type": "Point", "coordinates": [-70.9294801, 42.5240328]}}, {"type": "Feature", "properties": {"osm_type": "node", "osm_id": 13638898257, "tags": {"addr:city": "Williamsburg", "addr:housenumber": "10", "addr:postcode": "01096", "addr:state": "MA", "addr:street": "Main Street", "amenity": "social_centre", "brand": "The National Grange of the Order of Patrons of Husbandry", "brand:wikidata": "Q7753183", "name": "Williamsburg Grange"}}, "geometry": {"type": "Point", "coordinates": [-72.7298974, 42.3917826]}}, {"type": "Feature", "properties": {"osm_type": "node", "osm_id": 13644165134, "tags": {"leisure": "bowling_alley", "name": "Academy Lanes", "sport": "candlepin", "website": "https://academylanes.com/"}}, "geometry": {"type": "Point", "coordinates": [-71.0986627, 42.7592083]}}, {"type": "Feature", "properties": {"osm_type": "node", "osm_id": 13646136086, "tags": {"amenity": "social_centre", "brand": "AMVETS", "brand:wikidata": "Q2819279", "name": "North Quabbin Veterans Center", "social_centre:for": "veteran"}}, "geometry": {"type": "Point", "coordinates": [-72.2340275, 42.5924635]}}, {"type": "Feature", "properties": {"osm_type": "node", "osm_id": 13651021904, "tags": {"amenity": "social_centre", "brand": "Benevolent and Protective Order of Elks", "brand:short": "BPOE", "brand:wikidata": "Q2895789", "name": "Millstone Elks Lodge", "official_name": "Benevolent and Protective Order of Elks"}}, "geometry": {"type": "Point", "coordinates": [-74.4220502, 40.1661202]}}, {"type": "Feature", "properties": {"osm_type": "node", "osm_id": 13663674750, "tags": {"branch": "Amesbury", "leisure": "bowling_alley", "name": "Gametime Lanes & Entertainment", "sport": "10pin;candlepin", "website": "https://www.gametimeamesbury.com/"}}, "geometry": {"type": "Point", "coordinates": [-70.9525789, 42.8420021]}}, {"type": "Feature", "properties": {"osm_type": "node", "osm_id": 13684957470, "tags": {"leisure": "bowling_alley", "name": "Montvale Lanes"}}, "geometry": {"type": "Point", "coordinates": [-74.0306483, 41.0396287]}}, {"type": "Feature", "properties": {"osm_type": "node", "osm_id": 13706220806, "tags": {"addr:city": "Somerville", "addr:housenumber": "14", "addr:postcode": "08876", "addr:state": "NJ", "addr:street": "North Doughty Avenue", "amenity": "social_centre", "name": "Raritan Valley Lodge 46 F&AM"}}, "geometry": {"type": "Point", "coordinates": [-74.6175438, 40.5706543]}}, {"type": "Feature", "properties": {"osm_type": "node", "osm_id": 13707156403, "tags": {"addr:city": "Edgewater", "addr:housenumber": "830", "addr:postcode": "21037", "addr:state": "MD", "addr:street": "Mayo Road", "amenity": "social_centre", "brand": "American Legion", "brand:wikidata": "Q468865", "name": "American Legion Post 226", "opening_hours": "Su-Th 12:00-22:00; Fr,Sa 12:00-00:00", "phone": "+1-410-798-9894", "social_centre:for": "veteran", "website": "https://post226.com/"}}, "geometry": {"type": "Point", "coordinates": [-76.5268576, 38.9066755]}}, {"type": "Feature", "properties": {"osm_type": "node", "osm_id": 13753853195, "tags": {"addr:city": "Plaistow", "addr:country": "US", "addr:housenumber": "176", "addr:postcode": "03865", "addr:state": "NH", "addr:street": "Main Street", "amenity": "social_centre", "brand": "American Legion", "brand:wikidata": "Q468865", "building": "yes", "name": "Carl G. Davis American Legion Post 34", "social_centre:for": "veteran", "source": "mapillary"}}, "geometry": {"type": "Point", "coordinates": [-71.1001039, 42.8427592]}}, {"type": "Feature", "properties": {"osm_type": "node", "osm_id": 13797305891, "tags": {"amenity": "social_centre", "brand": "Fraternal Order of Police", "brand:short": "FOP", "brand:wikidata": "Q1451416", "name": "Pi Kappa Phi"}}, "geometry": {"type": "Point", "coordinates": [-70.9271754, 43.1394199]}}, {"type": "Feature", "properties": {"osm_type": "node", "osm_id": 13806669316, "tags": {"addr:housenumber": "45", "addr:street": "Day St.", "leisure": "bowling_alley", "name": "Sacco's Bowl Haven", "opening_hours": "We-Sa 10:00-23:00; Mo, Tu, Su 10:00-22:00", "phone": "+1 617 776 0552", "website": "https://afbsaccos.com/"}}, "geometry": {"type": "Point", "coordinates": [-71.1236763, 42.3956523]}}, {"type": "Feature", "properties": {"osm_type": "node", "osm_id": 13809559277, "tags": {"amenity": "social_centre", "brand": "American Legion", "brand:wikidata": "Q468865", "name": "American Legion Hall 231", "social_centre:for": "veteran"}}, "geometry": {"type": "Point", "coordinates": [-75.2085917, 38.3266794]}}, {"type": "Feature", "properties": {"osm_type": "node", "osm_id": 13809600960, "tags": {"amenity": "social_centre", "brand": "American Legion", "brand:wikidata": "Q468865", "name": "American Legion Hall 228", "social_centre:for": "veteran"}}, "geometry": {"type": "Point", "coordinates": [-76.2304464, 39.1349786]}}, {"type": "Feature", "properties": {"osm_type": "node", "osm_id": 13809621791, "tags": {"amenity": "social_centre", "brand": "American Legion", "brand:wikidata": "Q468865", "name": "American Legion Hall 180", "social_centre:for": "veteran"}}, "geometry": {"type": "Point", "coordinates": [-76.5120415, 39.3257426]}}, {"type": "Feature", "properties": {"osm_type": "node", "osm_id": 13992257684, "tags": {"amenity": "social_centre", "brand": "Veterans of Foreign Wars of the United States", "brand:short": "VFW", "brand:wikidata": "Q3556413", "official_name": "Veterans of Foreign Wars of the United States", "social_centre:for": "veteran"}}, "geometry": {"type": "Point", "coordinates": [-71.1061399, 42.4115417]}}, {"type": "Feature", "properties": {"osm_type": "node", "osm_id": 13992288871, "tags": {"addr:city": "Kinzers", "addr:housenumber": "4988", "addr:state": "PA", "addr:street": "Lincoln Highway East", "amenity": "social_centre", "branch": "7418", "brand": "Veterans of Foreign Wars of the United States", "brand:wikidata": "Q3556413", "check_date": "2026-07-06", "name": "VFW Post", "name:en": "VFW Post", "official_name": "Veterans of Foreign Wars of the United States", "short_name": "VFW", "social_centre:for": "veteran"}}, "geometry": {"type": "Point", "coordinates": [-76.0525349, 39.9969829]}}, {"type": "Feature", "properties": {"osm_type": "node", "osm_id": 14002644481, "tags": {"addr:city": "Brick", "addr:housenumber": "822", "addr:postcode": "08723", "addr:state": "NJ", "addr:street": "Mantoloking Road", "amenity": "social_centre", "brand": "American Legion", "brand:wikidata": "Q468865", "name": "American Legion Post 348", "social_centre:for": "veteran"}}, "geometry": {"type": "Point", "coordinates": [-74.1262716, 40.0518501]}}, {"type": "Feature", "properties": {"osm_type": "node", "osm_id": 356550947, "tags": {"addr:city": "Tacoma", "addr:housenumber": "1702", "addr:postcode": "98405", "addr:street": "Martin Luther King Jr Way", "amenity": "social_centre", "club": "freemasonry", "gnis:feature_id": "2461903", "name": "Prince Hall Masonic Temple", "website": "https://www.mwphglwa.org/"}}, "geometry": {"type": "Point", "coordinates": [-122.4505448, 47.2456399]}}, {"type": "Feature", "properties": {"osm_type": "node", "osm_id": 366029342, "tags": {"addr:state": "WA", "amenity": "social_centre", "brand": "The National Grange of the Order of Patrons of Husbandry", "brand:wikidata": "Q7753183", "ele": "34", "gnis:feature_id": "1534472", "name": "Wynoochee Valley Grange"}}, "geometry": {"type": "Point", "coordinates": [-123.6798866, 47.0173161]}}, {"type": "Feature", "properties": {"osm_type": "node", "osm_id": 1153993731, "tags": {"addr:city": "Sisters", "addr:housenumber": "801", "addr:postcode": "97759", "addr:state": "OR", "addr:street": "East Desperado Trail", "amenity": "community_centre", "club": "social", "community_centre": "club_home", "name": "Fourth Sister Condominiums"}}, "geometry": {"type": "Point", "coordinates": [-121.5395564, 44.2861089]}}, {"type": "Feature", "properties": {"osm_type": "node", "osm_id": 1950187325, "tags": {"leisure": "bowling_alley", "name": "Zone Bowling", "payment:cash": "no", "payment:credit_cards": "yes", "payment:debit_cards": "yes", "source": "survey", "sport": "10pin;5pin"}}, "geometry": {"type": "Point", "coordinates": [-122.8533939, 49.2366329]}}, {"type": "Feature", "properties": {"osm_type": "node", "osm_id": 2140468190, "tags": {"addr:city": "Seattle", "addr:housenumber": "2812", "addr:postcode": "98107", "addr:street": "Northwest Market Street", "amenity": "social_centre", "check_date": "2026-07-07", "leisure": "social_club", "name": "Ballard-Eagleson VFW Post 3063", "source": "King County GIS", "website": "http://vfwseattle.org"}}, "geometry": {"type": "Point", "coordinates": [-122.3934372, 47.6688209]}}, {"type": "Feature", "properties": {"osm_type": "node", "osm_id": 2140513611, "tags": {"addr:city": "Seattle", "addr:housenumber": "6411", "addr:postcode": "98107", "addr:street": "Seaview Avenue Northwest", "amenity": "social_centre", "brand": "Benevolent and Protective Order of Elks", "brand:wikidata": "Q2895789", "name": "Ballard Elks Lodge #827", "official_name": "Benevolent and Protective Order of Elks", "short_name": "BPOE", "source": "King County GIS", "website": "https://ballardelks.org/"}}, "geometry": {"type": "Point", "coordinates": [-122.408178, 47.6751324]}}, {"type": "Feature", "properties": {"osm_type": "node", "osm_id": 2140516541, "tags": {"addr:city": "Seattle", "addr:housenumber": "5429", "addr:postcode": "98107", "addr:street": "32nd Avenue Northwest", "amenity": "social_centre", "name": "Ballard Northwest Senior Center", "source": "King County GIS"}}, "geometry": {"type": "Point", "coordinates": [-122.3986058, 47.6684286]}}, {"type": "Feature", "properties": {"osm_type": "node", "osm_id": 2276232452, "tags": {"addr:housenumber": "175", "addr:street": "Front Street", "amenity": "social_centre", "name": "Issaquah Eagles"}}, "geometry": {"type": "Point", "coordinates": [-122.0367016, 47.5321946]}}, {"type": "Feature", "properties": {"osm_type": "node", "osm_id": 2367593997, "tags": {"addr:city": "Bothell", "addr:housenumber": "10035 1/2", "addr:postcode": "98011", "addr:state": "WA", "addr:street": "Main Street", "amenity": "social_centre", "name": "Ashler Lodge #121", "source": "King County GIS;data.seattle.gov", "website": "https://www.bothellmasons.org/"}}, "geometry": {"type": "Point", "coordinates": [-122.2056964, 47.7597967]}}, {"type": "Feature", "properties": {"osm_type": "node", "osm_id": 2377235243, "tags": {"leisure": "bowling_alley", "name": "Tumwater Lanes", "sport": "10pin"}}, "geometry": {"type": "Point", "coordinates": [-122.9090625, 46.9966905]}}, {"type": "Feature", "properties": {"osm_type": "node", "osm_id": 2397384266, "tags": {"addr:city": "Seattle", "addr:housenumber": "4426", "addr:postcode": "98116", "addr:state": "WA", "addr:street": "California Avenue Southwest", "alt_name": "Aeries Lodge", "amenity": "social_centre", "brand": "Fraternal Order of Eagles", "brand:wikidata": "Q5493810", "check_date": "2025-04-12", "name": "West Seattle Eagles", "official_name": "Fraternal Order of Eagles", "short_name": "FOE", "source": "King County GIS;data.seattle.gov", "website": "http://westseattleeagles.org"}}, "geometry": {"type": "Point", "coordinates": [-122.3865617, 47.5638301]}}, {"type": "Feature", "properties": {"osm_type": "node", "osm_id": 2502631914, "tags": {"addr:city": "Tonasket", "addr:housenumber": "319", "addr:postcode": "98855", "addr:state": "WA", "addr:street": "South Western Avenue", "amenity": "social_centre", "name": "American Legion Post 82", "phone": "+1-509-486-2382"}}, "geometry": {"type": "Point", "coordinates": [-119.4406964, 48.7052395]}}, {"type": "Feature", "properties": {"osm_type": "node", "osm_id": 2542045672, "tags": {"amenity": "social_centre", "brand": "Veterans of Foreign Wars of the United States", "brand:short": "VFW", "brand:wikidata": "Q3556413", "name": "VFW Post", "name:en": "VFW Post", "official_name": "Veterans of Foreign Wars of the United States", "short_name": "VFW", "social_centre:for": "veteran"}}, "geometry": {"type": "Point", "coordinates": [-116.498402, 43.8763198]}}, {"type": "Feature", "properties": {"osm_type": "node", "osm_id": 2705031251, "tags": {"leisure": "bowling_alley", "name": "Shores Bowl", "sport": "10pin"}}, "geometry": {"type": "Point", "coordinates": [-124.1637647, 47.006977]}}, {"type": "Feature", "properties": {"osm_type": "node", "osm_id": 3000555444, "tags": {"addr:city": "Portland", "addr:housenumber": "6688", "addr:postcode": "97219", "addr:state": "OR", "addr:street": "Southwest Capitol Highway", "amenity": "social_centre", "name": "Portland Kollel", "religion": "jewish", "website": "https://portlandkollel.org/"}}, "geometry": {"type": "Point", "coordinates": [-122.7058757, 45.4756836]}}, {"type": "Feature", "properties": {"osm_type": "node", "osm_id": 3103149711, "tags": {"addr:housenumber": "2675", "addr:street": "Shaughnessy Street", "amenity": "social_centre", "brand": "Royal Canadian Legion", "brand:wikidata": "Q3270231", "brand:wikipedia": "en:Royal Canadian Legion", "name": "Royal Canadian Legion - Branch #133 (Port Coquitlam)", "phone": "+1-604-942-8911", "short_name": "RCL", "social_centre:for": "veteran"}}, "geometry": {"type": "Point", "coordinates": [-122.7803956, 49.2641826]}}, {"type": "Feature", "properties": {"osm_type": "node", "osm_id": 3165849034, "tags": {"leisure": "bowling_alley", "level": "1", "name": "Emerald Lanes"}}, "geometry": {"type": "Point", "coordinates": [-123.0799216, 44.0636879]}}, {"type": "Feature", "properties": {"osm_type": "node", "osm_id": 3317399372, "tags": {"amenity": "social_centre", "name": "Tacoma Music Society"}}, "geometry": {"type": "Point", "coordinates": [-122.464048, 47.2749683]}}, {"type": "Feature", "properties": {"osm_type": "node", "osm_id": 3401010493, "tags": {"addr:housenumber": "3806", "addr:street": "North 26th Street", "leisure": "bowling_alley", "name": "Chalet Bowl", "sport": "10pin"}}, "geometry": {"type": "Point", "coordinates": [-122.487725, 47.2709315]}}, {"type": "Feature", "properties": {"osm_type": "node", "osm_id": 3614227629, "tags": {"alt_name": "Aeries Lodge", "amenity": "social_centre", "brand": "Fraternal Order of Eagles", "brand:wikidata": "Q5493810", "name": "Eagles Lodge", "official_name": "Fraternal Order of Eagles", "short_name": "FOE"}}, "geometry": {"type": "Point", "coordinates": [-122.84809, 45.133265]}}, {"type": "Feature", "properties": {"osm_type": "node", "osm_id": 3940287929, "tags": {"addr:city": "Vancouver", "addr:housenumber": "900", "addr:province": "BC", "addr:street": "Howe Street", "addr:unit": "150", "amenity": "social_centre", "name": "Tenant Resource & Advisory Centre (TRAC)"}}, "geometry": {"type": "Point", "coordinates": [-123.122251, 49.2806445]}}, {"type": "Feature", "properties": {"osm_type": "node", "osm_id": 4257935592, "tags": {"addr:city": "Lynnwood", "addr:housenumber": "1222", "addr:postcode": "98087", "addr:street": "164th Street Southwest", "brand": "Bowlero", "brand:wikidata": "Q17102967", "leisure": "bowling_alley", "name": "Lucky Strike Lynnwood", "opening_hours": "Sa 12:00-01:00; Su 12:00-23:00; Mo 16:00-23:00; Tu, Th 14:00-23:00; We 10:00-23:00; Fr 14:00-00:00", "phone": "+1-425-743-4422", "sport": "10pin", "website": "https://www.luckystrikeent.com/location/lucky-strike-lynnwood"}}, "geometry": {"type": "Point", "coordinates": [-122.2502142, 47.848512]}}, {"type": "Feature", "properties": {"osm_type": "node", "osm_id": 4312143256, "tags": {"addr:city": "Reedsport", "addr:housenumber": "2606", "addr:postcode": "97467", "addr:street": "Frontage Court", "leisure": "bowling_alley", "name": "Reedsport Lanes", "opening_hours": "12:00-22:00", "phone": "+1 541 2713822", "smoking": "outside", "wheelchair": "limited"}}, "geometry": {"type": "Point", "coordinates": [-124.1260066, 43.6952827]}}, {"type": "Feature", "properties": {"osm_type": "node", "osm_id": 4345465434, "tags": {"amenity": "social_centre", "name": "Auburn Masonic Temple"}}, "geometry": {"type": "Point", "coordinates": [-122.2255262, 47.3072229]}}, {"type": "Feature", "properties": {"osm_type": "node", "osm_id": 4438828429, "tags": {"addr:city": "Vancouver", "addr:housenumber": "838", "addr:province": "BC", "addr:street": "Granville Street", "check_date:opening_hours": "2026-05-26", "leisure": "bowling_alley", "name": "Commodore Bowling & Billards", "opening_hours": "Su-Th 11:00-23:00; Fr,Sa 11:00-24:00", "wheelchair": "no"}}, "geometry": {"type": "Point", "coordinates": [-123.120437, 49.2807938]}}, {"type": "Feature", "properties": {"osm_type": "node", "osm_id": 4441615592, "tags": {"amenity": "social_centre", "name": "Masonic Lodge"}}, "geometry": {"type": "Point", "coordinates": [-117.3648864, 46.882172]}}, {"type": "Feature", "properties": {"osm_type": "node", "osm_id": 4559339563, "tags": {"addr:housenumber": "100", "addr:state": "WA", "addr:street": "Andover Park West", "branch": "South Seattle", "brand": "Bowlero", "brand:wikidata": "Q17102967", "check_date": "2025-12-13", "leisure": "bowling_alley", "name": "Bowlero", "opening_hours": "Mo-Fr 16:00-24:00; Sa,Su 12:00-24:00", "short_name": "Bowlero", "sport": "10pin", "website": "https://www.bowlero.com/location/bowlero-south-seattle"}}, "geometry": {"type": "Point", "coordinates": [-122.2535113, 47.4599803]}}, {"type": "Feature", "properties": {"osm_type": "node", "osm_id": 4830128924, "tags": {"leisure": "bowling_alley", "name": "Adventure Bowl"}}, "geometry": {"type": "Point", "coordinates": [-121.8256502, 47.529494]}}, {"type": "Feature", "properties": {"osm_type": "node", "osm_id": 4865168152, "tags": {"leisure": "bowling_alley", "name": "Monte Lane"}}, "geometry": {"type": "Point", "coordinates": [-123.5985971, 46.9786731]}}, {"type": "Feature", "properties": {"osm_type": "node", "osm_id": 4927807641, "tags": {"amenity": "social_centre", "check_date": "2024-09-22", "name": "Sons of Italy Black Diamond Lodge #1809"}}, "geometry": {"type": "Point", "coordinates": [-122.0053169, 47.3182495]}}, {"type": "Feature", "properties": {"osm_type": "node", "osm_id": 5004452403, "tags": {"addr:city": "Maple Ridge", "addr:housenumber": "22730", "addr:street": "119 Avenue", "leisure": "bowling_alley", "name": "REVS Bowling & Entertainment"}}, "geometry": {"type": "Point", "coordinates": [-122.5925115, 49.2188654]}}, {"type": "Feature", "properties": {"osm_type": "node", "osm_id": 5044958108, "tags": {"addr:city": "Fife", "addr:housenumber": "5213", "addr:postcode": "98424", "addr:state": "WA", "addr:street": "Pacific Highway East", "alt_name": "Veterans of Foreign Wars", "amenity": "social_centre", "brand": "Veterans of Foreign Wars of the United States", "brand:wikidata": "Q3556413", "name": "VFW Post - Washington Headquarters", "name:en": "VFW Post - Washington Headquarters", "official_name": "Veterans of Foreign Wars of the United States", "short_name": "VFW", "social_centre:for": "veterans"}}, "geometry": {"type": "Point", "coordinates": [-122.3589331, 47.2433337]}}, {"type": "Feature", "properties": {"osm_type": "node", "osm_id": 5173305063, "tags": {"addr:city": "Richmond", "addr:housenumber": "14200", "addr:street": "Entertainment Boulevard", "addr:unit": "150", "leisure": "bowling_alley", "name": "Splitsville", "opening_hours": "Su-Tu 10:00-23:00, We,Th 10:00-24:00, Fr,Sa 10:00-01:00"}}, "geometry": {"type": "Point", "coordinates": [-123.0649311, 49.1345426]}}, {"type": "Feature", "properties": {"osm_type": "node", "osm_id": 5188465626, "tags": {"leisure": "bowling_alley", "name": "Fairway Lanes"}}, "geometry": {"type": "Point", "coordinates": [-122.9590757, 46.6988771]}}, {"type": "Feature", "properties": {"osm_type": "node", "osm_id": 5219338113, "tags": {"addr:housenumber": "1660", "addr:street": "Mills Road", "amenity": "social_centre", "brand": "Royal Canadian Legion", "brand:wikidata": "Q3270231", "name": "Royal Canadian Legion - Branch 37 (Saanich Peninsula)", "phone": "+1-250-656-2428", "short_name": "RCL", "social_centre:for": "veteran"}}, "geometry": {"type": "Point", "coordinates": [-123.4300931, 48.6555793]}}, {"type": "Feature", "properties": {"osm_type": "node", "osm_id": 5219345938, "tags": {"amenity": "social_centre", "brand": "Royal Canadian Legion", "brand:wikidata": "Q3270231", "brand:wikipedia": "en:Royal Canadian Legion", "name": "Royal Canadian Legion - Branch 292 (Trafalgar/Pro Patria)", "phone": "+1-250-384-7814", "short_name": "RCL", "social_centre:for": "veteran"}}, "geometry": {"type": "Point", "coordinates": [-123.3757618, 48.4414491]}}, {"type": "Feature", "properties": {"osm_type": "node", "osm_id": 5225585605, "tags": {"addr:housenumber": "3679", "addr:street": "West Broadway", "amenity": "social_centre", "brand": "Royal Canadian Legion", "brand:wikidata": "Q3270231", "brand:wikipedia": "en:Royal Canadian Legion", "check_date": "2025-05-23", "name": "Royal Canadian Legion Hall", "phone": "+1-604-738-1120", "short_name": "RCL", "social_centre:for": "veteran"}}, "geometry": {"type": "Point", "coordinates": [-123.185459, 49.2644931]}}, {"type": "Feature", "properties": {"osm_type": "node", "osm_id": 5225585606, "tags": {"addr:housenumber": "1410", "addr:street": "Kootenay Street", "amenity": "social_centre", "brand": "Royal Canadian Legion", "brand:wikidata": "Q3270231", "brand:wikipedia": "en:Royal Canadian Legion", "name": "Royal Canadian Legion - Branch 44 (Vancouver Tuberculous Veterans\u2019 Section)", "phone": "+1-604-874-8510", "short_name": "RCL", "social_centre:for": "veteran"}}, "geometry": {"type": "Point", "coordinates": [-123.027015, 49.2724109]}}, {"type": "Feature", "properties": {"osm_type": "node", "osm_id": 5225585607, "tags": {"addr:housenumber": "2020", "addr:street": "West 6th Avenue", "amenity": "social_centre", "brand": "Royal Canadian Legion", "brand:short": "RCL", "brand:wikidata": "Q3270231", "brand:wikipedia": "en:Royal Canadian Legion", "name": "Royal Canadian Legion - Branch 178 (Shalom)", "phone": "+1-604-737-1033", "short_name": "RCL", "social_centre:for": "veteran"}}, "geometry": {"type": "Point", "coordinates": [-123.151092, 49.2660701]}}, {"type": "Feature", "properties": {"osm_type": "node", "osm_id": 5225585608, "tags": {"addr:housenumber": "2655", "addr:street": "Main Street", "amenity": "social_centre", "brand": "Royal Canadian Legion", "brand:short": "RCL", "brand:wikidata": "Q3270231", "name": "Royal Canadian Legion - Branch 177 (Mount Pleasant)", "phone": "+1-604-879-3551", "short_name": "RCL", "social_centre:for": "veteran", "website": "https://legionbcyukon.ca/branches/mount-pleasant-177/"}}, "geometry": {"type": "Point", "coordinates": [-123.1013056, 49.2616806]}}, {"type": "Feature", "properties": {"osm_type": "node", "osm_id": 5225679932, "tags": {"addr:housenumber": "1835", "addr:street": "56th Street", "addr:unit": "22", "amenity": "social_centre", "brand": "Royal Canadian Legion", "brand:short": "RCL", "brand:wikidata": "Q3270231", "brand:wikipedia": "en:Royal Canadian Legion", "name": "Royal Canadian Legion Hall", "note": "Position approximate", "official_name": "Royal Canadian Legion - Branch 289 (Tsawwassen)", "phone": "+1-604-943-0232", "short_name": "RCL", "social_centre:for": "veteran"}}, "geometry": {"type": "Point", "coordinates": [-123.0699059, 49.036668]}}, {"type": "Feature", "properties": {"osm_type": "node", "osm_id": 5225679933, "tags": {"addr:housenumber": "5289", "addr:street": "Grimmer Street", "amenity": "social_centre", "brand": "Royal Canadian Legion", "brand:short": "RCL", "brand:wikidata": "Q3270231", "brand:wikipedia": "en:Royal Canadian Legion", "name": "Royal Canadian Legion - Branch 83 (South Burnaby)", "phone": "+1-604-568-2911", "short_name": "RCL", "social_centre:for": "veteran", "website": "http://www.rclbr83.ca/"}}, "geometry": {"type": "Point", "coordinates": [-122.987956, 49.2237082]}}, {"type": "Feature", "properties": {"osm_type": "node", "osm_id": 5225679942, "tags": {"addr:housenumber": "4350", "addr:street": "Hastings Street", "addr:unit": "102", "amenity": "social_centre", "brand": "Royal Canadian Legion", "brand:short": "RCL", "brand:wikidata": "Q3270231", "name": "Royal Canadian Legion Hall", "phone": "+1-604-298-6515", "ref": "148", "social_centre:for": "veteran", "website": "https://www.facebook.com/Royal-Canadian-Legion-Branch-148-North-Burnaby-246882718723518/"}}, "geometry": {"type": "Point", "coordinates": [-123.0072414, 49.2808211]}}, {"type": "Feature", "properties": {"osm_type": "node", "osm_id": 5227747441, "tags": {"addr:housenumber": "20604", "addr:street": "Logan Avenue", "amenity": "social_centre", "brand": "Royal Canadian Legion", "brand:short": "RCL", "brand:wikidata": "Q3270231", "brand:wikipedia": "en:Royal Canadian Legion", "name": "Royal Canadian Legion - Branch 21 (Langley)", "phone": "+1-604-534-3615", "short_name": "RCL", "social_centre:for": "veteran"}}, "geometry": {"type": "Point", "coordinates": [-122.652563, 49.1054288]}}, {"type": "Feature", "properties": {"osm_type": "node", "osm_id": 5371599012, "tags": {"addr:city": "Bremerton", "addr:housenumber": "4922", "addr:postcode": "98312", "addr:state": "WA", "addr:street": "Kitsap Way", "amenity": "social_centre", "brand": "American Legion", "brand:wikidata": "Q468865", "name": "American Legion Post 149", "phone": "+1-360-373-8983", "social_centre:for": "veteran", "website": "https://www.legion149wa.org/"}}, "geometry": {"type": "Point", "coordinates": [-122.680919, 47.5698347]}}, {"type": "Feature", "properties": {"osm_type": "node", "osm_id": 5485610320, "tags": {"addr:housenumber": "418", "addr:street": "Ships Point Road", "amenity": "social_centre", "name": "OAP Hall 127 - Fanny Bay", "phone": "+1-250-335-1337"}}, "geometry": {"type": "Point", "coordinates": [-124.810593, 49.4906142]}}, {"type": "Feature", "properties": {"osm_type": "node", "osm_id": 5545434822, "tags": {"addr:housenumber": "33229", "addr:postcode": "V2V 1E4", "addr:street": "North Railway Avenue", "amenity": "social_centre", "club": "social", "description": "Alcoholics Anonymous", "name": "Mission Alano Club", "office": "ngo"}}, "geometry": {"type": "Point", "coordinates": [-122.3040006, 49.1340348]}}, {"type": "Feature", "properties": {"osm_type": "node", "osm_id": 5605440830, "tags": {"check_date": "2024-06-08", "leisure": "bowling_alley", "name": "Ten Pin"}}, "geometry": {"type": "Point", "coordinates": [-119.2773954, 47.1451276]}}, {"type": "Feature", "properties": {"osm_type": "node", "osm_id": 5678577722, "tags": {"alt_name": "Aeries Lodge", "amenity": "social_centre", "brand": "Fraternal Order of Eagles", "brand:wikidata": "Q5493810", "name": "Eagles Lodge", "official_name": "Fraternal Order of Eagles", "short_name": "FOE"}}, "geometry": {"type": "Point", "coordinates": [-122.212956, 47.3016465]}}, {"type": "Feature", "properties": {"osm_type": "node", "osm_id": 5683487392, "tags": {"amenity": "social_centre", "brand": "Veterans of Foreign Wars of the United States", "brand:wikidata": "Q3556413", "check_date": "2023-06-02", "name": "VFW Post 1585", "name:en": "VFW Post 1585", "official_name": "Veterans of Foreign Wars of the United States", "short_name": "VFW", "social_centre:for": "veterans"}}, "geometry": {"type": "Point", "coordinates": [-122.4868678, 48.7421267]}}, {"type": "Feature", "properties": {"osm_type": "node", "osm_id": 5817103739, "tags": {"leisure": "bowling_alley", "name": "Oregon Traills Lanes"}}, "geometry": {"type": "Point", "coordinates": [-122.8308734, 45.8507444]}}, {"type": "Feature", "properties": {"osm_type": "node", "osm_id": 6131027685, "tags": {"addr:city": "Beaverton", "addr:housenumber": "2725", "addr:postcode": "97005", "addr:state": "OR", "addr:street": "Southwest Cedar Hills Boulevard", "addr:unit": "145", "branch": "Beaverton", "brand": "KingPins", "contact:facebook": "KingPinsBeaverton", "contact:instagram": "kingpinsbeaverton", "leisure": "bowling_alley", "level": "0", "name": "KingPins", "official_name": "KingPins Family Entertainment Center", "opening_hours": "Mo,We 11:00-24:00; Tu,Th 10:00-24:00; Fr 11:00-01:00; Sa 09:00-01:00; Su 09:00-24:00", "phone": "+1-503-646-1116", "sport": "10pin", "website": "https://mykingpins.com/beaverton/"}}, "geometry": {"type": "Point", "coordinates": [-122.809422, 45.5002462]}}, {"type": "Feature", "properties": {"osm_type": "node", "osm_id": 6223723994, "tags": {"addr:city": "Baline", "addr:housenumber": "8000", "addr:street": "Portal Way", "amenity": "social_centre", "description": "Streets-Pike Post 9474 7:00PM - 1st Thursday", "name": "Streets-Pike Post 9474 Custer V.F.W", "opening_hours": "Th[1] 19:00-21:00"}}, "geometry": {"type": "Point", "coordinates": [-122.6586397, 48.9301766]}}, {"type": "Feature", "properties": {"osm_type": "node", "osm_id": 6372905312, "tags": {"amenity": "social_centre", "name": "Senior Center", "social_facility:for": "senior"}}, "geometry": {"type": "Point", "coordinates": [-122.500831, 48.3932455]}}, {"type": "Feature", "properties": {"osm_type": "node", "osm_id": 6388587370, "tags": {"addr:city": "Vancouver", "addr:housenumber": "2195", "addr:postcode": "V5N 4B3", "addr:province": "BC", "addr:street": "Commercial Drive", "alt_name": "Grandview Bowling Lanes", "leisure": "bowling_alley", "name": "Grandview Lanes", "opening_hours": "Mo-Th 10:00-23:00, Fr,Sa 10:00-01:00, Su 10:00-22:00", "phone": "+1-604-253-2747", "sport": "5pin", "website": "https://www.grandviewbowling.com/"}}, "geometry": {"type": "Point", "coordinates": [-123.0699854, 49.2652635]}}, {"type": "Feature", "properties": {"osm_type": "node", "osm_id": 6617248329, "tags": {"addr:city": "Port Orchard", "addr:housenumber": "1011", "addr:state": "WA", "addr:street": "Bethel Avenue", "leisure": "bowling_alley", "name": "Hi Joy Bowl", "website": "https://hijoybowl.com/"}}, "geometry": {"type": "Point", "coordinates": [-122.627629, 47.5339065]}}, {"type": "Feature", "properties": {"osm_type": "node", "osm_id": 6702110812, "tags": {"addr:city": "Bend", "addr:housenumber": "63120", "addr:postcode": "97701", "addr:state": "OR", "addr:street": "Boyd Acres Road", "amenity": "social_centre", "brand": "Benevolent and Protective Order of Elks", "brand:wikidata": "Q2895789", "name": "Elks Lodge No 1371 Office", "official_name": "Benevolent and Protective Order of Elks", "short_name": "BPOE"}}, "geometry": {"type": "Point", "coordinates": [-121.29489, 44.0911966]}}, {"type": "Feature", "properties": {"osm_type": "node", "osm_id": 6743148724, "tags": {"addr:city": "Esquimalt", "addr:housenumber": "1586", "addr:postcode": "V9A 5K5", "addr:street": "Esquimalt Road", "amenity": "social_centre", "name": "The Wardroom", "website": "http://www.wardroom.ca/"}}, "geometry": {"type": "Point", "coordinates": [-123.429651, 48.4284305]}}, {"type": "Feature", "properties": {"osm_type": "node", "osm_id": 6838604485, "tags": {"addr:housenumber": "344", "addr:postcode": "97477", "addr:street": "8th Street", "amenity": "social_centre", "brand": "American Legion", "brand:wikidata": "Q468865", "name": "American Legion Hall", "phone": "+1-541-746-1752", "social_centre:for": "veterans"}}, "geometry": {"type": "Point", "coordinates": [-123.015513, 44.0485421]}}, {"type": "Feature", "properties": {"osm_type": "node", "osm_id": 6923576721, "tags": {"amenity": "social_centre", "name": "Langley Senior Resources Society"}}, "geometry": {"type": "Point", "coordinates": [-122.660717, 49.1040692]}}, {"type": "Feature", "properties": {"osm_type": "node", "osm_id": 6938494073, "tags": {"amenity": "social_centre", "brand": "Subud", "check_date": "2026-05-18", "name": "Capri Hall", "operator": "Subud Vancouver", "operator:type": "private_non_profit"}}, "geometry": {"type": "Point", "coordinates": [-123.0903867, 49.2496566]}}, {"type": "Feature", "properties": {"osm_type": "node", "osm_id": 7134560577, "tags": {"leisure": "bowling_alley", "level": "2", "name": "Punch Bowl Social", "phone": "+1-503-334-0360", "website": "https://www.punchbowlsocial.com/location/portland"}}, "geometry": {"type": "Point", "coordinates": [-122.6762177, 45.518104]}}, {"type": "Feature", "properties": {"osm_type": "node", "osm_id": 7157275800, "tags": {"leisure": "bowling_alley", "name": "Pinz"}}, "geometry": {"type": "Point", "coordinates": [-116.4000011, 43.5920675]}}, {"type": "Feature", "properties": {"osm_type": "node", "osm_id": 7272793342, "tags": {"addr:housenumber": "10576", "addr:street": "King George Boulevard", "amenity": "restaurant", "leisure": "bowling_alley", "name": "Dell Lanes", "phone": "+1-604-581-8230", "website": "https://delllanes.ca"}}, "geometry": {"type": "Point", "coordinates": [-122.844843, 49.1947506]}}, {"type": "Feature", "properties": {"osm_type": "node", "osm_id": 7343962614, "tags": {"amenity": "social_centre", "name": "Woodland Rotary"}}, "geometry": {"type": "Point", "coordinates": [-122.7478893, 45.9011863]}}, {"type": "Feature", "properties": {"osm_type": "node", "osm_id": 7546809093, "tags": {"addr:housenumber": "191", "addr:street": "East 10th Avenue", "amenity": "social_centre", "name": "The World's Ours Centre", "phone": "+1-604-900-3797", "website": "https://www.thisworldsours.com/"}}, "geometry": {"type": "Point", "coordinates": [-123.1014953, 49.2621508]}}, {"type": "Feature", "properties": {"osm_type": "node", "osm_id": 7555121987, "tags": {"amenity": "social_centre", "brand": "Veterans of Foreign Wars of the United States", "brand:short": "VFW", "brand:wikidata": "Q3556413", "name": "VFW Post 2455", "name:en": "VFW Post", "official_name": "Veterans of Foreign Wars of the United States", "short_name": "VFW", "social_centre:for": "veteran"}}, "geometry": {"type": "Point", "coordinates": [-123.6010139, 46.9789661]}}, {"type": "Feature", "properties": {"osm_type": "node", "osm_id": 7711417941, "tags": {"amenity": "social_centre", "brand": "Veterans of Foreign Wars of the United States", "brand:wikidata": "Q3556413", "name": "VFW Post #5878", "name:en": "VFW Post", "official_name": "Veterans of Foreign Wars of the United States", "short_name": "VFW", "social_centre:for": "veterans"}}, "geometry": {"type": "Point", "coordinates": [-122.8534001, 46.8570513]}}, {"type": "Feature", "properties": {"osm_type": "node", "osm_id": 7777265362, "tags": {"leisure": "bowling_alley", "name": "AJ's Lanes", "opening_hours": "We,Th,Su 11:00-22:00; Fr,Sa 11:00-23:00; Mo-Tu off"}}, "geometry": {"type": "Point", "coordinates": [-116.3222981, 48.6841875]}}, {"type": "Feature", "properties": {"osm_type": "node", "osm_id": 7778373583, "tags": {"amenity": "social_centre", "branch": "Kelso/Longview", "brand": "Benevolent and Protective Order of Elks", "brand:short": "BPOE", "brand:wikidata": "Q2895789", "check_date": "2023-09-05", "name": "Elks Lodge", "official_name": "Benevolent and Protective Order of Elks", "ref": "1482", "short_name": "BPOE"}}, "geometry": {"type": "Point", "coordinates": [-122.904508, 46.1399224]}}, {"type": "Feature", "properties": {"osm_type": "node", "osm_id": 8045784452, "tags": {"addr:city": "Portland", "addr:housenumber": "4834", "addr:postcode": "97203", "addr:state": "OR", "addr:street": "North Lombard Street", "amenity": "social_centre", "check_date": "2026-05-09", "name": "Peninsula Odd Fellows Lodge"}}, "geometry": {"type": "Point", "coordinates": [-122.7190797, 45.5805113]}}, {"type": "Feature", "properties": {"osm_type": "node", "osm_id": 8059950594, "tags": {"leisure": "bowling_alley", "name": "REVS Bowling", "operator": "REVS Bowling & Entertainment", "sport": "10pin"}}, "geometry": {"type": "Point", "coordinates": [-122.98364, 49.2637335]}}, {"type": "Feature", "properties": {"osm_type": "node", "osm_id": 8447398173, "tags": {"club": "social", "name": "Valley Club"}}, "geometry": {"type": "Point", "coordinates": [-116.0425128, 44.5163409]}}, {"type": "Feature", "properties": {"osm_type": "node", "osm_id": 8848509508, "tags": {"addr:city": "Mount Vernon", "addr:housenumber": "2121", "addr:postcode": "98273", "addr:street": "East College Way", "addr:unit": "B", "amenity": "social_centre", "name": "Triumph Teen Life Center"}}, "geometry": {"type": "Point", "coordinates": [-122.3146844, 48.4362033]}}, {"type": "Feature", "properties": {"osm_type": "node", "osm_id": 9159990851, "tags": {"addr:city": "Chehalis", "addr:housenumber": "545", "addr:postcode": "98532", "addr:state": "WA", "addr:street": "North Market Boulevard", "amenity": "social_centre", "name": "The Vintage Grand Room", "website": "https://www.thevintagegrandroom.com/"}}, "geometry": {"type": "Point", "coordinates": [-122.9708608, 46.6654688]}}, {"type": "Feature", "properties": {"osm_type": "node", "osm_id": 9159990855, "tags": {"amenity": "social_centre", "brand": "American Legion", "brand:wikidata": "Q468865", "name": "American Legion Hall", "operator": "Milton F. Rosbach", "social_centre:for": "veteran"}}, "geometry": {"type": "Point", "coordinates": [-122.9709252, 46.6657304]}}, {"type": "Feature", "properties": {"osm_type": "node", "osm_id": 9171033626, "tags": {"amenity": "social_centre", "name": "Activity Building"}}, "geometry": {"type": "Point", "coordinates": [-122.9528558, 46.6528195]}}, {"type": "Feature", "properties": {"osm_type": "node", "osm_id": 9201875488, "tags": {"leisure": "bowling_alley", "name": "Chehalis Bowl"}}, "geometry": {"type": "Point", "coordinates": [-122.9571481, 46.6564155]}}, {"type": "Feature", "properties": {"osm_type": "node", "osm_id": 9279614346, "tags": {"amenity": "social_centre", "brand": "American Legion", "brand:wikidata": "Q468865", "name": "American Legion Hall", "social_centre:for": "veterans"}}, "geometry": {"type": "Point", "coordinates": [-116.9272366, 47.7299513]}}, {"type": "Feature", "properties": {"osm_type": "node", "osm_id": 9282321881, "tags": {"amenity": "social_centre", "brand": "Veterans of Foreign Wars of the United States", "brand:wikidata": "Q3556413", "name": "VFW Post", "name:en": "VFW Post", "official_name": "Veterans of Foreign Wars of the United States", "short_name": "VFW", "social_centre:for": "veterans"}}, "geometry": {"type": "Point", "coordinates": [-122.6480846, 48.3198532]}}, {"type": "Feature", "properties": {"osm_type": "node", "osm_id": 9295175049, "tags": {"addr:city": "Vancouver", "addr:housenumber": "369", "addr:street": "Terminal Avenue", "addr:unit": "510", "amenity": "social_centre", "name": "BC Housing"}}, "geometry": {"type": "Point", "coordinates": [-123.0942934, 49.2722263]}}, {"type": "Feature", "properties": {"osm_type": "node", "osm_id": 9297869871, "tags": {"leisure": "bowling_alley", "name": "Trojan Lanes"}}, "geometry": {"type": "Point", "coordinates": [-115.8933214, 48.4578898]}}, {"type": "Feature", "properties": {"osm_type": "node", "osm_id": 9301825286, "tags": {"amenity": "social_centre", "name": "Lind Senior Center"}}, "geometry": {"type": "Point", "coordinates": [-118.6157477, 46.971466]}}, {"type": "Feature", "properties": {"osm_type": "node", "osm_id": 9603569907, "tags": {"addr:city": "Esquimalt", "addr:housenumber": "1575", "addr:province": "British Columbia", "addr:street": "Lyall Street", "amenity": "social_centre", "name": "Chief and Petty Officers' Mess", "website": "http://www.cpomess.ca/"}}, "geometry": {"type": "Point", "coordinates": [-123.4287135, 48.4269522]}}, {"type": "Feature", "properties": {"osm_type": "node", "osm_id": 9603569908, "tags": {"amenity": "social_centre", "name": "Pacific Fleet Club", "website": "https://www.cafconnection.ca/Esquimalt/Facilities/Messes/Pacific-Fleet-Club.aspx"}}, "geometry": {"type": "Point", "coordinates": [-123.4220195, 48.4361904]}}, {"type": "Feature", "properties": {"osm_type": "node", "osm_id": 9697305041, "tags": {"addr:city": "Cottage Grove", "addr:housenumber": "319", "addr:postbox": "1213", "addr:postcode": "97424", "addr:state": "OR", "addr:street": "East Main Street", "amenity": "social_centre", "brand": "Independent Order of Odd Fellows", "brand:wikidata": "Q1425508", "name": "I.O.O.F.", "official_name": "Independent Order of Odd Fellows", "phone": "+1 541 767 0508", "ref": "68", "short_name": "IOOF", "website": "https://www.ioofcg.org"}}, "geometry": {"type": "Point", "coordinates": [-123.064111, 43.797197]}}, {"type": "Feature", "properties": {"osm_type": "node", "osm_id": 9797456696, "tags": {"addr:city": "Anacortes", "addr:housenumber": "1009", "addr:postcode": "98221", "addr:street": "7th Street", "club": "social", "name": "Anacortes Elks Lodge #1204", "phone": "+1-360-293-3522", "website": "https://www.elks.org/lodges/home.cfm?lodgenumber=1204"}}, "geometry": {"type": "Point", "coordinates": [-122.613467, 48.5164715]}}, {"type": "Feature", "properties": {"osm_type": "node", "osm_id": 9872830935, "tags": {"addr:city": "Lincoln City", "addr:housenumber": "2139", "addr:postcode": "97367", "addr:state": "OR", "addr:street": "Northwest Highway 101", "amenity": "social_centre", "dog": "no", "name": "Shiloh The Gathering Place Ministries Inc.", "opening_hours": "Mo-Th 10:00-17:00", "smoking": "no"}}, "geometry": {"type": "Point", "coordinates": [-124.009337, 44.9804528]}}, {"type": "Feature", "properties": {"osm_type": "node", "osm_id": 9873805797, "tags": {"addr:housenumber": "7728", "addr:street": "Edmonds Street", "amenity": "social_centre", "name": "100F Hall", "operator": "Royal City No. 3 Lodge"}}, "geometry": {"type": "Point", "coordinates": [-122.9402822, 49.224306]}}, {"type": "Feature", "properties": {"osm_type": "node", "osm_id": 9921787096, "tags": {"addr:housenumber": "4924", "addr:street": "Imperial Street", "amenity": "social_centre", "name": "Kudoz", "operator": "Curico", "phone": "+1-604-862-5836", "website": "https://kudoz.ca/"}}, "geometry": {"type": "Point", "coordinates": [-122.9938203, 49.2218399]}}, {"type": "Feature", "properties": {"osm_type": "node", "osm_id": 10035360977, "tags": {"addr:city": "Cottage Grove", "addr:housenumber": "538", "addr:postcode": "97424", "addr:state": "OR", "addr:street": "East Main Street", "club": "social", "name": "The Guild in the Grove", "website": "https://theguildinthegrove.com/"}}, "geometry": {"type": "Point", "coordinates": [-123.062096, 43.7975036]}}, {"type": "Feature", "properties": {"osm_type": "node", "osm_id": 10049753318, "tags": {"amenity": "social_centre", "brand": "The National Grange of the Order of Patrons of Husbandry", "brand:wikidata": "Q7753183", "name": "Grange"}}, "geometry": {"type": "Point", "coordinates": [-123.112472, 48.073897]}}, {"type": "Feature", "properties": {"osm_type": "node", "osm_id": 10054749619, "tags": {"amenity": "social_centre", "check_date": "2024-06-04", "name": "Aware Society"}}, "geometry": {"type": "Point", "coordinates": [-122.9132921, 49.2072777]}}, {"type": "Feature", "properties": {"osm_type": "node", "osm_id": 10055104353, "tags": {"addr:city": "Port Moody", "addr:housenumber": "2529", "addr:postcode": "V3H 1Z1", "addr:province": "BC", "addr:street": "Clarke Street", "amenity": "social_centre", "brand": "Royal Canadian Legion", "brand:wikidata": "Q3270231", "name": "Royal Canadian Legion Branch 119", "opening_hours": "We-Th 12:00-22:00; Fr-Sa 12:00-23:00; Su 12:00-21:00", "phone": "+1-604-492-1840", "short_name": "RCL", "social_centre:for": "veteran", "website": "https://www.legion119.ca/"}}, "geometry": {"type": "Point", "coordinates": [-122.855771, 49.2775739]}}, {"type": "Feature", "properties": {"osm_type": "node", "osm_id": 10076191458, "tags": {"amenity": "social_centre", "brand": "Veterans of Foreign Wars of the United States", "brand:short": "VFW", "brand:wikidata": "Q3556413", "name": "VFW Post 889", "name:en": "VFW Post", "official_name": "Veterans of Foreign Wars of the United States", "short_name": "VFW", "social_centre:for": "veteran"}}, "geometry": {"type": "Point", "coordinates": [-116.7807896, 47.6761979]}}, {"type": "Feature", "properties": {"osm_type": "node", "osm_id": 10115771165, "tags": {"addr:city": "Mount Vernon", "addr:housenumber": "1805", "addr:postcode": "98273", "addr:state": "WA", "addr:street": "Cleveland Avenue", "amenity": "social_centre", "name": "Vasa Lodge No. 396"}}, "geometry": {"type": "Point", "coordinates": [-122.339404, 48.4082841]}}, {"type": "Feature", "properties": {"osm_type": "node", "osm_id": 10141691150, "tags": {"addr:city": "North Vancouver", "addr:housenumber": "1312", "addr:province": "BC", "addr:street": "Lonsdale Avenue", "addr:unit": "P200", "check_date": "2026-01-03", "leisure": "bowling_alley", "name": "King Pins Bowling"}}, "geometry": {"type": "Point", "coordinates": [-123.0720929, 49.3203048]}}, {"type": "Feature", "properties": {"osm_type": "node", "osm_id": 10179232629, "tags": {"addr:city": "Cottage Grove", "addr:postcode": "97424", "addr:state": "OR", "club": "social", "contact:facebook": "https://www.facebook.com/groups/CottageGrove912", "description": "Meeting the first and third Tuesday of the month at 6:30 PM (excluding December), the group discusses local and national politics.", "email": "cg912project1@gmail.com", "name": "Cottage Grove 9/12 Project", "opening_hours": "Jan-Nov Tu[1,3] 18:30-20:00", "website": "https://cottagegrove912project.org/"}}, "geometry": {"type": "Point", "coordinates": [-123.0608158, 43.7984757]}}, {"type": "Feature", "properties": {"osm_type": "node", "osm_id": 10723977128, "tags": {"addr:city": "Ritzville", "addr:housenumber": "118", "addr:postcode": "99169", "addr:state": "WA", "addr:street": "West Main Avenue", "amenity": "social_centre", "name": "Gritman Senior Center", "phone": "+1-509-659-1921"}}, "geometry": {"type": "Point", "coordinates": [-118.3807906, 47.1271235]}}, {"type": "Feature", "properties": {"osm_type": "node", "osm_id": 10779064405, "tags": {"addr:housenumber": "220", "addr:postcode": "98922", "addr:street": "North Pennsylvania Avenue", "alt_name": "Aeries Lodge", "amenity": "social_centre", "brand": "Fraternal Order of Eagles", "brand:short": "FOE", "brand:wikidata": "Q5493810", "email": "foe649@gmail.com", "internet_access": "wlan", "name": "Fraternity Of Eagles F.O.E Cle Elum 649", "official_name": "Fraternal Order of Eagles", "opening_hours": "Mo-We 14:00-17:00, 18:00-21:00; Th 12:00-21:00; Fr 12:00-00:00; Su 10:00-18:00; Sa 11:00-00:00", "phone": "+1-509-674-2385", "website": "https://cleelumeagles.com/"}}, "geometry": {"type": "Point", "coordinates": [-120.9379301, 47.1955918]}}, {"type": "Feature", "properties": {"osm_type": "node", "osm_id": 10911564769, "tags": {"addr:city": "Sandpoint", "addr:housenumber": "110", "addr:postcode": "83864", "addr:state": "ID", "addr:street": "Main Street", "addr:unit": "101", "amenity": "social_centre", "contact:facebook": "https://www.facebook.com/POACtivity/", "email": "poactivities@gmail.com", "name": "Pend Oreille Arts Council", "opening_hours": "Mo-Fr 08:00-15:00", "phone": "+1-208-263-6139", "source": "https://members.sandpointchamber.org/list/member/pend-oreille-arts-council-541", "website": "https://www.artinsandpoint.org/"}}, "geometry": {"type": "Point", "coordinates": [-116.5485271, 48.2750747]}}, {"type": "Feature", "properties": {"osm_type": "node", "osm_id": 11005907627, "tags": {"leisure": "bowling_alley", "name": "Orchards Lanes"}}, "geometry": {"type": "Point", "coordinates": [-116.9824142, 46.3843827]}}, {"type": "Feature", "properties": {"osm_type": "node", "osm_id": 11036450876, "tags": {"amenity": "social_centre", "check_date": "2026-05-10", "name": "John Gibson Hall"}}, "geometry": {"type": "Point", "coordinates": [-122.0401917, 47.5290011]}}, {"type": "Feature", "properties": {"osm_type": "node", "osm_id": 11051692946, "tags": {"addr:housenumber": "567", "addr:street": "East Hastings Street", "club": "social", "name": "Tung Koon Benevolent (Canada) Association", "website": "http://www.tungkoon.ca/"}}, "geometry": {"type": "Point", "coordinates": [-123.0918981, 49.2813481]}}, {"type": "Feature", "properties": {"osm_type": "node", "osm_id": 11064008178, "tags": {"check_date": "2026-03-18", "club": "social", "name": "New Westminster Youth Club"}}, "geometry": {"type": "Point", "coordinates": [-122.906336, 49.2038033]}}, {"type": "Feature", "properties": {"osm_type": "node", "osm_id": 11066194628, "tags": {"amenity": "social_centre", "name": "Hayden Senior Center"}}, "geometry": {"type": "Point", "coordinates": [-116.7861897, 47.7575536]}}, {"type": "Feature", "properties": {"osm_type": "node", "osm_id": 11080244574, "tags": {"addr:housenumber": "1265", "addr:street": "Railroad Road", "amenity": "social_centre", "check_date": "2025-08-02", "facebook": "https://www.facebook.com/people/Mansford-Grange-710/100064590648113/", "name": "Mansford Grange #710", "phone": "+1-206-664-9760"}}, "geometry": {"type": "Point", "coordinates": [-121.6053672, 48.2590807]}}, {"type": "Feature", "properties": {"osm_type": "node", "osm_id": 11230585294, "tags": {"addr:city": "Castle Rock", "addr:country": "US", "addr:postcode": "98611", "addr:state": "WA", "addr:street": "1st Avenue Southwest", "amenity": "social_centre", "brand": "American Legion", "brand:wikidata": "Q468865", "description": "Glen Hoyer Post 175", "name": "American Legion Hall", "social_centre:for": "veteran"}}, "geometry": {"type": "Point", "coordinates": [-122.9091664, 46.2749434]}}, {"type": "Feature", "properties": {"osm_type": "node", "osm_id": 11273331731, "tags": {"addr:housenumber": "4175", "addr:street": "Meridian Street", "check_date": "2023-10-18", "leisure": "bowling_alley", "name": "Park Bowl", "name:en": "Park Bowl", "opening_hours": "Mo 16:00-22:00; Tu-Th,Su 12:00-22:30; Fr-Sa 12:00-24:00", "website": "https://parkbowl.us/"}}, "geometry": {"type": "Point", "coordinates": [-122.48812, 48.7926004]}}, {"type": "Feature", "properties": {"osm_type": "node", "osm_id": 11279012883, "tags": {"addr:city": "Salem", "addr:housenumber": "2887", "addr:postcode": "97317", "addr:state": "OR", "addr:street": "74th Avenue Southeast", "amenity": "social_centre", "name": "Macleay Conference & Retreat Center", "phone": "+1-503-391-2806", "website": "https://experiencemacleay.org/"}}, "geometry": {"type": "Point", "coordinates": [-122.909845, 44.9005517]}}, {"type": "Feature", "properties": {"osm_type": "node", "osm_id": 11335246713, "tags": {"addr:city": "Springfield", "addr:housenumber": "342", "addr:postcode": "97477", "addr:state": "OR", "addr:street": "Main Street", "amenity": "social_centre", "brand": "Independent Order of Odd Fellows", "brand:wikidata": "Q1425508", "check_date": "2026-01-05", "name": "Odd Fellows Hall", "official_name": "Independent Order of Odd Fellows", "ref": "70", "short_name": "IOOF"}}, "geometry": {"type": "Point", "coordinates": [-123.0211805, 44.0462804]}}, {"type": "Feature", "properties": {"osm_type": "node", "osm_id": 11365222425, "tags": {"addr:housenumber": "1443", "addr:street": "West 8th Avenue", "club": "social", "name": "Vancouver Odd Fellows", "website": "https://vancouveroddfellows.ca/"}}, "geometry": {"type": "Point", "coordinates": [-123.1371412, 49.2646756]}}, {"type": "Feature", "properties": {"osm_type": "node", "osm_id": 11369885373, "tags": {"amenity": "social_centre", "brand": "Veterans of Foreign Wars of the United States", "brand:wikidata": "Q3556413", "name": "VFW Post 9036", "name:en": "VFW Post", "official_name": "Veterans of Foreign Wars of the United States", "short_name": "VFW", "social_centre:for": "veteran"}}, "geometry": {"type": "Point", "coordinates": [-116.8195603, 43.9707111]}}, {"type": "Feature", "properties": {"osm_type": "node", "osm_id": 11406437351, "tags": {"addr:city": "Seattle", "addr:country": "US", "addr:housenumber": "4649", "addr:postcode": "98103", "addr:state": "WA", "addr:street": "Sunnyside Avenue North", "addr:unit": "205", "check_date": "2024-08-10", "club": "social", "contact:email": "info@afseattle.org", "contact:facebook": "https://www.facebook.com/AFSeattle", "contact:phone": "+1-206-632-5433", "contact:website": "https://www.afseattle.org/", "contact:youtube": "https://www.youtube.com/user/AfSeattleevents", "level": "1", "level:ref": "2", "name": "AllianceFran\u00e7aise", "opening_hours": "Mo-Th 09:00-16:00; Fr 09:00-12:00"}}, "geometry": {"type": "Point", "coordinates": [-122.3311925, 47.6640782]}}, {"type": "Feature", "properties": {"osm_type": "node", "osm_id": 11424970002, "tags": {"amenity": "social_centre", "brand": "Independent Order of Odd Fellows", "brand:wikidata": "Q1425508", "name": "Odd Fellows Hall", "official_name": "Independent Order of Odd Fellows", "short_name": "IOOF"}}, "geometry": {"type": "Point", "coordinates": [-116.5608278, 43.5777521]}}, {"type": "Feature", "properties": {"osm_type": "node", "osm_id": 11450646441, "tags": {"addr:housenumber": "172", "addr:street": "Bridge Street", "amenity": "social_centre", "brand": "Royal Canadian Legion", "brand:wikidata": "Q3270231", "name": "Royal Canadian Legion Hall", "phone": "+1-250-295-6060", "short_name": "RCL", "social_centre:for": "veteran", "website": "https://legionbcyukon.ca/branches/george-pearkes-56/"}}, "geometry": {"type": "Point", "coordinates": [-120.5075609, 49.4596304]}}, {"type": "Feature", "properties": {"osm_type": "node", "osm_id": 11555329195, "tags": {"leisure": "bowling_alley", "name": "Riverside Lanes"}}, "geometry": {"type": "Point", "coordinates": [-122.3365648, 48.4392551]}}, {"type": "Feature", "properties": {"osm_type": "node", "osm_id": 11602017177, "tags": {"amenity": "social_centre", "name": "Club 50"}}, "geometry": {"type": "Point", "coordinates": [-122.3124292, 48.1128188]}}, {"type": "Feature", "properties": {"osm_type": "node", "osm_id": 11635724425, "tags": {"amenity": "social_centre", "check_date": "2024-02-17", "name": "Myrtle Lodge"}}, "geometry": {"type": "Point", "coordinates": [-122.0373893, 47.5298989]}}, {"type": "Feature", "properties": {"osm_type": "node", "osm_id": 11679202282, "tags": {"amenity": "social_centre", "brand": "Benevolent and Protective Order of Elks", "brand:wikidata": "Q2895789", "check_date": "2026-05-10", "name": "Elks Lodge", "official_name": "Benevolent and Protective Order of Elks", "short_name": "BPOE"}}, "geometry": {"type": "Point", "coordinates": [-122.4722422, 48.7266999]}}, {"type": "Feature", "properties": {"osm_type": "node", "osm_id": 11746673369, "tags": {"addr:housenumber": "3752", "addr:postcode": "V9Y 4H8", "addr:street": "4th Avenue", "leisure": "bowling_alley", "name": "Rainbow Lanes", "opening_hours": "Mo 09:00-22:00; Su 12:00-16:00; Tu 12:30-22:00; We 12:30-15:30; Th 12:30-21:00; Fr 18:00-00:00; Sa 13:00-00:00", "phone": "+12507235522", "tourism": "attraction"}}, "geometry": {"type": "Point", "coordinates": [-124.806493, 49.2443898]}}, {"type": "Feature", "properties": {"osm_type": "node", "osm_id": 11757251364, "tags": {"addr:city": "Seattle", "addr:housenumber": "3014", "addr:postcode": "98109", "addr:state": "WA", "addr:street": "3rd Avenue North", "amenity": "social_centre", "brand": "Benevolent and Protective Order of Elks", "brand:wikidata": "Q2895789", "name": "Queen Anne Elks Lodge #92", "official_name": "Benevolent and Protective Order of Elks", "short_name": "BPOE", "source": "King County GIS", "website": "https://www.elks.org/lodges/home.cfm?LodgeNumber=92"}}, "geometry": {"type": "Point", "coordinates": [-122.3509871, 47.6474201]}}, {"type": "Feature", "properties": {"osm_type": "node", "osm_id": 11785010716, "tags": {"amenity": "social_centre", "check_date": "2026-05-02", "name": "Masonic Lodge", "ref": "198"}}, "geometry": {"type": "Point", "coordinates": [-121.7864203, 47.4950591]}}, {"type": "Feature", "properties": {"osm_type": "node", "osm_id": 11817348702, "tags": {"amenity": "social_centre", "brand": "American Legion", "brand:wikidata": "Q468865", "name": "American Legion Hall", "social_centre:for": "veteran"}}, "geometry": {"type": "Point", "coordinates": [-122.5240394, 48.7899565]}}, {"type": "Feature", "properties": {"osm_type": "node", "osm_id": 11860866172, "tags": {"amenity": "social_centre", "brand": "Benevolent and Protective Order of Elks", "brand:short": "BPOE", "brand:wikidata": "Q2895789", "name": "Gig Harbor Elks Lodge #2560", "official_name": "Benevolent and Protective Order of Elks", "phone": "+1-253-851-2560", "website": "https://gigharborelks.weebly.com/"}}, "geometry": {"type": "Point", "coordinates": [-122.6099401, 47.3466801]}}, {"type": "Feature", "properties": {"osm_type": "node", "osm_id": 11978458746, "tags": {"access": "private", "addr:housenumber": "400", "addr:street": "Dexter Avenue North", "check_date": "2024-06-12", "club": "social", "description": "A members-only community", "name": "The Collective Seattle", "website": "https://collectiveseattle.com"}}, "geometry": {"type": "Point", "coordinates": [-122.3420478, 47.6223468]}}, {"type": "Feature", "properties": {"osm_type": "node", "osm_id": 12026769705, "tags": {"addr:housenumber": "817", "addr:street": "Fort Street", "addr:unit": "A", "amenity": "social_centre", "name": "Victoria Disability Resource Centre", "office": "association", "opening_hours": "Mo-Th 09:00-16:00; Fr 09:00-14:00", "phone": "+1 250 595-0044", "website": "https://drcvictoria.com/"}}, "geometry": {"type": "Point", "coordinates": [-123.3616706, 48.4241059]}}, {"type": "Feature", "properties": {"osm_type": "node", "osm_id": 12088196457, "tags": {"addr:city": "Moscow", "addr:housenumber": "531", "addr:postcode": "83843", "addr:state": "ID", "addr:street": "South Main Street", "amenity": "social_centre", "brand": "Freemasonry;Freemasons;Masons", "name": "Paradise Lodge #17 Free and Accepted Masons", "website": "https://www.masonpost.com/id/paradise17/profile.html"}}, "geometry": {"type": "Point", "coordinates": [-117.0016773, 46.7303209]}}, {"type": "Feature", "properties": {"osm_type": "node", "osm_id": 12101342718, "tags": {"amenity": "social_centre", "check_date": "2024-08-09", "name": "Sons Of Norway"}}, "geometry": {"type": "Point", "coordinates": [-122.9183447, 46.1449246]}}, {"type": "Feature", "properties": {"osm_type": "node", "osm_id": 12132271800, "tags": {"amenity": "social_centre", "name": "Service Alternatives"}}, "geometry": {"type": "Point", "coordinates": [-118.3028931, 46.0798188]}}, {"type": "Feature", "properties": {"osm_type": "node", "osm_id": 12208459875, "tags": {"addr:housenumber": "2945", "addr:street": "West Island Highway", "amenity": "social_centre", "check_date:addr": "2024-09-28", "name": "H.J. Welch Memorial Rotary House & Park", "phone": "+1 250 752-0960", "website": "https://rotaryclubofqualicumbeach.ca/rotary-park/"}}, "geometry": {"type": "Point", "coordinates": [-124.4550374, 49.3540038]}}, {"type": "Feature", "properties": {"osm_type": "node", "osm_id": 12290969852, "tags": {"amenity": "social_centre", "club": "ethnic; fishing", "fee": "no", "name": "Japanese Fishermen's Benevolent Society Building", "social_facility": "social_club", "tourism": "museum"}}, "geometry": {"type": "Point", "coordinates": [-123.1829191, 49.125484]}}, {"type": "Feature", "properties": {"osm_type": "node", "osm_id": 12308426842, "tags": {"amenity": "social_centre", "check_date": "2024-11-02", "name": "North Beach Alano Club"}}, "geometry": {"type": "Point", "coordinates": [-124.1627579, 47.014456]}}, {"type": "Feature", "properties": {"osm_type": "node", "osm_id": 12398408777, "tags": {"addr:city": "Spokane", "addr:postcode": "99208", "addr:state": "WA", "leisure": "bowling_alley", "name": "Lilac Lanes Bowling Alley"}}, "geometry": {"type": "Point", "coordinates": [-117.3933204, 47.7360833]}}, {"type": "Feature", "properties": {"osm_type": "node", "osm_id": 12457466278, "tags": {"leisure": "bowling_alley", "name": "Aztec Lanes"}}, "geometry": {"type": "Point", "coordinates": [-122.8595095, 47.0459095]}}, {"type": "Feature", "properties": {"osm_type": "node", "osm_id": 12462511616, "tags": {"addr:city": "Pitt Meadows", "addr:housenumber": "12479", "addr:postcode": "V3Y 4J2", "addr:province": "BC", "addr:street": "Harris Road", "amenity": "social_centre", "brand": "Lions Clubs International", "brand:wikidata": "Q270029", "name": "Pitt Meadows Lions Club", "phone": "+1-604-219-6023", "website": "https://pittmeadowslionsclub.ca"}}, "geometry": {"type": "Point", "coordinates": [-122.6898556, 49.2293184]}}, {"type": "Feature", "properties": {"osm_type": "node", "osm_id": 12537706181, "tags": {"leisure": "bowling_alley", "level": "-1", "name": "MU Lanes"}}, "geometry": {"type": "Point", "coordinates": [-123.2796962, 44.5648284]}}, {"type": "Feature", "properties": {"osm_type": "node", "osm_id": 12542738739, "tags": {"amenity": "social_centre", "brand": "Veterans of Foreign Wars of the United States", "brand:wikidata": "Q3556413", "name": "Richland VFW Post 7952", "name:en": "VFW Post", "official_name": "Veterans of Foreign Wars of the United States", "short_name": "VFW", "social_centre:for": "veteran"}}, "geometry": {"type": "Point", "coordinates": [-119.2754216, 46.2887237]}}, {"type": "Feature", "properties": {"osm_type": "node", "osm_id": 12613929052, "tags": {"addr:city": "Vancouver", "addr:housenumber": "915", "addr:postcode": "V6C 1C6", "addr:province": "BC", "addr:street": "West Hastings Street", "club": "social", "name": "The Vancouver Club", "phone": "+1-604-685-9321", "start_date": "1891", "website": "https://www.vancouverclub.ca/", "wikidata": "Q122819964", "wikipedia": "en:Vancouver Club"}}, "geometry": {"type": "Point", "coordinates": [-123.1158006, 49.2869061]}}, {"type": "Feature", "properties": {"osm_type": "node", "osm_id": 12637482188, "tags": {"addr:city": "Springfield", "addr:housenumber": "228", "addr:postcode": "97477", "addr:state": "OR", "addr:street": "Main Street", "amenity": "social_centre", "contact:facebook": "eugenelodge11", "name": "Eugene Masonic Lodge #11", "ref": "11"}}, "geometry": {"type": "Point", "coordinates": [-123.0226902, 44.0463905]}}, {"type": "Feature", "properties": {"osm_type": "node", "osm_id": 12644093184, "tags": {"addr:housenumber": "384", "addr:street": "Main Street", "amenity": "social_centre", "name": "Aboriginal Front Door Society", "website": "https://www.abfrontdoor.org/"}}, "geometry": {"type": "Point", "coordinates": [-123.0993632, 49.2815574]}}, {"type": "Feature", "properties": {"osm_type": "node", "osm_id": 12758164165, "tags": {"addr:city": "Vancouver", "addr:housenumber": "1447", "addr:province": "BC", "addr:street": "Barclay Street", "amenity": "social_centre", "operator": "West End Seniors' Network", "operator:short": "WESN", "website": "https://wesn.ca/barclay-manor/"}}, "geometry": {"type": "Point", "coordinates": [-123.132582, 49.2872237]}}, {"type": "Feature", "properties": {"osm_type": "node", "osm_id": 12941797826, "tags": {"addr:city": "Lebanon", "addr:housenumber": "2250", "addr:postcode": "97355", "addr:state": "OR", "addr:street": "South Main Road", "leisure": "bowling_alley", "name": "Linn Lanes Bowling Center"}}, "geometry": {"type": "Point", "coordinates": [-122.9087717, 44.5235214]}}, {"type": "Feature", "properties": {"osm_type": "node", "osm_id": 13051118282, "tags": {"amenity": "social_centre"}}, "geometry": {"type": "Point", "coordinates": [-123.0858088, 49.0416945]}}, {"type": "Feature", "properties": {"osm_type": "node", "osm_id": 13078000564, "tags": {"amenity": "social_centre", "brand": "Veterans of Foreign Wars of the United States", "brand:short": "VFW", "brand:wikidata": "Q3556413", "name": "VFW Post 2453", "name:en": "VFW Post", "official_name": "Veterans of Foreign Wars of the United States", "social_centre:for": "veteran"}}, "geometry": {"type": "Point", "coordinates": [-116.5675666, 48.2727119]}}, {"type": "Feature", "properties": {"osm_type": "node", "osm_id": 13134896239, "tags": {"addr:city": "Ritzville", "addr:housenumber": "119", "addr:postcode": "99169", "addr:state": "WA", "addr:street": "East Main Avenue", "leisure": "bowling_alley", "name": "Bronco Lanes"}}, "geometry": {"type": "Point", "coordinates": [-118.3796375, 47.1281874]}}, {"type": "Feature", "properties": {"osm_type": "node", "osm_id": 13295427559, "tags": {"amenity": "social_centre", "brand": "Veterans of Foreign Wars of the United States", "brand:short": "VFW", "brand:wikidata": "Q3556413", "check_date": "2025-11-10", "name": "VFW Post", "name:en": "VFW Post", "official_name": "Veterans of Foreign Wars of the United States", "social_centre:for": "veteran"}}, "geometry": {"type": "Point", "coordinates": [-122.2405218, 47.490938]}}, {"type": "Feature", "properties": {"osm_type": "node", "osm_id": 13421752858, "tags": {"addr:city": "Sisters", "addr:housenumber": "392", "addr:postcode": "97759", "addr:state": "OR", "addr:street": "East Main Avenue", "addr:unit": "201", "amenity": "social_centre", "name": "Erin Fourier, LCSW", "operator": "Erin Fourier"}}, "geometry": {"type": "Point", "coordinates": [-121.5465929, 44.2923377]}}, {"type": "Feature", "properties": {"osm_type": "node", "osm_id": 13421807811, "tags": {"addr:city": "Sisters", "addr:housenumber": "392", "addr:postcode": "97759", "addr:state": "OR", "addr:street": "East Main Avenue", "addr:unit": "201", "amenity": "social_centre", "name": "Nessa Wilson, LCSW", "operator": "Nessa Wilson"}}, "geometry": {"type": "Point", "coordinates": [-121.5465912, 44.29233]}}, {"type": "Feature", "properties": {"osm_type": "node", "osm_id": 13676709685, "tags": {"club": "social", "name": "Black Diamond Masonic Lodge No. 83", "website": "https://www.diamondlodge83.com/"}}, "geometry": {"type": "Point", "coordinates": [-122.0041066, 47.3098437]}}, {"type": "Feature", "properties": {"osm_type": "node", "osm_id": 13676733520, "tags": {"addr:city": "Boise", "addr:housenumber": "8931", "addr:postcode": "83709", "addr:state": "ID", "addr:street": "West Ardene Street", "amenity": "social_centre", "brand": "Veterans of Foreign Wars of the United States", "brand:short": "VFW", "brand:wikidata": "Q3556413", "name": "VFW Capital City Post63", "name:en": "VFW Post", "official_name": "Veterans of Foreign Wars of the United States", "social_centre:for": "veteran"}}, "geometry": {"type": "Point", "coordinates": [-116.2932013, 43.5887478]}}, {"type": "Feature", "properties": {"osm_type": "node", "osm_id": 13712678001, "tags": {"addr:housenumber": "621", "addr:street": "Tacoma Avenue South", "amenity": "social_centre", "image": "https://static1.squarespace.com/static/6201b29ab8afbc3a6d70153c/t/669d968a9f6af8110abad431/1770700562032/", "name": "Common Good", "note": "Build using the microdata scraper. You should check the tags before saving!", "scraper_microdata:date": "04/07/2026 16:55:10", "website": "https://commongoodtacoma.org/"}}, "geometry": {"type": "Point", "coordinates": [-122.4452238, 47.2572082]}}, {"type": "Feature", "properties": {"osm_type": "node", "osm_id": 13796996928, "tags": {"addr:unit": "26", "amenity": "social_centre", "name": "Nanaimo Science", "phone": "+1 778 268-2289", "social_centre:for": "children", "website": "https://nanaimoscience.org/"}}, "geometry": {"type": "Point", "coordinates": [-124.0050834, 49.2061255]}}, {"type": "Feature", "properties": {"osm_type": "node", "osm_id": 13831564426, "tags": {"addr:housenumber": "116", "addr:street": "Vernon Street", "amenity": "social_centre", "name": "The Bridge"}}, "geometry": {"type": "Point", "coordinates": [-117.299066, 49.4907049]}}, {"type": "Feature", "properties": {"osm_type": "node", "osm_id": 13927887579, "tags": {"addr:city": "Vancouver", "addr:housenumber": "1706", "addr:postcode": "98663", "addr:state": "WA", "addr:street": "D Street", "amenity": "social_centre", "name": "Live Everything Mindful", "website": "https://liveeverythingmindful.com/"}}, "geometry": {"type": "Point", "coordinates": [-122.6684903, 45.6346385]}}, {"type": "Feature", "properties": {"osm_type": "node", "osm_id": 13950526002, "tags": {"amenity": "social_centre", "brand": "American Legion", "brand:wikidata": "Q468865", "name": "American Legion Hall", "social_centre:for": "veteran"}}, "geometry": {"type": "Point", "coordinates": [-119.8281471, 45.500748]}}]}