{"type": "FeatureCollection", "features": [{"type": "Feature", "properties": {"osm_type": "node", "osm_id": 2751248746, "tags": {"addr:city": "hermosillo", "addr:postcode": "83180", "addr:street": "Olivares", "craft": "brewery", "name": "Expendio Olivares"}}, "geometry": {"type": "Point", "coordinates": [-110.9780188, 29.0965232]}}, {"type": "Feature", "properties": {"osm_type": "node", "osm_id": 3210069647, "tags": {"craft": "brewery", "name": "Tecate"}}, "geometry": {"type": "Point", "coordinates": [-108.0560488, 25.0771048]}}, {"type": "Feature", "properties": {"osm_type": "node", "osm_id": 3210070661, "tags": {"craft": "brewery", "name": "Pacifico"}}, "geometry": {"type": "Point", "coordinates": [-108.0566999, 25.078018]}}, {"type": "Feature", "properties": {"osm_type": "node", "osm_id": 3210070662, "tags": {"craft": "brewery", "name": "Tecate"}}, "geometry": {"type": "Point", "coordinates": [-108.0564349, 25.0786542]}}, {"type": "Feature", "properties": {"osm_type": "node", "osm_id": 3210071305, "tags": {"craft": "brewery", "name": "Tecate"}}, "geometry": {"type": "Point", "coordinates": [-108.0527196, 25.0820923]}}, {"type": "Feature", "properties": {"osm_type": "node", "osm_id": 3210080439, "tags": {"craft": "brewery", "name": "Tecate"}}, "geometry": {"type": "Point", "coordinates": [-107.7068275, 24.81227]}}, {"type": "Feature", "properties": {"osm_type": "node", "osm_id": 3215857902, "tags": {"craft": "brewery", "name": "tecate"}}, "geometry": {"type": "Point", "coordinates": [-108.1427066, 25.3683319]}}, {"type": "Feature", "properties": {"osm_type": "node", "osm_id": 5344390950, "tags": {"addr:city": "Culiacan sinaloa", "addr:postcode": "80249", "addr:street": "El Capule", "craft": "brewery", "name": "Tecate"}}, "geometry": {"type": "Point", "coordinates": [-107.3354355, 24.8024827]}}, {"type": "Feature", "properties": {"osm_type": "node", "osm_id": 5344390951, "tags": {"addr:city": "Culican Rosales", "addr:postcode": "80249", "addr:street": "El Capule", "craft": "brewery", "name": "Modelorama"}}, "geometry": {"type": "Point", "coordinates": [-107.3329691, 24.7999177]}}, {"type": "Feature", "properties": {"osm_type": "node", "osm_id": 5344390952, "tags": {"addr:city": "Culiacan Rosales", "addr:postcode": "80249", "addr:street": "Sanalona", "craft": "brewery", "name": "Tecate la Sanalona"}}, "geometry": {"type": "Point", "coordinates": [-107.3368781, 24.8050951]}}, {"type": "Feature", "properties": {"osm_type": "node", "osm_id": 5344390953, "tags": {"addr:city": "Culiacan Rosales", "addr:postcode": "80249", "addr:street": "Sanalona", "craft": "brewery", "name": "Modelo"}}, "geometry": {"type": "Point", "coordinates": [-107.3371258, 24.8052188]}}, {"type": "Feature", "properties": {"osm_type": "node", "osm_id": 5381788204, "tags": {"addr:street": "Hermosillo - Bah\u00eda Kino", "craft": "brewery", "name": "Super Six Kino Nuevo"}}, "geometry": {"type": "Point", "coordinates": [-111.9999107, 28.8540794]}}, {"type": "Feature", "properties": {"osm_type": "node", "osm_id": 5381793932, "tags": {"addr:street": "Hermosillo - Bah\u00eda Kino", "craft": "brewery", "name": "Expendio Corona Kino Nuevo"}}, "geometry": {"type": "Point", "coordinates": [-111.9944346, 28.852828]}}, {"type": "Feature", "properties": {"osm_type": "node", "osm_id": 5381804880, "tags": {"addr:street": "Hermosillo - Bah\u00eda Kino", "craft": "brewery", "name": "Deposito Fama Horizonte"}}, "geometry": {"type": "Point", "coordinates": [-111.9828902, 28.8492187]}}, {"type": "Feature", "properties": {"osm_type": "node", "osm_id": 5684976151, "tags": {"craft": "brewery", "name": "Cervecer\u00eda Cuauht\u00e9moc Moctezuma"}}, "geometry": {"type": "Point", "coordinates": [-107.4163909, 24.8164972]}}, {"type": "Feature", "properties": {"osm_type": "node", "osm_id": 9211383512, "tags": {"addr:street": "Boulevard Miguel Hidalgo y Costilla", "craft": "brewery", "name": "Fauna Tasting Room"}}, "geometry": {"type": "Point", "coordinates": [-110.9613798, 29.0758688]}}, {"type": "Feature", "properties": {"osm_type": "node", "osm_id": 12026759538, "tags": {"amenity": "restaurant", "craft": "brewery", "name": "Buquibichi"}}, "geometry": {"type": "Point", "coordinates": [-110.9479597, 29.0961901]}}, {"type": "Feature", "properties": {"osm_type": "node", "osm_id": 2014610432, "tags": {"craft": "brewery", "name": "Sierra Madre Brewing Co."}}, "geometry": {"type": "Point", "coordinates": [-100.242189, 25.692793]}}, {"type": "Feature", "properties": {"osm_type": "node", "osm_id": 3986301180, "tags": {"addr:city": "Austin", "addr:housenumber": "2400", "addr:postcode": "78702", "addr:state": "TX", "addr:street": "East Cesar Chavez Street", "addr:unit": "300", "contact:facebook": "https://www.facebook.com/blueowlbrewing", "contact:instagram": "https://www.instagram.com/blueowlbrewing/", "contact:twitter": "https://twitter.com/blueowlbrewing", "craft": "brewery", "name": "Blue Owl Brewing", "opening_hours": "We-Th 15:00-22:00; Fr-Sa 12:00-22:00; Su 12:00-20:00", "phone": "+1-512-593-1262", "website": "https://blueowlbrewing.com/"}}, "geometry": {"type": "Point", "coordinates": [-97.716869, 30.2546237]}}, {"type": "Feature", "properties": {"osm_type": "node", "osm_id": 3986302199, "tags": {"addr:city": "Austin", "addr:housenumber": "507", "addr:postcode": "78702", "addr:state": "TX", "addr:street": "Calles Street", "craft": "brewery", "name": "Hops and Grain Brewing", "website": "https://www.hopsandgrain.com/"}}, "geometry": {"type": "Point", "coordinates": [-97.7118787, 30.2583526]}}, {"type": "Feature", "properties": {"osm_type": "node", "osm_id": 3986338015, "tags": {"addr:city": "Austin", "addr:housenumber": "979", "addr:postcode": "78702", "addr:state": "TX", "addr:street": "Springdale Road", "check_date": "2023-08-03", "craft": "brewery", "name": "Handsome Dan\u2019s"}}, "geometry": {"type": "Point", "coordinates": [-97.6960711, 30.2625839]}}, {"type": "Feature", "properties": {"osm_type": "node", "osm_id": 4036545058, "tags": {"addr:city": "Shiner", "addr:housenumber": "603", "addr:postcode": "77984", "addr:state": "TX", "addr:street": "East Brewery Street", "craft": "brewery", "description": "Home of Shiner Beers.", "name": "Spoetzl Brewery", "opening_hours": "10:00-18:00", "operator": "Gambrinus Company", "phone": "+1 361-594-3383", "product": "beer", "website": "https://shiner.com/"}}, "geometry": {"type": "Point", "coordinates": [-97.1671258, 29.434258]}}, {"type": "Feature", "properties": {"osm_type": "node", "osm_id": 4075519293, "tags": {"craft": "brewery", "name": "Tecate"}}, "geometry": {"type": "Point", "coordinates": [-100.2465662, 25.7037798]}}, {"type": "Feature", "properties": {"osm_type": "node", "osm_id": 4075787812, "tags": {"craft": "brewery", "name": "Tecate SIX"}}, "geometry": {"type": "Point", "coordinates": [-100.2235656, 25.7236082]}}, {"type": "Feature", "properties": {"osm_type": "node", "osm_id": 4085481506, "tags": {"craft": "brewery", "name": "Modelorama"}}, "geometry": {"type": "Point", "coordinates": [-100.2480135, 25.772838]}}, {"type": "Feature", "properties": {"osm_type": "node", "osm_id": 4085481508, "tags": {"craft": "brewery", "name": "Tecate SIX"}}, "geometry": {"type": "Point", "coordinates": [-100.2479714, 25.773821]}}, {"type": "Feature", "properties": {"osm_type": "node", "osm_id": 4121804270, "tags": {"craft": "brewery", "name": "Modelorama"}}, "geometry": {"type": "Point", "coordinates": [-100.3508271, 25.714319]}}, {"type": "Feature", "properties": {"osm_type": "node", "osm_id": 4270537340, "tags": {"craft": "brewery", "name": "Modelo"}}, "geometry": {"type": "Point", "coordinates": [-101.0048201, 25.3801727]}}, {"type": "Feature", "properties": {"osm_type": "node", "osm_id": 4365377572, "tags": {"addr:city": "Brenham", "addr:housenumber": "201", "addr:postcode": "77833", "addr:state": "TX", "addr:street": "West 1st Street", "craft": "brewery", "email": "info@brazosvalleybrewery.com", "name": "Brazos Valley Brewery", "opening_hours": "Fr 17:00-22:00; Sa 12:00-20:00; Su 13:00-18:00", "phone": "+1 979 987 1133", "product": "beer", "website": "http://brazosvalleybrewery.com/"}}, "geometry": {"type": "Point", "coordinates": [-96.3986627, 30.16447]}}, {"type": "Feature", "properties": {"osm_type": "node", "osm_id": 4550462202, "tags": {"craft": "brewery", "name": "Corona"}}, "geometry": {"type": "Point", "coordinates": [-102.172013, 25.4469983]}}, {"type": "Feature", "properties": {"osm_type": "node", "osm_id": 4550462205, "tags": {"craft": "brewery", "name": "SIX"}}, "geometry": {"type": "Point", "coordinates": [-102.1771023, 25.4489196]}}, {"type": "Feature", "properties": {"osm_type": "node", "osm_id": 4551433067, "tags": {"craft": "brewery", "name": "Das Bierhaus"}}, "geometry": {"type": "Point", "coordinates": [-100.3638669, 25.7243515]}}, {"type": "Feature", "properties": {"osm_type": "node", "osm_id": 4556001067, "tags": {"craft": "brewery", "name": "BudLight"}}, "geometry": {"type": "Point", "coordinates": [-102.1723543, 25.4407041]}}, {"type": "Feature", "properties": {"osm_type": "node", "osm_id": 4566289513, "tags": {"craft": "brewery", "name": "Tecate"}}, "geometry": {"type": "Point", "coordinates": [-100.7167641, 25.6593985]}}, {"type": "Feature", "properties": {"osm_type": "node", "osm_id": 4602919432, "tags": {"craft": "brewery", "name": "Chapulteptec"}}, "geometry": {"type": "Point", "coordinates": [-103.4998264, 25.5539092]}}, {"type": "Feature", "properties": {"osm_type": "node", "osm_id": 4924994117, "tags": {"addr:city": "Austin", "addr:housenumber": "415", "addr:postcode": "78745", "addr:state": "TX", "addr:street": "East Saint Elmo Road", "check_date": "2025-09-20", "craft": "brewery", "description": "Brewery Tasting Room", "name": "Vacancy Brewing", "outdoor_seating": "no"}}, "geometry": {"type": "Point", "coordinates": [-97.762481, 30.2143335]}}, {"type": "Feature", "properties": {"osm_type": "node", "osm_id": 5208921794, "tags": {"addr:city": "Austin", "addr:country": "US", "addr:housenumber": "7601", "addr:postcode": "78745", "addr:state": "TX", "addr:street": "South Congress Avenue", "addr:unit": "6", "craft": "brewery", "email": "info@laststandbrewing.com", "name": "Last Stand Brewing Company", "opening_hours": "Su-Mo 11:00-21:00; Tu-Sa 11:00-22:00", "phone": "+1-512-568-2800", "product": "beer", "website": "https://www.laststandbrewing.com/"}}, "geometry": {"type": "Point", "coordinates": [-97.7819951, 30.1820745]}}, {"type": "Feature", "properties": {"osm_type": "node", "osm_id": 5208956741, "tags": {"addr:city": "Austin", "addr:housenumber": "3913", "addr:postcode": "78744", "addr:state": "TX", "addr:street": "Todd Lane", "craft": "brewery", "name": "Independence Brewing Co.", "opening_hours": "Th-Fr 16:00-22:00; Sa 13:00-22:00; Su 14:00-20:00", "phone": "+1-512-707-0099", "product": "beer", "website": "https://www.independencebrewing.com/"}}, "geometry": {"type": "Point", "coordinates": [-97.7361012, 30.2111313]}}, {"type": "Feature", "properties": {"osm_type": "node", "osm_id": 5208967653, "tags": {"addr:city": "San Antonio", "addr:housenumber": "606", "addr:postcode": "78216", "addr:state": "TX", "addr:street": "Embassy Oaks", "craft": "brewery", "email": "events@weatheredsouls.beer", "name": "Weathered Souls Brewing Co.", "opening_hours": "Mo-Th 16:00-22:00; Fr 14:00-23:00; Sa 12:00-23:00; Su 13:00-18:00", "phone": "+1-210-313-8796", "product": "beer", "website": "https://weatheredsouls.beer/"}}, "geometry": {"type": "Point", "coordinates": [-98.4897909, 29.5648084]}}, {"type": "Feature", "properties": {"osm_type": "node", "osm_id": 5320496845, "tags": {"craft": "brewery", "name": "Cuahut\u00e9moc Moctezuma"}}, "geometry": {"type": "Point", "coordinates": [-101.4126948, 26.9418724]}}, {"type": "Feature", "properties": {"osm_type": "node", "osm_id": 5695605331, "tags": {"addr:city": "Alpine", "addr:housenumber": "3401", "addr:postcode": "79830", "addr:state": "TX", "addr:street": "US 90", "craft": "brewery", "name": "Big Bend Brewing Co."}}, "geometry": {"type": "Point", "coordinates": [-103.6979905, 30.3480079]}}, {"type": "Feature", "properties": {"osm_type": "node", "osm_id": 5695638240, "tags": {"addr:city": "Austin", "addr:housenumber": "979", "addr:postcode": "78702", "addr:state": "TX", "addr:street": "Springdale Road", "addr:unit": "130", "craft": "brewery", "name": "Stargazer", "opening_hours": "24/7", "product": "beer;cider;cocktails;merchandise", "website": "https://www.stargazerbar.com/"}}, "geometry": {"type": "Point", "coordinates": [-97.6961854, 30.2628616]}}, {"type": "Feature", "properties": {"osm_type": "node", "osm_id": 5902425674, "tags": {"addr:city": "College Station", "addr:housenumber": "11405", "addr:postcode": "77845", "addr:state": "TX", "addr:street": "North Dowling Road", "craft": "brewery", "name": "New Republic Brewing", "opening_hours": "Tu-Fr 17:00-22:00; Sa 12:00-22:00; Su 14:00-20:00", "phone": "+1 713 489 4667", "product": "beer", "website": "https://www.newrepublicbrewing.com"}}, "geometry": {"type": "Point", "coordinates": [-96.3504312, 30.5649195]}}, {"type": "Feature", "properties": {"osm_type": "node", "osm_id": 6345930212, "tags": {"addr:housenumber": "9", "addr:street": "Hill View Ln", "craft": "brewery", "microbrewery": "yes", "name": "Boerne Brewery", "opening_hours": "Fr 14:00-17:00; Sa 13:00-16:00", "phone": "+1-830-331-8798", "website": "http://www.boernebrewery.com/"}}, "geometry": {"type": "Point", "coordinates": [-98.734646, 29.8072705]}}, {"type": "Feature", "properties": {"osm_type": "node", "osm_id": 6347995628, "tags": {"addr:city": "Austin", "addr:housenumber": "10001", "addr:postcode": "78758", "addr:state": "TX", "addr:street": "Metric Boulevard", "bar": "yes", "craft": "brewery", "description": "Hours are for taproom/bar.", "name": "Celis Brewery", "opening_hours": "Mo-Th 15:00-22:00; Fr-Su 12:00-22:00", "phone": "+1-512-524-2377", "website": "https://www.celisbeers.com/"}}, "geometry": {"type": "Point", "coordinates": [-97.7160184, 30.3797449]}}, {"type": "Feature", "properties": {"osm_type": "node", "osm_id": 6382150941, "tags": {"craft": "brewery", "name": "Texas Beer Company", "product": "beer"}}, "geometry": {"type": "Point", "coordinates": [-97.4099156, 30.5689591]}}, {"type": "Feature", "properties": {"osm_type": "node", "osm_id": 6422741104, "tags": {"addr:city": "Austin", "addr:housenumber": "4700", "addr:postcode": "78744", "addr:state": "TX", "addr:street": "Burleson Road", "addr:unit": "Suite F", "air_conditioning": "yes", "craft": "brewery", "description": "Starbase Brewing is a Texas-based microbrewery focused on crafting delicious beer using the highest-quality local ingredients. Apart from brewing great beer, we hope to build excitement for space exploration, promote science and sustainability, and develo", "email": "hello@starbasebrewery.com", "internet_access": "wlan", "internet_access:fee": "no", "name": "Starbase Brewing", "phone": "+1 512-428-5217", "product": "beer", "source": "local knowledge", "website": "https://starbasebrewery.com", "wheelchair": "yes"}}, "geometry": {"type": "Point", "coordinates": [-97.7308041, 30.2130314]}}, {"type": "Feature", "properties": {"osm_type": "node", "osm_id": 6604055910, "tags": {"addr:housenumber": "417", "addr:street": "Red River Street", "craft": "brewery", "microbrewery": "yes", "name": "Central District Brewing", "opening_hours": "Mo-Th 14:00-22:00; Fr,Sa 11:00-23:00; Su 12:00-20:00", "phone": "+1-512-993-4511", "website": "https://centraldistrictbrewing.com/"}}, "geometry": {"type": "Point", "coordinates": [-97.7374769, 30.2652136]}}, {"type": "Feature", "properties": {"osm_type": "node", "osm_id": 6713669004, "tags": {"addr:city": "Bandera", "addr:housenumber": "3540", "addr:postcode": "78003", "addr:state": "TX", "addr:street": "State Highway 16 South", "addr:unit": "1B", "craft": "brewery", "name": "Bandera Ale Project"}}, "geometry": {"type": "Point", "coordinates": [-99.0282311, 29.740971]}}, {"type": "Feature", "properties": {"osm_type": "node", "osm_id": 6994710863, "tags": {"craft": "brewery", "name": "Agencia Modelo"}}, "geometry": {"type": "Point", "coordinates": [-98.3613985, 26.0579125]}}, {"type": "Feature", "properties": {"osm_type": "node", "osm_id": 7093832624, "tags": {"addr:housenumber": "3108", "addr:postcode": "78723", "addr:street": "Manor Road", "check_date": "2026-07-07", "check_date:opening_hours": "2026-07-07", "contact:instagram": "oddwoodbrewing", "craft": "brewery", "name": "Oddwood Brewing", "opening_hours": "Tu-We 16:00-22:00; Th 11:00-22:00; Fr-Sa 11:00-22:30; Su 11:00-21:00", "website": "https://www.oddwoodbrewing.com/"}}, "geometry": {"type": "Point", "coordinates": [-97.7053351, 30.2868472]}}, {"type": "Feature", "properties": {"osm_type": "node", "osm_id": 7106248532, "tags": {"addr:city": "Austin", "addr:housenumber": "3009", "addr:postcode": "78758", "addr:state": "TX", "addr:street": "Industrial Terrace", "craft": "brewery", "email": "info@austinbeerworks.com", "name": "Austin Beerworks", "note": "Fantastic beer", "opening_hours": "Su-Th 12:00-20:00; Fr-Sa 12:00-22:00", "phone": "+1-512-821-2494", "product": "beer", "source": "local knowledge", "website": "https://austinbeerworks.com/"}}, "geometry": {"type": "Point", "coordinates": [-97.7297301, 30.3794297]}}, {"type": "Feature", "properties": {"osm_type": "node", "osm_id": 8151905318, "tags": {"craft": "brewery", "name": "Deposito GR", "survey:date": "2020-11-22"}}, "geometry": {"type": "Point", "coordinates": [-100.1132627, 25.6893043]}}, {"type": "Feature", "properties": {"osm_type": "node", "osm_id": 8446348953, "tags": {"craft": "brewery", "name": "Modelorama"}}, "geometry": {"type": "Point", "coordinates": [-100.2671375, 25.7893841]}}, {"type": "Feature", "properties": {"osm_type": "node", "osm_id": 8458300166, "tags": {"craft": "brewery", "name": "Modelorama"}}, "geometry": {"type": "Point", "coordinates": [-100.2356883, 25.7943112]}}, {"type": "Feature", "properties": {"osm_type": "node", "osm_id": 8539432804, "tags": {"addr:city": "Cedar Park", "addr:housenumber": "2415", "addr:postcode": "78613", "addr:state": "TX", "addr:street": "South Bell Boulevard", "craft": "brewery", "delivery": "no", "email": "info@southpawbrewingco.com", "name": "Southpaw Brewing Company", "opening_hours": "Th-Fr 16:00-20:00; Sa 13:00-20:00; Su 12:00-18:00", "phone": "+1-512-599-4330", "website": "https://www.southpawbrewingco.com/"}}, "geometry": {"type": "Point", "coordinates": [-97.8049726, 30.4810714]}}, {"type": "Feature", "properties": {"osm_type": "node", "osm_id": 8570067946, "tags": {"craft": "distillery", "name": "Spirit of Texas"}}, "geometry": {"type": "Point", "coordinates": [-97.5841947, 30.4803055]}}, {"type": "Feature", "properties": {"osm_type": "node", "osm_id": 9694255242, "tags": {"addr:city": "Leander", "addr:housenumber": "11894", "addr:postcode": "78641", "addr:state": "TX", "addr:street": "West Hero Way", "addr:unit": "A", "craft": "distillery", "min_age": "21", "name": "Leanderthal Distilling"}}, "geometry": {"type": "Point", "coordinates": [-97.8710201, 30.5777087]}}, {"type": "Feature", "properties": {"osm_type": "node", "osm_id": 9727815944, "tags": {"craft": "brewery", "name": "Blue Bonnet Beer Company"}}, "geometry": {"type": "Point", "coordinates": [-97.6469985, 30.4918273]}}, {"type": "Feature", "properties": {"osm_type": "node", "osm_id": 9800238582, "tags": {"addr:housenumber": "1208", "addr:postcode": "78703", "addr:street": "West 4th Street", "check_date": "2026-06-07", "check_date:opening_hours": "2026-06-07", "contact:instagram": "holdoutbrewing", "craft": "brewery", "email": "howdy@holdoutbrewing.com", "name": "Hold Out Brewing", "opening_hours": "Mo 15:00-22:00; Tu-Fr 11:00-23:00; Sa 10:00-23:00; Su 10:00-22:00", "phone": "+15123053540", "website": "https://holdoutbrewing.com"}}, "geometry": {"type": "Point", "coordinates": [-97.7589406, 30.2713449]}}, {"type": "Feature", "properties": {"osm_type": "node", "osm_id": 11257894608, "tags": {"craft": "brewery", "name": "Double Horn Brewing"}}, "geometry": {"type": "Point", "coordinates": [-98.2766607, 30.5710189]}}, {"type": "Feature", "properties": {"osm_type": "node", "osm_id": 11393219598, "tags": {"addr:city": "Leakey", "addr:housenumber": "144", "addr:postcode": "78873", "addr:state": "TX", "addr:street": "Red Wright", "addr:unit": "B", "craft": "brewery", "name": "Texas Cannon Brewing Co. Frio River", "website": "https://www.texascannonfrioriver.com/?utm_source=google&utm_medium=wix_google_business_profile&utm_campaign=11072386709098674689"}}, "geometry": {"type": "Point", "coordinates": [-99.753877, 29.7219993]}}, {"type": "Feature", "properties": {"osm_type": "node", "osm_id": 12246368301, "tags": {"craft": "brewery", "name": "Acopon Brewing"}}, "geometry": {"type": "Point", "coordinates": [-98.0890977, 30.1925437]}}, {"type": "Feature", "properties": {"osm_type": "node", "osm_id": 12454766388, "tags": {"craft": "distillery", "name": "Desert Ghost Distilling Co"}}, "geometry": {"type": "Point", "coordinates": [-103.2480013, 30.2071457]}}, {"type": "Feature", "properties": {"osm_type": "node", "osm_id": 13136626354, "tags": {"addr:city": "Spicewood", "addr:housenumber": "22111", "addr:postcode": "78669", "addr:state": "TX", "addr:street": "West Highway 71", "addr:unit": "601", "air_conditioning": "yes", "building:levels": "2", "check_date": "2026-05-09", "craft": "brewery", "internet_access": "wlan", "internet_access:fee": "customers", "internet_access:ssid": "highway71guest", "name": "Highway 71 Brewing Co.", "opening_hours": "Mo-Th 12:00-20:00; Fr 12:00-22:00; Sa-Su 10:00-22:00", "payment:cash": "yes", "payment:credit_cards": "yes", "payment:debit_cards": "yes", "product": "beer", "start_date": "2025-09-05", "website": "https://www.hwy71brewing.com/"}}, "geometry": {"type": "Point", "coordinates": [-98.0742278, 30.3666093]}}, {"type": "Feature", "properties": {"osm_type": "node", "osm_id": 13535712925, "tags": {"craft": "brewery", "name": "Schitz Creek Distillery & Brewery"}}, "geometry": {"type": "Point", "coordinates": [-97.8765931, 30.6929303]}}, {"type": "Feature", "properties": {"osm_type": "node", "osm_id": 13785285601, "tags": {"addr:housenumber": "4700, Ste 105", "addr:street": "Timco West", "craft": "brewery", "name": "Longtab Brewing", "website": "https://www.longtabbrewing.com/"}}, "geometry": {"type": "Point", "coordinates": [-98.595042, 29.4781894]}}, {"type": "Feature", "properties": {"osm_type": "node", "osm_id": 13892885421, "tags": {"air_conditioning": "yes", "building:levels": "1", "check_date": "2026-05-28", "craft": "brewery", "internet_access": "wlan", "internet_access:fee": "customers", "name": "Southern Heights Brewing Company", "payment:cash": "yes", "payment:credit_cards": "yes", "payment:debit_cards": "yes"}}, "geometry": {"type": "Point", "coordinates": [-97.6694491, 30.2769762]}}, {"type": "Feature", "properties": {"osm_type": "node", "osm_id": 3141017539, "tags": {"addr:city": "Houston", "addr:country": "US", "addr:housenumber": "2202", "addr:postcode": "77003", "addr:state": "TX", "addr:street": "Dallas Street", "check_date": "2023-12-10", "craft": "brewery", "email": "info@8thWonderBrew.com", "microbrewery": "yes", "name": "8th Wonder Brewery", "opening_hours": "Mo-Sa 11:00-22:00; Su 11:00-18:00", "phone": "+1-713-229-0868", "product": "beer", "website": "https://8thwonderbrew.com/"}}, "geometry": {"type": "Point", "coordinates": [-95.3559402, 29.7487783]}}, {"type": "Feature", "properties": {"osm_type": "node", "osm_id": 3339973381, "tags": {"addr:city": "New Orleans", "addr:housenumber": "8201", "addr:postcode": "70118", "addr:state": "LA", "addr:street": "Oak Street", "air_conditioning": "yes", "amenity": "bar", "brewery": "yes;various", "microbrewery": "yes", "min_age": "no", "name": "Oak St Brewery"}}, "geometry": {"type": "Point", "coordinates": [-90.1307047, 29.9482436]}}, {"type": "Feature", "properties": {"osm_type": "node", "osm_id": 4080759436, "tags": {"addr:city": "Houston", "addr:housenumber": "508", "addr:postcode": "77018", "addr:state": "TX", "addr:street": "West Crosstimbers Street", "craft": "brewery", "name": "Brash Brewing", "opening_hours": "Th 18:00-24:00; Fr 15:00-24:00; Sa 12:00-01:00, Su 12:00-20:00", "website": "http://brashbeers.com"}}, "geometry": {"type": "Point", "coordinates": [-95.4078228, 29.8290894]}}, {"type": "Feature", "properties": {"osm_type": "node", "osm_id": 4312766311, "tags": {"addr:city": "New Orleans", "addr:housenumber": "433", "addr:state": "LA", "addr:street": "North Bernadotte Street", "brewery": "yes", "craft": "brewery", "name": "Second Line Brewing", "phone": "+1 504 248 8979", "website": "https://www.secondlinebrewing.com/"}}, "geometry": {"type": "Point", "coordinates": [-90.1052521, 29.9824877]}}, {"type": "Feature", "properties": {"osm_type": "node", "osm_id": 4314543831, "tags": {"addr:city": "Katy", "addr:housenumber": "5351", "addr:postcode": "77493", "addr:state": "TX", "addr:street": "1st Street", "craft": "brewery", "name": "No Label Brewing Co.", "opening_hours": "Mo-Fr 15:00-22:00; Sa 12:00-22:00; Su 12:00-18:00", "operator": "No Label Brewing Co.", "phone": "+1-281-693-7545", "product": "beer", "website": "https://www.nolabelbrew.com/"}}, "geometry": {"type": "Point", "coordinates": [-95.8141732, 29.7864907]}}, {"type": "Feature", "properties": {"osm_type": "node", "osm_id": 4960584882, "tags": {"craft": "brewery", "name": "40 Arpent Brewery"}}, "geometry": {"type": "Point", "coordinates": [-90.0079439, 29.9482967]}}, {"type": "Feature", "properties": {"osm_type": "node", "osm_id": 5158183299, "tags": {"addr:city": "Houston", "addr:housenumber": "2032", "addr:postcode": "77092", "addr:state": "TX", "addr:street": "Karbach Street", "craft": "brewery", "email": "info@karbachbrewing.com", "name": "Karbach Brewing Company", "opening_hours": "Su-Mo 11:00-21:00; Tu-Sa 11:00-21:30", "operator": "Anheuser-Busch InBev", "phone": "+1-713-680-2739", "product": "beer", "website": "https://karbachbrewing.com", "wikidata": "Q25197565", "wikipedia": "en:Karbach Brewing Company"}}, "geometry": {"type": "Point", "coordinates": [-95.4605283, 29.8063812]}}, {"type": "Feature", "properties": {"osm_type": "node", "osm_id": 5189369138, "tags": {"addr:city": "Houston", "addr:housenumber": "5301", "addr:postcode": "77007", "addr:state": "TX", "addr:street": "Nolda Street", "craft": "brewery", "name": "Buffalo Bayou Brewing Co", "opening_hours": "Fr 17:00-21:00; Sa 12:00-15:00", "phone": "+1-713-750-9795", "website": "https://www.buffbrew.com/"}}, "geometry": {"type": "Point", "coordinates": [-95.4160849, 29.775978]}}, {"type": "Feature", "properties": {"osm_type": "node", "osm_id": 5189380880, "tags": {"addr:city": "Houston", "addr:housenumber": "1902", "addr:postcode": "77007", "addr:state": "TX", "addr:street": "Washington Avenue", "addr:unit": "E", "check_date": "2022-10-07", "craft": "brewery", "email": "admin@platypusbrewing.com", "name": "Platypus Brewing", "opening_hours": "Mo-Th 15:00-22:00, Fr-Sa 12:00-24:00, Su 11:00-21:00", "phone": "+1-832-742-5503", "product": "beer", "website": "https://platypusbrewing.com/"}}, "geometry": {"type": "Point", "coordinates": [-95.3773814, 29.7682531]}}, {"type": "Feature", "properties": {"osm_type": "node", "osm_id": 5191117150, "tags": {"addr:city": "Houston", "addr:housenumber": "2206", "addr:postcode": "77007", "addr:state": "TX", "addr:street": "Edwards Street", "addr:unit": "A", "check_date": "2025-05-28", "craft": "brewery", "email": "hollers@hollerbeer.com", "name": "Holler Brewing Co.", "opening_hours": "We-Fr 16:00-22:00; Sa 12:00-21:00; Su 12:00-19:00", "phone": "+1-832-781-0555", "product": "beer", "website": "https://hollerbeer.com/"}}, "geometry": {"type": "Point", "coordinates": [-95.3808548, 29.7712127]}}, {"type": "Feature", "properties": {"osm_type": "node", "osm_id": 5218784775, "tags": {"addr:city": "Conroe", "addr:housenumber": "3525", "addr:postcode": "77303", "addr:state": "TX", "addr:street": "North Frazier Street", "craft": "brewery", "email": "Brewery@SouthernStarBrewing.com", "name": "Southern Star Brewing", "opening_hours": "Th-Fr 16:00-22:00; Sa 12:00-22:00; Su 12:00-18:00", "phone": "+1 936 441 2739", "product": "beer", "website": "https://www.southernstarbrewing.com/"}}, "geometry": {"type": "Point", "coordinates": [-95.4776897, 30.3587546]}}, {"type": "Feature", "properties": {"osm_type": "node", "osm_id": 5218793365, "tags": {"addr:city": "Conroe", "addr:housenumber": "12470", "addr:postcode": "77304", "addr:state": "TX", "addr:street": "Milroy Lane", "craft": "brewery", "name": "B-52 Brewing Co.", "opening_hours": "Fr 15:00-23:00; Sa 12:00-22:00; Su 12:00-20:00", "phone": "+1 936 447 4677", "product": "beer", "website": "https://www.b52brewing.com/"}}, "geometry": {"type": "Point", "coordinates": [-95.550747, 30.3406811]}}, {"type": "Feature", "properties": {"osm_type": "node", "osm_id": 5218805987, "tags": {"addr:city": "Conroe", "addr:housenumber": "822", "addr:postcode": "77301", "addr:state": "TX", "addr:street": "North Frazier Street", "craft": "brewery", "email": "info@copperheadbrewery.com", "name": "Copperhead Brewery", "opening_hours": "Tu-Fr 16:00-19:00; Sa 12:00-20:00", "phone": "+1 281 919 6134", "product": "beer", "website": "http://www.copperheadbrewery.com/"}}, "geometry": {"type": "Point", "coordinates": [-95.46266, 30.316443]}}, {"type": "Feature", "properties": {"osm_type": "node", "osm_id": 5299912363, "tags": {"addr:city": "Houston", "addr:housenumber": "1506", "addr:postcode": "77004", "addr:state": "TX", "addr:street": "Truxillo Street", "craft": "brewery", "name": "Under The Radar Brewery", "opening_hours": "Th-Fr 16:00-22:00; Sa 10:00-22:00; Su 12:00-19:00", "phone": "+1-832-512-0237", "product": "beer", "website": "https://www.undertheradarbrewery.com/"}}, "geometry": {"type": "Point", "coordinates": [-95.3759411, 29.7342113]}}, {"type": "Feature", "properties": {"osm_type": "node", "osm_id": 5299930171, "tags": {"addr:city": "Houston", "addr:housenumber": "3418", "addr:postcode": "77093", "addr:state": "TX", "addr:street": "Topping Street", "check_date": "2023-07-10", "craft": "brewery", "name": "City Acre Brewing", "opening_hours": "Mo,We,Th 16:00-22:00; Fr,Sa 11:00-23:00; Su 11:00-20:00", "phone": "+1-832-377-0237", "product": "beer", "website": "https://www.cityacrebrewing.com/"}}, "geometry": {"type": "Point", "coordinates": [-95.3350882, 29.8570358]}}, {"type": "Feature", "properties": {"osm_type": "node", "osm_id": 5597193032, "tags": {"addr:city": "Humble", "addr:housenumber": "1986", "addr:postcode": "77396", "addr:state": "TX", "addr:street": "South Houston Avenue", "craft": "brewery", "name": "Ingenious Brewing Company", "opening_hours": "Mo,We,Th,Fr 16:00-22:00; Sa 12:00-22:00; Su 12:00-19:00", "phone": "+1 832 412 2142", "product": "beer", "website": "https://www.ingeniousbeer.com/"}}, "geometry": {"type": "Point", "coordinates": [-95.2633815, 29.9748544]}}, {"type": "Feature", "properties": {"osm_type": "node", "osm_id": 5597231846, "tags": {"addr:city": "Missouri City", "addr:housenumber": "13503", "addr:postcode": "77489", "addr:state": "TX", "addr:street": "Pike Road", "craft": "brewery", "name": "Texas Leaguer Brewing", "opening_hours": "Fr 16:00-21:00; Sa 11:00-18:00; Su 12:00-18:00", "phone": "+1 832 895 9000", "product": "beer", "website": "http://txleaguer.com/"}}, "geometry": {"type": "Point", "coordinates": [-95.5480643, 29.627854]}}, {"type": "Feature", "properties": {"osm_type": "node", "osm_id": 5704302534, "tags": {"craft": "brewery", "name": "Brew Angels Brewery"}}, "geometry": {"type": "Point", "coordinates": [-87.038156, 30.6220268]}}, {"type": "Feature", "properties": {"osm_type": "node", "osm_id": 5759437301, "tags": {"addr:city": "Webster", "addr:housenumber": "105", "addr:postcode": "77598", "addr:state": "TX", "addr:street": "Magellan Circle", "craft": "brewery", "name": "Saloon Door Brewing", "opening_hours": "Mo-Th 16:00-23:00; Fr 14:00-24:00; Sa 12:00-24:00; Su 12:00-23:00", "phone": "+1 281 332 5800", "product": "beer", "website": "https://saloondoorbrewing.com/"}}, "geometry": {"type": "Point", "coordinates": [-95.1190571, 29.5268729]}}, {"type": "Feature", "properties": {"osm_type": "node", "osm_id": 5759444455, "tags": {"addr:city": "Alvin", "addr:housenumber": "1578", "addr:postcode": "77511", "addr:state": "TX", "addr:street": "County Road 423", "craft": "brewery", "email": "fetchinglabbrewery@gmail.com", "name": "Fetching Lab Brewery", "phone": "+1 281 414 7355", "product": "beer", "website": "http://www.fetchinglabbrewery.com/"}}, "geometry": {"type": "Point", "coordinates": [-95.1835566, 29.3955915]}}, {"type": "Feature", "properties": {"osm_type": "node", "osm_id": 5894855836, "tags": {"addr:city": "Houston", "addr:housenumber": "2322", "addr:postcode": "77005", "addr:state": "TX", "addr:street": "Bissonnet Street", "craft": "brewery", "email": "bailesonbrewing@gmail.com", "name": "Baileson Brewing Company", "opening_hours": "Fr 16:00-22:00; Sa 11:00-22:00; Su 12:00-20:00", "phone": "+1-832-516-9828", "product": "beer", "website": "https://www.bailesonbrewing.com/"}}, "geometry": {"type": "Point", "coordinates": [-95.4137457, 29.7257362]}}, {"type": "Feature", "properties": {"osm_type": "node", "osm_id": 8087588182, "tags": {"addr:city": "Baton Rouge", "addr:housenumber": "5643", "addr:postcode": "70806", "addr:state": "LA", "addr:street": "Government Street", "craft": "brewery", "name": "Cypress Coast Brewing Co."}}, "geometry": {"type": "Point", "coordinates": [-91.1320897, 30.4453565]}}, {"type": "Feature", "properties": {"osm_type": "node", "osm_id": 8629217216, "tags": {"addr:city": "Dickinson", "addr:housenumber": "12900", "addr:postcode": "77539", "addr:state": "TX", "addr:street": "FM-3436", "craft": "brewery", "name": "Galveston Bay Brewing", "opening_hours": "Mo-Th 11:30-20:00; Fr-Sa 11:30-22:00; Su 12:00-20:00", "phone": "+1-281-339-3210", "website": "https://www.galvestonbaybeer.com/"}}, "geometry": {"type": "Point", "coordinates": [-95.0076985, 29.483742]}}, {"type": "Feature", "properties": {"osm_type": "node", "osm_id": 8977479589, "tags": {"addr:housenumber": "4816", "addr:street": "North Shepherd Drive", "addr:unit": "A", "check_date": "2024-07-22", "craft": "brewery", "name": "North Shepherd Brewing", "old_name": "Astral Brewing"}}, "geometry": {"type": "Point", "coordinates": [-95.410171, 29.8355834]}}, {"type": "Feature", "properties": {"osm_type": "node", "osm_id": 9140780403, "tags": {"air_conditioning": "yes", "check_date": "2026-03-07", "craft": "brewery", "name": "Odd Colony Brewing Company", "opening_hours": "Mo-Th 16:00-22:00; Fr 14:00-23:00; Sa 11:00-23:00; Su 11:00-21:00", "website": "https://www.oddcolony.com/"}}, "geometry": {"type": "Point", "coordinates": [-87.2158059, 30.4160955]}}, {"type": "Feature", "properties": {"osm_type": "node", "osm_id": 11140291167, "tags": {"amenity": "bar", "contact:phone": "+1 504 517 4786", "contact:website": "https://www.roulaison.com/", "craft": "distillery", "name": "Roulaison Distilling Co", "product": "rum"}}, "geometry": {"type": "Point", "coordinates": [-90.1003881, 29.9515726]}}, {"type": "Feature", "properties": {"osm_type": "node", "osm_id": 12079283209, "tags": {"check_date": "2024-07-28", "craft": "brewery", "name": "Equal Parts Brewing", "payment:cash": "yes", "payment:credit_cards": "yes", "payment:debit_cards": "yes", "wheelchair": "yes"}}, "geometry": {"type": "Point", "coordinates": [-95.3435605, 29.7490984]}}, {"type": "Feature", "properties": {"osm_type": "node", "osm_id": 12231845592, "tags": {"brewery": "yes", "craft": "brewery", "name": "Skeeta Hawk Brewing"}}, "geometry": {"type": "Point", "coordinates": [-90.0833885, 29.9677931]}}, {"type": "Feature", "properties": {"osm_type": "node", "osm_id": 13125231636, "tags": {"craft": "brewery", "name": "Wood Foot Beer Company", "wheelchair": "yes"}}, "geometry": {"type": "Point", "coordinates": [-86.6061547, 30.4032375]}}, {"type": "Feature", "properties": {"osm_type": "node", "osm_id": 322799575, "tags": {"addr:city": "Tampa", "addr:housenumber": "1600", "addr:postcode": "33605", "addr:state": "FL", "addr:street": "East 8th Avenue", "amenity": "pub", "amenity_1": "restaurant", "craft": "brewery", "dog": "outside", "name": "Tampa Bay Brewing Company", "opening_hours": "Mo-Th 11:00-22:00; Fr-Sa 11:00-23:00; Su11:00-22:00", "website": "https://www.tbbc.beer/"}}, "geometry": {"type": "Point", "coordinates": [-82.4416215, 27.9613506]}}, {"type": "Feature", "properties": {"osm_type": "node", "osm_id": 1881799141, "tags": {"check_date": "2024-11-29", "craft": "distillery", "name": "Bahamas Distilling Co."}}, "geometry": {"type": "Point", "coordinates": [-78.7054653, 26.5362286]}}, {"type": "Feature", "properties": {"osm_type": "node", "osm_id": 2268245395, "tags": {"craft": "brewery", "name": "Great Bay Distributors"}}, "geometry": {"type": "Point", "coordinates": [-82.763199, 27.895623]}}, {"type": "Feature", "properties": {"osm_type": "node", "osm_id": 2527432090, "tags": {"addr:city": "Cocoa Beach", "addr:housenumber": "150", "addr:postcode": "32931", "addr:street": "North Atlantic Avenue", "check_date:currency:XBT": "2025-11-17", "craft": "brewery", "currency:XBT": "yes", "microbrewery": "yes", "name": "Cocoa Beach Brewing", "payment:lightning": "yes", "payment:lightning:operator": "square", "payment:lightning_contactless": "no", "payment:onchain": "no", "smoking": "outside", "website": "http://www.cocoabeachbrewingcompany.com/"}}, "geometry": {"type": "Point", "coordinates": [-80.6090792, 28.3213572]}}, {"type": "Feature", "properties": {"osm_type": "node", "osm_id": 2661904215, "tags": {"addr:city": "Seminole ", "addr:housenumber": "10930", "addr:postcode": "33777", "addr:street": "Endeavour Way", "craft": "brewery", "name": "Rapp Brewing Company", "operator": "Greg Rapp", "website": "rappbrewing.com"}}, "geometry": {"type": "Point", "coordinates": [-82.735609, 27.870627]}}, {"type": "Feature", "properties": {"osm_type": "node", "osm_id": 3017368273, "tags": {"addr:city": "Jacksonville", "addr:housenumber": "8999", "addr:postcode": "32256", "addr:street": "Western Way", "addr:unit": "104", "craft": "brewery", "entrance": "main", "name": "Veterans United Craft Brewery & Taproom", "opening_hours": "We-Fr 17:00-22:00;Sa 13:00-22:00", "phone": "+1 904 253-3326", "website": "https://www.vubrew.com/", "wheelchair": "yes"}}, "geometry": {"type": "Point", "coordinates": [-81.5570848, 30.2008038]}}, {"type": "Feature", "properties": {"osm_type": "node", "osm_id": 3299188961, "tags": {"craft": "brewery", "name": "Florida Beer Company"}}, "geometry": {"type": "Point", "coordinates": [-80.611816, 28.399077]}}, {"type": "Feature", "properties": {"osm_type": "node", "osm_id": 3308115255, "tags": {"addr:housenumber": "640", "addr:street": "W. Hickpochee Ave.", "craft": "brewery", "name": "LaBelle Brewing Company"}}, "geometry": {"type": "Point", "coordinates": [-81.4491995, 26.7611974]}}, {"type": "Feature", "properties": {"osm_type": "node", "osm_id": 3443287692, "tags": {"addr:city": "Tallahassee", "addr:country": "US", "addr:housenumber": "603", "addr:postcode": "32304", "addr:state": "FL", "addr:street": "West Gaines Street", "addr:unit": "7", "craft": "brewery", "name": "Oyster City Brewing Company", "website": "https://oystercity.beer/", "wheelchair": "yes"}}, "geometry": {"type": "Point", "coordinates": [-84.2906097, 30.4352817]}}, {"type": "Feature", "properties": {"osm_type": "node", "osm_id": 3586353987, "tags": {"addr:city": "Saint Augustine", "addr:housenumber": "112", "addr:state": "FL", "addr:street": "Riberia Street", "alt_name": "St. Augustine Distillery Company", "craft": "distillery", "name": "Saint Augustine Distiliery", "website": "https://www.staugustinedistillery.com/"}}, "geometry": {"type": "Point", "coordinates": [-81.3187079, 29.8894495]}}, {"type": "Feature", "properties": {"osm_type": "node", "osm_id": 3911656565, "tags": {"craft": "brewery", "name": "Pair O' Dice Brewing Company", "opening_hours": "We-Th 16:00-22:00; Fr 16:00-23:00; Sa 13:00-23:00; Su 13:00-19:00"}}, "geometry": {"type": "Point", "coordinates": [-82.6938849, 27.8781926]}}, {"type": "Feature", "properties": {"osm_type": "node", "osm_id": 4040715752, "tags": {"addr:city": "Apalachicola", "addr:country": "US", "addr:housenumber": "25", "addr:postcode": "32320", "addr:state": "FL", "addr:street": "Avenue D", "craft": "brewery", "name": "Oyster City Brewing Company"}}, "geometry": {"type": "Point", "coordinates": [-84.9836576, 29.7274826]}}, {"type": "Feature", "properties": {"osm_type": "node", "osm_id": 4108570821, "tags": {"addr:city": "Cocoa", "addr:housenumber": "225", "addr:postcode": "32922", "addr:state": "FL", "addr:street": "King St Unit B", "craft": "brewery", "name": "Bugnutty Brewing Company", "opening_hours": "Mo-Th 15:00-21:00", "product": "beer;food"}}, "geometry": {"type": "Point", "coordinates": [-80.7271264, 28.3555919]}}, {"type": "Feature", "properties": {"osm_type": "node", "osm_id": 4134259989, "tags": {"addr:street": "Charlotte Street", "craft": "brewery", "name": "Fat Point Brewing"}}, "geometry": {"type": "Point", "coordinates": [-82.0291145, 26.9419197]}}, {"type": "Feature", "properties": {"osm_type": "node", "osm_id": 4420460723, "tags": {"addr:city": "Saint Cloud", "addr:housenumber": "1124", "addr:postcode": "34769", "addr:state": "FL", "addr:street": "Pennsylvania Avenue", "amenity": "pub", "craft": "brewery", "description": "Osceola County's first craft brewery.", "name": "Reprise Brewing", "opening_hours": "17:00-22:00", "phone": "+1-321-805-4701", "smoking": "outside", "website": "http://www.reprisebrewing.com/"}}, "geometry": {"type": "Point", "coordinates": [-81.2826923, 28.2471891]}}, {"type": "Feature", "properties": {"osm_type": "node", "osm_id": 4630880370, "tags": {"craft": "brewery", "name": "Civil Society Brewery"}}, "geometry": {"type": "Point", "coordinates": [-80.1147917, 26.8895901]}}, {"type": "Feature", "properties": {"osm_type": "node", "osm_id": 4733251809, "tags": {"craft": "brewery", "name": "Ormond Beach Brewing Company"}}, "geometry": {"type": "Point", "coordinates": [-81.0611563, 29.27463]}}, {"type": "Feature", "properties": {"osm_type": "node", "osm_id": 4840669647, "tags": {"addr:housenumber": "210", "addr:street": "Beech Street", "check_date": "2023-08-30", "craft": "brewery", "name": "Marlin & Barrell Distillery"}}, "geometry": {"type": "Point", "coordinates": [-81.4591413, 30.6671119]}}, {"type": "Feature", "properties": {"osm_type": "node", "osm_id": 5008497921, "tags": {"amenity": "bar", "craft": "brewery", "cuisine": "local", "name": "The Funky Buddha Brewery", "name:en": "The Funky Buddha Brewery", "opening_hours": "Mo-W 11:30-22:00; Th 11:30-23:00; F-Sa 11:30-23:59; Su 11:00-21:00"}}, "geometry": {"type": "Point", "coordinates": [-80.1311366, 26.174347]}}, {"type": "Feature", "properties": {"osm_type": "node", "osm_id": 5282369833, "tags": {"addr:city": "Palm Coast", "addr:housenumber": "101", "addr:postcode": "32137", "addr:state": "FL", "addr:street": "Palm Harbor Parkway", "craft": "brewery", "name": "Moonrise", "product": "beer"}}, "geometry": {"type": "Point", "coordinates": [-81.1910317, 29.5707148]}}, {"type": "Feature", "properties": {"osm_type": "node", "osm_id": 5313899667, "tags": {"addr:city": "Boca Raton", "addr:housenumber": "1141", "addr:postcode": "33487", "addr:state": "FL", "addr:street": "South Rogers Circle", "craft": "brewery", "name": "Barrel of Monks", "phone": "+1-561-510-1253", "website": "https://barrelofmonks.com/"}}, "geometry": {"type": "Point", "coordinates": [-80.110134, 26.4038143]}}, {"type": "Feature", "properties": {"osm_type": "node", "osm_id": 5621309221, "tags": {"craft": "brewery", "name": "Twisted Trunk Brewery"}}, "geometry": {"type": "Point", "coordinates": [-80.0639468, 26.8437418]}}, {"type": "Feature", "properties": {"osm_type": "node", "osm_id": 6023194698, "tags": {"craft": "distillery"}}, "geometry": {"type": "Point", "coordinates": [-80.0648141, 26.6974274]}}, {"type": "Feature", "properties": {"osm_type": "node", "osm_id": 6023194730, "tags": {"addr:city": "West Palm Beach", "addr:housenumber": "1500", "addr:postcode": "33401", "addr:state": "FL", "addr:street": "Elizabeth Avenue", "craft": "brewery", "name": "Steam Horse Brewing"}}, "geometry": {"type": "Point", "coordinates": [-80.0645393, 26.6981692]}}, {"type": "Feature", "properties": {"osm_type": "node", "osm_id": 6063978793, "tags": {"addr:city": "yalaha", "addr:housenumber": "8222", "addr:state": "FL", "addr:street": "County Rd 48", "craft": "distillery", "name": "Yalaha Bootlegging Company", "operator": "Blue Bayoo Farms"}}, "geometry": {"type": "Point", "coordinates": [-81.8171307, 28.7385949]}}, {"type": "Feature", "properties": {"osm_type": "node", "osm_id": 6091680836, "tags": {"addr:city": "Safety Harbor", "addr:country": "US", "addr:housenumber": "670", "addr:postcode": "34695", "addr:state": "FL", "addr:street": "Main Street", "craft": "brewery", "name": "Troubled Waters Brewing"}}, "geometry": {"type": "Point", "coordinates": [-82.6939318, 27.990503]}}, {"type": "Feature", "properties": {"osm_type": "node", "osm_id": 6096712934, "tags": {"addr:city": "Dunedin", "addr:housenumber": "662", "addr:postcode": "34698", "addr:state": "FL", "addr:street": "Main Street", "brewery": "yes", "craft": "brewery", "name": "Soggy Bottom Brewery", "opening_hours": "Mo-Th 15:00-00:00; Fr-Sa 12:00-02:00; Su 12:00-00:00", "outdoor_seating": "yes"}}, "geometry": {"type": "Point", "coordinates": [-82.7827496, 28.0152942]}}, {"type": "Feature", "properties": {"osm_type": "node", "osm_id": 6106303804, "tags": {"addr:city": "North Miami", "addr:housenumber": "12207", "addr:postcode": "33161", "addr:state": "FL", "addr:street": "Northeast 13th Court", "craft": "brewery", "name": "Lost City Brewing Company"}}, "geometry": {"type": "Point", "coordinates": [-80.1708117, 25.8882875]}}, {"type": "Feature", "properties": {"osm_type": "node", "osm_id": 6197318905, "tags": {"addr:city": "West Palm Beach", "addr:housenumber": "1142", "addr:postcode": "33401", "addr:state": "FL", "addr:street": "Old Okeechobee Road", "craft": "brewery", "name": "Ookapow Brewing"}}, "geometry": {"type": "Point", "coordinates": [-80.0642961, 26.6999994]}}, {"type": "Feature", "properties": {"osm_type": "node", "osm_id": 6221936489, "tags": {"craft": "brewery", "name": "Old Coast Ales"}}, "geometry": {"type": "Point", "coordinates": [-81.2989257, 29.891707]}}, {"type": "Feature", "properties": {"osm_type": "node", "osm_id": 6389665765, "tags": {"craft": "brewery", "name": "Fishweir Brewing"}}, "geometry": {"type": "Point", "coordinates": [-81.7135141, 30.3084818]}}, {"type": "Feature", "properties": {"osm_type": "node", "osm_id": 6575480900, "tags": {"addr:city": "Palmetto", "addr:housenumber": "4935", "addr:postcode": "34221", "addr:state": "FL", "addr:street": "96th St E", "craft": "brewery", "name": "Corporate Ladder", "website": "https://www.corporateladderbrewing.com/"}}, "geometry": {"type": "Point", "coordinates": [-82.512385, 27.5996436]}}, {"type": "Feature", "properties": {"osm_type": "node", "osm_id": 6634520583, "tags": {"craft": "brewery", "name": "Tequesta Brewing Co"}}, "geometry": {"type": "Point", "coordinates": [-80.0842436, 26.9589888]}}, {"type": "Feature", "properties": {"osm_type": "node", "osm_id": 6639115202, "tags": {"craft": "brewery", "name": "Due South"}}, "geometry": {"type": "Point", "coordinates": [-80.0745335, 26.5565046]}}, {"type": "Feature", "properties": {"osm_type": "node", "osm_id": 6997233446, "tags": {"check_date": "2024-01-02", "craft": "distillery", "name": "City Gate Spirits"}}, "geometry": {"type": "Point", "coordinates": [-81.3131356, 29.8973596]}}, {"type": "Feature", "properties": {"osm_type": "node", "osm_id": 6998011441, "tags": {"addr:city": "Saint Petersburg", "addr:country": "US", "addr:housenumber": "544", "addr:state": "FL", "addr:street": "1st Avenue North", "craft": "brewery", "name": "Saint Pete Brewing Company"}}, "geometry": {"type": "Point", "coordinates": [-82.6410328, 27.7718928]}}, {"type": "Feature", "properties": {"osm_type": "node", "osm_id": 8549692457, "tags": {"craft": "brewery", "level": "1", "name": "Tasting Room"}}, "geometry": {"type": "Point", "coordinates": [-84.2865827, 30.433922]}}, {"type": "Feature", "properties": {"osm_type": "node", "osm_id": 8562849193, "tags": {"addr:city": "Fort Myers", "addr:housenumber": "12811", "addr:postcode": "33913", "addr:state": "FL", "addr:street": "Commerce Lakes Drive", "addr:unit": "28", "craft": "brewery", "name": "Fort Myers Brewing Co.", "opening_hours": "Mo 14:00-20:00; Tu-Th 14:00-22:00; Fr 14:00-23:00; Sa 12:00-23:00; Su 12:00-20:00", "phone": "+1-239-313-6576", "product": "beer", "website": "https://www.fmbrew.com/"}}, "geometry": {"type": "Point", "coordinates": [-81.7429849, 26.5616793]}}, {"type": "Feature", "properties": {"osm_type": "node", "osm_id": 8641412812, "tags": {"addr:city": "Orange City", "addr:housenumber": "1070", "addr:postcode": "32763", "addr:street": "South Volusia Avenue", "craft": "brewery", "name": "Riverwalk Pizzeria and Brew Pub"}}, "geometry": {"type": "Point", "coordinates": [-81.2982774, 28.9363701]}}, {"type": "Feature", "properties": {"osm_type": "node", "osm_id": 8849857575, "tags": {"craft": "brewery", "name": "Crave & Copper"}}, "geometry": {"type": "Point", "coordinates": [-81.7876446, 28.0656173]}}, {"type": "Feature", "properties": {"osm_type": "node", "osm_id": 8923068662, "tags": {"addr:city": "Sanford", "addr:housenumber": "124", "addr:postcode": "32771", "addr:state": "FL", "addr:street": "W 2nd Street", "craft": "distillery", "description": "As two engineers, we found we had a fascination with the art and science of distillation, so when we had a dream of starting a local craft distillery, we knew we wanted to incorporate the essence of Florida into our products.", "level": "0", "name": "Loggerhead Distillery", "opening_hours": "We-Su 14:00-18:00", "phone": "+1-321-800-8566", "website": "https://www.loggerheaddistillery.com/"}}, "geometry": {"type": "Point", "coordinates": [-81.2689041, 28.8109451]}}, {"type": "Feature", "properties": {"osm_type": "node", "osm_id": 9421518905, "tags": {"craft": "distillery", "name": "NJoy Spirits", "phone": "+1-352-592-9622", "product": "beer;food", "website": "https://njoyspirits.com/"}}, "geometry": {"type": "Point", "coordinates": [-82.599869, 28.5779259]}}, {"type": "Feature", "properties": {"osm_type": "node", "osm_id": 9459010102, "tags": {"craft": "brewery", "name": "Southern Brewing and Winemaking"}}, "geometry": {"type": "Point", "coordinates": [-82.4514696, 27.986249]}}, {"type": "Feature", "properties": {"osm_type": "node", "osm_id": 9557545029, "tags": {"addr:city": "Fort Myers", "addr:housenumber": "8500", "addr:postcode": "33912", "addr:state": "FL", "addr:street": "Penzance Boulevard", "craft": "brewery", "name": "Crazy Dingo Brewing Co.", "opening_hours": "Fr 17:00-21:00; Sa 11:00-21:00; Su 11:00-16:00", "product": "beer", "website": "https://www.crazydingobrewing.com/"}}, "geometry": {"type": "Point", "coordinates": [-81.8139551, 26.568004]}}, {"type": "Feature", "properties": {"osm_type": "node", "osm_id": 9718685740, "tags": {"craft": "brewery", "name": "Cotee River Brewing Company"}}, "geometry": {"type": "Point", "coordinates": [-82.7188209, 28.2500259]}}, {"type": "Feature", "properties": {"osm_type": "node", "osm_id": 9892532125, "tags": {"addr:city": "Bartow", "addr:housenumber": "190", "addr:postcode": "33830", "addr:state": "FL", "addr:street": "S Florida Ave", "air_conditioning": "yes", "brewery": "yes;various", "craft": "brewery", "microbrewery": "yes", "name": "Front Page Brewing", "outdoor_seating": "yes", "payment:cash": "yes", "payment:credit_cards": "yes", "payment:debit_cards": "yes", "phone": "+1-863-537-7249", "product": "Beer, Wine", "website": "https://www.frontpagebrewing.com"}}, "geometry": {"type": "Point", "coordinates": [-81.8403771, 27.8958791]}}, {"type": "Feature", "properties": {"osm_type": "node", "osm_id": 10131248291, "tags": {"addr:city": "Dunedin", "addr:housenumber": "945", "addr:state": "FL", "addr:street": "Huntley Avenue", "craft": "brewery", "name": "Cueni Brewing Company", "product": "beer;craft_beer;seltzer"}}, "geometry": {"type": "Point", "coordinates": [-82.7890437, 28.0146899]}}, {"type": "Feature", "properties": {"osm_type": "node", "osm_id": 10131248292, "tags": {"addr:city": "Dunedin", "addr:housenumber": "1012", "addr:postcode": "34698", "addr:state": "FL", "addr:street": "Broadway Boulevard", "craft": "brewery", "name": "7venth Sun Brewery"}}, "geometry": {"type": "Point", "coordinates": [-82.7900046, 28.0162068]}}, {"type": "Feature", "properties": {"osm_type": "node", "osm_id": 10228632831, "tags": {"craft": "brewery", "name": "Unseen Creatures"}}, "geometry": {"type": "Point", "coordinates": [-80.3169152, 25.7321028]}}, {"type": "Feature", "properties": {"osm_type": "node", "osm_id": 10699405305, "tags": {"addr:city": "Tallahassee", "addr:country": "US", "addr:housenumber": "118", "addr:postcode": "32303", "addr:state": "FL", "addr:street": "East 6th Avenue", "craft": "brewery", "name": "Ology Brewing Co [Midtown]", "opening_hours": "Mo-Th 07:00-22:00; Fr-Sa 07:00-00:00; Su 07:00-20:00", "website": "https://ologybrewing.com/"}}, "geometry": {"type": "Point", "coordinates": [-84.281307, 30.4565773]}}, {"type": "Feature", "properties": {"osm_type": "node", "osm_id": 11557125888, "tags": {"addr:city": "Crystal River", "addr:country": "US", "addr:housenumber": "255", "addr:postcode": "34429", "addr:state": "FL", "addr:street": "SE US Highway 19", "addr:unit": "4", "craft": "distillery", "min_age": "21", "name": "Aggregation Distilling Company", "opening_hours": "Th-Sa 15:00-21:00", "operator": "Aggregation Distilling Company", "payment:cash": "yes", "payment:credit_cards": "yes", "product": "spirits;mixed_drinks;rum;vodka;gin", "website": "https://aggregationdistilling.com"}}, "geometry": {"type": "Point", "coordinates": [-82.5839203, 28.8928076]}}, {"type": "Feature", "properties": {"osm_type": "node", "osm_id": 11663561769, "tags": {"craft": "brewery", "name": "Oak and Stone"}}, "geometry": {"type": "Point", "coordinates": [-81.7197848, 26.2724451]}}, {"type": "Feature", "properties": {"osm_type": "node", "osm_id": 11860320052, "tags": {"addr:city": "Pinellas Park", "addr:housenumber": "8098", "addr:postcode": "33781", "addr:state": "FL", "addr:street": "66th Street North", "craft": "brewery", "name": "Welton Brewing Company and Oyster Bar", "website": "https://weltonbrewingcompany.com"}}, "geometry": {"type": "Point", "coordinates": [-82.7294374, 27.8452934]}}, {"type": "Feature", "properties": {"osm_type": "node", "osm_id": 11892188415, "tags": {"addr:city": "Bradenton", "addr:housenumber": "8405", "addr:postcode": "34212", "addr:state": "FL", "addr:street": "Heritage Green Way", "air_conditioning": "yes", "craft": "brewery", "email": "brewer@3cargaragebrewing.com", "name": "3 Car Garage Brewing", "phone": "+1-941-741-8877", "product": "beer", "website": "https://3cargaragebrewing.com/", "wheelchair": "yes"}}, "geometry": {"type": "Point", "coordinates": [-82.4562389, 27.4884419]}}, {"type": "Feature", "properties": {"osm_type": "node", "osm_id": 12075376169, "tags": {"addr:housenumber": "125", "addr:postcode": "33801", "addr:street": "South Kentucky Avenue", "craft": "brewery", "name": "Dissent Craft Brewing Company", "phone": "+1-863-450-4351"}}, "geometry": {"type": "Point", "coordinates": [-81.9553169, 28.0432798]}}, {"type": "Feature", "properties": {"osm_type": "node", "osm_id": 12218116462, "tags": {"addr:city": "West Palm Beach", "addr:housenumber": "425", "addr:postcode": "33401", "addr:state": "FL", "addr:street": "Kanuga Drive", "craft": "brewery", "name": "Civil Society Brewing Co.", "opening_hours": "Mo 12:00-20:00; Tu 12:00-21:00; We 12:00-22:00; Th-Sa 12:00-23:00; Su 12:00-21:00", "phone": "+1-561-444-3538", "product": "beer", "website": "https://civilsocietybrewing.com/"}}, "geometry": {"type": "Point", "coordinates": [-80.0553743, 26.6972139]}}, {"type": "Feature", "properties": {"osm_type": "node", "osm_id": 12445470029, "tags": {"addr:city": "Tampa", "addr:housenumber": "5023", "addr:postcode": "33603", "addr:state": "FL", "addr:street": "North Florida Avenue", "amenity": "pub", "craft": "brewery", "name": "Common Dialect Beerworks", "opening_hours": "Mo-We 15:00-22:00; Th 15:00-23:00; Fr-Sa 12:00-24:00; Su 12:00-21:00", "website": "https://www.commondialectbeer.com/"}}, "geometry": {"type": "Point", "coordinates": [-82.4590532, 27.9921074]}}, {"type": "Feature", "properties": {"osm_type": "node", "osm_id": 12446076347, "tags": {"addr:city": "Dunedin", "addr:housenumber": "587", "addr:postcode": "34698", "addr:state": "FL", "addr:street": "Main Street", "craft": "brewery", "name": "Caledonia Brewing", "website": "https://www.caledoniabrewing.com/"}}, "geometry": {"type": "Point", "coordinates": [-82.7843995, 28.0134305]}}, {"type": "Feature", "properties": {"osm_type": "node", "osm_id": 12446093845, "tags": {"addr:city": "Dade City", "addr:housenumber": "14135", "addr:postcode": "33525", "addr:state": "FL", "addr:street": "7th Street", "alt_name": "Athenaeum Brew Lounge", "craft": "brewery", "name": "The ABL", "website": "https://abl.beer/"}}, "geometry": {"type": "Point", "coordinates": [-82.1892525, 28.3639635]}}, {"type": "Feature", "properties": {"osm_type": "node", "osm_id": 12446095070, "tags": {"addr:city": "Dade City", "addr:housenumber": "14323", "addr:postcode": "33523", "addr:state": "FL", "addr:street": "7th Street", "craft": "brewery", "name": "Dade City Brew House", "website": "https://www.dadecitybrewhouse.com"}}, "geometry": {"type": "Point", "coordinates": [-82.1893445, 28.3664917]}}, {"type": "Feature", "properties": {"osm_type": "node", "osm_id": 12499015262, "tags": {"check_date": "2025-01-13", "craft": "brewery", "internet_access": "wlan", "internet_access:fee": "customers", "name": "Rip Ty'd"}}, "geometry": {"type": "Point", "coordinates": [-77.3310552, 25.0759358]}}, {"type": "Feature", "properties": {"osm_type": "node", "osm_id": 12639048400, "tags": {"addr:city": "Cocoa", "addr:housenumber": "329", "addr:postcode": "32922", "addr:state": "FL", "addr:street": "King Street", "craft": "brewery", "name": "Dirty Oar Beer Company", "opening_hours": "We-Th 16:00-21:00; Fr 14:00-22:00; Sa 12:00-22:00; Su 12:00-20:00", "product": "beer;clothes", "website": "https://www.dirtyoarbeercompany.com"}}, "geometry": {"type": "Point", "coordinates": [-80.7288759, 28.3556429]}}, {"type": "Feature", "properties": {"osm_type": "node", "osm_id": 13049321986, "tags": {"addr:city": "Orlando", "addr:housenumber": "210", "addr:postcode": "32803", "addr:state": "FL", "addr:street": "North Bumby Avenue", "addr:unit": "Suite C", "craft": "brewery", "name": "Sideward Brewing", "phone": "+1-407-866-2195", "product": "beer;food", "website": "https://sidewardbrewing.com/"}}, "geometry": {"type": "Point", "coordinates": [-81.3521548, 28.5453789]}}, {"type": "Feature", "properties": {"osm_type": "node", "osm_id": 13053304047, "tags": {"addr:city": "Sebastian", "addr:housenumber": "920", "addr:postcode": "32958", "addr:state": "FL", "addr:street": "US Hwy 1", "craft": "brewery", "name": "Mash Monkeys Brewing Co.", "phone": "+1-772-571-6283", "product": "beer", "website": "https://www.mashmonkeysbrewing.com/"}}, "geometry": {"type": "Point", "coordinates": [-80.4673058, 27.8121945]}}, {"type": "Feature", "properties": {"osm_type": "node", "osm_id": 13272246795, "tags": {"addr:city": "Miami", "addr:housenumber": "340", "addr:postcode": "33137", "addr:state": "FL", "addr:street": "Northeast 61st Street", "craft": "brewery", "min_age": "21", "name": "Magic 13 Brewing Co", "product": "beer", "website": "https://magic13brewing.com/"}}, "geometry": {"type": "Point", "coordinates": [-80.1893538, 25.8323041]}}, {"type": "Feature", "properties": {"osm_type": "node", "osm_id": 13299960695, "tags": {"addr:city": "Ft. Lauterdale", "addr:housenumber": "3305", "addr:postcode": "33316", "addr:state": "FL", "addr:street": "Southeast 14th Avenue", "check_date": "2025-11-12", "craft": "brewery", "currency:XBT": "yes", "name": "LauderAle Brewery & Tap Room", "opening_hours": "Mo 16:00-21:00; Tu-Th 16:00-22:00; Fr 15:00-23:00; Sa 12:00-23:00; Su 11:00-21:00", "payment:lightning": "yes", "payment:lightning:operator": "square", "payment:lightning_contactless": "no", "payment:onchain": "no"}}, "geometry": {"type": "Point", "coordinates": [-80.1290377, 26.0837316]}}, {"type": "Feature", "properties": {"osm_type": "node", "osm_id": 13312107641, "tags": {"addr:city": "Saint Cloud", "addr:housenumber": "1623", "addr:postcode": "34769", "addr:state": "FL", "addr:street": "10th Street", "check_date:currency:XBT": "2025-11-17", "craft": "brewery", "currency:XBT": "yes", "name": "Bone Sack Cider and Beer", "opening_hours": "Mo 18:00-23:00; Tu-Th 18:00-23:00; Fr 18:00-24:00; Sa-Su 00:00-02:00,13:00-24:00", "payment:lightning": "yes", "payment:lightning:operator": "square", "payment:lightning_contactless": "no", "payment:onchain": "no", "phone": "+1 561 371 7227", "product": "beer;cider", "website": "https://www.accomplicebeveragecompany.com/"}}, "geometry": {"type": "Point", "coordinates": [-81.2876237, 28.2487606]}}, {"type": "Feature", "properties": {"osm_type": "node", "osm_id": 13665191568, "tags": {"check_date": "2023-10-11", "craft": "brewery", "email": "contact@oilwellcraftbeer.com", "internet_access": "wlan", "internet_access:fee": "customers", "name": "Oil Well Craft Beer", "opening_hours": "Mo-Sa 11:00-23:00", "payment:cash": "yes", "payment:mastercard": "yes", "payment:visa": "yes", "phone": "+1-239-354-4454", "product": "food;wine;beer;craft_beer", "website": "https://www.oilwellcraftbeer.com", "wheelchair": "yes"}}, "geometry": {"type": "Point", "coordinates": [-81.4394468, 26.3238085]}}, {"type": "Feature", "properties": {"osm_type": "node", "osm_id": 13885440901, "tags": {"addr:city": "Miami Springs", "addr:housenumber": "5100", "addr:postcode": "33166", "addr:state": "FL", "addr:street": "Northwest 72nd Avenue", "check_date": "2026-05-26", "check_date:opening_hours": "2026-05-26", "contact:instagram": "thetankbrewing", "craft": "brewery", "internet_access": "wlan", "name": "The Tank Brewing Co.", "opening_hours": "Tu-Fr 16:00-22:00; Sa 12:00-00:00; Su 12:00-22:00", "website": "https://thetankbrewing.com"}}, "geometry": {"type": "Point", "coordinates": [-80.3139221, 25.8200573]}}, {"type": "Feature", "properties": {"osm_type": "node", "osm_id": 596650915, "tags": {"addr:city": "San Diego", "addr:housenumber": "1875", "addr:postcode": "92107", "addr:street": "Cable Street", "amenity": "bar", "microbrewery": "yes", "name": "Kilowatt Brewing", "outdoor_seating": "yes"}}, "geometry": {"type": "Point", "coordinates": [-117.2494817, 32.7453512]}}, {"type": "Feature", "properties": {"osm_type": "node", "osm_id": 597057591, "tags": {"addr:city": "San Diego", "addr:country": "US", "addr:housenumber": "9990", "addr:postcode": "92126", "addr:state": "CA", "addr:street": "AleSmith Ct", "craft": "brewery", "name": "AleSmith Brewing Company", "source:addr": "SanGIS Addresses Public Domain (http://www.sangis.org/)", "website": "https://alesmith.com"}}, "geometry": {"type": "Point", "coordinates": [-117.149643, 32.888169]}}, {"type": "Feature", "properties": {"osm_type": "node", "osm_id": 597092150, "tags": {"addr:city": "San Diego", "addr:housenumber": "4895", "addr:postcode": "92107", "addr:state": "CA", "addr:street": "Voltaire Street", "amenity": "bar", "brewery": "yes", "microbrewery": "yes", "name": "Mike Hess Brewing Tasting Room", "outdoor_seating": "no", "source": "SanGIS Addresses Public Domain (http://www.sangis.org/)"}}, "geometry": {"type": "Point", "coordinates": [-117.244886, 32.750687]}}, {"type": "Feature", "properties": {"osm_type": "node", "osm_id": 1404687760, "tags": {"craft": "brewery", "name": "Ballast Point Brewery & Distillery"}}, "geometry": {"type": "Point", "coordinates": [-117.1109597, 32.8985755]}}, {"type": "Feature", "properties": {"osm_type": "node", "osm_id": 1914937399, "tags": {"addr:city": "San Diego", "addr:housenumber": "5401", "addr:postcode": "92110", "addr:street": "Linda Vista Road", "craft": "brewery", "name": "Ballast Point Brewing & Home Brew Mart", "source": "Bing", "website": "https://www.ballastpoint.com/"}}, "geometry": {"type": "Point", "coordinates": [-117.1953054, 32.7667484]}}, {"type": "Feature", "properties": {"osm_type": "node", "osm_id": 2019385412, "tags": {"check_date": "2025-10-11", "craft": "brewery", "name": "Private Press Brewing"}}, "geometry": {"type": "Point", "coordinates": [-122.0478508, 36.9590782]}}, {"type": "Feature", "properties": {"osm_type": "node", "osm_id": 2609126216, "tags": {"craft": "brewery", "name": "Rough Draft Brewing Company"}}, "geometry": {"type": "Point", "coordinates": [-117.1715145, 32.8839565]}}, {"type": "Feature", "properties": {"osm_type": "node", "osm_id": 2654368966, "tags": {"addr:city": "Soquel", "addr:housename": "Suite A", "addr:housenumber": "2703", "addr:postcode": "95073", "addr:street": "41st Avenue", "check_date": "2025-07-12", "craft": "brewery", "name": "Discretion Brewing", "opening_hours": "Mo-Su 12:00-21:00", "phone": "+1 831-316-0662", "website": "https://www.discretionbrewing.com/"}}, "geometry": {"type": "Point", "coordinates": [-121.9658289, 36.9857036]}}, {"type": "Feature", "properties": {"osm_type": "node", "osm_id": 2698637547, "tags": {"addr:city": "Buellton", "addr:housenumber": "45", "addr:postcode": "93427", "addr:state": "CA", "addr:street": "Industrial Way", "contact:email": "buellton@figmtnbrew.com", "craft": "brewery", "name": "Figueroa Mountain Brewery", "opening_hours": "Mo-Th 15:00-20:00; Fr-Su 12:00-20:00", "phone": "+1-805-350-9435", "website": "https://www.figmtnbrew.com/taprooms/buellton-taproom-and-main-brewing-facility"}}, "geometry": {"type": "Point", "coordinates": [-120.202655, 34.610618]}}, {"type": "Feature", "properties": {"osm_type": "node", "osm_id": 2699524137, "tags": {"addr:city": "San Diego", "addr:housenumber": "2816", "addr:postcode": "92106", "addr:street": "Historic Decatur Road", "addr:unit": "116", "check_date": "2022-05-11", "craft": "brewery", "name": "Stone Brewing World Bistro & Gardens", "payment:mastercard": "yes", "payment:visa": "yes", "product": "beer", "wheelchair": "yes"}}, "geometry": {"type": "Point", "coordinates": [-117.2115267, 32.7404193]}}, {"type": "Feature", "properties": {"osm_type": "node", "osm_id": 2752815629, "tags": {"addr:city": "Santa Cruz", "addr:housenumber": "1315", "addr:postcode": "95062", "addr:state": "CA", "addr:street": "Water Street", "craft": "brewery", "name": "Santa Adairius Santa Cruz Portal"}}, "geometry": {"type": "Point", "coordinates": [-122.0075311, 36.9815192]}}, {"type": "Feature", "properties": {"osm_type": "node", "osm_id": 2759192084, "tags": {"amenity": "pub", "craft": "brewery", "microbrewery": "yes", "name": "Sante Adairius Rustic Ales"}}, "geometry": {"type": "Point", "coordinates": [-121.9495362, 36.9832411]}}, {"type": "Feature", "properties": {"osm_type": "node", "osm_id": 2944759474, "tags": {"addr:city": "Rancho Santa Margarita", "addr:housenumber": "29851", "addr:postcode": "92688", "addr:state": "CA", "addr:street": "Aventura", "addr:unit": "C-E", "craft": "brewery", "name": "Laguna Beach Beer Company", "phone": "+1-949-264-6821"}}, "geometry": {"type": "Point", "coordinates": [-117.609353, 33.6364462]}}, {"type": "Feature", "properties": {"osm_type": "node", "osm_id": 3762117117, "tags": {"addr:city": "San Clemente", "addr:housenumber": "98", "addr:postcode": "92672", "addr:state": "CA", "addr:street": "Avenida del Mar", "air_conditioning": "yes", "amenity": "bar", "craft": "brewery", "name": "Artifex On Del Mar"}}, "geometry": {"type": "Point", "coordinates": [-117.613103, 33.4274382]}}, {"type": "Feature", "properties": {"osm_type": "node", "osm_id": 3786904259, "tags": {"addr:state": "CA", "addr:unit": "D", "check_date": "2025-02-26", "craft": "brewery", "name": "Arcana"}}, "geometry": {"type": "Point", "coordinates": [-117.2738229, 33.1403364]}}, {"type": "Feature", "properties": {"osm_type": "node", "osm_id": 3786904275, "tags": {"craft": "brewery", "name": "Carlsbad Brew Supply"}}, "geometry": {"type": "Point", "coordinates": [-117.2738783, 33.1386811]}}, {"type": "Feature", "properties": {"osm_type": "node", "osm_id": 3815188708, "tags": {"addr:city": "Tijuana", "addr:housenumber": "8161", "addr:postcode": "22000", "addr:street": "Avenida Felipe Carrillo Puerto", "craft": "brewery", "name": "Mamut Brewery Co"}}, "geometry": {"type": "Point", "coordinates": [-117.0376209, 32.5338187]}}, {"type": "Feature", "properties": {"osm_type": "node", "osm_id": 3815234025, "tags": {"addr:city": "Fallbrook", "addr:housenumber": "136", "addr:postcode": "92028", "addr:street": "North Main Avenue", "craft": "brewery", "name": "Fallbrook Brewing Company"}}, "geometry": {"type": "Point", "coordinates": [-117.2515412, 33.3827028]}}, {"type": "Feature", "properties": {"osm_type": "node", "osm_id": 3884034950, "tags": {"craft": "brewery", "name": "Bolt Brewery"}}, "geometry": {"type": "Point", "coordinates": [-117.1687524, 32.7252942]}}, {"type": "Feature", "properties": {"osm_type": "node", "osm_id": 3884049822, "tags": {"check_date": "2026-03-30", "craft": "brewery", "name": "Ballast Point Tasting Room & Kitchen Restaurant"}}, "geometry": {"type": "Point", "coordinates": [-117.1696761, 32.7276716]}}, {"type": "Feature", "properties": {"osm_type": "node", "osm_id": 4048295114, "tags": {"addr:city": "San Marcos", "addr:housenumber": "1325", "addr:postcode": "92078", "addr:state": "CA", "addr:street": "Grand Avenue", "craft": "brewery", "name": "Rip Current Brewing Co.", "website": "https://ripcurrentbrewing.com/"}}, "geometry": {"type": "Point", "coordinates": [-117.1925501, 33.1427616]}}, {"type": "Feature", "properties": {"osm_type": "node", "osm_id": 4062552663, "tags": {"addr:housenumber": "444", "addr:street": "Zachary Street", "addr:unit": "120", "check_date": "2025-10-24", "craft": "brewery", "name": "Enegren Brewing Company", "payment:cash": "yes", "payment:credit_cards": "yes", "payment:debit_cards": "yes", "phone": "+1 805-552-0602", "website": "https://enegrenbrewing.com/", "wheelchair": "yes"}}, "geometry": {"type": "Point", "coordinates": [-118.8706621, 34.2830902]}}, {"type": "Feature", "properties": {"osm_type": "node", "osm_id": 4267702889, "tags": {"addr:city": "Torrance", "addr:housenumber": "1226", "addr:postcode": "90501", "addr:state": "CA", "addr:street": "Sartori Avenue", "craft": "brewery", "cuisine": "american;sandwich;grill;pizza", "name": "Red Car Brewery", "opening_hours": "Su 12-8:30 p.m. M-Th 11:30 a.m.-9:30 p.m. F 11:30 a.m.-11:30 p.m. Sa 12-11 p.m.", "phone": "+1-310-782-0222", "website": "http://redcarbrewery.com"}}, "geometry": {"type": "Point", "coordinates": [-118.3160197, 33.83571]}}, {"type": "Feature", "properties": {"osm_type": "node", "osm_id": 4442511168, "tags": {"addr:city": "San Diego", "addr:housenumber": "1517", "addr:postcode": "92102", "addr:state": "CA", "addr:street": "30th Street", "amenity": "bar", "microbrewery": "yes", "name": "South Park Brewing", "outdoor_seating": "yes", "phone": "+1-619-610-9038"}}, "geometry": {"type": "Point", "coordinates": [-117.130071, 32.7217111]}}, {"type": "Feature", "properties": {"osm_type": "node", "osm_id": 4545911888, "tags": {"addr:city": "Torrance", "addr:housenumber": "20311", "addr:postcode": "90501", "addr:state": "CA", "addr:street": "South Western Avenue", "craft": "brewery", "name": "Monkish Brewing", "opening_hours": "M-Th 4-9 p.m. F 2-10p.m.  Sa 12 noon-10 p.m. Su 1-8 p.m.", "operator": "Monkish Brewing", "website": "https://www.monkishbrewing.com/"}}, "geometry": {"type": "Point", "coordinates": [-118.3101863, 33.8465751]}}, {"type": "Feature", "properties": {"osm_type": "node", "osm_id": 4546030963, "tags": {"addr:city": "San Pedro", "addr:housenumber": "333", "addr:postcode": "90731", "addr:state": "CA", "addr:street": "West 6th Street", "craft": "brewery", "name": "San Pedro Brewing Company", "phone": "+1-310-831-5663", "website": "https://www.sanpedrobrewing.com/"}}, "geometry": {"type": "Point", "coordinates": [-118.284271, 33.7386421]}}, {"type": "Feature", "properties": {"osm_type": "node", "osm_id": 4546030965, "tags": {"addr:city": "Torrance", "addr:housenumber": "1901", "addr:postcode": "90501", "addr:state": "CA", "addr:street": "Del Amo Boulevard Unit B", "craft": "brewery", "name": "Smog City Brewing", "opening_hours": "Tu-Th 3-10 p.m. F 2-10 p.m. Sa 12-10 p.m. Su 12-8 p.m."}}, "geometry": {"type": "Point", "coordinates": [-118.3136798, 33.847082]}}, {"type": "Feature", "properties": {"osm_type": "node", "osm_id": 4546112037, "tags": {"addr:city": "Torrance", "addr:housenumber": "1840", "addr:postcode": "90501", "addr:state": "CA", "addr:street": "West 208th Street", "craft": "brewery", "name": "The Dudes Brewery", "operator": "1840 West 208th Street"}}, "geometry": {"type": "Point", "coordinates": [-118.3115036, 33.8417185]}}, {"type": "Feature", "properties": {"osm_type": "node", "osm_id": 4546112038, "tags": {"addr:city": "Torrance", "addr:housenumber": "2201", "addr:postcode": "90501", "addr:state": "CA", "addr:street": "Dominguez Street", "craft": "brewery", "name": "Strand Brewing", "opening_hours": "W-F 4-9 p.m. Sa 12-9 p.m. Su 12-8 p.m.", "website": "https://www.strandbrewing.com"}}, "geometry": {"type": "Point", "coordinates": [-118.3240401, 33.8414814]}}, {"type": "Feature", "properties": {"osm_type": "node", "osm_id": 4546143696, "tags": {"addr:city": "Inglewood", "addr:housenumber": "1031", "addr:postcode": "90301", "addr:state": "CA", "addr:street": "West Manchester Avenue Unit A-B", "craft": "brewery", "name": "Three Weavers Brewing", "opening_hours": "Tu-Th 15:00-22:00; Fr-Sa 12:00-24:00; Su 12:00-22:00", "website": "https://www.threeweavers.la/"}}, "geometry": {"type": "Point", "coordinates": [-118.374616, 33.960289]}}, {"type": "Feature", "properties": {"osm_type": "node", "osm_id": 4548746025, "tags": {"addr:city": "Torrance", "addr:housenumber": "2878", "addr:postcode": "90503", "addr:state": "CA", "addr:street": "Columbia Street", "check_date": "2024-08-24", "craft": "brewery", "name": "Absolution Brewing", "website": "https://www.absolutionbrewingcompany.com/"}}, "geometry": {"type": "Point", "coordinates": [-118.3378601, 33.8431391]}}, {"type": "Feature", "properties": {"osm_type": "node", "osm_id": 4548746026, "tags": {"addr:city": "Torrance", "addr:housenumber": "2964", "addr:postcode": "90503", "addr:state": "CA", "addr:street": "Columbia Street", "check_date": "2025-09-05", "craft": "brewery", "name": "Scholb Premium Ales", "opening_hours": "Mo-Th 4-10 p.m. F 3-10 p.m. Sa 1-10 p.m. Su 1-8 p.m.", "operator": "Jason Kolb", "phone": "+1-424-777-2964", "website": "https://www.drinkscholb.com/"}}, "geometry": {"type": "Point", "coordinates": [-118.339288, 33.8431475]}}, {"type": "Feature", "properties": {"osm_type": "node", "osm_id": 4548769183, "tags": {"addr:city": "Redondo Beach", "addr:housenumber": "2907", "addr:postcode": "90278", "addr:state": "CA", "addr:street": "West 182nd Street", "amenity": "pub", "craft": "brewery", "name": "Trusted Gut", "panoramax": "c73b1cc1-56d6-4b31-b5b2-4e67a4cb2d22", "product": "beer", "website": "https://www.trustedgut.com/"}}, "geometry": {"type": "Point", "coordinates": [-118.3561094, 33.865898]}}, {"type": "Feature", "properties": {"osm_type": "node", "osm_id": 4548773641, "tags": {"addr:city": "Carson", "addr:housenumber": "18525", "addr:postcode": "90248", "addr:state": "CA", "addr:street": "South Main Street", "craft": "brewery", "name": "Phantom Carriage Brewery", "opening_hours": "Mo 15:00-22:00; Tu-Th 11:30-22:00; Fr 11:30-24:00; Sa 12:00-24:00; Su 11:00-18:00", "website": "https://www.phantomcarriage.com/"}}, "geometry": {"type": "Point", "coordinates": [-118.276154, 33.8619055]}}, {"type": "Feature", "properties": {"osm_type": "node", "osm_id": 4694407689, "tags": {"addr:city": "Hawthorne", "addr:housenumber": "12918", "addr:postcode": "90250", "addr:state": "CA", "addr:street": "Cerise Avenue", "craft": "brewery", "name": "Los Angeles Ale Works", "website": "https://laaleworks.com/"}}, "geometry": {"type": "Point", "coordinates": [-118.3322768, 33.9149155]}}, {"type": "Feature", "properties": {"osm_type": "node", "osm_id": 4746068721, "tags": {"amenity": "bar", "craft": "brewery", "name": "Idyllwild Brewpub"}}, "geometry": {"type": "Point", "coordinates": [-116.71282, 33.7432661]}}, {"type": "Feature", "properties": {"osm_type": "node", "osm_id": 4798849913, "tags": {"addr:city": "Bakersfield", "addr:postcode": "93308", "addr:state": "CA", "addr:street": "1901 Mineral Court", "craft": "distillery", "distillery": "whisky", "fixme": "correct location unknown", "name": "Bowen\u2019s Whiskey", "website": "http://bowenswhiskey.com"}}, "geometry": {"type": "Point", "coordinates": [-119.063225, 35.4313069]}}, {"type": "Feature", "properties": {"osm_type": "node", "osm_id": 4799147633, "tags": {"addr:city": "Lompoc", "addr:housenumber": "234", "addr:postcode": "93436", "addr:state": "CA", "addr:street": "North H Street", "craft": "brewery", "food": "yes", "name": "Hoptions Taproom and Eatery", "operator": "Solvang Brewing Company", "website": "https://solvangbrewing.com/locations/lompoc/"}}, "geometry": {"type": "Point", "coordinates": [-120.4574527, 34.6419814]}}, {"type": "Feature", "properties": {"osm_type": "node", "osm_id": 4852890305, "tags": {"craft": "brewery", "name": "Battlemage Brewing Company"}}, "geometry": {"type": "Point", "coordinates": [-117.2274643, 33.1403302]}}, {"type": "Feature", "properties": {"osm_type": "node", "osm_id": 4852919671, "tags": {"craft": "brewery", "name": "Belching Beaver Brewery"}}, "geometry": {"type": "Point", "coordinates": [-117.2289116, 33.1449531]}}, {"type": "Feature", "properties": {"osm_type": "node", "osm_id": 4888597521, "tags": {"addr:city": "Santa Cruz", "addr:housenumber": "820", "addr:postcode": "95060", "addr:state": "CA", "addr:street": "Swift Street", "addr:unit": "A", "amenity": "bar", "brewery": "yes;various", "email": "beer@humblesea.com", "microbrewery": "yes", "name": "Humble Sea Brewing Company", "opening_hours": "Mo-Th 12:00-21:30, Fr 12:00-22:00, Sa 11:00-22:00, Su 11:00-21:00", "outdoor_seating": "yes", "phone": "+1-831-431-6189", "website": "https://humblesea.com/"}}, "geometry": {"type": "Point", "coordinates": [-122.0490197, 36.9595996]}}, {"type": "Feature", "properties": {"osm_type": "node", "osm_id": 4892523943, "tags": {"craft": "brewery", "name": "Mission Brewery"}}, "geometry": {"type": "Point", "coordinates": [-117.1515633, 32.707093]}}, {"type": "Feature", "properties": {"osm_type": "node", "osm_id": 4906486041, "tags": {"craft": "brewery"}}, "geometry": {"type": "Point", "coordinates": [-118.8036681, 34.1540357]}}, {"type": "Feature", "properties": {"osm_type": "node", "osm_id": 4915202339, "tags": {"addr:full": "1422 Monterey Street", "addr:housenumber": "1422", "addr:street": "Monterey Street", "amenity": "pub", "craft": "brewery", "description": "unit B100", "name": "Central Coast Brewing", "phone": "+1-805-783-2739"}}, "geometry": {"type": "Point", "coordinates": [-120.6556696, 35.2857943]}}, {"type": "Feature", "properties": {"osm_type": "node", "osm_id": 4917351871, "tags": {"addr:full": "1234 Broad Street", "addr:housenumber": "1234", "addr:street": "Broad", "amenity": "pub", "craft": "brewery", "name": "The Libertine Brewing Company and Coffee Bar", "website": "http://libertinebrewing.com/"}}, "geometry": {"type": "Point", "coordinates": [-120.6631926, 35.2777052]}}, {"type": "Feature", "properties": {"osm_type": "node", "osm_id": 4919512927, "tags": {"addr:full": "1040 Broad Street", "addr:housenumber": "1040", "addr:street": "Broad Street", "amenity": "bar", "craft": "brewery", "name": "Metro Brewing Company", "outdoor_seating": "yes", "website": "http://www.metrobrewco.com/index.html"}}, "geometry": {"type": "Point", "coordinates": [-120.6647216, 35.2793251]}}, {"type": "Feature", "properties": {"osm_type": "node", "osm_id": 4932661728, "tags": {"addr:city": "Vista", "addr:housenumber": "206", "addr:postcode": "92084", "addr:state": "CA", "addr:street": "Main Street", "craft": "brewery", "name": "Barrel & Stave Tap house", "operator": "Barrel & Stave", "product": "beer", "website": "https://www.barrelandstave.com/vista"}}, "geometry": {"type": "Point", "coordinates": [-117.242404, 33.2024482]}}, {"type": "Feature", "properties": {"osm_type": "node", "osm_id": 4932661729, "tags": {"addr:city": "Vista", "addr:housenumber": "236", "addr:postcode": "92084", "addr:state": "CA", "addr:street": "Main Street", "craft": "brewery", "name": "Wavelength Brewing Company", "product": "beer"}}, "geometry": {"type": "Point", "coordinates": [-117.2418841, 33.2028185]}}, {"type": "Feature", "properties": {"osm_type": "node", "osm_id": 5305551267, "tags": {"check_date": "2024-09-21", "craft": "brewery", "name": "Two Broads Ciderworkers", "product": "beer", "website": "https://twobroadscider.com/"}}, "geometry": {"type": "Point", "coordinates": [-120.644936, 35.2596471]}}, {"type": "Feature", "properties": {"osm_type": "node", "osm_id": 5345803634, "tags": {"addr:city": "Atascadero", "addr:housenumber": "5925", "addr:street": "Entrada Avenue", "amenity": "pub", "contact:phone": "+1-805-464-2710", "craft": "brewery", "internet_access": "wlan", "name": "Barley & Boar", "opening_hours": "Tu, We 17:00-22:00; Th-Sa 17:00-00:00", "phone": "+1-805-460-6369", "website": "https://www.barleyandboar.com/"}}, "geometry": {"type": "Point", "coordinates": [-120.668735, 35.4897884]}}, {"type": "Feature", "properties": {"osm_type": "node", "osm_id": 5417605046, "tags": {"addr:housenumber": "1315", "addr:street": "Research", "craft": "brewery", "name": "Ritual Brewing", "opening_hours": "Tu-Th 13:00-22:00; Fr, Sa 13:00-23:00; Su 12:00-19:00", "phone": "+1-909-478-7800", "website": "ritualbrewing.com"}}, "geometry": {"type": "Point", "coordinates": [-117.2370773, 34.0706464]}}, {"type": "Feature", "properties": {"osm_type": "node", "osm_id": 5483940438, "tags": {"craft": "brewery", "name": "New Bohemia Brewing Co."}}, "geometry": {"type": "Point", "coordinates": [-121.9647067, 36.9665588]}}, {"type": "Feature", "properties": {"osm_type": "node", "osm_id": 5567730428, "tags": {"addr:street": "Avenida Felipe Carrillo Puerto", "craft": "brewery", "name": "Mamut Brew"}}, "geometry": {"type": "Point", "coordinates": [-117.0375532, 32.5337388]}}, {"type": "Feature", "properties": {"osm_type": "node", "osm_id": 5644861495, "tags": {"addr:street": "Avenida Felipe Carrillo Puerto", "craft": "brewery", "name": "Mamut Brewing"}}, "geometry": {"type": "Point", "coordinates": [-117.0376294, 32.5338891]}}, {"type": "Feature", "properties": {"osm_type": "node", "osm_id": 5870511618, "tags": {"addr:city": "Chula Vista", "addr:country": "US", "addr:housenumber": "259", "addr:postcode": "91910", "addr:state": "CA", "addr:street": "3rd Avenue", "contact:facebook": "3PunkAles", "contact:instagram": "3punkales", "craft": "brewery", "name": "3 Punk Ales Brewing Company", "phone": "+1-619-271-4853", "website": "https://www.3punkales.com/"}}, "geometry": {"type": "Point", "coordinates": [-117.0803084, 32.6427949]}}, {"type": "Feature", "properties": {"osm_type": "node", "osm_id": 5870511623, "tags": {"addr:city": "Chula Vista", "addr:country": "US", "addr:housenumber": "241", "addr:postcode": "91910", "addr:state": "CA", "addr:street": "3rd Avenue", "addr:unit": "C", "contact:instagram": "brewjeria_chulavista", "craft": "brewery", "email": "thebrewjeria@gmail.com", "name": "Brewjeria Tap Room & Kitchen", "phone": "+1 619-349-2389", "website": "https://www.brewjeriacompany.com/"}}, "geometry": {"type": "Point", "coordinates": [-117.0804881, 32.6432962]}}, {"type": "Feature", "properties": {"osm_type": "node", "osm_id": 5870511658, "tags": {"addr:country": "US", "addr:housenumber": "258", "addr:postcode": "91910", "addr:state": "CA", "addr:street": "3rd Avenue", "craft": "brewery", "name": "Groundswell Brewing Company", "opening_hours": "Mo-Th 12:00-22:00;Sa 11:00-00:00;Su 11:00-22:00", "phone": "+1-619-934-7676"}}, "geometry": {"type": "Point", "coordinates": [-117.0806457, 32.6426603]}}, {"type": "Feature", "properties": {"osm_type": "node", "osm_id": 5870511675, "tags": {"addr:city": "Chula Vista", "addr:country": "US", "addr:housenumber": "294", "addr:postcode": "91910", "addr:state": "CA", "addr:street": "3rd Avenue", "craft": "brewery", "name": "Chula Vista Brewery", "opening_hours": "Mo,Tu 12:00-21:00;We,Th 12:00-23:00;Fr, Sa 12:00-01:00;Su 12:00-22:00", "phone": "+1-619-616-8806"}}, "geometry": {"type": "Point", "coordinates": [-117.0802239, 32.6415919]}}, {"type": "Feature", "properties": {"osm_type": "node", "osm_id": 5939697473, "tags": {"addr:city": "Santa Barbara", "addr:housenumber": "137", "addr:postcode": "93101", "addr:state": "CA", "addr:street": "Anacapa Street", "addr:unit": "D", "check_date": "2025-08-08", "contact:yelp": "https://www.yelp.com/biz/cutlers-artisan-spirits-santa-barbara", "craft": "distillery", "email": "info@cutlersartisan.com", "name": "Cutler's Artisan Distillery", "phone": "+1-805-845-4040", "website": "https://cutlersartisan.com/"}}, "geometry": {"type": "Point", "coordinates": [-119.6906986, 34.4146968]}}, {"type": "Feature", "properties": {"osm_type": "node", "osm_id": 6040659907, "tags": {"craft": "brewery", "name": "Reckless Brewing"}}, "geometry": {"type": "Point", "coordinates": [-117.1595489, 32.8879101]}}, {"type": "Feature", "properties": {"osm_type": "node", "osm_id": 6055649021, "tags": {"addr:city": "Paso Robles", "addr:housenumber": "3340", "addr:state": "CA", "addr:street": "Ramada Drive", "addr:unit": "C", "craft": "brewery", "name": "Kilokilo Brewing Company"}}, "geometry": {"type": "Point", "coordinates": [-120.6968766, 35.5734453]}}, {"type": "Feature", "properties": {"osm_type": "node", "osm_id": 6439509618, "tags": {"addr:city": "Imperial Beach", "addr:housenumber": "805", "addr:postcode": "91932", "addr:state": "CA", "addr:street": "Ocean Lane", "amenity": "bar", "microbrewery": "yes", "name": "Mike Hess Brewing Imperial Beach", "outdoor_seating": "yes", "website": "https://www.mikehessbrewing.com/imperial-beach/"}}, "geometry": {"type": "Point", "coordinates": [-117.1320793, 32.5807248]}}, {"type": "Feature", "properties": {"osm_type": "node", "osm_id": 6486352169, "tags": {"addr:city": "Los Angeles", "addr:housenumber": "416", "addr:postcode": "90013", "addr:state": "CA", "addr:street": "Boyd Street", "craft": "brewery", "name": "Mumford Brewing"}}, "geometry": {"type": "Point", "coordinates": [-118.2420533, 34.0460128]}}, {"type": "Feature", "properties": {"osm_type": "node", "osm_id": 6486352171, "tags": {"addr:city": "Los Angeles", "addr:housenumber": "828", "addr:postcode": "90013", "addr:state": "CA", "addr:street": "Traction Avenue", "amenity": "pub", "craft": "brewery", "name": "Arts District Brewing Company"}}, "geometry": {"type": "Point", "coordinates": [-118.2352914, 34.0446827]}}, {"type": "Feature", "properties": {"osm_type": "node", "osm_id": 6506472194, "tags": {"amenity": "restaurant", "craft": "brewery", "cuisine": "mexican", "name": "Nicolas Cocina de Herencia", "phone": "+1 831-574-8802"}}, "geometry": {"type": "Point", "coordinates": [-121.9204308, 36.5539086]}}, {"type": "Feature", "properties": {"osm_type": "node", "osm_id": 6549507497, "tags": {"addr:housenumber": "2181", "addr:postcode": "92113", "addr:street": "Logan Avenue", "amenity": "bar", "cuisine": "mexican", "microbrewery": "yes", "name": "Border X Brewing", "opening_hours": "Su 10:00-20:00; Mo-Th 14:00-22:00; Fr-Sa 12:00-23:00", "phone": "+1-619-501-0503", "website": "https://borderxbrewing.com"}}, "geometry": {"type": "Point", "coordinates": [-117.1397858, 32.6981239]}}, {"type": "Feature", "properties": {"osm_type": "node", "osm_id": 6568887431, "tags": {"addr:city": "San Diego", "addr:housenumber": "1956", "addr:postcode": "92107", "addr:street": "Bacon Street", "craft": "brewery", "name": "Pizza Port Ocean Beach", "opening_hours": "Mo-Su 11:00-23:00", "phone": "+1 619 224 4700", "website": "https://www.pizzaport.com/", "wheelchair": "yes"}}, "geometry": {"type": "Point", "coordinates": [-117.2503633, 32.7479241]}}, {"type": "Feature", "properties": {"osm_type": "node", "osm_id": 6568889289, "tags": {"addr:city": "San Diego", "addr:housenumber": "3725", "addr:postcode": "92110", "addr:street": "Greenwood Street", "craft": "brewery", "name": "Modern Times Beer", "opening_hours": "Mo-Th 12:00-22:00; Fr 12:00-00:00; Sa 11:00-00:00; Su 11:00-22:00", "phone": "+1-619-546-9694", "product": "beer, coffee", "website": "https://www.moderntimesbeer.com/"}}, "geometry": {"type": "Point", "coordinates": [-117.2062181, 32.7541859]}}, {"type": "Feature", "properties": {"osm_type": "node", "osm_id": 6702016047, "tags": {"addr:housenumber": "1065", "addr:street": "Fourth Ave, San Diego, CA 92101", "craft": "brewery", "name": "Resident Brewing", "phone": "+1-619-717-6622", "website": "https://residentbrewing.com/"}}, "geometry": {"type": "Point", "coordinates": [-117.1598781, 32.7166185]}}, {"type": "Feature", "properties": {"osm_type": "node", "osm_id": 6867887255, "tags": {"addr:city": "Tijuana", "addr:housenumber": "4775B", "addr:postcode": "22106", "addr:street": "Av. Lopez Lucio", "craft": "brewery", "name": "L\u00fadica Artesanal", "operator": "Particular"}}, "geometry": {"type": "Point", "coordinates": [-116.9807675, 32.5037266]}}, {"type": "Feature", "properties": {"osm_type": "node", "osm_id": 6923607674, "tags": {"amenity": "bar", "brewery": "yes", "microbrewery": "yes", "name": "Pure Project", "outdoor_seating": "yes"}}, "geometry": {"type": "Point", "coordinates": [-117.16016, 32.7353544]}}, {"type": "Feature", "properties": {"osm_type": "node", "osm_id": 6970728340, "tags": {"addr:housenumber": "4067", "addr:street": "Adams Avenue", "amenity": "bar", "brewery": "yes", "microbrewery": "yes", "name": "Kensington Brewing Company"}}, "geometry": {"type": "Point", "coordinates": [-117.1075905, 32.7630884]}}, {"type": "Feature", "properties": {"osm_type": "node", "osm_id": 7179577182, "tags": {"addr:housenumber": "5041", "addr:street": "Newport Avenue", "building:levels": "3", "craft": "brewery", "internet_access": "wlan", "name": "O.B. Brewery", "website": "https://www.obbrewingco.com/"}}, "geometry": {"type": "Point", "coordinates": [-117.25196, 32.7472194]}}, {"type": "Feature", "properties": {"osm_type": "node", "osm_id": 7262247985, "tags": {"amenity": "bar", "microbrewery": "yes", "name": "Rip Current"}}, "geometry": {"type": "Point", "coordinates": [-117.1298831, 32.7523745]}}, {"type": "Feature", "properties": {"osm_type": "node", "osm_id": 7391083688, "tags": {"addr:city": "Redlands", "addr:housenumber": "721", "addr:postcode": "92373", "addr:state": "CA", "addr:street": "North Nevada Street", "addr:unit": "401", "craft": "brewery", "name": "Escape Brewery: Barrelhouse"}}, "geometry": {"type": "Point", "coordinates": [-117.218595, 34.0614962]}}, {"type": "Feature", "properties": {"osm_type": "node", "osm_id": 7709004440, "tags": {"addr:city": "San Diego", "addr:housenumber": "5375", "addr:postcode": "92123", "addr:state": "CA", "addr:street": "Kearny Villa Road", "addr:unit": "116", "amenity": "bar", "check_date:currency:XBT": "2024-05-14", "currency:XBT": "yes", "internet_access": "wlan", "microbrewery": "yes", "name": "Quantum Brewing", "note": "This encompasses both unit 116 and 117.", "opening_hours:covid19": "Mo-Th 12:00-19:00; Fr 12:00-21:00; Sa 12:00-19:00; Su 14:00-17:00", "payment:lightning": "yes", "payment:onchain": "yes", "phone": "+1 858-254-6481", "website": "https://www.quantumbrewingsd.com/"}}, "geometry": {"type": "Point", "coordinates": [-117.139271, 32.8306577]}}, {"type": "Feature", "properties": {"osm_type": "node", "osm_id": 7729313443, "tags": {"addr:city": "Carpinteria", "addr:housenumber": "5049", "addr:postcode": "93013", "addr:state": "CA", "addr:street": "6th Street", "craft": "brewery", "name": "Island Brewing Company"}}, "geometry": {"type": "Point", "coordinates": [-119.5216323, 34.3952324]}}, {"type": "Feature", "properties": {"osm_type": "node", "osm_id": 7734751497, "tags": {"craft": "brewery", "name": "Rincon Brewing Company"}}, "geometry": {"type": "Point", "coordinates": [-119.51801, 34.3983775]}}, {"type": "Feature", "properties": {"osm_type": "node", "osm_id": 8232815545, "tags": {"amenity": "bar", "microbrewery": "yes", "name": "Machete Beer House"}}, "geometry": {"type": "Point", "coordinates": [-117.0931838, 32.6648148]}}, {"type": "Feature", "properties": {"osm_type": "node", "osm_id": 8900187370, "tags": {"craft": "brewery"}}, "geometry": {"type": "Point", "coordinates": [-117.1936761, 34.2499794]}}, {"type": "Feature", "properties": {"osm_type": "node", "osm_id": 8958963550, "tags": {"addr:city": "Santa Monica", "addr:housenumber": "1920", "addr:postcode": "90404", "addr:state": "CA", "addr:street": "Colorado Avenue", "addr:unit": "C", "amenity": "pub", "brewery": "yes", "craft": "brewery", "email": "info@santamonicabrewworks.com", "microbrewery": "yes", "name": "Santa Monica Brew Works", "opening_hours": "Mo-Fr 17:00-22:30; Sa 12:00-22:00; Su 12:00-20:00", "outdoor_seating": "yes", "phone": "+1 310 828-7629", "website": "https://www.santamonicabrewworks.com/"}}, "geometry": {"type": "Point", "coordinates": [-118.476763, 34.0254853]}}, {"type": "Feature", "properties": {"osm_type": "node", "osm_id": 9173628349, "tags": {"addr:city": "Watsonville", "addr:housenumber": "2536", "addr:postcode": "95076", "addr:state": "CA", "addr:street": "Freedom Boulevard", "craft": "brewery", "name": "Corralitos Brewing Co", "phone": "+1-831-728-2311", "website": "https://corralitosbrewingco.com/"}}, "geometry": {"type": "Point", "coordinates": [-121.7929942, 36.950145]}}, {"type": "Feature", "properties": {"osm_type": "node", "osm_id": 9203987421, "tags": {"addr:city": "Spring Valley", "addr:housenumber": "2733", "addr:postcode": "91978", "addr:state": "CA", "addr:street": "Via Orange Way", "addr:unit": "101", "craft": "distillery", "name": "San Diego Distillery", "website": "https://www.sddistillery.com/"}}, "geometry": {"type": "Point", "coordinates": [-116.9681121, 32.7304171]}}, {"type": "Feature", "properties": {"osm_type": "node", "osm_id": 9215210435, "tags": {"addr:city": "San Diego", "addr:housenumber": "627", "addr:postcode": "92101", "addr:state": "CA", "addr:street": "8th Avenue", "craft": "brewery", "name": "Bay City Brewing Co Tasting Room", "product": "beer", "website": "https://baycitybrewingco.com/"}}, "geometry": {"type": "Point", "coordinates": [-117.1572392, 32.7120193]}}, {"type": "Feature", "properties": {"osm_type": "node", "osm_id": 9265061794, "tags": {"addr:city": "Lomita", "addr:housenumber": "24156", "addr:postcode": "90717", "addr:state": "CA", "addr:street": "Narbonne Avenue", "addr:unit": "100", "check_date": "2025-03-05", "craft": "brewery", "name": "Burning Daylight Brewery", "product": "beer", "website": "https://www.burnindaylightbrewing.com/"}}, "geometry": {"type": "Point", "coordinates": [-118.3197732, 33.8030486]}}, {"type": "Feature", "properties": {"osm_type": "node", "osm_id": 9591191195, "tags": {"craft": "brewery"}}, "geometry": {"type": "Point", "coordinates": [-122.0304791, 36.9824902]}}, {"type": "Feature", "properties": {"osm_type": "node", "osm_id": 9632287741, "tags": {"addr:city": "Salinas", "addr:housenumber": "1315", "addr:postcode": "93901", "addr:state": "CA", "addr:street": "Dayton Street", "addr:unit": "E", "brewery": "Alvarado Street Brewery", "craft": "brewery", "microbrewery": "yes", "name": "Alvarado Street Brewery & Taproom", "opening_hours": "We-Fr 15:30-20:00; Sa 13:30-20:00; Su 12:30-17:00", "operator": "Alvarado Street Brewery", "phone": "+1 831 800 3332", "product": "beer", "website": "https://asb.beer/pages/salinastaproom"}}, "geometry": {"type": "Point", "coordinates": [-121.6298744, 36.6489726]}}, {"type": "Feature", "properties": {"osm_type": "node", "osm_id": 9659741085, "tags": {"craft": "brewery", "name": "Cerveceria Chapultepec"}}, "geometry": {"type": "Point", "coordinates": [-116.9924781, 32.5087025]}}, {"type": "Feature", "properties": {"osm_type": "node", "osm_id": 9670801489, "tags": {"addr:city": "Pacific Grove", "addr:housenumber": "2050", "addr:state": "CA", "addr:street": "Sunset Drive", "craft": "brewery", "name": "Pacific Grove CiderWorks", "website": "https://pgciderworks.com/"}}, "geometry": {"type": "Point", "coordinates": [-121.9349917, 36.6152857]}}, {"type": "Feature", "properties": {"osm_type": "node", "osm_id": 9848815059, "tags": {"addr:housenumber": "1435", "addr:street": "Camino del Mar", "craft": "brewery", "name": "Westbrew", "opening_hours": "Mo-Th 11:00-20:00; Fr 11:00-21:00; Sa 10:00-21:00; Su 10:00-20:00", "phone": "+1 858-369-0177", "website": "https://westbrew.com/del-mar"}}, "geometry": {"type": "Point", "coordinates": [-117.2649459, 32.9594456]}}, {"type": "Feature", "properties": {"osm_type": "node", "osm_id": 9898611152, "tags": {"addr:housenumber": "1011", "addr:street": "Calle Recodo", "building": "brewery", "craft": "brewery", "industrial": "brewery", "name": "Delahunt Brewing Company", "phone": "+1-949-403-0320", "product": "beer", "website": "https://delahuntbrewing.com/"}}, "geometry": {"type": "Point", "coordinates": [-117.5985503, 33.4532207]}}, {"type": "Feature", "properties": {"osm_type": "node", "osm_id": 9898627899, "tags": {"addr:city": "San Clemente", "addr:housenumber": "919", "addr:postcode": "92673", "addr:state": "CA", "addr:street": "Calle Amanecer", "addr:unit": "Suite A", "building": "brewery", "craft": "brewery", "microbrewery": "yes", "name": "Artifex Brewing Company", "product": "beer", "website": "https://artifex.beer/"}}, "geometry": {"type": "Point", "coordinates": [-117.6056155, 33.4492804]}}, {"type": "Feature", "properties": {"osm_type": "node", "osm_id": 9898627900, "tags": {"addr:city": "San Clemente", "addr:housenumber": "924", "addr:postcode": "92673", "addr:state": "CA", "addr:street": "Calle Negocio", "addr:unit": "#C", "building": "brewery", "craft": "brewery", "microbrewery": "yes", "name": "Lost Winds Brewing Company", "phone": "+1 949-361-5922", "product": "beer", "website": "https://lostwindsbrewing.com/"}}, "geometry": {"type": "Point", "coordinates": [-117.6069624, 33.4517713]}}, {"type": "Feature", "properties": {"osm_type": "node", "osm_id": 9904839381, "tags": {"craft": "brewery", "name": "Zaragoza Brewing Co."}}, "geometry": {"type": "Point", "coordinates": [-116.9905324, 32.5063766]}}, {"type": "Feature", "properties": {"osm_type": "node", "osm_id": 10028407016, "tags": {"addr:city": "Camarillo", "addr:housenumber": "2024", "addr:postcode": "93010", "addr:state": "CA", "addr:street": "Ventura Boulevard", "addr:unit": "112", "craft": "brewery", "name": "Topa Topa Brewing Co.", "opening_hours": "Mo 12:00-20:00; Tu-Th 12:00-21:00; Fr 12:00-22:00; Sa 11:30-22:00; Su 11:30-20:00", "phone": "+1-805-702-4091", "product": "beer", "start_date": "2015", "website": "https://topatopa.beer"}}, "geometry": {"type": "Point", "coordinates": [-119.043562, 34.2168075]}}, {"type": "Feature", "properties": {"osm_type": "node", "osm_id": 10164930455, "tags": {"addr:city": "San Marcos", "addr:housenumber": "1215", "addr:postcode": "92078", "addr:state": "CA", "addr:street": "San Elijo Road", "craft": "brewery", "name": "The Lost Abbey"}}, "geometry": {"type": "Point", "coordinates": [-117.1992985, 33.098742]}}, {"type": "Feature", "properties": {"osm_type": "node", "osm_id": 10698746514, "tags": {"addr:city": "Tijuana", "addr:housenumber": "9606", "addr:postcode": "22015", "addr:street": "Calle R\u00edo Colorado", "amenity": "bar", "brewery": "yes", "internet_access": "yes", "microbrewery": "yes", "min_age": "18", "name": "Cuarto Et\u00edlico", "opening_hours": "Fr-Sa 20:00-26:00", "outdoor_seating": "yes", "payment:cash": "yes", "payment:credit_cards": "yes", "payment:debit_cards": "yes", "website": "https://www.instagram.com/cuarto.etilico/"}}, "geometry": {"type": "Point", "coordinates": [-117.0208838, 32.5223219]}}, {"type": "Feature", "properties": {"osm_type": "node", "osm_id": 10734134046, "tags": {"addr:city": "Villa de Juarez", "addr:postcode": "22766", "addr:street": "Carretera Tecate-Ensenada", "amenity": "bar", "brewery": "yes", "email": "contacto@cerveceriacorteza.com", "microbrewery": "yes", "min_age": "18", "name": "Cervecer\u00eda Corteza", "payment:cash": "yes", "payment:credit_cards": "yes", "payment:debit_cards": "yes", "smoking": "no", "website": "https://cerveceriacorteza.com"}}, "geometry": {"type": "Point", "coordinates": [-116.6593031, 31.9678918]}}, {"type": "Feature", "properties": {"osm_type": "node", "osm_id": 10875995821, "tags": {"brewery": "yes", "craft": "brewery", "name": "Liquid Gravity Brewing Company", "website": "https://www.liquidgravitybrewing.com/"}}, "geometry": {"type": "Point", "coordinates": [-120.64592, 35.2440864]}}, {"type": "Feature", "properties": {"osm_type": "node", "osm_id": 11028932013, "tags": {"addr:city": "Signal Hill", "addr:housenumber": "1136", "addr:postcode": "90755", "addr:state": "CA", "addr:street": "East Willow Street", "craft": "brewery", "internet_access": "wlan", "name": "Ten Mile Brewing", "opening_hours": "Tu-Th 12:00-22:00; Fr-Sa 12:00-23:00; Su 12:00-22:00", "product": "food;beer", "website": "https://www.tenmilebrewing.com/"}}, "geometry": {"type": "Point", "coordinates": [-118.1778707, 33.8039734]}}, {"type": "Feature", "properties": {"osm_type": "node", "osm_id": 11192125837, "tags": {"addr:postcode": "92113", "craft": "brewery", "name": "Mujeres Brew", "name:en": "Mujeres Brew House", "opening_hours": "Sa-Su 12:00-21:00; Tu-Th 16:00-22:00; Fr 12:00-22:00", "phone": "+1-619-213-4340", "website": "https://mujeres-brew-house.business.site"}}, "geometry": {"type": "Point", "coordinates": [-117.141385, 32.7019446]}}, {"type": "Feature", "properties": {"osm_type": "node", "osm_id": 11192190037, "tags": {"addr:housenumber": "1313", "addr:postcode": "92101", "addr:street": "J Street", "craft": "brewery", "email": "thechurch@lostabbey.com", "name": "The Church by The Lost Abbey", "opening_hours": "Su 13:00-20:00; Mo-We 14:00-21:00; Th-Sa 14:00-22:00", "phone": "+1-800-918-6816", "website": "https://lostabbey.com/locations/the-church"}}, "geometry": {"type": "Point", "coordinates": [-117.1524391, 32.7092481]}}, {"type": "Feature", "properties": {"osm_type": "node", "osm_id": 11282700594, "tags": {"craft": "brewery", "name": "Smog City Brewery"}}, "geometry": {"type": "Point", "coordinates": [-118.1890751, 33.8265317]}}, {"type": "Feature", "properties": {"osm_type": "node", "osm_id": 11360821303, "tags": {"amenity": "pub", "check_date": "2024-03-14", "craft": "brewery", "name": "Wylde Works", "wheelchair": "yes"}}, "geometry": {"type": "Point", "coordinates": [-119.6973123, 34.4179382]}}, {"type": "Feature", "properties": {"osm_type": "node", "osm_id": 11367081520, "tags": {"craft": "brewery", "layer": "2", "level": "2", "name": "Madewest Brewing Company"}}, "geometry": {"type": "Point", "coordinates": [-119.2907384, 34.2757606]}}, {"type": "Feature", "properties": {"osm_type": "node", "osm_id": 11384716952, "tags": {"check_date": "2023-11-29", "craft": "brewery", "internet_access": "wlan", "internet_access:fee": "customers", "name": "Carbon Nation Brewing", "opening_hours": "Mo 15:00-21:00; Tu 16:00-20:00; We-Fr 15:00-22:00; Sa 12:00-22:00; Su 12:00-21:00", "payment:cash": "yes", "payment:credit_cards": "yes", "payment:debit_cards": "yes"}}, "geometry": {"type": "Point", "coordinates": [-117.4472899, 33.909746]}}, {"type": "Feature", "properties": {"osm_type": "node", "osm_id": 11384867005, "tags": {"craft": "brewery", "name": "Syncopated Brewing Company"}}, "geometry": {"type": "Point", "coordinates": [-118.1663732, 33.823787]}}, {"type": "Feature", "properties": {"osm_type": "node", "osm_id": 11384942179, "tags": {"craft": "brewery", "drink:beer": "yes", "microbrewery": "yes", "name": "There Does Not Exist", "product": "beer", "website": "https://www.theredoesnotexist.com/"}}, "geometry": {"type": "Point", "coordinates": [-120.670507, 35.2431622]}}, {"type": "Feature", "properties": {"osm_type": "node", "osm_id": 11445145384, "tags": {"craft": "brewery", "name": "Teorema Breawing"}}, "geometry": {"type": "Point", "coordinates": [-117.0361958, 32.5302909]}}, {"type": "Feature", "properties": {"osm_type": "node", "osm_id": 11445145416, "tags": {"craft": "brewery", "name": "La Insurgentes"}}, "geometry": {"type": "Point", "coordinates": [-117.0364693, 32.5326436]}}, {"type": "Feature", "properties": {"osm_type": "node", "osm_id": 11737385711, "tags": {"craft": "brewery", "name": "The Board Room"}}, "geometry": {"type": "Point", "coordinates": [-118.4126087, 33.9182817]}}, {"type": "Feature", "properties": {"osm_type": "node", "osm_id": 11793906870, "tags": {"craft": "brewery", "name": "Bajar Brewing"}}, "geometry": {"type": "Point", "coordinates": [-117.0362179, 32.53041]}}, {"type": "Feature", "properties": {"osm_type": "node", "osm_id": 11793906892, "tags": {"craft": "brewery", "name": "Berlin '89"}}, "geometry": {"type": "Point", "coordinates": [-117.037263, 32.5323422]}}, {"type": "Feature", "properties": {"osm_type": "node", "osm_id": 11822603669, "tags": {"addr:housenumber": "422", "addr:postcode": "91204", "addr:street": "Magnolia Avenue", "amenity": "pub", "craft": "brewery", "name": "Paperback Brewing Co.", "opening_hours": "Mo-Th 16:00-22:00; Fr 16:00-23:00; Sa 12:00-23:00; Su 12:00-22:00", "phone": "+1-818-484-5079", "website": "https://www.paperback.la"}}, "geometry": {"type": "Point", "coordinates": [-118.2619168, 34.1301636]}}, {"type": "Feature", "properties": {"osm_type": "node", "osm_id": 11898089181, "tags": {"addr:city": "Clovis", "addr:housenumber": "5054", "addr:postcode": "93619", "addr:state": "CA", "addr:street": "North Academy Avenue", "addr:unit": "B", "craft": "brewery", "name": "Two Ravens Brewery", "opening_hours": "Tu-Th 16:00-22:00; Fr 14:00-24:00; Sa 11:00-24:00; Su 11:00-21:00", "phone": "+1-559-314-8550", "website": "https://tworavensbrewery.com/", "website:menu": "https://tworavensbrewery.com/brew-menu"}}, "geometry": {"type": "Point", "coordinates": [-119.5551338, 36.8090705]}}, {"type": "Feature", "properties": {"osm_type": "node", "osm_id": 11921190969, "tags": {"addr:housenumber": "3010", "addr:postcode": "92104", "addr:street": "Juniper Street", "craft": "brewery", "name": "Fall Brewing Company South Park Taproom"}}, "geometry": {"type": "Point", "coordinates": [-117.1293688, 32.7297877]}}, {"type": "Feature", "properties": {"osm_type": "node", "osm_id": 11968237655, "tags": {"addr:city": "Long Beach", "addr:housenumber": "300", "addr:postcode": "90802", "addr:state": "CA", "addr:street": "The Promenade North", "craft": "distillery", "name": "Broken Spirits Distillery", "opening_hours": "Su-Th 11:00-22:00, Fr-Sa 11:00-24:00", "phone": "+1-562-590-9000", "website": "https://www.brokenspiritsdistillery.com"}}, "geometry": {"type": "Point", "coordinates": [-118.1904407, 33.7706991]}}, {"type": "Feature", "properties": {"osm_type": "node", "osm_id": 12072026469, "tags": {"addr:housenumber": "3083", "addr:postcode": "91504", "addr:street": "North Lima Street", "craft": "brewery", "name": "Lincoln Beer Company", "opening_hours": "Tu-Fr 04:00-22:00; Sa 12:00-22:00; Su 12:00-20:00"}}, "geometry": {"type": "Point", "coordinates": [-118.3468726, 34.2059981]}}, {"type": "Feature", "properties": {"osm_type": "node", "osm_id": 12109318506, "tags": {"amenity": "pub", "craft": "brewery", "name": "Boomtown Brewery"}}, "geometry": {"type": "Point", "coordinates": [-118.2332154, 34.0508975]}}, {"type": "Feature", "properties": {"osm_type": "node", "osm_id": 12170372073, "tags": {"addr:city": "San Marcos", "addr:housenumber": "1365", "addr:postcode": "92078", "addr:state": "CA", "addr:street": "Grand Avenue", "addr:unit": "Suite 100", "craft": "brewery", "name": "Meadiocrity Mead", "opening_hours": "We 17:00-21:00; Th 17:00-21:00; Fr 16:30-21:30; Sa 15:00-21:00; Su 14:00-18:00", "phone": "+1-760-279-3330", "website": "https://www.meadiocritymead.com/"}}, "geometry": {"type": "Point", "coordinates": [-117.1938008, 33.1433757]}}, {"type": "Feature", "properties": {"osm_type": "node", "osm_id": 12284217704, "tags": {"craft": "brewery", "name": "Frisby Brewery"}}, "geometry": {"type": "Point", "coordinates": [-117.596178, 33.5523752]}}, {"type": "Feature", "properties": {"osm_type": "node", "osm_id": 12408161054, "tags": {"check_date": "2024-10-24", "craft": "brewery", "name": "Kulturhaus", "payment:cash": "yes", "payment:credit_cards": "yes", "payment:debit_cards": "yes"}}, "geometry": {"type": "Point", "coordinates": [-120.6405662, 35.1419616]}}, {"type": "Feature", "properties": {"osm_type": "node", "osm_id": 12460348826, "tags": {"amenity": "bar", "craft": "brewery", "name": "Fall Brewing Company"}}, "geometry": {"type": "Point", "coordinates": [-117.1304198, 32.7600331]}}, {"type": "Feature", "properties": {"osm_type": "node", "osm_id": 12700512601, "tags": {"addr:housenumber": "1640", "addr:postcode": "92108", "addr:street": "Camino del Rio North", "craft": "brewery", "name": "Novo Brazil Brewing", "website": "https://www.novobrew.com/locations/mission-valley/"}}, "geometry": {"type": "Point", "coordinates": [-117.1469827, 32.7683894]}}, {"type": "Feature", "properties": {"osm_type": "node", "osm_id": 12714967201, "tags": {"addr:housenumber": "360", "addr:postcode": "93030", "addr:street": "North Del Norte Boulevard", "craft": "brewery", "internet_access": "wlan", "name": "Casa Agria Speciality Ales", "opening_hours": "Fr-Sa 12:00-22:00; Mo-Th 15:00-22:00; Su 12:00-20:00", "phone": "+1-805-485-1454"}}, "geometry": {"type": "Point", "coordinates": [-119.1276545, 34.2083612]}}, {"type": "Feature", "properties": {"osm_type": "node", "osm_id": 12716203701, "tags": {"addr:postcode": "93011", "addr:street": "Mission Oaks Boulevard", "craft": "brewery", "internet_access": "wlan", "name": "Institution Ale Company"}}, "geometry": {"type": "Point", "coordinates": [-119.0190997, 34.2168266]}}, {"type": "Feature", "properties": {"osm_type": "node", "osm_id": 12846382991, "tags": {"addr:city": "Santa Barbara", "addr:housenumber": "1114", "addr:postcode": "93101", "addr:state": "CA", "addr:street": "State Street", "amenity": "events_venue", "check_date": "2025-08-19", "contact:facebook": "https://www.facebook.com/Eleven14Crafthouse/", "contact:instagram": "https://www.instagram.com/eleven14crafthouse/", "contact:yelp": "https://www.yelp.com/biz/santa-barbara-courthouse-distillery-santa-barbara", "craft": "distillery", "email": "Events@Distillerysb.com", "name": "Courthouse Distillery", "website": "https://www.distillerysb.com/"}}, "geometry": {"type": "Point", "coordinates": [-119.7031678, 34.4232503]}}, {"type": "Feature", "properties": {"osm_type": "node", "osm_id": 12947444501, "tags": {"addr:housenumber": "1347", "addr:postcode": "92081", "addr:street": "Keystone Way", "craft": "brewery", "name": "Eppig Brewing", "website": "https://www.eppigbrewing.com/vista-hq"}}, "geometry": {"type": "Point", "coordinates": [-117.2347224, 33.1356183]}}, {"type": "Feature", "properties": {"osm_type": "node", "osm_id": 13324923938, "tags": {"addr:city": "Goleta", "addr:housenumber": "325", "addr:postcode": "93117", "addr:state": "CA", "addr:street": "Rutherford Street", "addr:unit": "D", "check_date": "2025-11-22", "contact:yelp": "https://www.yelp.com/biz/santa-barbara-cider-company-goleta-2", "craft": "brewery", "email": "drink@sbcider.com", "name": "Santa Barbara Cider Company", "opening_hours": "Mo-We off; Th-Fr 17:00-21:00; Sa 14:00-21:00; Su 14:00-19:00", "phone": "+1 805-697-4260", "website": "https://www.sbcider.com/"}}, "geometry": {"type": "Point", "coordinates": [-119.8258308, 34.4347364]}}, {"type": "Feature", "properties": {"osm_type": "node", "osm_id": 13343572451, "tags": {"addr:city": "Camarillo", "addr:country": "US", "addr:housenumber": "2433", "addr:postcode": "93010", "addr:state": "CA", "addr:street": "East Ventura Boulevard", "amenity": "pub", "craft": "brewery", "name": "Twisted Oak Tavern and Brewery", "opening_hours": "Mo,Tu 16:00-22:00; We 11:30-22:00; Th 11:30-23:00; Fr,Sa 11:30-24:00; Su 11:30-21:00", "website": "https://www.twistedoaktavern.pub/"}}, "geometry": {"type": "Point", "coordinates": [-119.0372751, 34.2164764]}}, {"type": "Feature", "properties": {"osm_type": "node", "osm_id": 13387698401, "tags": {"addr:housenumber": "610", "addr:postcode": "93551", "addr:street": "West Avenue O", "craft": "brewery", "name": "Lucky Luke Brewing"}}, "geometry": {"type": "Point", "coordinates": [-118.1409651, 34.6159309]}}, {"type": "Feature", "properties": {"osm_type": "node", "osm_id": 13427051654, "tags": {"craft": "brewery", "name": "Humdinger Brewing"}}, "geometry": {"type": "Point", "coordinates": [-120.5797927, 35.1230257]}}, {"type": "Feature", "properties": {"osm_type": "node", "osm_id": 13468464296, "tags": {"craft": "brewery", "ele": "156.4", "lacounty:ain": "8508005017", "lacounty:bld_id": "560288873975", "name": "Wingwalker Brewery", "start_date": "1952"}}, "geometry": {"type": "Point", "coordinates": [-118.0045692, 34.1417966]}}, {"type": "Feature", "properties": {"osm_type": "node", "osm_id": 13475409126, "tags": {"addr:city": "Ventura", "addr:country": "US", "addr:housenumber": "4100", "addr:postcode": "93003", "addr:state": "CA", "addr:street": "Telegraph Road", "amenity": "restaurant", "craft": "brewery", "email": "info@rinconbrewery.com", "name": "Rincon Brewery", "opening_hours": "Mo-Su 11:30-20:00; Th-Sa 11:30-21:00", "phone": "+1-805-676-0020", "website": "https://www.rinconbrewery.com/ventura"}}, "geometry": {"type": "Point", "coordinates": [-119.2385097, 34.2742106]}}, {"type": "Feature", "properties": {"osm_type": "node", "osm_id": 13574105512, "tags": {"addr:city": "San Diego", "addr:housenumber": "1220", "addr:postcode": "92101", "addr:state": "CA", "addr:street": "J Street", "craft": "distillery", "name": "Storyhouse Spirits", "opening_hours": "Tu-Th 11:00-22:00, Fr 11:00-23:00, Su 11:00-22:00, Mo closed", "phone": "+1-619-241-2780", "product": "food;beer;liquor", "website": "https://storyhousespirits.com/"}}, "geometry": {"type": "Point", "coordinates": [-117.1534482, 32.7095537]}}, {"type": "Feature", "properties": {"osm_type": "node", "osm_id": 13591400801, "tags": {"addr:housenumber": "15834", "addr:postcode": "91744", "addr:street": "Main Street", "check_date": "2026-02-22", "craft": "brewery", "name": "Feathered Serpent Brewery"}}, "geometry": {"type": "Point", "coordinates": [-117.9527265, 34.0199015]}}, {"type": "Feature", "properties": {"osm_type": "node", "osm_id": 13602820201, "tags": {"addr:housenumber": "13423", "addr:postcode": "90650", "addr:street": "Excelsior Drive", "check_date": "2026-02-25", "craft": "brewery", "name": "La Jara Brewing Co.", "website": "http://lajarabrewing.com"}}, "geometry": {"type": "Point", "coordinates": [-118.0456785, 33.8953061]}}, {"type": "Feature", "properties": {"osm_type": "node", "osm_id": 13639719931, "tags": {"addr:city": "Long Beach", "addr:housenumber": "247", "addr:postcode": "90802", "addr:state": "CA", "addr:street": "Long Beach Boulevard", "craft": "brewery", "name": "Beachwood Blendery & Taproom", "opening_hours": "Tu-Sa 16:00-23:00, Su 16:00-21:00", "phone": "+1-562-436-4250", "product": "beer", "website": "https://beachwoodbrewing.com/"}}, "geometry": {"type": "Point", "coordinates": [-118.1896222, 33.7701828]}}, {"type": "Feature", "properties": {"osm_type": "node", "osm_id": 13878422219, "tags": {"addr:city": "San Diego", "addr:country": "US", "addr:housenumber": "10045", "addr:postcode": "92131", "addr:state": "CA", "addr:street": "Carroll Canyon Road", "addr:unit": "A", "check_date": "2026-06-20", "craft": "brewery", "name": "Newtopia Cyder", "phone": "+1-858-926-4305", "website": "https://www.drinknewtopia.com/"}}, "geometry": {"type": "Point", "coordinates": [-117.1107136, 32.9032472]}}, {"type": "Feature", "properties": {"osm_type": "node", "osm_id": 13939409462, "tags": {"addr:city": "San Diego", "addr:country": "US", "addr:housenumber": "8680", "addr:postcode": "92126", "addr:state": "CA", "addr:street": "Miralani Drive", "addr:unit": "126", "check_date": "2026-06-14", "craft": "brewery", "name": "Preston's Brewery & Taproom", "phone": "+1-858-337-2970", "website": "https://prestonsgingerbeer.com/"}}, "geometry": {"type": "Point", "coordinates": [-117.1373378, 32.8964215]}}, {"type": "Feature", "properties": {"osm_type": "node", "osm_id": 13939409463, "tags": {"addr:city": "San Diego", "addr:country": "US", "addr:housenumber": "8680", "addr:postcode": "92126", "addr:state": "CA", "addr:street": "Miralani Drive", "addr:unit": "128", "check_date": "2026-06-14", "craft": "brewery", "name": "Protector Brewery", "phone": "+1-858-757-9160"}}, "geometry": {"type": "Point", "coordinates": [-117.1373467, 32.8965928]}}, {"type": "Feature", "properties": {"osm_type": "node", "osm_id": 13939621001, "tags": {"addr:housenumber": "800", "addr:postcode": "90012", "addr:street": "North Alameda Street", "craft": "brewery", "name": "everywhere", "opening_hours": "Su-Th 11:00-22:00; Fr-Sa 11:00-00:00"}}, "geometry": {"type": "Point", "coordinates": [-118.2358646, 34.0560828]}}, {"type": "Feature", "properties": {"osm_type": "node", "osm_id": 13970865225, "tags": {"addr:city": "Fresno", "addr:housenumber": "1929", "addr:postcode": "93721", "addr:state": "CA", "addr:street": "Santa Clara Street", "craft": "brewery", "name": "Procreations Brewing Company", "phone": "+15598255875", "website": "https://www.procreationsbrewing.com/"}}, "geometry": {"type": "Point", "coordinates": [-119.7853448, 36.7288114]}}, {"type": "Feature", "properties": {"osm_type": "node", "osm_id": 14021173513, "tags": {"addr:city": "Poway", "addr:housenumber": "12265", "addr:postcode": "92064", "addr:state": "CA", "addr:street": "Scripps Poway Parkway", "addr:unit": "113", "craft": "brewery", "name": "Little Miss Brewing"}}, "geometry": {"type": "Point", "coordinates": [-117.0607236, 32.9337183]}}, {"type": "Feature", "properties": {"osm_type": "node", "osm_id": 2828003121, "tags": {"addr:city": "Pawhuska", "addr:housenumber": "301", "addr:street": "West Main Street", "craft": "brewery", "name": "Dollhouse Road Brewery"}}, "geometry": {"type": "Point", "coordinates": [-96.3429799, 36.6638666]}}, {"type": "Feature", "properties": {"osm_type": "node", "osm_id": 3707422320, "tags": {"addr:city": "Dallas", "addr:housenumber": "3601", "addr:postcode": "75226", "addr:state": "TX", "addr:street": "Parry Avenue", "amenity": "bar", "craft": "brewery", "drink:craft_beer": "yes", "name": "Craft and Growler", "opening_hours": "Mo off; Tu-Th 17:00-21:00; Fr 16:00-22:00; Sa 15:00-22:00; Su 15:00-21:00", "website": "https://craftandgrowler.com/"}}, "geometry": {"type": "Point", "coordinates": [-96.7668736, 32.7814683]}}, {"type": "Feature", "properties": {"osm_type": "node", "osm_id": 4018534789, "tags": {"addr:city": "Dallas", "addr:floor": "1", "addr:housenumber": "509", "addr:postcode": "75208", "addr:state": "TX", "addr:street": "North Bishop Avenue", "air_conditioning": "yes", "amenity": "bar", "check_date": "2026-05-03", "email": "joel@bishopcider.com", "level": "1", "microbrewery": "yes", "name": "Bishop Cider Co Tasting Room", "opening_hours": "Mo off; Tu-Th 17:00-22:00; Fr-Sa 12:00-24:00; Su 12:00-18:00", "outdoor_seating": "no", "payment:cash": "yes", "payment:credit_cards": "yes", "payment:debit_cards": "yes", "smoking": "no", "website": "https://www.bishopcider.com/", "wheelchair": "yes"}}, "geometry": {"type": "Point", "coordinates": [-96.8286176, 32.7491411]}}, {"type": "Feature", "properties": {"osm_type": "node", "osm_id": 4927012015, "tags": {"addr:housenumber": "200", "addr:postcode": "76104", "addr:street": "E Broadway Ave", "contact:facebook": "hopfusion", "craft": "brewery", "email": "info@hopfusionaleworks.com", "internet_access": "wlan", "microbrewery": "yes", "name": "HopFusion Ale Works", "opening_hours": "Su 12:00-23:00; Tu-Th 16:00-23:00; Fr 12:00-23:00; Sa 12:00-24:00", "phone": "+1-682-841-1721", "website": "https://www.hopfusionaleworks.com/"}}, "geometry": {"type": "Point", "coordinates": [-97.3247862, 32.7416665]}}, {"type": "Feature", "properties": {"osm_type": "node", "osm_id": 5746165142, "tags": {"addr:housenumber": "225", "addr:street": "S Charles St", "craft": "brewery", "name": "Witherspoon Distillery", "opening_hours": "Fr 15:00-22:00; Sa 10:00-22:00", "phone": "+1-214-814-0545", "website": "https://www.witherspoondistillery.com/"}}, "geometry": {"type": "Point", "coordinates": [-96.9971571, 33.0443567]}}, {"type": "Feature", "properties": {"osm_type": "node", "osm_id": 6058645608, "tags": {"addr:city": "Belton", "addr:housenumber": "206", "addr:postcode": "76513", "addr:state": "TX", "addr:street": "North Penelope Street", "check_date": "2025-03-18", "contact:facebook": "https://www.facebook.com/nolancreekbrewery/", "craft": "brewery", "name": "Nolan Creek Brewing", "opening_hours": "Mo,We-Th 16:00-22:00; Fr 12:00-23:00; Sa 11:00-23:00; Su 14:00-19:00", "phone": "+1 254-613-4190", "website": "https://nolancreek.beer/"}}, "geometry": {"type": "Point", "coordinates": [-97.4614847, 31.057405]}}, {"type": "Feature", "properties": {"osm_type": "node", "osm_id": 6171749034, "tags": {"addr:housenumber": "506", "addr:street": "E Main St", "craft": "brewery", "microbrewery": "yes", "name": "Division Brewing", "opening_hours": "We,Th 16:00-22:00; Fr 16:00-23:00; Sa 11:00-24:00; Su 12:00-20:00", "phone": "+1-682-276-1276", "website": "https://divisionbrewing.com/"}}, "geometry": {"type": "Point", "coordinates": [-97.1020689, 32.7361535]}}, {"type": "Feature", "properties": {"osm_type": "node", "osm_id": 6222633827, "tags": {"addr:city": "Lubbock", "addr:housenumber": "1204", "addr:state": "TX", "addr:street": "Broadway Street", "addr:unit": "104", "craft": "brewery", "name": "The Brewery LBK", "product": "beer"}}, "geometry": {"type": "Point", "coordinates": [-101.8481141, 33.584703]}}, {"type": "Feature", "properties": {"osm_type": "node", "osm_id": 6238890371, "tags": {"addr:housenumber": "146", "addr:street": "Whatley Ave", "craft": "brewery", "microbrewery": "yes", "name": "Old Town Brewhouse", "opening_hours": "Su 17:00-22:00; Fr 16:00-22:00; Sa 15:00-23:00", "phone": "+1-972-221-2337", "website": "https://www.oldtownbrewhousetx.com/"}}, "geometry": {"type": "Point", "coordinates": [-96.9930415, 33.0438902]}}, {"type": "Feature", "properties": {"osm_type": "node", "osm_id": 6382190452, "tags": {"addr:city": "Pantego", "addr:housenumber": "3533", "addr:postcode": "76013", "addr:state": "TX", "addr:street": "Marathon Street", "craft": "brewery", "name": "New Main Brewing Co", "website": "http://www.newmainbrewing.com/"}}, "geometry": {"type": "Point", "coordinates": [-97.1608785, 32.7132699]}}, {"type": "Feature", "properties": {"osm_type": "node", "osm_id": 6418482881, "tags": {"addr:city": "Richardson", "addr:housenumber": "640", "addr:postcode": "75081", "addr:state": "TX", "addr:street": "N. Interurban Street", "craft": "brewery", "microbrewery": "yes", "name": "Four Bullets Brewery", "opening_hours": "Fr 16:00-21:00; Sa 12:00-18:00", "phone": "+1-469-351-0511", "website": "https://www.fourbulletsbrewery.com/"}}, "geometry": {"type": "Point", "coordinates": [-96.7259936, 32.9593902]}}, {"type": "Feature", "properties": {"osm_type": "node", "osm_id": 6565080871, "tags": {"addr:housenumber": "5880", "addr:street": "TX-121", "check_date": "2024-12-26", "craft": "brewery", "microbrewery": "yes", "name": "Union Bear Brewing Co.", "opening_hours": "Mo-Th 11:00-24:00; Fr 11:00-01:00; Sa 10:00-01:00; Su 10:00-22:00", "phone": "+1 214-297-2337", "website": "https://www.unionbear.com/", "wheelchair": "yes"}}, "geometry": {"type": "Point", "coordinates": [-96.8212772, 33.0899763]}}, {"type": "Feature", "properties": {"osm_type": "node", "osm_id": 6580964403, "tags": {"addr:housenumber": "1301", "addr:street": "Pace Street", "air_conditioning": "yes", "building:levels": "2", "check_date": "2026-05-09", "craft": "brewery", "internet_access": "wlan", "internet_access:fee": "customers", "min_age": "21", "name": "Peticolas Brewery & Tap Room", "opening_hours": "Tu-Fr 12:00-22:00; Sa 11:00-22:00; Su 12:00-18:00", "payment:cash": "yes", "payment:credit_cards": "yes", "payment:debit_cards": "yes", "phone": "+1-214-234-7600", "product": "beer", "website": "https://www.peticolasbrewing.com", "wheelchair": "yes"}}, "geometry": {"type": "Point", "coordinates": [-96.82907, 32.7967814]}}, {"type": "Feature", "properties": {"osm_type": "node", "osm_id": 6581035839, "tags": {"addr:city": "Dallas", "addr:housenumber": "2777", "addr:postcode": "75207", "addr:state": "TX", "addr:street": "Irving Boulevard", "addr:unit": "200", "craft": "brewery", "leisure": "amusement_arcade", "name": "Cidercade", "opening_hours": "Mo-Su 10:00-24:00", "phone": "+1-214-208-1922", "toilets": "yes", "toilets:access": "customers", "toilets:unisex": "no", "toilets:wheelchair": "yes", "website": "https://www.cidercade.com/dallas/"}}, "geometry": {"type": "Point", "coordinates": [-96.8458369, 32.8057698]}}, {"type": "Feature", "properties": {"osm_type": "node", "osm_id": 6630043497, "tags": {"craft": "brewery", "name": "By The Horns"}}, "geometry": {"type": "Point", "coordinates": [-97.1416487, 32.5627973]}}, {"type": "Feature", "properties": {"osm_type": "node", "osm_id": 6630043498, "tags": {"craft": "brewery", "name": "Dirty Jobs Brewery"}}, "geometry": {"type": "Point", "coordinates": [-97.1420799, 32.564683]}}, {"type": "Feature", "properties": {"osm_type": "node", "osm_id": 7124638970, "tags": {"addr:housenumber": "206", "addr:street": "North Oak Street", "check_date": "2025-09-24", "craft": "brewery", "microbrewery": "yes", "name": "Soul Fire Brewing Company", "opening_hours": "Mo-Sa 11:00-24:00; Su 12:00-22:00", "phone": "+1 682 237 7379", "product": "beer;cocktails", "website": "https://soulfirebrewing.com/"}}, "geometry": {"type": "Point", "coordinates": [-97.228161, 32.9999961]}}, {"type": "Feature", "properties": {"osm_type": "node", "osm_id": 7375389340, "tags": {"addr:city": "Keller", "addr:housenumber": "818", "addr:postcode": "76248", "addr:state": "TX", "addr:street": "North Main Street", "closed": "yes", "craft": "brewery", "name": "Shannon Brewing Co", "opening_hours": "We-Fr 10:00-21:00, Sa 12:00-21:00, Su 12:00-17:00", "operator": "Shannon Carter", "phone": "+1-817-337-9892", "product": "beer", "website": "https://shannonbrewing.com"}}, "geometry": {"type": "Point", "coordinates": [-97.251065, 32.9469012]}}, {"type": "Feature", "properties": {"osm_type": "node", "osm_id": 7913679045, "tags": {"craft": "brewery", "name": "Settlers Brewing Co."}}, "geometry": {"type": "Point", "coordinates": [-97.8764499, 36.3983184]}}, {"type": "Feature", "properties": {"osm_type": "node", "osm_id": 8243282478, "tags": {"addr:city": "Tulsa", "addr:country": "US", "addr:housenumber": "1726", "addr:postcode": "74104", "addr:state": "OK", "addr:street": "East 7th Street South", "addr:unit": "D", "craft": "distillery", "name": "Local Cider", "shop": "craft"}}, "geometry": {"type": "Point", "coordinates": [-95.9660508, 36.1511647]}}, {"type": "Feature", "properties": {"osm_type": "node", "osm_id": 8507776664, "tags": {"check_date": "2024-12-29", "craft": "brewery", "name": "Red Gap Brewing"}}, "geometry": {"type": "Point", "coordinates": [-98.9796139, 32.3881642]}}, {"type": "Feature", "properties": {"osm_type": "node", "osm_id": 8526292517, "tags": {"addr:city": "Dumas", "addr:housenumber": "102", "addr:postcode": "79029", "addr:state": "TX", "addr:street": "East 7th Street", "craft": "brewery", "name": "Toppled Turtle Brewing Company", "opening_hours": "Su 12:00-18:00; Mo-Th 11:00-21:00; Fr-Sa 11:00-22:00", "outdoor_seating": "yes", "phone": "+1-806-421-6863", "website": "https://www.toppledturtlebrewing.com/"}}, "geometry": {"type": "Point", "coordinates": [-101.973026, 35.8588796]}}, {"type": "Feature", "properties": {"osm_type": "node", "osm_id": 8669502409, "tags": {"addr:city": "The Colony", "addr:housenumber": "5959.", "addr:postcode": "75056", "addr:state": "TX", "addr:street": "Grove Lane", "addr:unit": "Suite B", "craft": "brewery", "name": "Beard Science Sour House", "phone": "+1 469 401 6764", "street_vendor": "yes", "website": "https://beardsciencesours.com"}}, "geometry": {"type": "Point", "coordinates": [-96.8576634, 33.0693998]}}, {"type": "Feature", "properties": {"osm_type": "node", "osm_id": 8907607118, "tags": {"addr:floor": "1", "addr:housenumber": "1508", "addr:street": "Commerce Street", "amenity": "bar", "check_date": "2025-08-16", "check_date:smoking": "2025-08-16", "indoor_seating": "yes", "level": "0", "microbrewery": "yes", "name": "Pegasus City Brewery", "opening_hours": "Mo-Th 16:00-22:00; Fr 13:00-23:00; Sa 12:00-23:00; Su 13:00-21:00", "outdoor_seating": "yes", "payment:cash": "yes", "payment:credit_cards": "yes", "payment:debit_cards": "yes", "phone": "+1 972-366-7722", "smoking": "no", "website": "https://www.pegasuscitybrewery.com", "wheelchair": "yes"}}, "geometry": {"type": "Point", "coordinates": [-96.7981248, 32.7799307]}}, {"type": "Feature", "properties": {"osm_type": "node", "osm_id": 9813330204, "tags": {"addr:city": "Oklahoma City", "addr:housenumber": "1737", "addr:postcode": "73108", "addr:state": "OK", "addr:street": "Spoke Street", "air_conditioning": "yes", "craft": "brewery", "name": "The Big Friendly", "product": "beer;wine;snacks", "website": "https://www.thebigfriendly.com/"}}, "geometry": {"type": "Point", "coordinates": [-97.5317878, 35.4476726]}}, {"type": "Feature", "properties": {"osm_type": "node", "osm_id": 10119817435, "tags": {"addr:city": "Plano", "addr:housenumber": "7800", "addr:postcode": "75025", "addr:state": "TX", "addr:street": "Windrose Avenue", "craft": "brewery", "name": "Unlawful Assembly", "opening_hours": "Mo-We 11:00-23:00, Th 11:00-24:00, Fr-Sa 11:00-02:00, Su 11:00-23:00", "phone": "+1 972-846-4255", "product": "beer", "website": "https://www.unlawfulassembly.com/"}}, "geometry": {"type": "Point", "coordinates": [-96.8257573, 33.0833703]}}, {"type": "Feature", "properties": {"osm_type": "node", "osm_id": 11278199599, "tags": {"craft": "brewery", "name": "Broke Brewery", "phone": "+1 405-780-4760", "product": "beer", "survey:date": "2023-10-20", "website": "https://broke.beer/", "wheelchair": "yes"}}, "geometry": {"type": "Point", "coordinates": [-97.5919843, 35.5090091]}}, {"type": "Feature", "properties": {"osm_type": "node", "osm_id": 11371598415, "tags": {"addr:city": "Mineral Wells", "addr:housenumber": "401", "addr:postcode": "76067", "addr:state": "TX", "addr:street": "North Oak Avenue", "contact:facebook": "https://www.facebook.com/Rickhousebrewing/", "craft": "brewery", "facebook": "https://www.facebook.com/Rickhousebrewing/", "name": "Rickhouse Brewing", "phone": "+1-940-977-1938", "product": "food;beer", "website": "https://www.rickhousebrewing.com"}}, "geometry": {"type": "Point", "coordinates": [-98.1131248, 32.8117005]}}, {"type": "Feature", "properties": {"osm_type": "node", "osm_id": 11986874903, "tags": {"addr:city": "Addison", "addr:housenumber": "15103", "addr:postcode": "75001", "addr:state": "TX", "addr:street": "Surveyor Boulevard", "craft": "brewery", "name": "Bitter Sisters Brewing Company", "website": "https://www.bittersistersbrewery.com/"}}, "geometry": {"type": "Point", "coordinates": [-96.8472187, 32.9546791]}}, {"type": "Feature", "properties": {"osm_type": "node", "osm_id": 12159323591, "tags": {"craft": "brewery", "name": "Funky Picnic Brewery and Cafe"}}, "geometry": {"type": "Point", "coordinates": [-97.3248759, 32.7402016]}}, {"type": "Feature", "properties": {"osm_type": "node", "osm_id": 12180686362, "tags": {"addr:city": "Cleburne", "addr:housenumber": "1655", "addr:state": "TX", "addr:street": "South Main Street", "contact:facebook": "https://www.facebook.com/people/Wildbreak-Brewing-Company/61552663057231/", "craft": "brewery", "mapillary": "880501797352062", "name": "Wildbreak Brewing Company", "phone": "+1-682-413-5050"}}, "geometry": {"type": "Point", "coordinates": [-97.381528, 32.3285397]}}, {"type": "Feature", "properties": {"osm_type": "node", "osm_id": 12309528222, "tags": {"addr:city": "Tulsa", "addr:housenumber": "223", "addr:postcode": "74103", "addr:state": "OK", "addr:street": "North Main Street East", "craft": "brewery", "name": "Cabin Boys Brewery", "website": "https://www.cabinboysbrewery.com/"}}, "geometry": {"type": "Point", "coordinates": [-95.9938628, 36.1590481]}}, {"type": "Feature", "properties": {"osm_type": "node", "osm_id": 12486722979, "tags": {"addr:city": "Oklahoma City", "addr:housenumber": "705", "addr:postcode": "73102", "addr:state": "OK", "addr:street": "West Sheridan Avenue", "check_date": "2025-01-02", "craft": "brewery", "name": "OK Cider Co.", "opening_hours": "Mo-Th 12:00-21:00; Fr-Sa 12:00-23:00; Su 14:00-19:00", "phone": "+1-405-501-8877", "website": "https://okciderco.com"}}, "geometry": {"type": "Point", "coordinates": [-97.5247235, 35.4669551]}}, {"type": "Feature", "properties": {"osm_type": "node", "osm_id": 12766926901, "tags": {"addr:housenumber": "1001", "addr:postcode": "75093", "addr:street": "14th Street", "craft": "brewery", "name": "Voodoo Brewing Company", "phone": "+1-281-346-9899", "website": "https://plano.voodoobrewery.com/"}}, "geometry": {"type": "Point", "coordinates": [-96.7003156, 33.0186759]}}, {"type": "Feature", "properties": {"osm_type": "node", "osm_id": 12856564595, "tags": {"addr:city": "Midland", "addr:housenumber": "2101", "addr:postcode": "79705", "addr:state": "TX", "addr:street": "West Wadley Avenue", "addr:unit": "27", "craft": "brewery", "email": "info@waystonebrewing.com", "name": "The Waystone", "opening_hours": "We-Th 15:00-22:00; Fr-Sa 12:00-22:00; Su 12:00-19:00", "website": "https://www.waystonebrewing.com/"}}, "geometry": {"type": "Point", "coordinates": [-102.1060436, 32.0232424]}}, {"type": "Feature", "properties": {"osm_type": "node", "osm_id": 12998013421, "tags": {"craft": "brewery", "name": "Waco Brewing Company"}}, "geometry": {"type": "Point", "coordinates": [-97.1353804, 31.5517392]}}, {"type": "Feature", "properties": {"osm_type": "node", "osm_id": 13125526401, "tags": {"addr:housenumber": "1602", "addr:postcode": "88220", "addr:street": "North Canal Street", "contact:facebook": "NurvisPurvisBrewing", "contact:instagram": "nurvispurvisbrewing", "craft": "brewery", "name": "Nurvis Purvis", "opening_hours": "Mo-Th 12:00-21:00; Fr-Sa 11:00-22:00; Su 11:00-19:00", "website": "https://www.nurvispurvisbrewing.com/"}}, "geometry": {"type": "Point", "coordinates": [-104.2281398, 32.4474]}}, {"type": "Feature", "properties": {"osm_type": "node", "osm_id": 13132839077, "tags": {"addr:city": "Amarillo", "addr:housenumber": "3100", "addr:postcode": "79106", "addr:state": "TX", "addr:street": "Southwest 6th Avenue", "craft": "brewery", "name": "Old Tascosa Brewery", "phone": "+18066814050", "website": "https://www.otbrewco.com/"}}, "geometry": {"type": "Point", "coordinates": [-101.8713851, 35.2115186]}}, {"type": "Feature", "properties": {"osm_type": "node", "osm_id": 13196793311, "tags": {"addr:housenumber": "1719", "addr:postcode": "88203", "addr:street": "Southeast Main Street", "craft": "brewery", "level": "1", "name": "Black Cock Brewery", "opening_hours": "Mo-Su 11:30-23:00", "phone": "+1-575-742-8389", "website": "https://blackcockbrewery.com/"}}, "geometry": {"type": "Point", "coordinates": [-104.5166238, 33.3713243]}}, {"type": "Feature", "properties": {"osm_type": "node", "osm_id": 13202957672, "tags": {"addr:housenumber": "528", "addr:street": "West Kennedale Parkway", "check_date": "2025-10-05", "craft": "distillery", "name": "SuTi Craft Distillery", "opening_hours": "Mo,Su off; Tu-Sa 13:00-18:00", "payment:cash": "yes", "payment:credit_cards": "yes", "payment:debit_cards": "yes", "phone": "+1-817-330-3976", "website": "https://sutiusa.com"}}, "geometry": {"type": "Point", "coordinates": [-97.2289197, 32.6542471]}}, {"type": "Feature", "properties": {"osm_type": "node", "osm_id": 13233694901, "tags": {"addr:city": "Abilene", "addr:housenumber": "202", "addr:postcode": "79601", "addr:state": "TX", "addr:street": "Pine Street", "addr:unit": "201", "contact:facebook": "graintheorybeer", "contact:instagram": "graintheorybeer", "craft": "brewery", "email": "info@graintheory.beer", "name": "Grain Theory", "opening_hours": "Mo-Th 09:00-21:00; Fr-Sa 09:00-22:00", "phone": "+1-325-704-1058", "website": "https://www.graintheory.beer/"}}, "geometry": {"type": "Point", "coordinates": [-99.7331498, 32.4506668]}}, {"type": "Feature", "properties": {"osm_type": "node", "osm_id": 13271558543, "tags": {"air_conditioning": "yes", "check_date": "2026-05-03", "craft": "brewery", "internet_access": "wlan", "internet_access:fee": "customers", "min_age": "None", "name": "Oak Cliff Brewing Co.", "opening_hours": "Mo-Th 15:00-22:00; Fr-Su 11:00-22:00", "payment:cash": "yes", "payment:credit_cards": "yes", "payment:debit_cards": "yes", "wheelchair": "limited"}}, "geometry": {"type": "Point", "coordinates": [-96.8384971, 32.732898]}}, {"type": "Feature", "properties": {"osm_type": "node", "osm_id": 13431006255, "tags": {"addr:city": "Oklahoma City", "addr:housenumber": "912", "addr:postcode": "73114", "addr:state": "OK", "addr:street": "West Britton Road", "craft": "distillery", "name": "Woodworks Distilling Co", "opening_hours": "Tu-Th 15:00-22:00; Fr 14:00-23:00; Sa 12:00-23:00; Su 13:00-20:00", "website": "https://woodworksdistilling.com/"}}, "geometry": {"type": "Point", "coordinates": [-97.5294839, 35.5654538]}}, {"type": "Feature", "properties": {"osm_type": "node", "osm_id": 13534639359, "tags": {"addr:city": "Oklahoma City", "addr:housenumber": "7", "addr:postcode": "73102", "addr:state": "OK", "addr:street": "North Lee Avenue", "craft": "brewery", "name": "Core4 Brewing Company", "opening_hours": "Mo-Th 16:00-21:00; Fr-Sa 12:00-23:00; Su 14:00-20:00", "website": "https://core4brewing.com/"}}, "geometry": {"type": "Point", "coordinates": [-97.5244574, 35.4668601]}}, {"type": "Feature", "properties": {"osm_type": "node", "osm_id": 13605234115, "tags": {"addr:city": "Amarillo", "addr:housenumber": "625", "addr:postcode": "79101", "addr:state": "TX", "addr:street": "South Polk Street", "craft": "brewery", "name": "Six Car Brewery", "opening_hours": "Su 10:30-14:00; We-Fr 11:00-14:00,17:00-22:00; Sa 10:30-14:00,17:00-22:00", "operator": "Six Car Pub & Brewery", "phone": "+1-806-576-3396", "product": "beer", "website": "https://www.sixcarpub.com/"}}, "geometry": {"type": "Point", "coordinates": [-101.8368463, 35.2068413]}}, {"type": "Feature", "properties": {"osm_type": "node", "osm_id": 13684057096, "tags": {"access": "private", "addr:housenumber": "2821", "addr:street": "Saint Louis Street", "craft": "brewery", "name": "Deep Ellum Brewing Company", "product": "beer", "website": "https://deepellumbrewing.com/"}}, "geometry": {"type": "Point", "coordinates": [-96.781634, 32.7807222]}}, {"type": "Feature", "properties": {"osm_type": "node", "osm_id": 1127445773, "tags": {"addr:city": "Rogers", "addr:country": "US", "addr:full": "117 West Walnut Street", "addr:housenumber": "117", "addr:postcode": "72756", "addr:state": "AR", "addr:street": "West Walnut Street", "craft": "brewery", "level": "2", "name": "Moonbroch Brewing Company"}}, "geometry": {"type": "Point", "coordinates": [-94.117004, 36.3332622]}}, {"type": "Feature", "properties": {"osm_type": "node", "osm_id": 4680895710, "tags": {"addr:city": "Nashville", "addr:housenumber": "928", "addr:postcode": "37203", "addr:state": "TN", "addr:street": "Fifth Avenue South", "craft": "brewery", "name": "New Heights Brewery", "website": "https://www.newheightsbrewing.com/"}}, "geometry": {"type": "Point", "coordinates": [-86.7706476, 36.1491212]}}, {"type": "Feature", "properties": {"osm_type": "node", "osm_id": 4680898510, "tags": {"addr:city": "Nashville", "addr:housenumber": "809", "addr:postcode": "37203", "addr:state": "TN", "addr:street": "Ewing Avenue", "craft": "brewery", "name": "Tennessee Brew Works", "website": "https://www.tnbrew.com/"}}, "geometry": {"type": "Point", "coordinates": [-86.7762132, 36.1503752]}}, {"type": "Feature", "properties": {"osm_type": "node", "osm_id": 4680900970, "tags": {"addr:city": "Nashville", "addr:housenumber": "701", "addr:postcode": "37203", "addr:state": "TN", "addr:street": "8th Avenue South", "craft": "brewery", "name": "Jackalope Brewing Company", "website": "https://jackalopebrew.com/"}}, "geometry": {"type": "Point", "coordinates": [-86.7794989, 36.1503817]}}, {"type": "Feature", "properties": {"osm_type": "node", "osm_id": 5264825681, "tags": {"addr:city": "Nashville", "addr:housenumber": "628", "addr:postcode": "37203", "addr:state": "TN", "addr:street": "Ewing Avenue", "craft": "brewery", "name": "Proper Sake Co.", "opening_hours": "Fr 04:00-21:00, Sa 12:00-21:00", "product": "sake"}}, "geometry": {"type": "Point", "coordinates": [-86.7754881, 36.1519184]}}, {"type": "Feature", "properties": {"osm_type": "node", "osm_id": 5264850247, "tags": {"addr:city": "Pittsburg", "addr:housenumber": "115", "addr:postcode": "75686", "addr:street": "Compress Street", "craft": "brewery", "name": "Anvil Brewing", "website": "https://www.anvilbrewingtx.com/"}}, "geometry": {"type": "Point", "coordinates": [-94.9673297, 32.9964505]}}, {"type": "Feature", "properties": {"osm_type": "node", "osm_id": 5464823788, "tags": {"amenity": "restaurant", "craft": "brewery", "name": "Bosco's"}}, "geometry": {"type": "Point", "coordinates": [-89.9906063, 35.1368043]}}, {"type": "Feature", "properties": {"osm_type": "node", "osm_id": 5489839468, "tags": {"amenity": "bar", "craft": "brewery", "name": "High Cotton Brewing Co"}}, "geometry": {"type": "Point", "coordinates": [-90.0409834, 35.1410573]}}, {"type": "Feature", "properties": {"osm_type": "node", "osm_id": 5495273998, "tags": {"amenity": "bar", "craft": "brewery", "name": "Memphis Made Brewing Co."}}, "geometry": {"type": "Point", "coordinates": [-89.9904783, 35.1250334]}}, {"type": "Feature", "properties": {"osm_type": "node", "osm_id": 5788618516, "tags": {"addr:city": "Crestview", "addr:housenumber": "382", "addr:state": "FL", "addr:street": "Main Street", "craft": "brewery", "name": "Peaden Brothers Distillery", "product": "beer"}}, "geometry": {"type": "Point", "coordinates": [-86.5712767, 30.7597477]}}, {"type": "Feature", "properties": {"osm_type": "node", "osm_id": 6281926367, "tags": {"addr:city": "Montgomery", "addr:province": "Alabama", "addr:street": "West Jefferson Street", "craft": "brewery", "name": "Railyard Brewing Co"}}, "geometry": {"type": "Point", "coordinates": [-86.3094725, 32.3811413]}}, {"type": "Feature", "properties": {"osm_type": "node", "osm_id": 6281926368, "tags": {"addr:city": "Montgomery", "addr:province": "Alabama", "addr:street": "Bibb Street", "craft": "brewery", "name": "Common Bond Brewers"}}, "geometry": {"type": "Point", "coordinates": [-86.3136706, 32.3774093]}}, {"type": "Feature", "properties": {"osm_type": "node", "osm_id": 6359533193, "tags": {"addr:city": "Shreveport", "addr:housenumber": "1200", "addr:postcode": "71101", "addr:state": "LA", "addr:street": "Marshall Street", "craft": "brewery", "name": "Red River Brewing Company", "product": "beer;meat"}}, "geometry": {"type": "Point", "coordinates": [-93.7443964, 32.5067317]}}, {"type": "Feature", "properties": {"osm_type": "node", "osm_id": 6974619039, "tags": {"addr:city": "Taylor", "addr:housenumber": "618", "addr:postcode": "38673", "addr:state": "MS", "addr:street": "County Road 303", "craft": "distillery", "name": "Wonderbird Spirits", "opening_hours": "We-Sa 13:00-18:00", "website": "https://www.wonderbirdspirits.com/"}}, "geometry": {"type": "Point", "coordinates": [-89.5906455, 34.2888387]}}, {"type": "Feature", "properties": {"osm_type": "node", "osm_id": 7115482215, "tags": {"craft": "brewery", "name": "Natural State Beer Company", "website": "https://naturalstatebeercompany.com/"}}, "geometry": {"type": "Point", "coordinates": [-94.1903978, 36.3163287]}}, {"type": "Feature", "properties": {"osm_type": "node", "osm_id": 8339486332, "tags": {"addr:city": "Columbia", "addr:housenumber": "307", "addr:postcode": "38401", "addr:state": "TN", "addr:street": "West 11th Street", "addr:unit": "6", "craft": "brewery", "name": "Bad Idea Brewing Co.", "website": "https://www.badideabrewing.com/"}}, "geometry": {"type": "Point", "coordinates": [-87.03875, 35.609238]}}, {"type": "Feature", "properties": {"osm_type": "node", "osm_id": 8385833217, "tags": {"addr:housenumber": "1414", "addr:postcode": "37203", "addr:street": "Clinton Street", "craft": "distillery", "name": "Nelson's Green Brier Distillery", "opening_hours": "Su-Th 11:00-17:00; Fr-Sa 11:00-18:00", "phone": "+1-615-913-8800"}}, "geometry": {"type": "Point", "coordinates": [-86.7985097, 36.1635935]}}, {"type": "Feature", "properties": {"osm_type": "node", "osm_id": 8642043150, "tags": {"craft": "brewery", "name": "Hop Springs Beer Park"}}, "geometry": {"type": "Point", "coordinates": [-86.2666764, 35.8206924]}}, {"type": "Feature", "properties": {"osm_type": "node", "osm_id": 8934441499, "tags": {"craft": "brewery", "food": "sandwiches", "name": "Mountain Fork Brewery"}}, "geometry": {"type": "Point", "coordinates": [-94.7773603, 34.182966]}}, {"type": "Feature", "properties": {"osm_type": "node", "osm_id": 8964114418, "tags": {"addr:city": "Nolensville", "addr:housenumber": "2008", "addr:postcode": "37135", "addr:state": "TN", "addr:street": "Johnson Industrial Boulevard", "addr:unit": "B", "air_conditioning": "yes", "brewery": "yes;various", "craft": "brewery", "min_age": "None", "name": "Mill Creek Brewery"}}, "geometry": {"type": "Point", "coordinates": [-86.6665894, 35.9556152]}}, {"type": "Feature", "properties": {"osm_type": "node", "osm_id": 9861408645, "tags": {"craft": "distillery", "name": "Gutter Bound Distillery"}}, "geometry": {"type": "Point", "coordinates": [-87.796677, 35.8845368]}}, {"type": "Feature", "properties": {"osm_type": "node", "osm_id": 9862515113, "tags": {"craft": "brewery", "name": "West Mountain Brewing Co"}}, "geometry": {"type": "Point", "coordinates": [-94.1604441, 36.061743]}}, {"type": "Feature", "properties": {"osm_type": "node", "osm_id": 10055197297, "tags": {"addr:city": "Birmingham", "addr:housenumber": "4500", "addr:postcode": "35233", "addr:state": "AL", "addr:street": "5th Avenue South", "addr:unit": "Building C", "craft": "brewery", "name": "Cahaba Brewing Company", "opening_hours": "Su 12:00-20:00; Mo-We 15:00-21:00; Th 15:00-22:00; Fr-Sa 12:00-00:00", "phone": "+1 205-578-2616", "product": "beer", "website": "https://cahababrewing.com/"}}, "geometry": {"type": "Point", "coordinates": [-86.7654249, 33.5275586]}}, {"type": "Feature", "properties": {"osm_type": "node", "osm_id": 10295003400, "tags": {"addr:city": "Nashville", "addr:housenumber": "1308", "addr:postcode": "37208", "addr:state": "TN", "addr:street": "Adams St", "craft": "brewery", "name": "Monday Night Preservation Co.", "operator": "Monday Night Brewing", "website": "https://mondaynightbrewing.com/visit/preservation-co/"}}, "geometry": {"type": "Point", "coordinates": [-86.7829616, 36.1796341]}}, {"type": "Feature", "properties": {"osm_type": "node", "osm_id": 10702540037, "tags": {"addr:city": "Oxford", "addr:housenumber": "100", "addr:postcode": "38655", "addr:state": "MS", "addr:street": "Depot Street", "air_conditioning": "yes", "contact:facebook": "https://www.facebook.com/CircleAndSquare/", "craft": "brewery", "description": "Craft beer, Mississippi roasted coffee, and food (sandwiches, salads, appetizers)", "email": "stationmaster@circleandsquare.beer", "internet_access": "wlan", "name": "Circle and Square", "opening_hours": "Mo-We 07:00-21:00; Th-Sa 07:00-22:00; Su 11:00-19:00", "payment:apple_pay": "yes", "payment:contactless": "yes", "payment:credit_cards": "yes", "phone": "+1-662-205-0128", "product": "food;beer", "website": "https://circleandsquare.beer/", "wheelchair": "yes"}}, "geometry": {"type": "Point", "coordinates": [-89.5277942, 34.3680203]}}, {"type": "Feature", "properties": {"osm_type": "node", "osm_id": 10728388576, "tags": {"check_date": "2023-03-11", "craft": "brewery", "name": "Crazy Gnome Brewery"}}, "geometry": {"type": "Point", "coordinates": [-86.7535235, 36.1768788]}}, {"type": "Feature", "properties": {"osm_type": "node", "osm_id": 11040085963, "tags": {"craft": "brewery", "name": "Good People Brewing"}}, "geometry": {"type": "Point", "coordinates": [-86.8121686, 33.5069535]}}, {"type": "Feature", "properties": {"osm_type": "node", "osm_id": 11092025124, "tags": {"addr:housenumber": "6808", "addr:street": "South Memorial Drive East", "craft": "brewery", "name": "High Gravity"}}, "geometry": {"type": "Point", "coordinates": [-95.8891822, 36.0661663]}}, {"type": "Feature", "properties": {"osm_type": "node", "osm_id": 11593095863, "tags": {"craft": "brewery", "name": "Autauga Creek Craft House"}}, "geometry": {"type": "Point", "coordinates": [-86.4742464, 32.4599564]}}, {"type": "Feature", "properties": {"osm_type": "node", "osm_id": 11819507603, "tags": {"craft": "brewery", "name": "Old Black Bear Brewing Athens", "phone": "+1-256-472-2010", "website": "https://oldblackbear.com/"}}, "geometry": {"type": "Point", "coordinates": [-86.9707883, 34.8003535]}}, {"type": "Feature", "properties": {"osm_type": "node", "osm_id": 12160348146, "tags": {"addr:city": "Nashville", "addr:housenumber": "4101", "addr:postcode": "37209", "addr:state": "TN", "addr:street": "Charlotte Avenue", "addr:unit": "40", "craft": "brewery", "name": "Bearded Iris - Sylvan Supply", "opening_hours": "Mo-Th 12:00-22:00; Fr 12:00-23:00; Sa 11:00-23:00; Su 11:00-22:00", "phone": "+1-615-681-5598", "website": "https://beardedirisbrewing.com/"}}, "geometry": {"type": "Point", "coordinates": [-86.83601, 36.1518318]}}, {"type": "Feature", "properties": {"osm_type": "node", "osm_id": 12298165553, "tags": {"addr:city": "Clarksville", "addr:housenumber": "103", "addr:postcode": "37040", "addr:state": "TN", "addr:street": "Strawberry Alley;Legion Street", "craft": "brewery", "name": "Strawberry Alley Ale Works", "phone": "+1 931-896-2170", "source": "esri/USA_NAD_Addresses", "website": "https://www.saaleworks.com/"}}, "geometry": {"type": "Point", "coordinates": [-87.3602702, 36.5280349]}}, {"type": "Feature", "properties": {"osm_type": "node", "osm_id": 12552067101, "tags": {"addr:housenumber": "800", "addr:postcode": "39202", "addr:street": "Manship Street", "addr:unit": "101", "contact:facebook": "fertilegroundbeer", "contact:instagram": "fertilegroundbeer", "contact:twitter": "FertileGroundMS", "craft": "brewery", "email": "info@fertilegroundbeer.com", "internet_access": "wlan", "name": "Fertile Ground Beer Co.", "opening_hours": "Mo-Th 15:00-21:00; Fr 13:00-22:00; Sa 11:00-22:00", "website": "https://www.fertilegroundbeer.com/"}}, "geometry": {"type": "Point", "coordinates": [-90.1757456, 32.314168]}}, {"type": "Feature", "properties": {"osm_type": "node", "osm_id": 13433075072, "tags": {"addr:city": "Birmingham", "addr:housenumber": "3501", "addr:postcode": "35222", "addr:state": "AL", "addr:street": "1st Avenue South", "addr:unit": "101c", "craft": "brewery", "name": "All Good Beverage Co.", "operator": "All Good Beverage Co.", "phone": "+1-205-201-1695", "website": "https://www.allgoodbeverage.com"}}, "geometry": {"type": "Point", "coordinates": [-86.782402, 33.5213736]}}, {"type": "Feature", "properties": {"osm_type": "node", "osm_id": 13615642482, "tags": {"addr:city": "Shelbyville", "addr:housenumber": "3125", "addr:postcode": "37160", "addr:state": "TN", "addr:street": "US-231 N", "craft": "distillery", "email": "info@nearestgreendistillery.com", "name": "Nearest Green Distillery", "phone": "+1-931-773-3070", "website": "https://unclenearest.com/distillery/"}}, "geometry": {"type": "Point", "coordinates": [-86.4453701, 35.5767285]}}, {"type": "Feature", "properties": {"osm_type": "node", "osm_id": 13807262572, "tags": {"addr:city": "Columbia", "addr:housenumber": "105", "addr:postcode": "38401", "addr:state": "TN", "addr:street": "East 5th Street", "craft": "brewery", "source": "esri_USDOT_Tennessee"}}, "geometry": {"type": "Point", "coordinates": [-87.0331515, 35.617949]}}, {"type": "Feature", "properties": {"osm_type": "node", "osm_id": 2929624474, "tags": {"addr:city": "Virginia Beach", "addr:housenumber": "1505", "addr:postcode": "23453", "addr:street": "Taylor Farm Rd", "check_date:currency:XBT": "2014-06-23", "craft": "brewery", "name": "Reaver Beach Brewing Co.", "phone": "+1-757-563-2337", "product": "beer", "website": "https://www.reaverbeach.com/taproom"}}, "geometry": {"type": "Point", "coordinates": [-76.0604303, 36.7881011]}}, {"type": "Feature", "properties": {"osm_type": "node", "osm_id": 3750315305, "tags": {"addr:city": "Virginia Beach", "addr:country": "US", "addr:housenumber": "4561", "addr:postcode": "23462", "addr:state": "VA", "addr:street": "Virginia Beach Boulevard", "craft": "brewery", "name": "Three Notch'd Brewing Co", "opening_hours": "Mo-Th 11:00-22:00; Fr-Sa 11:00-23:00; Su 11:00-21:00", "phone": "+1-757-916-8080", "website": "https://threenotchdbrewing.com/pages/vb"}}, "geometry": {"type": "Point", "coordinates": [-76.1345641, 36.8432205]}}, {"type": "Feature", "properties": {"osm_type": "node", "osm_id": 4516200479, "tags": {"craft": "brewery", "name": "Coelacanth Brewing"}}, "geometry": {"type": "Point", "coordinates": [-76.2954844, 36.8717441]}}, {"type": "Feature", "properties": {"osm_type": "node", "osm_id": 10762156286, "tags": {"addr:city": "Norfolk", "addr:housenumber": "9529", "addr:postcode": "23518", "addr:state": "VA", "addr:street": "Shore Drive", "craft": "brewery", "name": "COVA Brewing Company", "phone": "+1-757-917-5499", "product": "beer;coffee;wine;tea", "website": "https://www.covabrewco.com/"}}, "geometry": {"type": "Point", "coordinates": [-76.1915088, 36.9269182]}}, {"type": "Feature", "properties": {"osm_type": "node", "osm_id": 10762160200, "tags": {"addr:city": "Virginia Beach", "addr:housenumber": "614", "addr:postcode": "23451", "addr:state": "VA", "addr:street": "Norfolk Avenue", "craft": "brewery", "name": "Back Bay Beach House", "operator": "Back Bay Brew House", "phone": "+1-757-531-7750", "product": "beer", "website": "https://backbaybeachhouse.com/"}}, "geometry": {"type": "Point", "coordinates": [-75.9810375, 36.8376]}}, {"type": "Feature", "properties": {"osm_type": "node", "osm_id": 10762181707, "tags": {"addr:city": "Virginia Beach", "addr:housenumber": "313", "addr:postcode": "23451", "addr:state": "VA", "addr:street": "32nd Street", "craft": "brewery", "name": "Smartmouth Brewing Pilot House", "operator": "Smartmouth Brewing Company", "phone": "+1-757-624-3939", "product": "beer;pizza", "website": "https://smartmouthbrewing.com/vb/"}}, "geometry": {"type": "Point", "coordinates": [-75.9808309, 36.8603772]}}, {"type": "Feature", "properties": {"osm_type": "node", "osm_id": 10763790410, "tags": {"addr:city": "Virginia Beach", "addr:housenumber": "1209", "addr:postcode": "23454", "addr:state": "VA", "addr:street": "Craft Lane", "craft": "brewery", "name": "New Realm Brewing Co.", "phone": "+1-757-302-8550", "product": "beer", "website": "https://newrealmbrewing.com/virginia-beach/"}}, "geometry": {"type": "Point", "coordinates": [-76.006241, 36.7765518]}}, {"type": "Feature", "properties": {"osm_type": "node", "osm_id": 11773921342, "tags": {"amenity": "bar", "microbrewery": "yes", "name": "Hertford Bay Taphouse"}}, "geometry": {"type": "Point", "coordinates": [-76.4660892, 36.1898906]}}, {"type": "Feature", "properties": {"osm_type": "node", "osm_id": 12588854402, "tags": {"addr:city": "Virginia Beach", "addr:housenumber": "330", "addr:postcode": "23462", "addr:state": "VA", "addr:street": "Constitution Drive", "addr:unit": "109", "craft": "brewery", "internet_access": "wlan", "name": "Voodoo Brewing Co.", "opening_hours": "Mo-Th 11:30-22:00; Fr-Sa 11:30-23:00; Su 12:00-20:00", "phone": "+1-757-904-3901", "website": "https://virginiabeach.voodoobrewery.com/"}}, "geometry": {"type": "Point", "coordinates": [-76.1293935, 36.8444718]}}, {"type": "Feature", "properties": {"osm_type": "node", "osm_id": 2510102511, "tags": {"addr:city": "Aspen", "addr:housenumber": "304", "addr:state": "CO", "addr:street": "East Hopkins Avenue", "craft": "brewery", "name": "Aspen Brewing Company", "phone": "+1-970-920-2739"}}, "geometry": {"type": "Point", "coordinates": [-106.820341, 39.1902646]}}, {"type": "Feature", "properties": {"osm_type": "node", "osm_id": 3455791475, "tags": {"addr:city": "Mancos", "addr:housenumber": "550", "addr:postcode": "81328", "addr:state": "CO", "addr:street": "West Railroad Avenue", "craft": "brewery", "name": "Mancos Brewing Company", "note": "A \"nano\" brewery, crafting beers in 15-gallon batches. Offers a broad range of beer styles by the glass and in bottles, including blonde, porter and ales.", "opening_hours": "We-Su 04:00-21:00", "operator": "Mancos Brewing Company", "phone": "+1-970-533-9761", "website": "https://mancosbrewingcompany.com/"}}, "geometry": {"type": "Point", "coordinates": [-108.295525, 37.3470204]}}, {"type": "Feature", "properties": {"osm_type": "node", "osm_id": 3998056222, "tags": {"addr:city": "Salt Lake City", "addr:country": "US", "addr:housenumber": "158", "addr:postcode": "84101", "addr:state": "UT", "addr:street": "South Rio Grande Street", "addr:unit": "A", "craft": "brewery", "email": "mike@sixsailorcider.com", "name": "Six Sailor Cider", "opening_hours": "Mo-Sa 19:00-21:00", "website": "https://www.sixsailorcider.com/"}}, "geometry": {"type": "Point", "coordinates": [-111.90425, 40.7658347]}}, {"type": "Feature", "properties": {"osm_type": "node", "osm_id": 4325515656, "tags": {"amenity": "pub", "brewery": "yes", "craft": "brewery", "name": "Boathouse Distilley"}}, "geometry": {"type": "Point", "coordinates": [-106.020612, 38.5489613]}}, {"type": "Feature", "properties": {"osm_type": "node", "osm_id": 4325521445, "tags": {"amenity": "pub", "brewery": "yes", "craft": "brewery", "name": "Vino Salida Wine Cellars and Meadery"}}, "geometry": {"type": "Point", "coordinates": [-106.029179, 38.5220246]}}, {"type": "Feature", "properties": {"osm_type": "node", "osm_id": 4325537359, "tags": {"amenity": "pub", "brewery": "yes", "craft": "brewery", "name": "Mountain Spirit Winery Ltd."}}, "geometry": {"type": "Point", "coordinates": [-106.1691274, 38.5349652]}}, {"type": "Feature", "properties": {"osm_type": "node", "osm_id": 4325552674, "tags": {"amenity": "pub", "brewery": "yes", "craft": "brewery", "name": "Deerhammer Distilling Co"}}, "geometry": {"type": "Point", "coordinates": [-106.1296061, 38.842487]}}, {"type": "Feature", "properties": {"osm_type": "node", "osm_id": 4325575285, "tags": {"amenity": "pub", "brewery": "yes", "craft": "brewery", "name": "High Alpine Brewing Co"}}, "geometry": {"type": "Point", "coordinates": [-106.927126, 38.5448147]}}, {"type": "Feature", "properties": {"osm_type": "node", "osm_id": 4325594243, "tags": {"addr:street": "Elk Avenue", "amenity": "pub", "brewery": "yes", "craft": "brewery", "name": "Eldo Brewery and Taproom", "source": "Terra2018"}}, "geometry": {"type": "Point", "coordinates": [-106.9868071, 38.8698884]}}, {"type": "Feature", "properties": {"osm_type": "node", "osm_id": 4325599312, "tags": {"addr:street": "Elk Avenue", "amenity": "pub", "brewery": "yes", "craft": "brewery", "name": "Montanya Distillers", "source": "Terra2018"}}, "geometry": {"type": "Point", "coordinates": [-106.9868893, 38.8696011]}}, {"type": "Feature", "properties": {"osm_type": "node", "osm_id": 4325608028, "tags": {"addr:city": "Montrose", "addr:housenumber": "320", "addr:postcode": "81401", "addr:state": "CO", "addr:street": "East Main Street", "air_conditioning": "yes", "amenity": "restaurant", "bar": "yes", "brewery": "yes", "check_date": "2025-06-20", "craft": "brewery", "cuisine": "pizza", "microbrewery": "yes", "name": "Colorado Boy Pizzeria & Brewery", "name:ja": "\u30b3\u30ed\u30e9\u30c9\u5c11\u5e74\u30d4\u30c3\u30c4\u30a7\u30ea\u30a2\u30fb\u91b8\u9020\u6240", "opening_hours": "Su-Th 16:00-21:00; Fr,Sa 11:30-21:00", "outdoor_seating": "no", "payment:credit_cards": "yes", "payment:debit_cards": "yes", "smoking": "no", "toilets": "yes"}}, "geometry": {"type": "Point", "coordinates": [-107.8770707, 38.4789131]}}, {"type": "Feature", "properties": {"osm_type": "node", "osm_id": 4325619926, "tags": {"amenity": "pub", "brewery": "yes", "craft": "brewery", "name": "Mountain View Winery"}}, "geometry": {"type": "Point", "coordinates": [-107.9975176, 38.6060757]}}, {"type": "Feature", "properties": {"osm_type": "node", "osm_id": 4325620238, "tags": {"amenity": "pub", "brewery": "yes", "craft": "brewery", "name": "Cottonwood Cellars - The Olathe Winery"}}, "geometry": {"type": "Point", "coordinates": [-108.0362526, 38.6065652]}}, {"type": "Feature", "properties": {"osm_type": "node", "osm_id": 4325629072, "tags": {"amenity": "pub", "brewery": "yes", "craft": "brewery", "name": "Jack Rabbit Hill"}}, "geometry": {"type": "Point", "coordinates": [-107.8691892, 38.8428656]}}, {"type": "Feature", "properties": {"osm_type": "node", "osm_id": 4325635807, "tags": {"amenity": "pub", "brewery": "yes", "craft": "brewery", "name": "Peak Spirits LLC"}}, "geometry": {"type": "Point", "coordinates": [-107.8528867, 38.8410449]}}, {"type": "Feature", "properties": {"osm_type": "node", "osm_id": 4325640394, "tags": {"amenity": "pub", "brewery": "yes", "craft": "brewery", "name": "Leroux Creek Vineyards"}}, "geometry": {"type": "Point", "coordinates": [-107.7801793, 38.8370674]}}, {"type": "Feature", "properties": {"osm_type": "node", "osm_id": 4325671589, "tags": {"amenity": "pub", "brewery": "yes", "craft": "brewery", "name": "Colorado Gold Distillery"}}, "geometry": {"type": "Point", "coordinates": [-107.9304736, 38.8876479]}}, {"type": "Feature", "properties": {"osm_type": "node", "osm_id": 4325681149, "tags": {"amenity": "pub", "brewery": "yes", "craft": "brewery", "name": "Stoney Mesa Winery"}}, "geometry": {"type": "Point", "coordinates": [-107.9495811, 38.8894206]}}, {"type": "Feature", "properties": {"osm_type": "node", "osm_id": 4332559348, "tags": {"amenity": "pub", "brewery": "yes", "craft": "brewery", "name": "Williams Cellars/Snow Capped Cider"}}, "geometry": {"type": "Point", "coordinates": [-107.9249413, 38.8985261]}}, {"type": "Feature", "properties": {"osm_type": "node", "osm_id": 4332564736, "tags": {"amenity": "pub", "brewery": "yes", "craft": "brewery", "name": "4B's Brewery"}}, "geometry": {"type": "Point", "coordinates": [-107.9260038, 38.900582]}}, {"type": "Feature", "properties": {"osm_type": "node", "osm_id": 4332566296, "tags": {"amenity": "pub", "brewery": "yes", "craft": "brewery", "name": "Woody Creek Cellars"}}, "geometry": {"type": "Point", "coordinates": [-107.928791, 38.9000553]}}, {"type": "Feature", "properties": {"osm_type": "node", "osm_id": 4332568027, "tags": {"amenity": "pub", "brewery": "yes", "craft": "brewery", "name": "Blossomwood Orchards"}}, "geometry": {"type": "Point", "coordinates": [-107.9151253, 38.9132392]}}, {"type": "Feature", "properties": {"osm_type": "node", "osm_id": 4332570151, "tags": {"amenity": "pub", "brewery": "yes", "craft": "brewery", "name": "Crag Crest Cellars"}}, "geometry": {"type": "Point", "coordinates": [-107.9022997, 38.9304869]}}, {"type": "Feature", "properties": {"osm_type": "node", "osm_id": 4332571600, "tags": {"amenity": "pub", "brewery": "yes", "craft": "brewery", "name": "Reeder Mesa Vineyards"}}, "geometry": {"type": "Point", "coordinates": [-108.3267985, 38.965309]}}, {"type": "Feature", "properties": {"osm_type": "node", "osm_id": 4332576984, "tags": {"amenity": "pub", "brewery": "yes", "craft": "brewery", "name": "Whitewater Hill Vineyards"}}, "geometry": {"type": "Point", "coordinates": [-108.4585454, 39.0371868]}}, {"type": "Feature", "properties": {"osm_type": "node", "osm_id": 4332586385, "tags": {"amenity": "pub", "brewery": "yes", "craft": "brewery", "name": "Ptarmigan Vineyards"}}, "geometry": {"type": "Point", "coordinates": [-108.4737931, 39.0363582]}}, {"type": "Feature", "properties": {"osm_type": "node", "osm_id": 4332593462, "tags": {"amenity": "pub", "brewery": "yes", "craft": "brewery", "name": "Ram's Point Winery"}}, "geometry": {"type": "Point", "coordinates": [-108.4654141, 39.0409763]}}, {"type": "Feature", "properties": {"osm_type": "node", "osm_id": 4332632671, "tags": {"amenity": "pub", "brewery": "yes", "craft": "brewery", "name": "Summit Cellars"}}, "geometry": {"type": "Point", "coordinates": [-108.3881681, 39.0919712]}}, {"type": "Feature", "properties": {"osm_type": "node", "osm_id": 4332635767, "tags": {"amenity": "pub", "brewery": "yes", "craft": "brewery", "name": "Maison la Belle Vie Winery"}}, "geometry": {"type": "Point", "coordinates": [-108.3900636, 39.1039696]}}, {"type": "Feature", "properties": {"osm_type": "node", "osm_id": 4332636346, "tags": {"amenity": "pub", "brewery": "yes", "craft": "brewery", "name": "Red Fox Cellars"}}, "geometry": {"type": "Point", "coordinates": [-108.3847522, 39.1046437]}}, {"type": "Feature", "properties": {"osm_type": "node", "osm_id": 4332646249, "tags": {"amenity": "pub", "brewery": "yes", "craft": "brewery", "name": "Garfield Estates Vineyard and Winery"}}, "geometry": {"type": "Point", "coordinates": [-108.3901426, 39.1078307]}}, {"type": "Feature", "properties": {"osm_type": "node", "osm_id": 4332656247, "tags": {"amenity": "pub", "brewery": "yes", "craft": "brewery", "name": "Plum Creek Winery"}}, "geometry": {"type": "Point", "coordinates": [-108.3654217, 39.1067275]}}, {"type": "Feature", "properties": {"osm_type": "node", "osm_id": 4332669301, "tags": {"amenity": "pub", "brewery": "yes", "craft": "brewery", "name": "Talon winery"}}, "geometry": {"type": "Point", "coordinates": [-108.3606434, 39.1144492]}}, {"type": "Feature", "properties": {"osm_type": "node", "osm_id": 4332671918, "tags": {"craft": "brewery", "name": "St. Kathryn Cellars and Winery"}}, "geometry": {"type": "Point", "coordinates": [-108.3603867, 39.115399]}}, {"type": "Feature", "properties": {"osm_type": "node", "osm_id": 4332676163, "tags": {"amenity": "pub", "brewery": "yes", "craft": "brewery", "name": "Wine Country Inn - Vineyard"}}, "geometry": {"type": "Point", "coordinates": [-108.3644937, 39.1176357]}}, {"type": "Feature", "properties": {"osm_type": "node", "osm_id": 4332680070, "tags": {"amenity": "pub", "brewery": "yes", "craft": "brewery", "name": "Graystone Winery"}}, "geometry": {"type": "Point", "coordinates": [-108.4310239, 39.0912097]}}, {"type": "Feature", "properties": {"osm_type": "node", "osm_id": 4335679531, "tags": {"addr:city": "Glenwood Springs", "addr:state": "CO", "amenity": "pub", "bar": "yes", "brewery": "yes", "craft": "brewery", "indoor_seating": "yes", "name": "Glenwood Canyon Brewpub", "opening_hours": "11:00-22:00", "outdoor_seating": "yes", "payment:credit_cards": "yes", "payment:debit_cards": "yes", "smoking": "no", "wheelchair": "yes"}}, "geometry": {"type": "Point", "coordinates": [-107.3230483, 39.5476001]}}, {"type": "Feature", "properties": {"osm_type": "node", "osm_id": 4335680966, "tags": {"amenity": "pub", "brewery": "yes", "craft": "brewery", "name": "Casey Brewing and Blending"}}, "geometry": {"type": "Point", "coordinates": [-107.3197849, 39.5157861]}}, {"type": "Feature", "properties": {"osm_type": "node", "osm_id": 4335689215, "tags": {"amenity": "pub", "brewery": "yes", "craft": "brewery", "name": "Roaring Fork Beer Co"}}, "geometry": {"type": "Point", "coordinates": [-107.2237482, 39.4108408]}}, {"type": "Feature", "properties": {"osm_type": "node", "osm_id": 4335690779, "tags": {"amenity": "pub", "brewery": "yes", "craft": "brewery", "name": "Carbondale Beer Works"}}, "geometry": {"type": "Point", "coordinates": [-107.2131058, 39.4006747]}}, {"type": "Feature", "properties": {"osm_type": "node", "osm_id": 4335693456, "tags": {"amenity": "pub", "brewery": "yes", "craft": "brewery", "name": "Marble Distilling Co and The Distillery Inn"}}, "geometry": {"type": "Point", "coordinates": [-107.208011, 39.4003291]}}, {"type": "Feature", "properties": {"osm_type": "node", "osm_id": 4335706360, "tags": {"amenity": "pub", "brewery": "yes", "craft": "brewery", "name": "Aspen Brewing Co"}}, "geometry": {"type": "Point", "coordinates": [-106.8201926, 39.1902812]}}, {"type": "Feature", "properties": {"osm_type": "node", "osm_id": 4335707392, "tags": {"amenity": "pub", "brewery": "yes", "craft": "brewery", "name": "Periodic Brewing"}}, "geometry": {"type": "Point", "coordinates": [-106.2913051, 39.2493]}}, {"type": "Feature", "properties": {"osm_type": "node", "osm_id": 4335710929, "tags": {"addr:city": "Gypsum", "addr:housenumber": "4600", "addr:postcode": "81637", "addr:state": "CO", "addr:street": "Highway 6", "amenity": "pub", "brewery": "stoneyard_vodka", "craft": "brewery", "name": "Stoneyard Distillery", "opening_hours": "Call for hours 970-456-1805"}}, "geometry": {"type": "Point", "coordinates": [-107.0388301, 39.6452407]}}, {"type": "Feature", "properties": {"osm_type": "node", "osm_id": 4335711988, "tags": {"amenity": "pub", "brewery": "yes", "craft": "brewery", "name": "808 Distillery"}}, "geometry": {"type": "Point", "coordinates": [-106.8395988, 39.6528915]}}, {"type": "Feature", "properties": {"osm_type": "node", "osm_id": 4335716648, "tags": {"amenity": "pub", "brewery": "yes", "craft": "brewery", "name": "2nd St Tavern"}}, "geometry": {"type": "Point", "coordinates": [-106.8286403, 39.6554303]}}, {"type": "Feature", "properties": {"osm_type": "node", "osm_id": 4335719472, "tags": {"amenity": "pub", "brewery": "yes", "craft": "brewery", "name": "7 Hermits Brewing Co"}}, "geometry": {"type": "Point", "coordinates": [-106.8307192, 39.6414121]}}, {"type": "Feature", "properties": {"osm_type": "node", "osm_id": 4335726127, "tags": {"amenity": "pub", "brewery": "yes", "craft": "brewery", "name": "Vines at Vail Winery"}}, "geometry": {"type": "Point", "coordinates": [-106.673707, 39.7504143]}}, {"type": "Feature", "properties": {"osm_type": "node", "osm_id": 4335729280, "tags": {"amenity": "pub", "brewery": "yes", "craft": "brewery", "name": "Crazy Mountain Brewing Co"}}, "geometry": {"type": "Point", "coordinates": [-106.5892255, 39.6485451]}}, {"type": "Feature", "properties": {"osm_type": "node", "osm_id": 4335735096, "tags": {"amenity": "pub", "brewery": "yes", "craft": "brewery", "name": "Vail Brewing Co"}}, "geometry": {"type": "Point", "coordinates": [-106.4674078, 39.6197191]}}, {"type": "Feature", "properties": {"osm_type": "node", "osm_id": 4335738555, "tags": {"amenity": "pub", "brewery": "yes", "craft": "brewery", "name": "10th Mountain Whiskey and Spirit Co"}}, "geometry": {"type": "Point", "coordinates": [-106.3778327, 39.6430009]}}, {"type": "Feature", "properties": {"osm_type": "node", "osm_id": 4335759039, "tags": {"brewery": "yes", "craft": "brewery", "name": "Dillon Dam Brewery"}}, "geometry": {"type": "Point", "coordinates": [-106.0603512, 39.6275838]}}, {"type": "Feature", "properties": {"osm_type": "node", "osm_id": 4335765665, "tags": {"amenity": "pub", "brewery": "yes", "craft": "brewery", "name": "Pug Ryan's Steakhouse and Brewery"}}, "geometry": {"type": "Point", "coordinates": [-106.0464254, 39.6280953]}}, {"type": "Feature", "properties": {"osm_type": "node", "osm_id": 4335786646, "tags": {"addr:city": "Breckenridge", "addr:housenumber": "68", "addr:postcode": "80424", "addr:state": "CO", "addr:street": "Continental Court", "addr:unit": "B12", "amenity": "pub", "brewery": "yes", "craft": "brewery", "name": "Broken Compass Brewing", "opening_hours": "Su-Sa 11:00-22:00", "phone": "+1-970-368-2772", "website": "http://www.brokencompassbrewing.com/"}}, "geometry": {"type": "Point", "coordinates": [-106.0534005, 39.5147889]}}, {"type": "Feature", "properties": {"osm_type": "node", "osm_id": 4335792209, "tags": {"brewery": "yes", "craft": "brewery", "name": "Breckenridge Distillery"}}, "geometry": {"type": "Point", "coordinates": [-106.0522643, 39.5096547]}}, {"type": "Feature", "properties": {"osm_type": "node", "osm_id": 4335793276, "tags": {"amenity": "pub", "brewery": "yes", "craft": "brewery", "name": "Breckenridge Distillery Downtown Tasting Room"}}, "geometry": {"type": "Point", "coordinates": [-106.0465089, 39.4807662]}}, {"type": "Feature", "properties": {"osm_type": "node", "osm_id": 5996650900, "tags": {"addr:street": "Belleview Avenue", "craft": "brewery", "name": "Irwin Brewery", "source": "Terra2018"}}, "geometry": {"type": "Point", "coordinates": [-106.9845827, 38.8668335]}}, {"type": "Feature", "properties": {"osm_type": "node", "osm_id": 6143396954, "tags": {"addr:housenumber": "608", "addr:street": "West 700 South", "addr:street:prefix": "West", "craft": "brewery", "food": "yes", "name": "Kiitos Brewing", "opening_hours": "Mo-Th 11:00-22:00; Fr-Sa 11:00-24:00; Su 11:00-20:00", "phone": "+1 801 215 9165", "product": "beer", "website": "https://kiitosbrewing.com/brewery/"}}, "geometry": {"type": "Point", "coordinates": [-111.908568, 40.7543758]}}, {"type": "Feature", "properties": {"osm_type": "node", "osm_id": 6536367559, "tags": {"addr:housenumber": "227", "addr:postcode": "81657", "addr:street": "Bridge Street", "alt_name": "Vail Tasting Room", "amenity": "bar", "craft": "distillery", "name": "10th Mountain Whiskey & Spirit Company", "opening_hours": "Su-Th 12:00-20:00;Fr-Sa 12:00-23:00", "website": "https://10thwhiskey.com"}}, "geometry": {"type": "Point", "coordinates": [-106.3736991, 39.6412998]}}, {"type": "Feature", "properties": {"osm_type": "node", "osm_id": 6540709478, "tags": {"addr:housenumber": "278", "addr:postcode": "81657", "addr:street": "Hanson Ranch Road", "amenity": "bar", "craft": "brewery", "level": "0", "name": "7 Hermits Brewing Company", "website": "https://7hermitsbrewing.com"}}, "geometry": {"type": "Point", "coordinates": [-106.373225, 39.6398795]}}, {"type": "Feature", "properties": {"osm_type": "node", "osm_id": 7165237369, "tags": {"addr:housenumber": "484", "addr:street": "East Frontage Road", "craft": "brewery", "name": "Mancos Brewing Company"}}, "geometry": {"type": "Point", "coordinates": [-108.282656, 37.3482447]}}, {"type": "Feature", "properties": {"osm_type": "node", "osm_id": 8060662046, "tags": {"craft": "distillery", "name": "Beehive Distilling (distillery)"}}, "geometry": {"type": "Point", "coordinates": [-111.8932221, 40.7221203]}}, {"type": "Feature", "properties": {"osm_type": "node", "osm_id": 8060731367, "tags": {"addr:city": "Salt Lake City", "addr:housenumber": "30", "addr:postcode": "84115", "addr:state": "UT", "addr:street": "East Kensington Avenue", "craft": "brewery", "name": "Roha Brewing Project", "opening_hours": "Mo-Tu 12:00-20:00; We-Sa 12:00-22:00; Su 12:00-18:00", "outdoor_seating": "patio", "phone": "+1 385 227 8982", "website": "https://rohabrewing.com"}}, "geometry": {"type": "Point", "coordinates": [-111.890115, 40.7365093]}}, {"type": "Feature", "properties": {"osm_type": "node", "osm_id": 8855388998, "tags": {"addr:city": "Steamboat Springs", "addr:country": "US", "addr:housenumber": "910", "addr:street": "Yampa Street", "check_date": "2025-09-19", "craft": "brewery", "email": "info@mountaintapbrewery.com", "lgbtq": "welcome", "name": "Mountain Tap Brewery", "opening_hours": "Tu-Th 15:00-21:00; Fr-Sa 12:00-21:00; Su 12:00-20:00", "phone": "+1 970-879-6646"}}, "geometry": {"type": "Point", "coordinates": [-106.8371755, 40.4865159]}}, {"type": "Feature", "properties": {"osm_type": "node", "osm_id": 8963969279, "tags": {"addr:city": "Alpine", "addr:housenumber": "624", "addr:postcode": "83128", "addr:state": "WY", "addr:street": "Palisades Reservoir County Road 101", "craft": "brewery", "name": "Melvin Brewing - Alpine Brewery", "phone": "+1-307-654-0427", "website": "https://melvinbrewing.com/"}}, "geometry": {"type": "Point", "coordinates": [-111.0385279, 43.1649738]}}, {"type": "Feature", "properties": {"osm_type": "node", "osm_id": 8997437867, "tags": {"addr:housenumber": "238", "addr:postcode": "83204", "addr:street": "South Main Street", "contact:facebook": "OffTheRailsBrewing", "contact:instagram": "offtherailsbrewery", "craft": "brewery", "email": "info@offtherailsbrewery.com", "name": "Off The Rails Brewing", "opening_hours": "Mo-Th 11:00-21:00; Fr 11:30-22:00; Sa 11:00-22:00; Su 11:00-21:00", "phone": "+1-208-904-0212", "website": "https://offtherailsbrewery.com/"}}, "geometry": {"type": "Point", "coordinates": [-112.4492297, 42.861084]}}, {"type": "Feature", "properties": {"osm_type": "node", "osm_id": 9347635018, "tags": {"addr:city": "South Salt Lake", "addr:housenumber": "2212", "addr:postcode": "84115", "addr:state": "UT", "addr:street": "South West Temple", "addr:unit": "14", "craft": "distillery", "description": "Open for bottle sales and swag only, not for tours or tastings.", "name": "Sugar House Distillery", "opening_hours": "Mo-Fr 10:00-18:00", "phone": "+1 801-726-0403", "website": "https://sugarhousedistillery.net"}}, "geometry": {"type": "Point", "coordinates": [-111.8949595, 40.7224855]}}, {"type": "Feature", "properties": {"osm_type": "node", "osm_id": 10894972788, "tags": {"craft": "distillery", "name": "Etta Place Cider", "website": "https://www.ettaplacecider.com/"}}, "geometry": {"type": "Point", "coordinates": [-111.4363087, 38.2998011]}}, {"type": "Feature", "properties": {"osm_type": "node", "osm_id": 11251921424, "tags": {"check_date": "2023-10-09", "craft": "brewery", "name": "Highside Brewing"}}, "geometry": {"type": "Point", "coordinates": [-106.04641, 39.4847764]}}, {"type": "Feature", "properties": {"osm_type": "node", "osm_id": 11462773750, "tags": {"craft": "distillery"}}, "geometry": {"type": "Point", "coordinates": [-106.8581329, 40.5107132]}}, {"type": "Feature", "properties": {"osm_type": "node", "osm_id": 11970181606, "tags": {"addr:city": "Salt Lake City", "addr:housenumber": "335", "addr:state": "UT", "addr:street": "West 1830 South", "addr:unit": "Ste. C", "craft": "distillery", "name": "Simplicity Spirits Co.", "phone": "+1-801-210-0868", "website": "https://drinksimplicity.com"}}, "geometry": {"type": "Point", "coordinates": [-111.9008689, 40.7301111]}}, {"type": "Feature", "properties": {"osm_type": "node", "osm_id": 12103291931, "tags": {"addr:housenumber": "501", "craft": "brewery", "name": "Guenella Pass Brewery"}}, "geometry": {"type": "Point", "coordinates": [-105.6973587, 39.7057839]}}, {"type": "Feature", "properties": {"osm_type": "node", "osm_id": 12433886959, "tags": {"addr:city": "Glenwood Springs", "addr:housenumber": "823", "addr:postcode": "81601", "addr:state": "CO", "addr:street": "Grand Avenue", "addr:unit": "100", "amenity": "pub", "brewery": "stoneyard_vodka", "craft": "brewery", "name": "Stoneyard Distillery"}}, "geometry": {"type": "Point", "coordinates": [-107.3250248, 39.5458286]}}, {"type": "Feature", "properties": {"osm_type": "node", "osm_id": 12552360710, "tags": {"addr:floor": "1", "addr:housenumber": "78927", "addr:street": "US 40", "check_date": "2025-01-28", "craft": "brewery", "level": "0", "name": "Hideaway Park Brewery"}}, "geometry": {"type": "Point", "coordinates": [-105.7840188, 39.9180014]}}, {"type": "Feature", "properties": {"osm_type": "node", "osm_id": 12968979809, "tags": {"craft": "brewery", "microbrewery": "yes", "name": "Tres Litros Beer Company", "website": "https://www.treslitrosbeer.co/"}}, "geometry": {"type": "Point", "coordinates": [-105.9905333, 38.535993]}}, {"type": "Feature", "properties": {"osm_type": "node", "osm_id": 12971191729, "tags": {"addr:city": "Logan", "addr:housenumber": "918", "addr:state": "UT", "addr:street": "West 700 North", "addr:unit": "Suite 110", "craft": "brewery", "name": "Hobbled Dog Cidery", "phone": "+1 801-391-2635"}}, "geometry": {"type": "Point", "coordinates": [-111.8575575, 41.7439949]}}, {"type": "Feature", "properties": {"osm_type": "node", "osm_id": 13300675834, "tags": {"addr:city": "Steamboat Springs", "addr:housenumber": "975", "addr:postcode": "80487", "addr:state": "CO", "addr:street": "Captain Jack Drive", "check_date": "2025-11-13", "craft": "distillery", "currency:XBT": "yes", "name": "Routt Distillery", "opening_hours": "Fr-Sa 13:00-18:00", "payment:lightning": "yes", "payment:lightning:operator": "square", "payment:lightning_contactless": "no", "payment:onchain": "no", "website": "https://routtdistillery.com/"}}, "geometry": {"type": "Point", "coordinates": [-106.8529813, 40.4902854]}}, {"type": "Feature", "properties": {"osm_type": "node", "osm_id": 417174371, "tags": {"addr:unit": "100", "amenity": "pub", "craft": "brewery", "microbrewery": "yes", "name": "Liquid Mechanics", "opening_hours": "Mo-Th 14:00-22:00; Fr 13:00-23:00; Sa 12:00-23:00; Su 12:00-21:00", "outdoor_seating": "yes", "website": "http://www.liquidmechanicsbrewing.com"}}, "geometry": {"type": "Point", "coordinates": [-105.1035673, 39.9997484]}}, {"type": "Feature", "properties": {"osm_type": "node", "osm_id": 535478602, "tags": {"addr:city": "Fort Collins", "addr:housenumber": "200", "addr:postcode": "80524", "addr:state": "CO", "addr:street": "Walnut Street", "addr:unit": "A", "check_date": "2024-06-14", "craft": "brewery", "name": "Locust Cider", "opening_hours": "Mo-We,Su 12:00-21:00; Th-Sa 12:00-22:00", "product": "cider"}}, "geometry": {"type": "Point", "coordinates": [-105.076427, 40.588961]}}, {"type": "Feature", "properties": {"osm_type": "node", "osm_id": 772335977, "tags": {"addr:city": "Superior", "addr:housenumber": "100", "addr:postcode": "80027", "addr:state": "CO", "addr:street": "Superior Plaza Way", "addr:unit": "102", "craft": "brewery", "disused": "yes", "name": "Bambei Brewing", "note": "vacant former Old Chicago space. Bambei planned opening Nov/Dec 2022 https://www.dailycamera.com/2022/07/13/new-brewery-opening-up-shop-in-superiors-former-old-chicago-location/\nGrand opening 2023-06-17; soft opening unknown.", "start_date": "2022-12", "website": "https://www.bambeibrewing.com/"}}, "geometry": {"type": "Point", "coordinates": [-105.16361, 39.956153]}}, {"type": "Feature", "properties": {"osm_type": "node", "osm_id": 1250119993, "tags": {"addr:city": "Fort Collins", "addr:housenumber": "255", "addr:postcode": "80524", "addr:state": "CO", "addr:street": "Linden Street", "craft": "distillery", "name": "The Reserve"}}, "geometry": {"type": "Point", "coordinates": [-105.0745554, 40.5889923]}}, {"type": "Feature", "properties": {"osm_type": "node", "osm_id": 2190626528, "tags": {"addr:city": "Denver", "addr:housenumber": "4437", "addr:postcode": "80212", "addr:state": "CO", "addr:street": "West 38th Avenue", "addr:unit": "101", "craft": "brewery", "name": "FlyteCo Brewing", "website": "http://www.flyteco.beer/"}}, "geometry": {"type": "Point", "coordinates": [-105.04489, 39.7696119]}}, {"type": "Feature", "properties": {"osm_type": "node", "osm_id": 2295159181, "tags": {"addr:unit": "B", "amenity": "pub", "craft": "brewery", "microbrewery": "yes", "name": "Gravity Brewing", "opening_hours": "Mo-Th 16:00-22:00; Fr,Sa 12:00-23:00; Su 12:00-19:00", "outdoor_seating": "yes", "phone": "+1-303-544-0746", "source": "website", "website": "https://www.thegravitybrewing.com/"}}, "geometry": {"type": "Point", "coordinates": [-105.1285355, 39.9761219]}}, {"type": "Feature", "properties": {"osm_type": "node", "osm_id": 2308944930, "tags": {"addr:city": "Denver", "addr:housenumber": "4342", "addr:postcode": "80212", "addr:state": "CO", "addr:street": "Tennyson Street", "amenity": "pub", "craft": "brewery", "name": "De Steeg Brewery"}}, "geometry": {"type": "Point", "coordinates": [-105.0438193, 39.7760619]}}, {"type": "Feature", "properties": {"osm_type": "node", "osm_id": 2377584307, "tags": {"craft": "brewery", "name": "Estes Park Brewery"}}, "geometry": {"type": "Point", "coordinates": [-105.5261317, 40.3714876]}}, {"type": "Feature", "properties": {"osm_type": "node", "osm_id": 2431430928, "tags": {"addr:city": "Longmont", "addr:housenumber": "1800", "addr:postcode": "80501", "addr:state": "CO", "addr:street": "Pike Road", "craft": "brewery", "name": "Oskar Blues Brewery", "source": "esri_USDOT_ColoradoOITGIS"}}, "geometry": {"type": "Point", "coordinates": [-105.122885, 40.139192]}}, {"type": "Feature", "properties": {"osm_type": "node", "osm_id": 2431526161, "tags": {"craft": "brewery", "name": "Left Hand Brewing Company", "wikidata": "Q6516869"}}, "geometry": {"type": "Point", "coordinates": [-105.115796, 40.15857]}}, {"type": "Feature", "properties": {"osm_type": "node", "osm_id": 2432910432, "tags": {"amenity": "pub", "brewery": "yes", "craft": "brewery", "name": "Colorado Cider Company"}}, "geometry": {"type": "Point", "coordinates": [-105.0194812, 39.7190141]}}, {"type": "Feature", "properties": {"osm_type": "node", "osm_id": 2521684512, "tags": {"addr:city": "Colorado Springs", "addr:housenumber": "1604", "addr:postcode": "80905", "addr:street": "South Cascade Avenue", "check_date": "2026-03-27", "check_date:opening_hours": "2026-03-27", "contact:facebook": "bristolbrewing", "contact:instagram": "bristolbrewing", "craft": "brewery", "cuisine": "pub", "name": "Bristol Brewery and Pub", "opening_hours": "Su-Th 11:00-22:00; Fr-Sa 11:00-23:00", "phone": "+17196332555", "website": "https://www.bristolbrewing.com/", "wheelchair": "yes"}}, "geometry": {"type": "Point", "coordinates": [-104.8273835, 38.8111528]}}, {"type": "Feature", "properties": {"osm_type": "node", "osm_id": 2611477912, "tags": {"craft": "brewery", "name": "Odd13 Brewing", "phone": "+1-303-997-4164", "website": "https://www.odd13brewing.com/"}}, "geometry": {"type": "Point", "coordinates": [-105.0878839, 39.9983626]}}, {"type": "Feature", "properties": {"osm_type": "node", "osm_id": 2653235742, "tags": {"craft": "brewery", "name": "Tasty Weasel", "operator": "Oskar Blues", "product": "beer"}}, "geometry": {"type": "Point", "coordinates": [-105.122043, 40.1390752]}}, {"type": "Feature", "properties": {"osm_type": "node", "osm_id": 2662811185, "tags": {"addr:city": "Boulder", "addr:housenumber": "4699", "addr:postcode": "80301", "addr:state": "CO", "addr:street": "Nautilus Court South", "craft": "brewery", "name": "Asher Brewing Company", "product": "beer;snacks"}}, "geometry": {"type": "Point", "coordinates": [-105.2059026, 40.0601273]}}, {"type": "Feature", "properties": {"osm_type": "node", "osm_id": 2663459840, "tags": {"craft": "brewery", "name": "Fritz Family Brewing"}}, "geometry": {"type": "Point", "coordinates": [-105.168425, 40.099863]}}, {"type": "Feature", "properties": {"osm_type": "node", "osm_id": 2687264073, "tags": {"addr:city": "Denver", "addr:housenumber": "1139", "addr:postcode": "80205", "addr:state": "CO", "addr:street": "20th Street", "amenity": "pub", "craft": "brewery", "microbrewery": "yes", "name": "Full Frame", "phone": "+1 720-762-5608", "website": "https://www.fullframebeer.com/menu"}}, "geometry": {"type": "Point", "coordinates": [-104.9914692, 39.7522539]}}, {"type": "Feature", "properties": {"osm_type": "node", "osm_id": 2955017191, "tags": {"craft": "brewery", "name": "Breckenridge Brewery"}}, "geometry": {"type": "Point", "coordinates": [-105.0006121, 39.7236874]}}, {"type": "Feature", "properties": {"osm_type": "node", "osm_id": 2983924279, "tags": {"addr:city": "Denver", "addr:housenumber": "1290", "addr:postcode": "80210", "addr:street": "South Broadway", "craft": "brewery", "name": "Former Future Brewing Company"}}, "geometry": {"type": "Point", "coordinates": [-104.9872276, 39.6933953]}}, {"type": "Feature", "properties": {"osm_type": "node", "osm_id": 3010970963, "tags": {"addr:city": "Boulder", "addr:housenumber": "5455", "addr:postcode": "80301-3312", "addr:state": "CO", "addr:street": "Spine Road", "addr:unit": "A", "amenity": "pub", "craft": "brewery", "microbrewery": "yes", "name": "Finkel and Garf", "opening_hours": "Mo-Th 15:00-21:00; Fr 15:00-22:00; Sa 14:00-22:00; Su 15:00-19:00", "phone": "+1-720-379-6042", "website": "https://www.finkelandgarf.com/"}}, "geometry": {"type": "Point", "coordinates": [-105.202465, 40.073924]}}, {"type": "Feature", "properties": {"osm_type": "node", "osm_id": 3171753733, "tags": {"addr:city": "Denver", "addr:housenumber": "1937", "addr:postcode": "80202", "addr:state": "CO", "addr:street": "Market Street", "craft": "brewery", "name": "Smash Face"}}, "geometry": {"type": "Point", "coordinates": [-104.99421, 39.7533589]}}, {"type": "Feature", "properties": {"osm_type": "node", "osm_id": 3196553144, "tags": {"addr:city": "Denver", "addr:housenumber": "3350", "addr:postcode": "80216", "addr:state": "CO", "addr:street": "Brighton Boulevard", "craft": "brewery", "name": "Crooked Stave"}}, "geometry": {"type": "Point", "coordinates": [-104.9796405, 39.7684394]}}, {"type": "Feature", "properties": {"osm_type": "node", "osm_id": 3227569873, "tags": {"addr:city": "Denver", "addr:housenumber": "1505", "addr:postcode": "80218", "addr:state": "CO", "addr:street": "Ogden Street", "craft": "brewery", "name": "Alpine Dog Brewery", "phone": "+1-720-214-5170", "website": "https://www.alpinedogbrewery.com/"}}, "geometry": {"type": "Point", "coordinates": [-104.975046, 39.7402915]}}, {"type": "Feature", "properties": {"osm_type": "node", "osm_id": 3345955600, "tags": {"addr:city": "Denver", "addr:housenumber": "2401", "addr:postcode": "80205", "addr:street": "Stout Street", "craft": "brewery", "name": "River North Brewery"}}, "geometry": {"type": "Point", "coordinates": [-104.98341, 39.753515]}}, {"type": "Feature", "properties": {"osm_type": "node", "osm_id": 3347118899, "tags": {"addr:city": "Denver", "addr:housenumber": "2920", "addr:postcode": "80205", "addr:state": "CO", "addr:street": "Larimer Street", "check_date": "2025-09-28", "craft": "brewery", "name": "Ratio Beerworks", "smoking": "no"}}, "geometry": {"type": "Point", "coordinates": [-104.9811953, 39.7615897]}}, {"type": "Feature", "properties": {"osm_type": "node", "osm_id": 3362121759, "tags": {"addr:city": "Denver", "addr:housenumber": "3855", "addr:postcode": "80211", "addr:state": "CO", "addr:street": "Mariposa Street", "craft": "brewery", "name": "DIebolt Brewing"}}, "geometry": {"type": "Point", "coordinates": [-105.0032079, 39.770332]}}, {"type": "Feature", "properties": {"osm_type": "node", "osm_id": 3362122190, "tags": {"addr:city": "Denver", "addr:housenumber": "3845", "addr:postcode": "80211", "addr:state": "CO", "addr:street": "Lipan Street", "craft": "brewery", "name": "Factotum Brewhouse"}}, "geometry": {"type": "Point", "coordinates": [-105.0020653, 39.7702043]}}, {"type": "Feature", "properties": {"osm_type": "node", "osm_id": 3438298890, "tags": {"addr:city": "Colorado Springs", "addr:housenumber": "521", "addr:postcode": "80903", "addr:state": "CO", "addr:street": "South Tejon Street", "check_date": "2026-03-28", "check_date:opening_hours": "2026-03-28", "contact:instagram": "urbananimalbeerco", "craft": "brewery", "name": "Urban Animal Beer Co", "opening_hours": "Mo-Th 14:00-21:00; Fr-Sa 12:00-22:00; Su 12:00-20:00", "website": "https://urbananimalbeerco.com"}}, "geometry": {"type": "Point", "coordinates": [-104.823731, 38.8260086]}}, {"type": "Feature", "properties": {"osm_type": "node", "osm_id": 3444540627, "tags": {"addr:city": "Denver", "addr:housenumber": "800", "addr:postcode": "80203", "addr:state": "CO", "addr:street": "Lincoln Street", "craft": "brewery", "disused": "yes", "name": "(closed) Lowdown Brewery"}}, "geometry": {"type": "Point", "coordinates": [-104.985795, 39.72932]}}, {"type": "Feature", "properties": {"osm_type": "node", "osm_id": 3447795458, "tags": {"addr:city": "Broomfield", "addr:housenumber": "8855", "addr:postcode": "80021", "addr:state": "CO", "addr:street": "West 116th Circle", "addr:unit": "4", "check_date": "2024-09-21", "craft": "brewery", "microbrewery": "yes", "name": "4 Noses Brewing Company", "phone": "+1-720-460-2797", "website": "https://www.4nosesbrewing.com/"}}, "geometry": {"type": "Point", "coordinates": [-105.098632, 39.9064891]}}, {"type": "Feature", "properties": {"osm_type": "node", "osm_id": 3447795463, "tags": {"addr:city": "Westminster", "addr:housenumber": "7655", "addr:postcode": "80021", "addr:state": "CO", "addr:street": "West 108th Avenue", "addr:unit": "600", "craft": "brewery", "name": "Westminster Brewing Company", "opening_hours": "su 12:00-20:00, mo-th 15:00-21:00, fr 15:00-22:00, sa 12:00-22:00", "phone": "+1-720-949-1932", "product": "beer", "website": "https://webrewco.com"}}, "geometry": {"type": "Point", "coordinates": [-105.083037, 39.8931819]}}, {"type": "Feature", "properties": {"osm_type": "node", "osm_id": 3499487224, "tags": {"addr:city": "Denver", "addr:housenumber": "925", "addr:postcode": "80204", "addr:state": "CO", "addr:street": "West 9th Avenue", "craft": "brewery", "name": "Renegade Brewing Company"}}, "geometry": {"type": "Point", "coordinates": [-104.9993888, 39.7306283]}}, {"type": "Feature", "properties": {"osm_type": "node", "osm_id": 3524488095, "tags": {"addr:city": "Denver", "addr:housenumber": "999", "addr:postcode": "80204", "addr:state": "CO", "addr:street": "Vallejo Street", "craft": "brewery", "name": "Blank and Booth Distilling Co."}}, "geometry": {"type": "Point", "coordinates": [-105.013475, 39.7323964]}}, {"type": "Feature", "properties": {"osm_type": "node", "osm_id": 3528966358, "tags": {"addr:city": "Denver", "addr:housenumber": "1330", "addr:postcode": "80204", "addr:state": "CO", "addr:street": "Zuni Street", "addr:unit": "J", "craft": "brewery", "name": "Rising Sun Distillery"}}, "geometry": {"type": "Point", "coordinates": [-105.0152091, 39.7372441]}}, {"type": "Feature", "properties": {"osm_type": "node", "osm_id": 3729871565, "tags": {"addr:city": "Boulder", "addr:housenumber": "5460", "addr:postcode": "80301", "addr:state": "CO", "addr:street": "Conestoga Court", "craft": "brewery", "name": "Wild Woods Brewery", "phone": "+1-303-484-1465", "website": "https://www.wildwoodsbrewery.com/"}}, "geometry": {"type": "Point", "coordinates": [-105.22581, 40.0162153]}}, {"type": "Feature", "properties": {"osm_type": "node", "osm_id": 3729888706, "tags": {"addr:housenumber": "1501", "addr:street": "Lee Hill Drive", "check_date": "2023-11-09", "craft": "brewery", "name": "Upslope Brewing Company", "payment:cash": "yes", "payment:credit_cards": "yes", "payment:debit_cards": "yes", "phone": "+1-303-449-2911", "product": "beer", "website": "https://upslopebrewing.com/"}}, "geometry": {"type": "Point", "coordinates": [-105.279304, 40.063028]}}, {"type": "Feature", "properties": {"osm_type": "node", "osm_id": 3740649951, "tags": {"addr:city": "Denver", "addr:housenumber": "1133", "addr:postcode": "80203", "addr:state": "CO", "addr:street": "Broadway", "craft": "brewery", "name": "CO-Brew", "opening_hours": "10:00-22:00"}}, "geometry": {"type": "Point", "coordinates": [-104.9876547, 39.7346123]}}, {"type": "Feature", "properties": {"osm_type": "node", "osm_id": 3851938416, "tags": {"addr:city": "Denver", "addr:housenumber": "2736", "addr:postcode": "80205", "addr:state": "CO", "addr:street": "Welton Street", "amenity": "pub", "brewery": "yes", "craft": "brewery", "name": "Spangalang Brewery"}}, "geometry": {"type": "Point", "coordinates": [-104.9770361, 39.7552227]}}, {"type": "Feature", "properties": {"osm_type": "node", "osm_id": 3869632854, "tags": {"addr:city": "Denver", "addr:housenumber": "1695", "addr:postcode": "80202", "addr:state": "CO", "addr:street": "Platte Street", "check_date": "2025-09-14", "craft": "brewery", "name": "Denver Beer Company"}}, "geometry": {"type": "Point", "coordinates": [-105.0073217, 39.7582671]}}, {"type": "Feature", "properties": {"osm_type": "node", "osm_id": 3885466158, "tags": {"addr:city": "Denver", "addr:housenumber": "4460", "addr:postcode": "80212", "addr:state": "CO", "addr:street": "West 29th Avenue", "craft": "brewery", "description": "Chill brewery & taproom offering a variety of beers with an emphasis on traditional British ales.", "name": "Hogshead Brewery", "opening_hours": "PH,Mo-Su 12:00-21:00", "phone": "+1-303-396-4240"}}, "geometry": {"type": "Point", "coordinates": [-105.04506, 39.758232]}}, {"type": "Feature", "properties": {"osm_type": "node", "osm_id": 3900110631, "tags": {"addr:city": "Denver", "addr:housenumber": "4526", "addr:postcode": "80212", "addr:state": "CO", "addr:street": "Tennyson Street", "amenity": "pub", "brewery": "yes", "craft": "brewery", "name": "Call to Arms Brewing Company"}}, "geometry": {"type": "Point", "coordinates": [-105.0435373, 39.7788541]}}, {"type": "Feature", "properties": {"osm_type": "node", "osm_id": 3989899680, "tags": {"addr:city": "Denver", "addr:housenumber": "2298", "addr:postcode": "80211", "addr:state": "CO", "addr:street": "Clay Street", "craft": "brewery", "name": "Briar Common Brewery + Eatery"}}, "geometry": {"type": "Point", "coordinates": [-105.0203648, 39.7510455]}}, {"type": "Feature", "properties": {"osm_type": "node", "osm_id": 4014648897, "tags": {"addr:city": "Parker", "addr:housenumber": "18425", "addr:postcode": "80134", "addr:state": "CO", "addr:street": "Pony Express Drive", "craft": "brewery", "name": "Barnett & Son Brewing Co."}}, "geometry": {"type": "Point", "coordinates": [-104.7750327, 39.5221986]}}, {"type": "Feature", "properties": {"osm_type": "node", "osm_id": 4065358819, "tags": {"addr:city": "Parker", "addr:housenumber": "12543", "addr:postcode": "80134", "addr:state": "CO", "addr:street": "South Parker Road", "craft": "brewery", "name": "20 Mile Tap House"}}, "geometry": {"type": "Point", "coordinates": [-104.7729683, 39.5448872]}}, {"type": "Feature", "properties": {"osm_type": "node", "osm_id": 4147886338, "tags": {"craft": "brewery", "name": "Gunslinger Brewery"}}, "geometry": {"type": "Point", "coordinates": [-104.8188435, 38.8325111]}}, {"type": "Feature", "properties": {"osm_type": "node", "osm_id": 4162218527, "tags": {"amenity": "pub", "brewery": "yes", "craft": "brewery", "name": "Pikes Peak Brewing Co."}}, "geometry": {"type": "Point", "coordinates": [-104.8601513, 39.0954627]}}, {"type": "Feature", "properties": {"osm_type": "node", "osm_id": 4162228999, "tags": {"amenity": "pub", "brewery": "yes", "craft": "brewery", "name": "3 Hundred Days of Shine"}}, "geometry": {"type": "Point", "coordinates": [-104.8688352, 39.0927345]}}, {"type": "Feature", "properties": {"osm_type": "node", "osm_id": 4162256003, "tags": {"amenity": "pub", "brewery": "yes", "craft": "brewery", "name": "Cogstone brewing co."}}, "geometry": {"type": "Point", "coordinates": [-104.7556494, 38.8798898]}}, {"type": "Feature", "properties": {"osm_type": "node", "osm_id": 4162264126, "tags": {"amenity": "pub", "brewery": "yes", "craft": "brewery", "name": "Peaks N Pines Brewing co."}}, "geometry": {"type": "Point", "coordinates": [-104.7135231, 38.8895992]}}, {"type": "Feature", "properties": {"osm_type": "node", "osm_id": 4162268589, "tags": {"amenity": "pub", "brewery": "yes", "craft": "brewery", "name": "Rocky Mountain Brewery"}}, "geometry": {"type": "Point", "coordinates": [-104.716455, 38.8412699]}}, {"type": "Feature", "properties": {"osm_type": "node", "osm_id": 4162269369, "tags": {"craft": "brewery", "name": "Axe and the Oak Distillery"}}, "geometry": {"type": "Point", "coordinates": [-104.7417037, 38.837369]}}, {"type": "Feature", "properties": {"osm_type": "node", "osm_id": 4174927855, "tags": {"addr:city": "Divide", "addr:housenumber": "10", "addr:postcode": "80814", "addr:state": "CO", "addr:street": "Buffalo Court", "brewery": "yes", "craft": "brewery", "microbrewery": "yes", "name": "Paradox Beer Co", "opening_hours": "Mo 12:00-21:00; Th-Sa 12:00-21:00; Su 12:00-19:00", "operator": "Paradox Beer Co", "phone": "+1 719-686-8081", "product": "beer;food", "website": "http://paradoxbeercompany.com/index.php"}}, "geometry": {"type": "Point", "coordinates": [-105.1550524, 38.9444047]}}, {"type": "Feature", "properties": {"osm_type": "node", "osm_id": 4175007802, "tags": {"amenity": "pub", "brewery": "yes", "craft": "brewery", "name": "Blue Spruce Brewing Co"}}, "geometry": {"type": "Point", "coordinates": [-104.9397087, 39.5668301]}}, {"type": "Feature", "properties": {"osm_type": "node", "osm_id": 4175014799, "tags": {"amenity": "pub", "brewery": "yes", "craft": "brewery", "name": "Breckenridge Brewery"}}, "geometry": {"type": "Point", "coordinates": [-105.0246424, 39.5937964]}}, {"type": "Feature", "properties": {"osm_type": "node", "osm_id": 4175034645, "tags": {"amenity": "pub", "brewery": "yes", "craft": "brewery", "name": "Dead Hippie Brewing"}}, "geometry": {"type": "Point", "coordinates": [-105.0037953, 39.6490982]}}, {"type": "Feature", "properties": {"osm_type": "node", "osm_id": 4175036779, "tags": {"amenity": "pub", "craft": "brewery", "name": "Boggy Draw Brewery and Taphouse"}}, "geometry": {"type": "Point", "coordinates": [-105.0104723, 39.6528737]}}, {"type": "Feature", "properties": {"osm_type": "node", "osm_id": 4176705473, "tags": {"addr:city": "Highlands Ranch", "addr:housenumber": "9150", "addr:postcode": "80129", "addr:state": "CO", "addr:street": "Commerce Center Circle", "addr:unit": "300", "craft": "brewery", "name": "Living The Dream Brewing"}}, "geometry": {"type": "Point", "coordinates": [-105.0340101, 39.5489995]}}, {"type": "Feature", "properties": {"osm_type": "node", "osm_id": 4192679673, "tags": {"addr:city": "Fort Collins", "addr:housenumber": "2601", "addr:postcode": "80525", "addr:state": "CO", "addr:street": "South Lemay Avenue", "check_date": "2023-12-22", "craft": "distillery", "name": "Elevation 5003 Distillery", "opening_hours": "We-Th 16:00-20:00; Fr 14:00-20:00; Sa 12:00-20:00", "phone": "+1-970-568-8356", "website": "elevation5003.com/", "wheelchair": "yes"}}, "geometry": {"type": "Point", "coordinates": [-105.0597992, 40.5517917]}}, {"type": "Feature", "properties": {"osm_type": "node", "osm_id": 4207554069, "tags": {"addr:city": "Wheat Ridge", "addr:country": "US", "addr:housenumber": "4335", "addr:postcode": "80033", "addr:state": "CO", "addr:street": "Wadsworth Boulevard", "check_date": "2025-11-18", "craft": "brewery", "currency:XBT": "yes", "name": "Brewery Rickoli", "payment:lightning": "yes", "payment:lightning:operator": "square", "payment:lightning_contactless": "no", "payment:onchain": "no"}}, "geometry": {"type": "Point", "coordinates": [-105.0818046, 39.7757286]}}, {"type": "Feature", "properties": {"osm_type": "node", "osm_id": 4217819760, "tags": {"addr:city": "Denver", "addr:housenumber": "4455", "addr:postcode": "80211", "addr:state": "CO", "addr:street": "Jason Street", "amenity": "pub", "brewery": "yes", "craft": "brewery", "name": "Denver Beer Co-Canworks"}}, "geometry": {"type": "Point", "coordinates": [-105.0008302, 39.7769429]}}, {"type": "Feature", "properties": {"osm_type": "node", "osm_id": 4219107548, "tags": {"addr:city": "Denver", "addr:housenumber": "1812", "addr:postcode": "80216", "addr:state": "CO", "addr:street": "35th Street", "craft": "brewery", "name": "Great Divide Brewing Company"}}, "geometry": {"type": "Point", "coordinates": [-104.9798778, 39.7701965]}}, {"type": "Feature", "properties": {"osm_type": "node", "osm_id": 4222058783, "tags": {"addr:city": "Denver", "addr:housenumber": "2875", "addr:postcode": "80205", "addr:state": "CO", "addr:street": "Blake Street", "amenity": "pub", "brewery": "yes", "craft": "brewery", "name": "C Squared Ciders"}}, "geometry": {"type": "Point", "coordinates": [-104.9840235, 39.762847]}}, {"type": "Feature", "properties": {"osm_type": "node", "osm_id": 4222068828, "tags": {"addr:city": "Denver", "addr:housenumber": "3120", "addr:postcode": "80205", "addr:state": "CO", "addr:street": "Blake Street", "amenity": "pub", "brewery": "yes", "craft": "brewery", "name": "14er Brewing & Beer Garden"}}, "geometry": {"type": "Point", "coordinates": [-104.9801197, 39.7648777]}}, {"type": "Feature", "properties": {"osm_type": "node", "osm_id": 4222194514, "tags": {"amenity": "pub", "brewery": "yes", "craft": "brewery", "name": "Sleeping Giant Brewing Co"}}, "geometry": {"type": "Point", "coordinates": [-105.0165535, 39.7234302]}}, {"type": "Feature", "properties": {"osm_type": "node", "osm_id": 4222198267, "tags": {"amenity": "pub", "brewery": "yes", "craft": "brewery", "name": "Wit's End Brewing Co"}}, "geometry": {"type": "Point", "coordinates": [-105.0180636, 39.7208411]}}, {"type": "Feature", "properties": {"osm_type": "node", "osm_id": 4222207989, "tags": {"amenity": "pub", "brewery": "yes", "craft": "brewery", "name": "Renegade Brewing Co @ the Yard on Santa Fe"}}, "geometry": {"type": "Point", "coordinates": [-104.9988964, 39.7180188]}}, {"type": "Feature", "properties": {"osm_type": "node", "osm_id": 4222224089, "tags": {"amenity": "pub", "brewery": "yes", "craft": "brewery", "name": "Crazy Mountain Tap Room + BBQ"}}, "geometry": {"type": "Point", "coordinates": [-105.0005487, 39.7234694]}}, {"type": "Feature", "properties": {"osm_type": "node", "osm_id": 4230430964, "tags": {"amenity": "pup", "brewery": "yes", "craft": "brewery", "name": "Cockpit Craft Distillery"}}, "geometry": {"type": "Point", "coordinates": [-104.7376505, 38.8465024]}}, {"type": "Feature", "properties": {"osm_type": "node", "osm_id": 4230466642, "tags": {"amenity": "pub", "brewery": "yes", "craft": "brewery", "name": "Black Forest Meadery"}}, "geometry": {"type": "Point", "coordinates": [-104.7069133, 38.9993972]}}, {"type": "Feature", "properties": {"osm_type": "node", "osm_id": 4230471035, "tags": {"amenity": "pub", "brewery": "yes", "craft": "brewery", "name": "Black Forest Meadery Tasting Room"}}, "geometry": {"type": "Point", "coordinates": [-104.7014672, 39.0125479]}}, {"type": "Feature", "properties": {"osm_type": "node", "osm_id": 4230483967, "tags": {"craft": "brewery", "name": "Sette Dolori Winery"}}, "geometry": {"type": "Point", "coordinates": [-104.6484719, 38.9910896]}}, {"type": "Feature", "properties": {"osm_type": "node", "osm_id": 4230494197, "tags": {"amenity": "pub", "brewery": "yes", "craft": "brewery", "name": "Mystic Mountain Distillery LLC"}}, "geometry": {"type": "Point", "coordinates": [-104.7759643, 39.1949226]}}, {"type": "Feature", "properties": {"osm_type": "node", "osm_id": 4230558670, "tags": {"amenity": "pub", "brewery": "yes", "craft": "brewery", "name": "Ruby Trust Cellars"}}, "geometry": {"type": "Point", "coordinates": [-104.9009467, 39.4268832]}}, {"type": "Feature", "properties": {"osm_type": "node", "osm_id": 4230563225, "tags": {"amenity": "pub", "brewery": "yes", "craft": "brewery", "name": "Allis Ranch Winery"}}, "geometry": {"type": "Point", "coordinates": [-104.9704583, 39.3480579]}}, {"type": "Feature", "properties": {"osm_type": "node", "osm_id": 4230585709, "tags": {"addr:city": "Littleton", "addr:housenumber": "2842", "addr:postcode": "80120", "addr:state": "CO", "addr:street": "West Bowles Avenue", "amenity": "pub", "brewery": "yes", "craft": "brewery", "name": "Blind Faith Brewing Company", "opening_hours": "Mo-Th 15:00-10:00, Fr-Sa 12:00-22:00, Su 12:00-19:00", "outdoor_seating": "yes"}}, "geometry": {"type": "Point", "coordinates": [-105.0245173, 39.61257]}}, {"type": "Feature", "properties": {"osm_type": "node", "osm_id": 4230587005, "tags": {"amenity": "pub", "brewery": "yes", "craft": "brewery", "name": "Legacy Winery and Vineyard"}}, "geometry": {"type": "Point", "coordinates": [-105.0196446, 39.6130631]}}, {"type": "Feature", "properties": {"osm_type": "node", "osm_id": 4230594197, "tags": {"amenity": "pub", "brewery": "yes", "craft": "brewery", "name": "Avanti Winery"}}, "geometry": {"type": "Point", "coordinates": [-105.0993148, 39.6091005]}}, {"type": "Feature", "properties": {"osm_type": "node", "osm_id": 4230596451, "tags": {"amenity": "pub", "brewery": "yes", "craft": "brewery", "name": "Black Arts Cellars"}}, "geometry": {"type": "Point", "coordinates": [-105.1310638, 39.5751738]}}, {"type": "Feature", "properties": {"osm_type": "node", "osm_id": 4246527986, "tags": {"addr:city": "Parker", "addr:housenumber": "10970", "addr:postcode": "80134", "addr:state": "CO", "addr:street": "South Parker Road", "craft": "brewery", "name": "Hall Brewing Company"}}, "geometry": {"type": "Point", "coordinates": [-104.7633103, 39.517222]}}, {"type": "Feature", "properties": {"osm_type": "node", "osm_id": 4256924947, "tags": {"addr:city": "Denver", "addr:housenumber": "3610", "addr:postcode": "80204", "addr:state": "CO", "addr:street": "West Colfax Avenue", "brewery": "yes", "craft": "brewery", "name": "Seedstock Brewery", "phone": "+1-720-476-7831", "website": "https://seedstockbrewery.com"}}, "geometry": {"type": "Point", "coordinates": [-105.0349289, 39.7400199]}}, {"type": "Feature", "properties": {"osm_type": "node", "osm_id": 4260996324, "tags": {"amenity": "pub", "brewery": "yes", "craft": "brewery", "name": "Kingman Estates Winery"}}, "geometry": {"type": "Point", "coordinates": [-104.9767178, 39.812239]}}, {"type": "Feature", "properties": {"osm_type": "node", "osm_id": 4261008277, "tags": {"alt_name": "Creede Brewing Company", "amenity": "pub", "brewery": "yes", "craft": "brewery", "name": "Creede Brewing Co."}}, "geometry": {"type": "Point", "coordinates": [-104.9771495, 39.8293611]}}, {"type": "Feature", "properties": {"osm_type": "node", "osm_id": 4270153672, "tags": {"addr:city": "Denver", "addr:housenumber": "520", "addr:postcode": "80203", "addr:state": "CO", "addr:street": "East Colfax Avenue", "amenity": "veterinary", "brewery": "yes", "craft": "brewery", "name": "CityVet"}}, "geometry": {"type": "Point", "coordinates": [-104.9804171, 39.7398731]}}, {"type": "Feature", "properties": {"osm_type": "node", "osm_id": 4273785139, "tags": {"addr:city": "Denver", "addr:housenumber": "1477", "addr:postcode": "80206", "addr:state": "CO", "addr:street": "Monroe Street", "amenity": "pub", "brewery": "yes", "craft": "brewery", "name": "Cerebral Brewing"}}, "geometry": {"type": "Point", "coordinates": [-104.9454836, 39.7397518]}}, {"type": "Feature", "properties": {"osm_type": "node", "osm_id": 4273812962, "tags": {"amenity": "pub", "brewery": "yes", "craft": "brewery", "name": "Kingman Estates Winery"}}, "geometry": {"type": "Point", "coordinates": [-104.9763943, 39.8081047]}}, {"type": "Feature", "properties": {"osm_type": "node", "osm_id": 4273910330, "tags": {"amenity": "pub", "brewery": "yes", "craft": "brewery", "name": "Turquoise Mesa Winery"}}, "geometry": {"type": "Point", "coordinates": [-105.0769547, 39.9092797]}}, {"type": "Feature", "properties": {"osm_type": "node", "osm_id": 4273940593, "tags": {"amenity": "pub", "brewery": "yes", "craft": "brewery", "name": "Beer By Design Brewery"}}, "geometry": {"type": "Point", "coordinates": [-104.9633502, 39.8988019]}}, {"type": "Feature", "properties": {"osm_type": "node", "osm_id": 4273959674, "tags": {"addr:city": "Denver", "addr:housenumber": "2924", "addr:postcode": "80211", "addr:state": "CO", "addr:street": "West 20th Avenue", "amenity": "pub", "brewery": "yes", "craft": "brewery", "name": "Little Machine Beer"}}, "geometry": {"type": "Point", "coordinates": [-105.0243557, 39.7474051]}}, {"type": "Feature", "properties": {"osm_type": "node", "osm_id": 4277585739, "tags": {"addr:city": "Denver", "addr:housenumber": "1441", "addr:postcode": "80211", "addr:state": "CO", "addr:street": "West 46th Avenue", "craft": "brewery", "name": "Crooked Stave Barrel Cellar"}}, "geometry": {"type": "Point", "coordinates": [-105.0044995, 39.7806148]}}, {"type": "Feature", "properties": {"osm_type": "node", "osm_id": 4314576608, "tags": {"amenity": "pub", "brewery": "yes", "craft": "brewery", "name": "Baere Brewing Co"}}, "geometry": {"type": "Point", "coordinates": [-104.9870172, 39.7214324]}}, {"type": "Feature", "properties": {"osm_type": "node", "osm_id": 4321417322, "tags": {"amenity": "pub", "brewery": "yes", "craft": "brewery", "name": "Lee Spirits Company"}}, "geometry": {"type": "Point", "coordinates": [-104.8511541, 38.8161599]}}, {"type": "Feature", "properties": {"osm_type": "node", "osm_id": 4321487353, "tags": {"amenity": "pub", "brewery": "yes", "craft": "brewery", "name": "Vino Colorado Cellars"}}, "geometry": {"type": "Point", "coordinates": [-104.8643775, 38.8473069]}}, {"type": "Feature", "properties": {"osm_type": "node", "osm_id": 4321649032, "tags": {"addr:city": "Pueblo West", "addr:housenumber": "181", "addr:postcode": "81007", "addr:state": "CO", "addr:street": "South Purcell Boulevard", "amenity": "pub", "brewery": "yes", "contact:facebook": "https://www.facebook.com/reservoirbrewing", "craft": "brewery", "cuisine": "sandwich;bar_and_grill;pub", "image": "https://img1.wsimg.com/isteam/ip/d93aa464-7a9d-4d13-8b48-cad0881f3e86/resbeer.jpg/:/cr=t:14.6%25,l:0%25,w:100%25,h:70.8%25/rs=w:960,cg:true", "microbrewery": "yes", "name": "Reservoir Brewing", "opening_hours": "Mo-Th 15:00-22:00; Fr-Sa 12:00-22:00; Su 12:00-20:00", "outdoor_seating": "yes", "smoking": "outside", "website": "https://reservoirbrewing.com/"}}, "geometry": {"type": "Point", "coordinates": [-104.7043591, 38.3211874]}}, {"type": "Feature", "properties": {"osm_type": "node", "osm_id": 4321652657, "tags": {"amenity": "pub", "brewery": "yes", "craft": "brewery", "name": "Shamrock Brewing Co"}}, "geometry": {"type": "Point", "coordinates": [-104.6079106, 38.2690469]}}, {"type": "Feature", "properties": {"osm_type": "node", "osm_id": 4321656356, "tags": {"addr:state": "CO", "amenity": "pub", "brewery": "yes", "craft": "brewery", "name": "Brues Alehouse Brewing Co"}}, "geometry": {"type": "Point", "coordinates": [-104.6097442, 38.2654325]}}, {"type": "Feature", "properties": {"osm_type": "node", "osm_id": 4321657758, "tags": {"amenity": "pub", "brewery": "yes", "craft": "brewery", "name": "Wallter Brewing Co"}}, "geometry": {"type": "Point", "coordinates": [-104.60986, 38.2626039]}}, {"type": "Feature", "properties": {"osm_type": "node", "osm_id": 4325469732, "tags": {"amenity": "pub", "brewery": "yes", "craft": "brewery", "name": "Florence Brewing Co"}}, "geometry": {"type": "Point", "coordinates": [-105.1184407, 38.3885819]}}, {"type": "Feature", "properties": {"osm_type": "node", "osm_id": 4325475804, "tags": {"amenity": "pub", "brewery": "yes", "craft": "brewery", "name": "Le Fuselier Winery at Spring Creek Vineyards"}}, "geometry": {"type": "Point", "coordinates": [-105.1944954, 38.4172532]}}, {"type": "Feature", "properties": {"osm_type": "node", "osm_id": 4325494583, "tags": {"amenity": "pub", "brewery": "yes", "craft": "brewery", "name": "Winery at Holy Cross Abbey"}}, "geometry": {"type": "Point", "coordinates": [-105.2227527, 38.4472402]}}, {"type": "Feature", "properties": {"osm_type": "node", "osm_id": 4387405565, "tags": {"addr:city": "Fort Collins", "addr:housenumber": "102", "addr:postcode": "80524", "addr:state": "CO", "addr:street": "West Olive Street", "craft": "brewery", "name": "Sippin Pretty"}}, "geometry": {"type": "Point", "coordinates": [-105.0774623, 40.5843908]}}, {"type": "Feature", "properties": {"osm_type": "node", "osm_id": 4411521331, "tags": {"addr:city": "Wichita", "addr:postcode": "67202", "addr:state": "KS", "addr:street": "East Douglas Avenue", "craft": "brewery", "name": "3rd Place Brewing"}}, "geometry": {"type": "Point", "coordinates": [-97.3304989, 37.6862237]}}, {"type": "Feature", "properties": {"osm_type": "node", "osm_id": 4455817593, "tags": {"addr:city": "Colorado Springs", "addr:housenumber": "702", "addr:postcode": "80905", "addr:state": "CO", "addr:street": "West Colorado Avenue", "amenity": "restaurant", "craft": "brewery", "internet_access": "wlan", "microbrewery": "yes", "name": "Cerberus Brewing Company", "opening_hours": "Mo-Th 11:30-20:30; Fr 11:00-21:00; Sa 10:30-21:00; Su 10:30-20:30", "phone": "+1 719-636-2337", "website": "https://www.cerberusbrewingco.com/", "wheelchair": "yes"}}, "geometry": {"type": "Point", "coordinates": [-104.837423, 38.8330255]}}, {"type": "Feature", "properties": {"osm_type": "node", "osm_id": 4501689531, "tags": {"addr:city": "Boulder", "addr:housenumber": "4843", "addr:postcode": "80301", "addr:state": "CO", "addr:street": "Pearl Street", "craft": "distillery", "name": "J&L Distilling", "opening_hours": "We 12:00-19:00; Th-Sa 12:00-22:00; Su 12:00-18:00", "source": "esri_USDOT_ColoradoOITGIS", "website": "http://www.jldistilling.com/"}}, "geometry": {"type": "Point", "coordinates": [-105.2414409, 40.0258044]}}, {"type": "Feature", "properties": {"osm_type": "node", "osm_id": 4501689532, "tags": {"addr:city": "Boulder", "addr:housenumber": "2510", "addr:postcode": "80301", "addr:street": "47th Street", "addr:unit": "A2", "craft": "brewery", "name": "VisionQuest Brewery", "opening_hours": "Mo-Sa 11:00-22:00; Su 11:00-21:00", "website": "http://www.visionquestbrewing.com/"}}, "geometry": {"type": "Point", "coordinates": [-105.2436859, 40.0262738]}}, {"type": "Feature", "properties": {"osm_type": "node", "osm_id": 4636870176, "tags": {"addr:city": "Boulder", "addr:housenumber": "1535", "addr:postcode": "80302", "addr:state": "CO", "addr:street": "Pearl Street", "amenity": "pub", "craft": "brewery", "level": "0", "name": "Mountain Sun Pub and Brewery", "opening_hours": "Su-Th 12:00-23:00; Fr 12:00-00:00; Sa 11:00-00:00", "phone": "+1-303-546-0886", "smoking": "no", "website": "https://www.mountainsunpub.com/"}}, "geometry": {"type": "Point", "coordinates": [-105.275215, 40.0190136]}}, {"type": "Feature", "properties": {"osm_type": "node", "osm_id": 4657106605, "tags": {"addr:city": "Golden", "addr:housenumber": "412", "addr:postcode": "80401", "addr:state": "CO", "addr:street": "Violet Street", "craft": "distillery", "distillery": "whisky", "name": "Golden Moon Distillery", "phone": "+1-303-993-7174", "website": "https://www.goldenmoondistillery.com/"}}, "geometry": {"type": "Point", "coordinates": [-105.197005, 39.7230036]}}, {"type": "Feature", "properties": {"osm_type": "node", "osm_id": 4657112125, "tags": {"addr:city": "Boulder", "addr:housenumber": "5311", "addr:postcode": "80301", "addr:state": "CO", "addr:street": "Western Avenue", "craft": "distillery", "distillery": "whisky", "name": "Vapor Distillery", "source": "esri_USDOT_ColoradoOITGIS", "website": "www.vapordistillery.com"}}, "geometry": {"type": "Point", "coordinates": [-105.2286308, 40.0185131]}}, {"type": "Feature", "properties": {"osm_type": "node", "osm_id": 5027131473, "tags": {"addr:city": "Longmont", "addr:housenumber": "1025", "addr:postcode": "80501", "addr:state": "CO", "addr:street": "Delaware Avenue", "craft": "brewery", "name": "Grossen Bart Brewery", "source": "esri_USDOT_ColoradoOITGIS", "website": "https://grossenbart.com/"}}, "geometry": {"type": "Point", "coordinates": [-105.1092105, 40.1542297]}}, {"type": "Feature", "properties": {"osm_type": "node", "osm_id": 5027139841, "tags": {"addr:city": "Longmont", "addr:housenumber": "63", "addr:postcode": "80501", "addr:state": "CO", "addr:street": "South Pratt Parkway", "craft": "brewery", "name": "Shoes & Brews", "website": "http://www.shoesbrews.com/"}}, "geometry": {"type": "Point", "coordinates": [-105.1076313, 40.1580054]}}, {"type": "Feature", "properties": {"osm_type": "node", "osm_id": 5086513092, "tags": {"addr:city": "Erie", "addr:housenumber": "500", "addr:postcode": "80516", "addr:state": "CO", "addr:street": "Briggs Street", "brewery": "yes", "check_date": "2024-09-02", "craft": "brewery", "microbrewery": "yes", "name": "The Old Mine", "outdoor_seating": "yes", "payment:cash": "yes", "payment:credit_cards": "yes", "payment:debit_cards": "yes", "phone": "+1-303-905-0620", "product": "cider;beer;food;pizza", "smoking": "no", "source": "esri_USDOT_ColoradoOITGIS", "wheelchair": "yes"}}, "geometry": {"type": "Point", "coordinates": [-105.0477488, 40.0491083]}}, {"type": "Feature", "properties": {"osm_type": "node", "osm_id": 5098533725, "tags": {"addr:city": "Longmont", "addr:housenumber": "350", "addr:postcode": "80501", "addr:state": "CO", "addr:street": "Terry Street", "craft": "brewery", "name": "St. Vrain Cidery", "opening_hours": "Mo-Tu closed,We-Th 04:00-21:00,Fr 04:00-22:00,Sa 12:00-22:00,Su 12:00-20:00", "outdoor_seating": "yes", "smoking": "outside"}}, "geometry": {"type": "Point", "coordinates": [-105.104587, 40.1651693]}}, {"type": "Feature", "properties": {"osm_type": "node", "osm_id": 5098548367, "tags": {"addr:city": "Longmont", "addr:housenumber": "350", "addr:postcode": "80501", "addr:state": "CO", "addr:street": "Terry Street", "craft": "distillery", "name": "Abbott and Wallace Distillery", "opening_hours": "Mo-We 16:00-22:00; Th 16:00-23:00; Fr 14:00-23:00; Sa 12:00-23:00; Su 12:00-21:00", "outdoor_seating": "yes", "smoking": "outside"}}, "geometry": {"type": "Point", "coordinates": [-105.104615, 40.1655754]}}, {"type": "Feature", "properties": {"osm_type": "node", "osm_id": 5296226905, "tags": {"addr:city": "Denver", "addr:housenumber": "1308", "addr:postcode": "80218", "addr:state": "CO", "addr:street": "East 17th Avenue", "craft": "brewery", "drink:beer": "yes", "internet_access": "yes", "name": "Alpine Dog Brewing Company", "opening_hours": "Mo 16:00-21:00; Tu-Th 15:00-22:00; Fr-Sa 12:00-23:00; Su 12:00-21:00", "phone": "+1-720-242-9863", "toilets": "yes", "website": "https://alpinedogbrewery.com/", "wheelchair": "yes"}}, "geometry": {"type": "Point", "coordinates": [-104.970612, 39.7430474]}}, {"type": "Feature", "properties": {"osm_type": "node", "osm_id": 5336992236, "tags": {"craft": "brewery", "name": "City Star Brewery"}}, "geometry": {"type": "Point", "coordinates": [-105.078892, 40.3050483]}}, {"type": "Feature", "properties": {"osm_type": "node", "osm_id": 5353580150, "tags": {"addr:city": "Fort Collins", "addr:housenumber": "400", "addr:postcode": "80524", "addr:state": "CO", "addr:street": "Linden Street", "check_date": "2024-07-27", "contact:phone": "+1-970-689-3887", "contact:website": "http://www.mobbmountain.com/", "craft": "distillery", "name": "Mobb Distillery", "opening_hours": "Mo 16:00-21:00; Tu off; We 16:00-21:00; Th-Fr 16:00-22:00; Sa 12:00-22:00; Su 12:00-18:00"}}, "geometry": {"type": "Point", "coordinates": [-105.0726414, 40.5901309]}}, {"type": "Feature", "properties": {"osm_type": "node", "osm_id": 5424393021, "tags": {"addr:city": "Denver", "addr:housenumber": "1635", "addr:postcode": "80202", "addr:state": "CO", "addr:street": "Platte Street", "craft": "brewery", "name": "Cerveceria Colorado"}}, "geometry": {"type": "Point", "coordinates": [-105.0075262, 39.7580135]}}, {"type": "Feature", "properties": {"osm_type": "node", "osm_id": 5508814762, "tags": {"addr:city": "Denver", "addr:housenumber": "3257", "addr:postcode": "80211", "addr:state": "CO", "addr:street": "Lowell Boulevard", "craft": "brewery", "name": "Cerebral Brewing - West Highland", "phone": "+1-303-551-9466", "website": "https://cerebralbrewing.com/location/west-highlands/"}}, "geometry": {"type": "Point", "coordinates": [-105.0348483, 39.7631048]}}, {"type": "Feature", "properties": {"osm_type": "node", "osm_id": 5597517125, "tags": {"addr:city": "Parker", "addr:housenumber": "18921", "addr:postcode": "80134", "addr:state": "CO", "addr:street": "Plaza Drive", "amenity": "pub", "brand:website": "https://www.downhillbrews.com/", "craft": "brewery", "name": "Downhill Brewing", "phone": "+1 303 805 2739", "website": "https://www.downhillbrews.com/parker-tasting-room"}}, "geometry": {"type": "Point", "coordinates": [-104.7702451, 39.5270221]}}, {"type": "Feature", "properties": {"osm_type": "node", "osm_id": 5641813560, "tags": {"craft": "brewery", "name": "Aero Plains Brewery"}}, "geometry": {"type": "Point", "coordinates": [-97.35082, 37.6844446]}}, {"type": "Feature", "properties": {"osm_type": "node", "osm_id": 5764612937, "tags": {"addr:city": "Denver", "addr:housenumber": "2810", "addr:postcode": "80205", "addr:state": "CO", "addr:street": "Larimer Street", "check_date": "2025-09-28", "craft": "brewery", "description": "Small scale craft brewery.", "name": "Our Mutual Friend Brewing Company", "opening_hours": "Mo-Th 16:00-22:00, Fr-Sa 12:00-24:00, Su 12:00-22:00", "operator": "Our Mutual Friend Brewing Company"}}, "geometry": {"type": "Point", "coordinates": [-104.9825144, 39.7605339]}}, {"type": "Feature", "properties": {"osm_type": "node", "osm_id": 5769207775, "tags": {"addr:housenumber": "1290", "addr:street": "South Broadway", "craft": "brewery", "drink:beer": "served;retail", "name": "Black Project Brewing", "opening_hours": "Tu-Th 16:00-22:00; Fr, Sa 14:00-23:00; Su 14:00-20:00", "phone": "+1-720-900-5551", "website": "http://blackprojectbeer.com/"}}, "geometry": {"type": "Point", "coordinates": [-104.9872018, 39.6933607]}}, {"type": "Feature", "properties": {"osm_type": "node", "osm_id": 5770949062, "tags": {"addr:housenumber": "1700", "addr:street": "Vine Street", "amenity": "pub", "brewery": "Mountain Sun", "cocktails": "yes", "craft": "brewery", "cuisine": "american", "diet:vegetarian": "yes", "drink:beer": "draught", "drink:liquor": "yes", "drink:wine": "yes", "email": "mtnsun@mountainsunpub.com", "name": "Vine Street Pub & Brewery", "opening_hours": "11:00-01:00", "outdoor_seating": "yes", "payment:cash": "only", "phone": "+1-303-388-2337", "toilets": "yes", "toilets:access": "permissive", "toilets:unisex": "no", "toilets:wheelchair": "yes", "website": "http://mountainsunpub.com/", "wheelchair": "yes"}}, "geometry": {"type": "Point", "coordinates": [-104.9627421, 39.7434087]}}, {"type": "Feature", "properties": {"osm_type": "node", "osm_id": 5868673747, "tags": {"addr:city": "Denver", "addr:housenumber": "3622", "addr:postcode": "80211", "addr:state": "CO", "addr:street": "Tejon Street", "craft": "distillery", "name": "Mythology Distillery"}}, "geometry": {"type": "Point", "coordinates": [-105.0110444, 39.7673107]}}, {"type": "Feature", "properties": {"osm_type": "node", "osm_id": 5868732968, "tags": {"addr:city": "Denver", "addr:housenumber": "3350", "addr:postcode": "80216", "addr:state": "CO", "addr:street": "Brighton Boulevard", "craft": "brewery", "name": "New Belgium Brewing"}}, "geometry": {"type": "Point", "coordinates": [-104.9796108, 39.7684167]}}, {"type": "Feature", "properties": {"osm_type": "node", "osm_id": 5924972823, "tags": {"craft": "brewery", "name": "Climb Hard Cider Company", "product": "cider; mead"}}, "geometry": {"type": "Point", "coordinates": [-105.1144979, 40.4078994]}}, {"type": "Feature", "properties": {"osm_type": "node", "osm_id": 6043075899, "tags": {"addr:city": "Colorado Springs", "addr:housenumber": "3629", "addr:postcode": "80906", "addr:state": "CO", "addr:street": "Star Ranch Road", "craft": "brewery", "name": "Urban Animal", "opening_hours": "Mo-Fr 11:00-21:00; Sa 12:00-21:30; Su 16:00-21:00", "outdoor_seating": "no", "phone": "+1-719-579-8822", "website": "http://places.singleplatform.com/china-doll-restaurant-15/menu"}}, "geometry": {"type": "Point", "coordinates": [-104.8155546, 38.7753006]}}, {"type": "Feature", "properties": {"osm_type": "node", "osm_id": 6044611579, "tags": {"addr:city": "Colorado Springs", "addr:housenumber": "2727", "addr:postcode": "80907", "addr:state": "CO", "addr:street": "North Cascade Avenue", "addr:unit": "123", "amenity": "bar", "check_date": "2026-06-03", "contact:facebook": "GoatPatchBrewing", "contact:instagram": "goatpatchbrewing", "craft": "brewery", "email": "info@goatpatchbrewing.com", "name": "Goat Patch Brewing Company", "opening_hours": "Mo 12:00-21:00; Tu-Fr 12:00-22:00; Fr-Sa 11:00-22:00; Su 11:00-21:00", "phone": "+1-719-471-4628", "reservation": "no", "start_date": "2017", "website": "https://www.goatpatchbrewing.com/lincoln-center", "wheelchair": "limited"}}, "geometry": {"type": "Point", "coordinates": [-104.8225274, 38.8715815]}}, {"type": "Feature", "properties": {"osm_type": "node", "osm_id": 6083961406, "tags": {"check_date": "2023-07-06", "craft": "brewery", "name": "12Degree Brewing", "website": "http://www.12degree.com/"}}, "geometry": {"type": "Point", "coordinates": [-105.1320013, 39.9782201]}}, {"type": "Feature", "properties": {"osm_type": "node", "osm_id": 6260571701, "tags": {"addr:city": "Aurora", "addr:housenumber": "6200", "addr:postcode": "80016", "addr:state": "CO", "addr:street": "South Main Street", "addr:unit": "110", "craft": "brewery", "name": "Bent Barley Brewing Company"}}, "geometry": {"type": "Point", "coordinates": [-104.7082695, 39.6044091]}}, {"type": "Feature", "properties": {"osm_type": "node", "osm_id": 6409413023, "tags": {"addr:city": "Fort Collins", "addr:housenumber": "2724", "addr:state": "CO", "addr:street": "McClelland Drive", "addr:unit": "190", "check_date": "2024-10-04", "contact:phone": "+1-970-286-2855", "contact:website": "https://maxlinebrewing.com/", "craft": "brewery", "name": "Maxline Brewing", "opening_hours": "Mo-We 12:00-21:00; Th-Fr 12:00-22:00; Sa 11:00-22:00; Su 12:00-19:00"}}, "geometry": {"type": "Point", "coordinates": [-105.0792972, 40.549781]}}, {"type": "Feature", "properties": {"osm_type": "node", "osm_id": 6467159821, "tags": {"addr:city": "Greeley", "addr:housenumber": "825", "addr:postcode": "80631", "addr:state": "CO", "addr:street": "9th Street", "addr:unit": "B", "craft": "distillery", "name": "Tower 56 Distilling", "opening_hours": "Tu-Th 16:00-22:00, Fr 16:00-23:59, Sa 14:00-23:59, Su 14:00-20:00", "outdoor_seating": "no", "phone": "+1-970-451-5768", "product": "gin;vodka;whiskey", "website": "https://www.tower56.com/"}}, "geometry": {"type": "Point", "coordinates": [-104.6924107, 40.4242698]}}, {"type": "Feature", "properties": {"osm_type": "node", "osm_id": 6519214183, "tags": {"addr:city": "Lafayette", "addr:housenumber": "802", "addr:postcode": "80026", "addr:state": "CO", "addr:street": "South Public Road", "addr:unit": "E", "check_date": "2026-07-09", "craft": "distillery", "internet_access": "wlan", "internet_access:fee": "no", "name": "DEKI", "opening_hours": "We-Th 16:00-20:00; Fr-Sa 16:00-22:00", "payment:cash": "yes", "payment:credit_cards": "yes", "payment:debit_cards": "yes", "product": "spirits", "website": "https://www.dekispirits.com/"}}, "geometry": {"type": "Point", "coordinates": [-105.0902111, 39.9908916]}}, {"type": "Feature", "properties": {"osm_type": "node", "osm_id": 6583261100, "tags": {"addr:city": "Denver", "addr:housenumber": "3636", "addr:postcode": "80216", "addr:state": "CO", "addr:street": "Chestnut Place", "craft": "distillery", "name": "Ironton Distillery and Crafthouse"}}, "geometry": {"type": "Point", "coordinates": [-104.9784821, 39.7728848]}}, {"type": "Feature", "properties": {"osm_type": "node", "osm_id": 6634653790, "tags": {"addr:city": "Golden", "addr:housenumber": "393", "addr:postcode": "80403", "addr:state": "CO", "addr:street": "North Washington Avenue", "addr:unit": "A", "air_conditioning": "yes", "craft": "brewery", "name": "Cannonball Creek Brewery", "phone": "+1-303-278-0111", "website": "http://www.cannonballcreekbrewing.com/"}}, "geometry": {"type": "Point", "coordinates": [-105.2350952, 39.7687016]}}, {"type": "Feature", "properties": {"osm_type": "node", "osm_id": 6682180230, "tags": {"addr:city": "Denver", "addr:housenumber": "3400", "addr:postcode": "80205", "addr:state": "CO", "addr:street": "Blake Street", "craft": "brewery", "name": "River North Brewery"}}, "geometry": {"type": "Point", "coordinates": [-104.9771247, 39.7673513]}}, {"type": "Feature", "properties": {"osm_type": "node", "osm_id": 6712194666, "tags": {"addr:city": "Walsenburg", "addr:country": "US", "addr:housenumber": "107", "addr:state": "CO", "addr:street": "East 5th Street", "contact:facebook": "https://www.facebook.com/554037325026432", "contact:phone": "+1 719 8901113", "contact:website": "https://craftycanarybrewery.com/", "craft": "brewery", "name": "Crafty Canary Brewery", "opening_hours": "Tu-Th 11:00-21:00; Fr 11:00-22:00; Sa 11:00-17:00"}}, "geometry": {"type": "Point", "coordinates": [-104.78101, 37.6246426]}}, {"type": "Feature", "properties": {"osm_type": "node", "osm_id": 6770831032, "tags": {"addr:city": "Greeley", "addr:housenumber": "625", "addr:postcode": "80631", "addr:state": "CO", "addr:street": "3rd Street", "addr:unit": "Unit D", "craft": "brewery", "name": "Wiley Roots Brewing Company"}}, "geometry": {"type": "Point", "coordinates": [-104.6889536, 40.4326683]}}, {"type": "Feature", "properties": {"osm_type": "node", "osm_id": 6816230985, "tags": {"addr:housenumber": "2500", "addr:postcode": "80301", "addr:street": "47th Street", "craft": "brewery", "name": "Kettle and Spoke"}}, "geometry": {"type": "Point", "coordinates": [-105.242797, 40.0258291]}}, {"type": "Feature", "properties": {"osm_type": "node", "osm_id": 7022395293, "tags": {"craft": "brewery", "name": "Alternation Brewing Company"}}, "geometry": {"type": "Point", "coordinates": [-104.9877757, 39.6886813]}}, {"type": "Feature", "properties": {"osm_type": "node", "osm_id": 7064946687, "tags": {"addr:unit": "194", "craft": "brewery", "name": "Gilded Goat Brewing Company"}}, "geometry": {"type": "Point", "coordinates": [-105.0754785, 40.5397314]}}, {"type": "Feature", "properties": {"osm_type": "node", "osm_id": 7087131315, "tags": {"addr:city": "Littleton", "addr:housenumber": "5180", "addr:postcode": "80123", "addr:state": "CO", "addr:street": "South Lowell Boulevard", "craft": "brewery", "name": "Zymos Brewing"}}, "geometry": {"type": "Point", "coordinates": [-105.034589, 39.6229741]}}, {"type": "Feature", "properties": {"osm_type": "node", "osm_id": 7100191211, "tags": {"addr:city": "Denver", "addr:housenumber": "1600", "addr:postcode": "80218", "addr:state": "CO", "addr:street": "East 17th Avenue", "contact:instagram": "https://www.instagram.com/thirstymonkdenver/", "craft": "brewery", "email": "denver@monkpub.com", "happy_hours": "Tu-Fr 16:00-18:00", "name": "Reverence Brewing company", "opening_hours": "Tu-Th 16:00-23:00; Fr, Sa 14:00-00:00; Su 14:00-22:00", "phone": "+1-303-568-9053", "website": "https://www.reverencebrewingcompany.com/"}}, "geometry": {"type": "Point", "coordinates": [-104.9681884, 39.743061]}}, {"type": "Feature", "properties": {"osm_type": "node", "osm_id": 7164583487, "tags": {"addr:city": "Colorado Springs", "addr:housenumber": "2458", "addr:postcode": "80918", "addr:state": "CO", "addr:street": "Montebello Square Drive", "check_date": "2024-05-07", "craft": "brewery", "name": "Lost Friend Brewing Company", "product": "beer"}}, "geometry": {"type": "Point", "coordinates": [-104.782344, 38.9088412]}}, {"type": "Feature", "properties": {"osm_type": "node", "osm_id": 7178239342, "tags": {"addr:city": "Loveland", "addr:housenumber": "2245", "addr:postcode": "80537", "addr:state": "CO", "addr:street": "West Eisenhower Boulevard", "craft": "brewery", "name": "Elevated Fermentations"}}, "geometry": {"type": "Point", "coordinates": [-105.108411, 40.4082641]}}, {"type": "Feature", "properties": {"osm_type": "node", "osm_id": 7409582838, "tags": {"craft": "distillery", "name": "Tower 56"}}, "geometry": {"type": "Point", "coordinates": [-104.9819933, 40.4371619]}}, {"type": "Feature", "properties": {"osm_type": "node", "osm_id": 7424155861, "tags": {"addr:city": "Loveland", "addr:housenumber": "965", "addr:postcode": "80537", "addr:state": "CO", "addr:street": "East 11th Street", "craft": "brewery", "name": "Dr\u00e4tz Brewing Company", "product": "beer"}}, "geometry": {"type": "Point", "coordinates": [-105.0641646, 40.4045531]}}, {"type": "Feature", "properties": {"osm_type": "node", "osm_id": 7468639684, "tags": {"craft": "brewery", "name": "Pint Nine Brewing Company"}}, "geometry": {"type": "Point", "coordinates": [-96.0759759, 41.1718832]}}, {"type": "Feature", "properties": {"osm_type": "node", "osm_id": 7850877637, "tags": {"addr:city": "GreatBend", "addr:housenumber": "1305", "addr:postcode": "67530", "addr:state": "KS", "addr:street": "Main Street", "craft": "brewery", "name": "Dry Lake Brewing", "operator": "Dry Lake Brewing, LLC"}}, "geometry": {"type": "Point", "coordinates": [-98.7654727, 38.3646865]}}, {"type": "Feature", "properties": {"osm_type": "node", "osm_id": 7859646081, "tags": {"addr:unit": "2", "craft": "brewery", "opening_hours": "Mo-Th 14:00-21:00; Fr-Su 09:00-21:00", "phone": "+1-970-658-2606", "survey:date": "2025-11-24", "website": "https://konstructbrewing.com/", "wheelchair": "yes"}}, "geometry": {"type": "Point", "coordinates": [-105.0211197, 40.5225748]}}, {"type": "Feature", "properties": {"osm_type": "node", "osm_id": 7906671669, "tags": {"check_date": "2024-04-28", "craft": "brewery", "name": "Jak's"}}, "geometry": {"type": "Point", "coordinates": [-104.6068714, 38.9701765]}}, {"type": "Feature", "properties": {"osm_type": "node", "osm_id": 8089818821, "tags": {"check_date": "2026-07-11", "craft": "brewery", "name": "Rock Coast Brewery"}}, "geometry": {"type": "Point", "coordinates": [-105.0712625, 40.3972983]}}, {"type": "Feature", "properties": {"osm_type": "node", "osm_id": 8089966754, "tags": {"addr:city": "Loveland", "addr:housenumber": "127", "addr:postcode": "80537", "addr:state": "CO", "addr:street": "East 5th Street", "craft": "brewery", "name": "Verboten Brewing", "phone": "+1-970-775-7371", "website": "https://verbotenbrewing.com/"}}, "geometry": {"type": "Point", "coordinates": [-105.0751057, 40.3966479]}}, {"type": "Feature", "properties": {"osm_type": "node", "osm_id": 8089966755, "tags": {"addr:housenumber": "123", "addr:street": "East 5th Street", "craft": "distillery", "name": "Oak and Maple (Whisky and Waffle Co.)", "website": "https://www.oakandmaplewaffles.com/"}}, "geometry": {"type": "Point", "coordinates": [-105.0752619, 40.3966577]}}, {"type": "Feature", "properties": {"osm_type": "node", "osm_id": 8359044217, "tags": {"addr:housenumber": "18455", "addr:street": "West Colfax Avenue", "addr:unit": "103", "craft": "brewery", "name": "Over Yonder Brewing Company", "website": "https://www.overyonderbrewing.com/"}}, "geometry": {"type": "Point", "coordinates": [-105.2052202, 39.7032547]}}, {"type": "Feature", "properties": {"osm_type": "node", "osm_id": 8833844149, "tags": {"addr:city": "Lone Tree", "addr:housenumber": "8200", "addr:postcode": "80124", "addr:state": "CO", "addr:street": "Park Meadows Drive", "addr:unit": "8222", "amenity": "pub", "craft": "brewery", "email": "info@lonetreebrewingco.com", "microbrewery": "yes", "name": "Lone Tree Brewing Co", "opening_hours": "Mo-We 12:00-20:00; Th 12:00-21:00; Fr 12:00-22:00; Sa 11:00-22:00; Su 11:00-20:00", "phone": "+1-303-792-9822"}}, "geometry": {"type": "Point", "coordinates": [-104.8929794, 39.5624732]}}, {"type": "Feature", "properties": {"osm_type": "node", "osm_id": 8971412577, "tags": {"addr:housenumber": "600", "addr:street": "12th Street", "craft": "brewery", "name": "Barrels & Bottles Brewery"}}, "geometry": {"type": "Point", "coordinates": [-105.219756, 39.7564603]}}, {"type": "Feature", "properties": {"osm_type": "node", "osm_id": 8983533508, "tags": {"addr:city": "Denver", "addr:housenumber": "244", "addr:postcode": "80209", "addr:state": "CO", "addr:street": "South Broadway", "amenity": "pub", "check_date:opening_hours": "2025-10-16", "contact:facebook": "denverdistillery", "craft": "distillery", "email": "contact@denverdistillery.com", "name": "Denver Distillery", "opening_hours": "Th-Fr 17:00-22:00; Sa 15:00-22:00; Su 14:00-20:00", "phone": "+1-720-381-3226", "website": "https://www.denverdistillery.com", "wheelchair": "yes"}}, "geometry": {"type": "Point", "coordinates": [-104.9873542, 39.7121759]}}, {"type": "Feature", "properties": {"osm_type": "node", "osm_id": 9049229807, "tags": {"check_date": "2024-05-29", "craft": "brewery", "name": "OCC Brewing"}}, "geometry": {"type": "Point", "coordinates": [-104.8602158, 38.8459013]}}, {"type": "Feature", "properties": {"osm_type": "node", "osm_id": 9106967908, "tags": {"addr:housenumber": "118", "addr:street": "West 4th Street", "craft": "brewery", "name": "Loveland Aleworks", "website": "https://www.lovelandaleworks.com"}}, "geometry": {"type": "Point", "coordinates": [-105.0774166, 40.3953775]}}, {"type": "Feature", "properties": {"osm_type": "node", "osm_id": 9159459770, "tags": {"amenity": "bar", "craft": "distillery", "name": "The Heart Distillery", "website": "https://theheartdistillery.com/"}}, "geometry": {"type": "Point", "coordinates": [-104.9359605, 40.4801487]}}, {"type": "Feature", "properties": {"osm_type": "node", "osm_id": 9306693951, "tags": {"addr:city": "Garden City", "addr:housenumber": "2010", "addr:postcode": "67846", "addr:state": "KS", "addr:street": "East Schulman Avenue", "craft": "brewery", "name": "Hidden Trail Brewing", "operator": "Hidden Trail Brewing", "phone": "+1-620-315-4690", "product": "beer;liqour", "website": "www.hiddentrailbrewing.com"}}, "geometry": {"type": "Point", "coordinates": [-100.845883, 37.9746182]}}, {"type": "Feature", "properties": {"osm_type": "node", "osm_id": 9632580653, "tags": {"addr:city": "Sioux City", "addr:housenumber": "930", "addr:postcode": "51101", "addr:state": "IA", "addr:street": "4th Street", "breakfast": "no", "breakfast:brunch": "Su 10:00-14:00", "contact:facebook": "https://www.facebook.com/Marto-Brewing-Co-340960029313973/", "contact:instagram": "https://www.instagram.com/martobrewing", "contact:twitter": "https://twitter.com/martobrewingco", "craft": "brewery", "lunch": "Tu-Fr 11:30-16:00", "microbrewery": "yes", "name": "Marto Brewing Company", "opening_hours": "Mo 15:00-22:00; Tu-Th 11:30-22:00; Fr-Sa 11:30-24:00; Su 10:00-20:00", "opening_hours:kitchen": "Mo 15:00-21:00; Tu-Th 11:30-21:00; Fr-Sa 11:30-22:00; Su 10:00-20:00", "phone": "+1-712-226-2337", "website": "https://martobrewing.com/"}}, "geometry": {"type": "Point", "coordinates": [-96.3982498, 42.4938504]}}, {"type": "Feature", "properties": {"osm_type": "node", "osm_id": 9663732027, "tags": {"craft": "brewery", "name": "BATCH Slapped brewery/cidery"}}, "geometry": {"type": "Point", "coordinates": [-104.7181687, 38.8549703]}}, {"type": "Feature", "properties": {"osm_type": "node", "osm_id": 9768366572, "tags": {"addr:city": "Westminster", "addr:housenumber": "8931", "addr:postcode": "80031", "addr:state": "CO", "addr:street": "North Harlan Street;Harlan Street", "craft": "brewery", "name": "Kokopelli Beer Company", "phone": "+1-303-284-0135", "source": "esri/USA_NAD_Addresses", "website": "https://kokopellibeerco.com/"}}, "geometry": {"type": "Point", "coordinates": [-105.0652166, 39.8586441]}}, {"type": "Feature", "properties": {"osm_type": "node", "osm_id": 9941243949, "tags": {"amenity": "restaurant", "craft": "brewery", "name": "Pal's Brewing Company"}}, "geometry": {"type": "Point", "coordinates": [-100.7929332, 41.0930733]}}, {"type": "Feature", "properties": {"osm_type": "node", "osm_id": 10239587023, "tags": {"addr:city": "Denver", "addr:housenumber": "1495", "addr:postcode": "80206", "addr:state": "CO", "addr:street": "York Street", "addr:unit": "101", "craft": "brewery", "name": "Bruz Off Fax"}}, "geometry": {"type": "Point", "coordinates": [-104.959959, 39.7396624]}}, {"type": "Feature", "properties": {"osm_type": "node", "osm_id": 10566888935, "tags": {"addr:city": "Eaton", "addr:housenumber": "208", "addr:postcode": "80615", "addr:state": "CO", "addr:street": "Oak Avenue", "craft": "brewery", "name": "Sheaf and Kettle Brewing", "opening_hours": "Th-Fr 16:30-21:00; Sa 14:00-21:00; Su 14:00-20:00", "website": "https://www.sheafandkettle.com/"}}, "geometry": {"type": "Point", "coordinates": [-104.7115406, 40.5278428]}}, {"type": "Feature", "properties": {"osm_type": "node", "osm_id": 10731867106, "tags": {"addr:unit": "E", "amenity": "bar", "check_date:opening_hours": "2023-03-12", "lgbtq": "primary", "microbrewery": "yes", "name": "DV8 Distillery", "opening_hours": "Tu-Th 16:00-21:00; Fr,Sa 16:00-22:00", "website": "https://www.dv8.fun/"}}, "geometry": {"type": "Point", "coordinates": [-105.2376288, 40.0232533]}}, {"type": "Feature", "properties": {"osm_type": "node", "osm_id": 10788171490, "tags": {"addr:city": "Derby", "addr:housenumber": "437", "addr:postcode": "67037", "addr:state": "KS", "addr:street": "East Madison Avenue", "craft": "brewery", "name": "First Man Brewery"}}, "geometry": {"type": "Point", "coordinates": [-97.2656338, 37.5475707]}}, {"type": "Feature", "properties": {"osm_type": "node", "osm_id": 11003198430, "tags": {"addr:city": "Erie", "addr:housenumber": "4035", "addr:postcode": "80516", "addr:state": "CO", "addr:street": "East County Line Road", "addr:unit": "B", "craft": "brewery", "name": "The Handlebar Factory", "opening_hours": "tu-we: 16:00-21:00, th: 11:00-21:00, fr-sa: 11:00-22:00, su: 11:00-21:00", "product": "cider", "source": "esri_USDOT_ColoradoOITGIS", "website": "https://www.theoldmine.com/thehandlebarfactory"}}, "geometry": {"type": "Point", "coordinates": [-105.0560612, 40.0459231]}}, {"type": "Feature", "properties": {"osm_type": "node", "osm_id": 11065427314, "tags": {"addr:city": "Denver", "addr:housenumber": "3851", "addr:postcode": "80205", "addr:state": "CO", "addr:street": "Steele Street", "addr:unit": "1388", "craft": "brewery", "name": "Cohesion Brewing", "phone": "+1-303-997-7016", "product": "beer", "website": "https://www.cohesionbeer.com/"}}, "geometry": {"type": "Point", "coordinates": [-104.9577424, 39.7698862]}}, {"type": "Feature", "properties": {"osm_type": "node", "osm_id": 11147350510, "tags": {"addr:city": "Westminster", "addr:housenumber": "12910", "addr:postcode": "80234", "addr:state": "CO", "addr:street": "Zuni Street", "addr:unit": "1300", "craft": "brewery", "name": "Frolic Brewing", "opening_hours": "su-th 10:00-22:00, fr-sa 10:00-23:00", "phone": "+1-303-993-7443", "website": "https://www.frolicbrewing.com"}}, "geometry": {"type": "Point", "coordinates": [-105.0149108, 39.9305918]}}, {"type": "Feature", "properties": {"osm_type": "node", "osm_id": 11337011280, "tags": {"addr:door": "15", "addr:housenumber": "1501", "addr:street": "Lee Hill Drive", "check_date": "2023-11-09", "craft": "brewery", "name": "BOCO Cider", "opening_hours": "Mo-We off; Th-Su 15:00-20:00", "payment:cash": "yes", "payment:credit_cards": "yes", "payment:debit_cards": "yes", "product": "cider", "website": "https://bococider.com", "wheelchair": "yes"}}, "geometry": {"type": "Point", "coordinates": [-105.2790731, 40.0628692]}}, {"type": "Feature", "properties": {"osm_type": "node", "osm_id": 11587798321, "tags": {"craft": "brewery", "name": "Westbound & Down", "opening_hours": "Mo-Th,Su 11:00-20:00; Fr-Sa 11:00-21:00"}}, "geometry": {"type": "Point", "coordinates": [-105.1315579, 40.012948]}}, {"type": "Feature", "properties": {"osm_type": "node", "osm_id": 11642056007, "tags": {"craft": "brewery", "name": "Whistle Pig Brewing Company"}}, "geometry": {"type": "Point", "coordinates": [-104.8097576, 38.8632507]}}, {"type": "Feature", "properties": {"osm_type": "node", "osm_id": 11749098408, "tags": {"craft": "brewery", "name": "Big Thompson Brewery"}}, "geometry": {"type": "Point", "coordinates": [-105.0753891, 40.4076033]}}, {"type": "Feature", "properties": {"osm_type": "node", "osm_id": 11902447469, "tags": {"craft": "brewery", "name": "Beyond The Mountain Brewing Company"}}, "geometry": {"type": "Point", "coordinates": [-105.2148514, 40.0647951]}}, {"type": "Feature", "properties": {"osm_type": "node", "osm_id": 12095486012, "tags": {"addr:city": "Boulder", "addr:housenumber": "2516", "addr:postcode": "80301", "addr:state": "CO", "addr:street": "49th Street", "addr:unit": "5", "amenity": "pub", "craft": "brewery", "microbrewery": "yes", "name": "Rocks and Hops Brewing", "opening_hours": "Th-Fr 17:00-21:00, Sa 13:00-21:00, Su 13:00-19:00", "website": "https://rocksandhopsbrewing.com/"}}, "geometry": {"type": "Point", "coordinates": [-105.2377638, 40.0237469]}}, {"type": "Feature", "properties": {"osm_type": "node", "osm_id": 12182148696, "tags": {"addr:city": "Centennial", "addr:housenumber": "15353", "addr:postcode": "80112", "addr:state": "CO", "addr:street": "East Hinsdale Drive", "addr:unit": "C", "craft": "distillery", "name": "Branch & Barrel Distilling"}}, "geometry": {"type": "Point", "coordinates": [-104.8100264, 39.5821958]}}, {"type": "Feature", "properties": {"osm_type": "node", "osm_id": 12205995008, "tags": {"addr:city": "Colorado Springs", "addr:housenumber": "3582", "addr:postcode": "80924", "addr:state": "CO", "addr:street": "Blue Horizon View", "addr:unit": "180", "branch": "Old Ranch", "check_date": "2026-05-31", "craft": "brewery", "name": "JAK's Taproom", "opening_hours": "Tu-Th 16:00-22:00; Fr-Sa 12:00-22:00; Su 11:00-22:00; Mo off", "website": "https://www.jaksbrewing.com/jaks-brewing---old-ranch"}}, "geometry": {"type": "Point", "coordinates": [-104.7596865, 38.9839693]}}, {"type": "Feature", "properties": {"osm_type": "node", "osm_id": 12208351067, "tags": {"addr:housenumber": "1831", "addr:street": "East Mulberry Street", "check_date": "2024-09-29", "craft": "brewery", "name": "Peculier Ales", "website": "https://peculierales.com/"}}, "geometry": {"type": "Point", "coordinates": [-105.0442204, 40.5801204]}}, {"type": "Feature", "properties": {"osm_type": "node", "osm_id": 12298172985, "tags": {"amenity": "bar", "microbrewery": "yes", "name": "Cohesion", "website": "https://www.cohesionbeer.com/"}}, "geometry": {"type": "Point", "coordinates": [-104.9577857, 39.7698286]}}, {"type": "Feature", "properties": {"osm_type": "node", "osm_id": 12396836282, "tags": {"addr:city": "Fort Collins", "addr:housenumber": "1035", "addr:postcode": "80521", "addr:state": "CO", "addr:street": "South Taft Hill Road", "check_date": "2026-03-03", "contact:facebook": "https://www.facebook.com/mythmakerbrewing/", "craft": "brewery", "description": "Mythmaker Brewing is a taproom brewery located at 1035 S Taft Hill Road in Fort Collins, CO. Mythmaker Brewing is dedicated to the evolution of beer, blending tradition with innovation. We honor classic brewing styles while pushing the boundaries with exp", "image": "https://lh5.googleusercontent.com/VQo0CVXFaehYwo0Z5kzvogyzjYslQrsajOYVkuo0zBNGkcq9Kv1nBFvC5atzb-QZitO5XkyhGHfo4od5lDjgwvM=w1280", "internet_access": "wlan", "level": "0", "name": "Mythmaker Brewing", "opening_hours": "Su 12:00-20:00; Mo-Th 12:00-21:00; Fr-Sa 12:00-22:00", "payment:cash": "yes", "payment:contactless": "yes", "payment:credit_cards": "yes", "payment:debit_cards": "yes", "phone": "+1-970-666-4418", "product": "beer;food", "website": "https://www.mythmakerbrewing.com"}}, "geometry": {"type": "Point", "coordinates": [-105.1153775, 40.5727711]}}, {"type": "Feature", "properties": {"osm_type": "node", "osm_id": 12594302880, "tags": {"addr:city": "Peyton", "addr:housenumber": "10610", "addr:postcode": "80831", "addr:state": "CO", "addr:street": "Maltese Point", "craft": "brewery", "name": "Black Forest Brewing Company - East", "note": "Identifies as Veteran and Women owned", "opening_hours": "Mo-Fr 14:00-21:00 Sa 11:00-22:00 Su 11:00-20:00", "phone": "+1 719-888-9501", "website": "https://www.blackforestbrewingco.com/"}}, "geometry": {"type": "Point", "coordinates": [-104.6310988, 38.9401353]}}, {"type": "Feature", "properties": {"osm_type": "node", "osm_id": 12646543289, "tags": {"addr:floor": "G", "addr:housenumber": "1055", "addr:street": "Orchard Street", "check_date": "2025-03-09", "craft": "brewery", "level": "0", "name": "Barrels and Bottles Brewery", "opening_hours": "11:00-21:00", "payment:cash": "yes", "payment:credit_cards": "yes", "payment:debit_cards": "yes", "phone": "+1 303-353-9832", "product": "food", "website": "https://www.barrelsbottles.com/"}}, "geometry": {"type": "Point", "coordinates": [-105.1799973, 39.7346617]}}, {"type": "Feature", "properties": {"osm_type": "node", "osm_id": 12847700549, "tags": {"check_date": "2025-05-18", "craft": "brewery", "name": "Purpose Brewing & Cellars", "payment:cash": "yes", "payment:credit_cards": "yes", "payment:debit_cards": "yes", "product": "beer;food"}}, "geometry": {"type": "Point", "coordinates": [-105.0801866, 40.5313531]}}, {"type": "Feature", "properties": {"osm_type": "node", "osm_id": 13004584185, "tags": {"craft": "brewery", "name": "BOSS City"}}, "geometry": {"type": "Point", "coordinates": [-102.9794545, 41.1441026]}}, {"type": "Feature", "properties": {"osm_type": "node", "osm_id": 13272374466, "tags": {"addr:city": "Golden", "addr:housenumber": "1921", "addr:postcode": "80401", "addr:state": "CO", "addr:street": "Youngfield Street", "addr:unit": "#210", "craft": "brewery", "name": "Mad Macks Brewing", "opening_hours": "Mo-Su 15:00-22:00", "phone": "+1-720-739-0755", "product": "beer", "website": "https://www.madmacksbrewing.com"}}, "geometry": {"type": "Point", "coordinates": [-105.1442881, 39.7463007]}}, {"type": "Feature", "properties": {"osm_type": "node", "osm_id": 13301876565, "tags": {"addr:city": "Wichita", "addr:housenumber": "222", "addr:postcode": "67202", "addr:state": "KS", "addr:street": "South Commerce", "contact:facebook": "facebook.com/104410452084346", "craft": "brewery", "name": "Tor Brewing", "product": "food;beer", "website": "https://www.torbrewing.com/"}}, "geometry": {"type": "Point", "coordinates": [-97.3305714, 37.6840666]}}, {"type": "Feature", "properties": {"osm_type": "node", "osm_id": 13330611222, "tags": {"craft": "brewery", "name": "Downhill Brewing Company"}}, "geometry": {"type": "Point", "coordinates": [-104.8769589, 39.5946682]}}, {"type": "Feature", "properties": {"osm_type": "node", "osm_id": 13536808624, "tags": {"addr:city": "Denver", "addr:housenumber": "205", "addr:postcode": "80203", "addr:state": "CO", "addr:street": "East 7th Avenue", "craft": "brewery", "name": "Out of the Barrel Taproom", "phone": "+1-720-708-3216", "product": "beer", "website": "https://www.outofthebarrelco.com/"}}, "geometry": {"type": "Point", "coordinates": [-104.984669, 39.7274503]}}, {"type": "Feature", "properties": {"osm_type": "node", "osm_id": 13664130215, "tags": {"addr:city": "Fort Collins", "addr:housenumber": "405", "addr:postcode": "80542", "addr:state": "CO", "addr:street": "Linden Street", "craft": "brewery", "name": "Hello Brew Co", "opening_hours": "Mo-We 15:00-20:00; Th-Sa 12:00-20:00; Su 12:00-19:00", "website": "https://www.hellobrewco.com/"}}, "geometry": {"type": "Point", "coordinates": [-105.0727868, 40.5906011]}}, {"type": "Feature", "properties": {"osm_type": "node", "osm_id": 13673320242, "tags": {"addr:city": "Denver", "addr:housenumber": "7045", "addr:postcode": "80207", "addr:state": "CO", "addr:street": "East 38th Avenue", "amenity": "pub", "craft": "brewery", "name": "Station 26 Brewery", "owner": "Dry Dock Enterprises, Inc.", "website": "https://www.station26brewing.co/"}}, "geometry": {"type": "Point", "coordinates": [-104.9059423, 39.7695919]}}, {"type": "Feature", "properties": {"osm_type": "node", "osm_id": 13673320248, "tags": {"addr:city": "Denver", "addr:housenumber": "4040", "addr:postcode": "80216", "addr:state": "CO", "addr:street": "Dalia Street", "amenity": "pub", "bar": "yes", "craft": "brewery", "drink:beer": "yes", "name": "4 Noses Brewing Park Hill", "opening_hours": "Mo-Th 14:00-21:00; Fr 13:00-21:00; Sa, Su 12:00-21:00", "operator": "4 Noses Brewing", "phone": "+1 720-324-4735", "website": "https://www.4nosesbrewing.com/4-noses-park-hill"}}, "geometry": {"type": "Point", "coordinates": [-104.9312269, 39.7739522]}}, {"type": "Feature", "properties": {"osm_type": "node", "osm_id": 13673320342, "tags": {"addr:city": "Denver", "addr:housenumber": "4100", "addr:postcode": "80211", "addr:state": "CO", "addr:street": "Jason Street", "contact:phone": "+1 303-997-7375", "contact:website": "https://www.waldschankeciders.com/", "craft": "brewery", "description": "Swiss-inspired cider & small-batch coffee offered in a rustic, industrial venue with outdoor seats.", "name": "Waldsch\u00e4nke Ciders & Coffee"}}, "geometry": {"type": "Point", "coordinates": [-104.999036, 39.773177]}}, {"type": "Feature", "properties": {"osm_type": "node", "osm_id": 13689096902, "tags": {"addr:housenumber": "2028", "addr:postcode": "80905", "addr:street": "Sheldon Avenue", "check_date": "2026-03-29", "check_date:opening_hours": "2026-03-29", "contact:facebook": "southparkbrewingcolorado", "contact:instagram": "southparkbrewingcolorado", "craft": "brewery", "email": "info@southparkbrewingco.com", "name": "South Park Brewing Co", "opening_hours": "Su-Th 12:00-20:00; Fr-Sa 12:00-21:00", "phone": "+17198361932", "website": "https://southparkbrewingcolorado.com/"}}, "geometry": {"type": "Point", "coordinates": [-104.8578877, 38.8421068]}}, {"type": "Feature", "properties": {"osm_type": "node", "osm_id": 13731516601, "tags": {"addr:housenumber": "2625", "addr:postcode": "80215", "addr:street": "Kipling Street", "contact:instagram": "thewerkscolorado", "craft": "brewery", "name": "The Werks", "opening_hours": "Mo-Th 11:00-23:00; Fr 11:00-00:00; Sa 10:00-00:00; Su 10:00-23:00", "phone": "+17207493137", "website": "https://thewerkscolorado.com/"}}, "geometry": {"type": "Point", "coordinates": [-105.1102897, 39.7551952]}}, {"type": "Feature", "properties": {"osm_type": "node", "osm_id": 13905966948, "tags": {"addr:city": "Timnath", "addr:housenumber": "4138", "addr:postcode": "80547", "addr:state": "CO", "addr:street": "Main Street", "craft": "brewery", "name": "Timnath Beerwerks", "opening_hours": "Su-We 12:00-20:00; Th-Sa 12:00-21:00", "phone": "+1-970-999-5751", "product": "beer", "website": "https://www.timnathbeerwerks.com"}}, "geometry": {"type": "Point", "coordinates": [-104.9817104, 40.5289785]}}, {"type": "Feature", "properties": {"osm_type": "node", "osm_id": 13955943123, "tags": {"addr:city": "Denver", "addr:housenumber": "6381", "addr:postcode": "80221", "addr:state": "CO", "addr:street": "West 64th Avenue", "addr:unit": "A", "craft": "brewery", "name": "Primitive Beer", "note": "Shares with Amalgam Brewing, see https://www.openstreetmap.org/note/4626250", "product": "beer", "website": "https://primitive.beer/"}}, "geometry": {"type": "Point", "coordinates": [-105.0184334, 39.8123819]}}, {"type": "Feature", "properties": {"osm_type": "node", "osm_id": 13975612801, "tags": {"addr:housenumber": "3518", "addr:street": "Larimer Street", "craft": "brewery", "name": "Colorado Sake Co", "opening_hours": "Mo-Th 17:00-21:00; Fr 16:00-23:00; Sa 12:00-23:00", "website": "https://www.coloradosakeco.com/"}}, "geometry": {"type": "Point", "coordinates": [-104.9737059, 39.7670242]}}, {"type": "Feature", "properties": {"osm_type": "node", "osm_id": 357587998, "tags": {"craft": "distillery", "ele": "45", "gnis:feature_id": "964464", "name": "The Hudson House & Distillery"}}, "geometry": {"type": "Point", "coordinates": [-73.9587429, 41.7847481]}}, {"type": "Feature", "properties": {"osm_type": "node", "osm_id": 596245658, "tags": {"addr:city": "Philadelphia", "addr:housenumber": "7136", "addr:postcode": "19119", "addr:state": "PA", "addr:street": "Germantown Avenue", "amenity": "restaurant", "check_date": "2026-03-16", "craft": "brewery", "microbrewery": "yes", "name": "T\u00f6ska"}}, "geometry": {"type": "Point", "coordinates": [-75.1903546, 40.0591996]}}, {"type": "Feature", "properties": {"osm_type": "node", "osm_id": 679495456, "tags": {"addr:city": "Albany", "addr:housenumber": "19", "addr:postcode": "12207", "addr:state": "NY", "addr:street": "Quackenbush Square", "amenity": "restaurant", "craft": "brewery", "name": "Common Roots Albany Outpost", "nysgissam:nysaddresspointid": "ALBA009077", "nysgissam:review": "no matching street nearby", "old_name": "Albany Pump Station", "operator": "Common Roots", "was:operator": "C. H. Evans Brewing Company", "website": "https://commonrootsbrewing.com/albany/", "wikidata": "Q4709372"}}, "geometry": {"type": "Point", "coordinates": [-73.7477348, 42.6540692]}}, {"type": "Feature", "properties": {"osm_type": "node", "osm_id": 1729210708, "tags": {"addr:city": "North Beach", "addr:country": "US", "addr:floor": "G", "addr:housenumber": "9132", "addr:postcode": "20714", "addr:state": "MD", "addr:street": "Bay Avenue", "check_date": "2025-09-06", "craft": "brewery", "entrance": "main", "level": "0", "name": "Unauthorized Brewery", "opening_hours": "Mo-We off; Th-Fr 16:00-21:00; Sa-Su 13:00-21:00", "website": "https://unauthorizedbrewing.com/"}}, "geometry": {"type": "Point", "coordinates": [-76.5314015, 38.7084333]}}, {"type": "Feature", "properties": {"osm_type": "node", "osm_id": 1869018433, "tags": {"addr:city": "Syracuse", "addr:country": "US", "addr:housenumber": "120", "addr:postcode": "13204", "addr:state": "NY", "addr:street": "Wilkinson Street", "craft": "brewery", "man_made": "works", "name": "Middle Ages Brewing Company"}}, "geometry": {"type": "Point", "coordinates": [-76.1615904, 43.0510806]}}, {"type": "Feature", "properties": {"osm_type": "node", "osm_id": 2335044962, "tags": {"addr:city": "Smyrna", "addr:postcode": "19977", "addr:street": "West Commerce Street", "craft": "distillery", "distillery": "whisky;gin;vodka", "name": "Painted Stave Distilling", "website": "https://paintedstave.com/"}}, "geometry": {"type": "Point", "coordinates": [-75.6084788, 39.2994322]}}, {"type": "Feature", "properties": {"osm_type": "node", "osm_id": 2550078598, "tags": {"addr:housenumber": "218", "addr:postcode": "11231", "addr:street": "Conover Street", "craft": "distillery", "name": "Widow Jane Distillery", "phone": "+1-718-407-4927", "website": "https://widowjane.com"}}, "geometry": {"type": "Point", "coordinates": [-74.0152788, 40.6773423]}}, {"type": "Feature", "properties": {"osm_type": "node", "osm_id": 2615076537, "tags": {"addr:city": "Philadelphia", "addr:housenumber": "2440", "addr:postcode": "19125", "addr:street": "Frankford Avenue", "check_date": "2023-11-03", "craft": "brewery", "name": "Philadelphia Brewing Company", "website": "https://philadelphiabrewing.com/"}}, "geometry": {"type": "Point", "coordinates": [-75.127241, 39.9826669]}}, {"type": "Feature", "properties": {"osm_type": "node", "osm_id": 2687238430, "tags": {"construction:amenity": "bar", "craft": "brewery", "level": "2", "name": "Harpoon Tap Room"}}, "geometry": {"type": "Point", "coordinates": [-71.0249366, 42.3641375]}}, {"type": "Feature", "properties": {"osm_type": "node", "osm_id": 2731249378, "tags": {"addr:city": "Boston", "addr:housenumber": "306", "addr:postcode": "02210", "addr:street": "Northern Avenue", "check_date": "2023-10-23", "craft": "brewery", "name": "Harpoon Brewery", "website": "https://www.harpoonbrewery.com/boston-brewery/", "wheelchair": "yes", "wikidata": "Q5663611"}}, "geometry": {"type": "Point", "coordinates": [-71.0339692, 42.3472714]}}, {"type": "Feature", "properties": {"osm_type": "node", "osm_id": 2793886379, "tags": {"craft": "brewery"}}, "geometry": {"type": "Point", "coordinates": [-72.868086, 41.6663219]}}, {"type": "Feature", "properties": {"osm_type": "node", "osm_id": 3059095116, "tags": {"brand": "Elicit Brewing", "craft": "brewery", "name": "Elicit Brewing"}}, "geometry": {"type": "Point", "coordinates": [-73.4865387, 41.3766087]}}, {"type": "Feature", "properties": {"osm_type": "node", "osm_id": 3137721589, "tags": {"addr:city": "Syracuse", "addr:country": "US", "addr:housenumber": "108", "addr:postcode": "13206", "addr:state": "NY", "addr:street": "Walter Drive", "amenity": "bar", "brewery": "Eastwood Brewing Company;American Pale Ale;ACDC IPA;Dark American Wheat;Session Pale Ale;American Rye;Kubal Mocha Stout;Oatmeal Stout", "craft": "brewery", "fixme": "check payment:american_express=yes", "microbrewery": "yes", "name": "Eastwood Brewing Company", "opening_hours": "Mo-Th 16:00-19:00; Fr 14:00-20:00; Sa 12:00-20:00; Su 12:00-16:00", "payment:american_express": "yes", "payment:cash": "yes", "payment:coins": "yes", "payment:mastercard": "yes", "payment:notes": "yes", "payment:visa": "yes", "smoking": "no", "source:payment": "photo of payment methods that they except sign that's on the wall that I took it turned out a little blurry so I'm not 100% sure about the middle card", "wheelchair": "yes"}}, "geometry": {"type": "Point", "coordinates": [-76.0980832, 43.0701121]}}, {"type": "Feature", "properties": {"osm_type": "node", "osm_id": 3205288492, "tags": {"addr:city": "Long Island City", "addr:housenumber": "46-01", "addr:postcode": "11101", "addr:state": "NY", "addr:street": "5th Street", "air_conditioning": "no", "craft": "brewery", "email": "info@rockawaybrewco.com", "name": "Rockaway Brewing Company", "opening_hours": "Mo-Th 15:00-21:00; Fr 15:00-22:00; Sa 12:00-22:00; Su 12:00-21:00", "phone": "+1 718 482 6528", "product": "beer", "website": "http://rockawaybrewco.com", "wheelchair": "no"}}, "geometry": {"type": "Point", "coordinates": [-73.9549525, 40.7471977]}}, {"type": "Feature", "properties": {"osm_type": "node", "osm_id": 3205304017, "tags": {"addr:city": "Long Island City", "addr:housenumber": "53-02", "addr:postcode": "11101", "addr:state": "NY", "addr:street": "11th Street", "craft": "brewery", "email": "INFO@TransmitterBrewing.com", "name": "Transmitter Brewing", "note": "They are located under the Pulaski Bridge, directly accross the Long Island City access stairs. Walking from Greenpoint or the 7 train it is fastest to use the Pulaski Bridge stairs.", "opening_hours": "Fr 17:00-20:00; Sa-Su 12:00-17:00", "operator": "Transmitter Brewing LLC", "phone": "+1 646-378-8529", "shop": "alcohol", "website": "https://www.transmitterbrewing.com/", "wheelchair": "yes"}}, "geometry": {"type": "Point", "coordinates": [-73.952635, 40.7401149]}}, {"type": "Feature", "properties": {"osm_type": "node", "osm_id": 3308510447, "tags": {"addr:city": "Somerville", "addr:housenumber": "14", "addr:postcode": "02143", "addr:state": "MA", "addr:street": "Tyler Street", "air_conditioning": "yes", "alt_name": "Aeronaut Brewing Co.", "branch": "Somerville, MA", "brand:facebook": "https://www.facebook.com/aeronautbrewing/", "building": "brewery", "check_date": "2026-03-08", "contact:facebook": "https://www.facebook.com/aeronautbrewing/", "contact:instagram": "https://www.instagram.com/aeronautbrewing/", "contact:twitter": "https://twitter.com/aeronautbrewing/", "contact:website": "https://www.aeronautbrewing.com/", "craft": "brewery", "email": "hi@aeronautbrewing.com", "facebook": "https://www.facebook.com/aeronautbrewing/", "min_age": "21", "name": "Aeronaut Brewing Company", "opening_hours": "Mo 17:00-23:00; Tu-We 17:00-23:30; Th 17:00-24:00; Fr-Sa 12:00-24:30; Su 12:00-22:00", "phone": "+1-617-987-4236", "twitter": "https://twitter.com/aeronautbrewing/", "website": "https://www.aeronautbrewing.com/", "wheelchair": "yes", "wikidata": "Q135797944"}}, "geometry": {"type": "Point", "coordinates": [-71.1062382, 42.3819757]}}, {"type": "Feature", "properties": {"osm_type": "node", "osm_id": 3308602854, "tags": {"addr:city": "Boston", "addr:floor": "1", "addr:housenumber": "369", "addr:postcode": "02210", "addr:street": "Congress Street", "contact:website": "http://www.trilliumbrewing.com/", "craft": "brewery", "name": "Trillium Brewing", "website": "https://www.trilliumbrewing.com/"}}, "geometry": {"type": "Point", "coordinates": [-71.0480519, 42.3498759]}}, {"type": "Feature", "properties": {"osm_type": "node", "osm_id": 3418556143, "tags": {"addr:city": "Hudson", "addr:country": "US", "addr:housenumber": "111", "addr:state": "MA", "addr:street": "Main Street", "amenity": "bar", "craft": "brewery", "indoor_seating": "yes", "microbrewery": "yes", "name": "Medusa Brewing Company", "opening_hours": "Tu-Th 15:00-22:00; Fr-Sa 12:00-22:00; Su 12:00-20:00", "phone": "+1 978-310-1933", "website": "https://medusabrewing.com", "wheelchair": "limited"}}, "geometry": {"type": "Point", "coordinates": [-71.5666564, 42.3909466]}}, {"type": "Feature", "properties": {"osm_type": "node", "osm_id": 3465329426, "tags": {"addr:city": "Rio Grande", "addr:housenumber": "1288", "addr:postcode": "08242", "addr:state": "NJ", "addr:street": "Hornet Road", "craft": "brewery", "name": "Cape May Brewing Company"}}, "geometry": {"type": "Point", "coordinates": [-74.9126497, 39.0027174]}}, {"type": "Feature", "properties": {"osm_type": "node", "osm_id": 3572745293, "tags": {"craft": "brewery", "name": "Stout Beard Brewing Company"}}, "geometry": {"type": "Point", "coordinates": [-76.1971105, 43.0955648]}}, {"type": "Feature", "properties": {"osm_type": "node", "osm_id": 3586739102, "tags": {"craft": "brewery", "name": "Weyerbacher Brewing Company"}}, "geometry": {"type": "Point", "coordinates": [-75.2258274, 40.6732601]}}, {"type": "Feature", "properties": {"osm_type": "node", "osm_id": 3929791724, "tags": {"addr:city": "Worcester", "addr:housenumber": "72", "addr:postcode": "01610", "addr:state": "MA", "addr:street": "Shrewsbury Street", "amenity": "bar", "craft": "brewery", "name": "Wormtown Brewery", "website": "https://wormtownbrewery.com/"}}, "geometry": {"type": "Point", "coordinates": [-71.7912262, 42.2634992]}}, {"type": "Feature", "properties": {"osm_type": "node", "osm_id": 4112022568, "tags": {"craft": "brewery", "name": "North River Hops & Brewing"}}, "geometry": {"type": "Point", "coordinates": [-73.9116331, 41.5960581]}}, {"type": "Feature", "properties": {"osm_type": "node", "osm_id": 4213044051, "tags": {"addr:city": "Elmsford", "addr:housenumber": "444", "addr:postcode": "10523", "addr:state": "NY", "addr:street": "Saw Mill River Road", "craft": "brewery", "email": "info@captainlawrencebrewing.com", "name": "Captain Lawrence Brewing Company", "opening_hours": "We-Th 16:00-22:00; Fr 12:00-22:00; Sa 12:00-20:00; Su 12:00-19:00", "phone": "+1 914 741 2337", "product": "beer", "website": "https://www.captainlawrencebrewing.com", "wikidata": "Q5036713", "wikipedia": "en:Captain Lawrence Brewing Company"}}, "geometry": {"type": "Point", "coordinates": [-73.814104, 41.0702983]}}, {"type": "Feature", "properties": {"osm_type": "node", "osm_id": 4320114930, "tags": {"craft": "brewery", "drink:beer": "draught", "drink:wine": "yes", "name": "The Test Brewery", "smoking": "outside", "website": "https://www.thetestbrewery.com/"}}, "geometry": {"type": "Point", "coordinates": [-73.9579248, 40.7144461]}}, {"type": "Feature", "properties": {"osm_type": "node", "osm_id": 4335428452, "tags": {"addr:city": "Brooklyn", "addr:housenumber": "6", "addr:postcode": "11231", "addr:state": "NY", "addr:street": "Bay Street", "craft": "distillery", "distillery": "whisky", "drink:liquor": "yes", "name": "Van Brunt Stillhouse", "opening_hours": "Mo-Th 14:00-17:00; Fr 16:00-20:00; Sa 13:00-20:00; Su 13:00-18:00", "phone": "+1-718-887-6012", "shop": "alcohol", "website": "https://www.vanbruntstillhouse.com"}}, "geometry": {"type": "Point", "coordinates": [-74.0100877, 40.6737176]}}, {"type": "Feature", "properties": {"osm_type": "node", "osm_id": 4336196190, "tags": {"craft": "brewery", "name": "Lost Tavern Brewery"}}, "geometry": {"type": "Point", "coordinates": [-75.3411606, 40.5809687]}}, {"type": "Feature", "properties": {"osm_type": "node", "osm_id": 4354220358, "tags": {"addr:city": "Bay Shore", "addr:housenumber": "25", "addr:postcode": "11706", "addr:state": "NY", "addr:street": "Drexel Drive", "craft": "brewery", "name": "Great South Bay Brewery", "opening_hours": "We-Fr 15:00-22:00; Sa 12:00-22:00; Su 12:00-20:00", "operator": "Great South Bay Brewery", "phone": "+16313928472", "website": "https://www.greatsouthbaybrewery.com/"}}, "geometry": {"type": "Point", "coordinates": [-73.263526, 40.760891]}}, {"type": "Feature", "properties": {"osm_type": "node", "osm_id": 4409012728, "tags": {"craft": "brewery", "name": "Nine Pin Cider Works"}}, "geometry": {"type": "Point", "coordinates": [-73.7436311, 42.6617781]}}, {"type": "Feature", "properties": {"osm_type": "node", "osm_id": 4412079569, "tags": {"amenity": "bar", "craft": "brewery", "name": "Indian Ladder Farms Cidery and Brewery", "website": "https://www.ilfcb.com/"}}, "geometry": {"type": "Point", "coordinates": [-73.9729254, 42.6552207]}}, {"type": "Feature", "properties": {"osm_type": "node", "osm_id": 4475184657, "tags": {"addr:city": "Northport", "addr:housenumber": "60", "addr:postcode": "11768", "addr:state": "NY", "addr:street": "Main Street", "craft": "brewery", "name": "Sand City Brewing Company", "opening_hours": "Mo-Th 15:30-21:00; Fr-Sa 12:00-22:00; Su 12:00-19:00", "website": "https://www.sandcitybeer.com/"}}, "geometry": {"type": "Point", "coordinates": [-73.3508587, 40.8998983]}}, {"type": "Feature", "properties": {"osm_type": "node", "osm_id": 4521531942, "tags": {"addr:housenumber": "40", "addr:street": "Minthorne Street", "amenity": "bar", "craft": "brewery", "name": "Flagship Brewing Co.", "opening_hours": "Tu-We 14:00-22:00; Th-Sa 12:00-00:00; Su 12:00-20:00", "phone": "+17184485284", "website": "http://theflagshipbrewery.com"}}, "geometry": {"type": "Point", "coordinates": [-74.0755547, 40.637155]}}, {"type": "Feature", "properties": {"osm_type": "node", "osm_id": 4551221875, "tags": {"addr:city": "Philadelphia", "addr:housenumber": "2711", "addr:postcode": "19130", "addr:state": "PA", "addr:street": "West Girard Avenue", "amenity": "pub", "brewery": "yes", "craft": "brewery", "cuisine": "snack", "microbrewery": "yes", "name": "Human Robot Girard", "opening_hours": "Mo-Th 16:00-22:00, Fr 14:00-22:00, Sa-Su 11:00-22:00", "website": "https://www.humanrobotgirard.com"}}, "geometry": {"type": "Point", "coordinates": [-75.1808486, 39.974352]}}, {"type": "Feature", "properties": {"osm_type": "node", "osm_id": 4665844147, "tags": {"craft": "distillery", "distillery": "gin", "name": "Greenhook Ginsmiths", "website": "https://greenhookgin.com/"}}, "geometry": {"type": "Point", "coordinates": [-73.9510901, 40.7361079]}}, {"type": "Feature", "properties": {"osm_type": "node", "osm_id": 4665844148, "tags": {"craft": "distillery", "distillery": "whisky;gin", "name": "The New York Distilling Company"}}, "geometry": {"type": "Point", "coordinates": [-73.9487299, 40.7185465]}}, {"type": "Feature", "properties": {"osm_type": "node", "osm_id": 4675347350, "tags": {"addr:city": "Plymouth", "addr:housenumber": "10", "addr:postcode": "02360", "addr:state": "MA", "addr:street": "Water Street", "craft": "distillery", "distillery": "whisky;vodka;rum", "name": "Dirty Water Distillery", "website": "http://www.dirtywaterdistillery.com"}}, "geometry": {"type": "Point", "coordinates": [-70.6620267, 41.9549491]}}, {"type": "Feature", "properties": {"osm_type": "node", "osm_id": 4712563416, "tags": {"addr:city": "Phoenixville", "addr:housenumber": "100", "addr:postcode": "19460", "addr:state": "PA", "addr:street": "Bridge Street", "amenity": "bar", "check_date": "2024-09-30", "contact:facebook": "https://www.facebook.com/bluebirddistilling/", "craft": "distillery", "description": "Craft grain-to-glass distillery selling spirits and handmade cocktails, offering tasting events and tours", "distillery": "whisky;gin;vodka;rum", "email": "info@bluebirddistilling.com", "name": "Bluebird Distilling", "opening_hours": "Mo-Th 16:00-23:00; Fr-Sa 13:00-24:00; Su 13:00-23:00", "phone": "+1 610-933-7827", "website": "https://www.bluebirddistilling.com/", "wheelchair": "yes"}}, "geometry": {"type": "Point", "coordinates": [-75.5125037, 40.1341362]}}, {"type": "Feature", "properties": {"osm_type": "node", "osm_id": 4758528349, "tags": {"addr:city": "Phoenixville", "addr:housenumber": "368", "addr:postcode": "19460", "addr:state": "PA", "addr:street": "Bridge Street", "check_date": "2024-09-12", "contact:facebook": "https://www.facebook.com/Stable12", "craft": "brewery", "name": "Stable 12 Brewing Co.", "opening_hours": "Mo-Th 17:00-22:00; Fr-Su 12:00-22:00", "phone": "+1 610-715-2665", "shop": "craft", "website": "https://www.stable12.com/", "wheelchair": "yes"}}, "geometry": {"type": "Point", "coordinates": [-75.5207887, 40.1329749]}}, {"type": "Feature", "properties": {"osm_type": "node", "osm_id": 4837696323, "tags": {"addr:city": "Brooklyn", "addr:housenumber": "381", "addr:postcode": "11237", "addr:street": "Troutman Street", "amenity": "bar", "check_date": "2026-04-21", "check_date:opening_hours": "2026-04-21", "craft": "brewery", "drink:beer": "draught", "drink:liquor": "no", "drink:wine": "no", "email": "info@kcbcbeer.com", "internet_access": "wlan", "internet_access:ssid": "KCBC Guest", "name": "Kings County Brewers Collective", "opening_hours": "Mo-Th 16:00-23:00; Fr 15:00-24:00; Sa 12:00-24:00; Su 12:00-22:00", "phone": "+1-929-234-6557", "takeaway": "yes", "toilets": "yes", "toilets:access": "permissive", "toilets:unisex": "yes", "toilets:wheelchair": "yes", "website": "https://kcbcbeer.com/", "wheelchair": "yes"}}, "geometry": {"type": "Point", "coordinates": [-73.9236202, 40.7060306]}}, {"type": "Feature", "properties": {"osm_type": "node", "osm_id": 4872468115, "tags": {"addr:city": "Phoenixville", "addr:housenumber": "35", "addr:state": "PA", "addr:street": "Bridge Street", "amenity": "pub", "check_date": "2025-04-12", "contact:facebook": "https://www.facebook.com/1278brewcompany/", "craft": "brewery", "name": "Twelve78", "opening_hours": "Mo off; Tu-Th 17:00-21:30; Fr 17:00-22:00; Sa 12:00-22:00; Su 12:00-18:00", "phone": "+1 484-685-1470", "website": "https://www.twelve78brewing.com/"}}, "geometry": {"type": "Point", "coordinates": [-75.511217, 40.1349354]}}, {"type": "Feature", "properties": {"osm_type": "node", "osm_id": 4874614837, "tags": {"addr:city": "Bellmore", "addr:country": "US", "addr:housenumber": "308", "addr:postcode": "11710", "addr:state": "NY", "addr:street": "Bedford Ave;Bedford Avenue North;Bedford Avenue", "air_conditioning": "yes", "contact:facebook": "https://www.facebook.com/LunchboxBrewery", "craft": "brewery", "email": "info@lunchboxbrewery.com", "internet_access": "wlan", "name": "Lunchbox Brewing Company", "name:en": "Lunchbox Brewing Company", "nysgissam:nysaddresspointid": "NASS392931", "opening_hours": "Mo-Th 11:00-20:00; Fr-Sa 10:00-21:00; Su 12:00-18:00", "operator": "Lunchbox Brewing Company LLC", "payment:credit_cards": "yes", "payment:debit_cards": "yes", "phone": "+1-516-519-7233", "product": "beer", "website": "https://lunchboxbrewery.com", "wheelchair": "yes"}}, "geometry": {"type": "Point", "coordinates": [-73.5282332, 40.6708519]}}, {"type": "Feature", "properties": {"osm_type": "node", "osm_id": 4938708786, "tags": {"addr:city": "Philadelphia", "addr:country": "US", "addr:housenumber": "4120", "addr:postcode": "19127", "addr:state": "PA", "addr:street": "Main Street", "check_date": "2025-06-01", "craft": "brewery", "name": "Manayunk Brewing Company", "website": "https://www.manayunkbrewery.com"}}, "geometry": {"type": "Point", "coordinates": [-75.2189308, 40.0223235]}}, {"type": "Feature", "properties": {"osm_type": "node", "osm_id": 4995779511, "tags": {"addr:city": "Long Island City", "addr:housenumber": "10-28", "addr:postcode": "11101", "addr:state": "NY", "addr:street": "46th Avenue", "amenity": "pub", "craft": "brewery", "name": "Fifth Hammer Brewing Company", "website": "https://www.fifthhammerbrewing.com/"}}, "geometry": {"type": "Point", "coordinates": [-73.9515404, 40.7464921]}}, {"type": "Feature", "properties": {"osm_type": "node", "osm_id": 5005376222, "tags": {"addr:housenumber": "1535", "addr:postcode": "11385", "addr:street": "Decatur Street", "amenity": "bar", "craft": "brewery", "internet_access": "wlan", "microbrewery": "yes", "name": "Bridge and Tunnel Brewery", "opening_hours": "Fr 17:00-22:00; Sa, Su 13:00-21:00", "phone": "+13473928593", "toilets": "yes", "toilets:access": "permissive", "toilets:unisex": "yes", "toilets:wheelchair": "yes", "website": "https://www.bridgeandtunnelbrewery.com/"}}, "geometry": {"type": "Point", "coordinates": [-73.9027629, 40.6937359]}}, {"type": "Feature", "properties": {"osm_type": "node", "osm_id": 5015175621, "tags": {"addr:city": "Tuckahoe", "addr:housenumber": "173", "addr:postcode": "10707", "addr:state": "NY", "addr:street": "Marbledale Road", "air_conditioning": "yes", "craft": "brewery", "name": "Broken Bow Brewery", "opening_hours": "Th 17:00-20:00; Fr-Sa 13:00-22:00; Su 13:00-20:00", "phone": "+1 914 268 0900", "product": "beer", "website": "https://www.brokenbowbrewery.com/", "wheelchair": "yes"}}, "geometry": {"type": "Point", "coordinates": [-73.8190325, 40.9549645]}}, {"type": "Feature", "properties": {"osm_type": "node", "osm_id": 5058547459, "tags": {"amenity": "bar", "craft": "brewery", "name": "Bad Martha Farmer's Brewery", "source": "Bing"}}, "geometry": {"type": "Point", "coordinates": [-70.5273753, 41.3942024]}}, {"type": "Feature", "properties": {"osm_type": "node", "osm_id": 5067125929, "tags": {"addr:city": "Newburgh", "addr:housenumber": "88", "addr:postcode": "12550", "addr:state": "NY", "addr:street": "Colden Street", "craft": "brewery", "name": "Newburgh Brewing Company", "product": "beer", "website": "https://newburghbrewing.com/"}}, "geometry": {"type": "Point", "coordinates": [-74.0080001, 41.4973718]}}, {"type": "Feature", "properties": {"osm_type": "node", "osm_id": 5170205544, "tags": {"addr:housenumber": "30 Unit 1E", "addr:street": "Nixon Lane", "craft": "brewery", "name": "Cypress Brewing Company", "opening_hours": "We-Fr 02:00-22:00; Sa 00:00-22:00; Su 14:00-21:00", "website": "http://cypressbrewing.com/"}}, "geometry": {"type": "Point", "coordinates": [-74.3660966, 40.4985293]}}, {"type": "Feature", "properties": {"osm_type": "node", "osm_id": 5224683852, "tags": {"addr:city": "Providence", "addr:housenumber": "40R", "addr:postcode": "02907", "addr:state": "RI", "addr:street": "Sprague Street", "brewery": "*", "craft": "brewery", "email": "info@longlivebeerworks.com", "microbrewery": "yes", "name": "Long Live Beer Works", "product": "beer", "real_ale": "yes", "website": "https://www.longlivebeerworks.com/"}}, "geometry": {"type": "Point", "coordinates": [-71.4258944, 41.8092406]}}, {"type": "Feature", "properties": {"osm_type": "node", "osm_id": 5262941733, "tags": {"addr:housenumber": "10", "addr:street": "North Chestnut Street", "craft": "brewery", "name": "Denning's Point Distillery", "opening_hours": "Fr, Sa 14:00-20:00, 09:00-18:00; Su 14:00-18:00", "phone": "+1-845-230-7905"}}, "geometry": {"type": "Point", "coordinates": [-73.9695816, 41.5052474]}}, {"type": "Feature", "properties": {"osm_type": "node", "osm_id": 5319746866, "tags": {"craft": "brewery", "name": "Aspire Brewing"}}, "geometry": {"type": "Point", "coordinates": [-74.37026, 41.4621539]}}, {"type": "Feature", "properties": {"osm_type": "node", "osm_id": 5323157162, "tags": {"addr:housenumber": "574A", "addr:postcode": "11215", "addr:street": "President Street", "alt_name": "Forever Home Brewing", "amenity": "bar", "microbrewery": "yes", "name": "Forever Brewing", "opening_hours": "Tu-Th 10:00-22:00, Fr-Sa 12:00-23:00, Su 12:00-20:00", "phone": "+1-347-338-0091", "shop": "brewing_supplies", "website": "https://foreverhomebrewing.com/"}}, "geometry": {"type": "Point", "coordinates": [-73.9840898, 40.6769023]}}, {"type": "Feature", "properties": {"osm_type": "node", "osm_id": 5327599642, "tags": {"addr:city": "Easthampton", "addr:postcode": "01027", "addr:state": "MA", "addr:street": "Fort Hill Road", "addr:unit": "30", "craft": "brewery", "name": "Fort Hill Brewery", "opening_hours": "Th 16:00-19:00; Fr 16:00-19:00; Sa 14:00-20:00; Su 14:00-18:00", "phone": "+1 413 203 5754", "product": "beer", "website": "https://forthillbrewery.com"}}, "geometry": {"type": "Point", "coordinates": [-72.6401645, 42.2812652]}}, {"type": "Feature", "properties": {"osm_type": "node", "osm_id": 5435533660, "tags": {"addr:housenumber": "28", "addr:postcode": "13021", "addr:street": "State Street", "amenity": "pub", "craft": "brewery", "microbrewery": "yes", "name": "Prison City State Street Pub and Brewery", "opening_hours": "Mo-Sa 11:30-21:00; Su 11:00-20:00", "operator": "Prison City Brewing", "phone": "+1 315-604-1277", "website": "https://www.prisoncitybrewing.com/state-street-pub"}}, "geometry": {"type": "Point", "coordinates": [-76.5682427, 42.9317672]}}, {"type": "Feature", "properties": {"osm_type": "node", "osm_id": 5440799691, "tags": {"craft": "brewery", "name": "2 Way Brewery", "website": "https://www.2waybrewingcompany.com/"}}, "geometry": {"type": "Point", "coordinates": [-73.9809868, 41.5082102]}}, {"type": "Feature", "properties": {"osm_type": "node", "osm_id": 5476739551, "tags": {"addr:housenumber": "15-39", "addr:street": "Covert Street", "craft": "brewery", "disused": "yes", "email": "nelson@queensbrewery.com", "internet_access": "wlan", "internet_access:ssid": "Queens Brewery Guest", "name": "Queens Brewery", "opening_hours": "Mo-Fr 16:00-00:00; Sa, Su 12:00-00:00", "sport": "billiards", "website": "https://www.queensbrewery.com/"}}, "geometry": {"type": "Point", "coordinates": [-73.9040723, 40.6949358]}}, {"type": "Feature", "properties": {"osm_type": "node", "osm_id": 5487146978, "tags": {"addr:city": "Brooklyn", "addr:housenumber": "333", "addr:postcode": "11217", "addr:state": "NY", "addr:street": "Douglass Street", "alt_name": "Gowanus Threes Brewing", "amenity": "pub", "bar": "yes", "cocktails": "yes", "craft": "brewery", "cuisine": "burger;american;brunch", "drink:beer": "draught", "drink:liquor": "yes", "drink:wine": "yes", "name": "Threes Brewing", "opening_hours": "Mo-We 17:00-00:00; Th 17:00-02:00; Fr 15:00-02:00; Sa 12:00-02:00; Su 12:00-00:00", "outdoor_seating": "yes", "phone": "+1-718-568-9673", "website": "https://threesbrewing.com/pages/gowanus"}}, "geometry": {"type": "Point", "coordinates": [-73.9821529, 40.6798144]}}, {"type": "Feature", "properties": {"osm_type": "node", "osm_id": 5503806632, "tags": {"addr:city": "Yonkers", "addr:housenumber": "92", "addr:postcode": "10701", "addr:state": "NY", "addr:street": "Main Street", "air_conditioning": "yes", "craft": "brewery", "email": "info@yonkersbrewing.com", "name": "Yonkers Brewing Company", "name:en": "Yonkers Brewing Company", "opening_hours": "Su 10:00-22:00; Mo-Th 11:30-22:00; Fr 11:30-00:00; Sa 10:00-00:00", "phone": "+1 914 226 8327", "product": "beer", "website": "https://www.yonkersbrewing.com", "wheelchair": "yes"}}, "geometry": {"type": "Point", "coordinates": [-73.9029331, 40.9345744]}}, {"type": "Feature", "properties": {"osm_type": "node", "osm_id": 5546499218, "tags": {"addr:city": "Maynard", "addr:country": "US", "addr:housenumber": "58A", "addr:postcode": "01754", "addr:state": "MA", "addr:street": "Main Street", "craft": "brewery", "name": "Amory's Tomb"}}, "geometry": {"type": "Point", "coordinates": [-71.4527912, 42.432184]}}, {"type": "Feature", "properties": {"osm_type": "node", "osm_id": 5571447698, "tags": {"amenity": "pub", "craft": "brewery", "name": "Double Down Brewing Co."}}, "geometry": {"type": "Point", "coordinates": [-71.8256375, 42.2545658]}}, {"type": "Feature", "properties": {"osm_type": "node", "osm_id": 5571457493, "tags": {"amenity": "bar", "craft": "brewery", "name": "Greater Good Imperial Brewing"}}, "geometry": {"type": "Point", "coordinates": [-71.8010738, 42.2875963]}}, {"type": "Feature", "properties": {"osm_type": "node", "osm_id": 5585278021, "tags": {"addr:housenumber": "82", "addr:street": "Prospect Street", "amenity": "pub", "brewery": "various", "craft": "brewery", "name": "Randolph Beer DUMBO", "opening_hours": "Mo-Th 11:00-24:00; Fr-Sa 11:00-25:00; Su 11:00-21:00", "payment:cash": "yes", "payment:contactless": "yes", "payment:credit_cards": "yes", "phone": "+1-646-383-3623", "reservation": "yes", "toilets": "yes", "toilets:wheelchair": "yes", "website": "https://www.randolphbeer.com/", "wheelchair": "yes"}}, "geometry": {"type": "Point", "coordinates": [-73.9875274, 40.7005204]}}, {"type": "Feature", "properties": {"osm_type": "node", "osm_id": 5600807721, "tags": {"amenity": "pub", "craft": "brewery", "microbrewery": "yes", "name": "Shovel Town Brewery"}}, "geometry": {"type": "Point", "coordinates": [-71.1032367, 42.0714776]}}, {"type": "Feature", "properties": {"osm_type": "node", "osm_id": 5605662726, "tags": {"addr:city": "Lahaska", "addr:housenumber": "47", "addr:postcode": "18931", "addr:state": "PA", "addr:street": "Peddler's Village", "contact:facebook": "https://www.facebook.com/FreeWillBrewing/", "contact:instagram": "https://www.instagram.com/freewillbrewing/", "craft": "brewery", "name": "Free Will Brewing", "opening_hours": "Su,Mo-We 12:00-18:00; Th-Sa 12:00-20:00", "phone": "+1-267-372-5778", "website": "https://www.freewillbrewing.com/"}}, "geometry": {"type": "Point", "coordinates": [-75.0320968, 40.3481809]}}, {"type": "Feature", "properties": {"osm_type": "node", "osm_id": 5652723459, "tags": {"amenity": "pub", "craft": "brewery", "level": "0", "name": "Remnant Brewing Company", "opening_hours": "Mo-Th 09:00-22:00; Fr,Sa 09:00-23:00; Su 09:00-21:00"}}, "geometry": {"type": "Point", "coordinates": [-71.0979317, 42.3811613]}}, {"type": "Feature", "properties": {"osm_type": "node", "osm_id": 5678495255, "tags": {"addr:housenumber": "93", "addr:street": "Scott Avenue", "craft": "brewery", "name": "Honey's"}}, "geometry": {"type": "Point", "coordinates": [-73.9227883, 40.7105126]}}, {"type": "Feature", "properties": {"osm_type": "node", "osm_id": 5688788674, "tags": {"addr:city": "Newport News", "addr:housenumber": "700", "addr:postcode": "23606", "addr:state": "VA", "addr:street": "Thimble Shoals Boulevard", "craft": "brewery", "description": "Local spot with craft beer, food trucks, and events.", "name": "Tradition Brewing Company", "product": "beer"}}, "geometry": {"type": "Point", "coordinates": [-76.4770317, 37.0845471]}}, {"type": "Feature", "properties": {"osm_type": "node", "osm_id": 5712668393, "tags": {"addr:city": "East Hampton", "addr:housenumber": "47", "addr:postcode": "06424", "addr:state": "CT", "addr:street": "Tartia Road", "craft": "brewery", "name": "Fat Orange Cat Brew Company"}}, "geometry": {"type": "Point", "coordinates": [-72.4714714, 41.5591399]}}, {"type": "Feature", "properties": {"osm_type": "node", "osm_id": 5728513749, "tags": {"addr:city": "Rio Grande", "addr:housenumber": "3156", "addr:postcode": "08242", "addr:state": "NJ", "addr:street": "Shore Road", "craft": "brewery", "name": "7 Mile Brewery", "opening_hours": "Mo-Sa 12:00-22:00, Su 12:00-18:00"}}, "geometry": {"type": "Point", "coordinates": [-74.8699096, 39.0205712]}}, {"type": "Feature", "properties": {"osm_type": "node", "osm_id": 5742636433, "tags": {"addr:housenumber": "623", "addr:postcode": "11217", "addr:street": "Sackett Street", "amenity": "bar", "changing_table": "yes", "craft": "brewery", "description": "craft brewery with taproom and canned beer to go", "dog": "yes", "drink:beer": "only", "name": "Wild East Brewing Company", "opening_hours": "Mo-Th 14:00-22:00, Fr 14:00-24:00, Sa 12:00-24:00, Su 12:00-21:00", "outdoor_seating": "sidewalk", "phone": "+1-718-797-5135", "shop": "alcohol", "toilets": "yes", "website": "https://www.wildeastbrewing.com"}}, "geometry": {"type": "Point", "coordinates": [-73.9835994, 40.6785445]}}, {"type": "Feature", "properties": {"osm_type": "node", "osm_id": 5764018639, "tags": {"addr:city": "Mount Holly Township", "addr:state": "NJ", "addr:street": "Lippincott Lane", "addr:unit": "12", "craft": "brewery", "name": "Spellbound Brewing", "product": "beer"}}, "geometry": {"type": "Point", "coordinates": [-74.8007885, 39.9916254]}}, {"type": "Feature", "properties": {"osm_type": "node", "osm_id": 5764019187, "tags": {"addr:city": "Glassboro", "addr:housenumber": "570", "addr:state": "NJ", "addr:street": "Mullica Hill Road", "craft": "brewery", "name": "Bonesaw Brewing Co.", "product": "beer"}}, "geometry": {"type": "Point", "coordinates": [-75.1354598, 39.7129747]}}, {"type": "Feature", "properties": {"osm_type": "node", "osm_id": 5766115422, "tags": {"addr:city": "Schenectady", "addr:housenumber": "221", "addr:postcode": "12305", "addr:state": "NY", "addr:street": "Harborside Drive", "amenity": "pub", "brewery": "druthers", "craft": "brewery", "cuisine": "american", "microbrewery": "yes", "name": "Druthers Brewing Company", "opening_hours": "Su-Th 12:00-22:00; Fr-Sa 12:00-23:00", "phone": "+1-518-357-8028", "website": "https://www.druthersbrewing.com/locations/schenectady/"}}, "geometry": {"type": "Point", "coordinates": [-73.9331149, 42.8247528]}}, {"type": "Feature", "properties": {"osm_type": "node", "osm_id": 5825980356, "tags": {"addr:city": "Newmarket", "addr:housenumber": "12", "addr:postcode": "03857", "addr:state": "NH", "addr:street": "Weaver St", "addr:unit": "B", "amenity": "bar", "craft": "brewery", "email": "info@deciduousbrewing.com", "level": "0", "microbrewery": "yes", "name": "Deciduous Brewing Company", "opening_hours": "Th 16:00-19:00; Fr 14:00-20:00; Sa 12:00-20:00; Su 13:00-18:00", "outdoor_seating": "yes", "phone": "+1-603-292-5809", "shop": "alcohol", "smoking": "no", "website": "https://www.deciduousbrewing.com/"}}, "geometry": {"type": "Point", "coordinates": [-70.9368093, 43.0811307]}}, {"type": "Feature", "properties": {"osm_type": "node", "osm_id": 5830561746, "tags": {"addr:city": "Lititz", "addr:housenumber": "35", "addr:postcode": "17543", "addr:state": "PA", "addr:street": "North Cedar Street", "check_date": "2024-09-12", "craft": "distillery", "description": "Stoll & Wolfe Distillery and Tasting Room offers small batch craft spirits in tastings, cocktails and bottle sales.", "email": "info@stollandwolfe.com", "name": "Stoll & Wolfe Distillery", "opening_hours": "Mo off; Tu-Th 16:00-21:00; Fr 16:00-22:00; Sa 14:00-22:00; Su 12:00-17:00", "operator": "Heritage Spirits, LLC", "phone": "+1 717-799-4499", "product": "Whiskey;Bourbon_Whiskey;Rye_Whiskey;Craft_Beer;Wine;Tours;Tastings;Cocktails;Vodka;Gin", "website": "https://www.stollandwolfe.com/"}}, "geometry": {"type": "Point", "coordinates": [-76.3035361, 40.158087]}}, {"type": "Feature", "properties": {"osm_type": "node", "osm_id": 5874402977, "tags": {"addr:city": "Phoenicia", "addr:housenumber": "5581", "addr:postcode": "12464", "addr:state": "NY", "addr:street": "Route 28", "amenity": "pub", "cocktails": "yes", "craft": "brewery", "cuisine": "american", "diet:vegetarian": "yes", "dog": "yes", "drink:beer": "draught", "drink:liquor": "yes", "drink:wine": "yes", "name": "Woodstock Brewing", "nysgissam:nysaddresspointid": "ULST050665", "opening_hours": "Th 13:00-21:00; Fr,Sa 12:00-22:00; Su 12:00-20:00", "outdoor_seating": "yes", "phone": "+1-845-688-0054", "product": "beer", "toilets": "yes", "toilets:unisex": "yes", "website": "https://www.drinkwoodstock.com"}}, "geometry": {"type": "Point", "coordinates": [-74.3073785, 42.0628548]}}, {"type": "Feature", "properties": {"osm_type": "node", "osm_id": 5876362569, "tags": {"amenity": "bar", "craft": "brewery", "name": "The Beer Diviner"}}, "geometry": {"type": "Point", "coordinates": [-73.3807837, 42.6333096]}}, {"type": "Feature", "properties": {"osm_type": "node", "osm_id": 5876410182, "tags": {"amenity": "bar", "craft": "brewery", "name": "Walloomsac Taproom at Brown's Brewing Company"}}, "geometry": {"type": "Point", "coordinates": [-73.3435197, 42.9251102]}}, {"type": "Feature", "properties": {"osm_type": "node", "osm_id": 5876503140, "tags": {"air_conditioning": "yes", "amenity": "bar", "craft": "brewery", "name": "Chatham Brewing", "opening_hours": "Mo 16:00-20:00; We,Th 12:00-21:00; Fr,Sa 12:00-22:00; Su 12:00-20:00", "payment:credit_cards": "yes", "payment:debit_cards": "yes", "wheelchair": "yes"}}, "geometry": {"type": "Point", "coordinates": [-73.5952896, 42.3632971]}}, {"type": "Feature", "properties": {"osm_type": "node", "osm_id": 5876510780, "tags": {"amenity": "bar", "craft": "brewery", "name": "Shmaltz Brewing Company"}}, "geometry": {"type": "Point", "coordinates": [-73.792849, 42.9015117]}}, {"type": "Feature", "properties": {"osm_type": "node", "osm_id": 5876510781, "tags": {"craft": "distillery", "name": "Yankee Distillers"}}, "geometry": {"type": "Point", "coordinates": [-73.792849, 42.9024354]}}, {"type": "Feature", "properties": {"osm_type": "node", "osm_id": 5876535486, "tags": {"amenity": "bar", "craft": "brewery", "name": "Green Wolf Brewing Co."}}, "geometry": {"type": "Point", "coordinates": [-74.3349127, 42.5982321]}}, {"type": "Feature", "properties": {"osm_type": "node", "osm_id": 5876579918, "tags": {"amenity": "bar", "craft": "distillery", "name": "Upstate Distilling"}}, "geometry": {"type": "Point", "coordinates": [-73.8145748, 43.060104]}}, {"type": "Feature", "properties": {"osm_type": "node", "osm_id": 5876579919, "tags": {"amenity": "bar", "craft": "brewery", "name": "Artisanal Brew Works"}}, "geometry": {"type": "Point", "coordinates": [-73.8144071, 43.0602243]}}, {"type": "Feature", "properties": {"osm_type": "node", "osm_id": 5899771799, "tags": {"addr:city": "Schenectady", "addr:housenumber": "237", "addr:state": "NY", "addr:street": "Union Street", "craft": "brewery", "name": "Seven Points Brewery", "note": "its in the back of the building, old operator was Mad Jack Brewing Company", "old_name": "Mad Jack Brewery", "operator": "Stella Pasta Bar and Bistro", "website": "https://www.stellapastabar.com/seven-points-brewery"}}, "geometry": {"type": "Point", "coordinates": [-73.9431277, 42.8167655]}}, {"type": "Feature", "properties": {"osm_type": "node", "osm_id": 5899846447, "tags": {"amenity": "bar", "craft": "brewery", "name": "Table 41 Brewing"}}, "geometry": {"type": "Point", "coordinates": [-73.7572615, 42.7739404]}}, {"type": "Feature", "properties": {"osm_type": "node", "osm_id": 5914855281, "tags": {"addr:city": "Queens", "addr:housenumber": "123-01", "addr:postcode": "11368", "addr:state": "NY", "addr:street": "Roosevelt Avenue", "air_conditioning": "yes", "craft": "brewery", "internet_access": "wlan", "internet_access:fee": "no", "internet_access:ssid": "@Mikkeller WiFi", "name": "Mikkeller NYC", "opening_hours": "We-Th 16:00-22:00; Fr-Sa 12:00-00:00; Su 12:00-22:00", "phone": "+1 718 766 2717", "product": "beer", "website": "https://www.mikkellernyc.com/", "wheelchair": "yes", "wikipedia": "en:Mikkeller"}}, "geometry": {"type": "Point", "coordinates": [-73.844344, 40.7569588]}}, {"type": "Feature", "properties": {"osm_type": "node", "osm_id": 5965518497, "tags": {"addr:city": "Whitinsville", "addr:housenumber": "670", "addr:postcode": "01588", "addr:state": "MA", "addr:street": "Linwood Avenue", "addr:unit": "Bldg. C", "amenity": "brewery", "craft": "brewery", "email": "info@murderhill.com", "microbrewery": "yes", "name": "Murder Hill", "opening_hours": "Th 12:00-20:00; Fr,Sa 12:00-21:00; Su 12:00-18:00", "phone": "+1 774-477-4160", "website": "https://murderhill.com"}}, "geometry": {"type": "Point", "coordinates": [-71.6460541, 42.0980035]}}, {"type": "Feature", "properties": {"osm_type": "node", "osm_id": 5978866585, "tags": {"craft": "brewery", "name": "Grimm Artisanal Ales", "opening_hours": "Mo 17:00-22:00; Th-Fr 17:00-24:00; Sa 12:00-24:00; Su 12:00-22:00", "product": "beer", "website": "https://grimmales.com/"}}, "geometry": {"type": "Point", "coordinates": [-73.9365208, 40.7143825]}}, {"type": "Feature", "properties": {"osm_type": "node", "osm_id": 5979988019, "tags": {"craft": "brewery", "name": "Mayflower Brewing Company"}}, "geometry": {"type": "Point", "coordinates": [-70.7111833, 41.9493685]}}, {"type": "Feature", "properties": {"osm_type": "node", "osm_id": 6072022503, "tags": {"addr:city": "Wilkes-Barre", "addr:housenumber": "1429", "addr:postcode": "18706", "addr:state": "PA", "addr:street": "Sans Souci Parkway", "craft": "brewery", "name": "Benny Brewing Co."}}, "geometry": {"type": "Point", "coordinates": [-75.9406249, 41.2225065]}}, {"type": "Feature", "properties": {"osm_type": "node", "osm_id": 6086130514, "tags": {"amenity": "bar", "check_date": "2026-02-20", "check_date:opening_hours": "2026-02-20", "craft": "brewery", "indoor_seating": "yes", "microbrewery": "yes", "name": "Clover Road Brewing", "opening_hours": "Tu-We 16:00-21:30; Th 16:00-22:30; Fr 15:00-22:30; Sa 12:00-22:30; Su 12:00-20:00", "outdoor_seating": "yes", "wheelchair": "yes"}}, "geometry": {"type": "Point", "coordinates": [-71.5589289, 42.392626]}}, {"type": "Feature", "properties": {"osm_type": "node", "osm_id": 6096785816, "tags": {"amenity": "bar", "craft": "brewery", "name": "Hank Hudson Brewing Company"}}, "geometry": {"type": "Point", "coordinates": [-73.7113552, 42.9030029]}}, {"type": "Feature", "properties": {"osm_type": "node", "osm_id": 6109889815, "tags": {"craft": "brewery", "name": "Eve's Cidery", "website": "https://www.evescidery.com"}}, "geometry": {"type": "Point", "coordinates": [-76.5649167, 42.1873504]}}, {"type": "Feature", "properties": {"osm_type": "node", "osm_id": 6110181394, "tags": {"addr:city": "Wilkes-Barre", "addr:housenumber": "700", "addr:postcode": "18705", "addr:state": "PA", "addr:street": "North Pennsylvania Avenue", "craft": "brewery", "name": "The Lion Brewery"}}, "geometry": {"type": "Point", "coordinates": [-75.8574784, 41.255105]}}, {"type": "Feature", "properties": {"osm_type": "node", "osm_id": 6126864969, "tags": {"craft": "brewery", "name": "Noble Jay Brewing"}}, "geometry": {"type": "Point", "coordinates": [-72.2455128, 41.3210706]}}, {"type": "Feature", "properties": {"osm_type": "node", "osm_id": 6141534426, "tags": {"addr:city": "Salem", "addr:housenumber": "75", "addr:postcode": "01970", "addr:state": "MA", "addr:street": "Canal Street", "amenity": "bar", "craft": "distillery", "name": "Deacon Giles Distillery", "opening_hours": "Mo 06:00-22:00; Th 17:00-21:00; Fr 14:00-23:00; Sa 12:00-23:00; Su 12:00-20:00", "phone": "+1 978-306-6675", "website": "https://www.deacongiles.com"}}, "geometry": {"type": "Point", "coordinates": [-70.895882, 42.5133341]}}, {"type": "Feature", "properties": {"osm_type": "node", "osm_id": 6141552724, "tags": {"addr:city": "Beverly", "addr:housenumber": "59", "addr:postcode": "01915", "addr:state": "MA", "addr:street": "Park Street", "addr:unit": "1", "craft": "brewery", "name": "Gentile Brewing Company", "opening_hours": "Th-Fr 16:00-22:00; Sa 12:00-22:00", "phone": "+1 978-969-6496", "website": "https://gentilebrewing.com/"}}, "geometry": {"type": "Point", "coordinates": [-70.8843804, 42.549414]}}, {"type": "Feature", "properties": {"osm_type": "node", "osm_id": 6173167208, "tags": {"addr:city": "Buckland", "addr:housenumber": "40", "addr:state": "MA", "addr:street": "State Street", "craft": "brewery", "name": "Floodwater Brewing Company", "opening_hours": "Fr-Su", "operator": "Zachary Livingston"}}, "geometry": {"type": "Point", "coordinates": [-72.7411009, 42.6044094]}}, {"type": "Feature", "properties": {"osm_type": "node", "osm_id": 6190482553, "tags": {"craft": "brewery", "name": "New England Cider Company"}}, "geometry": {"type": "Point", "coordinates": [-72.8193402, 41.478742]}}, {"type": "Feature", "properties": {"osm_type": "node", "osm_id": 6192465610, "tags": {"craft": "brewery", "name": "The Beeracks"}}, "geometry": {"type": "Point", "coordinates": [-72.8742973, 41.2887327]}}, {"type": "Feature", "properties": {"osm_type": "node", "osm_id": 6236258494, "tags": {"amenity": "bar", "craft": "brewery", "name": "East Rock Brewing Company & Beer Hall"}}, "geometry": {"type": "Point", "coordinates": [-72.9070555, 41.3220547]}}, {"type": "Feature", "properties": {"osm_type": "node", "osm_id": 6285285978, "tags": {"addr:city": "Newington", "addr:housenumber": "436", "addr:postcode": "03801", "addr:state": "NH", "addr:street": "Shattuck Way", "addr:unit": "6", "craft": "brewery", "name": "Stoneface Brewing Co", "opening_hours": "We-Su 11:00-20:30", "product": "beer", "website": "https://stonefacebrewing.com/"}}, "geometry": {"type": "Point", "coordinates": [-70.818689, 43.1150788]}}, {"type": "Feature", "properties": {"osm_type": "node", "osm_id": 6294175970, "tags": {"addr:housenumber": "35", "addr:postcode": "02111", "addr:street": "Temple Place", "amenity": "restaurant", "check_date": "2026-06-07", "check_date:opening_hours": "2026-06-07", "contact:instagram": "democracybrewingboston", "craft": "brewery", "cuisine": "american", "email": "hello@democracybrewing.com", "internet_access": "wlan", "name": "Democracy Brewing", "opening_hours": "Su 12:00-20:00; Mo 16:00-20:00; Tu-We 12:00-21:00; Th-Sa 12:00-22:00", "outdoor_seating": "yes", "phone": "+1-857-263-8604", "website": "https://www.democracybrewing.com/", "website:menu": "https://www.democracybrewing.com/locations/downtown"}}, "geometry": {"type": "Point", "coordinates": [-71.0620624, 42.3551144]}}, {"type": "Feature", "properties": {"osm_type": "node", "osm_id": 6302785453, "tags": {"addr:city": "Tinton Falls", "addr:housenumber": "4057", "addr:postcode": "07753", "addr:state": "NJ", "addr:street": "Asbury Avenue", "craft": "brewery", "email": "info@twinlightsbrewing.com", "name": "Twin Lights Brewing Company", "opening_hours": "Mo 15:30-21:00; Tu off; We-Fr 15:30-22:00; Sa 12:00-22:00; Su 12:00-19:00", "phone": "+1-732-997-4900", "product": "beer", "website": "https://www.twinlightsbrewing.com/"}}, "geometry": {"type": "Point", "coordinates": [-74.0782128, 40.2363877]}}, {"type": "Feature", "properties": {"osm_type": "node", "osm_id": 6324469644, "tags": {"craft": "brewery", "name": "Five Churches Brewing"}}, "geometry": {"type": "Point", "coordinates": [-72.7827154, 41.6631604]}}, {"type": "Feature", "properties": {"osm_type": "node", "osm_id": 6324474657, "tags": {"craft": "brewery", "name": "Forest City Brewing"}}, "geometry": {"type": "Point", "coordinates": [-72.6581166, 41.5720526]}}, {"type": "Feature", "properties": {"osm_type": "node", "osm_id": 6324474658, "tags": {"craft": "brewery", "name": "Stubborn Beauty Brewing Company"}}, "geometry": {"type": "Point", "coordinates": [-72.657349, 41.571629]}}, {"type": "Feature", "properties": {"osm_type": "node", "osm_id": 6324478098, "tags": {"craft": "brewery", "name": "Kinsmen Brewing Company"}}, "geometry": {"type": "Point", "coordinates": [-72.9020486, 41.5679235]}}, {"type": "Feature", "properties": {"osm_type": "node", "osm_id": 6324479524, "tags": {"craft": "brewery", "name": "Half Full Brewery"}}, "geometry": {"type": "Point", "coordinates": [-73.5499379, 41.0394126]}}, {"type": "Feature", "properties": {"osm_type": "node", "osm_id": 6324480142, "tags": {"craft": "brewery", "name": "Lock City Brewing"}}, "geometry": {"type": "Point", "coordinates": [-73.519093, 41.0771825]}}, {"type": "Feature", "properties": {"osm_type": "node", "osm_id": 6325991967, "tags": {"craft": "brewery", "name": "Proclamation Ale Company"}}, "geometry": {"type": "Point", "coordinates": [-71.4457857, 41.7270776]}}, {"type": "Feature", "properties": {"osm_type": "node", "osm_id": 6337958085, "tags": {"craft": "brewery", "name": "Outer Light Brewing Company"}}, "geometry": {"type": "Point", "coordinates": [-72.0751222, 41.3610152]}}, {"type": "Feature", "properties": {"osm_type": "node", "osm_id": 6340300452, "tags": {"amenity": "pub", "check_date": "2026-06-28", "craft": "brewery", "food": "yes", "name": "Mighty Squirrel", "opening_hours": "Mo-Sa 11:00-23:00; Su 13:00-21:00", "website": "https://www.mightysquirrel.com"}}, "geometry": {"type": "Point", "coordinates": [-71.2010863, 42.3875002]}}, {"type": "Feature", "properties": {"osm_type": "node", "osm_id": 6341886966, "tags": {"addr:city": "Somersworth", "addr:housenumber": "460", "addr:street": "High Street", "amenity": "restaurant", "craft": "brewery", "microbrewery": "yes", "name": "Bad Lab", "outdoor_seating": "yes", "phone": "+1-603-842-5822", "shop": "alcohol", "website": "https://badlabbeer.com/"}}, "geometry": {"type": "Point", "coordinates": [-70.8815668, 43.2298781]}}, {"type": "Feature", "properties": {"osm_type": "node", "osm_id": 6378954207, "tags": {"addr:city": "Ridgefield", "addr:housenumber": "137", "addr:postcode": "06880", "addr:state": "CT", "addr:street": "Ethan Allen Highway", "craft": "brewery", "name": "Nod Hill Brewery"}}, "geometry": {"type": "Point", "coordinates": [-73.4447414, 41.2733446]}}, {"type": "Feature", "properties": {"osm_type": "node", "osm_id": 6378977922, "tags": {"craft": "brewery", "name": "BAD SONS Beer Company", "phone": "+1 203 3082654", "website": "https://www.badsons.com"}}, "geometry": {"type": "Point", "coordinates": [-73.0990859, 41.3261988]}}, {"type": "Feature", "properties": {"osm_type": "node", "osm_id": 6389127659, "tags": {"addr:city": "Salem", "addr:housenumber": "283R", "addr:postcode": "01970", "addr:state": "MA", "addr:street": "Derby Street", "amenity": "restaurant", "craft": "brewery", "name": "Notch Brewery, Tap Room & Biergarten", "operator": "Notch Brewing", "phone": "+1-978-238-9060", "product": "beer", "website": "https://www.notchbrewing.com"}}, "geometry": {"type": "Point", "coordinates": [-70.8907968, 42.5196686]}}, {"type": "Feature", "properties": {"osm_type": "node", "osm_id": 6389875887, "tags": {"craft": "brewery", "name": "Hog River Brewing Company"}}, "geometry": {"type": "Point", "coordinates": [-72.7022491, 41.757065]}}, {"type": "Feature", "properties": {"osm_type": "node", "osm_id": 6401653204, "tags": {"craft": "brewery", "name": "The Gem and Keystone Brewpub"}}, "geometry": {"type": "Point", "coordinates": [-75.1115771, 41.0106606]}}, {"type": "Feature", "properties": {"osm_type": "node", "osm_id": 6406809585, "tags": {"addr:city": "West Grove", "addr:housenumber": "122", "addr:postcode": "19390", "addr:state": "PA", "addr:street": "Rosehill Avenue", "check_date": "2024-06-10", "craft": "brewery", "name": "Blondes & Brewnettes Brewing Co.", "opening_hours": "Mo-Tu off; We-Th 17:00-23:00; Fr 15:00-23:00; Sa 12:00-23:00; Su 12:00-20:00", "phone": "+1 610-350-1816", "website": "https://blondesandbrewnettes.beer/"}}, "geometry": {"type": "Point", "coordinates": [-75.826117, 39.8217389]}}, {"type": "Feature", "properties": {"osm_type": "node", "osm_id": 6437155657, "tags": {"craft": "brewery", "name": "Front Porch Brewing"}}, "geometry": {"type": "Point", "coordinates": [-72.8183369, 41.4719033]}}, {"type": "Feature", "properties": {"osm_type": "node", "osm_id": 6437156884, "tags": {"craft": "brewery", "name": "Thomas Hooker Brewery at Colt"}}, "geometry": {"type": "Point", "coordinates": [-72.663708, 41.7554215]}}, {"type": "Feature", "properties": {"osm_type": "node", "osm_id": 6452690018, "tags": {"craft": "brewery", "name": "The Beer'd Brewing Company"}}, "geometry": {"type": "Point", "coordinates": [-71.898332, 41.3380481]}}, {"type": "Feature", "properties": {"osm_type": "node", "osm_id": 6452698230, "tags": {"check_date": "2026-03-20", "craft": "brewery", "name": "Octopus Brewing Company"}}, "geometry": {"type": "Point", "coordinates": [-72.1240069, 41.3671319]}}, {"type": "Feature", "properties": {"osm_type": "node", "osm_id": 6504568705, "tags": {"addr:city": "Accord", "addr:housenumber": "236", "addr:postcode": "12404", "addr:state": "NY", "addr:street": "Lower Whitfield Road", "craft": "brewery", "dog": "outside", "name": "Arrowood Farms", "outdoor_seating": "yes", "phone": "+1 845 253-0389", "product": "beer", "website": "https://www.arrowoodfarms.com/"}}, "geometry": {"type": "Point", "coordinates": [-74.2467263, 41.8043127]}}, {"type": "Feature", "properties": {"osm_type": "node", "osm_id": 6506392530, "tags": {"craft": "brewery", "name": "Milford Point Brewing"}}, "geometry": {"type": "Point", "coordinates": [-73.0198409, 41.2373826]}}, {"type": "Feature", "properties": {"osm_type": "node", "osm_id": 6518726153, "tags": {"craft": "brewery", "name": "30 Mile Brewing Company"}}, "geometry": {"type": "Point", "coordinates": [-72.3711435, 41.3025924]}}, {"type": "Feature", "properties": {"osm_type": "node", "osm_id": 6573662328, "tags": {"amenity": "bar", "craft": "brewery", "cuisine": "snack", "drink:beer": "draught", "name": "Transmitter Brewing", "opening_hours": "Mo-Sa 12:00-20:00; Su 12:00-19:00", "outdoor_seating": "yes", "phone": "+1-646-378-8529", "short_name": "XMTR", "website": "https://www.transmitterbrewing.com"}}, "geometry": {"type": "Point", "coordinates": [-73.9710556, 40.6989418]}}, {"type": "Feature", "properties": {"osm_type": "node", "osm_id": 6577647853, "tags": {"addr:housenumber": "1659", "addr:street": "Robin Circle", "addr:unit": "E", "craft": "distillery", "facebook": "@wtigerd", "instagram": "https://www.instagram.com/wtigerdistillery/", "name": "White Tiger Distillery", "official_name": "White Tiger Distillery, LLC", "phone": "+1-443-371-6147", "twitter": "@wtigerd", "website": "https://wtigerd.com/"}}, "geometry": {"type": "Point", "coordinates": [-76.3586093, 39.5688006]}}, {"type": "Feature", "properties": {"osm_type": "node", "osm_id": 6632436807, "tags": {"craft": "brewery", "name": "Melovino Meadery"}}, "geometry": {"type": "Point", "coordinates": [-74.287813, 40.7210508]}}, {"type": "Feature", "properties": {"osm_type": "node", "osm_id": 6662845697, "tags": {"addr:city": "Oakville", "addr:housenumber": "1864", "addr:postcode": "06779", "addr:state": "CT", "addr:street": "Watertown Avenue", "craft": "brewery", "name": "Lasting Brass Brewing", "phone": "+1-860-417-2581", "product": "beer", "website": "https://www.lastingbrass.com"}}, "geometry": {"type": "Point", "coordinates": [-73.0810394, 41.5871452]}}, {"type": "Feature", "properties": {"osm_type": "node", "osm_id": 6669293565, "tags": {"amenity": "bar", "craft": "brewery", "name": "Point Breeze Brewing"}}, "geometry": {"type": "Point", "coordinates": [-75.1900707, 39.9383368]}}, {"type": "Feature", "properties": {"osm_type": "node", "osm_id": 6680639424, "tags": {"amenity": "bar", "craft": "brewery", "name": "Unified Beerworks"}}, "geometry": {"type": "Point", "coordinates": [-73.7905542, 42.9647722]}}, {"type": "Feature", "properties": {"osm_type": "node", "osm_id": 6680664586, "tags": {"amenity": "bar", "craft": "brewery", "name": "Honey Hollow Brewing Company"}}, "geometry": {"type": "Point", "coordinates": [-73.9263895, 42.4046588]}}, {"type": "Feature", "properties": {"osm_type": "node", "osm_id": 6680669690, "tags": {"amenity": "bar", "craft": "brewery", "name": "Hop Barn Brewing"}}, "geometry": {"type": "Point", "coordinates": [-74.054577, 42.4207432]}}, {"type": "Feature", "properties": {"osm_type": "node", "osm_id": 6695265174, "tags": {"addr:city": "Philadelphia", "addr:housenumber": "4120", "addr:postcode": "19127-1651", "addr:state": "PA", "addr:street": "Main Street", "amenity": "pub", "check_date": "2025-06-01", "craft": "brewery", "name": "Manayunk Brewing Company", "phone": "+1-215-482-8220", "website": "https://manayunkbrewery.com/"}}, "geometry": {"type": "Point", "coordinates": [-75.218985, 40.022561]}}, {"type": "Feature", "properties": {"osm_type": "node", "osm_id": 6708586108, "tags": {"amenity": "bar", "craft": "brewery", "name": "Somerville Brewing Company", "website": "https://www.slumbrew.com/brewery-hq-1"}}, "geometry": {"type": "Point", "coordinates": [-71.0892453, 42.3748311]}}, {"type": "Feature", "properties": {"osm_type": "node", "osm_id": 6715790112, "tags": {"addr:city": "White Plains", "addr:housenumber": "195", "addr:postcode": "10601", "addr:state": "NY", "addr:street": "East Post Road", "addr:unit": "A", "craft": "brewery", "email": "mike@wolfandwarrior.com", "name": "Wolf & Warrior Brewing Company", "opening_hours": "Tu-We 12:00-20:00; Th 12:00-23:00; Fr 12:00-00:00; Sa 12:00-01:00; Su 14:00-19:00", "phone": "+1 914 368 8617", "product": "beer", "website": "https://www.wolfandwarrior.com/"}}, "geometry": {"type": "Point", "coordinates": [-73.763679, 41.0298074]}}, {"type": "Feature", "properties": {"osm_type": "node", "osm_id": 6715829333, "tags": {"amenity": "bar", "comment": "new building constructed here, opening summer 2019", "craft": "brewery", "name": "Bad Martha Brewery"}}, "geometry": {"type": "Point", "coordinates": [-70.542476, 41.5791937]}}, {"type": "Feature", "properties": {"osm_type": "node", "osm_id": 6717279440, "tags": {"addr:housenumber": "107", "addr:street": "Broadway", "craft": "brewery", "name": "Notch Eight Craft House", "wheelchair": "no"}}, "geometry": {"type": "Point", "coordinates": [-75.7416719, 40.8639282]}}, {"type": "Feature", "properties": {"osm_type": "node", "osm_id": 6746879441, "tags": {"craft": "brewery", "name": "Urban Lodge Brewing", "website": "https://www.urbanlodgebrewing.com/"}}, "geometry": {"type": "Point", "coordinates": [-72.5200928, 41.7708251]}}, {"type": "Feature", "properties": {"osm_type": "node", "osm_id": 6783773133, "tags": {"craft": "brewery", "name": "Bullspit Brewing Company", "phone": "+1 978-878-3239", "website": "http://bullspitbrewing.com/"}}, "geometry": {"type": "Point", "coordinates": [-71.6631225, 42.4631149]}}, {"type": "Feature", "properties": {"osm_type": "node", "osm_id": 6786055647, "tags": {"addr:city": "Mamaroneck", "addr:housenumber": "139", "addr:postcode": "10543", "addr:state": "NY", "addr:street": "Hoyt Avenue", "craft": "brewery", "email": "info@decadentales.com", "name": "Decadent Ales", "opening_hours": "We-Th 16:00-22:00; Fr-Sa 12:00-00:00; Su 11:00-19:00", "phone": "+1 914 848 4060", "product": "beer", "website": "https://www.decadentales.com"}}, "geometry": {"type": "Point", "coordinates": [-73.7389426, 40.9522696]}}, {"type": "Feature", "properties": {"osm_type": "node", "osm_id": 6797505652, "tags": {"addr:housenumber": "8", "addr:state": "NY", "addr:street": "Wilson Avenue", "craft": "brewery"}}, "geometry": {"type": "Point", "coordinates": [-73.9309743, 40.7035189]}}, {"type": "Feature", "properties": {"osm_type": "node", "osm_id": 6818513835, "tags": {"craft": "brewery", "name": "Tree House Brewing Company"}}, "geometry": {"type": "Point", "coordinates": [-71.2050182, 42.5916884]}}, {"type": "Feature", "properties": {"osm_type": "node", "osm_id": 6833791405, "tags": {"addr:city": "Lewes", "addr:housenumber": "32191", "addr:postcode": "19958", "addr:state": "DE", "addr:street": "Nassau Road", "craft": "distillery", "name": "Beach Time Distilling"}}, "geometry": {"type": "Point", "coordinates": [-75.187419, 38.7521225]}}, {"type": "Feature", "properties": {"osm_type": "node", "osm_id": 6854261485, "tags": {"addr:housenumber": "1616", "addr:street": "George Street", "alt_name": "Evil Twin Taproom", "amenity": "bar", "contact:instagram": "@eviltwinbrewingnyc", "craft": "brewery", "drink:beer": "draught", "drink:coffee": "yes", "drink:espresso": "yes", "drink:wine": "yes", "email": "info@eviltwin.dk", "internet_access": "wlan", "internet_access:fee": "no", "name": "Evil Twin Brewery", "opening_hours": "Mo-We 14:00-22:00; Th 14:00-24:00; Fr 12:00-24:00; Sa 10:00-24:00; Su 10:00-22:00 \"taproom\"||Mo-Fr 07:00-15:00; Sa-Su 08:00-15:00 \"coffee\"", "outdoor_seating": "patio", "phone": "+1-718-366-1850", "toilets": "yes", "toilets:unisex": "yes", "toilets:wheelchair": "yes", "website": "https://eviltwin.nyc", "wheelchair": "yes"}}, "geometry": {"type": "Point", "coordinates": [-73.9040269, 40.6962173]}}, {"type": "Feature", "properties": {"osm_type": "node", "osm_id": 6854261685, "tags": {"addr:city": "Ridgewood", "addr:housenumber": "78-01", "addr:postcode": "11385", "addr:state": "NY", "addr:street": "77th Avenue", "amenity": "pub", "brewery": "yes", "craft": "brewery", "drink:beer": "draught", "email": "info@finbackbrewery.com", "name": "Finback Brewery", "opening_hours": "We-Fr 17:00-22:00; Sa 12:00-22:00; Su 12:00-20:00", "phone": "+1-718-628-8600", "website": "http://www.finbackbrewery.com/"}}, "geometry": {"type": "Point", "coordinates": [-73.8732574, 40.7066845]}}, {"type": "Feature", "properties": {"osm_type": "node", "osm_id": 6876013017, "tags": {"addr:city": "Beacon", "addr:housenumber": "511", "addr:postcode": "12508", "addr:state": "NY", "addr:street": "Fishkill Avenue", "craft": "brewery", "name": "Industrial Arts Brewing Company", "opening_hours": "Th-Fr 15:00-22:00; Sa 12:00-22:00; Su 12:00-19:00", "website": "https://www.industrialartsbrewing.com/", "wheelchair": "yes"}}, "geometry": {"type": "Point", "coordinates": [-73.9462841, 41.5169512]}}, {"type": "Feature", "properties": {"osm_type": "node", "osm_id": 6886748963, "tags": {"addr:city": "Boston", "addr:housenumber": "50", "addr:street": "Thomson Place", "amenity": "restaurant", "check_date": "2024-08-21", "contact:website": "https://www.trilliumbrewing.com/", "craft": "brewery", "floor": "0", "name": "Trillium Brewing", "payment:cash": "yes", "payment:credit_cards": "yes", "payment:debit_cards": "yes", "website": "https://www.trilliumbrewing.com/"}}, "geometry": {"type": "Point", "coordinates": [-71.0474876, 42.3521489]}}, {"type": "Feature", "properties": {"osm_type": "node", "osm_id": 6936291636, "tags": {"addr:housenumber": "301", "addr:street": "West Main Street", "check_date": "2023-04-08", "contact:phone": "+1 717-450-7217", "contact:website": "https://blackforestbrewery.net", "craft": "brewery", "name": "Black Forest Brewery", "opening_hours": "Mo-Tu off; We-Th 16:00-21:00; Fr-Sa 12:00-21:00; Su 12:00-19:00"}}, "geometry": {"type": "Point", "coordinates": [-76.1812116, 40.181453]}}, {"type": "Feature", "properties": {"osm_type": "node", "osm_id": 6936291679, "tags": {"addr:city": "Ephrata", "addr:housenumber": "284", "addr:postcode": "17522", "addr:state": "PA", "addr:street": "South Reading Road", "contact:facebook": "https://www.facebook.com/inspirationbrewingco", "contact:phone": "+1 717-863-2101", "contact:website": "http://inspirationbrewingco.com/", "craft": "brewery", "name": "Inspiration Brewing Company", "product": "beer;food"}}, "geometry": {"type": "Point", "coordinates": [-76.1958616, 40.1781132]}}, {"type": "Feature", "properties": {"osm_type": "node", "osm_id": 7049833564, "tags": {"addr:city": "Northwood", "addr:housenumber": "1334", "addr:postcode": "03261", "addr:state": "NH", "addr:street": "First New Hampshire Turnpike", "craft": "brewery", "email": "info@northwoodsbeer.com", "name": "Northwoods Brewing Company", "opening_hours": "Su-Th 11:00-21:00; Fr-Sa 11:00-22:00", "phone": "+1-603-942-6400", "product": "beer;pizza", "website": "https://www.northwoodsbeer.com/"}}, "geometry": {"type": "Point", "coordinates": [-71.2502661, 43.2233604]}}, {"type": "Feature", "properties": {"osm_type": "node", "osm_id": 7137535799, "tags": {"addr:city": "Concord", "addr:housenumber": "117", "addr:postcode": "03301", "addr:state": "NH", "addr:street": "Storrs Street", "craft": "brewery", "name": "Concord Craft Brewing Company"}}, "geometry": {"type": "Point", "coordinates": [-71.5350527, 43.2060053]}}, {"type": "Feature", "properties": {"osm_type": "node", "osm_id": 7167369784, "tags": {"amenity": "bar", "craft": "brewery", "name": "Downeast Cider", "opening_hours": "Th 17:00-20:00; Fr 17:00-21:00; Sa 11:00-20:00; Su 12:00-19:00", "website": "https://www.downeastcider.com"}}, "geometry": {"type": "Point", "coordinates": [-71.0327908, 42.3642404]}}, {"type": "Feature", "properties": {"osm_type": "node", "osm_id": 7228956663, "tags": {"addr:city": "Beverly", "addr:housenumber": "232", "addr:postcode": "01915", "addr:state": "MA", "addr:street": "Rantoul Street", "craft": "brewery", "name": "Old Planters Brewing Co.", "opening_hours": "Th-Fr 16:00-22:00; Sa 12:00-22:00; Su 12:00-18:00", "website": "https://www.oldplanters.com/"}}, "geometry": {"type": "Point", "coordinates": [-70.8838613, 42.5493311]}}, {"type": "Feature", "properties": {"osm_type": "node", "osm_id": 7280520790, "tags": {"amenity": "bar", "craft": "brewery", "name": "Hudson Brewing Company"}}, "geometry": {"type": "Point", "coordinates": [-73.7980419, 42.2515952]}}, {"type": "Feature", "properties": {"osm_type": "node", "osm_id": 7280537363, "tags": {"amenity": "bar", "craft": "brewery", "name": "Subversive Malting + Brewing"}}, "geometry": {"type": "Point", "coordinates": [-73.8728942, 42.2167021]}}, {"type": "Feature", "properties": {"osm_type": "node", "osm_id": 7383406645, "tags": {"craft": "brewery", "name": "Commonwealth Ciders"}}, "geometry": {"type": "Point", "coordinates": [-75.1274937, 39.9825123]}}, {"type": "Feature", "properties": {"osm_type": "node", "osm_id": 7383480664, "tags": {"craft": "distillery", "name": "Federal Distilling Room"}}, "geometry": {"type": "Point", "coordinates": [-75.1370944, 39.9765845]}}, {"type": "Feature", "properties": {"osm_type": "node", "osm_id": 7383526243, "tags": {"addr:housenumber": "1526", "addr:street": "North American Street", "alt_name": "Original 13 Ciderworks", "amenity": "pub", "craft": "brewery", "microbrewery": "yes", "name": "Wissahickon Brewing Co", "website": "https://www.wissahickonbrew.com/"}}, "geometry": {"type": "Point", "coordinates": [-75.1400343, 39.9745786]}}, {"type": "Feature", "properties": {"osm_type": "node", "osm_id": 7383526245, "tags": {"addr:city": "Philadelphia", "addr:housenumber": "1445", "addr:postcode": "19122", "addr:state": "PA", "addr:street": "North American Street", "amenity": "bar", "craft": "brewery", "name": "Punch Buggy Brewing Company", "opening_hours": "Mo-Tu 17:00-22:00; We-Fr 16:00-23:00; Sa 12:00-23:00; Su 12:00-20:00", "phone": "+1-215-620-2053", "website": "https://punchbuggybrewing.com/"}}, "geometry": {"type": "Point", "coordinates": [-75.139738, 39.973657]}}, {"type": "Feature", "properties": {"osm_type": "node", "osm_id": 7383531794, "tags": {"addr:city": "Philadelphia", "addr:housenumber": "901", "addr:postcode": "19123", "addr:state": "PA", "addr:street": "North Delaware Avenue", "check_date": "2026-02-28", "contact:facebook": "https://www.facebook.com/MainstayIndependent/", "craft": "brewery", "name": "Mainstay Independent Brewing Company", "phone": "+1 215-422-3561", "website": "https://mainstaybrewing.com/"}}, "geometry": {"type": "Point", "coordinates": [-75.1357955, 39.9624458]}}, {"type": "Feature", "properties": {"osm_type": "node", "osm_id": 7383548287, "tags": {"amenity": "bar", "check_date": "2026-02-28", "craft": "distillery", "name": "Philadelphia Distilling", "opening_hours": "Th 16:00-22:00; Fr 16:00-23:00; Sa 13:00-23:00; Su 13:00-21:00", "website": "https://www.philadelphiadistilling.com/visit/"}}, "geometry": {"type": "Point", "coordinates": [-75.1353856, 39.9656362]}}, {"type": "Feature", "properties": {"osm_type": "node", "osm_id": 7387672277, "tags": {"addr:city": "Norristown", "addr:housenumber": "129", "addr:postcode": "19403", "addr:street": "East Main Street", "check_date": "2023-08-14", "contact:instagram": "https://www.instagram.com/fivesaintsdistilling", "craft": "distillery", "name": "Five Saints Distilling", "phone": "+1 610-279-5364", "website": "https://fivesaintsdistilling.com"}}, "geometry": {"type": "Point", "coordinates": [-75.3414209, 40.1135342]}}, {"type": "Feature", "properties": {"osm_type": "node", "osm_id": 7402711440, "tags": {"addr:city": "Philadelphia", "addr:housenumber": "1023", "addr:postcode": "19123-3726", "addr:state": "PA", "addr:street": "Hamilton Street", "amenity": "bar", "craft": "brewery", "name": "Love City Brewing", "phone": "+1-215-398-1900", "website": "https://www.lovecitybrewing.com/"}}, "geometry": {"type": "Point", "coordinates": [-75.155549, 39.960296]}}, {"type": "Feature", "properties": {"osm_type": "node", "osm_id": 7407606733, "tags": {"addr:city": "Phillipsburg", "addr:housenumber": "51", "addr:postcode": "08865", "addr:state": "NJ", "addr:street": "Broad Street", "craft": "brewery", "name": "Invertase Brewing Company"}}, "geometry": {"type": "Point", "coordinates": [-75.2000659, 40.6971296]}}, {"type": "Feature", "properties": {"osm_type": "node", "osm_id": 7473848030, "tags": {"addr:city": "Easton", "addr:housenumber": "1247", "addr:postcode": "18042", "addr:state": "PA", "addr:street": "Simon Boulevard", "addr:unit": "N108", "craft": "brewery", "name": "Separatist Beer Project - Blendery"}}, "geometry": {"type": "Point", "coordinates": [-75.2263505, 40.698084]}}, {"type": "Feature", "properties": {"osm_type": "node", "osm_id": 7473848054, "tags": {"addr:city": "Easton", "addr:housenumber": "669", "addr:postcode": "18042", "addr:state": "PA", "addr:street": "North 13th Street", "addr:unit": "A104", "craft": "distillery", "name": "County Seat Spirits"}}, "geometry": {"type": "Point", "coordinates": [-75.2277265, 40.6976895]}}, {"type": "Feature", "properties": {"osm_type": "node", "osm_id": 7499909244, "tags": {"craft": "brewery", "name": "Beer\u2019d Brewing Co. - The Silo"}}, "geometry": {"type": "Point", "coordinates": [-72.046548, 41.3413829]}}, {"type": "Feature", "properties": {"osm_type": "node", "osm_id": 7504931076, "tags": {"addr:city": "South Deerfield", "addr:housenumber": "12", "addr:postcode": "01373", "addr:state": "MA", "addr:street": "Railroad Street", "craft": "brewery", "description": "Tap room and Beer Garden. Kid and pet friendly. Small snacks available but guests may bring their own food.", "name": "Berkshire Brewing Company", "opening_hours:covid19": "off", "phone": "+1 413 665 6600", "website": "https://www.berkshire-brewing.com"}}, "geometry": {"type": "Point", "coordinates": [-72.6093197, 42.478702]}}, {"type": "Feature", "properties": {"osm_type": "node", "osm_id": 7515828914, "tags": {"amenity": "bar", "craft": "brewery", "name": "Attic Brewing Company"}}, "geometry": {"type": "Point", "coordinates": [-75.1617102, 40.0230366]}}, {"type": "Feature", "properties": {"osm_type": "node", "osm_id": 7515859407, "tags": {"construction:amenity": "bar", "craft": "brewery", "name": "After Midnight Brewing", "website": "https://www.aftermidnightbrewing.com/"}}, "geometry": {"type": "Point", "coordinates": [-75.1374762, 39.9840007]}}, {"type": "Feature", "properties": {"osm_type": "node", "osm_id": 7515874059, "tags": {"amenity": "bar", "craft": "brewery", "name": "Sacred Vice Brewing Company"}}, "geometry": {"type": "Point", "coordinates": [-75.1085964, 39.9928387]}}, {"type": "Feature", "properties": {"osm_type": "node", "osm_id": 7515919194, "tags": {"craft": "brewery", "name": "Philadelphia Mead Well", "website": "https://phillymead.com"}}, "geometry": {"type": "Point", "coordinates": [-75.1099033, 40.0016327]}}, {"type": "Feature", "properties": {"osm_type": "node", "osm_id": 7519214205, "tags": {"addr:city": "Philadelphia", "addr:housenumber": "8221", "addr:postcode": "19118-3401", "addr:state": "PA", "addr:street": "Germantown Avenue", "air_conditioning": "yes", "amenity": "bar", "craft": "brewery", "cuisine": "american", "dog": "leashed", "indoor_seating": "yes", "name": "Chestnut Hill Brewing Company", "opening_hours": "We-Th 16:00-21:00; Fr-Sa 11:30-22:00; Su 11:30-20:00", "outdoor_seating": "yes", "payment:cards": "yes", "payment:cash": "yes", "payment:qr_code": "no", "phone": "+1-215-247-0330", "reservation": "yes", "smoking": "no", "website": "https://www.chestnuthillbrewingcompany.com/", "wheelchair": "yes"}}, "geometry": {"type": "Point", "coordinates": [-75.202693, 40.074159]}}, {"type": "Feature", "properties": {"osm_type": "node", "osm_id": 7524084336, "tags": {"amenity": "bar", "craft": "brewery", "name": "Wissahickon Brewing Company", "opening_hours": "Mo-We 12:00-22:00; Th,Fr 12:00-23:00; Sa 11:00-23:00,11:00-20:00"}}, "geometry": {"type": "Point", "coordinates": [-75.2008481, 40.0136822]}}, {"type": "Feature", "properties": {"osm_type": "node", "osm_id": 7627644898, "tags": {"amenity": "bar", "craft": "brewery", "name": "Dorchester Brewing Company"}}, "geometry": {"type": "Point", "coordinates": [-71.0625839, 42.3221646]}}, {"type": "Feature", "properties": {"osm_type": "node", "osm_id": 7680765483, "tags": {"addr:city": "Boston", "addr:housenumber": "51", "addr:postcode": "02210", "addr:state": "MA", "addr:street": "Sleeper Street", "brewery": "yes", "contact:facebook": "https://www.facebook.com/HopstersBrew/", "contact:instagram": "https://www.instagram.com/hopstersbrew/", "contact:twitter": "https://twitter.com/HopstersBrew", "craft": "brewery", "email": "info@hopstersbrew.com", "min_age": "21", "name": "Hopsters Brewing Co.", "phone": "+1-857-239-9042", "product": "beer", "website": "https://www.hopstersbrew.com/reservations-seaport/"}}, "geometry": {"type": "Point", "coordinates": [-71.048519, 42.3526443]}}, {"type": "Feature", "properties": {"osm_type": "node", "osm_id": 7708345043, "tags": {"addr:city": "Milford", "addr:housenumber": "309", "addr:postcode": "18337", "addr:state": "PA", "addr:street": "East Harford Street", "check_date": "2023-08-19", "craft": "brewery", "name": "Log Tavern Brewing"}}, "geometry": {"type": "Point", "coordinates": [-74.8001489, 41.3188832]}}, {"type": "Feature", "properties": {"osm_type": "node", "osm_id": 7711107024, "tags": {"check_date": "2025-04-18", "craft": "distillery", "name": "Kings Country Distillery", "phone": "+1-347-689-4211", "website": "https://www.kingscountydistillery.com"}}, "geometry": {"type": "Point", "coordinates": [-73.9785745, 40.6994185]}}, {"type": "Feature", "properties": {"osm_type": "node", "osm_id": 7716651250, "tags": {"addr:city": "Easton", "addr:housenumber": "1250", "addr:postcode": "18042", "addr:state": "PA", "addr:street": "Simon Boulevard", "addr:unit": "K", "craft": "brewery", "name": "Boser Geist Brewery", "product": "beer;food", "wheelchair": "yes"}}, "geometry": {"type": "Point", "coordinates": [-75.2269485, 40.6976734]}}, {"type": "Feature", "properties": {"osm_type": "node", "osm_id": 7779238924, "tags": {"addr:city": "Everett", "addr:housenumber": "87", "addr:postcode": "02149", "addr:state": "MA", "addr:street": "Santilli Highway", "air_conditioning": "yes", "amenity": "bar", "branch": "Everett Taproom", "brand:facebook": "https://www.facebook.com/NightShiftBeer/", "contact:email": "info@nightshiftbrewing.com", "contact:facebook": "https://www.facebook.com/NightShiftBeer/", "contact:instagram": "https://www.instagram.com/nightshiftbrewing/", "contact:twitter": "https://twitter.com/NightShiftBeer", "contact:website": "https://nightshiftbrewing.com/locations/everett-taproom/", "craft": "brewery", "email": "info@nightshiftbrewing.com", "facebook": "https://www.facebook.com/NightShiftBeer/", "min_age": "21", "name": "Night Shift Brewing", "opening_hours": "Mo 16:00-22:00; Th 14:00-22:00; Fr-Sa 12:00-23:00; Su 12:00-20:00", "payment:cash": "yes", "payment:credit_cards": "yes", "payment:debit_cards": "yes", "phone": "+1-617-294-4233", "toilets": "customers", "toilets:wheelchair": "yes", "twitter": "https://twitter.com/NightShiftBeer", "website": "https://nightshiftbrewing.com/locations/everett-taproom/", "wheelchair": "yes"}}, "geometry": {"type": "Point", "coordinates": [-71.0679931, 42.4059549]}}, {"type": "Feature", "properties": {"osm_type": "node", "osm_id": 7799254906, "tags": {"addr:city": "Everett", "addr:housenumber": "1934", "addr:postcode": "02149", "addr:state": "MA", "addr:street": "Revere Beach Parkway", "craft": "brewery", "name": "BearMoose Brewing Company", "product": "beer", "website": "https://bearmoosebrewing.com/"}}, "geometry": {"type": "Point", "coordinates": [-71.0516499, 42.4025369]}}, {"type": "Feature", "properties": {"osm_type": "node", "osm_id": 7799343598, "tags": {"amenity": "pub", "craft": "brewery", "name": "Lamplighter Brewing Company", "opening_hours": "Tu-Sa 11:00-24:00, Su,Mo 11:00-22:00"}}, "geometry": {"type": "Point", "coordinates": [-71.0979339, 42.3679737]}}, {"type": "Feature", "properties": {"osm_type": "node", "osm_id": 7799378779, "tags": {"amenity": "pub", "craft": "brewery", "name": "Redemption Rock Brewing Company"}}, "geometry": {"type": "Point", "coordinates": [-71.7782793, 42.2688952]}}, {"type": "Feature", "properties": {"osm_type": "node", "osm_id": 7826463426, "tags": {"addr:city": "Mamaroneck", "addr:housenumber": "390", "addr:postcode": "10543", "addr:state": "NY", "addr:street": "Mount Pleasant Avenue", "craft": "distillery", "name": "Good Shepherd Distillery"}}, "geometry": {"type": "Point", "coordinates": [-73.7371652, 40.9513529]}}, {"type": "Feature", "properties": {"osm_type": "node", "osm_id": 7835862411, "tags": {"amenity": "pub", "craft": "brewery", "name": "Iron Duke Brewing"}}, "geometry": {"type": "Point", "coordinates": [-72.4755396, 42.1546314]}}, {"type": "Feature", "properties": {"osm_type": "node", "osm_id": 7871060357, "tags": {"addr:housenumber": "320", "addr:street": "Circle of Progress Drive", "addr:unit": "104", "check_date": "2023-07-16", "contact:facebook": "https://www.facebook.com/ManatawnyStillWorks", "contact:instagram": "https://www.instagram.com/manatawnystillworks", "craft": "distillery", "name": "Manatawny Still Works", "website": "https://www.manatawnystillworks.com"}}, "geometry": {"type": "Point", "coordinates": [-75.6677592, 40.2642491]}}, {"type": "Feature", "properties": {"osm_type": "node", "osm_id": 7902699785, "tags": {"addr:housenumber": "550", "addr:postcode": "14850", "addr:street": "Sandbank Road", "alt_name": "South Hill Cider", "amenity": "restaurant", "craft": "brewery", "cuisine": "regional", "email": "info@southhillcider.com", "name": "South Hill Cider Farm Winery", "opening_hours": "Th-Mo 12:00-20:00", "operator": "Steve Selin", "phone": "+1-607-272-9862", "website": "https://www.southhillcider.com/"}}, "geometry": {"type": "Point", "coordinates": [-76.5251965, 42.3941628]}}, {"type": "Feature", "properties": {"osm_type": "node", "osm_id": 8181767025, "tags": {"addr:city": "Easton", "addr:housenumber": "325", "addr:postcode": "18042", "addr:state": "PA", "addr:street": "Northampton Street", "craft": "distillery", "name": "Eight Oaks Farm Distillery", "phone": "+1 484 387 5287", "website": "https://eightoaksdistillery.com/"}}, "geometry": {"type": "Point", "coordinates": [-75.2104015, 40.69144]}}, {"type": "Feature", "properties": {"osm_type": "node", "osm_id": 8330933454, "tags": {"addr:city": "Clarksboro", "addr:housenumber": "119", "addr:postcode": "08020", "addr:state": "NJ", "addr:street": "Berkley Road", "addr:unit": "B", "craft": "brewery", "name": "Death Of The Fox", "phone": "+1-856-599-1655", "product": "beer;coffee", "website": "https://www.deathofthefoxbrewing.com/"}}, "geometry": {"type": "Point", "coordinates": [-75.2250833, 39.8146957]}}, {"type": "Feature", "properties": {"osm_type": "node", "osm_id": 8356412323, "tags": {"craft": "brewery"}}, "geometry": {"type": "Point", "coordinates": [-70.83149, 42.9522902]}}, {"type": "Feature", "properties": {"osm_type": "node", "osm_id": 8487702812, "tags": {"addr:city": "Syracuse", "addr:housenumber": "881", "addr:postcode": "13204", "addr:state": "NY", "addr:street": "Van Rensselaer Street", "craft": "brewery", "name": "Buried Acorn Brewing", "nysgissam:nysaddresspointid": "ONON053223", "nysgissam:review": "found > 1 existing matching address", "phone": "+1 315-552-1499", "website": "https://www.buriedacorn.com"}}, "geometry": {"type": "Point", "coordinates": [-76.1743896, 43.0634921]}}, {"type": "Feature", "properties": {"osm_type": "node", "osm_id": 8507198385, "tags": {"addr:city": "Pitman", "addr:housenumber": "101", "addr:postcode": "08071", "addr:state": "NJ", "addr:street": "West Jersey Avenue", "air_conditioning": "yes", "amenity": "bar", "brewery": "yes", "microbrewery": "yes", "min_age": "21", "name": "Kelly Green Brewing"}}, "geometry": {"type": "Point", "coordinates": [-75.1286282, 39.7319671]}}, {"type": "Feature", "properties": {"osm_type": "node", "osm_id": 8554626795, "tags": {"craft": "brewery", "name": "Brown's Brewing Company"}}, "geometry": {"type": "Point", "coordinates": [-73.6878974, 42.7358591]}}, {"type": "Feature", "properties": {"osm_type": "node", "osm_id": 8588483836, "tags": {"addr:city": "Shelton", "addr:housenumber": "278", "addr:postcode": "06484", "addr:state": "CT", "addr:street": "Leavenworth Road", "addr:unit": "B", "craft": "distillery", "name": "White Hills Distillery", "opening_hours": "Fr 13:00-19:00; Sa-Su 12:00-18:00", "phone": "+1-475-269-5085", "product": "bourbon;brandy;vodka;whiskey", "website": "https://whitehillsdistillery.com/"}}, "geometry": {"type": "Point", "coordinates": [-73.1524893, 41.3334417]}}, {"type": "Feature", "properties": {"osm_type": "node", "osm_id": 8591786800, "tags": {"addr:city": "Easthampton", "addr:housenumber": "142", "addr:postcode": "01027", "addr:state": "MA", "addr:street": "Pleasant Street", "addr:unit": "103A", "craft": "brewery", "name": "Abandoned Building Brewery", "phone": "+1 413-203-2537", "website": "https://www.abandonedbuildingbrewery.com/"}}, "geometry": {"type": "Point", "coordinates": [-72.6611528, 42.2734119]}}, {"type": "Feature", "properties": {"osm_type": "node", "osm_id": 8591798361, "tags": {"addr:city": "Easthampton", "addr:housenumber": "180", "addr:postcode": "01027", "addr:state": "MA", "addr:street": "Pleasant Street", "addr:unit": "12", "craft": "brewery", "name": "New City Brewery", "phone": "+1 413-529-2000"}}, "geometry": {"type": "Point", "coordinates": [-72.6593256, 42.2744119]}}, {"type": "Feature", "properties": {"osm_type": "node", "osm_id": 8728697452, "tags": {"amenity": "restaurant", "craft": "brewery", "name": "Cisco Brewers", "website": "https://www.ciscobrewers.com/"}}, "geometry": {"type": "Point", "coordinates": [-70.1311524, 41.2633815]}}, {"type": "Feature", "properties": {"osm_type": "node", "osm_id": 8774877068, "tags": {"addr:city": "Cortland", "addr:housenumber": "16", "addr:postcode": "13045", "addr:state": "NY", "addr:street": "Court Street", "craft": "brewery", "name": "Cortland Beer Company", "nysgissam:nysaddresspointid": "CORT015320"}}, "geometry": {"type": "Point", "coordinates": [-76.1796203, 42.5995675]}}, {"type": "Feature", "properties": {"osm_type": "node", "osm_id": 8783530019, "tags": {"addr:city": "Bellmore", "addr:country": "US", "addr:housenumber": "310;308", "addr:postcode": "11710", "addr:state": "NY", "addr:street": "Bedford Avenue;Bedford Ave;Bedford Avenue North", "air_conditioning": "yes", "contact:facebook": "https://www.facebook.com/LunchboxBrewery", "craft": "brewery", "email": "info@lunchboxbrewery.com", "internet_access": "wlan", "name": "Lunchbox Brewing Company", "name:en": "Lunchbox Brewing Company", "nysgissam:nysaddresspointid": "NASS036553;NASS392931", "opening_hours": "Mo-Th 11:00-20:00; Fr-Sa 10:00-21:00; Su 12:00-18:00", "operator": "Lunchbox Brewing Company LLC", "payment:credit_cards": "yes", "payment:debit_cards": "yes", "phone": "+1-516-519-7233", "product": "beer", "website": "https://lunchboxbrewery.com", "wheelchair": "yes"}}, "geometry": {"type": "Point", "coordinates": [-73.5282473, 40.6708915]}}, {"type": "Feature", "properties": {"osm_type": "node", "osm_id": 8805026825, "tags": {"addr:city": "Cazenovia", "addr:housenumber": "33", "addr:postcode": "13035", "addr:state": "NY", "addr:street": "Rippleton Road", "craft": "brewery", "name": "Meier's Creek Brewing Company", "nysgissam:nysaddresspointid": "MADI028978", "nysgissam:review": "found > 1 existing matching address", "website": "https://www.meierscreekbrewing.com/"}}, "geometry": {"type": "Point", "coordinates": [-75.8662074, 42.9193594]}}, {"type": "Feature", "properties": {"osm_type": "node", "osm_id": 8821921762, "tags": {"addr:housenumber": "2", "addr:street": "Clerico Lane", "addr:unit": "Building 4", "contact:facebook": "https://www.facebook.com/flounderbrewing", "contact:instagram": "flounderbrewing", "contact:twitter": "@flounderbrewing", "craft": "brewery", "email": "contact@flounderbrewing.com", "microbrewery": "yes", "name": "Flounder Brewing Co.", "phone": "+1 908 396 6166", "website": "https://www.flounderbrewing.com/"}}, "geometry": {"type": "Point", "coordinates": [-74.627823, 40.4973118]}}, {"type": "Feature", "properties": {"osm_type": "node", "osm_id": 8851487788, "tags": {"craft": "brewery", "name": "South Shore Craft Brewery"}}, "geometry": {"type": "Point", "coordinates": [-73.6543485, 40.624908]}}, {"type": "Feature", "properties": {"osm_type": "node", "osm_id": 8878081615, "tags": {"addr:housenumber": "318", "addr:state": "ME", "addr:street": "Route 1", "craft": "brewery", "name": "Definitive Brewing Company", "website": "https://www.definitivebrewing.com"}}, "geometry": {"type": "Point", "coordinates": [-70.7335394, 43.1116215]}}, {"type": "Feature", "properties": {"osm_type": "node", "osm_id": 8905647017, "tags": {"addr:city": "Medford", "addr:housenumber": "14", "addr:postcode": "08055", "addr:state": "NJ", "addr:street": "South Main Street", "check_date": "2026-03-08", "craft": "brewery", "name": "Lower Forge Brewery", "phone": "+1 609-975-9532", "website": "https://www.lowerforge.com/"}}, "geometry": {"type": "Point", "coordinates": [-74.8237118, 39.8991346]}}, {"type": "Feature", "properties": {"osm_type": "node", "osm_id": 8934562725, "tags": {"addr:city": "Hockessin", "addr:housenumber": "2878", "addr:state": "DE", "addr:street": "Creek Road", "craft": "brewery", "name": "Dew Point Brewing Company", "opening_hours": "Th 16:00-21:00; Fr 15:00-21:00; Sa 13:00-21:00; Su 13:00-19:00", "phone": "+1 302-235-8429", "website": "https://www.dewpointbrewing.com/"}}, "geometry": {"type": "Point", "coordinates": [-75.673851, 39.808857]}}, {"type": "Feature", "properties": {"osm_type": "node", "osm_id": 8980643530, "tags": {"craft": "distillery", "name": "Triple Eight Distillery"}}, "geometry": {"type": "Point", "coordinates": [-70.1314088, 41.2634221]}}, {"type": "Feature", "properties": {"osm_type": "node", "osm_id": 8993863100, "tags": {"craft": "distillery", "name": "South Hollow Spirits"}}, "geometry": {"type": "Point", "coordinates": [-70.0781127, 42.0297783]}}, {"type": "Feature", "properties": {"osm_type": "node", "osm_id": 9006516524, "tags": {"addr:city": "Wilmington", "addr:housenumber": "18", "addr:postcode": "05363", "addr:state": "VT", "addr:street": "North Main Street", "craft": "brewery", "source": "esri/USA_NAD_Addresses"}}, "geometry": {"type": "Point", "coordinates": [-72.8698741, 42.8692659]}}, {"type": "Feature", "properties": {"osm_type": "node", "osm_id": 9010625370, "tags": {"craft": "distillery", "name": "Cape & Island Distillers", "note": "opened summer 2021", "website": "https://www.capeandislandsdistillers.com/"}}, "geometry": {"type": "Point", "coordinates": [-70.495907, 41.6585114]}}, {"type": "Feature", "properties": {"osm_type": "node", "osm_id": 9054728030, "tags": {"addr:city": "Collingswood", "addr:housenumber": "1", "addr:state": "NJ", "addr:street": "Powell Lane", "check_date": "2024-06-13", "contact:facebook": "https://www.facebook.com/raccoon.taproom/", "craft": "brewery", "name": "Raccoon Taproom"}}, "geometry": {"type": "Point", "coordinates": [-75.0714127, 39.9169023]}}, {"type": "Feature", "properties": {"osm_type": "node", "osm_id": 9063348766, "tags": {"craft": "brewery"}}, "geometry": {"type": "Point", "coordinates": [-71.8330322, 41.3703596]}}, {"type": "Feature", "properties": {"osm_type": "node", "osm_id": 9070727281, "tags": {"craft": "brewery", "name": "Bound By Fate Brewing", "note": "located at Carriage House at 9 Gables", "website": "https://www.boundbyfatebrewing.com"}}, "geometry": {"type": "Point", "coordinates": [-73.5833537, 43.0972093]}}, {"type": "Feature", "properties": {"osm_type": "node", "osm_id": 9071324546, "tags": {"addr:city": "Dover", "addr:housenumber": "455", "addr:state": "NH", "addr:street": "Central Avenue", "amenity": "pub", "craft": "brewery", "instagram": "garrisoncity", "internet_access": "wlan", "level": "0", "microbrewery": "yes", "name": "Garrison City Beerworks", "opening_hours": "Su 12:00-18:00; Mo 16:00-20:00; We-Th 15:00-21:00; Fr-Sa 12:00-21:00", "outdoor_seating": "yes", "phone": "+1 603-343-4231", "power_supply": "yes", "shop": "beer", "website": "https://garrisoncitybeerworks.com"}}, "geometry": {"type": "Point", "coordinates": [-70.873831, 43.1976034]}}, {"type": "Feature", "properties": {"osm_type": "node", "osm_id": 9120977794, "tags": {"amenity": "bar", "craft": "brewery", "internet_access": "wlan", "name": "Strong Rope Brewery - Red Hook", "outdoor_seating": "yes", "website": "https://www.strongropebrewery.com/red-hook"}}, "geometry": {"type": "Point", "coordinates": [-74.0188315, 40.6772915]}}, {"type": "Feature", "properties": {"osm_type": "node", "osm_id": 9121247085, "tags": {"addr:city": "Manchester Center", "addr:housenumber": "18", "addr:postcode": "05255", "addr:state": "VT", "addr:street": "Depot Street", "craft": "distillery", "name": "Smugglers' Notch Distillery", "opening_hours": "Mo 10:00-17:00; Tu-Su 10:00-18:00", "operator": "Smugglers' Notch Distillery LLC", "phone": "+1-802-733-2688", "ref:vcgi:esiteid": "150050", "website": "https://www.smugglersnotchdistillery.com"}}, "geometry": {"type": "Point", "coordinates": [-73.0571375, 43.1760901]}}, {"type": "Feature", "properties": {"osm_type": "node", "osm_id": 9349899346, "tags": {"addr:city": "Milford", "addr:housenumber": "4", "addr:postcode": "01757", "addr:state": "MA", "addr:street": "Industrial Road", "craft": "brewery", "name": "Craftroots Brewery", "website": "https://www.craftrootsbrewing.com/"}}, "geometry": {"type": "Point", "coordinates": [-71.4923164, 42.1415084]}}, {"type": "Feature", "properties": {"osm_type": "node", "osm_id": 9362891839, "tags": {"craft": "brewery", "name": "Oyster Creek Brewing Company", "website": "https://www.oystercreekbrewing.com/"}}, "geometry": {"type": "Point", "coordinates": [-74.1986495, 39.8004302]}}, {"type": "Feature", "properties": {"osm_type": "node", "osm_id": 9419724301, "tags": {"addr:city": "Stafford Springs;Stafford", "addr:housenumber": "68", "addr:postcode": "06076", "addr:state": "CT", "addr:street": "Main Street", "craft": "brewery", "name": "Stafford Cidery", "website": "http://www.crazycockcider.com/"}}, "geometry": {"type": "Point", "coordinates": [-72.3058584, 41.9531799]}}, {"type": "Feature", "properties": {"osm_type": "node", "osm_id": 9513870191, "tags": {"addr:city": "Riverhead", "addr:housenumber": "24", "addr:postcode": "11901", "addr:state": "NY", "addr:street": "East Second Street", "addr:unit": "A", "craft": "brewery", "name": "North Fork Brewing Company"}}, "geometry": {"type": "Point", "coordinates": [-72.6621058, 40.9191201]}}, {"type": "Feature", "properties": {"osm_type": "node", "osm_id": 9513870192, "tags": {"addr:city": "Riverhead", "addr:housenumber": "24", "addr:postcode": "11901", "addr:state": "NY", "addr:street": "East Second Street", "addr:unit": "B", "craft": "distillery", "name": "Montauk Distilling Co"}}, "geometry": {"type": "Point", "coordinates": [-72.6618795, 40.919176]}}, {"type": "Feature", "properties": {"osm_type": "node", "osm_id": 9584707994, "tags": {"addr:city": "East Haddam", "addr:housenumber": "23", "addr:postcode": "06423", "addr:state": "CT", "addr:street": "Petticoat Lane", "craft": "brewery", "description": "Craft cider shop and bar.", "name": "Yankee Cider Company", "opening_hours": "Su 12:00-19:00"}}, "geometry": {"type": "Point", "coordinates": [-72.4330831, 41.4569581]}}, {"type": "Feature", "properties": {"osm_type": "node", "osm_id": 9648715771, "tags": {"craft": "brewery", "name": "True North Ale Company"}}, "geometry": {"type": "Point", "coordinates": [-70.8359882, 42.6695011]}}, {"type": "Feature", "properties": {"osm_type": "node", "osm_id": 9649575161, "tags": {"addr:city": "Dover", "addr:housenumber": "1", "addr:postcode": "03820", "addr:state": "NH", "addr:street": "Washington Street", "addr:unit": "1103", "brewery": "kombucha", "craft": "brewery", "drink:beer": "no", "drink:kombucha": "draught", "email": "connect@auspiciousbrew.com", "internet_access": "wlan", "name": "Auspicious Brew", "opening_hours": "Tu 16:00-20:00; We-Th 15:00-21:00; Fr-Sa 12:00-22:00; Su 12:00-18:00", "phone": "+1 603-953-7240", "website": "https://www.auspiciousbrew.com"}}, "geometry": {"type": "Point", "coordinates": [-70.8707994, 43.1949095]}}, {"type": "Feature", "properties": {"osm_type": "node", "osm_id": 9652971077, "tags": {"addr:city": "Toms River", "addr:housenumber": "13", "addr:postcode": "08753", "addr:state": "NJ", "addr:street": "Washington Street", "craft": "distillery", "name": "Garden State Distillery", "website": "https://www.gardenstatedistillery.com/"}}, "geometry": {"type": "Point", "coordinates": [-74.197538, 39.9531905]}}, {"type": "Feature", "properties": {"osm_type": "node", "osm_id": 9653595852, "tags": {"addr:city": "Stonington", "addr:housenumber": "129", "addr:postcode": "06355", "addr:state": "CT", "addr:street": "North Stonington Road", "craft": "brewery", "name": "B.F. Clyde's Cider Mill", "phone": "+1-860-536-3354", "website": "https://www.clydescidermill.com/"}}, "geometry": {"type": "Point", "coordinates": [-71.953908, 41.3990228]}}, {"type": "Feature", "properties": {"osm_type": "node", "osm_id": 9673233658, "tags": {"addr:city": "Saratoga Springs", "addr:housenumber": "489", "addr:postcode": "12866", "addr:state": "NY", "addr:street": "Broadway", "addr:unit": "Basement", "craft": "brewery", "description": "We pride ourselves on authenticity, quick service and our massive selection. We used to be called Pint Sized a bar that heavily leaned on the booming craft beer movement which evolved from our humble beginnings with a retail store called Brew.", "email": "diveupstate@gmail.com", "name": "DIVE", "opening_hours": "Mo,Tu 15:00-24:00; We 12:00-24:00; Su 12:00-20:00", "payment:cards": "yes", "payment:cash": "yes", "payment:contactless": "yes", "website": "https://diveupstate.com/"}}, "geometry": {"type": "Point", "coordinates": [-73.7848333, 43.0838101]}}, {"type": "Feature", "properties": {"osm_type": "node", "osm_id": 9690650989, "tags": {"addr:city": "Brooklyn", "addr:housenumber": "201", "addr:postcode": "11222", "addr:state": "NY", "addr:street": "Dupont Street", "craft": "brewery", "cuisine": "korean", "email": "contact@hanamakgeolli.com", "name": "Hana Makgeoli", "opening_hours": "Fr 17:00-22:00; Sa 12:00-22:00; Su 12:00-21:00", "website": "https://www.hanamakgeolli.com/"}}, "geometry": {"type": "Point", "coordinates": [-73.9514989, 40.7363383]}}, {"type": "Feature", "properties": {"osm_type": "node", "osm_id": 9694959717, "tags": {"addr:city": "Malden", "addr:housenumber": "50", "addr:postcode": "02148", "addr:state": "MA", "addr:street": "Pleasant Street", "air_conditioning": "yes", "bar": "yes", "check_date": "2024-01-01", "contact:facebook": "https://www.facebook.com/facesbrewing", "contact:instagram": "https://www.instagram.com/facesbrewing", "contact:twitter": "https://twitter.com/facesbrewing", "craft": "brewery", "email": "info@facesbrewing.com", "facebook": "https://www.facebook.com/facesbrewing", "name": "Faces Brewing Co.", "opening_hours": "Mo-We 16:00-23:00; Th 16:00-24:00; Fr 12:00-01:00; Sa 11:00-01:00; Su 11:00-19:00", "payment:credit_cards": "yes", "payment:debit_cards": "yes", "phone": "+1-781-851-4672", "product": "beer", "twitter": "https://twitter.com/facesbrewing", "website": "https://www.facesbrewing.com/", "wheelchair": "yes"}}, "geometry": {"type": "Point", "coordinates": [-71.0686213, 42.4265326]}}, {"type": "Feature", "properties": {"osm_type": "node", "osm_id": 9758902120, "tags": {"craft": "brewery", "name": "Bergen House"}}, "geometry": {"type": "Point", "coordinates": [-72.6542582, 41.5654538]}}, {"type": "Feature", "properties": {"osm_type": "node", "osm_id": 9792589861, "tags": {"addr:city": "Hammonton", "addr:housenumber": "15", "addr:postcode": "08037", "addr:state": "NJ", "addr:street": "Horton Street", "craft": "brewery", "microbrewery": "yes", "name": "Chimney Rustic Ales", "website": "https://chimneybeer.com/"}}, "geometry": {"type": "Point", "coordinates": [-74.8031013, 39.6370111]}}, {"type": "Feature", "properties": {"osm_type": "node", "osm_id": 9792589862, "tags": {"addr:city": "Hammonton", "addr:housenumber": "300B", "addr:postcode": "08037", "addr:state": "NJ", "addr:street": "12th Street", "craft": "brewery", "microbrewery": "yes", "name": "Snouts and Stouts Brewing", "website": "https://www.snoutsandstoutsbrewing.com"}}, "geometry": {"type": "Point", "coordinates": [-74.8067076, 39.6329211]}}, {"type": "Feature", "properties": {"osm_type": "node", "osm_id": 9930161907, "tags": {"craft": "brewery", "name": "Deja Brew"}}, "geometry": {"type": "Point", "coordinates": [-71.7182979, 42.2763924]}}, {"type": "Feature", "properties": {"osm_type": "node", "osm_id": 9947775518, "tags": {"craft": "distillery", "name": "Watercure Farm Distillery"}}, "geometry": {"type": "Point", "coordinates": [-71.9962351, 41.8584293]}}, {"type": "Feature", "properties": {"osm_type": "node", "osm_id": 10033068232, "tags": {"check_date": "2025-12-26", "craft": "brewery", "name": "Concentric Brewing Company"}}, "geometry": {"type": "Point", "coordinates": [-72.6418925, 41.5700193]}}, {"type": "Feature", "properties": {"osm_type": "node", "osm_id": 10100022706, "tags": {"addr:city": "East Hampton", "addr:housenumber": "201", "addr:postcode": "06424", "addr:state": "CT", "addr:street": "West High Street", "craft": "brewery", "name": "Rule of 3 Brewing"}}, "geometry": {"type": "Point", "coordinates": [-72.5309677, 41.5679595]}}, {"type": "Feature", "properties": {"osm_type": "node", "osm_id": 10103371486, "tags": {"addr:street": "Lawson Boulevard", "craft": "brewery", "name": "Long Beach Brewing Co"}}, "geometry": {"type": "Point", "coordinates": [-73.6526343, 40.6289079]}}, {"type": "Feature", "properties": {"osm_type": "node", "osm_id": 10208113292, "tags": {"addr:housenumber": "77", "addr:postcode": "11232", "addr:street": "19th Street", "craft": "distillery", "name": "Breuckelen Distilling", "phone": "+1-347-725-4985", "website": "https://brkdistilling.com"}}, "geometry": {"type": "Point", "coordinates": [-73.9978094, 40.665977]}}, {"type": "Feature", "properties": {"osm_type": "node", "osm_id": 10213007917, "tags": {"addr:housenumber": "2036", "addr:postcode": "23666", "craft": "brewery", "name": "Capstan Bar Brewing Company", "opening_hours": "Mo-We 04:00-21:00; Th 04:00-22:00; Fr 14:00-00:00; Sa 12:00-22:00; Su 14:00-21:00", "website": "https://www.capstanbarbrewing.com/locations"}}, "geometry": {"type": "Point", "coordinates": [-76.4028005, 37.0841894]}}, {"type": "Feature", "properties": {"osm_type": "node", "osm_id": 10218738517, "tags": {"addr:postcode": "23666", "craft": "brewery", "name": "St. George Brewing Company", "opening_hours": "Mo 12:00-18:00; Tu-We 12:00-20:00; Th-Fr 12:00-21:00; Sa 10:00-21:00", "website": "https://www.stgbeer.com/"}}, "geometry": {"type": "Point", "coordinates": [-76.3944538, 37.0999177]}}, {"type": "Feature", "properties": {"osm_type": "node", "osm_id": 10538311527, "tags": {"addr:city": "Callao", "addr:housenumber": "129", "addr:state": "VA", "addr:street": "Northumberland Highway", "craft": "brewery", "name": "Callao Brewing Company", "opening_hours": "Th 17:00-21:00, Fr 17:00-23:00, Sa 12:00-23:00, Su 14:00-19:00", "phone": "+1-804-529-1042", "website": "https://www.facebook.com/Callao.Brewing.Co/"}}, "geometry": {"type": "Point", "coordinates": [-76.5579076, 37.968727]}}, {"type": "Feature", "properties": {"osm_type": "node", "osm_id": 10582702119, "tags": {"addr:city": "Haddonfield", "addr:housenumber": "131", "addr:postcode": "08033", "addr:state": "NJ", "addr:street": "East Kings Highway", "craft": "brewery", "name": "King\u2019s Road Brewing Company", "phone": "+1 856-427-8100", "product": "beer", "website": "https://kingsroadbrewing.com/"}}, "geometry": {"type": "Point", "coordinates": [-75.0325585, 39.8978775]}}, {"type": "Feature", "properties": {"osm_type": "node", "osm_id": 10695593700, "tags": {"addr:city": "Bennington", "addr:housenumber": "400", "addr:postcode": "05201", "addr:state": "VT", "addr:street": "Main Street", "craft": "brewery", "name": "Farm Road Brewing", "opening_hours": "Su 12:00-18:00; We-Th 16:00-20:00; Fr-Sa 12:00-20:00", "phone": "+1 802 440 5121", "product": "beer;food", "ref:vcgi:esiteid": "19231", "website": "https://www.farmroadbrewing.com/"}}, "geometry": {"type": "Point", "coordinates": [-73.1970241, 42.8784582]}}, {"type": "Feature", "properties": {"osm_type": "node", "osm_id": 10695614704, "tags": {"addr:city": "Bennington", "addr:housenumber": "107", "addr:postcode": "05201", "addr:state": "VT", "addr:street": "Depot Street", "craft": "distillery", "name": "Village Garage Distillery", "opening_hours": "We 12:00-16:00; Th-Sa 12:00-21:00; Su 12:00-16:00", "phone": "+1 802 447 7663", "product": "food;distillery;cocktails", "website": "https://villagegarage.com/"}}, "geometry": {"type": "Point", "coordinates": [-73.1983245, 42.8798694]}}, {"type": "Feature", "properties": {"osm_type": "node", "osm_id": 10695624598, "tags": {"addr:city": "Bennington", "addr:housenumber": "201", "addr:postcode": "05201", "addr:state": "VT", "addr:street": "South Street", "craft": "brewery", "name": "Harvest Brewing", "opening_hours": "Th-Fr 17:00-21:00; Sa 15:00-21:00; Su 13:00-17:00", "phone": "+1 802 430 9915", "product": "beer", "ref:vcgi:esiteid": "19480", "website": "https://www.harvestbrewing.net/"}}, "geometry": {"type": "Point", "coordinates": [-73.1973331, 42.8776822]}}, {"type": "Feature", "properties": {"osm_type": "node", "osm_id": 10717471860, "tags": {"addr:city": "Salem", "addr:housenumber": "30", "addr:postcode": "01970", "addr:state": "MA", "addr:street": "Church Street", "check_date": "2026-04-27", "craft": "brewery", "name": "East Regiment Beer Company", "opening_hours": "Mo-Th 16:00-21:00; Fr-Sa 12:00-22:00; Su 12:00-20:00", "website": "https://eastregimentbeercompany.com/"}}, "geometry": {"type": "Point", "coordinates": [-70.8950008, 42.5226391]}}, {"type": "Feature", "properties": {"osm_type": "node", "osm_id": 10759608114, "tags": {"addr:city": "Pittsfield", "addr:housenumber": "1", "addr:postcode": "01201", "addr:state": "MA", "addr:street": "School Street", "craft": "brewery", "name": "Hot Plate Brewing Co", "opening_hours": "Mo -Th 16:00-22:00, Fr-Sa 12:00-23:00, Su 12:00-21:00", "website": "https://www.hotplatebeer.com/"}}, "geometry": {"type": "Point", "coordinates": [-73.2530352, 42.4493947]}}, {"type": "Feature", "properties": {"osm_type": "node", "osm_id": 10780780193, "tags": {"addr:housenumber": "3041", "addr:street": "Horseshoe Pike", "addr:unit": "130", "amenity": "restaurant", "check_date": "2023-04-02", "contact:facebook": "https://www.facebook.com/322TaproomSuburbanBrewingCo", "contact:phone": "+1 484-514-9550", "craft": "brewery", "email": "info@suburbanbrewingco.com", "name": "Suburban Brewing Company 322 Taproom", "opening_hours": "Mo off; Tu-Th 12:00-22:00; Fr-Sa 12:00-24:00; Su 12:00-21:00"}}, "geometry": {"type": "Point", "coordinates": [-75.8566376, 40.0784526]}}, {"type": "Feature", "properties": {"osm_type": "node", "osm_id": 10902951649, "tags": {"craft": "brewery", "name": "Axe & Arrow Brewery", "opening_hours": "We 17:00-22:00, Th,Fr 15:00-22:00, Sa 12:00-22:00, Su 13:00-20:00", "phone": "+1-856-243-2615", "product": "beer"}}, "geometry": {"type": "Point", "coordinates": [-75.1131134, 39.7033832]}}, {"type": "Feature", "properties": {"osm_type": "node", "osm_id": 10922909443, "tags": {"addr:city": "Manahawkin", "addr:housenumber": "450", "addr:postcode": "08050", "addr:state": "NJ", "addr:street": "East Bay Ave", "craft": "brewery", "name": "ManaFirkin Brewing Co.", "phone": "+1-609-756-4798", "website": "https://www.manafirkin.com"}}, "geometry": {"type": "Point", "coordinates": [-74.2435431, 39.6894192]}}, {"type": "Feature", "properties": {"osm_type": "node", "osm_id": 10922913523, "tags": {"addr:city": "Little Egg Harbor", "addr:housenumber": "140", "addr:postcode": "08087", "addr:state": "NJ", "addr:street": "South 7th Avenue", "craft": "brewery", "name": "Pinelands Brewing Company", "website": "https://www.pinelandsbrewing.com/"}}, "geometry": {"type": "Point", "coordinates": [-74.3441385, 39.6161889]}}, {"type": "Feature", "properties": {"osm_type": "node", "osm_id": 10922964612, "tags": {"addr:city": "Egg Harbor Township", "addr:housenumber": "6754", "addr:postcode": "08234-3807", "addr:state": "NJ", "addr:street": "Washington Avenue", "addr:unit": "B", "craft": "brewery", "name": "Hidden Sands Brewing Company", "phone": "+1-609-910-2009", "website": "https://hiddensands.com/"}}, "geometry": {"type": "Point", "coordinates": [-74.5540554, 39.404427]}}, {"type": "Feature", "properties": {"osm_type": "node", "osm_id": 10940844691, "tags": {"craft": "brewery", "name": "Return Brewing"}}, "geometry": {"type": "Point", "coordinates": [-73.78161, 42.2481119]}}, {"type": "Feature", "properties": {"osm_type": "node", "osm_id": 10947969506, "tags": {"amenity": "bar", "craft": "brewery", "name": "Mixed Breed Brewing"}}, "geometry": {"type": "Point", "coordinates": [-73.9649518, 42.7039208]}}, {"type": "Feature", "properties": {"osm_type": "node", "osm_id": 10962233191, "tags": {"addr:city": "Westfield", "addr:housenumber": "66", "addr:postcode": "01085", "addr:state": "MA", "addr:street": "South Broad Street", "air_conditioning": "yes", "craft": "brewery", "name": "Kismet Brewing Company", "opening_hours": "Fr 16:00-21:00; Sa 13:00-21:00", "product": "beer", "website": "https://kismetbrewing.com/"}}, "geometry": {"type": "Point", "coordinates": [-72.7468226, 42.1101003]}}, {"type": "Feature", "properties": {"osm_type": "node", "osm_id": 10969762494, "tags": {"craft": "distillery", "name": "Little Water Distillery"}}, "geometry": {"type": "Point", "coordinates": [-74.4231913, 39.3682191]}}, {"type": "Feature", "properties": {"osm_type": "node", "osm_id": 10969762495, "tags": {"craft": "brewery", "name": "The Seed"}}, "geometry": {"type": "Point", "coordinates": [-74.4230378, 39.3682554]}}, {"type": "Feature", "properties": {"osm_type": "node", "osm_id": 10993717120, "tags": {"craft": "distillery", "name": "Westford Hills Distillery", "start_date": "1998"}}, "geometry": {"type": "Point", "coordinates": [-72.2037307, 41.9052081]}}, {"type": "Feature", "properties": {"osm_type": "node", "osm_id": 11023984633, "tags": {"addr:housenumber": "1057", "addr:street": "NJ 34", "craft": "brewery", "name": "Alternate Ending Beer Co", "phone": "+17326128422", "website": "https://www.alternateendingbeerco.com/"}}, "geometry": {"type": "Point", "coordinates": [-74.2281084, 40.401566]}}, {"type": "Feature", "properties": {"osm_type": "node", "osm_id": 11036009093, "tags": {"addr:city": "Philadelphia", "addr:housenumber": "6350", "addr:postcode": "19144", "addr:state": "PA", "addr:street": "Germantown Avenue", "craft": "brewery", "name": "Young American Hard Cider & Tasting Room", "website": "https://www.youngamericancider.com/"}}, "geometry": {"type": "Point", "coordinates": [-75.1817426, 40.0446258]}}, {"type": "Feature", "properties": {"osm_type": "node", "osm_id": 11057515302, "tags": {"check_date": "2025-10-10", "craft": "brewery", "name": "New Ridge Brewing Co."}}, "geometry": {"type": "Point", "coordinates": [-75.2169204, 40.0349984]}}, {"type": "Feature", "properties": {"osm_type": "node", "osm_id": 11057688247, "tags": {"addr:city": "Medford", "addr:housenumber": "67", "addr:postcode": "08055", "addr:state": "NJ", "addr:street": "North Main Street", "check_date": "2026-03-08", "craft": "brewery", "name": "King's Road Brewing Company", "phone": "+1-609-451-5661", "website": "https://kingsroadbrewing.com/"}}, "geometry": {"type": "Point", "coordinates": [-74.8231168, 39.9027252]}}, {"type": "Feature", "properties": {"osm_type": "node", "osm_id": 11057688249, "tags": {"addr:city": "Medford", "addr:housenumber": "47", "addr:postcode": "08055", "addr:state": "NJ", "addr:street": "North Main Street", "check_date": "2026-03-08", "craft": "brewery", "name": "Farm Truck Brewing", "phone": "+1-609-451-5481", "website": "https://farmtruckbrewing.com/"}}, "geometry": {"type": "Point", "coordinates": [-74.823442, 39.9018548]}}, {"type": "Feature", "properties": {"osm_type": "node", "osm_id": 11064002367, "tags": {"amenity": "pub", "craft": "brewery", "microbrewery": "yes", "name": "7th Wave Brewing"}}, "geometry": {"type": "Point", "coordinates": [-71.328013, 42.1938539]}}, {"type": "Feature", "properties": {"osm_type": "node", "osm_id": 11064002368, "tags": {"craft": "brewery", "name": "Farthest Star Sake", "website": "https://www.fartheststarsake.com/"}}, "geometry": {"type": "Point", "coordinates": [-71.3281423, 42.1935118]}}, {"type": "Feature", "properties": {"osm_type": "node", "osm_id": 11067271038, "tags": {"craft": "brewery", "name": "Post and Beam Brewery", "opening_hours": "Su-Mo 12:00-20:00, Tu-We 16:00-20:00, Th 12:00-20:00, Fr-Sa 12:00-21:00", "phone": "+1 603-784-5361", "website": "http://www.postandbeambrewery.com/"}}, "geometry": {"type": "Point", "coordinates": [-71.9503212, 42.875594]}}, {"type": "Feature", "properties": {"osm_type": "node", "osm_id": 11074344358, "tags": {"addr:city": "Portsmouth", "addr:country": "US", "addr:housenumber": "459", "addr:postcode": "03801", "addr:state": "NH", "addr:street": "Islington Street", "addr:unit": "4", "amenity": "restaurant", "craft": "brewery", "microbrewery": "yes", "name": "Liar's Bench Beer Co", "opening_hours": "Mo-Su 11:30-21:00; Fr,Sa 11:30-22:00", "phone": "+1-603-294-9156", "short_name": "Liar's Bench", "website": "https://www.liarsbenchbeer.com/"}}, "geometry": {"type": "Point", "coordinates": [-70.7687994, 43.0726052]}}, {"type": "Feature", "properties": {"osm_type": "node", "osm_id": 11077774032, "tags": {"addr:city": "Colchester", "addr:housenumber": "144", "addr:postcode": "06415", "addr:state": "CT", "addr:street": "Cato Corner Road", "craft": "brewery", "name": "Hop Culture Farms & Brew Company"}}, "geometry": {"type": "Point", "coordinates": [-72.3861144, 41.568536]}}, {"type": "Feature", "properties": {"osm_type": "node", "osm_id": 11093378100, "tags": {"contact:facebook": "https://facebook.com/blacksnakebrewingco", "contact:instagram": "https://instagram.com/blacksnakebrewing", "craft": "brewery", "dog": "outside", "microbrewery": "yes", "name": "Black Snake Brewing"}}, "geometry": {"type": "Point", "coordinates": [-73.8794496, 41.8628599]}}, {"type": "Feature", "properties": {"osm_type": "node", "osm_id": 11181453173, "tags": {"addr:housenumber": "1", "addr:postcode": "03909", "addr:street": "York Street", "craft": "brewery", "name": "SoMe Brewing"}}, "geometry": {"type": "Point", "coordinates": [-70.6658117, 43.1503014]}}, {"type": "Feature", "properties": {"osm_type": "node", "osm_id": 11186460447, "tags": {"amenity": "pub", "craft": "brewery", "name": "Minor Key Brewing"}}, "geometry": {"type": "Point", "coordinates": [-73.6601577, 42.6102041]}}, {"type": "Feature", "properties": {"osm_type": "node", "osm_id": 11208472821, "tags": {"addr:city": "Manchester", "addr:housenumber": "720", "addr:postcode": "03104", "addr:state": "NH", "addr:street": "Union Street", "craft": "brewery", "name": "To Share Brewing Company", "opening_hours": "We 16:00-20:00; Th-Fr 16:00-21:00; Sa 13:00-21:00; Su 13:00-19:00", "product": "beer", "website": "https://www.tosharebrewing.com/"}}, "geometry": {"type": "Point", "coordinates": [-71.4588127, 42.9999903]}}, {"type": "Feature", "properties": {"osm_type": "node", "osm_id": 11208483377, "tags": {"addr:city": "Manchester", "addr:housenumber": "850", "addr:postcode": "03101", "addr:state": "NH", "addr:street": "Elm Street", "craft": "brewery", "name": "Woodstacker Beer Co.", "opening_hours": "Th 16:00-20:00; Fr-Sa 12:00-19:00", "website": "https://woodstackerbeerco.com/"}}, "geometry": {"type": "Point", "coordinates": [-71.463293, 42.9902043]}}, {"type": "Feature", "properties": {"osm_type": "node", "osm_id": 11235216755, "tags": {"amenity": "pub", "craft": "brewery", "microbrewery": "yes", "name": "Allied Brewing Company"}}, "geometry": {"type": "Point", "coordinates": [-74.0168111, 42.7206475]}}, {"type": "Feature", "properties": {"osm_type": "node", "osm_id": 11237125058, "tags": {"addr:city": "Utica", "addr:housenumber": "330", "addr:postcode": "13501", "addr:state": "NY", "addr:street": "Main Street", "addr:unit": "Ste 1", "craft": "brewery", "name": "Bagg's Square Brewing Company", "phone": "+1-315-801-5992", "website": "https://www.baggssquarebrewing.com/"}}, "geometry": {"type": "Point", "coordinates": [-75.2234547, 43.1035979]}}, {"type": "Feature", "properties": {"osm_type": "node", "osm_id": 11244814927, "tags": {"craft": "distillery", "name": "Cape Charles Distillery"}}, "geometry": {"type": "Point", "coordinates": [-76.0182227, 37.2669553]}}, {"type": "Feature", "properties": {"osm_type": "node", "osm_id": 11250186389, "tags": {"craft": "brewery", "name": "Armada Brewing", "website": "https://www.armadabeer.com/"}}, "geometry": {"type": "Point", "coordinates": [-72.9003932, 41.3028396]}}, {"type": "Feature", "properties": {"osm_type": "node", "osm_id": 11264710221, "tags": {"addr:city": "Foxborough", "addr:housenumber": "250", "addr:postcode": "02035", "addr:state": "MA", "addr:street": "Patriot Place", "brand:facebook": "https://www.facebook.com/wormtownbrewery/", "brewery": "various", "check_date": "2024-05-24", "contact:facebook": "https://www.facebook.com/wormtownbrewery/", "contact:instagram": "https://www.instagram.com/wormtownbrewery", "contact:twitter": "https://twitter.com/WormtownBrewery", "craft": "brewery", "email": "patsplace@wormtownbrewery.com", "facebook": "https://www.facebook.com/wormtownbrewery/", "name": "Wormtown Brewery - Foxborough Taproom", "opening_hours": "Tu-We 16:00-21:00; Th 12:00-21:00; Fr-Sa 12:00-22:00; Su 12:00-19:00 || \"open at 10am during all 1pm Patriot game days\"", "operator": "Wormtown Brewery", "phone": "+1-774-215-9016", "product": "beer", "twitter": "https://twitter.com/WormtownBrewery", "website": "https://wormtownbrewery.com/patriot-place-taproom", "website:menu": "https://wormtownbrewery.com/patriot-place-menus"}}, "geometry": {"type": "Point", "coordinates": [-71.2675317, 42.0926488]}}, {"type": "Feature", "properties": {"osm_type": "node", "osm_id": 11345507756, "tags": {"addr:housenumber": "424", "addr:street": "Mulberry Street", "craft": "distillery", "description": "Whiskey, Gin, Vodka and Rum distillery.", "name": "All points West", "phone": "+16462513176", "website": "https://www.allpointswestdistillery.com/"}}, "geometry": {"type": "Point", "coordinates": [-74.1746637, 40.7235507]}}, {"type": "Feature", "properties": {"osm_type": "node", "osm_id": 11352803751, "tags": {"addr:city": "Marlborough", "addr:housenumber": "19", "addr:postcode": "01752", "addr:state": "MA", "addr:street": "Weed Street", "craft": "brewery", "name": "Lost Shoe Brewing and Roasting Company", "product": "beer;coffe;pastries", "website": "https://lostshoebrews.com/"}}, "geometry": {"type": "Point", "coordinates": [-71.5473651, 42.3463617]}}, {"type": "Feature", "properties": {"osm_type": "node", "osm_id": 11390710314, "tags": {"addr:city": "Dover", "addr:housenumber": "10", "addr:state": "NH", "addr:street": "Pierce Street", "craft": "brewery", "microbrewery": "yes", "name": "The Czar's Brewery", "opening_hours": "We-Th 16:00-21:00; Fr-Sa 15:00-21:00; Su 12:00-18:00", "phone": "+1 603-842-4062"}}, "geometry": {"type": "Point", "coordinates": [-70.8743097, 43.1998193]}}, {"type": "Feature", "properties": {"osm_type": "node", "osm_id": 11448041527, "tags": {"addr:housenumber": "180", "addr:street": "Commercial Street", "craft": "brewery", "internet_access": "yes", "internet_access:fee": "no", "name": "Bent Water Brewing Company", "toilets": "yes", "toilets:unisex": "yes"}}, "geometry": {"type": "Point", "coordinates": [-70.9569019, 42.4563858]}}, {"type": "Feature", "properties": {"osm_type": "node", "osm_id": 11489067000, "tags": {"addr:city": "Mount Olive", "addr:housenumber": "426", "addr:postcode": "07840", "addr:state": "NJ", "addr:street": "Sand Shore Road", "addr:unit": "1", "contact:facebook": "https://www.facebook.com/jerseygirlbrewing", "craft": "brewery", "name": "Jersey Girl Brewing", "phone": "+1-908-591-4186", "website": "https://jerseygirlbrewing.com/"}}, "geometry": {"type": "Point", "coordinates": [-74.7774887, 40.8571694]}}, {"type": "Feature", "properties": {"osm_type": "node", "osm_id": 11544994451, "tags": {"addr:city": "Queenstown", "addr:housenumber": "148", "addr:postcode": "21658", "addr:state": "MD", "addr:street": "Cooper Farm Lane", "craft": "brewery", "name": "Big Truck Farm Brewery", "website": "https://btfbeer.com/queenstown-production-facility/"}}, "geometry": {"type": "Point", "coordinates": [-76.1339334, 38.9764545]}}, {"type": "Feature", "properties": {"osm_type": "node", "osm_id": 11548221567, "tags": {"addr:city": "Philadelphia", "addr:housenumber": "1321", "addr:postcode": "19125", "addr:state": "PA", "addr:street": "North Lee Street", "craft": "distillery", "name": "Manatawny Still Works", "website": "https://www.manatawnystillworks.com/fishtown"}}, "geometry": {"type": "Point", "coordinates": [-75.1349985, 39.9707343]}}, {"type": "Feature", "properties": {"osm_type": "node", "osm_id": 11548340517, "tags": {"addr:city": "Philadelphia", "addr:housenumber": "1430", "addr:postcode": "19122", "addr:state": "PA", "addr:street": "Cadwallader Street", "craft": "distillery", "name": "New Liberty Distillery", "phone": "+1-267-928-4650", "website": "https://www.newlibertydistillery.com/home"}}, "geometry": {"type": "Point", "coordinates": [-75.1406468, 39.9737122]}}, {"type": "Feature", "properties": {"osm_type": "node", "osm_id": 11737691169, "tags": {"addr:housenumber": "2305", "addr:postcode": "21801", "addr:street": "Northwood Drive", "craft": "brewery", "name": "Burnish Beer Co.", "opening_hours": "Mo-We 11:30-22:00; Th-Sa 11:00-22:00; Su 10:00-22:00", "phone": "+1-443-978-7320", "website": "https://burnishbeerco.com/"}}, "geometry": {"type": "Point", "coordinates": [-75.5757221, 38.4080651]}}, {"type": "Feature", "properties": {"osm_type": "node", "osm_id": 11769705959, "tags": {"addr:city": "Westfield", "addr:housenumber": "109", "addr:postcode": "01085", "addr:state": "MA", "addr:street": "Apremont Way", "craft": "brewery", "name": "Bright Ideas Brewing Westfield", "website": "https://www.brightideasbrewing.com/"}}, "geometry": {"type": "Point", "coordinates": [-72.7229598, 42.1559039]}}, {"type": "Feature", "properties": {"osm_type": "node", "osm_id": 11818680412, "tags": {"addr:city": "Malden", "addr:housenumber": "89", "addr:postcode": "02148", "addr:state": "MA", "addr:street": "Commercial Street", "air_conditioning": "yes", "brand:facebook": "https://www.facebook.com/IdleHandsCraftAles", "check_date": "2024-04-15", "contact:facebook": "https://www.facebook.com/IdleHandsCraftAles", "contact:instagram": "https://www.instagram.com/idlehandsbeer/", "contact:twitter": "https://twitter.com/idlehandsbeer", "craft": "brewery", "facebook": "https://www.facebook.com/IdleHandsCraftAles", "name": "Idle Hands Craft Ales", "opening_hours": "Tu 15:00-21:00; We-Th 15:00-22:00; Fr-Sa 12:00-23:00; Su 12:00-19:00", "payment:cash": "yes", "payment:credit_cards": "yes", "payment:debit_cards": "yes", "phone": "+1-781-333-6070", "toilets": "customers", "toilets:wheelchair": "yes", "twitter": "https://twitter.com/idlehandsbeer", "website": "https://www.idlehandscraftales.com/", "wheelchair": "yes"}}, "geometry": {"type": "Point", "coordinates": [-71.0746568, 42.4243208]}}, {"type": "Feature", "properties": {"osm_type": "node", "osm_id": 11846809400, "tags": {"addr:city": "Hackettstown", "addr:housenumber": "106", "addr:postcode": "07840", "addr:state": "NJ", "addr:street": "Valentine Street", "building": "yes", "craft": "brewery", "level": "1", "name": "Czig Meister Brewery", "website": "https://czigmeisterbrewing.com/"}}, "geometry": {"type": "Point", "coordinates": [-74.8313333, 40.8542853]}}, {"type": "Feature", "properties": {"osm_type": "node", "osm_id": 11920958141, "tags": {"craft": "brewery", "name": "Man Skirt Brewing"}}, "geometry": {"type": "Point", "coordinates": [-74.8298472, 40.8538957]}}, {"type": "Feature", "properties": {"osm_type": "node", "osm_id": 11950978069, "tags": {"addr:postcode": "19125", "craft": "brewery", "name": "Two Robbers Spirits Company", "website": "https://tworobbers.com/"}}, "geometry": {"type": "Point", "coordinates": [-75.1343082, 39.9696372]}}, {"type": "Feature", "properties": {"osm_type": "node", "osm_id": 11952391453, "tags": {"amenity": "pub", "craft": "brewery", "indoor_seating": "yes", "level": "0", "microbrewery": "yes", "name": "Loaded Question", "outdoor_seating": "yes"}}, "geometry": {"type": "Point", "coordinates": [-70.7752921, 43.0678374]}}, {"type": "Feature", "properties": {"osm_type": "node", "osm_id": 11959255429, "tags": {"addr:housenumber": "40", "addr:street": "Van Dyke Street", "craft": "brewery", "name": "Sixpoint Corporate Office", "phone": "+1-843-4572822", "website": "https://sixpoint.com/"}}, "geometry": {"type": "Point", "coordinates": [-74.0119448, 40.6739492]}}, {"type": "Feature", "properties": {"osm_type": "node", "osm_id": 11959314694, "tags": {"addr:housenumber": "200", "addr:street": "Liberty Street", "amenity": "brewery", "craft": "brewery", "name": "Sixpoint Brewery at Brookfield Place", "opening_hours": "Mo-Sa 11:30-22:00; Su 11:30-20:00", "phone": "+1-646-7191009", "website": "https://taprooms.sixpoint.com/sixpoint-at-brookfield-0ce697620db3"}}, "geometry": {"type": "Point", "coordinates": [-74.0153739, 40.7111303]}}, {"type": "Feature", "properties": {"osm_type": "node", "osm_id": 11988016758, "tags": {"addr:city": "Ronks", "addr:housenumber": "226", "addr:postcode": "17572", "addr:state": "PA", "addr:street": "Gap Road", "check_date": "2024-11-06", "contact:facebook": "https://www.facebook.com/BespokeBrewingCo/", "craft": "brewery", "name": "Bespoke Brewing", "opening_hours": "Mo-Th 11:00-21:00; Fr-Sa 11:00-22:00; Su 11:00-19:00", "phone": "+1 717-288-2255", "website": "https://www.bespokebrewingco.com"}}, "geometry": {"type": "Point", "coordinates": [-76.1664053, 39.9822379]}}, {"type": "Feature", "properties": {"osm_type": "node", "osm_id": 12068389268, "tags": {"addr:city": "Boston", "addr:housenumber": "2", "addr:postcode": "02131", "addr:state": "MA", "addr:street": "Belgrade Avenue", "craft": "brewery", "name": "Distraction Brewing Co.", "website": "https://distractionbrewingco.com/"}}, "geometry": {"type": "Point", "coordinates": [-71.1301096, 42.286908]}}, {"type": "Feature", "properties": {"osm_type": "node", "osm_id": 12089631734, "tags": {"addr:city": "Melrose", "addr:housenumber": "364", "addr:postcode": "02176", "addr:state": "MA", "addr:street": "Main Street", "air_conditioning": "yes", "alt_name": "Hannah\u2019s Brewing", "check_date": "2024-08-02", "contact:instagram": "http://instagram.com/hannahsbrewingco/", "craft": "brewery", "email": "hannahsbrewingco@gmail.com", "name": "Hannah\u2019s Brewing Co.", "opening_hours": "We 16:00-21:00; Th 16:00-22:00; Fr 15:00-22:00; Sa 12:00-22:00; Su 12:00-20:00", "website": "https://www.hannahsbrewingco.com/home"}}, "geometry": {"type": "Point", "coordinates": [-71.0671151, 42.45253]}}, {"type": "Feature", "properties": {"osm_type": "node", "osm_id": 12103470001, "tags": {"addr:housenumber": "303", "addr:postcode": "19711", "addr:street": "Ruthar Drive", "addr:unit": "Suites E&F", "craft": "brewery", "name": "Twisted Irons Craft Brewing", "opening_hours": "Su 12:00-20:00; Mo 17:00-23:00; Tu 17:00-22:00; We-Th 15:00-22:00; Fr 15:00-23:00; Sa 12:00-23:00", "phone": "+1 302-294-1056", "website": "https://twistedironsbrewery.com/"}}, "geometry": {"type": "Point", "coordinates": [-75.6986282, 39.6912971]}}, {"type": "Feature", "properties": {"osm_type": "node", "osm_id": 12112755401, "tags": {"addr:housenumber": "190", "addr:postcode": "02135", "addr:street": "Glencoe", "contact:facebook": "widowmakerbrew", "contact:instagram": "widowmakerbrew", "contact:twitter": "widowmakerbrew", "craft": "brewery", "name": "Widowmaker Taproom & Kitchen", "opening_hours": "Tu-Th 12:00-22:00; Fr-Sa 12:00-23:00; Su 11:00-20:00", "phone": "+1-617-390-0660", "website": "https://www.widowmakerbrewing.com/brighton-taproom-and-kitchen"}}, "geometry": {"type": "Point", "coordinates": [-71.147939, 42.3557045]}}, {"type": "Feature", "properties": {"osm_type": "node", "osm_id": 12113319895, "tags": {"craft": "distillery", "name": "KSD Wine & Spirits"}}, "geometry": {"type": "Point", "coordinates": [-73.7614171, 40.6964677]}}, {"type": "Feature", "properties": {"osm_type": "node", "osm_id": 12135965513, "tags": {"addr:city": "Wildwood", "addr:housenumber": "3401", "addr:postcode": "08260", "addr:state": "NJ", "addr:street": "New Jersey Avenue", "craft": "brewery", "name": "Anglesea Aleworks"}}, "geometry": {"type": "Point", "coordinates": [-74.8150582, 38.990311]}}, {"type": "Feature", "properties": {"osm_type": "node", "osm_id": 12164689785, "tags": {"craft": "brewery", "name": "The Guild"}}, "geometry": {"type": "Point", "coordinates": [-71.3892081, 41.8770647]}}, {"type": "Feature", "properties": {"osm_type": "node", "osm_id": 12178716241, "tags": {"addr:housenumber": "72", "addr:street": "Old Granite Street", "check_date": "2024-09-15", "craft": "brewery", "name": "Republic Brewing Co."}}, "geometry": {"type": "Point", "coordinates": [-71.4651563, 42.9864235]}}, {"type": "Feature", "properties": {"osm_type": "node", "osm_id": 12186236301, "tags": {"addr:postcode": "10020", "craft": "brewery", "name": "Other Half Brewing", "opening_hours": "Mo-Su 12:00-22:00", "website": "https://otherhalfbrewing.com/"}}, "geometry": {"type": "Point", "coordinates": [-73.9787016, 40.7576737]}}, {"type": "Feature", "properties": {"osm_type": "node", "osm_id": 12203639389, "tags": {"addr:city": "Lakewood", "addr:housenumber": "1790", "addr:postcode": "08701", "addr:state": "NJ", "addr:street": "Swarthmore Avenue", "addr:unit": "3", "craft": "brewery", "name": "Icarus Brewing", "website": "https://icarusbrewing.com"}}, "geometry": {"type": "Point", "coordinates": [-74.108315, 40.0742589]}}, {"type": "Feature", "properties": {"osm_type": "node", "osm_id": 12271679501, "tags": {"craft": "distillery", "name": "The Industrious Spirit Company"}}, "geometry": {"type": "Point", "coordinates": [-71.4337644, 41.8267768]}}, {"type": "Feature", "properties": {"osm_type": "node", "osm_id": 12271682876, "tags": {"craft": "brewery", "name": "Byttonwoods Brewery"}}, "geometry": {"type": "Point", "coordinates": [-71.4330859, 41.8263978]}}, {"type": "Feature", "properties": {"osm_type": "node", "osm_id": 12272123565, "tags": {"addr:city": "Phoenixville", "addr:housenumber": "333", "addr:postcode": "19460", "addr:state": "PA", "addr:street": "Morgan Street", "contact:facebook": "https://www.facebook.com/babasbrew/", "craft": "brewery", "drink": "kombucha", "name": "Baba's Brew", "opening_hours": "Sa 10:00-15:00", "organic": "only", "phone": "+1 267-738-1973", "website": "https://www.babasbrew.com/pages/tasting-room-1"}}, "geometry": {"type": "Point", "coordinates": [-75.5194538, 40.1309213]}}, {"type": "Feature", "properties": {"osm_type": "node", "osm_id": 12298119087, "tags": {"addr:city": "Poughkeepsie", "addr:housenumber": "184", "addr:postcode": "12601", "addr:street": "Main Street", "amenity": "bar", "microbrewery": "yes", "name": "Slate Point Meadery", "opening_hours": "Sa 12:00-17:00", "website": "https://www.spmeadery.com"}}, "geometry": {"type": "Point", "coordinates": [-73.932156, 41.704878]}}, {"type": "Feature", "properties": {"osm_type": "node", "osm_id": 12327822895, "tags": {"addr:city": "Somerville", "addr:housenumber": "101", "addr:postcode": "02143", "addr:state": "MA", "addr:street": "South Street", "craft": "brewery", "name": "Portico Brewing", "opening_hours": "Tu-We 15:00-21:00, Th-Sa 12:00-22:00, Su 12:00-18:00", "product": "beer;food", "website": "https://porticobrewing.com/"}}, "geometry": {"type": "Point", "coordinates": [-71.091198, 42.3747988]}}, {"type": "Feature", "properties": {"osm_type": "node", "osm_id": 12347153154, "tags": {"craft": "brewery", "name": "Witchdoctor", "website": "https://www.witchdoctorbrewing.com/"}}, "geometry": {"type": "Point", "coordinates": [-72.8822801, 41.6013782]}}, {"type": "Feature", "properties": {"osm_type": "node", "osm_id": 12361960002, "tags": {"addr:city": "Philadelphia", "addr:housenumber": "1326", "addr:postcode": "19147", "addr:state": "PA", "addr:street": "East Passyunk Avenue", "craft": "brewery", "name": "Cartesian Brewing", "opening_hours": "Mo-Tu off; We-Th 15:00-22:00; Sa 12:00-23:00; Su 12:00-20:00", "product": "beer", "website": "http://cartesianbrewing.com/"}}, "geometry": {"type": "Point", "coordinates": [-75.1602348, 39.9327039]}}, {"type": "Feature", "properties": {"osm_type": "node", "osm_id": 12580943101, "tags": {"addr:housenumber": "1", "addr:postcode": "02215", "addr:street": "David Ortiz Drive", "amenity": "restaurant", "craft": "brewery", "cuisine": "american;mexican", "name": "Mighty Squirrel Taproom & Kitchen", "opening_hours": "Mo-Fr 11:00-00:00; Sa 10:00-00:00; Su 10:00-22:00", "website:menu": "https://www.mightysquirrel.com/fenway-kitchen"}}, "geometry": {"type": "Point", "coordinates": [-71.1011857, 42.3470612]}}, {"type": "Feature", "properties": {"osm_type": "node", "osm_id": 12586118067, "tags": {"addr:city": "Syracuse", "addr:housenumber": "301", "addr:postcode": "13202", "addr:state": "NY", "addr:street": "Erie Boulevard West", "craft": "brewery", "name": "Talking Cursive Brewing Company", "phone": "+1-315-907-6060", "website": "https://www.talkingcursive.com"}}, "geometry": {"type": "Point", "coordinates": [-76.1562109, 43.0507922]}}, {"type": "Feature", "properties": {"osm_type": "node", "osm_id": 12618820552, "tags": {"addr:city": "Westwood", "addr:housenumber": "247", "addr:postcode": "07675", "addr:state": "NJ", "addr:street": "Westwood Avenue", "craft": "brewery", "name": "Five Dimes Brewery", "phone": "+12014978455", "product": "beer", "website": "https://fivedimesbrewery.com/"}}, "geometry": {"type": "Point", "coordinates": [-74.0301793, 40.9926575]}}, {"type": "Feature", "properties": {"osm_type": "node", "osm_id": 12647996424, "tags": {"craft": "brewery", "name": "Kessler Brewing Company"}}, "geometry": {"type": "Point", "coordinates": [-74.2641543, 43.1044278]}}, {"type": "Feature", "properties": {"osm_type": "node", "osm_id": 12647996437, "tags": {"craft": "brewery", "name": "Great Sacandaga Brewing Co."}}, "geometry": {"type": "Point", "coordinates": [-74.2166539, 43.0504236]}}, {"type": "Feature", "properties": {"osm_type": "node", "osm_id": 12656978563, "tags": {"addr:city": "Saratoga Springs", "addr:housenumber": "3376", "addr:street": "South Broadway", "amenity": "pub", "craft": "brewery", "food": "yes", "microbrewery": "yes", "name": "Tree House Brewing - Saratoga", "note": "new building located here but not yet visible on latest imagery", "operator": "Tree House Brewing Company", "website": "https://treehousebrew.com/"}}, "geometry": {"type": "Point", "coordinates": [-73.7871614, 43.0552149]}}, {"type": "Feature", "properties": {"osm_type": "node", "osm_id": 12704844352, "tags": {"addr:city": "Allentown", "addr:housenumber": "1825", "addr:postcode": "18109", "addr:state": "PA", "addr:street": "East Tremont Street", "craft": "brewery", "name": "Shreman Street Beer Company"}}, "geometry": {"type": "Point", "coordinates": [-75.428617, 40.627293]}}, {"type": "Feature", "properties": {"osm_type": "node", "osm_id": 12715326962, "tags": {"addr:city": "Burlington", "addr:housenumber": "522", "addr:postcode": "06013", "addr:state": "CT", "addr:street": "Spielman Highway", "attraction": "food", "craft": "brewery", "name": "Hogan's Cider Mill", "phone": "+18606757320", "product": "cider", "shop": "alcohol", "tourism": "attraction", "website": "https://www.hoganscidermill.com/"}}, "geometry": {"type": "Point", "coordinates": [-73.0089086, 41.7769587]}}, {"type": "Feature", "properties": {"osm_type": "node", "osm_id": 12817186666, "tags": {"addr:city": "Baltimore", "addr:housenumber": "4015", "addr:postcode": "21224", "addr:state": "MD", "addr:street": "Foster Avenue", "addr:unit": "400", "craft": "brewery", "name": "Mobtown Brewing Company", "phone": "+1-667-309-3653", "website": "https://www.mobtownbrewing.com/"}}, "geometry": {"type": "Point", "coordinates": [-76.5624809, 39.2838851]}}, {"type": "Feature", "properties": {"osm_type": "node", "osm_id": 12878039601, "tags": {"addr:housenumber": "548 Route 390", "addr:postcode": "18464-7820", "addr:street": "Fairview Lake Road", "contact:facebook": "logtavernbrewing", "contact:instagram": "logtavernbrewing", "craft": "brewery", "name": "Log Tavern Brewing Company Tafton", "opening_hours": "Su, We-Th 12:00-18:00; Fr-Sa 12:00-19:00", "phone": "+1-570-212-9642", "website": "https://www.logtavernbrewing.com/home"}}, "geometry": {"type": "Point", "coordinates": [-75.1958586, 41.3721857]}}, {"type": "Feature", "properties": {"osm_type": "node", "osm_id": 12889716633, "tags": {"craft": "brewery", "name": "Tacklebox Brewing"}}, "geometry": {"type": "Point", "coordinates": [-71.5133072, 42.3486883]}}, {"type": "Feature", "properties": {"osm_type": "node", "osm_id": 12962315531, "tags": {"addr:city": "Worcester", "addr:housenumber": "3", "addr:postcode": "01610", "addr:state": "MA", "addr:street": "Brussels Street", "addr:unit": "120", "air_conditioning": "yes", "amenity": "pub", "baby_feeding": "no", "craft": "brewery", "food": "snacks", "indoor_seating": "yes", "internet_access": "no", "microbrewery": "yes", "name": "Courthouse Brew Co.", "opening_hours": "Th-Fr 16:30-22:00; Sa 12:00-21:00; Su 11:00-17:00", "takeaway": "yes", "toilets:access": "customers", "wheelchair": "yes"}}, "geometry": {"type": "Point", "coordinates": [-71.8153247, 42.241584]}}, {"type": "Feature", "properties": {"osm_type": "node", "osm_id": 12981081838, "tags": {"addr:city": "Colchester", "addr:housenumber": "200", "addr:postcode": "06415", "addr:state": "CT", "addr:street": "Lebanon Avenue", "craft": "distillery", "name": "Ark Distillery", "product": "bourbon;whiskey", "website": "https://arkdistillery.com/"}}, "geometry": {"type": "Point", "coordinates": [-72.3265245, 41.5796682]}}, {"type": "Feature", "properties": {"osm_type": "node", "osm_id": 12989799655, "tags": {"addr:city": "Philadelphia", "addr:housenumber": "500", "addr:postcode": "19123", "addr:state": "PA", "addr:street": "Spring Garden Street", "amenity": "bar", "brewery": "yes", "contact:facebook": "https://www.facebook.com/yardsbrew", "contact:instagram": "https://www.instagram.com/yardsbrew/", "craft": "brewery", "email": "info@yardsbrewing.com", "landuse": "commercial", "microbrewery": "yes", "name": "Yards Brewing Company", "opening_hours": "Su-We 11:30-22:00; Th-Sa 11:30-23:00", "operator": "Yards Brewing Company", "phone": "+1-215-525-0175", "restaurant": "yes", "website": "https://yardsbrewing.com/", "wikidata": "Q16903914", "wikipedia": "en:Yards Brewing Company"}}, "geometry": {"type": "Point", "coordinates": [-75.1472275, 39.9606439]}}, {"type": "Feature", "properties": {"osm_type": "node", "osm_id": 12995091171, "tags": {"addr:city": "Deerfield", "addr:housenumber": "1", "addr:postcode": "01373", "addr:state": "MA", "addr:street": "Community Place", "craft": "brewery", "name": "Tree House Brewing Company Deerfield", "operator": "Tree House Brewing Company", "website": "https://treehousebrew.com/visiting-deerfield"}}, "geometry": {"type": "Point", "coordinates": [-72.6098871, 42.4899751]}}, {"type": "Feature", "properties": {"osm_type": "node", "osm_id": 13009373128, "tags": {"craft": "distillery", "distillery": "whisky", "name": "Sons of Liberty Spirits Co", "phone": "+1 401-284-4006", "website": "https://www.solspirits.com/"}}, "geometry": {"type": "Point", "coordinates": [-71.5053079, 41.4545146]}}, {"type": "Feature", "properties": {"osm_type": "node", "osm_id": 13040315380, "tags": {"craft": "brewery", "name": "KillsBoro Brewing Co."}}, "geometry": {"type": "Point", "coordinates": [-74.0774219, 40.6364011]}}, {"type": "Feature", "properties": {"osm_type": "node", "osm_id": 13042159574, "tags": {"addr:housenumber": "95", "addr:street": "Rantoul Street", "check_date": "2025-08-01", "craft": "brewery", "name": "Coastal Mass Brewing", "opening_hours": "We-Fr 15:00-22:00; Sa 12:00-22:00; Su 12:00-18:00", "payment:cash": "yes", "payment:credit_cards": "yes", "payment:debit_cards": "yes", "phone": "+1-978-969-3071", "product": "beer", "website": "https://coastalmassbrewing.com/"}}, "geometry": {"type": "Point", "coordinates": [-70.8846913, 42.5448195]}}, {"type": "Feature", "properties": {"osm_type": "node", "osm_id": 13046516901, "tags": {"addr:housenumber": "68", "addr:postcode": "11232", "addr:street": "34th Street", "craft": "brewery", "name": "Brooklyn Kura", "opening_hours": "Th-Fr 16:00-21:00; Sa 12:00-21:00; Su 11:00-20:00"}}, "geometry": {"type": "Point", "coordinates": [-74.0073212, 40.6576173]}}, {"type": "Feature", "properties": {"osm_type": "node", "osm_id": 13069973942, "tags": {"craft": "distillery"}}, "geometry": {"type": "Point", "coordinates": [-74.0999097, 41.3792549]}}, {"type": "Feature", "properties": {"osm_type": "node", "osm_id": 13077384632, "tags": {"addr:city": "Atlantic City", "addr:housenumber": "133", "addr:postcode": "08401", "addr:state": "NJ", "addr:street": "South Tennesee Avenue", "craft": "brewery", "name": "Tennessee Avenue Beer Hall"}}, "geometry": {"type": "Point", "coordinates": [-74.4264303, 39.3598971]}}, {"type": "Feature", "properties": {"osm_type": "node", "osm_id": 13119525601, "tags": {"addr:housenumber": "102", "addr:postcode": "08505", "addr:street": "Farnsworth Avenue", "craft": "brewery", "name": "Tindall Road Brewing Co.", "opening_hours": "Tu-Th 03:00-22:00; Fr 03:00-23:00; Sa 01:00-23:00; Su 01:00-20:00", "website": "https://www.tindallroadbrewery.com/"}}, "geometry": {"type": "Point", "coordinates": [-74.7137583, 40.1486031]}}, {"type": "Feature", "properties": {"osm_type": "node", "osm_id": 13121726563, "tags": {"craft": "brewery", "name": "HiJinx Brewing Company"}}, "geometry": {"type": "Point", "coordinates": [-75.4731887, 40.5936103]}}, {"type": "Feature", "properties": {"osm_type": "node", "osm_id": 13125069410, "tags": {"addr:housenumber": "4022", "addr:street": "Mill Road", "craft": "brewery", "name": "Skaneateles Brewery"}}, "geometry": {"type": "Point", "coordinates": [-76.4433127, 42.9656559]}}, {"type": "Feature", "properties": {"osm_type": "node", "osm_id": 13128724950, "tags": {"addr:city": "Greenwich", "addr:housenumber": "9", "addr:postcode": "12834", "addr:state": "NY", "addr:street": "Main Street", "construction:amenity": "bar", "craft": "distillery", "name": "Main Street Distillery", "website": "https://www.mainstreetdistillery.info/"}}, "geometry": {"type": "Point", "coordinates": [-73.4969613, 43.0877569]}}, {"type": "Feature", "properties": {"osm_type": "node", "osm_id": 13159713451, "tags": {"addr:city": "Syracuse", "addr:housenumber": "115", "addr:postcode": "13210", "addr:state": "NY", "addr:street": "Game Road", "craft": "brewery", "name": "Willow Rock Brewing Company", "phone": "+1 315-928-6948", "website": "https://willowrockbrew.com/"}}, "geometry": {"type": "Point", "coordinates": [-76.1316896, 43.012302]}}, {"type": "Feature", "properties": {"osm_type": "node", "osm_id": 13159715138, "tags": {"addr:city": "Cicero", "addr:housenumber": "6200", "addr:postcode": "13039", "addr:state": "NY", "addr:street": "South Bay Road", "craft": "brewery", "name": "Willow Rock Brewing Company", "website": "https://willowrockbrew.com/"}}, "geometry": {"type": "Point", "coordinates": [-76.0913763, 43.165539]}}, {"type": "Feature", "properties": {"osm_type": "node", "osm_id": 13164286092, "tags": {"craft": "distillery", "name": "Jayne St Distilling Co"}}, "geometry": {"type": "Point", "coordinates": [-74.3593023, 41.3364997]}}, {"type": "Feature", "properties": {"osm_type": "node", "osm_id": 13228553823, "tags": {"addr:city": "Oxford", "addr:housenumber": "7", "addr:postcode": "06478", "addr:state": "CT", "addr:street": "Fox Hollow Road", "contact:facebook": "https://www.facebook.com/oecbrewing", "craft": "brewery", "name": "OEC Brewing", "product": "beer", "website": "https://oecbrewing.com/"}}, "geometry": {"type": "Point", "coordinates": [-73.1213322, 41.4731159]}}, {"type": "Feature", "properties": {"osm_type": "node", "osm_id": 13228821530, "tags": {"craft": "brewery", "name": "Red Brewster Brewery"}}, "geometry": {"type": "Point", "coordinates": [-72.5916673, 41.9501205]}}, {"type": "Feature", "properties": {"osm_type": "node", "osm_id": 13256195126, "tags": {"craft": "brewery", "name": "Hard Cider Berkshire"}}, "geometry": {"type": "Point", "coordinates": [-73.1517319, 42.6983288]}}, {"type": "Feature", "properties": {"osm_type": "node", "osm_id": 13256529802, "tags": {"addr:housenumber": "64", "addr:postcode": "02151", "addr:street": "Salt Street", "craft": "brewery", "level": "0", "name": "Twisted Fate Brewing", "opening_hours": "We 15:00-21:00; Th 16:00-21:00; Fr 15:00-22:00; Sa 12:00-22:00; Su 12:00-20:00", "website": "https://twistedfatebrewing.com/"}}, "geometry": {"type": "Point", "coordinates": [-70.9943542, 42.3970326]}}, {"type": "Feature", "properties": {"osm_type": "node", "osm_id": 13300641562, "tags": {"addr:city": "Derry", "addr:housenumber": "40", "addr:postcode": "03038", "addr:state": "NH", "addr:street": "Manchester Road", "check_date": "2025-11-13", "craft": "brewery", "currency:XBT": "yes", "name": "Cryptic Beer Lounge", "opening_hours": "Sa-Su 12:00-20:00", "payment:lightning": "yes", "payment:lightning:operator": "square", "payment:lightning_contactless": "no", "payment:onchain": "no"}}, "geometry": {"type": "Point", "coordinates": [-71.3376305, 42.8988937]}}, {"type": "Feature", "properties": {"osm_type": "node", "osm_id": 13355594208, "tags": {"addr:city": "Deptford", "addr:housenumber": "1750", "addr:postcode": "08096", "addr:state": "NJ", "addr:street": "Deptford Center Road", "check_date": "2025-12-05", "craft": "brewery", "name": "Bonesaw Brewing Deptford Pilot House", "website": "https://www.bonesawbrewing.com/"}}, "geometry": {"type": "Point", "coordinates": [-75.0980274, 39.8301056]}}, {"type": "Feature", "properties": {"osm_type": "node", "osm_id": 13381910081, "tags": {"addr:housenumber": "718", "addr:street": "3rd Street", "craft": "distillery", "name": "Albany Distilling Company", "operator": "Albany Distilling Company", "website": "https://albanydistilling.com/"}}, "geometry": {"type": "Point", "coordinates": [-73.7805159, 42.6756282]}}, {"type": "Feature", "properties": {"osm_type": "node", "osm_id": 13399102251, "tags": {"addr:city": "Lawrence Township", "addr:housenumber": "160", "addr:postcode": "08648", "addr:state": "NJ", "addr:street": "Lawrenceville-Pennington Road", "addr:unit": "4", "check_date": "2025-12-24", "craft": "brewery", "currency:XBT": "yes", "name": "The Druery Brewery", "opening_hours": "Mo-Fr 09:00-17:00", "payment:lightning": "yes", "payment:lightning:operator": "square", "payment:lightning_contactless": "no", "payment:onchain": "no", "phone": "+1-609-291-3093", "website": "https://www.thedruery.com"}}, "geometry": {"type": "Point", "coordinates": [-74.7496983, 40.3029236]}}, {"type": "Feature", "properties": {"osm_type": "node", "osm_id": 13477576801, "tags": {"addr:housenumber": "85;87 St #4", "addr:postcode": "01923", "addr:street": "Andover Street", "craft": "brewery", "name": "Beer and Wine Hobby", "opening_hours": "Mo-Th 10:00-17:00; Fr-Sa 09:00-17:00; Su 10:00-14:00", "phone": "+1-800-523-5423", "website": "https://beer-wine.com/"}}, "geometry": {"type": "Point", "coordinates": [-70.9613493, 42.5536742]}}, {"type": "Feature", "properties": {"osm_type": "node", "osm_id": 13626528383, "tags": {"addr:city": "Philadelphia", "addr:housenumber": "1713R", "addr:postcode": "19145", "addr:state": "PA", "addr:street": "McKean Street", "check_date": "2026-03-08", "craft": "distillery", "currency:XBT": "yes", "name": "TH Distilling", "opening_hours": "Th 16:00-19:00; Sa 14:00-19:00", "payment:lightning": "yes", "payment:lightning:operator": "square", "payment:lightning_contactless": "no", "payment:onchain": "no"}}, "geometry": {"type": "Point", "coordinates": [-75.1746438, 39.9266082]}}, {"type": "Feature", "properties": {"osm_type": "node", "osm_id": 13655127954, "tags": {"check_date": "2026-03-16", "craft": "brewery", "name": "Brewer's Outlet"}}, "geometry": {"type": "Point", "coordinates": [-75.1926659, 40.0632055]}}, {"type": "Feature", "properties": {"osm_type": "node", "osm_id": 13663930801, "tags": {"addr:housenumber": "123", "addr:postcode": "06320", "addr:street": "Bank Street", "check_date": "2026-03-20", "craft": "brewery", "level": "0", "name": "Tox Brewing Company", "phone": "+1-860-440-8127", "website": "https://www.toxbrewing.com/"}}, "geometry": {"type": "Point", "coordinates": [-72.0953298, 41.3526964]}}, {"type": "Feature", "properties": {"osm_type": "node", "osm_id": 13708907658, "tags": {"addr:city": "Norwalk", "addr:housenumber": "57", "addr:postcode": "06854", "addr:state": "CT", "addr:street": "Chestnut Street", "craft": "brewery", "name": "Spacecat Brewing Co", "opening_hours": "Tu-We 12:00-21:00; Th-Sa 12:00-22:00; Su 12:00-19:00", "phone": "+1-203-857-1074", "website": "https://spacecatbrewing.com"}}, "geometry": {"type": "Point", "coordinates": [-73.4208814, 41.0912074]}}, {"type": "Feature", "properties": {"osm_type": "node", "osm_id": 13723817702, "tags": {"check_date": "2026-04-11", "craft": "distillery", "name": "Golden Harvest Farm Distillery", "website": "https://www.goldenharvestfarms.com/"}}, "geometry": {"type": "Point", "coordinates": [-73.6861107, 42.4353465]}}, {"type": "Feature", "properties": {"osm_type": "node", "osm_id": 13741675301, "tags": {"addr:housenumber": "7", "addr:postcode": "06410", "addr:street": "Diana Court", "check_date": "2026-04-18", "check_date:opening_hours": "2026-04-18", "craft": "brewery", "name": "Counterweight Brewing Company", "opening_hours": "We-Th 16:00-21:00,\nFr-Sa 12:00-22:00,\nSu 12:00-20:00", "website": "https://www.counterweightbrewing.com/"}}, "geometry": {"type": "Point", "coordinates": [-72.884948, 41.5506182]}}, {"type": "Feature", "properties": {"osm_type": "node", "osm_id": 13824993390, "tags": {"craft": "brewery", "name": "Sing Sing Kill Brewery"}}, "geometry": {"type": "Point", "coordinates": [-73.863769, 41.1585026]}}, {"type": "Feature", "properties": {"osm_type": "node", "osm_id": 13841416903, "tags": {"addr:housenumber": "255", "addr:postcode": "19320", "addr:street": "S. Mount Airy Road", "craft": "brewery", "email": "info@animatedbrewing.com", "internet_access": "wlan", "name": "Animated Brewing Co.", "opening_hours": "Su, Tu-Th 15:00-22:00; Fr-Sa 12:00-22:00, Su 12:00-20:00", "website": "https://animatedbrewing.com/"}}, "geometry": {"type": "Point", "coordinates": [-75.8300871, 39.9923894]}}, {"type": "Feature", "properties": {"osm_type": "node", "osm_id": 13841806568, "tags": {"addr:city": "Rock Hall", "addr:housenumber": "5781", "addr:postcode": "21661-1535", "addr:state": "MD", "addr:street": "Main Street", "craft": "brewery", "min_age": "21", "name": "Rock Hall Brewing Company", "product": "beer", "website": "https://www.facebook.com/p/Rock-Hall-Brewing-Company-61576721901171/"}}, "geometry": {"type": "Point", "coordinates": [-76.2348078, 39.1376573]}}, {"type": "Feature", "properties": {"osm_type": "node", "osm_id": 13844339949, "tags": {"addr:city": "Medford", "addr:housenumber": "30", "addr:postcode": "02155", "addr:state": "MA", "addr:street": "Harvard Avenue", "check_date:currency:XBT": "2026-07-09", "contact:instagram": "https://www.instagram.com/medfordbrewing/", "craft": "brewery", "currency:XBT": "yes", "name": "Medford Brewing Company", "opening_hours": "Mo-We 15:00-22:00; Th-Fr 15:00-22:00; Sa 12:00-20:00; Su 12:00-20:00", "payment:lightning": "yes", "payment:lightning:operator": "square", "payment:lightning_contactless": "no", "payment:onchain": "no", "phone": "+1-781-859-5724", "website": "https://medfordbrew.com/"}}, "geometry": {"type": "Point", "coordinates": [-71.1336293, 42.4204055]}}, {"type": "Feature", "properties": {"osm_type": "node", "osm_id": 13882658561, "tags": {"addr:city": "Mannington Township", "addr:housenumber": "19", "addr:postcode": "08079-4323", "addr:state": "NJ", "addr:street": "Seabrook Road", "check_date": "2026-05-26", "contact:email": "spirits@dogandram.com", "contact:facebook": "https://www.facebook.com/p/Dog-Ram-Spirits-100063989621568/", "contact:instagram": "https://www.instagram.com/dogandramspirits/", "craft": "distillery", "currency:XBT": "yes", "name": "Dog & Ram Spirits", "opening_hours": "Th-Sa 16:00-21:00", "payment:lightning": "yes", "payment:lightning:operator": "square", "payment:lightning_contactless": "no", "payment:onchain": "no", "phone": "+1-856-202-7786", "product": "vodka;dry_gin", "website": "https://dogandram.com/"}}, "geometry": {"type": "Point", "coordinates": [-75.4278801, 39.6173012]}}, {"type": "Feature", "properties": {"osm_type": "node", "osm_id": 13894779511, "tags": {"craft": "distillery", "name": "Berkshire Mountain Distillers"}}, "geometry": {"type": "Point", "coordinates": [-73.3529186, 42.0971709]}}, {"type": "Feature", "properties": {"osm_type": "node", "osm_id": 13912976925, "tags": {"addr:city": "Londonderry", "addr:housenumber": "298", "addr:postcode": "03053", "addr:state": "NH", "addr:street": "Rockingham Road", "craft": "brewery", "email": "info@sunstonebrewing.com", "name": "Sunstone Brewing Company", "phone": "+1-603-216-1808", "website": "https://www.sunstonebrewing.com/"}}, "geometry": {"type": "Point", "coordinates": [-71.395706, 42.9147908]}}, {"type": "Feature", "properties": {"osm_type": "node", "osm_id": 13976580934, "tags": {"addr:city": "Newark", "addr:housenumber": "810", "addr:postcode": "19702", "addr:state": "De", "addr:street": "Pencader Drive", "addr:unit": "C", "craft": "brewery", "name": "Autumn Arch Beer Project", "opening_hours": "Tu-We 15:00-21:00,Th 15:00-22:00,Fr-Sa 12:00-22:00, Su 12:00-20:00", "phone": "+1-302-294-1126", "website": "https://www.autumnarch.com/"}}, "geometry": {"type": "Point", "coordinates": [-75.7697079, 39.6114908]}}, {"type": "Feature", "properties": {"osm_type": "node", "osm_id": 13988708621, "tags": {"amenity": "bar", "cocktails": "yes", "drink:beer": "yes", "drink:wine": "yes", "happy_hours": "Mo-Fr 16:00-19:00", "microbrewery": "yes", "opening_hours": "Tu-We 16:00-22:00; Th 16:00-23:00; Fr 15:00-24:00; Sa 13:00-24:00; Su 13:00-20:00", "outdoor_seating": "sidewalk", "phone": "+1-646-600-5146", "website": "https://farm.one", "wheelchair": "yes"}}, "geometry": {"type": "Point", "coordinates": [-73.9689191, 40.6796928]}}, {"type": "Feature", "properties": {"osm_type": "node", "osm_id": 14001058076, "tags": {"amenity": "bar", "craft": "distillery", "name": "Old Tavern Farm Distillery", "website": "https://oldtavernfarms.com/collections/distillery"}}, "geometry": {"type": "Point", "coordinates": [-73.7059811, 43.0296124]}}, {"type": "Feature", "properties": {"osm_type": "node", "osm_id": 14001121720, "tags": {"amenity": "pub", "craft": "brewery", "name": "Wolf Hollow Brewing Company"}}, "geometry": {"type": "Point", "coordinates": [-73.9696372, 42.8340448]}}, {"type": "Feature", "properties": {"osm_type": "node", "osm_id": 14017912439, "tags": {"addr:city": "Watertown", "addr:housenumber": "102", "addr:state": "MA", "addr:street": "Arsenal Yards Boulevard", "amenity": "pub", "craft": "brewery", "food": "yes", "name": "Mighty Squirrel Taproom and Kitchen"}}, "geometry": {"type": "Point", "coordinates": [-71.1585034, 42.3613625]}}, {"type": "Feature", "properties": {"osm_type": "node", "osm_id": 718863730, "tags": {"craft": "distillery", "distillery": "vodka", "name": "Eagle Cliffs Distillery"}}, "geometry": {"type": "Point", "coordinates": [-123.1755632, 46.1929887]}}, {"type": "Feature", "properties": {"osm_type": "node", "osm_id": 903721300, "tags": {"air_conditioning": "yes", "amenity": "pub", "craft": "brewery", "indoor_seating": "yes", "name": "Yaletown Brewing Company", "opening_hours": "Mo-Th 11:30-23:00, Fr 11:30-02:00, Sa 10:00-03:00, Su 10:00-23:00", "outdoor_seating": "terrace", "payment:credit_cards": "yes", "payment:debit_cards": "yes", "phone": "+1-604-681-2739", "product": "beer", "shop": "alcohol", "smoking": "no", "website": "https://www.mjg.ca/yaletown/", "wheelchair": "yes"}}, "geometry": {"type": "Point", "coordinates": [-123.1210153, 49.2754439]}}, {"type": "Feature", "properties": {"osm_type": "node", "osm_id": 1262848052, "tags": {"addr:city": "Redmond", "addr:housenumber": "14679", "addr:postcode": "98052", "addr:state": "WA", "addr:street": "Northeast 95th Street", "alt_name": "Black Raven Tap Room", "amenity": "pub", "brewery": "various", "capacity": "34", "contact:facebook": "blackravenbrewing", "contact:instagram": "blackravenbrewing", "contact:linkedin": "black-raven-brewing", "contact:tripadvisor": "https://tripadvisor.com/Attraction_Review-g58702-d2547716-Reviews-Black_Raven_Brewing_Company-Redmond_Washington.html", "contact:untappd": "https://untappd.com/v/black-raven-brewing-company/7121", "contact:yelp": "https://yelp.com/biz/black-raven-brewing-redmond-redmond-2", "craft": "brewery", "drink:craft_beer": "yes", "email": "info@blackravenbrewing.com", "microbrewery": "yes", "name": "Black Raven Brewing Company", "opening_hours": "Mo-We 14:00-21:00; Th 14:00-22:00; Fr 12:00-22:00; Sa 12:00-21:00; Su 12:00-20:00", "phone": "+1-425-881-3020", "product": "beer", "smoking": "no", "start_date": "2009", "website": "https://blackravenbrewing.com", "wikipedia": "en:Black Raven Brewing Company"}}, "geometry": {"type": "Point", "coordinates": [-122.1446573, 47.6855472]}}, {"type": "Feature", "properties": {"osm_type": "node", "osm_id": 1733419952, "tags": {"addr:city": "Seattle", "addr:housenumber": "8564", "addr:state": "WA", "addr:street": "Greenwood Avenue North", "air_conditioning": "yes", "amenity": "pub", "check_date": "2026-03-27", "craft": "brewery", "indoor_seating": "yes", "microbrewery": "yes", "name": "Halcyon Brewing Company", "opening_hours": "Mo-Th 15:00-22:00; Fr,Sa 12:00-23:00,12:00-21:00", "outdoor_seating": "yes"}}, "geometry": {"type": "Point", "coordinates": [-122.355083, 47.6918221]}}, {"type": "Feature", "properties": {"osm_type": "node", "osm_id": 2136792042, "tags": {"addr:city": "Seattle", "addr:housenumber": "1108", "addr:postcode": "98107", "addr:street": "Northwest 52nd Street", "amenity": "pub", "check_date:opening_hours": "2025-07-28", "craft": "brewery", "indoor_seating": "yes", "microbrewery": "yes", "name": "Stoup Brewing", "opening_hours": "Mo-Su 12:00-22:00", "outdoor_seating": "yes", "phone": "+1-206-457-5524", "source": "King County GIS", "toilets:wheelchair": "yes", "website": "https://www.stoupbrewing.com/", "wheelchair": "limited"}}, "geometry": {"type": "Point", "coordinates": [-122.3711856, 47.6666124]}}, {"type": "Feature", "properties": {"osm_type": "node", "osm_id": 2136792838, "tags": {"addr:city": "Seattle", "addr:housenumber": "1100", "addr:postcode": "98107", "addr:state": "WA", "addr:street": "Northwest 51st Street", "craft": "brewery", "name": "Urban Family Brewery", "product": "beer", "source": "King County GIS", "website": "https://urbanfamilybrewing.com/"}}, "geometry": {"type": "Point", "coordinates": [-122.3709984, 47.6658853]}}, {"type": "Feature", "properties": {"osm_type": "node", "osm_id": 2136792842, "tags": {"addr:city": "Seattle", "addr:housenumber": "1110", "addr:postcode": "98107", "addr:street": "Northwest 50th Street", "contact:facebook": "wheeliepopbrewing", "contact:instagram": "wheeliepopbrewing", "contact:twitter": "wheeliepopbrews", "craft": "brewery", "name": "Wheelie Pop Brewing", "opening_hours": "Fr-Su 09:00-18:00; Tu-Th 15:00-21:00", "source": "King County GIS", "website": "https://www.wheeliepopbrewing.com"}}, "geometry": {"type": "Point", "coordinates": [-122.371432, 47.6652291]}}, {"type": "Feature", "properties": {"osm_type": "node", "osm_id": 2143322925, "tags": {"addr:city": "Seattle", "addr:housenumber": "3513", "addr:postcode": "98103", "addr:street": "Stone Way North", "amenity": "pub", "check_date": "2024-04-18", "contact:instagram": "https://www.instagram.com/figureheadbrewing_stoneway", "craft": "brewery", "name": "Figurehead Stone Way", "opening_hours": "11:00-22:00", "operator": "Figurehead Brewing", "outdoor_seating": "yes", "product": "beer", "website": "https://figureheadbrewingcompany.com"}}, "geometry": {"type": "Point", "coordinates": [-122.3429942, 47.6499568]}}, {"type": "Feature", "properties": {"osm_type": "node", "osm_id": 2269061545, "tags": {"addr:city": "Hood River", "addr:housenumber": "707", "addr:postcode": "97031", "addr:street": "Portway Avenue", "craft": "brewery", "cuisine": "american", "delivery": "no", "level": "2", "name": "Pfriem Family Brewers", "phone": "+1-541-321-0490", "product": "beer", "smoking": "no", "takeaway": "no", "website": "https://www.pfriembeer.com/"}}, "geometry": {"type": "Point", "coordinates": [-121.51797, 45.714751]}}, {"type": "Feature", "properties": {"osm_type": "node", "osm_id": 2349895557, "tags": {"addr:city": "Seattle", "addr:housenumber": "4700", "addr:postcode": "98134", "addr:state": "WA", "addr:street": "Ohio Avenue South", "craft": "brewery", "name": "Two Beers Brewing Company", "website": "https://www.twobeersbrewery.com"}}, "geometry": {"type": "Point", "coordinates": [-122.3377942, 47.5604391]}}, {"type": "Feature", "properties": {"osm_type": "node", "osm_id": 2420103683, "tags": {"addr:city": "Seattle", "addr:housenumber": "8570", "addr:postcode": "98103", "addr:state": "WA", "addr:street": "Greenwood Avenue North", "amenity": "pub", "bar": "yes", "brewery": "yes;various", "changing_table": "yes", "check_date": "2026-03-27", "craft": "brewery", "description": "Washington State's FIRST Cooperatively owned and run brewery. Outside food welcome, well behaved kids and dogs welcome.", "internet_access": "wlan", "internet_access:fee": "no", "internet_access:ssid": "flyingbikeguest", "microbrewery": "yes", "name": "Flying Bike Co-op Brewery", "opening_hours": "Mo-Fr 14:00-23:00; Sa 12:00-23:00; Su 13:00-21:00", "operator": "Flying Bike Cooperative", "outdoor_seating": "yes", "payment:mastercard": "yes", "payment:visa": "yes", "product": "beer", "smoking": "no", "source": "King County GIS;data.seattle.gov", "toilets": "yes", "toilets:menstrual_products": "yes", "toilets:unisex": "yes", "website": "https://www.flyingbike.coop/"}}, "geometry": {"type": "Point", "coordinates": [-122.355072, 47.6920561]}}, {"type": "Feature", "properties": {"osm_type": "node", "osm_id": 2429641156, "tags": {"addr:city": "Seattle", "addr:country": "US", "addr:housenumber": "5718", "addr:postcode": "98118", "addr:state": "WA", "addr:street": "Rainier Avenue South", "amenity": "pub", "check_date": "2025-02-19", "contact:facebook": "https://www.facebook.com/MachineHouseBrewery/", "contact:instagram": "https://instagram.com/machinehouse", "contact:phone": "+1-206-402-6025", "contact:untappd": "https://untappd.com/MachineHouseBrewery", "contact:website": "https://www.machinehousebrewery.com/", "contact:yelp": "https://www.yelp.com/biz/machine-house-brewery-seattle-5", "craft": "brewery", "microbrewery": "yes", "name": "Machine House Brewery", "opening_hours": "Mo-Tu 16:00-21:00; We-Fr 16:00-21:30; Sa 14:00-21:30; Su 14:00-19:30", "real_ale": "yes", "was:amenity": "bar", "was:name": "Spinnaker Bay Brewery"}}, "geometry": {"type": "Point", "coordinates": [-122.2771911, 47.5507481]}}, {"type": "Feature", "properties": {"osm_type": "node", "osm_id": 2462325963, "tags": {"addr:city": "Seattle", "addr:housenumber": "4612", "addr:postcode": "98105", "addr:street": "Union Bay Place Northeast", "craft": "distillery", "name": "Sun Liquor Distillery", "source": "King County GIS;data.seattle.gov", "website": "https://www.sunliquor.com"}}, "geometry": {"type": "Point", "coordinates": [-122.294344, 47.6629021]}}, {"type": "Feature", "properties": {"osm_type": "node", "osm_id": 2462428042, "tags": {"addr:city": "Seattle", "addr:housenumber": "1421", "addr:postcode": "98119", "addr:state": "WA", "addr:street": "Elliott Avenue West", "craft": "brewery", "name": "Holy Mountain Brewing", "product": "beer", "source": "King County GIS;data.seattle.gov", "website": "https://www.holymountainbrewing.com/"}}, "geometry": {"type": "Point", "coordinates": [-122.3745615, 47.6308277]}}, {"type": "Feature", "properties": {"osm_type": "node", "osm_id": 2462428354, "tags": {"addr:city": "Seattle", "addr:housenumber": "4441", "addr:postcode": "98107", "addr:state": "WA", "addr:street": "26th Avenue West", "addr:unit": "A", "craft": "brewery", "layer": "-1", "name": "Bizarre Brewing", "product": "beer", "source": "King County GIS;data.seattle.gov", "website": "https://bizarrebrewing.com/"}}, "geometry": {"type": "Point", "coordinates": [-122.3902975, 47.6605861]}}, {"type": "Feature", "properties": {"osm_type": "node", "osm_id": 2832969851, "tags": {"addr:city": "Bellingham", "addr:housenumber": "1807", "addr:postcode": "98225", "addr:street": "Dean Avenue", "craft": "brewery", "microbrewery": "yes", "name": "Wander Brewing", "opening_hours": "Mo-Th 15:00-21:00, Fr-Sa 12:00-22:00, Su 12:00-19:00", "phone": "+1-360-647-6152", "source": "Local knowledge, official website", "website": "https://wanderbrewing.com/", "wheelchair": "limited"}}, "geometry": {"type": "Point", "coordinates": [-122.4741819, 48.7542625]}}, {"type": "Feature", "properties": {"osm_type": "node", "osm_id": 3418914696, "tags": {"addr:city": "Port Moody", "addr:housenumber": "2817", "addr:postcode": "V3H1X3", "addr:province": "BC", "addr:street": "Murray Street", "addr:unit": "1", "check_date": "2023-02-25", "craft": "brewery", "email": "info@yellowdogbrew.com", "name": "Yellow Dog Brewing", "opening_hours": "Mo-Sa 11:00-23:00; Su 10:00-22:00", "outdoor_seating": "yes", "phone": "+1-604-492-0191", "website": "https://yellowdogbeer.com/"}}, "geometry": {"type": "Point", "coordinates": [-122.848708, 49.2785388]}}, {"type": "Feature", "properties": {"osm_type": "node", "osm_id": 3427201703, "tags": {"addr:city": "Corvallis", "addr:housenumber": "160", "addr:postcode": "97330", "addr:state": "OR", "addr:street": "Northwest Jackson Avenue", "amenity": "restaurant", "check_date": "2026-06-10", "craft": "brewery", "cuisine": "american", "name": "Sky High Brewing", "outdoor_seating": "roof", "phone": "+1-541-207-3277", "website": "https://skyhighbrewing.com"}}, "geometry": {"type": "Point", "coordinates": [-123.259007, 44.564866]}}, {"type": "Feature", "properties": {"osm_type": "node", "osm_id": 3427223727, "tags": {"addr:city": "Corvallis", "addr:housenumber": "341", "addr:postcode": "97333", "addr:state": "OR", "addr:street": "Southwest 2nd Street", "amenity": "pub", "check_date": "2023-04-20", "craft": "brewery", "email": "beer@oregontrailbrewery.com", "name": "Oregon Trail Brewery", "phone": "+1 541 758 3527", "website": "https://www.oregontrailbrewery.com/"}}, "geometry": {"type": "Point", "coordinates": [-123.26088, 44.561228]}}, {"type": "Feature", "properties": {"osm_type": "node", "osm_id": 3552945933, "tags": {"addr:city": "St. Helens", "addr:housenumber": "35855", "addr:postcode": "97051", "addr:state": "OR", "addr:street": "Industrial Way", "craft": "distillery", "drive_through": "no", "name": "Ye Old Grog Distillery", "opening_hours": "Mo 12:00-17:00; Th 12:00-17:00; Fr 12:00-17:00; Sa-Su 13:00-16:00", "shop": "alcohol"}}, "geometry": {"type": "Point", "coordinates": [-122.8281437, 45.8447477]}}, {"type": "Feature", "properties": {"osm_type": "node", "osm_id": 3590724066, "tags": {"check_date": "2025-02-05", "craft": "brewery", "name": "Deluxe Brewing"}}, "geometry": {"type": "Point", "coordinates": [-123.0982239, 44.6391949]}}, {"type": "Feature", "properties": {"osm_type": "node", "osm_id": 3641356014, "tags": {"craft": "distillery", "distillery": "whisky;gin;vodka", "name": "Bendistillery", "website": "https://www.craterlakespirits.com/"}}, "geometry": {"type": "Point", "coordinates": [-121.3590756, 44.1602815]}}, {"type": "Feature", "properties": {"osm_type": "node", "osm_id": 3675301755, "tags": {"addr:city": "Vancouver", "addr:housenumber": "1451", "addr:province": "BC", "addr:street": "Hornby Street", "air_conditioning": "no", "amenity": "pub", "craft": "distillery", "drive_through": "no", "indoor_seating": "yes", "name": "Long Table Distillery", "opening_hours": "We-Th 13:00-18:00; Fr-Sa 13:00-21:00", "outdoor_seating": "no", "phone": "+1-604-266-0177", "smoking": "no", "website": "https://longtabledistillery.com/"}}, "geometry": {"type": "Point", "coordinates": [-123.13243, 49.2757682]}}, {"type": "Feature", "properties": {"osm_type": "node", "osm_id": 3699188198, "tags": {"addr:housenumber": "1494", "addr:street": "Old Bridge Street", "addr:unit": "1", "amenity": "bar", "craft": "distillery", "distillery": "vodka;gin;whiskey", "name": "The Liberty Distillery", "opening_hours": "Su-Th 12:00-19:00; Fr,Sa 12:00-21:00", "phone": "+1 604-558-1998", "website": "https://www.thelibertydistillery.com/", "wheelchair": "yes"}}, "geometry": {"type": "Point", "coordinates": [-123.1345786, 49.2704065]}}, {"type": "Feature", "properties": {"osm_type": "node", "osm_id": 3713830496, "tags": {"brewery": "yes", "check_date": "2023-02-25", "craft": "brewery", "email": "info@twinsailsbrewing.com", "name": "Twin Sails Brewery", "outdoor_seating": "yes", "website": "https://twinsailsbrewing.com/"}}, "geometry": {"type": "Point", "coordinates": [-122.848401, 49.278541]}}, {"type": "Feature", "properties": {"osm_type": "node", "osm_id": 3740618048, "tags": {"addr:housenumber": "270", "addr:street": "Furness Road", "craft": "brewery", "name": "Salt Spring Island Ales", "opening_hours": "Mo-Su 12:00-16:00", "phone": "+1-250-653-2383", "website": "http://www.SaltSpringIslandAles.com"}}, "geometry": {"type": "Point", "coordinates": [-123.5040077, 48.7790135]}}, {"type": "Feature", "properties": {"osm_type": "node", "osm_id": 3740715135, "tags": {"addr:unit": "C", "check_date": "2023-07-14", "craft": "brewery", "name": "Category 12", "opening_hours": "Tu-Sa 12:00-18:00", "phone": "+1-250-652-9668", "website": "https://category12beer.com/"}}, "geometry": {"type": "Point", "coordinates": [-123.4079525, 48.565404]}}, {"type": "Feature", "properties": {"osm_type": "node", "osm_id": 3744582937, "tags": {"addr:city": "Vancouver", "addr:housenumber": "8284", "addr:postcode": "V5X 4R6", "addr:street": "Sherbrooke Street", "amenity": "pub", "craft": "brewery", "email": "tastingroom@dogwoodbrewing.ca;dogwood@dogwoodbrew.com", "internet_access": "wlan", "internet_access:fee": "no", "microbrewery": "yes", "name": "Dogwood Brewing", "opening_hours": "We-Th 15:30-20:00; Fr-Su 12:00-20:00; Tu-We 12:00-20:00; Th 12:00-21:00; Fr-Sa 12:00-22:00; Su 12:00-20:00", "organic": "only", "outdoor_seating": "no", "phone": "+1-604-325-3693", "product": "beer", "shop": "alcohol", "website": "https://dogwoodbrew.com/"}}, "geometry": {"type": "Point", "coordinates": [-123.0815672, 49.2098835]}}, {"type": "Feature", "properties": {"osm_type": "node", "osm_id": 3752241505, "tags": {"craft": "brewery"}}, "geometry": {"type": "Point", "coordinates": [-122.7996475, 45.0690849]}}, {"type": "Feature", "properties": {"osm_type": "node", "osm_id": 3854673387, "tags": {"addr:city": "Maple Valley", "addr:housenumber": "26420", "addr:postcode": "98038", "addr:state": "WA", "addr:street": "Maple Valley Black Diamond Road Southeast", "addr:unit": "L200", "amenity": "bar", "brewery": "yes", "check_date": "2024-11-24", "cuisine": "american", "microbrewery": "yes", "name": "Hops n Drops", "opening_hours": "Mo-Fr 11:00-23:00; Sa-Su 08:00-23:00", "outdoor_seating": "yes", "payment:cash": "yes", "payment:credit_cards": "yes", "payment:debit_cards": "yes", "website": "https://hopsndrops.com/find-us/maple-valley/"}}, "geometry": {"type": "Point", "coordinates": [-122.0212588, 47.3649928]}}, {"type": "Feature", "properties": {"osm_type": "node", "osm_id": 3985055188, "tags": {"addr:city": "Portland", "addr:housenumber": "6635", "addr:postcode": "97203", "addr:state": "OR", "addr:street": "North Baltimore Avenue", "addr:unit": "100", "contact:instagram": "occidentalbrewing", "craft": "brewery", "name": "Occidental", "website": "https://www.occidentalbrewing.com/"}}, "geometry": {"type": "Point", "coordinates": [-122.7619029, 45.5889175]}}, {"type": "Feature", "properties": {"osm_type": "node", "osm_id": 4039327060, "tags": {"craft": "brewery", "name": "Pelican Brewery & Tap Room", "website": "https://www.pelicanbrewery.com/"}}, "geometry": {"type": "Point", "coordinates": [-123.8463736, 45.4581594]}}, {"type": "Feature", "properties": {"osm_type": "node", "osm_id": 4238751683, "tags": {"check_date": "2023-02-17", "craft": "brewery", "name": "Four Generals Brewing", "opening_hours": "Mo-Th 15:00-22:00; Fr 15:00-23:00; Sa-Su 12:00-23:00"}}, "geometry": {"type": "Point", "coordinates": [-122.2056122, 47.4801268]}}, {"type": "Feature", "properties": {"osm_type": "node", "osm_id": 4287062120, "tags": {"amenity": "bar", "microbrewery": "yes", "name": "Copperworks Tasting Room & Distillery"}}, "geometry": {"type": "Point", "coordinates": [-122.33973, 47.606008]}}, {"type": "Feature", "properties": {"osm_type": "node", "osm_id": 4321475708, "tags": {"addr:city": "Seattle", "addr:housenumber": "907", "addr:postcode": "98107", "addr:state": "WA", "addr:street": "Northwest 50th Street", "amenity": "pub", "bar": "yes", "craft": "brewery", "microbrewery": "yes", "name": "Lucky Envelope Brewing", "opening_hours": "Mo-Th 15:00-20:00; Fr-Sa 12:00-21:00; Su 12:00-20:00", "outdoor_seating": "yes", "website": "https://www.luckyenvelopebrewing.com/"}}, "geometry": {"type": "Point", "coordinates": [-122.3691195, 47.6648619]}}, {"type": "Feature", "properties": {"osm_type": "node", "osm_id": 4330495853, "tags": {"addr:city": "Victoria", "addr:housenumber": "350", "addr:postcode": "V8T 1P7", "addr:province": "BC", "addr:street": "Bay Street", "amenity": "pub", "craft": "brewery", "microbrewery": "yes", "name": "Brass Monkey Taproom", "opening_hours": "Mo-Sa 11:30-22:00, Su 11:30-02:00", "phone": "+1-250-380-0706", "website": "https://www.brassmonkeybrewing.ca/"}}, "geometry": {"type": "Point", "coordinates": [-123.375443, 48.4352075]}}, {"type": "Feature", "properties": {"osm_type": "node", "osm_id": 4331346500, "tags": {"addr:city": "Salem", "addr:housenumber": "2544", "addr:state": "OR", "addr:street": "19th Street Southeast", "craft": "brewery", "name": "Santiam Brewing", "opening_hours": "Mo-Th 11:00-21:00; Fr 11:00-22:00; Sa 07:00-22:00; Su 07:00-21:00", "phone": "+1 503-689-1260", "website": "https://www.santiambrewing.com/"}}, "geometry": {"type": "Point", "coordinates": [-123.019993, 44.9160602]}}, {"type": "Feature", "properties": {"osm_type": "node", "osm_id": 4356771490, "tags": {"addr:city": "Vancouver", "addr:housenumber": "1830", "addr:postcode": "V5T 2W6", "addr:street": "Ontario Street", "amenity": "pub", "brewery": "yes", "check_date": "2025-05-30", "craft": "brewery", "email": "hola@facultybrewing.com", "microbrewery": "yes", "name": "Faculty Brewing", "opening_hours": "Mo-Fr 14:00-23:00; Sa-Su 11:00-23:00", "outdoor_seating": "no", "phone": "+1-778-819-6794", "product": "beer", "shop": "alcohol", "website": "https://www.facultybrewing.com/"}}, "geometry": {"type": "Point", "coordinates": [-123.10449, 49.2686594]}}, {"type": "Feature", "properties": {"osm_type": "node", "osm_id": 4366991390, "tags": {"addr:city": "Port Moody", "addr:housenumber": "2731", "addr:province": "BC", "addr:street": "Murray Street", "craft": "brewery", "email": "info@theparksidebrewery.com", "name": "The Parkside Brewery", "opening_hours": "Su-Mo 12:00-22:00; Tu-Sa 12:00-23:00", "outdoor_seating": "yes", "phone": "+1-604-492-2731", "website": "https://www.theparksidebrewery.com/tasting-room/"}}, "geometry": {"type": "Point", "coordinates": [-122.8495977, 49.2785528]}}, {"type": "Feature", "properties": {"osm_type": "node", "osm_id": 4437239571, "tags": {"addr:city": "Kent", "addr:housenumber": "8611", "addr:postcode": "98031", "addr:state": "WA", "addr:street": "South 212th Street", "craft": "brewery", "disused:office": "company", "name": "Logan Brewing", "old_name": "Airways Brewing", "opening_hours": "Mo-Th 18:00-21:00, Fr-Sa 17:00-21:00", "operator": "Logan Brewing Company", "product": "beer", "website": "https://www.logan.beer/"}}, "geometry": {"type": "Point", "coordinates": [-122.2246796, 47.4115671]}}, {"type": "Feature", "properties": {"osm_type": "node", "osm_id": 4491042338, "tags": {"craft": "brewery", "name": "Grapeworks Distillery"}}, "geometry": {"type": "Point", "coordinates": [-122.14297, 47.7346677]}}, {"type": "Feature", "properties": {"osm_type": "node", "osm_id": 4556439011, "tags": {"addr:housenumber": "7897", "addr:postcode": "V1M 3P9", "addr:street": "240th Street", "craft": "distillery", "name": "Roots and Wings Distillery", "opening_hours": "Mo-Tu off; We-Th 12:00-19:00; Fr-Sa 12:00-20:00; Su 12:00-19:00", "outdoor_seating": "yes", "phone": "+1-604-371-2268", "website": "https://www.rootsandwingsdistillery.ca/"}}, "geometry": {"type": "Point", "coordinates": [-122.5594201, 49.1461886]}}, {"type": "Feature", "properties": {"osm_type": "node", "osm_id": 4605132890, "tags": {"addr:housenumber": "30321", "addr:street": "Fraser Highway", "addr:unit": "1A", "amenity": "bar", "craft": "brewery", "email": "info@oldabbeyales.com", "name": "Old Abbey Ales", "opening_hours": "Su-We 11:00-20:00; Th-Sa 11:00-22:00", "phone": "+1-604-607-5104", "product": "beer", "shop": "alcohol", "website": "https://www.oldabbeyales.com/"}}, "geometry": {"type": "Point", "coordinates": [-122.3832811, 49.056369]}}, {"type": "Feature", "properties": {"osm_type": "node", "osm_id": 4619564152, "tags": {"addr:city": "Everett", "addr:housenumber": "2730", "addr:postcode": "98201", "addr:state": "WA", "addr:street": "W Marine View Dr", "amenity": "pub", "brewery": "yes", "craft": "brewery", "microbrewery": "yes", "name": "At Large Brewing & Taproom", "outdoor_seating": "yes", "phone": "+1-425-324-0039", "product": "beer", "website": "https://atlargebrewing.com/"}}, "geometry": {"type": "Point", "coordinates": [-122.214686, 47.9808918]}}, {"type": "Feature", "properties": {"osm_type": "node", "osm_id": 4625671015, "tags": {"addr:city": "Vancouver", "addr:housenumber": "895", "addr:postcode": "V6A 1R8", "addr:street": "East Hastings Street", "capacity": "60", "craft": "brewery", "email": "info@strathconabeer.com", "name": "Strathcona Beer Company", "opening_hours": "Mo-Th 12:00-23:00; Fr 12:00-00:00; Sa 11:00-00:00; Su 11:00-23:00", "phone": "+1-778-379-9050", "shop": "alcohol", "smoking": "no", "website": "https://strathconabeer.com/"}}, "geometry": {"type": "Point", "coordinates": [-123.0851473, 49.2812705]}}, {"type": "Feature", "properties": {"osm_type": "node", "osm_id": 4653145503, "tags": {"addr:city": "Seattle", "addr:housenumber": "2931", "addr:postcode": "98134", "addr:state": "WA", "addr:street": "1st Avenue South", "check_date": "2024-06-22", "craft": "distillery", "distillery": "whisky", "name": "Westland Distillery", "phone": "+1-206-767-7250", "website": "https://www.westlanddistillery.com/"}}, "geometry": {"type": "Point", "coordinates": [-122.3345887, 47.576605]}}, {"type": "Feature", "properties": {"osm_type": "node", "osm_id": 4839330927, "tags": {"addr:city": "Bellingham", "addr:housenumber": "601", "addr:state": "WA", "addr:street": "West Holly Street", "check_date": "2026-05-12", "craft": "brewery", "name": "Structures Brewing", "product": "beer"}}, "geometry": {"type": "Point", "coordinates": [-122.4851164, 48.7533261]}}, {"type": "Feature", "properties": {"osm_type": "node", "osm_id": 4880385235, "tags": {"addr:unit": "2", "craft": "brewery", "craft:winery": "yes", "man_made": "works", "name": "Copper Kettle Wine & Beer", "opening_hours": "Mo-Fr 10:00-18:00; Sa 10:00-16:00; Su,PH off", "website": "http://www.copper-kettle.com"}}, "geometry": {"type": "Point", "coordinates": [-122.5030698, 49.0610083]}}, {"type": "Feature", "properties": {"osm_type": "node", "osm_id": 4882419724, "tags": {"addr:city": "Seattle", "addr:housenumber": "5041", "addr:postcode": "98118", "addr:state": "WA", "addr:street": "Rainier Avenue South", "addr:unit": "106", "amenity": "pub", "check_date": "2025-04-26", "contact:facebook": "flyinglionbrewing", "contact:instagram": "flyinglionbrewing", "contact:twitter": "flyinglionbeer", "craft": "brewery", "delivery": "no", "microbrewery": "yes", "name": "Flying Lion Brewing", "opening_hours": "Mo-Su 12:00-24:00", "outdoor_seating": "yes", "payment:cash": "yes", "payment:credit_cards": "yes", "payment:debit_cards": "yes", "phone": "+1-206-659-9912", "source": "King County GIS", "takeaway": "yes", "website": "https://flyinglionbrewing.com", "wheelchair": "yes"}}, "geometry": {"type": "Point", "coordinates": [-122.284337, 47.5560371]}}, {"type": "Feature", "properties": {"osm_type": "node", "osm_id": 4913808221, "tags": {"addr:city": "Nelson", "addr:housenumber": "460", "addr:postcode": "V1L 4H8", "addr:province": "BC", "addr:street": "Baker Street", "craft": "brewery", "name": "Backroads Brewery", "phone": "+1-778-463-3361", "website": "https://backroadsbrewing.com"}}, "geometry": {"type": "Point", "coordinates": [-117.2944981, 49.4916187]}}, {"type": "Feature", "properties": {"osm_type": "node", "osm_id": 5031236490, "tags": {"addr:city": "Bend", "addr:housenumber": "70", "addr:postcode": "97702", "addr:state": "OR", "addr:street": "Southwest Century Drive", "craft": "distillery", "name": "BackDrop Distilling", "phone": "+1-541-728-0860", "website": "https://backdropdistilling.com/"}}, "geometry": {"type": "Point", "coordinates": [-121.3301459, 44.0508205]}}, {"type": "Feature", "properties": {"osm_type": "node", "osm_id": 5045254764, "tags": {"addr:housenumber": "103", "addr:street": "South Main Street", "craft": "brewery", "description": "This is actually a taproom. Super family friendly.", "name": "Penn Cove Taproom", "phone": "+1-360-682-5747"}}, "geometry": {"type": "Point", "coordinates": [-122.685896, 48.2109786]}}, {"type": "Feature", "properties": {"osm_type": "node", "osm_id": 5064519900, "tags": {"addr:city": "Seattle", "addr:housenumber": "4001", "addr:postcode": "98199", "addr:street": "21st Avenue West", "addr:unit": "B", "amenity": "bar", "craft": "brewery", "name": "Figurehead Brewing Co.", "phone": "+1-206-492-7981", "website": "https://www.figureheadbrewingcompany.com/"}}, "geometry": {"type": "Point", "coordinates": [-122.383705, 47.6562238]}}, {"type": "Feature", "properties": {"osm_type": "node", "osm_id": 5146195512, "tags": {"addr:city": "Poulsbo", "addr:housenumber": "19168", "addr:postcode": "98370", "addr:state": "WA", "addr:street": "Jensen Way Northeast", "check_date": "2024-07-07", "craft": "brewery", "name": "Western Red Brewery", "phone": "+1-360-626-1280", "website": "https://www.westernredbrewing.com/"}}, "geometry": {"type": "Point", "coordinates": [-122.6466952, 47.7367447]}}, {"type": "Feature", "properties": {"osm_type": "node", "osm_id": 5183183789, "tags": {"craft": "brewery", "name": "Dick's Brewing Company"}}, "geometry": {"type": "Point", "coordinates": [-123.0013651, 46.7352063]}}, {"type": "Feature", "properties": {"osm_type": "node", "osm_id": 5211382541, "tags": {"addr:city": "Edmonds", "addr:housenumber": "190", "addr:postcode": "98020", "addr:state": "WA", "addr:street": "Sunset Avenue South", "addr:unit": "A", "check_date": "2023-10-20", "craft": "distillery", "distillery": "gin;vodka;whiskey", "name": "Scratch Distillery", "opening_hours": "Fr 16:00-18:00, Sa-Su 14:00-18:00", "phone": "+1 4256737046", "website": "https://scratchdistillery.com/"}}, "geometry": {"type": "Point", "coordinates": [-122.3846327, 47.81031]}}, {"type": "Feature", "properties": {"osm_type": "node", "osm_id": 5277839731, "tags": {"craft": "brewery", "name": "Xicha Brewing"}}, "geometry": {"type": "Point", "coordinates": [-123.0552106, 44.9464584]}}, {"type": "Feature", "properties": {"osm_type": "node", "osm_id": 5311288360, "tags": {"addr:city": "Portland", "addr:housenumber": "2705", "addr:postcode": "97214", "addr:state": "OR", "addr:street": "Southeast Ankeny Street", "craft": "brewery", "name": "Coalition Brewing", "phone": "+1 503 894 8080", "product": "beer", "website": "https://www.coalitionbrewing.com/"}}, "geometry": {"type": "Point", "coordinates": [-122.6383365, 45.5223689]}}, {"type": "Feature", "properties": {"osm_type": "node", "osm_id": 5452407526, "tags": {"addr:city": "Bellingham", "addr:housenumber": "104", "addr:postcode": "98225", "addr:state": "WA", "addr:street": "East Maple Street", "addr:unit": "101", "craft": "brewery", "description": "Age 21+ only. External food okay, food truck on site.", "name": "Gruff Brewing", "opening_hours": "Mo-Th 15:00-23:00; Fr-Su 11:00-23:00", "product": "beer", "website": "https://www.gruff-brewing.com/"}}, "geometry": {"type": "Point", "coordinates": [-122.4820921, 48.7473053]}}, {"type": "Feature", "properties": {"osm_type": "node", "osm_id": 5503834637, "tags": {"addr:city": "Bremerton", "addr:housenumber": "941", "addr:postcode": "98312", "addr:state": "WA", "addr:street": "North Callow Avenue", "craft": "brewery", "level": "0", "name": "Ridgeline Brewing", "opening_hours": "Mo-Sa 12:00-21:00; Su 12:00-19:00", "phone": "+1-360-932-3156", "website": "https://www.ridgelinebrewing.com/"}}, "geometry": {"type": "Point", "coordinates": [-122.6537276, 47.570651]}}, {"type": "Feature", "properties": {"osm_type": "node", "osm_id": 5740363728, "tags": {"craft": "brewery", "name": "Settlement Brewing", "product": "beer", "shop": "alcohol", "website": "https://www.settlementbuilding.com/settlementbrewing"}}, "geometry": {"type": "Point", "coordinates": [-123.0954293, 49.2842147]}}, {"type": "Feature", "properties": {"osm_type": "node", "osm_id": 5748442706, "tags": {"craft": "brewery", "name": "Dageraad Brewing", "product": "beer", "website": "https://dageraadbrewing.com/"}}, "geometry": {"type": "Point", "coordinates": [-122.9221527, 49.2559693]}}, {"type": "Feature", "properties": {"osm_type": "node", "osm_id": 5748454693, "tags": {"alt_name": "Steel and Oak Brewing", "check_date": "2025-04-16", "craft": "brewery", "email": "cheers@steelandoak.ca", "name": "Steel & Oak Brewing", "product": "beer", "website": "https://steelandoak.ca/"}}, "geometry": {"type": "Point", "coordinates": [-122.9273084, 49.2021344]}}, {"type": "Feature", "properties": {"osm_type": "node", "osm_id": 5782926767, "tags": {"addr:city": "Tacoma", "addr:housenumber": "2101", "addr:postcode": "98402", "addr:state": "WA", "addr:street": "Jefferson Avenue", "amenity": "bar", "craft": "brewery", "microbrewery": "yes", "name": "7 Seas Brewing", "website": "https://www.7seasbrewing.com/", "wheelchair": "yes"}}, "geometry": {"type": "Point", "coordinates": [-122.4389955, 47.2425697]}}, {"type": "Feature", "properties": {"osm_type": "node", "osm_id": 5785265970, "tags": {"craft": "brewery", "name": "Paradise Creek Brewery"}}, "geometry": {"type": "Point", "coordinates": [-117.1699471, 46.7257445]}}, {"type": "Feature", "properties": {"osm_type": "node", "osm_id": 5788129719, "tags": {"craft": "brewery", "name": "Matchless Brewing", "product": "beer"}}, "geometry": {"type": "Point", "coordinates": [-122.8850065, 46.9708337]}}, {"type": "Feature", "properties": {"osm_type": "node", "osm_id": 5788129720, "tags": {"craft": "brewery", "name": "Triceratops Brewing Company", "operator": "Triceratops Brewing Company", "product": "beer"}}, "geometry": {"type": "Point", "coordinates": [-122.8847395, 46.9706215]}}, {"type": "Feature", "properties": {"osm_type": "node", "osm_id": 5788129721, "tags": {"addr:city": "Tumwater", "addr:door": "Suite 303", "addr:housenumber": "8024", "addr:postcode": "98501", "addr:state": "WA", "addr:street": "River Drive Southeast", "check_date": "2023-09-15", "craft": "brewery", "name": "Chapman Cider Co", "opening_hours": "Fr-Sa 04:00-10:00", "operator": "Tart Cider, LLC", "phone": "+1-360-539-7216", "website": "https://chapmancider.com", "wheelchair": "yes"}}, "geometry": {"type": "Point", "coordinates": [-122.8856385, 46.9711099]}}, {"type": "Feature", "properties": {"osm_type": "node", "osm_id": 5797833148, "tags": {"craft": "brewery", "name": "Old Yale Brewing", "phone": "+1-604-392-2011", "product": "beer", "website": "https://www.oldyalebrewing.com/"}}, "geometry": {"type": "Point", "coordinates": [-121.9917126, 49.1180047]}}, {"type": "Feature", "properties": {"osm_type": "node", "osm_id": 5799877591, "tags": {"craft": "brewery", "name": "Angry Otter Brewery"}}, "geometry": {"type": "Point", "coordinates": [-123.1025963, 49.3233118]}}, {"type": "Feature", "properties": {"osm_type": "node", "osm_id": 5808306969, "tags": {"check_date": "2023-06-23", "craft": "brewery", "name": "Brewhall", "product": "beer"}}, "geometry": {"type": "Point", "coordinates": [-123.1032687, 49.26944]}}, {"type": "Feature", "properties": {"osm_type": "node", "osm_id": 5826068944, "tags": {"craft": "brewery", "name": "Black Kettle Brewing", "phone": "+1-604-537-8959", "product": "beer", "website": "https://www.blackkettlebrewing.com/"}}, "geometry": {"type": "Point", "coordinates": [-123.0927659, 49.3170744]}}, {"type": "Feature", "properties": {"osm_type": "node", "osm_id": 5826068945, "tags": {"addr:city": "North Vancouver", "addr:housenumber": "1448", "addr:postcode": "V7J 1H2", "addr:street": "Charlotte Street", "craft": "brewery", "name": "Bridge Brewing Company", "phone": "+1-604-770-2739", "product": "beer"}}, "geometry": {"type": "Point", "coordinates": [-123.0339286, 49.3100732]}}, {"type": "Feature", "properties": {"osm_type": "node", "osm_id": 5840813777, "tags": {"addr:city": "White Salmon", "addr:housenumber": "177", "addr:postcode": "98672", "addr:state": "WA", "addr:street": "East Jewett Boulevard", "craft": "brewery", "name": "Everybody's Brewing", "phone": "+1-509-637-2774", "product": "beer", "website": "https://everybodysbrewing.com/"}}, "geometry": {"type": "Point", "coordinates": [-121.485299, 45.7272997]}}, {"type": "Feature", "properties": {"osm_type": "node", "osm_id": 5859618095, "tags": {"craft": "brewery", "email": "info@marinerbrewing.ca", "name": "Mariner Brewing", "phone": "+1-604-467-4160", "product": "beer", "website": "https://www.marinerbrewing.ca"}}, "geometry": {"type": "Point", "coordinates": [-122.8097427, 49.2773001]}}, {"type": "Feature", "properties": {"osm_type": "node", "osm_id": 5879387279, "tags": {"check_date": "2025-11-01", "craft": "brewery", "email": "spinnakers@spinnakers.com", "fixme": "Location approximate. Needs survey to determine where the brewery is located within the building.", "name": "Spinnakers", "phone": "+1-250-386-2739", "product": "beer", "website": "https://www.spinnakers.com/"}}, "geometry": {"type": "Point", "coordinates": [-123.3852088, 48.4291158]}}, {"type": "Feature", "properties": {"osm_type": "node", "osm_id": 5922803691, "tags": {"craft": "distillery", "name": "Heritage Distilling Co."}}, "geometry": {"type": "Point", "coordinates": [-120.993498, 47.2233828]}}, {"type": "Feature", "properties": {"osm_type": "node", "osm_id": 5938277185, "tags": {"addr:housenumber": "2101", "addr:street": "South C Street", "amenity": "pub", "craft": "brewery", "name": "Incline Cider Company & Taproom"}}, "geometry": {"type": "Point", "coordinates": [-122.4374523, 47.2424321]}}, {"type": "Feature", "properties": {"osm_type": "node", "osm_id": 5995008921, "tags": {"addr:city": "Spokane", "addr:housenumber": "4502", "addr:postcode": "99217", "addr:state": "WA", "addr:street": "East Buckeye Avenue", "craft": "brewery", "name": "Square Wheel Brewing", "phone": "+1-509-994-2600", "website": "http://www.squarewheelbrewing.com"}}, "geometry": {"type": "Point", "coordinates": [-117.3433548, 47.6822302]}}, {"type": "Feature", "properties": {"osm_type": "node", "osm_id": 6089184897, "tags": {"addr:city": "Portland", "addr:housenumber": "1570", "addr:postcode": "97210", "addr:state": "OR", "addr:street": "Northwest 22nd Avenue", "craft": "brewery", "name": "Breakside Brewery", "phone": "+1-503-444-7597", "website": "https://breakside.com"}}, "geometry": {"type": "Point", "coordinates": [-122.6965163, 45.5339814]}}, {"type": "Feature", "properties": {"osm_type": "node", "osm_id": 6136188000, "tags": {"addr:city": "Vancouver", "addr:housenumber": "1575", "addr:postcode": "V6A 3P8", "addr:street": "Vernon Drive", "alt_name": "Factory Brewing", "craft": "brewery", "email": "info@craftcollective.beer", "name": "Craft Collective Beerworks", "phone": "+1-604-322-8679", "product": "beer", "website": "https://craftcollective.beer"}}, "geometry": {"type": "Point", "coordinates": [-123.0792301, 49.2702461]}}, {"type": "Feature", "properties": {"osm_type": "node", "osm_id": 6171523836, "tags": {"addr:city": "Hood River", "addr:housenumber": "403", "addr:postcode": "97031", "addr:state": "OR", "addr:street": "Portway Avenue", "check_date": "2023-10-01", "craft": "brewery", "name": "Ferment Brewing Company", "outdoor_seating": "yes", "phone": "+1-541-436-3499", "product": "beer"}}, "geometry": {"type": "Point", "coordinates": [-121.5142306, 45.7146272]}}, {"type": "Feature", "properties": {"osm_type": "node", "osm_id": 6204260287, "tags": {"addr:city": "Snohomish", "addr:housenumber": "1208", "addr:postcode": "98290", "addr:state": "WA", "addr:street": "10th Street", "addr:unit": "C", "brand:facebook": "BarleyPOPBrewing", "check_date:currency:XBT": "2026-03-14", "contact:email": "barleypopbrewing@gmail.com", "contact:instagram": "barleypopbrewing", "craft": "brewery", "currency:XBT": "yes", "microbrewery": "yes", "name": "Barley POP! Brewing", "opening_hours": "Mo 16:00-20:00; Fr 15:00-21:00; Sa 13:00-21:00; Su 13:00-19:00", "payment:lightning": "yes", "payment:lightning:operator": "square", "payment:lightning_contactless": "no", "payment:onchain": "no", "phone": "+1-360-862-0695", "product": "beer", "website": "https://www.barleypopbeer.com"}}, "geometry": {"type": "Point", "coordinates": [-122.0967319, 47.9244355]}}, {"type": "Feature", "properties": {"osm_type": "node", "osm_id": 6217786710, "tags": {"addr:housenumber": "15181", "addr:street": "Thrift Avenue", "addr:unit": "107", "amenity": "pub", "craft": "brewery", "microbrewery": "yes", "name": "3 Dogs Brewing", "opening_hours": "Mo-We 15:-00-21:00; Th-Sa 12:00-23:00; Su 12:00-18:00", "product": "beer", "shop": "alcohol", "website": "https://3dogsbrewing.com"}}, "geometry": {"type": "Point", "coordinates": [-122.8022629, 49.0283676]}}, {"type": "Feature", "properties": {"osm_type": "node", "osm_id": 6219907128, "tags": {"addr:city": "Vancouver", "addr:province": "BC", "craft": "brewery", "name": "Granville Island Brewery", "product": "beer", "website": "http://gib.ca"}}, "geometry": {"type": "Point", "coordinates": [-123.1357526, 49.2706171]}}, {"type": "Feature", "properties": {"osm_type": "node", "osm_id": 6219936942, "tags": {"check_date": "2024-06-01", "craft": "distillery", "name": "Chambers Bay Distillery"}}, "geometry": {"type": "Point", "coordinates": [-122.5294126, 47.2413047]}}, {"type": "Feature", "properties": {"osm_type": "node", "osm_id": 6235154001, "tags": {"addr:housenumber": "2582", "addr:street": "Mount Lehman Road", "addr:unit": "140", "amenity": "bar", "craft": "brewery", "email": "loudmouthbrewing@gmail.com", "name": "Loudmouth Brewing", "opening_hours": "We 15:00-18:00; Th 16:00-20:00; Fr 16:00-21:00; Sa 12:00-21:00; Su 12:00-20:00", "outdoor_seating": "no", "phone": "+1-604-746-4909", "product": "beer", "shop": "alcohol", "website": "https://loudmouthbrewingcompany.ca/"}}, "geometry": {"type": "Point", "coordinates": [-122.3807688, 49.0491957]}}, {"type": "Feature", "properties": {"osm_type": "node", "osm_id": 6309388630, "tags": {"addr:city": "Portland", "addr:housenumber": "801", "addr:postcode": "97214", "addr:state": "OR", "addr:street": "Southeast Hawthorne Boulevard", "craft": "distillery", "name": "CF&I", "website": "https://www.cfandi.com/"}}, "geometry": {"type": "Point", "coordinates": [-122.6575868, 45.5123539]}}, {"type": "Feature", "properties": {"osm_type": "node", "osm_id": 6329596486, "tags": {"addr:city": "Boise", "addr:housenumber": "521", "addr:postcode": "83702", "addr:state": "ID", "addr:street": "West Broad Street", "craft": "brewery", "name": "Boise Brewing"}}, "geometry": {"type": "Point", "coordinates": [-116.203086, 43.611843]}}, {"type": "Feature", "properties": {"osm_type": "node", "osm_id": 6334439486, "tags": {"addr:city": "Seattle", "addr:housenumber": "800", "addr:postcode": "98107", "addr:state": "WA", "addr:street": "Northwest 46th Street", "craft": "brewery", "name": "Reuben's Brews Production Brewery", "operator": "Rubens Brews", "website": "https://reubensbrews.com"}}, "geometry": {"type": "Point", "coordinates": [-122.3664585, 47.6623445]}}, {"type": "Feature", "properties": {"osm_type": "node", "osm_id": 6346190749, "tags": {"addr:city": "Morton", "addr:housenumber": "180", "addr:postcode": "98356", "addr:state": "WA", "addr:street": "2nd Street", "craft": "brewery", "name": "Timber Patch Brewing & Taproom"}}, "geometry": {"type": "Point", "coordinates": [-122.2756921, 46.5562865]}}, {"type": "Feature", "properties": {"osm_type": "node", "osm_id": 6418787216, "tags": {"addr:housenumber": "15181", "addr:postcode": "V4B 2P4", "addr:street": "Russell Street", "craft": "brewery", "name": "White Rock Beach Beer Brewery", "product": "beer"}}, "geometry": {"type": "Point", "coordinates": [-122.8019661, 49.0294431]}}, {"type": "Feature", "properties": {"osm_type": "node", "osm_id": 6433549676, "tags": {"amenity": "pub", "craft": "brewery", "description": "Craft beer and visiting food trucks.", "internet_access": "wlan", "internet_access:fee": "customers", "microbrewery": "yes", "name": "Menace Brewing", "opening_hours": "Mo-Su 12:00-22:00", "outdoor_seating": "yes", "toilets": "yes", "website": "https://www.menacebrewing.com/"}}, "geometry": {"type": "Point", "coordinates": [-122.4864132, 48.7642567]}}, {"type": "Feature", "properties": {"osm_type": "node", "osm_id": 6450864166, "tags": {"amenity": "pub", "craft": "brewery", "name": "Wet Coast Brewing Company"}}, "geometry": {"type": "Point", "coordinates": [-122.5875915, 47.3211871]}}, {"type": "Feature", "properties": {"osm_type": "node", "osm_id": 6506627378, "tags": {"addr:housenumber": "1315", "addr:street": "South Hemlock Street", "alcohol": "spirits", "craft": "distillery", "distillery": "spirits", "name": "Cannon Beach Distillery", "shop": "alcohol", "website": "https://www.cannonbeachdistillery.com/"}}, "geometry": {"type": "Point", "coordinates": [-123.9618388, 45.8886909]}}, {"type": "Feature", "properties": {"osm_type": "node", "osm_id": 6536286771, "tags": {"craft": "brewery", "name": "Dockside Brewing", "product": "beer", "website": "https://docksidevancouver.com/about/#docksidebrewing"}}, "geometry": {"type": "Point", "coordinates": [-123.1313182, 49.2695189]}}, {"type": "Feature", "properties": {"osm_type": "node", "osm_id": 6559017500, "tags": {"addr:city": "Hoodsport", "addr:housenumber": "24180", "addr:postcode": "98548", "addr:state": "WA", "addr:street": "US 101", "contact:facebook": "https://www.facebook.com/p/Potlatch-Brewing-Co-100069655360272/", "craft": "brewery", "name": "Potlatch Brewing Company", "opening_hours": "Th-Su 12:00-21:00", "phone": "+1-360-877-2391", "website": "https://potlatchbrewing.com/"}}, "geometry": {"type": "Point", "coordinates": [-123.141071, 47.4049726]}}, {"type": "Feature", "properties": {"osm_type": "node", "osm_id": 6578916338, "tags": {"addr:city": "Tualatin", "addr:housenumber": "20585", "addr:postcode": "97062", "addr:state": "OR", "addr:street": "Southwest 115th Avenue", "craft": "brewery", "name": "Ancestry Brewing", "opening_hours": "Su,Tu 11:30-20:00; We-Sa 11:30-21:00", "phone": "+1-503-454-0821", "website": "https://www.ancestrybrewing.com/"}}, "geometry": {"type": "Point", "coordinates": [-122.797257, 45.3709824]}}, {"type": "Feature", "properties": {"osm_type": "node", "osm_id": 6578930119, "tags": {"craft": "brewery", "name": "Four Winds", "phone": "+1-604-940-9949", "product": "beer", "website": "https://fourwindsbrewing.ca/"}}, "geometry": {"type": "Point", "coordinates": [-123.0272446, 49.1361694]}}, {"type": "Feature", "properties": {"osm_type": "node", "osm_id": 6578941737, "tags": {"craft": "brewery", "name": "Russell Brewing", "phone": "+1-604-599-1190", "product": "beer", "website": "https://russellbeer.com"}}, "geometry": {"type": "Point", "coordinates": [-122.8619806, 49.1477715]}}, {"type": "Feature", "properties": {"osm_type": "node", "osm_id": 6578946083, "tags": {"addr:housenumber": "12500", "addr:street": "Horseshoe Way", "addr:unit": "110", "craft": "brewery", "description": "Real opening hours are different from the one posted on the sign outside. If gate is locked, call the brewery.", "name": "Britannia Brewing", "opening_hours": "Mo-Sa 11:00-17:00", "phone": "+1-604-273-9379", "product": "beer", "shop": "alcohol", "website": "https://bbco.ca/"}}, "geometry": {"type": "Point", "coordinates": [-123.0953064, 49.1233597]}}, {"type": "Feature", "properties": {"osm_type": "node", "osm_id": 6578999593, "tags": {"addr:housenumber": "20120", "addr:street": "64 Avenue", "addr:unit": "107", "amenity": "bar", "craft": "brewery", "name": "Trading Post Brewery and Tasting Room", "opening_hours": "Mo,Tu,Su 12:00-21:00; We 12:00-22:00; Th-Sa 12:00-23:00", "outdoor_seating": "yes", "phone": "+1-604-343-2337", "product": "beer", "shop": "alcohol", "website": "https://tradingpostbrewing.com/locations/brewery-and-tasting-room/"}}, "geometry": {"type": "Point", "coordinates": [-122.6651089, 49.1185688]}}, {"type": "Feature", "properties": {"osm_type": "node", "osm_id": 6579131024, "tags": {"addr:housenumber": "6263", "addr:street": "202 Street", "addr:unit": "1", "amenity": "bar", "craft": "brewery", "name": "Five Roads Brewing", "opening_hours": "Mo-We,Su 12:00-21:00; Th-Sa 12:00-23:00", "phone": "+1-604-539-6754", "product": "beer", "shop": "alcohol", "website": "https://www.fiveroadsbrewing.com"}}, "geometry": {"type": "Point", "coordinates": [-122.6634679, 49.1162645]}}, {"type": "Feature", "properties": {"osm_type": "node", "osm_id": 6583209093, "tags": {"addr:city": "Langley", "addr:housenumber": "8860", "addr:street": "201 Street", "addr:unit": "105", "check_date": "2026-05-02", "craft": "brewery", "name": "Dead Frog Brewery", "opening_hours": "Mo-Fr 09:00-18:00; Sa 09:00-17:00", "phone": "+1-604-856-1055", "product": "beer"}}, "geometry": {"type": "Point", "coordinates": [-122.6665164, 49.1629869]}}, {"type": "Feature", "properties": {"osm_type": "node", "osm_id": 6644902712, "tags": {"addr:city": "Yakima", "addr:state": "WA", "addr:street": "South 2nd Street", "craft": "brewery", "name": "Reddefer Brewing Company"}}, "geometry": {"type": "Point", "coordinates": [-120.5049332, 46.6028381]}}, {"type": "Feature", "properties": {"osm_type": "node", "osm_id": 6654011926, "tags": {"craft": "brewery", "name": "Streetcar Brewing", "product": "beer"}}, "geometry": {"type": "Point", "coordinates": [-123.0779453, 49.3112868]}}, {"type": "Feature", "properties": {"osm_type": "node", "osm_id": 6682413885, "tags": {"addr:door": "180", "amenity": "bar", "brewery": "yes", "check_date": "2025-11-16", "craft": "brewery", "name": "Big Block Brewing", "opening_hours": "Mo-Sa 11:00-21:00; Su 11:00-20:00", "payment:cash": "yes", "payment:credit_cards": "yes", "payment:debit_cards": "yes"}}, "geometry": {"type": "Point", "coordinates": [-122.0103853, 47.3260643]}}, {"type": "Feature", "properties": {"osm_type": "node", "osm_id": 6702277131, "tags": {"craft": "brewery", "name": "Oblivion"}}, "geometry": {"type": "Point", "coordinates": [-121.293462, 44.0887447]}}, {"type": "Feature", "properties": {"osm_type": "node", "osm_id": 6880447819, "tags": {"check_date:currency:XBT": "2026-01-20", "craft": "brewery", "currency:XBT": "yes", "email": "info@brave.beer", "name": "Brave Brewing Co", "opening_hours": "Su-We 12:00-21:00; Th 12:00-22:00; Fr-Sa 12:00-23:00", "outdoor_seating": "yes", "payment:cash": "yes", "payment:coinos": "yes", "payment:lightning": "yes", "payment:onchain": "yes", "phone": "+1-604-492-4905", "product": "beer", "shop": "alcohol", "website": "https://www.brave.beer/"}}, "geometry": {"type": "Point", "coordinates": [-122.853255, 49.2786444]}}, {"type": "Feature", "properties": {"osm_type": "node", "osm_id": 6925729727, "tags": {"addr:city": "Snoqualmie", "addr:housenumber": "35214", "addr:postcode": "98065", "addr:state": "WA", "addr:street": "Southeast Center Street", "addr:unit": "2", "amenity": "pub", "craft": "brewery", "name": "No Boat Brewing Company", "website": "http://noboatbrewing.com"}}, "geometry": {"type": "Point", "coordinates": [-121.870972, 47.5284291]}}, {"type": "Feature", "properties": {"osm_type": "node", "osm_id": 6940177156, "tags": {"craft": "brewery", "name": "Northpaw Brewing", "product": "beer"}}, "geometry": {"type": "Point", "coordinates": [-122.7333803, 49.2530764]}}, {"type": "Feature", "properties": {"osm_type": "node", "osm_id": 6940277523, "tags": {"addr:city": "Port Coquitlam", "addr:housenumber": "550", "addr:postcode": "V3B 0J6", "addr:province": "BC", "addr:street": "Sherling Place", "addr:unit": "#2140,", "check_date": "2026-02-15", "craft": "brewery", "name": "Tinhouse Brewing", "product": "beer"}}, "geometry": {"type": "Point", "coordinates": [-122.732836, 49.2512377]}}, {"type": "Feature", "properties": {"osm_type": "node", "osm_id": 6961323681, "tags": {"craft": "brewery", "name": "Slow Hand Brewery", "product": "beer"}}, "geometry": {"type": "Point", "coordinates": [-123.067224, 49.284184]}}, {"type": "Feature", "properties": {"osm_type": "node", "osm_id": 7042488885, "tags": {"addr:city": "Woodinville", "addr:housenumber": "15029", "addr:postcode": "98072", "addr:state": "WA", "addr:street": "Woodinville Redmond Road Northeast", "addr:unit": "Suite 400", "amenity": "bar", "contact:opentable": "https://opentable.com/restaurant/profile/1260400", "contact:yelp": "https://yelp.com/biz/northwest-spirits-woodinville", "craft": "distillery", "name": "Northwest Spirits", "opening_hours": "We-Th 16:00-21:00; Fr-Sa 14:00-21:00; Su 14:00-19:00", "opening_hours:happy_hour": "We-Sa 18:00-21:00; Su 14:00-19:00", "phone": "+1-425-403-2320", "start_date": "2022-07-22", "website": "https://northwestspirits.com", "website:menu": "https://northwestspirits.com/menu"}}, "geometry": {"type": "Point", "coordinates": [-122.156086, 47.7372174]}}, {"type": "Feature", "properties": {"osm_type": "node", "osm_id": 7057382093, "tags": {"addr:housenumber": "19664", "addr:street": "64 Avenue", "addr:unit": "110", "amenity": "pub", "craft": "brewery", "microbrewery": "yes", "name": "Camp Beer", "product": "beer", "shop": "alcohol", "website": "https://www.campbeer.ca/"}}, "geometry": {"type": "Point", "coordinates": [-122.6782521, 49.118581]}}, {"type": "Feature", "properties": {"osm_type": "node", "osm_id": 7057393169, "tags": {"addr:city": "Langley", "addr:country": "CA", "addr:housenumber": "20555", "addr:postcode": "V3A 3Y9", "addr:province": "BC", "addr:street": "56 Avenue", "addr:unit": "5", "craft": "brewery", "name": "Farm Country Brewing", "product": "beer"}}, "geometry": {"type": "Point", "coordinates": [-122.6519674, 49.1050692]}}, {"type": "Feature", "properties": {"osm_type": "node", "osm_id": 7059002958, "tags": {"craft": "brewery", "name": "Maple Meadows Brewing", "product": "beer"}}, "geometry": {"type": "Point", "coordinates": [-122.5911747, 49.2208497]}}, {"type": "Feature", "properties": {"osm_type": "node", "osm_id": 7059002959, "tags": {"craft": "brewery", "name": "Ridge Brewing", "product": "beer"}}, "geometry": {"type": "Point", "coordinates": [-122.5894795, 49.219972]}}, {"type": "Feature", "properties": {"osm_type": "node", "osm_id": 7141800595, "tags": {"addr:city": "Everett", "addr:housenumber": "3101", "addr:postcode": "98204", "addr:state": "WA", "addr:street": "111th Street Southwest", "addr:unit": "Suite B", "amenity": "bar", "craft": "distillery", "distillery": "whisky", "min_age": "21", "name": "James Bay Distillers, Ltd.", "opening_hours": "Tu-Sa 12:00-17:00"}}, "geometry": {"type": "Point", "coordinates": [-122.2745241, 47.8974625]}}, {"type": "Feature", "properties": {"osm_type": "node", "osm_id": 7178266048, "tags": {"craft": "brewery", "name": "Crush"}}, "geometry": {"type": "Point", "coordinates": [-121.5226189, 45.7116584]}}, {"type": "Feature", "properties": {"osm_type": "node", "osm_id": 7243274026, "tags": {"addr:city": "Olympia", "addr:housenumber": "232", "addr:postcode": "98502", "addr:state": "WA", "addr:street": "Division Street Northwest", "craft": "brewery", "name": "Headless Mumby Brewing", "opening_hours": "Tu-Fr 15:30-21:00, Sa 11:00-21:00", "product": "beer", "source": "esri_USDOT_ThurstonWA", "website": "https://www.headlessmumbybrewing.com/"}}, "geometry": {"type": "Point", "coordinates": [-122.9255118, 47.0468231]}}, {"type": "Feature", "properties": {"osm_type": "node", "osm_id": 7293370127, "tags": {"craft": "brewery", "name": "Longwood Brewery", "product": "beer"}}, "geometry": {"type": "Point", "coordinates": [-123.9938252, 49.1868034]}}, {"type": "Feature", "properties": {"osm_type": "node", "osm_id": 7293460151, "tags": {"craft": "brewery", "name": "Wolf Brewery", "product": "beer"}}, "geometry": {"type": "Point", "coordinates": [-123.931402, 49.1418958]}}, {"type": "Feature", "properties": {"osm_type": "node", "osm_id": 7295886029, "tags": {"craft": "brewery", "name": "Mount Arrowsmith Brewery", "product": "beer"}}, "geometry": {"type": "Point", "coordinates": [-124.2988515, 49.3161074]}}, {"type": "Feature", "properties": {"osm_type": "node", "osm_id": 7297633317, "tags": {"craft": "brewery", "name": "Small Block Brewery", "product": "beer"}}, "geometry": {"type": "Point", "coordinates": [-123.6924473, 48.7645706]}}, {"type": "Feature", "properties": {"osm_type": "node", "osm_id": 7403621775, "tags": {"addr:housenumber": "2323", "addr:postcode": "V9B 3R4", "addr:street": "Millstream Road", "craft": "brewery", "name": "V2V Black Hops Brewing"}}, "geometry": {"type": "Point", "coordinates": [-123.5001782, 48.4647274]}}, {"type": "Feature", "properties": {"osm_type": "node", "osm_id": 7555126792, "tags": {"addr:city": "Renton", "addr:housenumber": "4710", "addr:postcode": "98059", "addr:state": "WA", "addr:street": "Northeast 4th Street", "addr:unit": "C105", "check_date": "2025-03-28", "craft": "brewery", "email": "fns@bickersonsbrewhouse.com", "name": "Bickersons Brewhouse", "phone": "+1-425-282-4183", "product": "beer", "website": "https://www.bickersonsbrewhouse.com/"}}, "geometry": {"type": "Point", "coordinates": [-122.155428, 47.4887231]}}, {"type": "Feature", "properties": {"osm_type": "node", "osm_id": 7624213244, "tags": {"craft": "distillery", "name": "Dry Fly Distillery"}}, "geometry": {"type": "Point", "coordinates": [-117.3941875, 47.6630098]}}, {"type": "Feature", "properties": {"osm_type": "node", "osm_id": 7624213245, "tags": {"addr:city": "Spokane", "addr:housenumber": "1003", "addr:postcode": "99202", "addr:state": "WA", "addr:street": "East Trent Avenue", "addr:unit": "170", "amenity": "pub", "craft": "brewery", "name": "No-Li Brewhouse", "opening_hours": "Su-We 12:00-21:00; Th-Sa 12:00-22:00", "outdoor_seating": "yes", "phone": "+1-509-242-2739", "product": "beer;food", "website": "https://www.nolibrewhouse.com", "wikidata": "Q18151793"}}, "geometry": {"type": "Point", "coordinates": [-117.394317, 47.6628311]}}, {"type": "Feature", "properties": {"osm_type": "node", "osm_id": 7634107187, "tags": {"addr:city": "Spokane", "addr:housenumber": "25", "addr:state": "WA", "addr:street": "East 3rd Avenue", "amenity": "pub", "craft": "brewery", "email": "hello@lumberbeardbrewing.com", "microbrewery": "yes", "name": "Lumberbeard Brewing", "opening_hours": "Mo-Th 15:00-21:00; Fr,Sa 13:00-22:00; Su 13:00-18:00", "phone": "+1-509-381-5142", "website": "https://lumberbeardbrewing.com/"}}, "geometry": {"type": "Point", "coordinates": [-117.4100706, 47.6536673]}}, {"type": "Feature", "properties": {"osm_type": "node", "osm_id": 7684311780, "tags": {"addr:city": "Bend", "addr:housenumber": "1177", "addr:postcode": "97702", "addr:state": "OR", "addr:street": "Southeast 9th Street", "contact:twitter": "@spidercitybrew", "craft": "brewery", "name": "Spider City Brewing", "website": "https://spidercitybrewing.com"}}, "geometry": {"type": "Point", "coordinates": [-121.2883645, 44.0372476]}}, {"type": "Feature", "properties": {"osm_type": "node", "osm_id": 7821788423, "tags": {"craft": "brewery"}}, "geometry": {"type": "Point", "coordinates": [-123.4335777, 48.4523342]}}, {"type": "Feature", "properties": {"osm_type": "node", "osm_id": 8008658894, "tags": {"addr:housenumber": "1000", "addr:street": "Town Center", "addr:unit": "Suite 160", "craft": "brewery", "description": "Craft micro pub with beers brewed on site.", "name": "North 47 Brewing Co.", "opening_hours": "Mo 15:00-22:00; Tu 15:00-22:00; We 15:00-22:00; Th 15:00-22:00; Fr 15:00-23:00; Sa 14:00-23:00; Su 13:00-20:00", "phone": "+1-253-517-9865", "website": "https://www.north47brewery.com/"}}, "geometry": {"type": "Point", "coordinates": [-122.4353263, 47.3009595]}}, {"type": "Feature", "properties": {"osm_type": "node", "osm_id": 8343069616, "tags": {"addr:city": "Garden City", "addr:housenumber": "114", "addr:postcode": "83714", "addr:state": "ID", "addr:street": "East 32nd Street", "craft": "brewery", "name": "Barbarian Brewing Garden City Taproom"}}, "geometry": {"type": "Point", "coordinates": [-116.2362901, 43.6223174]}}, {"type": "Feature", "properties": {"osm_type": "node", "osm_id": 8343076452, "tags": {"addr:city": "Garden City", "addr:housenumber": "9165", "addr:postcode": "83714", "addr:state": "ID", "addr:street": "West Chinden Boulevard", "addr:unit": "107", "craft": "brewery", "name": "Brown Beard Brewing", "website": "https://brownbeards.com/"}}, "geometry": {"type": "Point", "coordinates": [-116.2971386, 43.6548915]}}, {"type": "Feature", "properties": {"osm_type": "node", "osm_id": 8505175645, "tags": {"addr:city": "Wallace", "addr:housenumber": "610", "addr:postcode": "83873", "addr:state": "ID", "addr:street": "Bank Street", "craft": "brewery", "name": "Wallace Brewing", "phone": "+1-208-556-5600", "website": "https://wallacebrewing.com/"}}, "geometry": {"type": "Point", "coordinates": [-115.9231826, 47.4714916]}}, {"type": "Feature", "properties": {"osm_type": "node", "osm_id": 8660607846, "tags": {"craft": "brewery", "name": "Mount Hood Brewing Company"}}, "geometry": {"type": "Point", "coordinates": [-121.7662083, 45.3030443]}}, {"type": "Feature", "properties": {"osm_type": "node", "osm_id": 8772788607, "tags": {"craft": "brewery", "name": "Matchwood"}}, "geometry": {"type": "Point", "coordinates": [-116.5545985, 48.2747308]}}, {"type": "Feature", "properties": {"osm_type": "node", "osm_id": 8772788609, "tags": {"addr:housenumber": "214", "addr:postcode": "83864", "addr:street": "Pine Street", "check_date": "2026-03-16", "check_date:opening_hours": "2026-03-16", "craft": "brewery", "internet_access": "wlan", "name": "Utara", "opening_hours": "Tu-Sa 15:00-20:00", "phone": "+12086275070", "website": "http://utaraidaho.com"}}, "geometry": {"type": "Point", "coordinates": [-116.5493894, 48.2732687]}}, {"type": "Feature", "properties": {"osm_type": "node", "osm_id": 8772788610, "tags": {"addr:city": "Sandpoint", "addr:housenumber": "220", "addr:postcode": "83864", "addr:state": "ID", "addr:street": "Cedar Street", "craft": "brewery", "name": "MickDuff's - Beer Hall", "opening_hours": "Mo-Th 15:00-21:00; Fr-Sa 11:00-23:00; Su 11:00-21:00", "phone": "+1-208-209-6700", "website": "https://www.mickduffs.com/"}}, "geometry": {"type": "Point", "coordinates": [-116.5498989, 48.2763035]}}, {"type": "Feature", "properties": {"osm_type": "node", "osm_id": 8772788611, "tags": {"addr:city": "Sandpoint", "addr:housenumber": "419", "addr:postcode": "83864", "addr:state": "ID", "addr:street": "North 2nd Avenue", "amenity": "pub", "craft": "brewery", "name": "MickDuff's - Brewery and Restaurant", "opening_hours": "Su-Sa 11:00-21:00", "phone": "+1-208-255-4351", "website": "https://www.mickduffs.com/"}}, "geometry": {"type": "Point", "coordinates": [-116.5490695, 48.2769205]}}, {"type": "Feature", "properties": {"osm_type": "node", "osm_id": 9055068515, "tags": {"craft": "brewery", "name": "Gilgamesh"}}, "geometry": {"type": "Point", "coordinates": [-123.0526011, 44.9498395]}}, {"type": "Feature", "properties": {"osm_type": "node", "osm_id": 9063215001, "tags": {"addr:city": "Woodinville", "addr:housenumber": "15902", "addr:postcode": "98072-4572", "addr:state": "WA", "addr:street": "Woodinville Redmond Road Northeast", "alt_name": "Black Raven Tap Room", "amenity": "pub", "branch": "Woodinville", "brewery": "various", "capacity": "100", "contact:facebook": "1641536439311411", "contact:instagram": "blackravenbrewing", "contact:linkedin": "black-raven-brewing", "contact:tripadvisor": "https://tripadvisor.com/Attraction_Review-g58835-d28185608-Reviews-Black_Raven_Brewing_Woodinville-Woodinville_Washington.html", "contact:untappd": "https://untappd.com/v/black-raven-brewing-company/9069728", "contact:yelp": "https://yelp.com/biz/black-raven-brewing-woodinville-woodinville", "craft": "brewery", "dog": "yes", "drink:craft_beer": "yes", "email": "info@blackravenbrewing.com", "indoor_seating": "yes", "microbrewery": "yes", "name": "Black Raven Brewing Company", "opening_hours": "Mo-We 14:00-21:00; Th 14:00-22:00; Fr-Sa 12:00-22:00; Su 12:00-20:00", "outdoor_seating": "yes", "payment:american_express": "yes", "payment:cash": "yes", "payment:discover_card": "yes", "payment:mastercard": "yes", "payment:visa": "yes", "phone": "+1-425-881-3020", "product": "beer", "smoking": "no", "start_date": "2019", "website": "https://blackravenbrewing.com", "wikidata": "Q117481315", "wikipedia": "en:Black Raven Brewing Company"}}, "geometry": {"type": "Point", "coordinates": [-122.1577818, 47.7428404]}}, {"type": "Feature", "properties": {"osm_type": "node", "osm_id": 9102079746, "tags": {"addr:city": "Pasco", "addr:housenumber": "5426", "addr:postcode": "99301", "addr:state": "WA", "addr:street": "North Road 68", "craft": "brewery", "name": "The Medusa Taproom", "phone": "+1-509-380-0354", "product": "beer;wine"}}, "geometry": {"type": "Point", "coordinates": [-119.187234, 46.2766193]}}, {"type": "Feature", "properties": {"osm_type": "node", "osm_id": 9143365791, "tags": {"craft": "brewery", "description": "Dog Friendly", "name": "Crucible Brewery"}}, "geometry": {"type": "Point", "coordinates": [-122.2201455, 47.9110703]}}, {"type": "Feature", "properties": {"osm_type": "node", "osm_id": 9212208994, "tags": {"addr:housenumber": "261", "addr:street": "West Cascade Avenue", "craft": "distillery", "distillery": "vodka", "name": "Cascade Street Distillery", "website": "https://www.cascadestreetdistillery.com"}}, "geometry": {"type": "Point", "coordinates": [-121.5518975, 44.2911664]}}, {"type": "Feature", "properties": {"osm_type": "node", "osm_id": 9229004004, "tags": {"addr:housenumber": "7541", "addr:street": "Conway Avenue", "craft": "brewery", "email": "info@hillcrestbrewing.com", "name": "Hillcrest Brewing", "opening_hours": "Tu-Th 10:00-17:00; Fr 11:00-17:00; Sa 11:00-15:00; PH \"off\"", "phone": "+1-604-432-7727", "start_date": "1992", "website": "http://hillcrestbrewing.com/"}}, "geometry": {"type": "Point", "coordinates": [-122.968904, 49.2155366]}}, {"type": "Feature", "properties": {"osm_type": "node", "osm_id": 9239021434, "tags": {"craft": "brewery", "name": "Four-Eyed Guys Brewing"}}, "geometry": {"type": "Point", "coordinates": [-117.4258366, 47.675217]}}, {"type": "Feature", "properties": {"osm_type": "node", "osm_id": 9251449914, "tags": {"addr:city": "Beaverton", "addr:housenumber": "12375", "addr:postcode": "97005", "addr:state": "OR", "addr:street": "Southwest Broadway Street", "craft": "brewery", "name": "Binary Brewing", "website": "https://binarybrewing.co/"}}, "geometry": {"type": "Point", "coordinates": [-122.8033928, 45.4878075]}}, {"type": "Feature", "properties": {"osm_type": "node", "osm_id": 9295132836, "tags": {"addr:city": "Bowen Island", "addr:housenumber": "441", "addr:province": "BC", "addr:street": "Bowen Island Trunk Road", "craft": "distillery", "name": "Copper Spirit Distillery"}}, "geometry": {"type": "Point", "coordinates": [-123.3346784, 49.3794789]}}, {"type": "Feature", "properties": {"osm_type": "node", "osm_id": 9669308450, "tags": {"addr:city": "Gig Harbor", "addr:housenumber": "3118", "addr:postcode": "98335", "addr:state": "WA", "addr:street": "Harborview Drive", "craft": "distillery", "name": "Heritage Distilling Company", "website": "https://heritagedistilling.com/pages/waterfront"}}, "geometry": {"type": "Point", "coordinates": [-122.5810991, 47.3294369]}}, {"type": "Feature", "properties": {"osm_type": "node", "osm_id": 9725611255, "tags": {"amenity": "bar", "craft": "brewery", "name": "Mayne Brewing", "phone": "+1-250-526-0711", "product": "beer", "shop": "alcohol", "website": "https://www.mayneislandbrewingco.com/"}}, "geometry": {"type": "Point", "coordinates": [-123.2890888, 48.8485438]}}, {"type": "Feature", "properties": {"osm_type": "node", "osm_id": 9738624785, "tags": {"addr:city": "Enumclaw", "addr:housenumber": "1110", "addr:postcode": "98022", "addr:state": "WA", "addr:street": "Marshall Avenue", "check_date": "2024-09-30", "check_date:currency:XBT": "2026-03-20", "contact:email": "gino@headworksbrewing.com", "contact:facebook": "https://www.facebook.com/headworksbrewing/", "contact:instagram": "https://www.instagram.com/headworksbrewing/", "craft": "brewery", "currency:XBT": "yes", "name": "Headworks Brewing", "opening_hours": "Mo-Tu 14:00-21:00; We-Th 11:00-21:00; Fr-Sa 11:00-22:00; Su 11:00-20:00", "payment:cash": "yes", "payment:credit_cards": "yes", "payment:debit_cards": "yes", "payment:lightning": "yes", "payment:lightning:operator": "square", "payment:lightning_contactless": "no", "payment:onchain": "no", "phone": "+1-253-263-5318", "website": "https://www.headworksbrewing.com/"}}, "geometry": {"type": "Point", "coordinates": [-121.9877288, 47.2044353]}}, {"type": "Feature", "properties": {"osm_type": "node", "osm_id": 9738624786, "tags": {"check_date": "2026-01-03", "craft": "brewery", "name": "Griffin Brewing Pilot House", "opening_hours": "Tu-Th,Su 12:00-20:00; Fr-Sa 12:00-22:00", "payment:cash": "yes", "payment:credit_cards": "yes", "payment:debit_cards": "yes"}}, "geometry": {"type": "Point", "coordinates": [-121.990074, 47.2036043]}}, {"type": "Feature", "properties": {"osm_type": "node", "osm_id": 9778406360, "tags": {"addr:city": "Portland", "addr:housenumber": "4784", "addr:postcode": "97202", "addr:state": "OR", "addr:street": "Southeast 17th Avenue", "alt_name": "Ruse Brewing Pizza", "amenity": "restaurant", "branch": "Southeast Portland", "check_date": "2024-11-19", "contact:facebook": "rusebrewing", "contact:instagram": "rusebrewing;", "contact:tripadvisor": "https://tripadvisor.com/ShowUserReviews-g52024-d15329144-r914840226-Ruse_Brewing-Portland_Oregon.html", "contact:untappd": "https://untappd.com/RuseBrewing", "contact:yelp": "https://yelp.com/biz/ruse-brewing-portland", "craft": "brewery", "cuisine": "pizza;detroit_steel-pan;american", "diet:gluten_free": "yes", "diet:vegan": "yes", "diet:vegetarian": "yes", "dog": "yes", "email": "info@rusebrewing.com", "microbrewery": "yes", "name": "Ruse Brewing", "opening_hours": "Mo-Th 15:00-21:00; Fr 15:00-22:00; Sa 12:00-22:00; Su 12:00-21:00", "outdoor_seating": "yes", "payment:american_express": "yes", "payment:apple_pay": "no", "payment:discover_card": "yes", "payment:jcb": "yes", "payment:mastercard": "yes", "payment:square_pay": "yes", "payment:visa": "yes", "phone": "+1-503-206-6358", "pizza:style": "detroit", "product": "beer;pizza", "takeaway": "yes", "website": "https://rusebrewing.com", "website:menu:drink": "https://rusebrewing.com/menu/ruse-taplist"}}, "geometry": {"type": "Point", "coordinates": [-122.6481652, 45.4877558]}}, {"type": "Feature", "properties": {"osm_type": "node", "osm_id": 9868946899, "tags": {"amenity": "pub", "brewery": "yes", "craft": "brewery", "microbrewery": "yes", "name": "Great Notion Brewing"}}, "geometry": {"type": "Point", "coordinates": [-122.3147906, 47.5476595]}}, {"type": "Feature", "properties": {"osm_type": "node", "osm_id": 9963725829, "tags": {"addr:city": "Pender Island", "addr:housenumber": "5601", "addr:province": "BC", "addr:street": "Lupin Road", "craft": "brewery", "name": "Twin Island Cider", "product": "cider", "shop": "alcohol", "website": "https://www.twinislandcider.com/"}}, "geometry": {"type": "Point", "coordinates": [-123.2615719, 48.7753088]}}, {"type": "Feature", "properties": {"osm_type": "node", "osm_id": 10052493417, "tags": {"amenity": "bar", "brewery": "various", "check_date": "2024-10-13", "microbrewery": "yes", "name": "Bushel & Barrel Ciderhouse", "outdoor_seating": "yes", "payment:cash": "yes", "payment:credit_cards": "yes", "payment:debit_cards": "yes", "smoking": "no"}}, "geometry": {"type": "Point", "coordinates": [-122.6500498, 47.783617]}}, {"type": "Feature", "properties": {"osm_type": "node", "osm_id": 10064607554, "tags": {"craft": "brewery", "name": "Outpost Brewing"}}, "geometry": {"type": "Point", "coordinates": [-116.779677, 47.6912824]}}, {"type": "Feature", "properties": {"osm_type": "node", "osm_id": 10107098346, "tags": {"addr:city": "North Vancouver", "addr:housenumber": "1431", "addr:postcode": "V7J 1G4", "addr:province": "British Columbia", "addr:street": "Crown Street", "alt_name": "Sons of Vancouver Distillery", "contact:facebook": "sonsofvancouver", "contact:instagram": "sonsofvancouver", "contact:tiktok": "https://tiktok.com/@sovdistillery", "contact:yelp": "https://yelp.com/biz/sons-of-vancouver-north-vancouver", "craft": "distillery", "email": "info@sonsofvancouver.com", "name": "Sons of Vancouver", "opening_hours": "Su, Tu-Fr 17:00-21:00; Sa 13:00-21:00", "phone": "+1-778-340-5388", "product": "liquor;spirits", "website": "https://sonsofvancouver.ca"}}, "geometry": {"type": "Point", "coordinates": [-123.0334035, 49.308582]}}, {"type": "Feature", "properties": {"osm_type": "node", "osm_id": 10107106732, "tags": {"addr:housenumber": "1450", "addr:street": "Rupert Street", "craft": "distillery", "name": "The Woods Spirit Co.", "website": "https://www.thewoodsspiritco.com/"}}, "geometry": {"type": "Point", "coordinates": [-123.0332607, 49.3081143]}}, {"type": "Feature", "properties": {"osm_type": "node", "osm_id": 10117622565, "tags": {"addr:city": "Philomath", "addr:housenumber": "1723", "addr:postcode": "97370", "addr:state": "OR", "addr:street": "Main Street", "craft": "brewery", "name": "Marcotte Distilling Company", "smoking": "no"}}, "geometry": {"type": "Point", "coordinates": [-123.3613821, 44.5393071]}}, {"type": "Feature", "properties": {"osm_type": "node", "osm_id": 10138231877, "tags": {"addr:housenumber": "680", "addr:postcode": "V9K1R2", "addr:street": "Berwick Road", "addr:unit": "101", "amenity": "bar", "check_date": "2024-07-26", "craft": "brewery", "name": "Fern + Cedar Brewing Company", "opening_hours": "Su-We 11:30-22:00; Th-Sa 11:30-23:00", "phone": "+1 250-594-0052", "website": "https://fernandcedar.ca"}}, "geometry": {"type": "Point", "coordinates": [-124.4387395, 49.347083]}}, {"type": "Feature", "properties": {"osm_type": "node", "osm_id": 10246964444, "tags": {"addr:postcode": "98107", "check_date": "2025-10-04", "contact:facebook": "wildwoodspirits", "contact:instagram": "wildwoodspirits", "contact:twitter": "wildwoodspirits", "craft": "distillery", "name": "Wildwood Spirits Co.", "opening_hours": "We-Su 15:00-21:00", "phone": "+1-206-782-1097", "website": "https://wildwoodspiritsco.com"}}, "geometry": {"type": "Point", "coordinates": [-122.373861, 47.667317]}}, {"type": "Feature", "properties": {"osm_type": "node", "osm_id": 10571637388, "tags": {"addr:city": "Spokane Valley", "addr:housenumber": "11712", "addr:postcode": "99206", "addr:state": "WA", "addr:street": "East Montgomery Avenue", "addr:unit": "F1-3", "amenity": "pub", "craft": "brewery", "email": "beer@yayabrewing.com", "microbrewery": "yes", "name": "YaYa Brewing Company", "opening_hours": "Mo,We-Th 14:00-20:00; Fr 14:00-21:00; Sa 12:00-21:00; Su 12:00-20:00", "website": "https://yayabrewing.com/"}}, "geometry": {"type": "Point", "coordinates": [-117.2472038, 47.6749719]}}, {"type": "Feature", "properties": {"osm_type": "node", "osm_id": 10731792681, "tags": {"addr:city": "North Vancouver", "addr:housenumber": "226", "addr:province": "BC", "addr:street": "East Esplanade", "amenity": "pub", "craft": "brewery", "indoor_seating": "yes", "name": "La Cerveceria Astilleros", "opening_hours": "Mo-We 12:00-21:00; Th-Sa 12:00-22:00; Su 12:00-20:00", "outdoor_seating": "yes", "product": "beer", "shop": "alcohol", "smoking": "no", "website": "https://cerveceria-astilleros.com/"}}, "geometry": {"type": "Point", "coordinates": [-123.0752811, 49.3094695]}}, {"type": "Feature", "properties": {"osm_type": "node", "osm_id": 10795944452, "tags": {"addr:housenumber": "288", "addr:street": "East Esplanade", "addr:unit": "105", "amenity": "bar", "craft": "brewery", "name": "Shaketown Brewing", "opening_hours": "Mo-We 14:00-21:00; Th 14:00-23:00; Fr-Sa 12:00-23:00; Su 12:00-21:00", "product": "beer", "shop": "alcohol", "website": "https://shaketownbrewing.com/"}}, "geometry": {"type": "Point", "coordinates": [-123.0733955, 49.3087064]}}, {"type": "Feature", "properties": {"osm_type": "node", "osm_id": 10808926031, "tags": {"addr:city": "Meridian", "addr:housenumber": "1184", "addr:postcode": "83642", "addr:state": "ID", "addr:street": "South Silverstone Way", "addr:unit": "100", "craft": "brewery", "name": "The Bruery at Eagle View Landing", "website": "https://www.thebruery.com/pages/the-bruery-at-eagle-view-landing-meridian-id"}}, "geometry": {"type": "Point", "coordinates": [-116.3491093, 43.5944854]}}, {"type": "Feature", "properties": {"osm_type": "node", "osm_id": 10846979722, "tags": {"addr:city": "Monroe", "addr:housenumber": "180", "addr:postcode": "97456", "addr:state": "OR", "addr:street": "North 5th Street", "amenity": "restaurant", "check_date": "2023-05-02", "craft": "brewery", "cuisine": "american", "email": "info@longtimberbrewing.com", "facebook": "https://facebook.com/LongTimberBrewing/", "indoor_seating": "yes", "microbrewery": "yes", "name": "Long Timber Brewing Company", "opening_hours": "We-Su 11:00-21:00", "outdoor_seating": "yes", "phone": "+1-541-847-5705"}}, "geometry": {"type": "Point", "coordinates": [-123.2976843, 44.316423]}}, {"type": "Feature", "properties": {"osm_type": "node", "osm_id": 10879725169, "tags": {"check_date": "2025-07-24", "craft": "brewery", "name": "Dirt Road Brewing"}}, "geometry": {"type": "Point", "coordinates": [-123.3676114, 44.5402697]}}, {"type": "Feature", "properties": {"osm_type": "node", "osm_id": 11000893522, "tags": {"addr:housenumber": "255", "addr:street": "Southwest 9th", "check_date": "2023-08-19", "craft": "brewery", "name": "Bier One Brewery"}}, "geometry": {"type": "Point", "coordinates": [-124.0544735, 44.6332581]}}, {"type": "Feature", "properties": {"osm_type": "node", "osm_id": 11018782682, "tags": {"addr:housenumber": "1614", "addr:street": "West 3rd Avenue", "amenity": "bar", "craft": "brewery", "name": "Brewing August", "opening_hours": "Mo-We 16:00-22:00; Th 12:00-22:00; Fr-Sa 12:00-23:00; Su 12:00-20:00", "product": "beer", "shop": "alcohol", "website": "https://www.brewingaugust.com/"}}, "geometry": {"type": "Point", "coordinates": [-123.1413581, 49.2686874]}}, {"type": "Feature", "properties": {"osm_type": "node", "osm_id": 11021093598, "tags": {"check_date": "2023-10-09", "craft": "brewery", "name": "Rewind Tasting Room", "opening_hours": "Su-Th 12:00-22:00; Fr-Sa 12:00-23:00", "payment:mastercard": "yes", "payment:visa": "yes", "website": "https://rewindbeer.com/"}}, "geometry": {"type": "Point", "coordinates": [-122.8493098, 49.2786607]}}, {"type": "Feature", "properties": {"osm_type": "node", "osm_id": 11100965807, "tags": {"addr:city": "Bellingham", "addr:housenumber": "1311", "addr:postcode": "98225", "addr:state": "WA", "addr:street": "Cornwall Avenue", "contact:facebook": "https://www.facebook.com/pages/Chuckanut-Bay-Distillery/161253853974757", "contact:instagram": "https://www.instagram.com/chuckanutbaydistillery/", "contact:linkedin": "https://www.linkedin.com/company/chuckanut-bay-distillery", "contact:twitter": "https://twitter.com/chuckanutbay", "craft": "brewery", "name": "Chuckanut Bay Distillery", "phone": "+1-360-738-7179", "website": "https://chuckanutbaydistillery.com/"}}, "geometry": {"type": "Point", "coordinates": [-122.4787991, 48.7502288]}}, {"type": "Feature", "properties": {"osm_type": "node", "osm_id": 11196544115, "tags": {"addr:city": "Florence", "addr:postcode": "97439", "addr:state": "OR", "addr:street": "Bay Street", "craft": "distillery", "name": "Stillwater Distillery"}}, "geometry": {"type": "Point", "coordinates": [-124.1064145, 43.9666236]}}, {"type": "Feature", "properties": {"osm_type": "node", "osm_id": 11206641813, "tags": {"addr:city": "Bellingham", "addr:housenumber": "2121", "addr:postcode": "98225", "addr:state": "WA", "addr:street": "Humboldt Street", "addr:unit": "101", "air_conditioning": "yes", "craft": "brewery", "description": "Otherlands Beer is a small brewery and cafe dedicated to the pursuit of excellence, the exploration of the unknown and the celebration of the beautiful and the absurd. Offering rustic lagers and farmhouse ales alongside European inspired street foods in a", "name": "Otherlands Beer", "opening_hours": "Tu-Fr 12:00-21:00, Sa-Su 10:00-21:00", "phone": "+1-360-746-8118", "product": "beer;food", "website": "https://www.otherlandsbeer.com/", "wheelchair": "yes"}}, "geometry": {"type": "Point", "coordinates": [-122.4681164, 48.758478]}}, {"type": "Feature", "properties": {"osm_type": "node", "osm_id": 11261998930, "tags": {"addr:city": "Castle Rock", "addr:country": "US", "addr:housenumber": "21", "addr:postcode": "98611", "addr:state": "WA", "addr:street": "Cowlitz Street West", "amenity": "pub", "contact:facebook": "https://www.facebook.com/ashtownbrewingco/", "contact:instagram": "https://www.instagram.com/ashtownbrewing/", "craft": "brewery", "email": "info@ashtownbrewing.com", "internet_access": "yes", "name": "Ashtown Bewing Co.", "opening_hours": "Tu-Th 15:00-21:00; Fr-Sa 12:00-21:00; Su 12:00-16:00", "outdoor_seating": "yes", "phone": "+1-360-523-8237", "real_ale": "yes", "website": "https://ashtownbrewing.com"}}, "geometry": {"type": "Point", "coordinates": [-122.9082102, 46.2752662]}}, {"type": "Feature", "properties": {"osm_type": "node", "osm_id": 11296308321, "tags": {"addr:housenumber": "600", "addr:street": "Industry Drive", "check_date": "2023-10-28", "craft": "brewery", "name": "Oppegaard Meadery", "payment:cash": "yes", "payment:mastercard": "yes", "payment:visa": "yes"}}, "geometry": {"type": "Point", "coordinates": [-122.24781, 47.4539309]}}, {"type": "Feature", "properties": {"osm_type": "node", "osm_id": 11328244011, "tags": {"addr:housenumber": "1150", "addr:street": "Northwest 46th Street", "check_date": "2023-11-05", "craft": "brewery", "name": "Hildegard Botanicals & Ferments", "product": "beer;tea;cider", "website": "https://hildegardseattle.com"}}, "geometry": {"type": "Point", "coordinates": [-122.3728026, 47.6623028]}}, {"type": "Feature", "properties": {"osm_type": "node", "osm_id": 11340446513, "tags": {"addr:city": "Salem", "addr:housenumber": "231", "addr:postcode": "97301", "addr:state": "OR", "addr:street": "Court Street Northeast", "addr:unit": "100", "amenity": "pub", "craft": "brewery", "name": "La Familia", "opening_hours": "Tu-Th 12:00-20:00; Fr-Sa 12:00-21:00; Su 12:00-18:00", "wheelchair": "yes"}}, "geometry": {"type": "Point", "coordinates": [-123.0408476, 44.9419527]}}, {"type": "Feature", "properties": {"osm_type": "node", "osm_id": 11342716047, "tags": {"addr:city": "Salem", "addr:housenumber": "2027", "addr:postcode": "97302", "addr:state": "OR", "addr:street": "25th Street Southeast", "craft": "brewery", "name": "SOB Brewery"}}, "geometry": {"type": "Point", "coordinates": [-123.011685, 44.9197572]}}, {"type": "Feature", "properties": {"osm_type": "node", "osm_id": 11342717490, "tags": {"addr:city": "Salem", "addr:housenumber": "2315", "addr:postcode": "97302", "addr:state": "OR", "addr:street": "25th Street Southeast", "craft": "brewery", "name": "For Tomorrow We Die Brewing"}}, "geometry": {"type": "Point", "coordinates": [-123.0108417, 44.9174095]}}, {"type": "Feature", "properties": {"osm_type": "node", "osm_id": 11408684369, "tags": {"craft": "distillery", "name": "Skip Rock Distillers"}}, "geometry": {"type": "Point", "coordinates": [-122.0974755, 47.9117831]}}, {"type": "Feature", "properties": {"osm_type": "node", "osm_id": 11468714281, "tags": {"addr:housenumber": "2304", "addr:street": "Northwest Savier Street", "check_date": "2023-12-29", "craft": "brewery", "drink:gin": "served", "name": "Aria Tasting Room", "opening_hours": "We-Su 12:00-18:00"}}, "geometry": {"type": "Point", "coordinates": [-122.6989629, 45.5345957]}}, {"type": "Feature", "properties": {"osm_type": "node", "osm_id": 11481597369, "tags": {"craft": "brewery", "name": "Ratchet Brewery"}}, "geometry": {"type": "Point", "coordinates": [-123.0111853, 44.9171445]}}, {"type": "Feature", "properties": {"osm_type": "node", "osm_id": 11494615269, "tags": {"addr:housenumber": "911", "addr:street": "SE Amour Rd, Bend, OR, 97702", "craft": "brewery", "description": "Beer. Brewery. Biergarten. Food trucks.", "name": "Bevel Craft Brewing", "opening_hours": "Mo-Sa 12:00-21:00; Su 12:00-20:00", "phone": "+1-541-972-3835", "website": "https://www.bevelbeer.com/"}}, "geometry": {"type": "Point", "coordinates": [-121.2918284, 44.0460428]}}, {"type": "Feature", "properties": {"osm_type": "node", "osm_id": 11498672709, "tags": {"addr:city": "Washougal", "addr:country": "US", "addr:housenumber": "421", "addr:postcode": "98671", "addr:state": "WA", "addr:street": "C Street", "addr:unit": "#3", "craft": "brewery", "name": "Doomsday Brewing Company", "phone": "+1-360-335-9909", "source": "esri/Clark_County_Address_Points_", "website": "https://www.doomsdaybrewing.com/"}}, "geometry": {"type": "Point", "coordinates": [-122.3731106, 45.5817268]}}, {"type": "Feature", "properties": {"osm_type": "node", "osm_id": 11752268279, "tags": {"addr:housenumber": "2740", "addr:street": "Bridge Street", "addr:unit": "101", "craft": "brewery", "name": "Hoyne Brewing Company", "phone": "+1 250 590-5758", "website": "https://www.hoynebrewing.ca/"}}, "geometry": {"type": "Point", "coordinates": [-123.373611, 48.4371039]}}, {"type": "Feature", "properties": {"osm_type": "node", "osm_id": 11794671838, "tags": {"addr:city": "White Rock", "addr:housenumber": "15165", "addr:postcode": "V4B 2P4", "addr:street": "Russell Avenue", "alt_name": "Galaxie Craft Brewhouse", "amenity": "pub", "branch": "Uptown", "brand": "Galaxie Craft Beer", "craft": "brewery", "microbrewery": "yes", "name": "Galaxie Public House", "website": "https://www.galaxiecraftbeer.com"}}, "geometry": {"type": "Point", "coordinates": [-122.8025015, 49.029462]}}, {"type": "Feature", "properties": {"osm_type": "node", "osm_id": 11815586355, "tags": {"addr:housenumber": "304", "addr:street": "Oak Street", "craft": "distillery", "name": "Hood River Distillers Tasting Room", "website": "https://www.hrdspirits.com/"}}, "geometry": {"type": "Point", "coordinates": [-121.5135727, 45.7090721]}}, {"type": "Feature", "properties": {"osm_type": "node", "osm_id": 11965368142, "tags": {"craft": "brewery", "name": "Lighthouse Brewing Company"}}, "geometry": {"type": "Point", "coordinates": [-123.3966869, 48.4363926]}}, {"type": "Feature", "properties": {"osm_type": "node", "osm_id": 12076387241, "tags": {"addr:housenumber": "680", "addr:street": "Berwick Road", "addr:unit": "103", "check_date": "2024-07-26", "craft": "distillery", "name": "True North Distilleries"}}, "geometry": {"type": "Point", "coordinates": [-124.43874, 49.3468851]}}, {"type": "Feature", "properties": {"osm_type": "node", "osm_id": 12178688765, "tags": {"addr:housenumber": "222", "addr:street": "West 5th Avenue", "check_date": "2024-09-15", "craft": "brewery", "name": "Please! Beverage Co."}}, "geometry": {"type": "Point", "coordinates": [-123.1099828, 49.2664695]}}, {"type": "Feature", "properties": {"osm_type": "node", "osm_id": 12270300833, "tags": {"addr:city": "Woodinville", "addr:housenumber": "15007", "addr:postcode": "98072", "addr:state": "WA", "addr:street": "Woodinville Redmond Road Northeast", "contact:facebook": "https://facebook.com/GlassVodka", "contact:instagram": "https://instagram.com/glassvodka", "craft": "distillery", "email": "vodka@glassdistillery.com", "name": "Glass Vodka Tasting Room & Chilled Lounge", "phone": "+1-206-743-8070", "website": "https://lachselian.wixsite.com/mysite"}}, "geometry": {"type": "Point", "coordinates": [-122.1555817, 47.7369473]}}, {"type": "Feature", "properties": {"osm_type": "node", "osm_id": 12324394395, "tags": {"addr:unit": "103", "craft": "brewery", "name": "Antidote Distilling Company", "opening_hours": "We-Sa 05:00-22:30", "phone": "+1 250 736-0761", "website": "https://antidotedistillingco.com/"}}, "geometry": {"type": "Point", "coordinates": [-124.8090883, 49.2594849]}}, {"type": "Feature", "properties": {"osm_type": "node", "osm_id": 12367073601, "tags": {"craft": "brewery", "name": "Wicked Teuton Brewing Company"}}, "geometry": {"type": "Point", "coordinates": [-122.6606882, 48.2874737]}}, {"type": "Feature", "properties": {"osm_type": "node", "osm_id": 12583140035, "tags": {"amenity": "bar", "craft": "brewery", "internet_access": "wlan", "internet_access:fee": "no", "name": "Bainbridge Brewing Brewery and Taproom", "operator": "Bainbridge Brewing", "outdoor_seating": "yes", "phone": "+1-206-451-4646", "toilets": "yes", "website": "https://bainbridgebeer.com/"}}, "geometry": {"type": "Point", "coordinates": [-122.5253113, 47.6482898]}}, {"type": "Feature", "properties": {"osm_type": "node", "osm_id": 12626612276, "tags": {"addr:unit": "101", "craft": "brewery", "name": "Raven's Brewing", "opening_hours": "Tu-Fr 12:00-16:30", "phone": "+1-236-483-4028", "shop": "alcohol", "website": "https://www.ravens.beer/"}}, "geometry": {"type": "Point", "coordinates": [-122.1865686, 49.0557427]}}, {"type": "Feature", "properties": {"osm_type": "node", "osm_id": 12640025995, "tags": {"addr:city": "Corvallis", "addr:housenumber": "3415", "addr:postcode": "97333", "addr:state": "OR", "addr:street": "Southwest Deschutes Street", "craft": "brewery", "name": "Block 15 Tap Room & Brewery", "opening_hours": "Mo-Th 15:00-20:00; Fr-Su 11:30-20:00", "phone": "+1-541-752-2337", "website": "https://block15.com/"}}, "geometry": {"type": "Point", "coordinates": [-123.269075, 44.530378]}}, {"type": "Feature", "properties": {"osm_type": "node", "osm_id": 12798362538, "tags": {"addr:housenumber": "10876", "addr:postcode": "98383", "addr:street": "Myhre Place Northwest", "craft": "brewery", "email": "momentbrewing@gmail.com", "name": "Moment Brewing", "opening_hours": "Mo-Th 14:00-21:00; Fr-Su 12:00-21:00", "phone": "+1-360-499-6441", "website": "http://www.momentbrewing.com/"}}, "geometry": {"type": "Point", "coordinates": [-122.6867337, 47.6621878]}}, {"type": "Feature", "properties": {"osm_type": "node", "osm_id": 12828975756, "tags": {"craft": "brewery", "name": "Nashi Orchards"}}, "geometry": {"type": "Point", "coordinates": [-122.4703116, 47.4534906]}}, {"type": "Feature", "properties": {"osm_type": "node", "osm_id": 12884066403, "tags": {"addr:city": "Sunnyside", "addr:housenumber": "416", "addr:postcode": "98944", "addr:state": "WA", "addr:street": "East Edison Avenue", "amenity": "pub", "craft": "brewery", "microbrewery": "yes", "name": "Varietal Beer Company", "opening_hours": "Tu-Sa 12:00-21:00; Su 12:00-18:00", "outdoor_seating": "yes", "phone": "+1-509-515-2222", "toilets": "yes", "website": "https://varietalbeer.com/"}}, "geometry": {"type": "Point", "coordinates": [-120.0146202, 46.3239629]}}, {"type": "Feature", "properties": {"osm_type": "node", "osm_id": 12903812206, "tags": {"addr:city": "Richmond", "addr:housenumber": "5800", "addr:province": "BC", "addr:street": "Cedarbridge Way", "addr:unit": "130", "craft": "distillery", "name": "Deep Blue Distilleries"}}, "geometry": {"type": "Point", "coordinates": [-123.1418596, 49.1728728]}}, {"type": "Feature", "properties": {"osm_type": "node", "osm_id": 12952405663, "tags": {"craft": "distillery", "name": "Dubh Glas Distillery"}}, "geometry": {"type": "Point", "coordinates": [-119.5252348, 49.2451016]}}, {"type": "Feature", "properties": {"osm_type": "node", "osm_id": 12993324031, "tags": {"amenity": "pub", "check_date": "2025-07-10", "craft": "distillery", "name": "Orcas Distillery Tasting Room"}}, "geometry": {"type": "Point", "coordinates": [-122.9066163, 48.6956449]}}, {"type": "Feature", "properties": {"osm_type": "node", "osm_id": 12994578376, "tags": {"addr:city": "Edgewood", "addr:housenumber": "2105", "addr:postcode": "98371", "addr:state": "WA", "addr:street": "Meridian Avenue East", "craft": "brewery", "name": "Acorn Brewing", "phone": "+1-253-517-8899", "website": "https://www.acornbeer.com/"}}, "geometry": {"type": "Point", "coordinates": [-122.2935565, 47.2379049]}}, {"type": "Feature", "properties": {"osm_type": "node", "osm_id": 13203722572, "tags": {"addr:city": "Penticton", "addr:housenumber": "218", "addr:postcode": "V2A 5K3", "addr:province": "BC", "addr:street": "Martin Street", "craft": "brewery", "name": "BNA Brewing Co", "product": "food;beer"}}, "geometry": {"type": "Point", "coordinates": [-119.5938951, 49.4997995]}}, {"type": "Feature", "properties": {"osm_type": "node", "osm_id": 13203801518, "tags": {"addr:city": "Penticton", "addr:housenumber": "1475", "addr:postcode": "V2A 7W5", "addr:province": "BC", "addr:street": "Fairview Road", "addr:unit": "118", "craft": "brewery", "name": "Tin Whistle Brewing Co", "opening_hours": "Mo-Su 13:00-20:00", "operator": "Alexis & Tim", "phone": "+1-250-770-1122", "product": "beer", "website": "https://www.tinwhistlebrewery.com"}}, "geometry": {"type": "Point", "coordinates": [-119.5944723, 49.4829692]}}, {"type": "Feature", "properties": {"osm_type": "node", "osm_id": 13360671201, "tags": {"addr:housenumber": "919", "addr:street": "Northwest 23rd Avenue", "craft": "brewery", "level": "1", "name": "Ghost Town Brewing"}}, "geometry": {"type": "Point", "coordinates": [-122.6987891, 45.5294351]}}, {"type": "Feature", "properties": {"osm_type": "node", "osm_id": 13478416921, "tags": {"addr:city": "Duvall", "addr:housenumber": "15922", "addr:postcode": "98019", "addr:street": "Main Street Northeast", "craft": "distillery", "distillery": "vodka", "name": "Duvall Distillery", "opening_hours": "Fr-Su 12:00-18:00; Th 15:00-18:00", "phone": "+1-425-484-9800", "website": "https://duvalldistillery.com"}}, "geometry": {"type": "Point", "coordinates": [-121.9855431, 47.7435248]}}, {"type": "Feature", "properties": {"osm_type": "node", "osm_id": 13511067214, "tags": {"addr:city": "Seattle", "addr:housenumber": "1812", "addr:postcode": "98122", "addr:state": "WA", "addr:street": "12th Avenue", "addr:unit": "100", "craft": "brewery", "name": "Outer Planet Brewing", "opening_hours": "Mo-Fr 16:00-22:00; Sa-Su 14:00-22:00", "phone": "+1-206-763-7000", "product": "beer", "website": "https://www.outerplanetbrewing.com/", "wheelchair": "yes"}}, "geometry": {"type": "Point", "coordinates": [-122.3167184, 47.6180339]}}, {"type": "Feature", "properties": {"osm_type": "node", "osm_id": 13612932515, "tags": {"check_date": "2026-03-02", "craft": "brewery", "name": "High Steel Beer Co"}}, "geometry": {"type": "Point", "coordinates": [-123.1007899, 47.211263]}}, {"type": "Feature", "properties": {"osm_type": "node", "osm_id": 13621525512, "tags": {"check_date": "2026-03-05", "craft": "brewery", "name": "District Brewing"}}, "geometry": {"type": "Point", "coordinates": [-122.5899844, 48.8463902]}}, {"type": "Feature", "properties": {"osm_type": "node", "osm_id": 13663812701, "tags": {"addr:housenumber": "20750 STE 106", "addr:postcode": "97701", "addr:street": "NE High Desert Lane", "craft": "brewery", "name": "Terranaut Beer Taproom", "opening_hours": "Su 13:00-19:00; Mo 15:00-20:00; We-Th 15:00-21:00; Fr 14:00-21:00; Sa 12:00-21:00", "website": "https://www.terranautbeer.com/"}}, "geometry": {"type": "Point", "coordinates": [-121.2853794, 44.0889773]}}, {"type": "Feature", "properties": {"osm_type": "node", "osm_id": 13722520701, "tags": {"addr:housenumber": "12745", "addr:postcode": "V4R 2P3", "addr:street": "Laity Street", "craft": "brewery", "name": "The Patch Brewery Laity Farms", "phone": "+1 604 462 3181"}}, "geometry": {"type": "Point", "coordinates": [-122.6326472, 49.2341346]}}, {"type": "Feature", "properties": {"osm_type": "node", "osm_id": 13851166945, "tags": {"craft": "brewery", "microbrewery": "yes", "name": "Zoiglhaus Brewing"}}, "geometry": {"type": "Point", "coordinates": [-122.5683656, 45.4809219]}}, {"type": "Feature", "properties": {"osm_type": "node", "osm_id": 13929782025, "tags": {"addr:city": "Tumwater", "addr:housenumber": "2442", "addr:postcode": "98512", "addr:state": "WA", "addr:street": "Mottman Road Southwest", "craft": "brewery", "name": "Rainwater Brewing Co", "opening_hours": "Tu-Su 13:00-22:00", "operator": "Gavin Rainwater", "phone": "+13603509496", "product": "beer", "website": "https://rainwaterbrewing.com/"}}, "geometry": {"type": "Point", "coordinates": [-122.9339888, 47.0257001]}}, {"type": "Feature", "properties": {"osm_type": "node", "osm_id": 3625963693, "tags": {"addr:city": "Bismarck", "addr:housenumber": "107", "addr:postcode": "58501", "addr:state": "ND", "addr:street": "North 5th Street", "craft": "brewery", "name": "Laughing Sun Brewing Company", "phone": "+1-701-751-3881"}}, "geometry": {"type": "Point", "coordinates": [-100.7844722, 46.8056925]}}, {"type": "Feature", "properties": {"osm_type": "node", "osm_id": 3768908708, "tags": {"addr:city": "Grand Forks", "addr:housenumber": "116", "addr:postcode": "58201", "addr:state": "ND", "addr:street": "South 3rd Street", "craft": "brewery", "name": "Rhombus Guys Brewing Company", "opening_hours": "Tu-Su 16:00-02:00", "phone": "+1-701-757-0598", "website": "https://rhombusguysbrewing.com/"}}, "geometry": {"type": "Point", "coordinates": [-97.0286822, 47.923923]}}, {"type": "Feature", "properties": {"osm_type": "node", "osm_id": 3900795698, "tags": {"addr:city": "Grand Forks", "addr:housenumber": "17", "addr:postcode": "58203", "addr:state": "ND", "addr:street": "North 3rd Street", "craft": "brewery", "internet_access": "wlan", "name": "Half Brothers Brewing Company", "smoking": "outside"}}, "geometry": {"type": "Point", "coordinates": [-97.0315443, 47.9256052]}}, {"type": "Feature", "properties": {"osm_type": "node", "osm_id": 4067671499, "tags": {"addr:city": "Sioux Falls", "addr:housenumber": "420", "addr:postcode": "57103", "addr:state": "SD", "addr:street": "East 8th Street", "craft": "brewery", "email": "contact@monks-sf.com", "fixme": "Need to verify if Monks makes any of its own beer, may be mistagged as craft=brewery right now", "name": "Monks Ale House", "old_name": "Monks House of Ale Repute", "opening_hours": "Mo-Th 15:00-24:00; Fr 15:00-02:00; Sa 12:00-02:00; Su 12:00-23:00", "phone": "+1 605 338 2328", "product": "beer", "website": "https://monks-sf.com/"}}, "geometry": {"type": "Point", "coordinates": [-96.7218594, 43.5488749]}}, {"type": "Feature", "properties": {"osm_type": "node", "osm_id": 4072785671, "tags": {"addr:city": "Sioux Falls", "addr:housenumber": "332", "addr:postcode": "57104", "addr:state": "SD", "addr:street": "South Phillips Avenue", "craft": "brewery", "cuisine": "burger;breakfast", "name": "Fernson Brewing Downtown", "website": "https://www.fernson.com/downtown"}}, "geometry": {"type": "Point", "coordinates": [-96.7265842, 43.5436269]}}, {"type": "Feature", "properties": {"osm_type": "node", "osm_id": 4073929697, "tags": {"addr:city": "Sioux Falls", "addr:housenumber": "101", "addr:postcode": "57104", "addr:state": "SD", "addr:street": "South Phillips Avenue", "addr:unit": "Suite 100", "craft": "brewery", "name": "WoodGrain Brewing Co.", "opening_hours": "Mo-Th 15:00-22:00; Fr-Sa 12:00-23:59", "phone": "+1 605-310-5316", "product": "beer;food", "website": "www.woodgrainbrew.com"}}, "geometry": {"type": "Point", "coordinates": [-96.7272504, 43.547085]}}, {"type": "Feature", "properties": {"osm_type": "node", "osm_id": 4865568706, "tags": {"access": "private", "addr:city": "Chamberlain", "addr:postcode": "57325", "addr:state": "SD", "craft": "brewery", "name": "Budweiser", "operator": "Budweiser"}}, "geometry": {"type": "Point", "coordinates": [-99.3184023, 43.7719603]}}, {"type": "Feature", "properties": {"osm_type": "node", "osm_id": 6507097408, "tags": {"amenity": "pub", "craft": "brewery", "microbrewery": "yes", "name": "Revelation Ale Works"}}, "geometry": {"type": "Point", "coordinates": [-96.9461832, 48.774513]}}, {"type": "Feature", "properties": {"osm_type": "node", "osm_id": 7179797876, "tags": {"addr:city": "Rapid City", "addr:housenumber": "1401", "addr:postcode": "57701", "addr:state": "SD", "addr:street": "West Omaha Street", "addr:unit": "3", "brewery": "yes", "check_date": "2026-07-10", "check_date:opening_hours": "2026-07-10", "craft": "brewery", "internet_access": "wlan", "level": "0", "name": "Lost Cabin Beer Company", "opening_hours": "Mo-Th 11:00-22:00; Fr-Sa 11:00-23:00; Su 11:00-21:00", "phone": "+16057185678", "smoking": "no", "website": "https://lostcabin.beer"}}, "geometry": {"type": "Point", "coordinates": [-103.242576, 44.083728]}}, {"type": "Feature", "properties": {"osm_type": "node", "osm_id": 8680120174, "tags": {"addr:city": "Mapleton", "addr:housenumber": "349", "addr:state": "ND", "addr:street": "Knutson Street", "addr:unit": "B", "craft": "brewery", "name": "Icewind Brewing", "product": "beer", "website": "https://www.icewindbrewing.com/"}}, "geometry": {"type": "Point", "coordinates": [-97.0463895, 46.8809749]}}, {"type": "Feature", "properties": {"osm_type": "node", "osm_id": 9350971199, "tags": {"craft": "distillery", "name": "Big Dog Distillery"}}, "geometry": {"type": "Point", "coordinates": [-100.7872406, 46.802817]}}, {"type": "Feature", "properties": {"osm_type": "node", "osm_id": 9460692337, "tags": {"craft": "brewery", "name": "Rock River Brewing Company"}}, "geometry": {"type": "Point", "coordinates": [-96.1682726, 43.4312517]}}, {"type": "Feature", "properties": {"osm_type": "node", "osm_id": 9860945280, "tags": {"addr:city": "Aberdeen", "addr:housenumber": "721", "addr:postcode": "57401", "addr:state": "SD", "addr:street": "South Main Street", "check_date": "2026-07-17", "check_date:opening_hours": "2026-07-17", "craft": "brewery", "description": "Dave Welling set out to open the first brewery in Aberdeen, South Dakota way back in 2018 after moving from Michigan with his wife and daughters.\n\n \n\nHe rented a vacated printing shop on South Main Street, rolled up his sleeves and brought his experience", "level": "0", "name": "One Legged Pheasant", "opening_hours": "Tu-Th 04:00-22:00; Fr-Sa 16:00-23:00", "phone": "+6057251534", "website": "http://www.oneleggedpheasant.com/"}}, "geometry": {"type": "Point", "coordinates": [-98.4878653, 45.4572896]}}, {"type": "Feature", "properties": {"osm_type": "node", "osm_id": 11463748969, "tags": {"addr:housenumber": "368", "addr:street": "Stephen Street", "craft": "brewery", "name": "Rendezvous Brewery and Taproom", "website": "https://rendezvousbrew.ca/"}}, "geometry": {"type": "Point", "coordinates": [-98.1023299, 49.1897753]}}, {"type": "Feature", "properties": {"osm_type": "node", "osm_id": 12308461930, "tags": {"craft": "brewery", "name": "Sawyer Brewing Co."}}, "geometry": {"type": "Point", "coordinates": [-103.8632266, 44.5124838]}}, {"type": "Feature", "properties": {"osm_type": "node", "osm_id": 12700653365, "tags": {"craft": "brewery", "name": "Armour Brewing Company"}}, "geometry": {"type": "Point", "coordinates": [-98.3468816, 43.3186379]}}, {"type": "Feature", "properties": {"osm_type": "node", "osm_id": 13411622675, "tags": {"addr:city": "Sioux Falls", "addr:housenumber": "2101", "addr:postcode": "57105", "addr:state": "SD", "addr:street": "West 41st Street", "addr:unit": "25", "check_date": "2025-12-28", "contact:instagram": "https://www.instagram.com/alteredspeciesales", "craft": "brewery", "currency:XBT": "yes", "name": "Altered Species Ales", "opening_hours": "Mo-We 14:00-22:00; Th 12:00-22:00; Fr-Sa 12:00-23:00; Su 14:00-20:00", "payment:lightning": "yes", "payment:lightning:operator": "square", "payment:lightning_contactless": "no", "payment:onchain": "no", "phone": "+1-605-271-3283", "website": "https://alteredspeciesales.com"}}, "geometry": {"type": "Point", "coordinates": [-96.7534272, 43.5126629]}}, {"type": "Feature", "properties": {"osm_type": "node", "osm_id": 13604319469, "tags": {"addr:city": "Sioux Falls", "addr:housenumber": "601", "addr:postcode": "57106", "addr:state": "SD", "addr:street": "South Watson Avenue", "addr:unit": "100", "craft": "brewery", "name": "Covert Artisan Ales", "opening_hours": "Th-Sa 16:00-21:00", "operator": "Dan", "product": "beer", "website": "https://www.drinkcovert.shop/"}}, "geometry": {"type": "Point", "coordinates": [-96.7893973, 43.5419435]}}, {"type": "Feature", "properties": {"osm_type": "node", "osm_id": 13651160001, "tags": {"addr:housenumber": "615", "addr:postcode": "57701", "addr:street": "Main Street", "craft": "brewery", "internet_access": "wlan", "name": "Pour 54", "opening_hours": "Tu-Th 15:00-22:00; Fr-Sa 14:00-23:00", "website": "https://pour54.com/"}}, "geometry": {"type": "Point", "coordinates": [-103.2280246, 44.0810584]}}, {"type": "Feature", "properties": {"osm_type": "node", "osm_id": 13908592301, "tags": {"addr:city": "Hill City", "addr:housenumber": "150", "addr:postcode": "57745", "addr:street": "Poplar Street", "air_conditioning": "yes", "craft": "brewery", "name": "Lost Cabin Beer Co \u2014 Hill City", "opening_hours": "Su-Th 11:00-20:00; Fr-Sa 11:00-21:00", "phone": "+1-605-718-5678", "website": "https://lostcabin.beer/"}}, "geometry": {"type": "Point", "coordinates": [-103.5745016, 43.9285176]}}, {"type": "Feature", "properties": {"osm_type": "node", "osm_id": 14003915538, "tags": {"craft": "brewery", "name": "Dakota Point Brewery"}}, "geometry": {"type": "Point", "coordinates": [-103.2440635, 44.0828809]}}, {"type": "Feature", "properties": {"osm_type": "node", "osm_id": 1105621953, "tags": {"addr:city": "Duluth", "addr:housenumber": "600", "addr:postcode": "55802", "addr:state": "MN", "addr:street": "East Superior Street", "amenity": "restaurant", "craft": "brewery", "cuisine": "pub;burger", "microbrewery": "yes", "name": "Fitger's Brewhouse Brewery and Grille", "opening_hours": "Mo-Su 10:00-22:00", "phone": "+12182792739", "website": "https://fitgersbrewhouse.com/"}}, "geometry": {"type": "Point", "coordinates": [-92.0907559, 46.7924183]}}, {"type": "Feature", "properties": {"osm_type": "node", "osm_id": 1827527255, "tags": {"addr:city": "Minneapolis", "addr:country": "US", "addr:housenumber": "1430", "addr:postcode": "55454", "addr:state": "MN", "addr:street": "Washington Avenue South", "amenity": "pub", "craft": "brewery", "internet_access": "no", "level": "0", "microbrewery": "yes", "name": "Town Hall Brewery", "opening_hours": "Mo-Th 11:00-00:00; Fr-Sa 11:00-02:00; Su 11:00-00:00", "outdoor_seating": "yes", "phone": "+1-612-339-8696", "smoking": "no", "website": "https://www.townhallbrewery.com", "wheelchair": "yes"}}, "geometry": {"type": "Point", "coordinates": [-93.2477323, 44.973346]}}, {"type": "Feature", "properties": {"osm_type": "node", "osm_id": 2100794030, "tags": {"addr:city": "Minneapolis", "addr:housenumber": "2716", "addr:postcode": "55406", "addr:street": "East 38th Street", "air_conditioning": "yes", "amenity": "pub", "brewery": "various", "check_date": "2026-07-05", "check_date:opening_hours": "2026-05-03", "craft": "brewery", "cuisine": "burger;sandwich;chicken;american;barbecue;fish_and_chips;grill;hot_dog;bistro", "happy_hours": "Su-Fr 15:00-18:00", "indoor_seating": "yes", "microbrewery": "yes", "name": "Northbound Smokehouse Brewpub", "opening_hours": "Su-Th 11:00-22:00, Fr-Sa 11:00-23:00", "outdoor_seating": "yes", "phone": "+1 612 208 1450", "smoking": "no", "website": "https://www.northboundbrewpub.com/", "wheelchair": "yes"}}, "geometry": {"type": "Point", "coordinates": [-93.2323651, 44.934232]}}, {"type": "Feature", "properties": {"osm_type": "node", "osm_id": 2138171887, "tags": {"addr:housenumber": "711", "addr:postcode": "55413", "addr:street": "15th Avenue Northeast", "air_conditioning": "yes", "amenity": "pub", "check_date": "2026-07-15", "craft": "brewery", "dog": "outside", "internet_access": "wlan", "level": "0", "microbrewery": "yes", "name": "Indeed Brewing", "opening_hours": "Mo-We 15:00-23:00, Th 15:00-24:00, Fr,Sa 11:00-24:00, Su 11:00-21:00", "outdoor_seating": "yes", "toilets": "yes", "website": "https://www.indeedbrewing.com/", "wikidata": "Q16996807", "wikipedia": "en:Indeed Brewing Company"}}, "geometry": {"type": "Point", "coordinates": [-93.2515432, 45.0033817]}}, {"type": "Feature", "properties": {"osm_type": "node", "osm_id": 2160525100, "tags": {"addr:city": "Minneapolis", "addr:housenumber": "945", "addr:postcode": "55413", "addr:state": "MN", "addr:street": "Northeast Broadway Street", "craft": "brewery", "name": "Padraig's Brewing", "opening_hours": "Su 12:00-19:00; Tu-Th 16:00-22:00; Fr 14:30-22:00; Sa 12:00-22:00", "outdoor_seating": "yes", "phone": "+1-612-489-7100", "product": "beer", "website": "https://www.612brew.com/"}}, "geometry": {"type": "Point", "coordinates": [-93.2468322, 44.9989947]}}, {"type": "Feature", "properties": {"osm_type": "node", "osm_id": 2437700458, "tags": {"amenity": "bar", "microbrewery": "yes", "name": "Kinney Creek Brewery", "outdoor_seating": "yes"}}, "geometry": {"type": "Point", "coordinates": [-92.4782464, 44.0310194]}}, {"type": "Feature", "properties": {"osm_type": "node", "osm_id": 2568702072, "tags": {"addr:city": "Ripon", "addr:housenumber": "221", "addr:postcode": "54971", "addr:street": "Watson Street", "amenity": "restaurant", "craft": "brewery", "cuisine": "pizza;sandwich", "microbrewery": "yes", "name": "Knuth Brewing Company", "phone": "+1 920 748-5188", "website": "https://knuthbrewingcompany.com/"}}, "geometry": {"type": "Point", "coordinates": [-88.8389575, 43.844413]}}, {"type": "Feature", "properties": {"osm_type": "node", "osm_id": 2621482433, "tags": {"addr:city": "Minneapolis", "addr:housenumber": "1500", "addr:postcode": "55413", "addr:street": "Fillmore St. NE", "amenity": "pub", "craft": "brewery", "microbrewery": "yes", "name": "Sociable Cider Werks", "opening_hours": "Th-Fr 16:00-23:00; Sa 12:00-23:00; Su 12:00-21:00", "outdoor_seating": "yes", "phone": "+1-612-758-0105", "website": "https://www.sociablecider.com/"}}, "geometry": {"type": "Point", "coordinates": [-93.2443703, 45.0044808]}}, {"type": "Feature", "properties": {"osm_type": "node", "osm_id": 2669354423, "tags": {"addr:city": "Minneapolis", "addr:housenumber": "1105", "addr:postcode": "55415", "addr:street": "South Washington Avenue", "amenity": "pub", "craft": "brewery", "email": "contact@dayblockbrewing.com", "level": "0", "microbrewery": "yes", "name": "Day Block Brewing Company", "opening_hours": "Mo-Su 11:00-01:00", "phone": "+1-612-617-7793", "website": "https://www.dayblockbrewing.com/"}}, "geometry": {"type": "Point", "coordinates": [-93.2531116, 44.9751548]}}, {"type": "Feature", "properties": {"osm_type": "node", "osm_id": 2672101318, "tags": {"addr:city": "Minneapolis", "addr:housenumber": "2014", "addr:postcode": "55411", "addr:street": "North Washington Avenue", "craft": "brewery", "name": "Boom Island Brewing Company", "opening_hours": "We-Fr 16:00-21:00; Su 13:00-21:00", "phone": "+1-612-227-9635", "website": "https://www.boomislandbrewing.com/"}}, "geometry": {"type": "Point", "coordinates": [-93.281608, 44.9998557]}}, {"type": "Feature", "properties": {"osm_type": "node", "osm_id": 2727036867, "tags": {"addr:city": "Stillwater", "addr:housenumber": "1900", "addr:postcode": "55082", "addr:street": "Tower Drive West", "craft": "brewery", "microbrewery": "yes", "name": "Lift Bridge Brewery", "website": "https://liftbridgebrewery.com/"}}, "geometry": {"type": "Point", "coordinates": [-92.8317848, 45.0391054]}}, {"type": "Feature", "properties": {"osm_type": "node", "osm_id": 2869532236, "tags": {"addr:city": "Plymouth", "addr:housenumber": "222", "addr:postcode": "53073", "addr:state": "WI", "addr:street": "East Mill Street", "craft": "brewery", "name": "Plymouth Brewing Co.", "opening_hours": "Th 17:00-22:00; Fr-Sa 17:00-23:00", "phone": "+1-920-400-1722", "website": "https://www.plymouthbrewingcompany.com/"}}, "geometry": {"type": "Point", "coordinates": [-87.9779269, 43.7477822]}}, {"type": "Feature", "properties": {"osm_type": "node", "osm_id": 2876171141, "tags": {"addr:city": "Saint Paul", "addr:housenumber": "125", "addr:postcode": "55101", "addr:state": "MN", "addr:street": "East 9th Street", "addr:unit": "Unit 127", "amenity": "pub", "craft": "brewery", "email": "robot@twbrewing.com", "microbrewery": "yes", "name": "Tin Whiskers Brewing Company", "opening_hours": "We-Th 16:00-22:00; Fr 15:00-23:00; Sa 12:00-23:00", "opening_hours:covid19": "Mo-Tu 14:00-20:00; We-Th 15:00-22:00; Fr 14:00-22:00; Sa 12:00-22:00; Su 12:00-18:00", "phone": "+1-651-330-4734", "website": "https://twbrewing.com/"}}, "geometry": {"type": "Point", "coordinates": [-93.0935724, 44.9508421]}}, {"type": "Feature", "properties": {"osm_type": "node", "osm_id": 2911862313, "tags": {"addr:city": "Roseville", "addr:housenumber": "2704", "addr:postcode": "55113", "addr:state": "MN", "addr:street": "Snelling Avenue North", "brand:wikidata": "Q6208210", "craft": "brewery", "name": "High Pines Brewing Company", "outdoor_seating": "yes", "website": "https://www.highpinesbrewing.com/"}}, "geometry": {"type": "Point", "coordinates": [-93.1650446, 45.0221158]}}, {"type": "Feature", "properties": {"osm_type": "node", "osm_id": 3575696594, "tags": {"addr:city": "Two Harbors", "addr:housenumber": "17", "addr:postcode": "55616", "addr:state": "MN", "addr:street": "7th Street", "check_date": "2026-05-15", "craft": "brewery", "microbrewery": "yes", "name": "Castle Danger Brewery", "opening_hours": "Mo-Th, Su 12:00-21:00; Fr, Sa 12:00-22:00", "operator": "Castle Danger", "payment:cash": "yes", "payment:credit_cards": "yes", "payment:debit_cards": "yes", "phone": "+1-218-834-5800", "product": "beer", "website": "https://castledangerbrewery.com"}}, "geometry": {"type": "Point", "coordinates": [-91.6731853, 47.0194124]}}, {"type": "Feature", "properties": {"osm_type": "node", "osm_id": 3645483344, "tags": {"amenity": "restaurant", "craft": "brewery", "indoor_seating": "yes", "microbrewery": "yes", "name": "The Freehouse", "operator": "Blue Plate Restaurant Company", "outdoor_seating": "yes", "phone": "+1 612 339 7011", "website": "https://www.freehousempls.com/"}}, "geometry": {"type": "Point", "coordinates": [-93.2773417, 44.9876648]}}, {"type": "Feature", "properties": {"osm_type": "node", "osm_id": 3913255276, "tags": {"addr:city": "Wausau", "addr:housenumber": "612", "addr:postcode": "54403", "addr:state": "WI", "addr:street": "Washington Street", "amenity": "bar", "craft": "brewery", "name": "Red Eye Brewing Company", "product": "beer", "website": "http://www.redeyebrewing.com/"}}, "geometry": {"type": "Point", "coordinates": [-89.6228425, 44.9588496]}}, {"type": "Feature", "properties": {"osm_type": "node", "osm_id": 4041072789, "tags": {"addr:city": "Minneapolis", "addr:housename": "La Salle Plaza", "addr:housenumber": "825", "addr:postcode": "55402", "addr:state": "MN", "addr:street": "Hennepin Avenue", "amenity": "restaurant", "craft": "brewery", "name": "CRAVE"}}, "geometry": {"type": "Point", "coordinates": [-93.2765764, 44.9763819]}}, {"type": "Feature", "properties": {"osm_type": "node", "osm_id": 4767733260, "tags": {"addr:city": "Saint Paul", "addr:housenumber": "755", "addr:postcode": "55104", "addr:state": "MN", "addr:street": "North Prior Avenue", "check_date": "2025-07-21", "craft": "brewery", "email": "info@blackstackbrewing.com", "internet_access": "wlan", "internet_access:fee": "customers", "level": "0", "name": "BlackStack Brewing", "opening_hours": "Mo-Th 14:00-22:00; Fr-Sa 12:00-24:00; Su 12:00-22:00", "payment:mastercard": "yes", "payment:visa": "yes", "phone": "+1-651-808-0747", "product": "beer", "website": "https://www.blackstackbrewing.com/", "wheelchair": "yes"}}, "geometry": {"type": "Point", "coordinates": [-93.1827333, 44.9654101]}}, {"type": "Feature", "properties": {"osm_type": "node", "osm_id": 4781849136, "tags": {"addr:city": "Eau Claire", "addr:housenumber": "4212", "addr:postcode": "54701", "addr:state": "WI", "addr:street": "Southtowne Drive", "craft": "brewery", "name": "K Point Brewing"}}, "geometry": {"type": "Point", "coordinates": [-91.4618472, 44.7736479]}}, {"type": "Feature", "properties": {"osm_type": "node", "osm_id": 4783939028, "tags": {"craft": "brewery", "name": "Amery Ale Works"}}, "geometry": {"type": "Point", "coordinates": [-92.3965979, 45.2935854]}}, {"type": "Feature", "properties": {"osm_type": "node", "osm_id": 4852218693, "tags": {"craft": "brewery", "name": "Okoboji Brewing Company"}}, "geometry": {"type": "Point", "coordinates": [-95.1262322, 43.4059902]}}, {"type": "Feature", "properties": {"osm_type": "node", "osm_id": 4852527981, "tags": {"craft": "brewery", "name": "West O Beer"}}, "geometry": {"type": "Point", "coordinates": [-95.1504676, 43.3455413]}}, {"type": "Feature", "properties": {"osm_type": "node", "osm_id": 4949788861, "tags": {"addr:city": "Green Bay", "addr:housenumber": "200", "addr:postcode": "54303", "addr:state": "WI", "addr:street": "Dousman Street", "craft": "brewery", "name": "Titletown Brewing Company"}}, "geometry": {"type": "Point", "coordinates": [-88.0191134, 44.5200644]}}, {"type": "Feature", "properties": {"osm_type": "node", "osm_id": 4962778867, "tags": {"addr:city": "Baraboo", "addr:housenumber": "300", "addr:postcode": "53913", "addr:street": "Water Street", "amenity": "restaurant", "contact:email": "info@driftlessglen.com", "contact:phone": "+1 608 356 4536", "contact:website": "http://driftlessglen.com", "craft": "distillery", "cuisine": "american;burger", "delivery": "no", "internet_access": "wlan", "internet_access:fee": "no", "name": "Driftless Glen Distillery", "opening_hours": "Mo-Tu,Su 11:00-20:00;We-Th 11:00-21:00;Fr-Sa 11:00-22:00;PH closed", "outdoor_seating": "yes", "reservation": "yes", "start_date": "2015", "takeaway": "yes", "toilets": "yes", "toilets:access": "customers", "toilets:wheelchair": "yes"}}, "geometry": {"type": "Point", "coordinates": [-89.7386104, 43.4669842]}}, {"type": "Feature", "properties": {"osm_type": "node", "osm_id": 5057486710, "tags": {"addr:city": "Wausau", "addr:housenumber": "901", "addr:postcode": "54403", "addr:state": "WI", "addr:street": "East Thomas Street", "craft": "brewery", "name": "Bull Falls Brewery", "product": "beer", "website": "https://www.bullfallsbrewery.com/"}}, "geometry": {"type": "Point", "coordinates": [-89.6173689, 44.9513553]}}, {"type": "Feature", "properties": {"osm_type": "node", "osm_id": 5091712141, "tags": {"addr:city": "Minneapolis", "addr:housenumber": "1401", "addr:postcode": "55411", "addr:state": "MN", "addr:street": "West River Road North", "check_date": "2024-08-16", "craft": "brewery", "microbrewery": "yes", "name": "Pryes Brewing Company", "opening_hours": "Mo-We 11:00-23:00; Th-Sa 11:00-00:00; Su 11:00-22:00", "outdoor_seating": "yes", "phone": "+1-612-787-7937", "product": "beer", "website": "https://www.pryesbrewing.com/"}}, "geometry": {"type": "Point", "coordinates": [-93.2763222, 44.9935022]}}, {"type": "Feature", "properties": {"osm_type": "node", "osm_id": 5120298418, "tags": {"addr:city": "Minneapolis", "addr:housenumber": "3055", "addr:postcode": "55418", "addr:state": "MN", "addr:street": "Northeast Columbia Avenue", "addr:unit": "102", "craft": "brewery", "microbrewery": "yes", "name": "56 Brewing", "opening_hours": "Fr-Sa 12:00-00:00; Th 16:00-23:00; Mo-We 16:00-22:00; Su 11:00-20:00", "phone": "+1 612 404 0056", "product": "beer", "website": "https://56brewing.com/"}}, "geometry": {"type": "Point", "coordinates": [-93.2721458, 45.0235903]}}, {"type": "Feature", "properties": {"osm_type": "node", "osm_id": 5154987011, "tags": {"addr:city": "Lakeville", "addr:country": "US", "addr:housenumber": "20841", "addr:postcode": "55044", "addr:state": "MN", "addr:street": "Holyoke Avenue", "craft": "brewery", "cuisine": "grill;burger", "email": "angryinchbrewing@gmail.com", "name": "Angry Inch Brewing", "opening_hours": "We,Th 14:00-22:00; Fr,Sa 12:00-00:00, Su 12:00-20:00", "phone": "+1-952-683-9000", "website": "https://www.angryinchbrewing.com"}}, "geometry": {"type": "Point", "coordinates": [-93.2429994, 44.6476203]}}, {"type": "Feature", "properties": {"osm_type": "node", "osm_id": 5154987045, "tags": {"addr:city": "Lakeville", "addr:country": "US", "addr:housenumber": "8790", "addr:postcode": "55044", "addr:state": "MN", "addr:street": "Upper 208th Street West", "amenity": "pub", "craft": "brewery", "email": "owners@lakevillebrewing.com", "microbrewery": "yes", "name": "Lakeville Brewing Company", "opening_hours": "Mo,Tu 15:00-22:00; We,Th 11:00-22:00; Fr 11:00-23:00; Sa 10:00-23:00; Su 10:00-21:00", "outdoor_seating": "yes", "phone": "+1-952-469-2739", "website": "https://www.lakevillebrewing.com"}}, "geometry": {"type": "Point", "coordinates": [-93.2438161, 44.6477282]}}, {"type": "Feature", "properties": {"osm_type": "node", "osm_id": 5169238740, "tags": {"addr:city": "Hayward", "addr:housenumber": "10440", "addr:state": "WI", "addr:street": "Florida Avenue", "craft": "brewery", "description": "The Angry Minnow Brew Pub Restaurant.", "name": "Angry Minnow Brewery", "opening_hours": "Tu-Th 11:00-20:00; Fr, Sa 11:00-21:00", "phone": "+1-715-934-3055", "website": "https://angryminnow.com/"}}, "geometry": {"type": "Point", "coordinates": [-91.4888597, 46.0105533]}}, {"type": "Feature", "properties": {"osm_type": "node", "osm_id": 5169253013, "tags": {"addr:city": "Duluth", "addr:housenumber": "1912", "addr:postcode": "55806", "addr:state": "MN", "addr:street": "W Michigan St", "check_date": "2025-10-07", "craft": "brewery", "email": "info@bentpaddlebrewing.com", "microbrewery": "yes", "name": "Bent Paddle Brewing Co. - Brewery + Taproom", "opening_hours": "Tu-Th 12:00-22:00; Fr, Sa 12:00-23:00; Su 12:00-19:00", "phone": "+1-218-279-2722", "website": "http://www.bentpaddlebrewing.com/"}}, "geometry": {"type": "Point", "coordinates": [-92.1209316, 46.7684227]}}, {"type": "Feature", "properties": {"osm_type": "node", "osm_id": 5223931874, "tags": {"addr:city": "Saint Paul", "addr:housenumber": "550", "addr:postcode": "55114", "addr:state": "MN", "addr:street": "Vandalia Street", "addr:unit": "#160", "check_date": "2024-08-16", "craft": "brewery", "microbrewery": "yes", "name": "Lake Monster Brewing", "opening_hours": "Mo-Th 15:00-22:00; Fr 14:00-00:00; Sa 12:00-00:00; Su 12:00-20:00", "outdoor_seating": "yes", "phone": "+1-612-964-6288", "product": "beer", "website": "https://www.lakemonsterbrewing.com/"}}, "geometry": {"type": "Point", "coordinates": [-93.1909178, 44.9577686]}}, {"type": "Feature", "properties": {"osm_type": "node", "osm_id": 5296713682, "tags": {"addr:city": "Minneapolis", "addr:housenumber": "3550", "addr:postcode": "55406", "addr:state": "MN", "addr:street": "East 46th Street", "addr:unit": "#140", "check_date": "2024-08-16", "craft": "brewery", "microbrewery": "yes", "name": "Venn Brewing Co.", "outdoor_seating": "yes", "product": "beer", "website": "https://www.vennbrewing.com/"}}, "geometry": {"type": "Point", "coordinates": [-93.2197754, 44.9199757]}}, {"type": "Feature", "properties": {"osm_type": "node", "osm_id": 5417497378, "tags": {"amenity": "pub", "craft": "brewery", "layer": "-1", "level": "-1", "microbrewery": "yes", "name": "Gambit Brewing"}}, "geometry": {"type": "Point", "coordinates": [-93.0894472, 44.947066]}}, {"type": "Feature", "properties": {"osm_type": "node", "osm_id": 5464931828, "tags": {"addr:city": "Minneapolis", "addr:housenumber": "3038", "addr:postcode": "55406", "addr:state": "MN", "addr:street": "Minnehaha Avenue", "amenity": "bar", "check_date": "2026-07-19", "check_date:opening_hours": "2026-05-01", "craft": "brewery", "internet_access": "wlan", "microbrewery": "yes", "name": "Arbeiter Brewery", "opening_hours": "Mo-Th 16:00-22:00; Fr-Sa 12:00-22:00; Su 12:00-20:00", "outdoor_seating": "yes", "payment:cash": "yes", "payment:credit_cards": "yes", "payment:debit_cards": "yes", "phone": "+1-612-438-2437", "product": "beer", "website": "https://arbeiterbrewing.com/", "wheelchair": "yes"}}, "geometry": {"type": "Point", "coordinates": [-93.233691, 44.9471797]}}, {"type": "Feature", "properties": {"osm_type": "node", "osm_id": 5512284666, "tags": {"addr:city": "Minneapolis", "addr:housenumber": "1368", "addr:postcode": "55403", "addr:state": "MN", "addr:street": "LaSalle Avenue", "check_date": "2026-05-11", "craft": "brewery", "level": "0", "name": "Br\u00fchaven Craft Company", "opening_hours": "Mo 07:00-14:00; Tu-Th 07:00-21:00; Fr 07:00-23:00; Sa 09:00-23:00", "product": "beer;coffee", "website": "https://bruhaven.com/"}}, "geometry": {"type": "Point", "coordinates": [-93.2794814, 44.9689418]}}, {"type": "Feature", "properties": {"osm_type": "node", "osm_id": 5515467521, "tags": {"craft": "brewery", "microbrewery": "yes", "name": "LTS Brewery"}}, "geometry": {"type": "Point", "coordinates": [-92.5104808, 44.0447412]}}, {"type": "Feature", "properties": {"osm_type": "node", "osm_id": 5599281268, "tags": {"addr:city": "Anoka", "addr:housenumber": "2005", "addr:postcode": "55303", "addr:state": "MN", "addr:street": "2nd Avenue", "craft": "brewery", "microbrewery": "yes", "name": "10k Brewing", "opening_hours": "Mo-Tu 16:00-21:00; We-Th 15:00-22:00; Fr 13:00 - 23:00; Sa 12:00 - 23:00; Su 12:00 - 21:00", "phone": "+1-763-392-4753", "product": "beer", "website": "https://10kbrew.com/"}}, "geometry": {"type": "Point", "coordinates": [-93.3895499, 45.1982659]}}, {"type": "Feature", "properties": {"osm_type": "node", "osm_id": 5637951085, "tags": {"addr:city": "Minneapolis", "addr:housenumber": "861", "addr:postcode": "55414", "addr:state": "MN", "addr:street": "East Hennepin Avenue", "craft": "brewery", "level": "0", "name": "Dangerous Man Brewing", "opening_hours": "Mo-Th 14:00-22:00; Fr 14:00-23:00; Sa 12:00-23:00; Su 12:00-20:00"}}, "geometry": {"type": "Point", "coordinates": [-93.243965, 44.9917491]}}, {"type": "Feature", "properties": {"osm_type": "node", "osm_id": 5735340538, "tags": {"addr:city": "Saint Paul", "addr:housenumber": "725", "addr:postcode": "55114", "addr:state": "MN", "addr:street": "Raymond Avenue", "check_date": "2025-05-30", "craft": "brewery", "microbrewery": "yes", "name": "Dual Citizen Brewing", "opening_hours": "Tu-Fr 15:00-22:00; Sa 12:00-22:00; Su 12:00-18:00", "outdoor_seating": "yes", "phone": "+1-651-330-4750", "website": "https://dcbc.com/"}}, "geometry": {"type": "Point", "coordinates": [-93.1978006, 44.9631096]}}, {"type": "Feature", "properties": {"osm_type": "node", "osm_id": 5767101588, "tags": {"addr:city": "Marquette", "addr:housenumber": "119", "addr:postcode": "49855", "addr:state": "MI", "addr:street": "South Front Street", "amenity": "restaurant", "craft": "brewery", "name": "The Vierling", "opening_hours": "Mo-Sa 11:00-22:00", "outdoor_seating": "no", "phone": "+1-906-228-3533", "website": "http://thevierling.com/"}}, "geometry": {"type": "Point", "coordinates": [-87.3928901, 46.5425512]}}, {"type": "Feature", "properties": {"osm_type": "node", "osm_id": 5774178453, "tags": {"addr:city": "Marquette", "addr:housenumber": "260", "addr:postcode": "49855", "addr:state": "MI", "addr:street": "Northwoods Road", "alt_name": "Barrel and Beam", "craft": "brewery", "email": "barrelandbeam@gmail.com", "name": "Barrel + Beam", "opening_hours": "Th-Sa 12:00-22:00", "phone": "+1-906-273-2559", "website": "https://barrelandbeam.com/"}}, "geometry": {"type": "Point", "coordinates": [-87.4722168, 46.54578]}}, {"type": "Feature", "properties": {"osm_type": "node", "osm_id": 5850666356, "tags": {"craft": "brewery", "name": "North Channel Brewing Company"}}, "geometry": {"type": "Point", "coordinates": [-86.3239607, 44.249153]}}, {"type": "Feature", "properties": {"osm_type": "node", "osm_id": 6037514895, "tags": {"addr:city": "Duluth", "addr:housenumber": "325", "addr:postcode": "55802", "addr:state": "MN", "addr:street": "South Lake Avenue", "craft": "brewery", "microbrewery": "yes", "name": "Hoops Brewing Company", "opening_hours": "11:00-24:00", "product": "beer", "website": "https://hoopsbrewing.com/"}}, "geometry": {"type": "Point", "coordinates": [-92.0963443, 46.7835667]}}, {"type": "Feature", "properties": {"osm_type": "node", "osm_id": 6125650764, "tags": {"addr:city": "Minneapolis", "addr:housenumber": "225", "addr:postcode": "55405", "addr:state": "MN", "addr:street": "Thomas Avenue North", "addr:unit": "700", "check_date": "2024-08-16", "craft": "brewery", "microbrewery": "yes", "name": "Utepils Brewing", "outdoor_seating": "yes", "phone": "+1 612-249-7800", "website": "https://utepilsbrewing.com/"}}, "geometry": {"type": "Point", "coordinates": [-93.3123529, 44.9787458]}}, {"type": "Feature", "properties": {"osm_type": "node", "osm_id": 6125673051, "tags": {"addr:housenumber": "1620", "addr:postcode": "55413", "addr:street": "Central Avenue Northeast", "addr:unit": "150", "craft": "distillery", "name": "Tattersall Distilling", "opening_hours": "We-Th 16:00-23:00; Fr 16:00-00:00; Sa 12:00-00:00; Su 14:00-21:00", "outdoor_seating": "yes", "phone": "+1-612-584-4152", "website": "https://tattersalldistilling.com/cocktail-room/"}}, "geometry": {"type": "Point", "coordinates": [-93.248862, 45.0050791]}}, {"type": "Feature", "properties": {"osm_type": "node", "osm_id": 6141476795, "tags": {"amenity": "pub", "craft": "brewery", "microbrewery": "yes", "name": "Ineffable Brewing", "website": "https://ineffablebrewing.com/"}}, "geometry": {"type": "Point", "coordinates": [-93.3037032, 44.7458236]}}, {"type": "Feature", "properties": {"osm_type": "node", "osm_id": 6265036097, "tags": {"addr:city": "Saint Paul", "addr:housenumber": "2325", "addr:postcode": "55114", "addr:state": "MN", "addr:street": "Endicott Street", "craft": "brewery", "name": "Urban Growler Brewing Co.", "opening_hours": "Tu-Th 11:00-21:00; Fr-Sa 11:00-23:00; Su 11:00-20:00", "opening_hours:covid19": "Su,We,Th 12:00-19:00; Fr-Sa 12:00-21:00", "outdoor_seating": "patio", "phone": "+1-651-340-5793", "website": "https://www.urbangrowlerbrewing.com", "wheelchair": "yes"}}, "geometry": {"type": "Point", "coordinates": [-93.1927986, 44.9701077]}}, {"type": "Feature", "properties": {"osm_type": "node", "osm_id": 6335683357, "tags": {"amenity": "bar", "craft": "brewery", "name": "Pearl Street Brewery"}}, "geometry": {"type": "Point", "coordinates": [-91.2358354, 43.8347438]}}, {"type": "Feature", "properties": {"osm_type": "node", "osm_id": 6351565786, "tags": {"addr:city": "De Pere", "addr:housenumber": "2665", "addr:postcode": "54311", "addr:state": "WI", "addr:street": "Monroe Road", "craft": "brewery", "name": "Bellevue Taphouse", "opening_hours": "Tu-Th 11:00-21:00; Mo,Su 11:00-19:00; Fr-Sa 11:00-23:00", "phone": "+1 920-425-3080", "website": "https://www.bellevuetaphouse.com/"}}, "geometry": {"type": "Point", "coordinates": [-87.9943035, 44.4529434]}}, {"type": "Feature", "properties": {"osm_type": "node", "osm_id": 6388493161, "tags": {"addr:housenumber": "2931", "addr:postcode": "55418", "addr:street": "Northeast Central Avenue", "amenity": "bar", "craft": "distillery", "name": "Twin Spirits Distillery &M Coffee Shop", "opening_hours": "We-Th 16:00-23:00; Fr 16:00-24:00; Sa 15:00-24:00", "outdoor_seating": "yes", "phone": "+1-612-353-5274", "short_name": "Twin Spirits", "website": "https://twinspirits.us"}}, "geometry": {"type": "Point", "coordinates": [-93.2468805, 45.0213142]}}, {"type": "Feature", "properties": {"osm_type": "node", "osm_id": 6434775875, "tags": {"addr:city": "Minnetonka", "addr:housenumber": "14625", "addr:postcode": "55345", "addr:state": "MN", "addr:street": "Excelsior Boulevard", "craft": "brewery", "name": "Unmapped Brewing Co.", "opening_hours": "Su 12:00-19:00; Mo-Th 15:00-22:00; Fr-Sa 12:00-23:00", "product": "beer", "website": "https://unmappedbrewing.com/"}}, "geometry": {"type": "Point", "coordinates": [-93.4659161, 44.9038255]}}, {"type": "Feature", "properties": {"osm_type": "node", "osm_id": 6506822850, "tags": {"addr:city": "Eagan", "addr:housenumber": "2020", "addr:postcode": "55122", "addr:state": "MN", "addr:street": "Silver Bell Road", "addr:unit": "28", "contact:instagram": "baldmanbrewingco", "contact:twitter": "BaldManBrewing", "craft": "brewery", "microbrewery": "yes", "name": "Bald Man Brewing", "opening_hours": "Mo-We 15:00-22:00; Th 15:00-23:00; Sa 11:00-00:00; Su 11:00-21:00; Fr 12:00-00:00", "phone": "+1-651-600-3164", "website": "https://www.baldmanbrewing.com/"}}, "geometry": {"type": "Point", "coordinates": [-93.211085, 44.8195626]}}, {"type": "Feature", "properties": {"osm_type": "node", "osm_id": 6506822855, "tags": {"addr:city": "Saint Paul", "addr:housenumber": "248", "addr:postcode": "55101", "addr:state": "MN", "addr:street": "7th Street East", "check_date": "2026-02-28", "craft": "brewery", "microbrewery": "yes", "name": "Barrel Theory Beer Company"}}, "geometry": {"type": "Point", "coordinates": [-93.088237, 44.9509013]}}, {"type": "Feature", "properties": {"osm_type": "node", "osm_id": 6506822856, "tags": {"addr:city": "St. Cloud", "addr:housenumber": "216", "addr:postcode": "56301", "addr:state": "MN", "addr:street": "6th Avenue South", "craft": "brewery", "microbrewery": "yes", "name": "Beaver Island Brewing Company", "opening_hours": "Tu-We 15:00-20:00,Th 15:00-21:00, Fr-Sa 12:00-22:00", "phone": "+1-320-253-5907", "website": "https://www.beaverislandbrew.com/"}}, "geometry": {"type": "Point", "coordinates": [-94.156902, 45.558429]}}, {"type": "Feature", "properties": {"osm_type": "node", "osm_id": 6506822857, "tags": {"addr:city": "Roseville", "addr:housenumber": "1744", "addr:postcode": "55113", "addr:state": "MN", "addr:street": "Terrace Drive", "craft": "brewery", "microbrewery": "yes", "name": "Bent Brewstillery"}}, "geometry": {"type": "Point", "coordinates": [-93.1738299, 45.0245441]}}, {"type": "Feature", "properties": {"osm_type": "node", "osm_id": 6506856705, "tags": {"addr:city": "Brooklyn Park", "addr:housenumber": "8515", "addr:postcode": "55443", "addr:state": "MN", "addr:street": "Edinburgh Centre Drive", "craft": "brewery", "microbrewery": "yes", "name": "Blue Wolf Brewing Company"}}, "geometry": {"type": "Point", "coordinates": [-93.3066287, 45.1092923]}}, {"type": "Feature", "properties": {"osm_type": "node", "osm_id": 6506984329, "tags": {"addr:city": "Minneapolis", "addr:housenumber": "1712", "addr:postcode": "55413", "addr:state": "MN", "addr:street": "Marshall St NE", "addr:unit": "Suite 100", "craft": "brewery", "dog": "yes", "microbrewery": "yes", "name": "Broken Clock Brewing Cooperative", "opening_hours": "Mo-Th 16:00-22:00; Fr-Sa 12:00-23:00; Su 12:00-20:00; PH off", "operator:type": "cooperative", "outdoor_seating": "yes", "phone": "+1-612-440-4570", "website": "https://www.brokenclockbrew.com/"}}, "geometry": {"type": "Point", "coordinates": [-93.2718261, 45.005244]}}, {"type": "Feature", "properties": {"osm_type": "node", "osm_id": 6507015828, "tags": {"addr:city": "Willmar", "addr:housenumber": "313", "addr:postcode": "56201", "addr:state": "MN", "addr:street": "4th Street Southwest", "craft": "brewery", "microbrewery": "yes", "name": "Foxhole Brewhouse"}}, "geometry": {"type": "Point", "coordinates": [-95.0476734, 45.1208261]}}, {"type": "Feature", "properties": {"osm_type": "node", "osm_id": 6507015829, "tags": {"addr:city": "Saint Paul", "addr:housenumber": "928", "addr:postcode": "55102", "addr:state": "MN", "addr:street": "7th Street West", "addr:unit": "201", "craft": "brewery", "microbrewery": "yes", "name": "Clutch Brewing Company"}}, "geometry": {"type": "Point", "coordinates": [-93.1247923, 44.9287388]}}, {"type": "Feature", "properties": {"osm_type": "node", "osm_id": 6507015835, "tags": {"addr:city": "New London", "addr:housenumber": "17", "addr:postcode": "56273", "addr:state": "MN", "addr:street": "Central Avenue West", "craft": "brewery", "microbrewery": "yes", "name": "Goat Ridge Brewing Company"}}, "geometry": {"type": "Point", "coordinates": [-94.9446375, 45.3011366]}}, {"type": "Feature", "properties": {"osm_type": "node", "osm_id": 6507015842, "tags": {"addr:city": "vi", "addr:housenumber": "1495", "addr:postcode": "55386", "addr:state": "MN", "addr:street": "Steiger Lake Lane", "craft": "brewery", "microbrewery": "yes", "name": "ENKI Brewing Company"}}, "geometry": {"type": "Point", "coordinates": [-93.6564215, 44.8613815]}}, {"type": "Feature", "properties": {"osm_type": "node", "osm_id": 6507047527, "tags": {"craft": "brewery", "microbrewery": "yes", "name": "Jack Pine Brewery"}}, "geometry": {"type": "Point", "coordinates": [-94.25289, 46.3774706]}}, {"type": "Feature", "properties": {"osm_type": "node", "osm_id": 6507047528, "tags": {"addr:city": "Duluth", "addr:housenumber": "2711", "addr:postcode": "55806", "addr:state": "MN", "addr:street": "West Superior Street", "addr:unit": "204", "craft": "brewery", "microbrewery": "yes", "name": "Warrior Brewing Company", "source": "esri_USDOT_St.LouisCountyMN"}}, "geometry": {"type": "Point", "coordinates": [-92.1333626, 46.7610604]}}, {"type": "Feature", "properties": {"osm_type": "node", "osm_id": 6507047529, "tags": {"addr:city": "Hopkins", "addr:housenumber": "8", "addr:postcode": "55343", "addr:state": "MN", "addr:street": "8th Avenue North", "check_date": "2024-10-23", "craft": "brewery", "microbrewery": "yes", "name": "LTD Brewing Co.", "phone": "+1-952-938-2415", "website": "http://www.ltdbrewing.com"}}, "geometry": {"type": "Point", "coordinates": [-93.4099264, 44.924744]}}, {"type": "Feature", "properties": {"osm_type": "node", "osm_id": 6507097393, "tags": {"addr:city": "Big Lake", "addr:housenumber": "570", "addr:postcode": "55309", "addr:state": "MN", "addr:street": "Humbolt Drive Northwest", "craft": "brewery", "microbrewery": "yes", "name": "Lupulin Brewing"}}, "geometry": {"type": "Point", "coordinates": [-93.7395926, 45.331654]}}, {"type": "Feature", "properties": {"osm_type": "node", "osm_id": 6507097404, "tags": {"craft": "brewery", "microbrewery": "yes", "name": "Montgomery Brewing Company"}}, "geometry": {"type": "Point", "coordinates": [-93.5831248, 44.4414646]}}, {"type": "Feature", "properties": {"osm_type": "node", "osm_id": 6507097405, "tags": {"addr:city": "Shoreview", "addr:housenumber": "3673", "addr:postcode": "55126", "addr:state": "MN", "addr:street": "Lexington Avenue North", "amenity": "restaurant", "craft": "brewery", "cuisine": "indian", "food": "yes", "name": "Namaste India Grill & Brewhouse", "phone": "+1-651-330-6522"}}, "geometry": {"type": "Point", "coordinates": [-93.148523, 45.0519834]}}, {"type": "Feature", "properties": {"osm_type": "node", "osm_id": 6507097407, "tags": {"addr:city": "Red Wing", "addr:housenumber": "1411", "addr:postcode": "55066", "addr:state": "MN", "addr:street": "Old West Main Street", "amenity": "pub", "craft": "brewery", "microbrewery": "yes", "name": "Red Wing Brewery"}}, "geometry": {"type": "Point", "coordinates": [-92.5473499, 44.5626044]}}, {"type": "Feature", "properties": {"osm_type": "node", "osm_id": 6507097409, "tags": {"addr:city": "Monticello", "addr:housenumber": "105", "addr:postcode": "55362", "addr:state": "MN", "addr:street": "West 3rd Street", "craft": "brewery", "name": "Rustech Brewing Company"}}, "geometry": {"type": "Point", "coordinates": [-93.7956286, 45.3059177]}}, {"type": "Feature", "properties": {"osm_type": "node", "osm_id": 6507159244, "tags": {"addr:city": "Pine City", "addr:housenumber": "135", "addr:postcode": "55063", "addr:state": "MN", "addr:street": "5th Street Southeast", "craft": "brewery", "microbrewery": "yes", "name": "Three Twenty Brewing Co."}}, "geometry": {"type": "Point", "coordinates": [-92.9704198, 45.8260703]}}, {"type": "Feature", "properties": {"osm_type": "node", "osm_id": 6534515455, "tags": {"addr:city": "Hutchinson", "addr:housenumber": "900", "addr:postcode": "55350", "addr:state": "MN", "addr:street": "Highway 15 S", "check_date": "2024-07-08", "craft": "brewery", "name": "Bobbing Bobber Brewing Company", "opening_hours": "Mo-Tu closed; We-Su 11:00-23:00", "operator": "Dan Hart", "product": "beer;food"}}, "geometry": {"type": "Point", "coordinates": [-94.3718136, 44.8814662]}}, {"type": "Feature", "properties": {"osm_type": "node", "osm_id": 6604195356, "tags": {"addr:city": "Saint Paul", "addr:housenumber": "767", "addr:postcode": "55114", "addr:state": "MN", "addr:street": "North Eustis Street", "addr:unit": "Suite 115", "check_date": "2024-10-06", "craft": "brewery", "name": "The Lab - Brewery, Pilot Facility & Taproom", "phone": "+1 651 313 6888", "product": "beer", "website": "https://www.thelabmn.com/"}}, "geometry": {"type": "Point", "coordinates": [-93.2031011, 44.9620643]}}, {"type": "Feature", "properties": {"osm_type": "node", "osm_id": 6776041942, "tags": {"addr:city": "Menomonie", "addr:housenumber": "624", "addr:postcode": "54751", "addr:state": "WI", "addr:street": "Main Street East", "amenity": "bar", "craft": "brewery", "name": "Zymurgy Brewing Company", "opening_hours": "Tu-Th 15:00-02:00; Fr 14:00-22:00; Sa 14:00-18:00"}}, "geometry": {"type": "Point", "coordinates": [-91.922481, 44.8761432]}}, {"type": "Feature", "properties": {"osm_type": "node", "osm_id": 7085180554, "tags": {"addr:city": "Somerset", "addr:housenumber": "350", "addr:postcode": "54025", "addr:state": "WI", "addr:street": "Main Street", "addr:unit": "2", "craft": "brewery", "name": "Oliphant Brewing"}}, "geometry": {"type": "Point", "coordinates": [-92.6784134, 45.122656]}}, {"type": "Feature", "properties": {"osm_type": "node", "osm_id": 7403806997, "tags": {"addr:city": "Hastings", "addr:housenumber": "110", "addr:postcode": "55033", "addr:state": "MN", "addr:street": "2nd Street East", "air_conditioning": "yes", "craft": "brewery", "name": "Spiral Brewery", "product": "beer", "website": "http://spiralbrewery.com/"}}, "geometry": {"type": "Point", "coordinates": [-92.8518588, 44.7445423]}}, {"type": "Feature", "properties": {"osm_type": "node", "osm_id": 7487443810, "tags": {"craft": "distillery", "name": "Cantilever Distillery"}}, "geometry": {"type": "Point", "coordinates": [-93.3481337, 48.6151192]}}, {"type": "Feature", "properties": {"osm_type": "node", "osm_id": 7515951164, "tags": {"addr:unit": "G", "contact:facebook": "https://www.facebook.com/D1Brewing/", "craft": "brewery", "name": "District 1 Brewing Company", "opening_hours": "Mo-Sa 11:00-23:00; Su 11:00-20:00", "phone": "+1 715-544-6707", "product": "beer", "website": "http://district1brewing.com/"}}, "geometry": {"type": "Point", "coordinates": [-89.5757178, 44.5325319]}}, {"type": "Feature", "properties": {"osm_type": "node", "osm_id": 7575791561, "tags": {"check_date": "2025-09-23", "craft": "brewery", "name": "The Brewing Projekt"}}, "geometry": {"type": "Point", "coordinates": [-91.509136, 44.8176263]}}, {"type": "Feature", "properties": {"osm_type": "node", "osm_id": 7627066171, "tags": {"craft": "brewery", "name": "Elm Creek Brewing"}}, "geometry": {"type": "Point", "coordinates": [-93.3905413, 45.1624297]}}, {"type": "Feature", "properties": {"osm_type": "node", "osm_id": 7734021060, "tags": {"addr:city": "Golden Valley", "addr:housenumber": "8806", "addr:postcode": "55427", "addr:state": "MN", "addr:street": "7th Avenue North", "air_conditioning": "yes", "craft": "brewery", "name": "Under Pressure Brewing", "opening_hours": "We-Th 15:00-20:00, Fr 15:00-21:00, Sa 13:00-21:00, Su 13:00-17:00", "opening_hours:url": "https://www.underpressurebrewing.com/"}}, "geometry": {"type": "Point", "coordinates": [-93.3909248, 44.9862459]}}, {"type": "Feature", "properties": {"osm_type": "node", "osm_id": 8018605100, "tags": {"addr:city": "Northfield", "addr:housenumber": "1325", "addr:postcode": "55057", "addr:state": "MN", "addr:street": "Armstrong Road", "addr:unit": "Suite 165", "contact:twitter": "LoonLiquors", "craft": "distillery", "name": "Loon Liquors", "opening_hours:covid19": "Th 16:00-20:00; Fr 16:00-21:00; Sa 14:00-21:00", "website": "https://loonliquors.com/"}}, "geometry": {"type": "Point", "coordinates": [-93.1797392, 44.4512541]}}, {"type": "Feature", "properties": {"osm_type": "node", "osm_id": 8018665038, "tags": {"addr:city": "Shakopee", "addr:housenumber": "4571", "addr:postcode": "55379", "addr:state": "MN", "addr:street": "Valley Industrial Boulevard South", "craft": "brewery", "microbrewery": "yes", "name": "Badger Hill Brewing", "opening_hours": "Su-Tu 12:00-20:00; We-Th 12:00-22:00; Fr-Sa 12:00-23:00", "phone": "+1-952-230-2739", "website": "https://badgerhillbrewing.com/"}}, "geometry": {"type": "Point", "coordinates": [-93.4607445, 44.7940227]}}, {"type": "Feature", "properties": {"osm_type": "node", "osm_id": 8018686097, "tags": {"addr:city": "Saint Louis Park", "addr:housenumber": "6311", "addr:postcode": "55416", "addr:state": "MN", "addr:street": "Cambridge Street", "craft": "distillery", "name": "Dampfwerk Distilling", "opening_hours": "Mo-We 10:00-17:00; Th-Fr 10:00-22:00; Sa 14:00-22:00", "phone": "+1-612-860-4190", "website": "https://www.thedampfwerk.com/"}}, "geometry": {"type": "Point", "coordinates": [-93.3603076, 44.9332493]}}, {"type": "Feature", "properties": {"osm_type": "node", "osm_id": 8402052979, "tags": {"addr:housenumber": "3300", "addr:street": "Northeast 5th Street", "check_date": "2023-07-11", "craft": "distillery", "name": "Brother Justus Whiskey Company", "phone": "+1-612-886-1658", "website": "https://brotherjustus.com/"}}, "geometry": {"type": "Point", "coordinates": [-93.2609833, 45.0291663]}}, {"type": "Feature", "properties": {"osm_type": "node", "osm_id": 8463924060, "tags": {"addr:city": "Saint Paul", "addr:housenumber": "2463", "addr:postcode": "55116", "addr:state": "MN", "addr:street": "7th Street West", "craft": "brewery", "name": "Wandering Leaf Brewing Company", "phone": "+1-612-293-5754", "product": "beer", "website": "https://wanderingleafbrewing.com/"}}, "geometry": {"type": "Point", "coordinates": [-93.1703415, 44.902804]}}, {"type": "Feature", "properties": {"osm_type": "node", "osm_id": 8476414665, "tags": {"check_date": "2025-10-30", "craft": "distillery", "name": "Vikre Distillery and Cocktail Room"}}, "geometry": {"type": "Point", "coordinates": [-92.0938145, 46.7800866]}}, {"type": "Feature", "properties": {"osm_type": "node", "osm_id": 8580521814, "tags": {"craft": "brewery", "name": "South Shore Brewery"}}, "geometry": {"type": "Point", "coordinates": [-90.8923551, 46.5873308]}}, {"type": "Feature", "properties": {"osm_type": "node", "osm_id": 8734449975, "tags": {"craft": "brewery", "name": "Apfelhaus Cidery", "operator": "Hauser's Superior View Farm", "website": "https://superiorviewfarm.com/pages/apfelhaus-cidery"}}, "geometry": {"type": "Point", "coordinates": [-90.8428146, 46.8258985]}}, {"type": "Feature", "properties": {"osm_type": "node", "osm_id": 8941719240, "tags": {"addr:city": "Bethel", "addr:housenumber": "165", "addr:postcode": "55005", "addr:state": "MN", "addr:street": "Main Street", "craft": "brewery", "name": "Garphish Brewing Company", "opening_hours": "Tu-Sa", "phone": "+1-763-452-0270", "website": "https://www.garphish.com/"}}, "geometry": {"type": "Point", "coordinates": [-93.2693211, 45.4041409]}}, {"type": "Feature", "properties": {"osm_type": "node", "osm_id": 9032025497, "tags": {"addr:city": "Minnetonka", "addr:state": "MN", "craft": "brewery", "name": "Boom Island Brewing Company", "product": "beer"}}, "geometry": {"type": "Point", "coordinates": [-93.4465679, 44.894185]}}, {"type": "Feature", "properties": {"osm_type": "node", "osm_id": 9052191700, "tags": {"addr:city": "Thunder Bay", "addr:housenumber": "415", "addr:postcode": "P7B2Z5", "addr:province": "Ontario", "addr:street": "Fort William Road", "craft": "brewery", "name": "One Time Brew Co", "website": "https://onetimebrew.co"}}, "geometry": {"type": "Point", "coordinates": [-89.2325995, 48.4228114]}}, {"type": "Feature", "properties": {"osm_type": "node", "osm_id": 9349840150, "tags": {"addr:city": "Hudson", "addr:housenumber": "101", "addr:postcode": "54016", "addr:state": "WI", "addr:street": "Second Street", "check_date": "2024-08-26", "craft": "distillery", "level": "0", "name": "Lucky Guys Distilling"}}, "geometry": {"type": "Point", "coordinates": [-92.7573306, 44.9715486]}}, {"type": "Feature", "properties": {"osm_type": "node", "osm_id": 9524486003, "tags": {"addr:city": "Elk River", "addr:housenumber": "19050", "addr:postcode": "55330", "addr:state": "MN", "addr:street": "Industrial Boulevard Northwest", "craft": "brewery", "name": "Aegir Brewing Company", "phone": "+1 763 333 4271", "website": "http://www.aegirbrewco.com/"}}, "geometry": {"type": "Point", "coordinates": [-93.5882385, 45.3181602]}}, {"type": "Feature", "properties": {"osm_type": "node", "osm_id": 9550775549, "tags": {"addr:city": "Bloomington", "addr:housenumber": "9555", "addr:postcode": "55431", "addr:state": "MN", "addr:street": "James Avenue South", "addr:unit": "290", "check_date": "2024-04-20", "craft": "brewery", "name": "Nine Mile Brewing Company", "opening_hours": "Mo-Th 11:30-22:00; Fr 11:30-23:00; Sa 11:00-23:00; Su 11:00-21:00", "operator": "Nine Mile Brewing Company", "product": "food;beer", "website": "https://9milebrewing.com/"}}, "geometry": {"type": "Point", "coordinates": [-93.2992144, 44.8304491]}}, {"type": "Feature", "properties": {"osm_type": "node", "osm_id": 9671836008, "tags": {"addr:city": "Minneapolis", "addr:housenumber": "3300", "addr:postcode": "55410", "addr:state": "MN", "addr:street": "West 44th Street", "check_date": "2024-09-11", "craft": "brewery", "name": "Wooden Ship Brewing Company", "product": "beer", "website": "https://www.woodenshipbrewing.com/"}}, "geometry": {"type": "Point", "coordinates": [-93.3216827, 44.9234603]}}, {"type": "Feature", "properties": {"osm_type": "node", "osm_id": 9846683446, "tags": {"check_date": "2025-10-11", "craft": "brewery", "internet_access": "wlan", "internet_access:fee": "customers", "name": "Sapsucker Farms", "payment:cash": "yes", "payment:credit_cards": "yes", "payment:debit_cards": "yes", "website": "https://sapsuckerfarms.com", "wheelchair": "yes"}}, "geometry": {"type": "Point", "coordinates": [-93.15234, 45.89759]}}, {"type": "Feature", "properties": {"osm_type": "node", "osm_id": 9896403017, "tags": {"addr:housenumber": "62", "addr:street": "Isle Royale Street", "craft": "brewery", "name": "Copper Country Brewery"}}, "geometry": {"type": "Point", "coordinates": [-88.5671421, 47.1222988]}}, {"type": "Feature", "properties": {"osm_type": "node", "osm_id": 9896405717, "tags": {"addr:housenumber": "104", "addr:street": "South Lowell Street", "craft": "brewery", "name": "Cold Iron Brewing"}}, "geometry": {"type": "Point", "coordinates": [-90.170464, 46.4544696]}}, {"type": "Feature", "properties": {"osm_type": "node", "osm_id": 9897469317, "tags": {"addr:housenumber": "521", "addr:street": "Iron Street", "craft": "brewery", "name": "Upper Peninsula Brewing Co."}}, "geometry": {"type": "Point", "coordinates": [-87.6131421, 46.498752]}}, {"type": "Feature", "properties": {"osm_type": "node", "osm_id": 9897489017, "tags": {"addr:housenumber": "231", "addr:street": "East Superior Street", "craft": "brewery", "name": "ByGeorge Brewing"}}, "geometry": {"type": "Point", "coordinates": [-86.652306, 46.409697]}}, {"type": "Feature", "properties": {"osm_type": "node", "osm_id": 9897504217, "tags": {"addr:housenumber": "2221", "addr:street": "13th Street", "craft": "brewery", "name": "Three Bridge ing Co."}}, "geometry": {"type": "Point", "coordinates": [-87.618783, 45.1194175]}}, {"type": "Feature", "properties": {"osm_type": "node", "osm_id": 9897510017, "tags": {"addr:housenumber": "303", "addr:street": "East Center Street", "craft": "brewery", "name": "Alpha Michigan Brewing Co.", "website": "https://alphamibeer.com/"}}, "geometry": {"type": "Point", "coordinates": [-88.3771313, 46.0470896]}}, {"type": "Feature", "properties": {"osm_type": "node", "osm_id": 9897537617, "tags": {"addr:housenumber": "115", "addr:street": "Harding Avenue", "craft": "brewery", "name": "51st State Brewing Co."}}, "geometry": {"type": "Point", "coordinates": [-88.0882894, 45.8082444]}}, {"type": "Feature", "properties": {"osm_type": "node", "osm_id": 9940010695, "tags": {"addr:city": "Hackensack", "addr:housenumber": "112", "addr:state": "MN", "addr:street": "1st Street South", "craft": "brewery", "name": "Rendezvous Brewing", "phone": "+1-218-675-4200", "product": "beer"}}, "geometry": {"type": "Point", "coordinates": [-94.5220317, 46.9304619]}}, {"type": "Feature", "properties": {"osm_type": "node", "osm_id": 9988975947, "tags": {"addr:city": "Brooklyn Park", "addr:housenumber": "9801", "addr:postcode": "55443", "addr:state": "MN", "addr:street": "Xenia Avenue North", "addr:unit": "105", "craft": "brewery", "name": "Heavy Rotation Brewing Co.", "website": "https://www.heavyrotationbrewing.com/"}}, "geometry": {"type": "Point", "coordinates": [-93.3557026, 45.1346888]}}, {"type": "Feature", "properties": {"osm_type": "node", "osm_id": 10119490776, "tags": {"addr:city": "East Balsam Lake", "addr:housenumber": "101", "addr:postcode": "54810", "addr:state": "WI", "addr:street": "1st Avenue East", "craft": "brewery", "email": "allie@balsamlakebrewery.com", "name": "Balsam Lake Brewery & Market", "phone": "+17154053669", "website": "https://www.balsamlakebrewery.com/"}}, "geometry": {"type": "Point", "coordinates": [-92.4528297, 45.4510354]}}, {"type": "Feature", "properties": {"osm_type": "node", "osm_id": 10203062451, "tags": {"craft": "brewery", "name": "O'so Brewing Company", "website": "https://www.osobrewing.com/"}}, "geometry": {"type": "Point", "coordinates": [-89.5256911, 44.4560969]}}, {"type": "Feature", "properties": {"osm_type": "node", "osm_id": 10673921434, "tags": {"addr:city": "Rice Lake", "addr:housenumber": "17C", "addr:postcode": "54868", "addr:state": "WI", "addr:street": "East Messenger Street", "craft": "brewery", "name": "Agonic Brewing Co.", "opening_hours": "Wed-Fri 4PM-10PM , Sat 12PM-10PM", "phone": "+1-715-434-2739", "product": "beer", "website": "https://www.agonicbrewing.com/"}}, "geometry": {"type": "Point", "coordinates": [-91.7322788, 45.502048]}}, {"type": "Feature", "properties": {"osm_type": "node", "osm_id": 10699816634, "tags": {"addr:city": "Rice Lake", "addr:housenumber": "17C", "addr:postcode": "54868", "addr:state": "WI", "addr:street": "East Messenger Street", "craft": "brewery", "name": "Agonic Brewing Co.", "opening_hours": "We-Fr 16:00-22:00; Sa 12:00-22:00"}}, "geometry": {"type": "Point", "coordinates": [-91.7322815, 45.5020516]}}, {"type": "Feature", "properties": {"osm_type": "node", "osm_id": 10758912303, "tags": {"addr:city": "Neenah", "addr:housenumber": "116", "addr:postcode": "54956", "addr:state": "WI", "addr:street": "South Commercial Street", "amenity": "bar", "level": "0", "microbrewery": "yes", "name": "Lion's Tail Brewing Co.", "opening_hours": "Mo-Th 15:00-21:00; Fr 15:00-23:00; Sa 12:00-23:00; Su 12:00-19:00", "outdoor_seating": "yes", "phone": "+1-920-215-6443", "website": "https://lionstailbrewing.com/"}}, "geometry": {"type": "Point", "coordinates": [-88.4617801, 44.1856694]}}, {"type": "Feature", "properties": {"osm_type": "node", "osm_id": 10962227144, "tags": {"craft": "distillery", "name": "The Honorable Distillery"}}, "geometry": {"type": "Point", "coordinates": [-87.3943948, 46.5435271]}}, {"type": "Feature", "properties": {"osm_type": "node", "osm_id": 10971390749, "tags": {"craft": "distillery"}}, "geometry": {"type": "Point", "coordinates": [-91.7980394, 45.7544162]}}, {"type": "Feature", "properties": {"osm_type": "node", "osm_id": 11068093965, "tags": {"amenity": "bar", "check_date": "2026-05-02", "craft": "brewery", "dog": "outside", "microbrewery": "yes", "name": "Revel Brewing", "outdoor_seating": "yes", "website": "https://revelingbrew.com/"}}, "geometry": {"type": "Point", "coordinates": [-95.0603053, 46.9209041]}}, {"type": "Feature", "properties": {"osm_type": "node", "osm_id": 11107053304, "tags": {"addr:city": "Minneapolis", "addr:housenumber": "701", "addr:postcode": "55414", "addr:state": "MN", "addr:street": "Southeast 9th Street", "air_conditioning": "yes", "alt_name": "Minneapolis Cider Company", "contact:facebook": "https://facebook.com/minneapoliscider", "craft": "brewery", "name": "Minneapolis Cider Co.", "opening_hours": "Mo-Fr 15:00-22:00; Sa 10:00-22:00; Su 10:00-21:00", "phone": "+1-612-886-1357", "product": "beer;cider", "website": "https://minneapoliscider.co/", "wheelchair": "limited"}}, "geometry": {"type": "Point", "coordinates": [-93.2412921, 44.9894798]}}, {"type": "Feature", "properties": {"osm_type": "node", "osm_id": 11113075199, "tags": {"addr:housenumber": "783", "addr:street": "Harding Street Northeast", "addr:unit": "100", "check_date": "2023-08-14", "craft": "brewery", "internet_access": "wlan", "internet_access:fee": "no", "name": "Falling Knife Brewing Company", "opening_hours": "Mo-Th,Su 15:00-22:00; Fr-Sa 17:00-24:00; PH unknown", "outdoor_seating": "yes", "payment:mastercard": "yes", "payment:visa": "yes", "phone": "+1-612-354-7101", "website": "https://fallingknife.beer/"}}, "geometry": {"type": "Point", "coordinates": [-93.2213629, 44.9983868]}}, {"type": "Feature", "properties": {"osm_type": "node", "osm_id": 11172024897, "tags": {"craft": "distillery", "name": "Earl Giles Restaurant and Distillery"}}, "geometry": {"type": "Point", "coordinates": [-93.2502153, 45.0010254]}}, {"type": "Feature", "properties": {"osm_type": "node", "osm_id": 11349079771, "tags": {"craft": "brewery", "name": "Drastic Measures Brewing"}}, "geometry": {"type": "Point", "coordinates": [-95.1372286, 46.4410623]}}, {"type": "Feature", "properties": {"osm_type": "node", "osm_id": 11657414169, "tags": {"craft": "brewery", "name": "Trove Brewing", "website": "https://www.trovebrewing.com/"}}, "geometry": {"type": "Point", "coordinates": [-93.3014245, 44.7448301]}}, {"type": "Feature", "properties": {"osm_type": "node", "osm_id": 11699089565, "tags": {"addr:city": "Minneapolis", "addr:housenumber": "1401", "addr:postcode": "55413", "addr:state": "MN", "addr:street": "Marshall St. NE", "craft": "distillery", "name": "Red Locks Irish Whiskey", "operator": "Kieran Folliard", "website": "https://redlocks.com/"}}, "geometry": {"type": "Point", "coordinates": [-93.2706889, 45.0016224]}}, {"type": "Feature", "properties": {"osm_type": "node", "osm_id": 12074592067, "tags": {"addr:city": "Columbia Heights", "addr:housenumber": "4055", "addr:postcode": "55421", "addr:state": "MN", "addr:street": "Central Avenue Northeast", "craft": "brewery", "name": "Rail Werks Brewing Depot", "opening_hours": "Su-Th 11:00-21:00; Fr-Sa 11:00-24:00; PH off", "phone": "+1-612-367-6758", "website": "https://railwerksbrewingdepot.com/"}}, "geometry": {"type": "Point", "coordinates": [-93.2460406, 45.0423824]}}, {"type": "Feature", "properties": {"osm_type": "node", "osm_id": 12152206824, "tags": {"addr:city": "Bayfield", "addr:housenumber": "208", "addr:postcode": "54814", "addr:state": "WI", "addr:street": "Wilson Avenue", "amenity": "bar", "microbrewery": "yes", "name": "Clipper Brewing Company"}}, "geometry": {"type": "Point", "coordinates": [-90.8161416, 46.8082288]}}, {"type": "Feature", "properties": {"osm_type": "node", "osm_id": 12520239137, "tags": {"craft": "brewery", "name": "Fitger's Brewhouse"}}, "geometry": {"type": "Point", "coordinates": [-92.0905538, 46.7924865]}}, {"type": "Feature", "properties": {"osm_type": "node", "osm_id": 12840561150, "tags": {"craft": "distillery", "name": "Panther Distillery"}}, "geometry": {"type": "Point", "coordinates": [-95.1471948, 45.8645058]}}, {"type": "Feature", "properties": {"osm_type": "node", "osm_id": 12917629962, "tags": {"addr:city": "Shakopee", "addr:housenumber": "129", "addr:postcode": "55379", "addr:state": "MN", "addr:street": "Holmes Street South", "addr:unit": "100", "craft": "brewery", "name": "Mana Brewing", "opening_hours": "Mo-Th 14:00-22:00; Fr-Sa 11:00-24:00; Su 11:00-22:00", "product": "beer;food", "website": "https://manabrewing.com/"}}, "geometry": {"type": "Point", "coordinates": [-93.5264688, 44.7977584]}}, {"type": "Feature", "properties": {"osm_type": "node", "osm_id": 12917683307, "tags": {"addr:city": "Rosemount", "addr:housenumber": "12266", "addr:postcode": "55068", "addr:state": "MN", "addr:street": "Bacardi Ave W", "craft": "brewery", "name": "North 20 Brewing", "opening_hours": "Mo-We 16:00-21:00; Th 15:00-21:00; Fr 15:00-22:00; Sa 12:00-22:00; Su 12:00-19:00", "phone": "+1-612-476-2961", "product": "beer;food", "website": "https://north20brewing.com/"}}, "geometry": {"type": "Point", "coordinates": [-93.1052588, 44.7710946]}}, {"type": "Feature", "properties": {"osm_type": "node", "osm_id": 13874915849, "tags": {"addr:city": "Minneapolis", "addr:housenumber": "241", "addr:postcode": "55405", "addr:state": "MN", "addr:street": "Fremont Avenue North", "check_date": "2026-05-17", "check_date:currency:XBT": "2026-01-16", "check_date:opening_hours": "2026-05-17", "contact:email": "info@dameladona.com", "contact:instagram": "https://www.instagram.com/ladonacerveza", "craft": "brewery", "currency:XBT": "yes", "name": "La Do\u00f1a Cervecer\u00eda", "opening_hours": "Tu-Th 16:00-23:00; Fr 15:00-23:00; Sa 12:00-02:00; Su 12:00-20:00", "payment:lightning": "yes", "payment:lightning:operator": "square", "payment:lightning_contactless": "no", "payment:onchain": "no", "phone": "+1-612-315-4613", "website": "https://dameladona.com"}}, "geometry": {"type": "Point", "coordinates": [-93.2959794, 44.97977]}}, {"type": "Feature", "properties": {"osm_type": "node", "osm_id": 13925035434, "tags": {"addr:housenumber": "1201", "addr:street": "Main Street", "craft": "brewery", "description": "Brewery and restaurant", "name": "Bear Cave Brewing", "phone": "+19524263214", "website": "https://bearcavebrewing.com/"}}, "geometry": {"type": "Point", "coordinates": [-93.4156457, 44.924638]}}, {"type": "Feature", "properties": {"osm_type": "node", "osm_id": 579253996, "tags": {"addr:city": "Toronto", "addr:housenumber": "292a", "addr:postcode": "M6G 1G6", "addr:province": "Ontario", "addr:street": "Harbord Street", "craft": "brewery", "name": "Bickford Brewing Company", "opening_hours": "Mo-Th 16:00-22:00; Fr 14:00-22:00; Sa 12:00-22:00; Su 12:00-20:00", "product": "beer", "website": "https://bickfordbrewing.ca/"}}, "geometry": {"type": "Point", "coordinates": [-79.4152142, 43.6605316]}}, {"type": "Feature", "properties": {"osm_type": "node", "osm_id": 1875442504, "tags": {"craft": "brewery", "name": "Boshkung Brewing Company", "note": "opening in old beer store soon", "website": "https://boshkungbrewing.com/"}}, "geometry": {"type": "Point", "coordinates": [-78.7234165, 44.9268658]}}, {"type": "Feature", "properties": {"osm_type": "node", "osm_id": 2188781400, "tags": {"craft": "brewery", "name": "Stonehooker Brewing Company"}}, "geometry": {"type": "Point", "coordinates": [-79.5619799, 43.5731177]}}, {"type": "Feature", "properties": {"osm_type": "node", "osm_id": 3364074924, "tags": {"addr:city": "Burlington", "addr:country": "CA", "addr:housenumber": "864", "addr:postcode": "L7R 2Y4", "addr:province": "ON", "addr:street": "Drury Lane", "craft": "brewery", "name": "Nickel Brook Brewing Co", "opening_hours": "Mo-Tu 11:00-18:00, We-Fr 11:00-21:00, Sa 09:00-17:00, Su 12:00-16:00", "phone": "+1-905-681-2739", "website": "https://www.nickelbrook.com/"}}, "geometry": {"type": "Point", "coordinates": [-79.8049961, 43.3431006]}}, {"type": "Feature", "properties": {"osm_type": "node", "osm_id": 3421891587, "tags": {"addr:housenumber": "499", "addr:street": "First Street", "amenity": "restaurant", "craft": "brewery", "microbrewery": "yes", "name": "Northwinds Brewhouse & Eatery", "phone": "+1-705-293-6666", "website": "http://northwindsbrewhouse.com"}}, "geometry": {"type": "Point", "coordinates": [-80.231699, 44.5017585]}}, {"type": "Feature", "properties": {"osm_type": "node", "osm_id": 3639369706, "tags": {"addr:housenumber": "1350", "addr:postcode": "P3E 5P4", "addr:street": "Kelly Lake Road", "craft": "brewery", "microbrewery": "yes", "name": "Stack Brewing", "opening_hours": "Mo-Sa 09:00-21:00; Su 12:00-17:00", "phone": "+1-705-586-7822", "phone:mnemonic": "+1-705-586-STAC", "website": "https://www.stackbrewing.ca/"}}, "geometry": {"type": "Point", "coordinates": [-81.0293861, 46.4654666]}}, {"type": "Feature", "properties": {"osm_type": "node", "osm_id": 4139127715, "tags": {"addr:housenumber": "1430", "addr:street": "King Street North", "addr:unit": "2", "check_date": "2024-04-18", "craft": "brewery", "name": "Block Three Brewing Company", "opening_hours": "Mo 11:00-17:00; Tu-We,Su 11:00-18:00; Th 11:00-20:00; Fr 11:00-22:00; Sa 11:00-21:00", "payment:cash": "yes", "payment:credit_cards": "yes", "payment:debit_cards": "yes", "product": "beer", "website": "https://www.blockthreebrewing.com/"}}, "geometry": {"type": "Point", "coordinates": [-80.5527638, 43.5402508]}}, {"type": "Feature", "properties": {"osm_type": "node", "osm_id": 4328541408, "tags": {"addr:housenumber": "12612", "addr:postcode": "K0J 1H0", "addr:street": "Lanark Road", "craft": "brewery", "microbrewery": "yes", "name": "Calabogie Brewing Company", "opening_hours": "Mo-Th 13:00-17:00; Fr 11:00-18:00; Sa-Su 11:00-17:00", "phone": "+1-613-752-2739", "phone:mnemonic": "+1-613-752-BREW", "website": "https://calabogiebrewing.com/"}}, "geometry": {"type": "Point", "coordinates": [-76.7216897, 45.3000213]}}, {"type": "Feature", "properties": {"osm_type": "node", "osm_id": 4436788053, "tags": {"craft": "brewery", "name": "Shed Brewery", "operator": "Shawn and Ed Brewing Company"}}, "geometry": {"type": "Point", "coordinates": [-79.9576892, 43.2656626]}}, {"type": "Feature", "properties": {"osm_type": "node", "osm_id": 4496391750, "tags": {"addr:housenumber": "800", "addr:street": "Woito Station Road", "craft": "brewery", "microbrewery": "yes", "name": "Square Timber Brewing Company", "phone": "+1-613-312-9474", "website": "https://squaretimber.com/"}}, "geometry": {"type": "Point", "coordinates": [-77.1415706, 45.7061169]}}, {"type": "Feature", "properties": {"osm_type": "node", "osm_id": 4587439289, "tags": {"addr:city": "Traverse City", "addr:housenumber": "1371", "addr:postcode": "49684", "addr:state": "MI", "addr:street": "Gray Drive", "amenity": "pub", "check_date": "2023-09-20", "contact:facebook": "https://www.facebook.com/EarthenAles/", "contact:instagram": "https://instagram.com/earthenales", "contact:twitter": "https://twitter.com/earthenales", "craft": "brewery", "internet_access": "wlan", "internet_access:fee": "customers", "microbrewery": "yes", "name": "Earthen Ales Taproom & Brewery", "opening_hours": "Mo,Su 13:00-20:00; Tu-Sa 13:00-21:00", "outdoor_seating": "yes", "payment:contactless": "yes", "payment:credit_cards": "yes", "payment:discover_card": "yes", "payment:mastercard": "yes", "payment:visa": "yes", "toilets": "yes", "toilets:access": "customers", "website": "https://www.earthenales.com/"}}, "geometry": {"type": "Point", "coordinates": [-85.6457385, 44.7552047]}}, {"type": "Feature", "properties": {"osm_type": "node", "osm_id": 4783650223, "tags": {"addr:city": "Toronto", "addr:housenumber": "128", "addr:postcode": "M6P 0A1", "addr:province": "Ontario", "addr:street": "Sterling Road", "addr:unit": "A", "brewery": "Henderson Brewing Company", "craft": "brewery", "name": "Henderson Brewing Company", "name:en": "Henderson Brewery", "opening_hours": "Mo-Th 10:00-22:00; Fr-Sa 10:00-23:00; Su 10:00-22:00", "phone": "+1-416-863-8822", "url": "http://www.hendersonbrewing.com", "website": "https://shophendersonbrewing.com/en-us"}}, "geometry": {"type": "Point", "coordinates": [-79.445434, 43.6537553]}}, {"type": "Feature", "properties": {"osm_type": "node", "osm_id": 4783656331, "tags": {"addr:city": "Toronto", "addr:housenumber": "247", "addr:postcode": "M6H 1V5", "addr:province": "Ontario", "addr:street": "Wallace Avenue", "craft": "brewery", "name": "Halo Brewery", "opening_hours": "Mo-We 12:00-21:00; Th-Sa 12:00-23:00; Su12:00-22:00", "url": "http://halobrewery.com", "website": "https://halobrewery.com/"}}, "geometry": {"type": "Point", "coordinates": [-79.4465962, 43.6617149]}}, {"type": "Feature", "properties": {"osm_type": "node", "osm_id": 4871012225, "tags": {"addr:housenumber": "200", "addr:street": "Mountain Road", "check_date": "2024-07-27", "craft": "brewery", "microbrewery": "yes", "name": "Side Launch Brewery", "phone": "+1-705-293-5511", "website": "https://www.sidelaunchbrewing.com/"}}, "geometry": {"type": "Point", "coordinates": [-80.2481328, 44.4983065]}}, {"type": "Feature", "properties": {"osm_type": "node", "osm_id": 4871012238, "tags": {"addr:housenumber": "10", "addr:street": "Sandford Fleming Drive", "craft": "brewery", "email": "info@thecollingwoodbrewery.com", "microbrewery": "yes", "name": "The Collingwood Brewery", "opening_hours": "Tu-We 12:00-17:00; Th 12:00-19:00; Fr 12:00-20:00; Sa 11:00-19:00", "phone": "+1-705-444-2337", "website": "https://thecollingwoodbrewery.com/"}}, "geometry": {"type": "Point", "coordinates": [-80.1821952, 44.49126]}}, {"type": "Feature", "properties": {"osm_type": "node", "osm_id": 4882123615, "tags": {"addr:housenumber": "78", "addr:postcode": "K0J 1K0", "addr:street": "Pembroke Street", "amenity": "pub", "branch": "Lakeside", "brewery": "Whitewater Brewing Company", "craft": "brewery", "microbrewery": "yes", "name": "Whitewater Lakeside Brewpub", "opening_hours": "Mo-Th 11:30-21:00; Fr 11:30-23:00; Sa 10:00-23:00; Su 10:00-21:00", "phone": "+1-613-646-0101", "website": "https://whitewaterbeer.ca/"}}, "geometry": {"type": "Point", "coordinates": [-76.8866745, 45.6335116]}}, {"type": "Feature", "properties": {"osm_type": "node", "osm_id": 4883945487, "tags": {"addr:city": "Foresters Falls", "addr:housenumber": "22", "addr:postcode": "K0J 1V0", "addr:street": "Fletcher Road", "branch": "Riverside", "craft": "brewery", "microbrewery": "yes", "name": "Whitewater Brewing Company", "opening_hours": "Mo-We,Su 10:00-18:00; Th 10:00-20:00; Fr-Sa 10:00-21:00", "phone": "+1-613-582-7227", "website": "https://whitewaterbeer.ca/"}}, "geometry": {"type": "Point", "coordinates": [-76.7741105, 45.7252038]}}, {"type": "Feature", "properties": {"osm_type": "node", "osm_id": 4883945488, "tags": {"addr:city": "Foresters Falls", "addr:housenumber": "22", "addr:postcode": "K0J 1V0", "addr:street": "Fletcher Road", "amenity": "pub", "branch": "Riverside", "brewery": "Whitewater Brewing Company", "craft": "brewery", "microbrewery": "yes", "name": "Whitewater Riverside Brewpub", "phone": "+1-613-582-7227", "seasonal": "yes", "website": "https://whitewaterbeer.ca/"}}, "geometry": {"type": "Point", "coordinates": [-76.7739858, 45.725069]}}, {"type": "Feature", "properties": {"osm_type": "node", "osm_id": 4883945505, "tags": {"addr:housenumber": "78", "addr:postcode": "K0J 1K0", "addr:street": "Pembroke Street", "branch": "Lakeside", "craft": "brewery", "microbrewery": "yes", "name": "Whitewater Brewing Company", "opening_hours": "Mo-We 10:00-19:00; Th 10:00-20:00; Fr 10:00-21:00; Sa 12:00-21:00; Su 10:00-18:00", "phone": "+1-613-646-0005", "website": "https://whitewaterbeer.ca/"}}, "geometry": {"type": "Point", "coordinates": [-76.8867928, 45.63361]}}, {"type": "Feature", "properties": {"osm_type": "node", "osm_id": 4898556405, "tags": {"addr:city": "Concord", "addr:housenumber": "150", "addr:postcode": "L4K 1K8", "addr:street": "Bradwick Drive", "addr:unit": "26", "craft": "distillery", "distillery": "whisky", "name": "Still Waters Distillery", "website": "https://www.stillwatersdistillery.com"}}, "geometry": {"type": "Point", "coordinates": [-79.4902204, 43.816969]}}, {"type": "Feature", "properties": {"osm_type": "node", "osm_id": 4974298554, "tags": {"craft": "brewery", "name": "Stratford Brewery"}}, "geometry": {"type": "Point", "coordinates": [-80.9847246, 43.3697654]}}, {"type": "Feature", "properties": {"osm_type": "node", "osm_id": 5270939321, "tags": {"addr:housenumber": "242", "addr:postcode": "M4L 3B2", "addr:street": "Coxwell Avenue", "amenity": "bar", "craft": "brewery", "name": "Godspeed Brewery"}}, "geometry": {"type": "Point", "coordinates": [-79.3193435, 43.672494]}}, {"type": "Feature", "properties": {"osm_type": "node", "osm_id": 5345598826, "tags": {"addr:city": "East York", "addr:housenumber": "25", "addr:postcode": "M4B 0A2", "addr:street": "Curity Avenue", "check_date": "2023-08-27", "craft": "brewery", "internet_access": "wlan", "internet_access:fee": "no", "name": "Brunswick Bierworks", "name:en": "Brunswick Bierworks", "opening_hours": "Mo-Tu off; We-Su 13:00-21:00", "payment:mastercard": "yes", "payment:visa": "yes", "product": "beer", "website": "https://www.brunswickbierworks.com", "wheelchair": "yes"}}, "geometry": {"type": "Point", "coordinates": [-79.3168784, 43.7101025]}}, {"type": "Feature", "properties": {"osm_type": "node", "osm_id": 5359375256, "tags": {"addr:city": "East York", "addr:housenumber": "22", "addr:postcode": "M4B 3H1", "addr:street": "Cranfield Road", "craft": "brewery", "name": "Muddy York Brewing Co.", "opening_hours": "Su-Tu 11:00-18:00; We-Sa 11:00-19:00", "product": "beer", "website": "https://www.muddyyorkbrewing.com/"}}, "geometry": {"type": "Point", "coordinates": [-79.3120659, 43.7123251]}}, {"type": "Feature", "properties": {"osm_type": "node", "osm_id": 5364521556, "tags": {"addr:housenumber": "301", "addr:street": "Lansdowne Avenue", "air_conditioning": "yes", "check_date": "2026-06-27", "craft": "brewery", "level": "0", "name": "Steadfast Brewing Co.", "opening_hours": "Mo 15:00-23:00; We-Fr 15:00-23:00; Sa 12:00-23:00; Su 12:00-2:00"}}, "geometry": {"type": "Point", "coordinates": [-79.4396696, 43.6506772]}}, {"type": "Feature", "properties": {"osm_type": "node", "osm_id": 5364588121, "tags": {"addr:city": "Toronto", "addr:housenumber": "150", "addr:postcode": "M6N 0B1", "addr:province": "ON", "addr:street": "Symes Road", "craft": "brewery", "email": "info@junctioncraft.com", "name": "Junction Craft Brewing", "opening_hours": "Mo-Fr 14:00-20:00; Sa-Su 12:00-20:00", "phone": "+1-416-766-1616", "website": "https://junctioncraft.com/"}}, "geometry": {"type": "Point", "coordinates": [-79.4786823, 43.6734682]}}, {"type": "Feature", "properties": {"osm_type": "node", "osm_id": 5631388021, "tags": {"addr:city": "Toronto", "addr:housenumber": "928", "addr:postcode": "M6H1A4", "addr:province": "Ontario", "addr:street": "College Street", "craft": "brewery", "microbrewery": "True", "name": "Taberna Nacional", "opening_hours": "We 12:00-22:00; Th 12:00-23:00; Fr-Sa 12:00-24:00; Su 11:30-19:00", "phone": "+1-647-948-4209", "website": "https://www.tabernanacional.com/"}}, "geometry": {"type": "Point", "coordinates": [-79.4258668, 43.6538505]}}, {"type": "Feature", "properties": {"osm_type": "node", "osm_id": 5635388435, "tags": {"craft": "distillery", "name": "Murphy's Law Distillery Ltd."}}, "geometry": {"type": "Point", "coordinates": [-80.5616084, 43.5796592]}}, {"type": "Feature", "properties": {"osm_type": "node", "osm_id": 5873590745, "tags": {"addr:city": "New Hamburg", "addr:housenumber": "68", "addr:street": "Huron Street", "craft": "brewery", "name": "Peel Street Beverage Company", "website": "https://www.peelstbevco.com"}}, "geometry": {"type": "Point", "coordinates": [-80.7109726, 43.3783982]}}, {"type": "Feature", "properties": {"osm_type": "node", "osm_id": 5875767885, "tags": {"craft": "brewery", "name": "Parsons Brewing Company"}}, "geometry": {"type": "Point", "coordinates": [-77.1399371, 44.0361478]}}, {"type": "Feature", "properties": {"osm_type": "node", "osm_id": 5939552989, "tags": {"addr:housenumber": "1964", "addr:street": "Muskoka Beach Road", "brewery": "yes", "craft": "brewery", "craft_1": "distillery", "distillery": "gin", "name": "Muskoka Brewery & Distillery", "name:en": "Muskoka Brewery & Distillery", "opening_hours": "Mo-Th,Sa 09:00-18:00; Fr 10:00-19:00; Su 10:00-17:00", "product": "beer", "product_1": "Gin", "shop": "beverages"}}, "geometry": {"type": "Point", "coordinates": [-79.3202888, 44.9989923]}}, {"type": "Feature", "properties": {"osm_type": "node", "osm_id": 6221982385, "tags": {"addr:housenumber": "35449", "addr:street": "Bayfield River Road", "craft": "brewery", "name": "River Road Brewing & Hops", "website": "https://www.riverroadbrewing.com/contact"}}, "geometry": {"type": "Point", "coordinates": [-81.6827827, 43.5775575]}}, {"type": "Feature", "properties": {"osm_type": "node", "osm_id": 6369142314, "tags": {"addr:housenumber": "777", "addr:street": "Dundas Street West", "amenity": "beer", "check_date": "2024-06-17", "craft": "brewery", "name": "Collective Arts", "opening_hours": "Mo-Su 11:00-22:00", "phone": "+1 437-339-8910"}}, "geometry": {"type": "Point", "coordinates": [-79.4073451, 43.6519144]}}, {"type": "Feature", "properties": {"osm_type": "node", "osm_id": 6502917066, "tags": {"addr:city": "Toronto", "addr:housenumber": "100", "addr:postcode": "M6N 0A8", "addr:province": "ON", "addr:street": "Symes Road", "addr:unit": "Unit 108", "contact:facebook": "https://www.facebook.com/rainhardbrewing/", "contact:instagram": "https://www.instagram.com/rainhardbrewing/", "craft": "brewery", "email": "info@rainhardbrewery.com", "name": "Rainhard Brewing", "opening_hours": "Mo-Sa 12:00-21:00; Su 12:00-19:00", "phone": "+1 416-763-2337", "product": "beer", "website": "https://rainhardbrewing.com/"}}, "geometry": {"type": "Point", "coordinates": [-79.4789908, 43.6726922]}}, {"type": "Feature", "properties": {"osm_type": "node", "osm_id": 6565904326, "tags": {"craft": "brewery", "name": "Lake Wilcox Brewing Company"}}, "geometry": {"type": "Point", "coordinates": [-79.5381001, 43.8201515]}}, {"type": "Feature", "properties": {"osm_type": "node", "osm_id": 6699261608, "tags": {"addr:city": "Fenelon Falls", "addr:housenumber": "4", "addr:street": "May Street", "craft": "brewery", "name": "Fenelon Falls Brewing Co.", "website": "https://www.fenelonfallsbrewing.com/"}}, "geometry": {"type": "Point", "coordinates": [-78.7380132, 44.5366457]}}, {"type": "Feature", "properties": {"osm_type": "node", "osm_id": 6744993785, "tags": {"addr:city": "Gaylord", "addr:housenumber": "132", "addr:postcode": "49735", "addr:state": "MI", "addr:street": "West Main Street", "craft": "brewery", "email": "drinklocal@snowbeltbrewery.com", "facebook": "https://www.facebook.com/snowbeltbrewingco/", "name": "Snowbelt Brewery", "opening_hours": "Mo-Th 11:30-22:00; Fr-Sa 11:30-22:00; Su 11:30-20:00", "phone": "+1-989-448-7077", "website": "https://www.snowbelt.beer/"}}, "geometry": {"type": "Point", "coordinates": [-84.6752408, 45.0275782]}}, {"type": "Feature", "properties": {"osm_type": "node", "osm_id": 6775603085, "tags": {"addr:city": "Guelph", "addr:housenumber": "199", "addr:postcode": "N1E6T9", "addr:province": "Ontario", "addr:street": "Victoria Road South", "addr:unit": "C8", "check_date": "2025-04-22", "contact:instagram": "https://www.instagram.com/royalcitybrew/?hl=en", "craft": "brewery", "email": "info@royalcitybrew.ca", "lgbtq": "welcome", "name": "Royal City Brewing - Beer Hall & Ward Room", "opening_hours": "Mo-Th 15:00-22:00, Fr-Sa 11:00-23:00, Su 11:00-22:00", "operator": "Royal City Brewing Co.", "payment:credit_cards": "yes", "payment:debit_cards": "yes", "payment:nfc": "yes", "phone": "+1-888-485-2739", "product": "food;beer", "shop": "wine", "website": "https://royalcitybrew.ca/", "wheelchair": "yes"}}, "geometry": {"type": "Point", "coordinates": [-80.2249873, 43.5522891]}}, {"type": "Feature", "properties": {"osm_type": "node", "osm_id": 6780030607, "tags": {"addr:city": "Toronto", "addr:housenumber": "839", "addr:postcode": "M6N3V8", "addr:province": "Ontario", "addr:street": "Runnymede Road", "craft": "brewery", "name": "High Park Brewery", "opening_hours": "Mo-We 16:00-21:00; Th 16:00-22:00; Fr-Sa 12:00-23:00; Su 12:00-21:00", "phone": "+1-647-398-9336", "website": "https://highparkbrewery.com/"}}, "geometry": {"type": "Point", "coordinates": [-79.4833206, 43.669886]}}, {"type": "Feature", "properties": {"osm_type": "node", "osm_id": 6865336632, "tags": {"addr:city": "Kitchener", "addr:housenumber": "20", "addr:postcode": "N2G 2Z7", "addr:province": "ON", "addr:street": "Hurst Avenue", "check_date": "2023-06-03", "craft": "brewery", "name": "Short Finger Brewing Company", "phone": "+1-226-336-7539", "product": "beer", "website": "https://shortfingerbrewing.com/"}}, "geometry": {"type": "Point", "coordinates": [-80.4802165, 43.4408592]}}, {"type": "Feature", "properties": {"osm_type": "node", "osm_id": 6867778330, "tags": {"addr:city": "Blyth", "addr:housenumber": "40035", "addr:postcode": "N0M 1H0", "addr:street": "Blyth Road", "amenity": "restaurant", "craft": "brewery", "microbrewery": "yes", "name": "Cowbell", "outdoor_seating": "yes", "phone": "+1-844-523-4724", "website": "https://cowbellbrewing.com/"}}, "geometry": {"type": "Point", "coordinates": [-81.4336992, 43.7300422]}}, {"type": "Feature", "properties": {"osm_type": "node", "osm_id": 6990690598, "tags": {"craft": "distillery", "name": "Grand Traverse Distillery"}}, "geometry": {"type": "Point", "coordinates": [-85.6202931, 44.7642267]}}, {"type": "Feature", "properties": {"osm_type": "node", "osm_id": 7076611203, "tags": {"addr:housenumber": "66", "addr:street": "Baldwin Street North", "amenity": "restaurant", "craft": "brewery", "diet:vegan": "only", "name": "Banter & Co. Brewing", "opening_hours": "Tu-Su 13:00-23:00", "phone": "+1-905-493-6720", "website": "https://www.banterandcompany.com/"}}, "geometry": {"type": "Point", "coordinates": [-78.9607805, 43.9579654]}}, {"type": "Feature", "properties": {"osm_type": "node", "osm_id": 7091597612, "tags": {"craft": "brewery", "name": "Compass Brewing"}}, "geometry": {"type": "Point", "coordinates": [-81.3750213, 48.4730305]}}, {"type": "Feature", "properties": {"osm_type": "node", "osm_id": 7330192063, "tags": {"addr:city": "Guelph", "addr:country": "CA", "addr:housenumber": "355", "addr:postcode": "N1K 1S5", "addr:province": "ON", "addr:street": "Elmira Road North", "craft": "distillery", "name": "Dixon Distilled Spirits"}}, "geometry": {"type": "Point", "coordinates": [-80.3060852, 43.533784]}}, {"type": "Feature", "properties": {"osm_type": "node", "osm_id": 7625729023, "tags": {"addr:housenumber": "1", "addr:street": "Mallard Street", "craft": "brewery", "name": "Two Hawks Brewing Co.", "website": "https://twohawksbrewingco.ca/"}}, "geometry": {"type": "Point", "coordinates": [-77.1636206, 45.8424294]}}, {"type": "Feature", "properties": {"osm_type": "node", "osm_id": 7625731727, "tags": {"addr:housenumber": "76", "addr:street": "Rue Saint-Jacques", "craft": "brewery", "name": "L'Ancienne Banque"}}, "geometry": {"type": "Point", "coordinates": [-77.0734912, 45.9110316]}}, {"type": "Feature", "properties": {"osm_type": "node", "osm_id": 7638868070, "tags": {"addr:city": "Toronto", "addr:housenumber": "90", "addr:postcode": "M6N 3C2", "addr:province": "Ontario", "addr:street": "Cawthra Avenue", "addr:unit": "101", "craft": "brewery", "name": "Samara Brewing Company", "opening_hours": "Mo-We 10:00-21:00; Th-Sa 10:00-23:00; Su 10:00-18:00", "phone": "+1-905-841-4862", "website": "https://www.samarabrewing.com/"}}, "geometry": {"type": "Point", "coordinates": [-79.464561, 43.6707755]}}, {"type": "Feature", "properties": {"osm_type": "node", "osm_id": 7641668277, "tags": {"addr:housenumber": "300", "addr:postcode": "N2M 5G8", "addr:province": "Ontario", "addr:street": "Mill Street", "addr:unit": "1", "check_date": "2024-04-17", "craft": "brewery", "name": "TWB Co-operative Brewing", "opening_hours": "Mo-Tu off; We-Th 15:00-21:00; Fr 12:00-21:00; Sa 11:00-21:00; Su 13:00-17:00", "payment:cash": "yes", "payment:credit_cards": "yes", "payment:debit_cards": "yes", "phone": "+1-519-954-4433", "product": "beer", "website": "https://twbbrewing.com"}}, "geometry": {"type": "Point", "coordinates": [-80.4846198, 43.4364569]}}, {"type": "Feature", "properties": {"osm_type": "node", "osm_id": 7680939021, "tags": {"check_date": "2022-12-10", "craft": "brewery", "name": "Left Field Brewery", "name:en": "Left Field Brewery", "opening_hours": "Mo-Th,Su 11:00-21:00; Fr-Sa 11:00-23:00", "wheelchair": "no"}}, "geometry": {"type": "Point", "coordinates": [-79.3304011, 43.6737308]}}, {"type": "Feature", "properties": {"osm_type": "node", "osm_id": 7795283085, "tags": {"craft": "brewery", "name": "Manitoulin Brewery"}}, "geometry": {"type": "Point", "coordinates": [-81.9243039, 45.976545]}}, {"type": "Feature", "properties": {"osm_type": "node", "osm_id": 8047263077, "tags": {"amenity": "pub", "contact:email": "cheers@blacklab.beer", "contact:facebook": "https://www.facebook.com/BlackLabBeer", "contact:phone": "+1 647 352 2525", "craft": "brewery", "name": "Black Lab Brewing", "opening_hours": "Mo-Su 12:00-21:00", "website": "https://blacklab.beer/"}}, "geometry": {"type": "Point", "coordinates": [-79.3290624, 43.6618022]}}, {"type": "Feature", "properties": {"osm_type": "node", "osm_id": 8511161203, "tags": {"addr:city": "Toronto", "addr:housenumber": "2300", "addr:postcode": "M9M 2C7", "addr:province": "on", "addr:street": "Finch Avenue West", "addr:unit": "66", "brewery": "vodka", "craft": "distillery", "description": "Distillery open for public", "image": "https://aftersixvodka.ca/wp-content/uploads/2020/05/store-header.jpg", "min_age": "19", "name": "North Spirit Distillery/After Six Vodka", "opening_hours": "Mo-Su 10:00-22:00"}}, "geometry": {"type": "Point", "coordinates": [-79.542107, 43.7536604]}}, {"type": "Feature", "properties": {"osm_type": "node", "osm_id": 8665502264, "tags": {"addr:housenumber": "137", "addr:street": "Glasgow Street", "craft": "brewery", "name": "Red Circle Brewing", "opening_hours": "We-Su 12:00-20:00", "product": "beer", "website": "https://www.drinkredcircle.ca/"}}, "geometry": {"type": "Point", "coordinates": [-80.514209, 43.4510032]}}, {"type": "Feature", "properties": {"osm_type": "node", "osm_id": 8810021285, "tags": {"addr:city": "North Bay", "addr:housenumber": "1401", "addr:postcode": "P1B8G4", "addr:province": "Ontario", "addr:street": "Seymour Street", "brewery": "various", "craft": "brewery", "min_age": "19", "name": "The New Ontario Brewing Company", "opening_hours": "Mo-Su 12:00-18:00", "product": "beer", "website": "https://www.newontariobrewing.com/"}}, "geometry": {"type": "Point", "coordinates": [-79.4368358, 46.30921]}}, {"type": "Feature", "properties": {"osm_type": "node", "osm_id": 8810041131, "tags": {"addr:city": "North Bay", "addr:housenumber": "600-612", "addr:postcode": "P1B 9S7", "addr:province": "Ontario", "addr:street": "Gormanville Road", "addr:unit": "206", "craft": "brewery", "min_age": "19", "name": "Gateway City Brewery", "opening_hours": "Mo-Sa 12:00-18:00; Su 12:00-16:00", "product": "beer", "website": "https://www.gatewaycity.ca/"}}, "geometry": {"type": "Point", "coordinates": [-79.4898284, 46.3297149]}}, {"type": "Feature", "properties": {"osm_type": "node", "osm_id": 8846484655, "tags": {"craft": "distillery", "name": "Junction 56 Distillery", "opening_hours": "Mo-Sa 10:30-17:00; Su 11:00-15:00", "phone": "+1 5193055535", "website": "https://www.junction56.ca/"}}, "geometry": {"type": "Point", "coordinates": [-80.9836746, 43.3635551]}}, {"type": "Feature", "properties": {"osm_type": "node", "osm_id": 8846492262, "tags": {"craft": "brewery", "name": "Jobsite Brewing", "opening_hours": "We-Sa 12:00-20:00; Su 11:00-15:00", "website": "https://www.jobsitebrewing.ca/"}}, "geometry": {"type": "Point", "coordinates": [-80.9840286, 43.3634303]}}, {"type": "Feature", "properties": {"osm_type": "node", "osm_id": 8960659210, "tags": {"addr:city": "Thompsonville", "addr:housenumber": "14234", "addr:postcode": "49683", "addr:state": "MI", "addr:street": "Dzuibanek Road", "amenity": "bar", "craft": "distillery", "name": "Iron Fish Distillery", "website": "https://ironfishdistillery.com/"}}, "geometry": {"type": "Point", "coordinates": [-86.0149519, 44.4994115]}}, {"type": "Feature", "properties": {"osm_type": "node", "osm_id": 9009036385, "tags": {"addr:city": "Guelph", "addr:housenumber": "355", "addr:province": "ON", "addr:street": "Elmira Road North", "addr:unit": "137", "craft": "brewery", "name": "Fixed Gear Brewing Co.", "website": "https://fixedgearbrewing.com/"}}, "geometry": {"type": "Point", "coordinates": [-80.3044208, 43.5343537]}}, {"type": "Feature", "properties": {"osm_type": "node", "osm_id": 9105349658, "tags": {"addr:housenumber": "1298", "addr:street": "Route 148", "craft": "brewery", "name": "Brauwerk Hoffman"}}, "geometry": {"type": "Point", "coordinates": [-76.59478, 45.7256151]}}, {"type": "Feature", "properties": {"osm_type": "node", "osm_id": 9161651059, "tags": {"craft": "brewery", "name": "Three Sheets Brewing"}}, "geometry": {"type": "Point", "coordinates": [-81.3868287, 44.4380718]}}, {"type": "Feature", "properties": {"osm_type": "node", "osm_id": 9225272624, "tags": {"craft": "brewery", "name": "Haven Brewing Co."}}, "geometry": {"type": "Point", "coordinates": [-78.3490151, 44.2778888]}}, {"type": "Feature", "properties": {"osm_type": "node", "osm_id": 9227786039, "tags": {"craft": "brewery", "name": "Bobcaygeon Brewery", "shop": "alcohol"}}, "geometry": {"type": "Point", "coordinates": [-78.3411844, 44.2752617]}}, {"type": "Feature", "properties": {"osm_type": "node", "osm_id": 9389673497, "tags": {"addr:housenumber": "480", "addr:street": "Glass Street", "craft": "brewery", "email": "info@brokenrailbrewing.ca", "name": "Broken Rail Brewing", "phone": "+1-226-301-4677", "website": "https://www.brokenrailbrewing.ca/"}}, "geometry": {"type": "Point", "coordinates": [-81.1313351, 43.2717923]}}, {"type": "Feature", "properties": {"osm_type": "node", "osm_id": 9416441986, "tags": {"addr:housenumber": "99", "addr:street": "Hunter Street East", "craft": "distillery", "name": "Black's Distillery", "product": "alcohol"}}, "geometry": {"type": "Point", "coordinates": [-78.3094056, 44.3061435]}}, {"type": "Feature", "properties": {"osm_type": "node", "osm_id": 9896375718, "tags": {"addr:housenumber": "38230", "addr:street": "Michigan Avenue", "craft": "brewery", "name": "Whiskey Point Brewing Co."}}, "geometry": {"type": "Point", "coordinates": [-85.5094513, 45.7498625]}}, {"type": "Feature", "properties": {"osm_type": "node", "osm_id": 10551015163, "tags": {"addr:housenumber": "151", "addr:street": "East Liberty Street", "craft": "brewery", "name": "Something in the Water Brewing Co.", "website": "https://somethingbrewing.ca/"}}, "geometry": {"type": "Point", "coordinates": [-79.4170602, 43.6382653]}}, {"type": "Feature", "properties": {"osm_type": "node", "osm_id": 11165594806, "tags": {"addr:housenumber": "4170", "addr:postcode": "48706", "addr:street": "Shrestha Drive", "air_conditioning": "yes", "contact:instagram": "tricitybrewingofficial", "craft": "brewery", "internet_access": "wlan", "name": "Tri-Cities Brewing Company", "opening_hours": "Su 12:00-20:00; Fr-Sa 12:00-23:00; Tu-Th 15:00-22:00", "phone": "+1 989-686-1340", "website": "https://tricitybrewing.com/"}}, "geometry": {"type": "Point", "coordinates": [-83.9105754, 43.6192943]}}, {"type": "Feature", "properties": {"osm_type": "node", "osm_id": 11208043035, "tags": {"check_date": "2023-09-21", "contact:facebook": "https://www.facebook.com/TownlineCiderworks", "craft": "brewery", "name": "Townline Ciderworks", "phone": "+1 231-883-5330", "website": "https://www.townlineciderworks.com/"}}, "geometry": {"type": "Point", "coordinates": [-85.4231056, 44.8632595]}}, {"type": "Feature", "properties": {"osm_type": "node", "osm_id": 11585081669, "tags": {"addr:housenumber": "11", "addr:street": "Lower Jarvis Street", "craft": "brewery", "name": "Great Lakes Brew", "name:en": "Great Lakes Brewery", "opening_hours": "Mo-Su 11:00-23:00", "phone": "+1-416-777-2662", "website": "https://www.greatlakesbrewpub.com/"}}, "geometry": {"type": "Point", "coordinates": [-79.3691518, 43.6449276]}}, {"type": "Feature", "properties": {"osm_type": "node", "osm_id": 11585735158, "tags": {"craft": "brewery", "name": "Old Credit Brewing Co. Ltd."}}, "geometry": {"type": "Point", "coordinates": [-79.593286, 43.5496287]}}, {"type": "Feature", "properties": {"osm_type": "node", "osm_id": 11829459419, "tags": {"addr:city": "Guelph", "addr:housenumber": "20", "addr:postcode": "N1H5W5", "addr:province": "ON", "addr:street": "Alma Street South", "craft": "brewery", "image": "https://fixedgearbrewing.com/cdn/shop/files/written_logo_2_700x.png?v=1644599690", "mapillary": "962709105479076", "name": "Fixed Gear Brewing", "opening_hours": "Mo-Su 10:00-18:00", "phone": "+15192657025", "product": "beer", "website": "https://fixedgearbrewing.com/"}}, "geometry": {"type": "Point", "coordinates": [-80.2620111, 43.5356167]}}, {"type": "Feature", "properties": {"osm_type": "node", "osm_id": 11886668457, "tags": {"addr:city": "Traverse City", "addr:housenumber": "13795", "addr:postcode": "49686", "addr:state": "MI", "addr:street": "Seven Hills Road", "craft": "distillery", "name": "Old Mission Distilling"}}, "geometry": {"type": "Point", "coordinates": [-85.5164298, 44.8883796]}}, {"type": "Feature", "properties": {"osm_type": "node", "osm_id": 12042646641, "tags": {"addr:housenumber": "220", "addr:street": "King West", "craft": "brewery", "name": "Mascot Brew Pub"}}, "geometry": {"type": "Point", "coordinates": [-79.3867596, 43.6473582]}}, {"type": "Feature", "properties": {"osm_type": "node", "osm_id": 12140889888, "tags": {"addr:city": "Gaylord", "addr:housenumber": "138", "addr:postcode": "49735", "addr:state": "MI", "addr:street": "West Main Street", "addr:unit": "Suite A", "craft": "brewery", "email": "karmataproom@gmail.com", "facebook": "https://www.facebook.com/karmataproom/", "name": "Karma Taproom", "opening_hours": "Tu-Th 16:00-24:00; Fr-Sa 16:00-01:30", "phone": "+1-989-448-8709"}}, "geometry": {"type": "Point", "coordinates": [-84.6754389, 45.0275788]}}, {"type": "Feature", "properties": {"osm_type": "node", "osm_id": 12173303351, "tags": {"craft": "brewery", "name": "Flatiron Brewing"}}, "geometry": {"type": "Point", "coordinates": [-86.2480137, 45.9504647]}}, {"type": "Feature", "properties": {"osm_type": "node", "osm_id": 12365111895, "tags": {"addr:housenumber": "3426", "addr:street": "Mainway", "check_date": "2024-11-22", "craft": "brewery", "email": "retail@nickelbrook.com", "name": "Nickel Brook", "phone": "+1 9056812739", "website": "https://www.nickelbrook.com/"}}, "geometry": {"type": "Point", "coordinates": [-79.7984164, 43.3683421]}}, {"type": "Feature", "properties": {"osm_type": "node", "osm_id": 12585968371, "tags": {"addr:street": "5438 Second Line", "craft": "brewery", "email": "kieran@heartwoodfarm.ca", "name": "Heartwood Farm & Cidery", "phone": "+1-226-979-7890", "shop": "farm; alcohol", "website": "https://heartwoodfarm.ca/"}}, "geometry": {"type": "Point", "coordinates": [-80.1373435, 43.7011369]}}, {"type": "Feature", "properties": {"osm_type": "node", "osm_id": 12643718810, "tags": {"addr:city": "Waterloo", "addr:housenumber": "200", "addr:province": "ON", "addr:street": "Bathurst Drive", "craft": "brewery", "name": "Schooner Street Brewery", "opening_hours": "We 17:30-21:30, Th 16:00-18:00, Sa 12:00-18:00", "phone": "+1-226-796-0272", "product": "beer", "website": "https://schoonerstreet.com"}}, "geometry": {"type": "Point", "coordinates": [-80.5286539, 43.5126294]}}, {"type": "Feature", "properties": {"osm_type": "node", "osm_id": 12661072302, "tags": {"addr:housenumber": "5370", "addr:postcode": "14617", "addr:street": "Saint Paul Boulevard", "contact:facebook": "fifthframebrewing", "contact:instagram": "fifthframebrewing", "craft": "brewery", "email": "info@fifthframe.co", "name": "Fifth Frame Brewing Co", "opening_hours": "Mo-Th 16:00-22:00; Fr 16:00-00:00; Sa 12:00-00:00; Su 11:00-17:00", "phone": "+1-585-287-6481", "website": "https://fifthframe.co/home"}}, "geometry": {"type": "Point", "coordinates": [-77.6023447, 43.2545668]}}, {"type": "Feature", "properties": {"osm_type": "node", "osm_id": 12762924079, "tags": {"addr:city": "Kitchener", "addr:housenumber": "449", "addr:postcode": "N2H 1Z7", "addr:province": "ON", "addr:street": "East Avenue", "craft": "brewery", "name": "Twas Now Brewing Inc.", "opening_hours": "Sa 12:00-17:00", "product": "beer;clothes", "website": "https://www.twasnowbrewing.ca"}}, "geometry": {"type": "Point", "coordinates": [-80.4686366, 43.4457747]}}, {"type": "Feature", "properties": {"osm_type": "node", "osm_id": 12850293864, "tags": {"craft": "distillery", "name": "GRAND TRAVERSE DISTILLERY"}}, "geometry": {"type": "Point", "coordinates": [-83.7399362, 43.3231906]}}, {"type": "Feature", "properties": {"osm_type": "node", "osm_id": 13026764434, "tags": {"addr:city": "Wilson", "addr:flats": "1-2;4-5", "addr:housenumber": "638", "addr:postcode": "14172", "addr:state": "NY", "addr:street": "Lake Street", "craft": "brewery", "name": "Woodcock Brothers Brewery (Wilson Location)", "nysgissam:nysaddresspointid": "NIAG038691;NIAG113699;NIAG113698;NIAG113700;NIAG113697", "source:data": "https://gis.ny.gov/gisdata", "source:imagery": "ESRI Sat & NYS Sat Imagery", "source:shape": "Modified MS Footprints https://cugir.library.cornell.edu"}}, "geometry": {"type": "Point", "coordinates": [-78.8251597, 43.2985177]}}, {"type": "Feature", "properties": {"osm_type": "node", "osm_id": 13091077511, "tags": {"craft": "brewery", "name": "Muddy York Brewing Co."}}, "geometry": {"type": "Point", "coordinates": [-79.2665545, 43.9623483]}}, {"type": "Feature", "properties": {"osm_type": "node", "osm_id": 13092912740, "tags": {"craft": "distillery", "name": "Manitou and Co Distilling"}}, "geometry": {"type": "Point", "coordinates": [-85.7607697, 45.0233369]}}, {"type": "Feature", "properties": {"osm_type": "node", "osm_id": 13203796865, "tags": {"addr:housenumber": "102", "addr:street": "Metcalfe Street", "addr:unit": "4", "craft": "distillery", "name": "Elora Distilling Company"}}, "geometry": {"type": "Point", "coordinates": [-80.4305355, 43.6820968]}}, {"type": "Feature", "properties": {"osm_type": "node", "osm_id": 13674703101, "tags": {"addr:housenumber": "122", "addr:street": "Brock Avenue", "check_date": "2026-03-24", "craft": "brewery", "name": "Two Loons Brewing", "website": "https://www.twoloonsbrewing.com/"}}, "geometry": {"type": "Point", "coordinates": [-79.4342437, 43.6459314]}}, {"type": "Feature", "properties": {"osm_type": "node", "osm_id": 13726134501, "tags": {"addr:housenumber": "104", "addr:street": "King Street West", "check_date": "2026-04-12", "contact:instagram": "barrelheartbrewing", "craft": "brewery", "name": "Barrel Heart Brewing", "phone": "+1-289-808-6501", "website": "https://barrelheart.com/pages/contact"}}, "geometry": {"type": "Point", "coordinates": [-79.9583198, 43.266433]}}, {"type": "Feature", "properties": {"osm_type": "node", "osm_id": 13822238724, "tags": {"addr:city": "Toronto", "addr:housenumber": "159", "addr:postcode": "M4E 2V9", "addr:province": "Ontario", "addr:street": "Main Street", "craft": "brewery", "name": "Red Tape Brewery", "opening_hours": "Tu 12:00-22:00; We-Th 12:00-21:00; Fr 12:00-22:00; Sa 12:00-21:00; Su 13:00-20:00", "phone": "+1 416-690-0007", "product": "beer", "website": "https://redtapebrewery.com/"}}, "geometry": {"type": "Point", "coordinates": [-79.2999472, 43.6837554]}}, {"type": "Feature", "properties": {"osm_type": "node", "osm_id": 14011213071, "tags": {"addr:city": "Schomberg", "addr:housenumber": "203", "addr:postcode": "L0G 1T0", "addr:province": "Ontario", "addr:street": "Main Street", "addr:unit": "C", "craft": "brewery", "name": "Schomberg Brew Works", "opening_hours": "Mo,Tu,Fr,Su off; We,Th 17:30-20:00; Sa 11:00-14:30", "phone": "+19059392211", "website": "https://www.rona.ca/en/store/ontario/schomberg/rona-schomberg-33880?cm_mmc=organic_search-_-yext-_-gmb-_-website&utm_medium=organic_search&utm_source=yext&utm_campaign=gmb&utm_content=website"}}, "geometry": {"type": "Point", "coordinates": [-79.683934, 44.0017739]}}]}