lon,lat
-124.54827,42.832
-124.54821,42.83284
-124.50056,42.74569
-124.46904,42.87776
-124.43791,42.68994
-124.41644,43.06748
-124.41037,43.14724
-124.40356,42.42757
-124.4032,42.42749
-124.3379,42.47438
-124.33196,40.23997
-124.31897,42.48199
-124.31143,42.71244
-124.31136,42.0692
-124.31002,40.22918
-124.30945,40.21932
-124.28222,40.20073
-124.27145,42.72529
-124.26802,42.05968
-124.26567,40.58648
-124.26394,40.18948
-124.26334,42.05419
-124.25832,40.18637
-124.25733,40.19452
-124.25563,40.18407
-124.23399,42.49831
-124.22972,40.2679
-124.22949,40.172
-124.22833,42.38917
-124.22547,40.64398
-124.22024,42.01845
-124.21505,42.68672
-124.21297,40.77261
-124.21079,40.15723
-124.20697,40.15914
-124.20534,42.00827
-124.20458,42.69782
-124.20245,41.96354
-124.20036,41.94603
-124.1758,42.36476
-124.17491,40.12803
-124.16083,41.13928
-124.16049,41.13831
-124.15976,41.13869
-124.1562,40.17309
-124.15546,40.17141
-124.15534,40.14543
-124.15508,40.15881
-124.14486,40.11788
-124.14389,41.07244
-124.14004,41.70032
-124.13021,40.15906
-124.12934,40.77972
-124.12153,41.85336
-124.121,40.10879
-124.11891,40.16015
-124.10662,41.62536
-124.10539,40.09818
-124.10177,40.09444
-124.09617,41.23765
-124.08672,42.43244
-124.08509,40.07618
-124.08103,40.06836
-124.07827,41.52506
-124.07472,41.57613
-124.06992,41.38193
-124.06945,41.3843
-124.05981,42.70791
-124.0584,42.55669
-124.05687,40.45566
-124.05621,41.29269
-124.0552,42.73518
-124.05481,40.4548
-124.05185,41.53069
-124.05066,42.63468
-124.0462,41.76991
-124.04216,42.72232
-124.03945,42.51682
-124.03861,41.51607
-124.0299,41.35794
-124.0292,41.35992
-124.02396,40.34473
-124.02268,40.35043
-124.0125,40.31045
-124.01206,40.3178
-124.01152,41.21678
-124.01081,40.00103
-124.00848,40.2882
-124.00649,40.02181
-124.00345,40.01924
-123.99255,43.01791
-123.98002,40.32747
-123.97856,40.48769
-123.97498,40.30928
-123.96997,39.95129
-123.96317,40.41698
-123.9528,42.77405
-123.94809,39.95716
-123.94437,42.68084
-123.94298,39.9195
-123.94057,39.91806
-123.93872,39.91422
-123.91861,42.70399
-123.91513,40.34175
-123.91142,39.88503
-123.90369,40.4859
-123.89981,39.86125
-123.89753,39.86247
-123.88935,42.80787
-123.88612,39.85313
-123.8857,39.85433
-123.88238,42.71614
-123.87897,42.72132
-123.84712,41.65112
-123.84384,39.83693
-123.84121,41.04646
-123.83331,41.01906
-123.83001,42.7109
-123.82942,42.7099
-123.82933,41.02887
-123.82885,41.04808
-123.82779,42.62567
-123.82505,41.01395
-123.82299,41.01365
-123.81862,41.64894
-123.81375,41.00961
-123.81334,39.37389
-123.8132,41.00799
-123.81221,41.00351
-123.81207,41.59421
-123.81012,41.64307
-123.80461,40.99314
-123.80435,42.37775
-123.80004,39.33045
-123.79928,41.01964
-123.79712,40.99986
-123.7971,41.015
-123.79651,41.00806
-123.79521,40.02109
-123.79362,40.02142
-123.79317,40.02272
-123.79189,40.99151
-123.79169,41.0339
-123.79064,40.99654
-123.79053,39.66807
-123.7901,42.70952
-123.78677,41.02271
-123.78509,41.00592
-123.78492,41.00098
-123.78469,39.27638
-123.78275,41.02539
-123.78236,42.34992
-123.78205,39.64923
-123.77984,41.00247
-123.76773,39.92006
-123.7665,39.22645
-123.76505,42.96907
-123.76033,42.29884
-123.75804,39.33478
-123.75486,42.29539
-123.74983,42.68906
-123.73851,42.29485
-123.73071,42.29723
-123.7249,39.87713
-123.71318,40.69339
-123.71224,39.40499
-123.70902,39.40487
-123.70767,41.61134
-123.70588,42.06679
-123.70343,42.34637
-123.70296,39.31824
-123.70144,39.40197
-123.70012,39.33591
-123.6991,38.98117
-123.69353,38.98122
-123.69344,39.3968
-123.69224,39.34016
-123.69086,39.39185
-123.68818,42.44215
-123.68587,42.2425
-123.68553,39.39648
-123.68527,39.39527
-123.68523,39.39281
-123.68509,39.39748
-123.68409,39.39643
-123.68403,39.39029
-123.68235,42.27627
-123.67715,42.27803
-123.67636,42.2403
-123.67627,42.65592
-123.67164,39.40377
-123.66842,39.40228
-123.66692,39.41755
-123.66364,42.13565
-123.66358,39.4234
-123.66192,39.40668
-123.66151,42.17355
-123.6594,41.235
-123.65486,42.14835
-123.65299,41.82175
-123.64839,39.40554
-123.64814,42.19084
-123.64668,42.27816
-123.63162,41.88008
-123.61353,40.94647
-123.61017,39.42425
-123.60151,39.38231
-123.59535,39.43269
-123.5794,43.04674
-123.57938,38.80484
-123.57456,42.26327
-123.57185,42.77191
-123.56234,42.3468
-123.56168,39.34633
-123.54397,41.57345
-123.54207,39.34871
-123.54013,39.34762
-123.52067,41.30919
-123.51602,38.76167
-123.49766,40.25097
-123.47633,39.07626
-123.47633,41.08503
-123.47443,39.07435
-123.4741,39.0761
-123.46157,42.14218
-123.45817,42.02354
-123.43747,41.09976
-123.43595,42.84653
-123.43244,42.11491
-123.42495,41.16485
-123.41427,43.11373
-123.41382,41.17249
-123.41225,41.39468
-123.40919,41.17811
-123.40489,43.12922
-123.39902,41.50239
-123.39884,43.13198
-123.39784,41.17706
-123.39392,41.17388
-123.39082,41.78566
-123.39008,39.51931
-123.37493,42.43508
-123.37454,41.15311
-123.37386,40.35133
-123.37062,41.4362
-123.37056,39.49853
-123.36621,41.15526
-123.36412,42.57176
-123.35512,41.58128
-123.34287,40.34121
-123.33796,41.54771
-123.33792,41.54449
-123.33337,40.77873
-123.3331,41.15194
-123.32953,38.57132
-123.32706,41.14658
-123.32462,38.5691
-123.32077,41.66002
-123.31665,38.56568
-123.31545,41.59017
-123.31257,38.56567
-123.31146,41.56494
-123.31001,41.64647
-123.30317,41.12957
-123.30094,41.60754
-123.29796,41.45989
-123.29535,38.54684
-123.28539,38.67906
-123.28236,42.42562
-123.2798,40.32755
-123.27927,41.03984
-123.27648,41.23949
-123.26659,42.4262
-123.25758,41.86496
-123.23609,40.3042
-123.23522,40.30575
-123.23405,40.73625
-123.22391,41.63002
-123.21954,40.15796
-123.21716,39.18642
-123.21617,40.30955
-123.21162,40.74107
-123.21039,41.61343
-123.2079,41.61089
-123.20489,42.41915
-123.20424,40.73895
-123.20411,41.8447
-123.20192,41.58642
-123.20171,42.41714
-123.19537,41.05358
-123.19503,41.91588
-123.19326,41.02229
-123.18861,42.42587
-123.18453,40.274
-123.18325,41.55897
-123.18215,40.27394
-123.17941,40.95952
-123.17901,41.54964
-123.17734,41.92731
-123.17627,41.56114
-123.1752,40.06253
-123.16967,39.21153
-123.16926,40.26304
-123.16695,39.23518
-123.16213,42.851
-123.16016,41.53988
-123.15929,40.98365
-123.15822,41.02833
-123.15784,42.02308
-123.15324,41.07857
-123.15125,41.5858
-123.14614,41.56182
-123.13717,40.0503
-123.13616,41.08418
-123.13431,41.03526
-123.1331,40.76839
-123.13126,40.76735
-123.12915,41.53616
-123.12775,41.53435
-123.12513,40.24725
-123.12305,42.41535
-123.12108,40.04955
-123.11728,40.09855
-123.11647,41.80984
-123.11591,41.52364
-123.11539,41.52142
-123.1122,41.07385
-123.11203,40.03813
-123.10853,39.96809
-123.10817,41.03879
-123.10705,42.71679
-123.10636,41.53143
-123.10558,41.53046
-123.10077,42.0356
-123.09856,42.66171
-123.0979,40.25454
-123.09513,38.75385
-123.09504,38.75403
-123.09501,38.40014
-123.09496,38.75444
-123.09489,38.7545
-123.09488,38.75493
-123.09486,38.75486
-123.09485,38.75528
-123.09483,38.75393
-123.09466,38.75423
-123.09415,38.75424
-123.09399,38.74679
-123.09392,38.74694
-123.09387,38.74675
-123.09386,38.74739
-123.09385,38.74713
-123.09377,38.74739
-123.09376,38.74731
-123.09346,39.15709
-123.09127,39.07979
-123.08789,42.11412
-123.08763,40.76714
-123.08687,39.98812
-123.08583,38.76566
-123.08559,38.76517
-123.08557,38.76466
-123.08549,38.76569
-123.08548,38.76482
-123.08533,38.76555
-123.08521,40.98456
-123.08505,38.77669
-123.08497,38.77676
-123.08496,38.76546
-123.08486,38.7655
-123.08478,38.77659
-123.08463,38.77684
-123.08461,38.77696
-123.0844,38.77713
-123.08432,38.77724
-123.08421,38.77733
-123.08411,38.77731
-123.0841,38.77748
-123.08339,38.7787
-123.0832,38.77864
-123.08318,38.78022
-123.08318,40.07631
-123.08314,38.78031
-123.08307,38.78044
-123.08298,38.78036
-123.08286,38.78042
-123.08266,38.78044
-123.08262,38.78036
-123.08254,38.77987
-123.08247,38.78002
-123.08233,38.77979
-123.07875,41.04757
-123.07748,41.58466
-123.0739,40.10527
-123.07101,41.47845
-123.07071,38.70754
-123.07058,38.70753
-123.07055,38.70796
-123.07053,38.70774
-123.07038,38.70759
-123.07031,38.70847
-123.07029,38.70807
-123.0699,38.7074
-123.06942,38.70703
-123.06768,40.03721
-123.06508,39.37618
-123.06387,42.43229
-123.06373,40.74631
-123.06348,38.71753
-123.0633,38.71756
-123.06316,38.71715
-123.06315,38.71688
-123.06305,38.71823
-123.063,38.71692
-123.06263,38.71819
-123.06263,38.71837
-123.06262,38.71631
-123.0625,38.71829
-123.06247,38.71846
-123.06237,38.71601
-123.0623,38.71838
-123.06226,38.71854
-123.06218,38.71583
-123.06217,38.71698
-123.06215,38.7168
-123.06206,38.71591
-123.06202,38.71667
-123.06202,38.71695
-123.06202,38.71761
-123.062,38.71853
-123.06194,38.71729
-123.06191,38.71658
-123.06189,38.7155
-123.06188,38.7158
-123.06185,38.71668
-123.06175,38.7164
-123.06172,38.71553
-123.06163,38.71647
-123.06143,38.71628
-123.0614,38.71588
-123.06122,38.71594
-123.06113,38.71709
-123.06112,38.71742
-123.0611,38.71487
-123.06107,38.71693
-123.06105,38.71469
-123.06105,38.71764
-123.061,38.71783
-123.06098,38.71682
-123.06097,38.71797
-123.06094,38.71706
-123.0609,38.71622
-123.06089,38.71597
-123.06088,38.71634
-123.06087,38.7158
-123.06085,38.71783
-123.06084,38.71462
-123.06081,38.71683
-123.06079,38.71804
-123.06074,38.7166
-123.06071,38.71675
-123.06069,38.7053
-123.06068,38.71506
-123.06058,38.71465
-123.06052,38.71517
-123.06052,38.71789
-123.06038,38.71795
-123.06036,38.71466
-123.06035,38.71771
-123.06031,38.71755
-123.06027,38.71732
-123.06025,38.71784
-123.0602,38.71766
-123.06018,38.71726
-123.06016,38.70534
-123.06016,38.71469
-123.06014,38.71747
-123.06002,38.71472
-123.05996,38.71723
-123.05987,38.71475
-123.05985,38.71749
-123.05982,40.40059
-123.05981,38.71734
-123.05976,38.71487
-123.05966,38.7175
-123.05955,38.70461
-123.05948,38.71765
-123.05942,38.73395
-123.05941,38.73404
-123.05931,38.7051
-123.05922,38.71773
-123.05918,38.73443
-123.05918,38.73453
-123.05912,38.70502
-123.05907,38.71756
-123.05903,38.73409
-123.05893,38.7047
-123.05893,38.7174
-123.05883,38.73451
-123.05882,38.73419
-123.0588,38.71728
-123.05871,38.70479
-123.05871,38.73452
-123.05866,38.71717
-123.05865,38.70495
-123.0586,38.73444
-123.0585,38.71721
-123.05835,38.71681
-123.05835,38.71699
-123.05834,38.70473
-123.05794,38.71589
-123.05782,38.71552
-123.05781,38.71573
-123.0578,40.11404
-123.05779,38.70455
-123.05773,38.71603
-123.05766,38.7044
-123.05748,40.19602
-123.05735,38.70424
-123.05721,38.70403
-123.05682,38.34199
-123.05632,38.70234
-123.05592,38.70177
-123.05586,38.702
-123.0555,38.70185
-123.0553,39.0838
-123.0552,38.70193
-123.05508,40.02937
-123.05505,38.71115
-123.05304,41.78764
-123.05259,41.78737
-123.04852,41.56239
-123.04402,40.26395
-123.04154,39.04483
-123.04088,39.04027
-123.03932,39.0384
-123.03868,39.13602
-123.03832,38.69807
-123.03819,38.69865
-123.03818,38.69821
-123.03798,38.6981
-123.03776,38.69855
-123.03753,38.69858
-123.03692,41.45553
-123.03513,39.06285
-123.03467,39.04379
-123.03377,38.69872
-123.03354,38.69881
-123.03348,38.69849
-123.03338,38.69867
-123.03303,38.69842
-123.03253,38.69832
-123.0325,38.69818
-123.03193,39.05062
-123.02813,38.70128
-123.02793,38.70103
-123.02644,42.81644
-123.02628,42.81743
-123.02388,38.68931
-123.02335,40.97644
-123.02288,38.84564
-123.02273,43.20115
-123.0225,41.94731
-123.02158,40.96936
-123.01882,38.68681
-123.01868,38.68717
-123.01867,38.68612
-123.01862,38.68642
-123.0186,38.68699
-123.01858,38.68625
-123.01856,38.6859
-123.01824,39.05095
-123.01757,40.98348
-123.01327,39.84643
-123.01091,40.04399
-123.00903,38.49632
-123.00616,39.02827
-122.99608,41.00666
-122.99187,39.87849
-122.99115,39.69909
-122.99093,38.94725
-122.98992,42.79841
-122.9873,40.15581
-122.98655,39.89443
-122.97645,41.02294
-122.97512,41.0268
-122.97396,41.02705
-122.97375,41.3143
-122.97309,41.02858
-122.97299,41.02794
-122.97292,41.02926
-122.97277,41.0291
-122.97258,41.02729
-122.97253,41.02947
-122.97232,41.05029
-122.97189,41.04997
-122.97177,41.02979
-122.97152,41.04992
-122.97002,39.44252
-122.96903,39.43598
-122.96598,38.24541
-122.96109,38.77698
-122.95864,39.4203
-122.95834,40.98139
-122.95806,39.44266
-122.95772,40.93166
-122.95537,38.50641
-122.95533,39.44359
-122.95455,38.23211
-122.95208,40.93981
-122.9514,39.25272
-122.94914,40.01729
-122.94865,40.73577
-122.93562,40.05046
-122.93528,40.18629
-122.93478,41.06764
-122.9347,39.86143
-122.93414,43.23989
-122.93007,39.30039
-122.92708,40.47023
-122.91909,40.98016
-122.91747,40.87284
-122.91552,38.16301
-122.91034,41.00342
-122.90854,41.01767
-122.90337,41.21927
-122.90236,41.202
-122.90075,41.20293
-122.89852,40.96545
-122.89752,40.94007
-122.89339,40.94486
-122.89272,41.20913
-122.88916,39.01969
-122.88792,42.96431
-122.88788,40.99119
-122.88779,40.93812
-122.88682,42.65091
-122.88379,42.19216
-122.88344,40.94034
-122.87942,42.35907
-122.87634,40.12272
-122.87553,40.04884
-122.87303,43.23246
-122.86932,39.82667
-122.86829,39.832
-122.86748,42.80356
-122.86735,39.39211
-122.86451,39.85292
-122.86297,40.93613
-122.86156,43.22745
-122.8607,40.04286
-122.85742,40.05246
-122.85632,42.04998
-122.84922,39.32221
-122.84906,40.0417
-122.84634,42.30834
-122.83732,39.32237
-122.83663,39.65427
-122.83001,41.92727
-122.82872,40.03814
-122.82533,40.08947
-122.82493,39.44311
-122.82005,41.179
-122.81428,39.01595
-122.81389,39.01256
-122.81301,42.6117
-122.81081,43.03587
-122.81061,42.61486
-122.81011,39.01308
-122.80886,39.01868
-122.80739,42.6391
-122.80693,38.5416
-122.80642,39.6488
-122.80529,39.01537
-122.80475,41.21062
-122.80137,41.16944
-122.80099,41.21811
-122.79825,40.84654
-122.79754,41.20119
-122.79519,41.23222
-122.79305,41.239
-122.79279,41.18172
-122.79116,42.92069
-122.78797,40.84541
-122.7867,41.22953
-122.78641,43.24072
-122.78508,41.23309
-122.78352,41.22944
-122.78224,39.43463
-122.78178,41.22666
-122.77975,41.21036
-122.77779,43.05301
-122.77088,40.83967
-122.76995,39.30349
-122.76821,40.83127
-122.76502,41.26937
-122.76271,41.2225
-122.7617,38.00195
-122.76061,42.66227
-122.75985,39.10705
-122.75436,39.43811
-122.7538,42.6626
-122.74859,39.43399
-122.74509,41.22731
-122.73274,43.04473
-122.7255,40.86278
-122.72389,43.21736
-122.72158,41.23012
-122.72114,38.86315
-122.71487,42.96376
-122.71412,42.07547
-122.70553,43.19005
-122.70145,40.99205
-122.6989,41.27466
-122.6965,43.18826
-122.69628,38.82495
-122.69519,38.83154
-122.69235,41.16633
-122.68951,43.05569
-122.68852,42.97595
-122.67311,39.2277
-122.6707,40.64232
-122.66324,39.23863
-122.66147,40.96187
-122.66088,43.19735
-122.65984,41.83109
-122.65912,41.29107
-122.65483,39.36325
-122.6524,39.37755
-122.64163,39.22375
-122.63054,42.68916
-122.62955,42.68997
-122.62904,42.15515
-122.627,41.73675
-122.62532,43.17637
-122.62101,43.09174
-122.61865,42.89941
-122.61836,42.68427
-122.61326,39.37348
-122.60364,37.90382
-122.60241,43.00811
-122.60238,37.9094
-122.59468,40.6002
-122.59458,43.10604
-122.59285,40.64995
-122.58964,43.23008
-122.58422,40.62394
-122.58408,37.87663
-122.58233,40.60142
-122.581,40.62401
-122.57663,42.28249
-122.57644,41.3318
-122.57486,40.61602
-122.56656,38.45751
-122.55939,43.08786
-122.55632,42.99838
-122.55417,43.14084
-122.5519,40.58571
-122.54818,42.06397
-122.54089,38.34092
-122.54029,43.0774
-122.53105,40.57644
-122.52498,42.05964
-122.52163,43.06458
-122.51799,43.0935
-122.51621,41.20672
-122.5153,38.43713
-122.51247,41.21258
-122.51179,41.21303
-122.51126,41.21261
-122.50884,38.43808
-122.50462,43.18854
-122.50278,41.31894
-122.49709,41.2936
-122.49672,41.18104
-122.49548,38.00369
-122.49471,42.75571
-122.49285,37.65395
-122.49185,41.2839
-122.48295,43.13217
-122.48267,42.0687
-122.48197,43.11191
-122.46772,42.7953
-122.45961,43.10755
-122.45588,42.4676
-122.45099,37.48184
-122.44899,42.18325
-122.44628,43.22576
-122.44118,37.86124
-122.44052,37.86247
-122.44028,37.85776
-122.43858,42.65571
-122.43836,39.02108
-122.42733,42.67796
-122.42571,37.8668
-122.42531,37.86578
-122.42529,37.86162
-122.4252,40.82982
-122.42323,43.23153
-122.41935,42.2668
-122.41433,42.24421
-122.41327,41.4311
-122.40519,42.50146
-122.40403,40.84733
-122.39131,43.16484
-122.38913,40.57152
-122.38848,40.87229
-122.38813,40.87955
-122.38328,37.71598
-122.38042,41.23528
-122.38004,43.23815
-122.37822,40.8877
-122.37702,41.2122
-122.37079,38.92774
-122.37074,40.88721
-122.37036,40.57573
-122.3692,40.88785
-122.36716,42.30423
-122.36682,42.30694
-122.35418,40.8429
-122.34893,37.15681
-122.34721,42.38135
-122.34696,42.3808
-122.34674,41.28036
-122.3461,40.84929
-122.33667,42.87791
-122.33523,42.64589
-122.33433,42.70256
-122.33004,42.68545
-122.32977,43.05633
-122.3292,37.2104
-122.32727,43.10651
-122.32655,42.8849
-122.32463,42.60077
-122.32232,42.39333
-122.32066,40.80018
-122.31927,42.63813
-122.31794,41.32186
-122.31392,40.4541
-122.31338,43.11646
-122.31261,41.1514
-122.31195,41.15304
-122.31171,41.15238
-122.31168,41.15332
-122.30829,41.1495
-122.30823,41.15404
-122.30407,37.27363
-122.303,43.24804
-122.29501,42.75615
-122.29412,37.19893
-122.29162,43.2456
-122.28875,38.62736
-122.2883,38.62555
-122.28762,38.6275
-122.28677,38.62348
-122.28307,41.35274
-122.28017,41.15952
-122.27729,37.10113
-122.27162,37.28812
-122.27069,37.17969
-122.26944,37.11318
-122.26939,37.11535
-122.26811,37.13336
-122.26161,37.91006
-122.26047,37.91024
-122.25901,37.26903
-122.25896,40.82545
-122.25889,40.75987
-122.25606,40.86558
-122.25458,40.826
-122.25384,40.75418
-122.2535,38.27817
-122.25314,41.34398
-122.25262,40.86762
-122.25132,38.27746
-122.24922,38.27772
-122.24683,40.92772
-122.24618,40.93609
-122.24275,40.916
-122.23624,37.25905
-122.23602,40.8746
-122.2339,40.73211
-122.23351,41.35311
-122.23075,43.24846
-122.23044,37.88373
-122.23014,42.93632
-122.22983,40.73066
-122.2297,40.73071
-122.22966,40.72856
-122.22963,40.72857
-122.22891,42.24971
-122.22866,37.13239
-122.22534,40.88853
-122.21924,37.25415
-122.21902,37.25452
-122.21859,37.25473
-122.21854,38.52465
-122.21786,37.25329
-122.21667,37.33752
-122.2157,38.52381
-122.21371,38.52267
-122.21089,37.17625
-122.21068,40.18814
-122.21049,41.38859
-122.20961,37.14846
-122.20767,37.1764
-122.2066,37.15757
-122.20655,41.79628
-122.20577,37.17638
-122.2046,37.17996
-122.20456,38.51186
-122.2033,41.35449
-122.20311,37.15576
-122.20285,41.79273
-122.20265,37.15756
-122.20148,37.15917
-122.19893,38.50258
-122.19686,37.85008
-122.19628,41.40927
-122.19291,37.2579
-122.18754,42.00435
-122.18604,42.99393
-122.18065,37.82812
-122.1805,42.93372
-122.17898,41.39634
-122.17681,37.81565
-122.17614,40.74963
-122.17592,41.39432
-122.17278,41.39236
-122.17079,41.14312
-122.17059,42.89021
-122.1704,41.39114
-122.16477,41.38761
-122.16003,37.81417
-122.1571,37.94513
-122.15709,37.21386
-122.15654,37.9405
-122.15421,37.31864
-122.15362,37.3188
-122.15247,37.25988
-122.15219,41.38795
-122.15197,37.21267
-122.15197,40.31691
-122.15177,37.25295
-122.14931,37.25188
-122.14627,37.24876
-122.14613,37.24767
-122.14428,37.24812
-122.14259,37.75299
-122.14111,43.1373
-122.13799,43.13181
-122.13023,42.99106
-122.13002,37.77965
-122.12435,41.81727
-122.12164,37.23636
-122.11924,40.76483
-122.11907,37.23624
-122.11779,37.17346
-122.11288,37.73857
-122.11257,37.73724
-122.10866,37.73967
-122.1073,37.73664
-122.1039,37.73797
-122.10363,37.13168
-122.10299,37.13161
-122.10262,37.13198
-122.10178,37.13183
-122.10137,42.46812
-122.10115,37.13145
-122.10105,37.13048
-122.10103,37.13233
-122.10057,37.13079
-122.10042,37.13196
-122.09968,37.12973
-122.09591,40.92427
-122.06911,37.23865
-122.06863,41.15412
-122.06689,37.22968
-122.06058,41.11713
-122.06006,42.42888
-122.05404,37.08631
-122.05143,41.25187
-122.04552,37.8127
-122.04203,42.1231
-122.0274,37.63242
-122.01474,39.21887
-122.00158,41.37137
-121.99269,41.66667
-121.99038,41.23236
-121.98931,41.66296
-121.97895,42.73727
-121.97756,42.7356
-121.96441,40.24193
-121.9565,37.00158
-121.93714,37.85097
-121.93576,37.86268
-121.93318,37.86271
-121.91784,36.97386
-121.91761,41.26571
-121.91472,41.26582
-121.91269,36.59952
-121.91178,36.97485
-121.91177,36.59945
-121.90432,41.26493
-121.90199,36.36926
-121.89455,37.05375
-121.89017,37.66449
-121.88718,42.52467
-121.88561,42.66837
-121.87496,42.64147
-121.87125,36.94539
-121.86269,42.67348
-121.86155,36.59465
-121.8565,36.92939
-121.85642,37.44616
-121.8561,37.44545
-121.85374,42.65951
-121.85121,40.49437
-121.84876,36.91647
-121.84255,37.077
-121.84141,37.94353
-121.83998,36.31358
-121.83112,36.89039
-121.83109,36.88909
-121.82966,36.88826
-121.82889,36.88785
-121.82835,36.88666
-121.82706,36.88385
-121.82205,37.52527
-121.81133,36.3785
-121.81096,37.83038
-121.81051,40.51277
-121.8073,36.34056
-121.80597,39.75826
-121.80419,36.26582
-121.80396,36.30689
-121.8035,36.33938
-121.80297,36.70202
-121.799,36.37264
-121.79753,36.33288
-121.79688,37.50925
-121.79678,37.51093
-121.79434,37.51043
-121.79393,37.51283
-121.79358,37.50992
-121.79295,37.51169
-121.79256,37.51313
-121.79237,37.51104
-121.79211,36.7145
-121.79137,36.71242
-121.78992,36.30995
-121.78808,37.85193
-121.78777,36.32608
-121.786,36.35888
-121.7856,36.30124
-121.78492,36.32597
-121.78174,36.24949
-121.77777,36.24621
-121.77189,36.38291
-121.77038,36.36335
-121.7686,36.32615
-121.75959,36.28911
-121.7515,42.18996
-121.75078,36.37052
-121.74518,36.3632
-121.74294,36.25964
-121.73705,37.51653
-121.73139,36.24185
-121.7298,36.24645
-121.72633,37.51333
-121.72417,36.35283
-121.72105,37.3309
-121.72048,37.59327
-121.71744,36.23346
-121.7174,36.3214
-121.7171,37.00825
-121.7166,36.20365
-121.7148,37.3313
-121.71434,37.59065
-121.71378,37.01209
-121.71346,36.24691
-121.71034,37.01167
-121.70852,37.00238
-121.70789,37.53074
-121.70374,37.55956
-121.69944,37.5789
-121.69296,37.58331
-121.69077,38.11355
-121.69077,38.11415
-121.69073,37.57323
-121.68861,37.57435
-121.68754,37.568
-121.68718,36.24922
-121.68617,37.566
-121.68563,37.58381
-121.68505,36.31931
-121.68469,36.37593
-121.68428,38.144
-121.68099,36.21223
-121.68008,36.21246
-121.67748,36.30949
-121.673,36.33274
-121.67181,36.15683
-121.66964,36.25623
-121.66937,36.15554
-121.66261,36.3474
-121.65533,36.22227
-121.6535,36.24759
-121.65153,41.03398
-121.65064,41.01743
-121.65042,36.27382
-121.6504,36.35186
-121.64915,41.01896
-121.64682,36.26065
-121.64483,41.00636
-121.64439,36.28302
-121.64395,41.01724
-121.64247,36.28595
-121.63775,36.30354
-121.63617,36.30231
-121.63534,36.30099
-121.63448,36.21033
-121.63022,36.34329
-121.62699,40.3483
-121.62241,36.18095
-121.61884,36.17567
-121.61816,36.29052
-121.61571,36.17494
-121.61522,41.58598
-121.61503,39.91497
-121.61412,38.02588
-121.61385,38.19898
-121.61091,41.01529
-121.60547,36.1723
-121.60496,36.28652
-121.60468,36.17914
-121.6045,39.42554
-121.60166,36.20382
-121.59961,36.19672
-121.59179,36.07703
-121.59137,36.29448
-121.58952,36.05595
-121.58494,36.1358
-121.58375,36.12315
-121.58097,36.20405
-121.577,36.1936
-121.57371,41.55422
-121.57204,36.30743
-121.57158,36.06259
-121.57022,41.55733
-121.56772,36.29607
-121.56181,40.52577
-121.56127,41.55462
-121.56113,40.36974
-121.56086,40.30981
-121.56082,36.20671
-121.55869,40.0788
-121.55825,36.32784
-121.55707,36.15117
-121.55573,36.20867
-121.55511,36.14987
-121.55493,36.25524
-121.55036,42.41488
-121.5479,37.18731
-121.54764,37.18608
-121.5468,37.20296
-121.54415,37.20459
-121.54348,37.21243
-121.54288,37.21204
-121.54276,37.21262
-121.54216,40.92723
-121.54143,36.24083
-121.54101,37.1835
-121.54083,36.14196
-121.54081,37.1882
-121.53892,37.21755
-121.53753,37.6314
-121.53701,37.18559
-121.53491,37.21422
-121.53443,37.18579
-121.5328,37.21604
-121.53136,37.21097
-121.52895,36.21497
-121.52337,36.05045
-121.52252,36.06029
-121.52189,37.17729
-121.51966,37.17553
-121.51604,36.21781
-121.51439,37.21404
-121.51358,37.1661
-121.51201,37.17494
-121.50727,40.9917
-121.50578,37.18169
-121.50487,36.24714
-121.50414,41.71755
-121.503,37.18158
-121.503,40.77925
-121.50241,36.05825
-121.50073,37.18048
-121.50053,37.18038
-121.49871,39.61389
-121.49848,36.01571
-121.49781,39.6554
-121.4967,40.20928
-121.49642,39.61908
-121.49602,39.62193
-121.49539,36.16856
-121.49518,37.17292
-121.49294,40.36026
-121.49195,36.10861
-121.48845,36.27298
-121.48829,36.03014
-121.48603,39.71971
-121.48384,37.1675
-121.48365,35.98745
-121.48235,36.21946
-121.48107,41.95082
-121.48079,37.17507
-121.47994,36.30787
-121.47851,36.19985
-121.47834,37.13666
-121.47805,36.04059
-121.47723,36.28642
-121.47663,35.99121
-121.47654,36.19836
-121.47465,35.99282
-121.47306,36.19212
-121.47004,36.28324
-121.4689,36.1806
-121.46805,37.18913
-121.46744,35.9858
-121.46679,35.91878
-121.46664,42.88961
-121.46657,40.63327
-121.46404,39.57973
-121.46284,37.17073
-121.46174,36.07834
-121.46008,42.83545
-121.45521,39.52228
-121.45218,36.16051
-121.44868,39.5194
-121.43878,36.76994
-121.43716,35.97802
-121.43716,35.97857
-121.43549,36.09163
-121.43448,40.67434
-121.43342,36.77301
-121.43196,36.01585
-121.43118,35.99459
-121.42936,36.77369
-121.4287,37.13817
-121.42487,37.13659
-121.42216,36.7713
-121.42069,42.73154
-121.41658,37.08166
-121.40706,39.54886
-121.40222,40.7093
-121.40105,36.75287
-121.40073,36.77203
-121.40034,36.08226
-121.39873,36.76778
-121.39386,40.44295
-121.39219,35.93789
-121.38678,35.85523
-121.38625,38.63546
-121.38588,35.87808
-121.38539,38.63567
-121.38482,35.85863
-121.38415,35.85609
-121.38072,35.83763
-121.37832,35.84085
-121.37801,36.99384
-121.37768,35.84051
-121.37731,35.84019
-121.37716,35.83986
-121.37607,35.85428
-121.36548,35.83728
-121.36443,35.91606
-121.3631,35.909
-121.35854,38.6808
-121.35541,40.40252
-121.34465,35.82626
-121.33847,35.85812
-121.33833,35.83646
-121.33163,40.47156
-121.32703,39.33735
-121.32694,39.33735
-121.31193,35.84257
-121.31178,39.7682
-121.30811,40.33822
-121.30805,40.36222
-121.30079,37.77336
-121.29624,35.80814
-121.29597,40.61081
-121.28993,39.89097
-121.28903,41.64802
-121.28661,41.64806
-121.28035,35.79635
-121.26962,39.7076
-121.26542,43.05706
-121.25885,35.84077
-121.25704,43.06948
-121.25398,40.27566
-121.2536,35.79719
-121.24642,43.06816
-121.22522,40.01491
-121.21195,39.90173
-121.20687,39.86704
-121.2057,39.90215
-121.19791,39.90141
-121.19092,40.31174
-121.18689,39.9118
-121.18637,35.96399
-121.17472,39.87086
-121.16624,40.14538
-121.16423,40.49946
-121.16371,40.43116
-121.15575,40.41855
-121.15572,40.4991
-121.13491,42.21963
-121.13472,43.00594
-121.13007,42.20392
-121.12559,35.59694
-121.12165,39.41774
-121.12031,39.41484
-121.11862,40.18917
-121.114,40.19499
-121.11303,38.76655
-121.09593,40.16142
-121.09373,40.15538
-121.09281,42.95871
-121.09183,42.61085
-121.09163,40.16203
-121.08679,40.16911
-121.07948,36.01345
-121.06536,42.94374
-121.04366,40.62673
-121.02868,39.29868
-121.01857,39.25034
-121.01132,37.754
-121.0105,35.9794
-121.01028,39.72976
-121.01027,35.97884
-121.01004,35.97857
-121.00999,35.97813
-121.00996,35.97837
-121.00996,35.9788
-121.00962,35.9783
-121.00952,35.97798
-121.00477,39.98029
-121.00181,35.96283
-120.99926,35.96272
-120.99661,35.96046
-120.99555,39.52244
-120.98419,37.62674
-120.97949,39.71934
-120.97731,43.02808
-120.97123,39.73458
-120.97033,39.73075
-120.96758,39.73765
-120.96732,39.74821
-120.96,37.35287
-120.95897,37.35193
-120.95371,35.73856
-120.95302,35.64559
-120.94553,43.071
-120.94137,38.82686
-120.9304,39.29933
-120.93023,39.31002
-120.92731,39.33659
-120.92236,39.35826
-120.92187,38.67499
-120.90043,35.7592
-120.89939,39.11702
-120.89882,35.75913
-120.89609,35.75944
-120.89314,35.75406
-120.89099,35.75229
-120.88796,35.26726
-120.88729,35.26195
-120.87408,41.5791
-120.86619,38.92011
-120.86107,35.29624
-120.8604,36.70397
-120.85167,36.36077
-120.84897,39.85963
-120.8485,42.88977
-120.83964,35.34796
-120.83843,39.34735
-120.8331,39.18655
-120.83003,41.16737
-120.82923,40.07402
-120.8214,36.35356
-120.82072,42.72987
-120.81017,43.23493
-120.80988,40.35408
-120.8068,39.21478
-120.79652,40.54401
-120.7942,40.54519
-120.79418,38.17592
-120.79024,42.66277
-120.77511,41.66025
-120.77296,40.55609
-120.76985,40.65324
-120.764,41.87981
-120.7266,39.0999
-120.71836,40.7343
-120.71349,37.81138
-120.71275,42.4713
-120.70398,42.47454
-120.6955,38.22235
-120.68271,36.29457
-120.66758,39.30741
-120.66547,39.6695
-120.66122,39.70132
-120.65986,39.44043
-120.65197,39.45186
-120.6436,35.34534
-120.64338,38.4219
-120.64132,39.17857
-120.63957,42.28624
-120.63581,39.31967
-120.63481,39.39947
-120.62916,41.57969
-120.62553,35.04094
-120.62465,35.11054
-120.62334,39.39904
-120.62309,39.39925
-120.62287,39.39711
-120.62154,39.39661
-120.62145,39.4005
-120.61888,39.40353
-120.61791,35.05496
-120.61776,39.43205
-120.61715,39.41896
-120.617,40.195
-120.61639,35.05773
-120.61599,39.41703
-120.61587,39.42014
-120.61557,39.41739
-120.61502,39.42055
-120.61449,39.42006
-120.6143,39.41957
-120.6142,39.41867
-120.61396,40.19198
-120.61365,39.41908
-120.61339,39.42027
-120.61331,39.41785
-120.61326,39.41852
-120.61296,39.42106
-120.6124,39.45864
-120.60202,39.31823
-120.59511,37.88529
-120.59259,38.9045
-120.58604,39.18712
-120.5856,38.90313
-120.58361,40.17873
-120.58048,42.11926
-120.57984,39.43697
-120.57838,40.17845
-120.57768,39.7407
-120.57139,39.32949
-120.56699,39.40575
-120.56665,39.40786
-120.56656,39.40602
-120.56548,39.40556
-120.56336,39.41065
-120.55861,39.39923
-120.5584,39.39843
-120.55812,39.39852
-120.55808,39.3984
-120.55802,39.39795
-120.53994,38.00794
-120.53947,41.47915
-120.53788,42.19673
-120.53687,39.18379
-120.52875,38.60812
-120.51899,38.60553
-120.51636,38.60404
-120.5144,38.6064
-120.50589,39.28715
-120.50297,39.93016
-120.50233,39.1562
-120.50094,34.51069
-120.4853,42.47891
-120.47743,39.89091
-120.47329,39.88731
-120.46397,39.31675
-120.4609,35.32055
-120.4541,35.32493
-120.44812,39.4252
-120.43926,38.56733
-120.43822,39.12117
-120.4324,38.56858
-120.43229,34.6473
-120.4247,39.07551
-120.42253,39.8917
-120.41728,39.06805
-120.41692,38.03243
-120.40998,39.1332
-120.40794,38.6506
-120.40548,38.88127
-120.40158,39.22902
-120.39971,38.86876
-120.39775,38.86834
-120.39689,38.88318
-120.39283,38.97493
-120.39129,38.70575
-120.38771,39.17579
-120.38707,39.46758
-120.38698,38.88924
-120.38494,38.86014
-120.37956,38.98584
-120.37854,38.81266
-120.37504,38.88851
-120.37394,39.18736
-120.37308,38.81644
-120.36987,38.88137
-120.36765,40.04705
-120.3632,39.40064
-120.35723,39.08155
-120.34909,34.0406
-120.34862,39.37299
-120.34782,40.13514
-120.34708,35.67408
-120.34333,39.36957
-120.32714,41.71238
-120.3252,38.76354
-120.32298,38.92932
-120.32239,39.29147
-120.3186,38.99932
-120.31666,38.98126
-120.31376,39.00216
-120.3135,38.28052
-120.30787,38.27484
-120.30765,35.34604
-120.30545,38.47163
-120.30195,38.661
-120.30177,38.2743
-120.30115,38.47353
-120.30006,38.58435
-120.29876,41.55878
-120.29679,41.82687
-120.29581,41.56016
-120.29373,38.47708
-120.29313,38.2804
-120.29068,38.28194
-120.29027,39.01222
-120.28894,41.27651
-120.28747,41.5192
-120.28527,38.67634
-120.28155,39.20114
-120.27764,38.47638
-120.27707,39.17299
-120.2737,35.35445
-120.27355,35.35421
-120.27222,39.16588
-120.2708,38.47806
-120.26698,38.47988
-120.26203,38.48552
-120.26202,38.24805
-120.26088,38.24835
-120.2588,38.54426
-120.25819,39.01355
-120.25381,41.56196
-120.25207,40.70771
-120.2438,38.53367
-120.24087,38.54666
-120.24049,37.85664
-120.23819,38.53611
-120.23672,39.55718
-120.23497,38.30008
-120.23323,42.37445
-120.23294,38.8438
-120.2329,38.84361
-120.22988,38.53442
-120.21492,38.32352
-120.21363,40.03514
-120.21239,42.15725
-120.2089,39.89007
-120.20504,41.97889
-120.20182,42.09396
-120.20117,38.8575
-120.19903,38.85887
-120.19835,38.8577
-120.19784,38.85791
-120.19563,38.86162
-120.19559,37.82597
-120.19489,38.37687
-120.19488,38.8603
-120.19385,38.86075
-120.1897,41.93299
-120.1877,41.1978
-120.18524,39.8987
-120.18164,37.99335
-120.18158,37.99578
-120.17845,39.89633
-120.17457,42.05761
-120.1684,42.38046
-120.16651,39.86564
-120.16185,42.42218
-120.16047,38.53519
-120.15888,39.11397
-120.15655,39.37764
-120.15505,38.92379
-120.15202,42.06481
-120.14694,38.4422
-120.14628,38.91462
-120.14354,38.49745
-120.13882,41.26366
-120.13272,38.65756
-120.11919,38.67189
-120.11527,38.89252
-120.11506,40.0404
-120.10904,35.39808
-120.1068,38.41686
-120.09508,37.81843
-120.08941,39.43807
-120.08755,38.70758
-120.08357,38.70464
-120.08221,38.41017
-120.07557,38.21201
-120.06845,38.93085
-120.06632,37.78763
-120.06222,38.37191
-120.05759,39.57974
-120.05294,38.70449
-120.05113,37.83841
-120.04822,33.99091
-120.04508,37.83757
-120.0422,38.0939
-120.03791,38.55068
-120.03757,35.03512
-120.03484,38.74302
-120.03321,37.84749
-120.02431,38.47692
-120.02006,37.61764
-120.01468,38.42847
-120.0146,38.42817
-120.01413,39.6165
-120.01403,38.4275
-120.01356,38.42574
-120.0126,38.43128
-120.01217,39.60817
-120.01158,38.43131
-120.01016,38.4315
-120.00987,39.61675
-120.00981,38.68733
-120.00765,38.43826
-120.00756,39.62152
-120.00738,38.44028
-120.00737,38.43854
-120.00636,38.43594
-120.00543,38.1822
-120.00518,38.43504
-120.00426,38.18205
-120.00252,38.18234
-120.00223,38.43488
-120.00186,38.43398
-120.00179,38.18236
-120.00156,38.43607
-119.99466,34.8248
-119.98973,38.48113
-119.98866,38.48241
-119.9875,38.43179
-119.98733,38.48018
-119.98449,38.14425
-119.97572,38.941
-119.97511,38.9422
-119.97496,38.94305
-119.97381,38.94229
-119.97368,38.94233
-119.97365,38.94202
-119.97299,38.94304
-119.97126,38.45477
-119.96755,37.21419
-119.96641,37.20752
-119.96389,37.21631
-119.96365,37.47023
-119.96269,37.21365
-119.95967,38.14572
-119.95697,38.16567
-119.95551,38.17413
-119.95155,38.64763
-119.94808,37.4641
-119.94396,34.84062
-119.94324,38.30202
-119.93525,38.24938
-119.93265,38.24429
-119.92976,38.73022
-119.92347,34.83745
-119.92239,34.76633
-119.91755,37.98706
-119.91753,38.32367
-119.91406,38.51586
-119.91289,34.69759
-119.91283,38.17314
-119.90786,34.95438
-119.90659,38.17663
-119.90192,38.51776
-119.90112,34.75965
-119.90032,38.53859
-119.89815,37.58179
-119.89597,37.12285
-119.89517,37.12245
-119.89169,38.31186
-119.89156,38.77623
-119.88942,39.19084
-119.88826,34.74199
-119.88294,38.19722
-119.88194,34.77655
-119.87989,38.54298
-119.87526,37.98476
-119.87444,34.73541
-119.86665,34.73827
-119.8627,34.82288
-119.86172,38.35441
-119.85602,35.11492
-119.8529,38.6163
-119.85026,38.35299
-119.8481,34.8178
-119.84568,34.72533
-119.83558,39.30156
-119.83317,38.34199
-119.83312,38.34128
-119.8256,38.53817
-119.82295,34.7512
-119.8217,34.54317
-119.81477,38.55013
-119.81239,38.16168
-119.81124,34.54194
-119.80542,34.80667
-119.80176,34.54027
-119.78893,34.5456
-119.78612,38.58816
-119.78408,38.7453
-119.78274,39.58666
-119.78129,39.58667
-119.77851,38.69432
-119.77797,34.75577
-119.77376,38.69735
-119.77331,42.54268
-119.77273,34.76004
-119.77127,39.11656
-119.77076,38.69073
-119.76987,38.68945
-119.76832,34.90799
-119.7664,38.16646
-119.75396,34.83582
-119.74754,34.70797
-119.7441,38.48032
-119.74168,39.17222
-119.7409,34.75306
-119.73723,38.2689
-119.73001,39.19702
-119.72565,38.6505
-119.72184,38.63215
-119.72126,38.62912
-119.72075,38.01704
-119.71868,42.41322
-119.71491,37.95587
-119.7148,34.74735
-119.70505,38.22004
-119.69864,38.04272
-119.69774,37.97585
-119.69716,37.36177
-119.69578,38.57744
-119.69478,37.50873
-119.69332,38.32419
-119.68537,37.02098
-119.68509,37.02085
-119.6829,37.02275
-119.68137,37.02415
-119.66889,34.58427
-119.66715,37.4276
-119.66645,38.41088
-119.65337,37.40992
-119.653,37.39399
-119.65222,37.5394
-119.65116,39.22057
-119.64735,38.04558
-119.64442,34.71281
-119.64375,37.04898
-119.64155,34.70799
-119.63861,38.29624
-119.63652,38.28863
-119.6361,37.41484
-119.63381,34.70384
-119.62691,38.28166
-119.62441,37.49135
-119.61924,38.27054
-119.61723,39.98939
-119.61554,38.27368
-119.61467,38.14372
-119.59549,38.17382
-119.59221,38.17681
-119.59162,38.1777
-119.59125,34.51499
-119.59051,37.41614
-119.59045,38.05873
-119.59022,38.17841
-119.58765,39.24832
-119.58722,37.42144
-119.58421,37.4157
-119.5819,37.46758
-119.57977,34.51064
-119.56682,37.74444
-119.56664,37.45805
-119.56617,37.40033
-119.56536,37.39705
-119.56277,37.40654
-119.56213,37.40437
-119.55764,34.55751
-119.55184,38.16137
-119.54943,37.45536
-119.54869,38.69766
-119.54752,38.68232
-119.54492,37.44083
-119.54261,37.42557
-119.53867,37.29835
-119.53786,37.36872
-119.52298,38.01902
-119.52171,34.39298
-119.5193,38.69584
-119.5129,37.14993
-119.46866,36.73122
-119.46864,38.15931
-119.46056,41.91296
-119.45747,41.91372
-119.45617,37.86235
-119.45185,34.49187
-119.45007,37.14638
-119.44988,38.10775
-119.4497,38.10806
-119.44524,38.11136
-119.44492,38.11197
-119.4407,37.28559
-119.41488,38.01389
-119.40981,37.50272
-119.39226,34.49923
-119.38929,37.38121
-119.38547,37.41304
-119.38029,34.51719
-119.36764,34.01424
-119.36404,36.82165
-119.36267,37.29278
-119.36208,37.37286
-119.35996,37.53059
-119.35739,34.562
-119.35606,34.41067
-119.3542,37.26086
-119.35385,34.4087
-119.35358,34.41031
-119.35073,34.52879
-119.34992,34.40928
-119.34903,34.41059
-119.34887,38.23714
-119.34852,34.41078
-119.3479,34.40694
-119.34636,37.52796
-119.34458,34.40697
-119.34432,38.23841
-119.34417,37.79701
-119.34377,38.23698
-119.34183,34.87866
-119.34157,34.41682
-119.3411,34.41432
-119.34078,34.41879
-119.34077,34.41721
-119.34053,37.35172
-119.34019,38.62102
-119.3384,34.41061
-119.33806,34.4149
-119.33785,34.55328
-119.33619,37.39977
-119.33451,37.3442
-119.32986,38.17298
-119.32858,36.85899
-119.32798,37.50918
-119.32702,38.23802
-119.32459,34.28506
-119.31848,38.21071
-119.31584,34.28078
-119.31493,37.71062
-119.31351,36.86348
-119.30853,34.67912
-119.30313,38.28825
-119.30266,37.37009
-119.29237,34.80357
-119.29208,37.09603
-119.2905,37.11082
-119.28935,36.90569
-119.28077,37.52849
-119.27813,34.51713
-119.27653,39.28889
-119.27595,39.28809
-119.27341,34.5133
-119.26899,37.54133
-119.25948,39.60833
-119.25224,34.48576
-119.24149,38.02754
-119.23897,38.05826
-119.22884,34.81203
-119.22857,37.2376
-119.22786,34.8608
-119.22745,38.06371
-119.22728,37.02063
-119.22547,40.78288
-119.22501,40.78347
-119.22388,40.77983
-119.22381,34.63032
-119.2236,40.78019
-119.22339,40.77992
-119.22327,40.77959
-119.22315,40.77931
-119.22313,40.77999
-119.2231,40.77833
-119.22268,40.78006
-119.22267,40.78333
-119.22218,40.78013
-119.22204,40.78335
-119.22198,40.77949
-119.22193,40.78061
-119.22184,40.77919
-119.22184,40.78023
-119.22169,40.779
-119.22163,40.78274
-119.22162,40.78311
-119.22132,40.78068
-119.22121,40.78038
-119.22,40.78555
-119.21981,40.7806
-119.21975,40.78357
-119.21949,40.77994
-119.21935,40.78392
-119.21927,40.7844
-119.21924,40.77942
-119.21918,40.7856
-119.21914,40.7808
-119.21884,40.78005
-119.21874,38.28062
-119.21869,40.78299
-119.21863,40.77957
-119.21832,40.78518
-119.21829,40.783
-119.21675,40.77632
-119.21638,40.78047
-119.21632,40.7793
-119.21616,40.77805
-119.21612,40.77804
-119.21588,38.28797
-119.21501,40.77672
-119.21491,40.77644
-119.21455,40.77393
-119.21303,40.77695
-119.20659,40.77512
-119.20507,40.77554
-119.20429,34.62317
-119.19898,40.7762
-119.18787,37.2381
-119.18685,34.95607
-119.18543,35.53295
-119.18515,34.99111
-119.17892,37.23551
-119.1775,38.17496
-119.17745,36.97842
-119.177,34.61621
-119.17648,37.23515
-119.17442,34.85818
-119.17104,37.23687
-119.16956,38.99481
-119.1686,34.77941
-119.16605,34.5494
-119.16578,34.58494
-119.16366,34.64209
-119.16303,34.58775
-119.16168,37.23457
-119.15997,34.48397
-119.1569,37.25484
-119.14967,37.72834
-119.14946,36.9804
-119.14887,34.52528
-119.14363,34.52777
-119.14043,34.62842
-119.12447,36.98878
-119.12415,34.48652
-119.11157,37.49464
-119.10569,37.15212
-119.10297,36.85976
-119.1027,34.55954
-119.10084,41.78641
-119.09662,36.85642
-119.09109,36.85705
-119.0849,37.63135
-119.08023,34.84517
-119.0801,37.4697
-119.07984,34.40576
-119.07797,37.77746
-119.07658,37.79666
-119.07602,37.15815
-119.06779,37.32006
-119.0666,37.15913
-119.06633,34.56028
-119.0623,37.15296
-119.06048,37.45793
-119.05674,34.45246
-119.05657,34.46293
-119.05653,34.44769
-119.05266,37.46373
-119.04109,37.31514
-119.04033,37.4734
-119.03518,37.46208
-119.03459,37.4705
-119.02909,33.47976
-119.0207,37.31029
-119.00104,34.78537
-119.00046,34.69985
-118.98719,37.36016
-118.98653,34.13066
-118.97817,34.67616
-118.9744,36.98753
-118.96912,37.00099
-118.96239,37.10397
-118.95715,36.3904
-118.95224,34.57252
-118.95044,36.6884
-118.9428,37.01317
-118.94161,37.40649
-118.93692,34.10835
-118.93578,37.13259
-118.92584,34.07486
-118.91383,36.46777
-118.90897,37.02546
-118.90502,36.78027
-118.89868,36.44926
-118.89745,34.87148
-118.89723,37.12181
-118.89684,37.1205
-118.8962,34.06751
-118.89478,36.7734
-118.89432,35.43856
-118.89202,37.02794
-118.88761,37.00495
-118.88659,36.81851
-118.88605,34.58662
-118.88588,34.57606
-118.88341,37.04359
-118.88211,37.04507
-118.88096,37.23388
-118.88046,37.23511
-118.87964,37.23695
-118.87719,36.69546
-118.87706,35.43528
-118.87222,42.80826
-118.87104,34.79194
-118.86533,36.71113
-118.8569,36.67778
-118.85102,36.72165
-118.85016,36.72221
-118.84831,37.15297
-118.8432,36.66587
-118.83969,37.49007
-118.83886,36.66602
-118.83864,34.55911
-118.83301,36.66508
-118.82669,37.50031
-118.82526,37.50189
-118.81871,34.09413
-118.81224,37.49916
-118.80635,34.54975
-118.78702,41.6652
-118.77329,36.74335
-118.76758,37.41638
-118.76757,38.69228
-118.76603,36.68227
-118.76476,37.13379
-118.75801,37.39027
-118.75706,37.90548
-118.75659,37.90519
-118.7471,37.43462
-118.72633,42.65634
-118.72127,41.68801
-118.71291,34.09149
-118.71196,34.09385
-118.69862,36.85346
-118.68948,36.23716
-118.68552,36.20704
-118.68509,42.68617
-118.68448,36.57272
-118.6808,36.22962
-118.67816,36.22111
-118.67707,34.24173
-118.67646,36.59933
-118.67063,36.24855
-118.66869,36.60331
-118.66519,37.11442
-118.66355,36.25777
-118.66065,34.73154
-118.66033,37.1183
-118.65532,36.24619
-118.65305,36.91303
-118.6451,36.57086
-118.63701,34.61855
-118.63632,35.84468
-118.62926,36.57226
-118.6243,36.56461
-118.61915,36.12698
-118.61893,35.95392
-118.61441,36.497
-118.61157,36.13888
-118.60301,36.49379
-118.59837,36.14153
-118.59433,37.09413
-118.59018,35.6439
-118.58837,36.71827
-118.58424,36.64691
-118.58385,34.10298
-118.58325,35.467
-118.58123,36.4845
-118.57897,36.56434
-118.57683,37.18128
-118.57457,36.704
-118.57418,35.87396
-118.57147,35.80855
-118.56535,37.23609
-118.56359,36.55565
-118.55096,33.47283
-118.55059,33.47279
-118.55023,33.47299
-118.54986,33.47286
-118.5498,33.47305
-118.54907,33.47333
-118.54843,33.47322
-118.54794,33.47338
-118.54736,36.55454
-118.54596,36.68018
-118.54476,36.12119
-118.54263,36.53466
-118.54186,36.83794
-118.54161,36.53109
-118.53933,36.67555
-118.53628,36.52448
-118.53485,36.64336
-118.5333,36.85384
-118.53237,36.75608
-118.53106,42.54155
-118.52967,34.69103
-118.52962,42.57518
-118.52407,34.36765
-118.52383,34.36818
-118.52368,34.36885
-118.52363,34.36954
-118.52331,34.37004
-118.52322,34.37115
-118.51852,37.05486
-118.51811,36.86916
-118.51633,36.87015
-118.51276,37.1378
-118.50793,37.13228
-118.50616,37.1303
-118.50361,37.13096
-118.50228,34.63954
-118.4962,36.46826
-118.49398,34.68168
-118.49389,34.68003
-118.49326,33.44015
-118.49316,33.44088
-118.49313,33.44007
-118.49282,33.43995
-118.49268,33.44131
-118.49261,33.44027
-118.49246,33.4402
-118.49246,33.44036
-118.49246,33.4413
-118.49246,33.44163
-118.49243,33.44007
-118.4924,33.44168
-118.49237,33.44037
-118.49237,33.44114
-118.49234,33.44021
-118.49232,33.44172
-118.49231,33.44063
-118.49228,33.44037
-118.49227,33.44011
-118.49223,33.44107
-118.4922,33.44173
-118.49219,33.44034
-118.49219,33.44146
-118.49218,33.44062
-118.49216,33.43968
-118.49211,33.4405
-118.4921,33.43948
-118.49201,33.43985
-118.492,33.4406
-118.49198,33.44014
-118.49198,33.4415
-118.49188,33.44159
-118.49181,33.44135
-118.49167,33.44162
-118.49165,33.44115
-118.49164,33.44066
-118.49163,33.44013
-118.49161,33.44033
-118.49152,33.44132
-118.49149,33.44093
-118.49147,33.44145
-118.49143,33.44015
-118.49141,33.44029
-118.49136,33.44131
-118.49131,33.44113
-118.49121,33.4409
-118.49115,33.44073
-118.49112,33.44063
-118.49107,33.44052
-118.49101,33.44032
-118.48128,33.36755
-118.4787,33.37625
-118.47386,33.38654
-118.47383,33.38677
-118.47374,33.38633
-118.47354,33.38667
-118.47339,33.38703
-118.47316,33.38762
-118.47315,33.38804
-118.47311,33.38686
-118.4729,33.38343
-118.47289,33.38571
-118.47284,33.38329
-118.47277,33.38308
-118.47276,33.38776
-118.47276,33.38819
-118.47266,33.38562
-118.47265,33.38735
-118.47263,33.38701
-118.47257,33.38529
-118.47211,33.3854
-118.47165,33.38655
-118.47114,33.38607
-118.47108,33.38571
-118.47086,33.38497
-118.47081,33.38607
-118.4708,33.38469
-118.47078,33.3857
-118.46831,34.97842
-118.46766,33.35461
-118.46499,36.48119
-118.45587,35.81213
-118.45501,36.46257
-118.45472,36.46231
-118.45212,35.80306
-118.45168,42.77546
-118.45149,36.28145
-118.44855,35.86147
-118.44754,35.86415
-118.44488,36.28566
-118.44458,34.97296
-118.44392,36.72963
-118.44357,35.78351
-118.44293,36.7233
-118.43753,36.8736
-118.4361,37.12417
-118.4329,34.99836
-118.4279,33.42744
-118.42492,33.42667
-118.42346,35.76324
-118.42199,33.42668
-118.42162,37.43034
-118.40963,36.34628
-118.40691,33.38568
-118.40688,33.42139
-118.40662,33.38591
-118.40651,33.3857
-118.40648,33.38553
-118.40645,33.38544
-118.4062,33.38536
-118.40578,33.38504
-118.40576,33.38557
-118.40568,33.38512
-118.40557,33.38521
-118.40466,33.41978
-118.40339,37.3737
-118.39704,33.41629
-118.39489,33.41601
-118.38618,33.41388
-118.38313,34.52629
-118.38164,33.40967
-118.38101,35.03656
-118.3774,33.4098
-118.37722,34.61744
-118.37453,33.82981
-118.37373,33.82947
-118.37365,33.82876
-118.37324,36.56689
-118.37292,36.89091
-118.372,36.71304
-118.36914,33.40719
-118.361,35.67721
-118.35932,36.83377
-118.35623,33.3776
-118.34906,36.56357
-118.33995,36.89292
-118.33934,33.32861
-118.33827,34.59713
-118.33728,36.49632
-118.33183,36.89682
-118.3299,36.49657
-118.32949,36.68943
-118.31986,34.43689
-118.30581,35.40498
-118.30203,35.38716
-118.29724,36.84451
-118.28424,36.49541
-118.27848,36.56312
-118.27243,34.43388
-118.26709,35.30096
-118.26566,35.11955
-118.26528,42.2761
-118.25878,36.57133
-118.25179,34.41819
-118.24258,34.33125
-118.23914,36.58702
-118.23726,36.58805
-118.23355,35.22438
-118.22472,35.45087
-118.1923,37.3331
-118.19185,37.33441
-118.19131,37.33313
-118.19121,37.33425
-118.19066,37.33242
-118.19061,37.33294
-118.19046,37.33525
-118.19025,37.33293
-118.19022,37.33437
-118.1901,37.33503
-118.18997,37.33537
-118.18995,37.33565
-118.18992,37.33273
-118.1899,37.33438
-118.18944,37.33261
-118.18927,37.3352
-118.18902,37.33287
-118.18854,37.33297
-118.18847,37.33399
-118.18823,37.33389
-118.18822,37.33284
-118.18782,37.33276
-118.18764,37.33246
-118.18758,37.33396
-118.18383,34.24571
-118.17834,34.22193
-118.17663,36.48399
-118.16297,35.84374
-118.1491,35.9249
-118.14599,34.21761
-118.141,34.38621
-118.13704,36.41287
-118.13357,35.55304
-118.13137,36.32199
-118.13069,36.29702
-118.12895,36.18182
-118.12798,35.52
-118.12362,36.10872
-118.12201,36.23249
-118.11841,35.55612
-118.11056,34.22645
-118.1,35.13796
-118.08982,34.19296
-118.08395,34.20776
-118.08029,34.38922
-118.07919,34.70232
-118.07389,34.25316
-118.04937,34.24642
-118.04337,35.8351
-118.04232,35.83929
-118.04077,35.76009
-118.03765,35.31446
-118.03562,34.24326
-118.03483,34.20741
-118.03421,34.38253
-118.03182,35.83887
-118.03028,34.22057
-118.02689,39.2868
-118.02402,35.7422
-118.02238,35.78213
-118.02202,34.37548
-118.01803,35.67631
-118.01792,34.32308
-118.01588,34.3217
-118.01555,34.32171
-118.01499,34.32144
-118.01492,34.32067
-118.01456,34.32113
-118.01449,34.3209
-118.01448,34.32109
-118.01444,34.32036
-118.01439,34.32076
-118.01432,34.32145
-118.01417,34.32057
-118.01402,34.31991
-118.014,34.32003
-118.01337,35.80458
-118.00317,34.37246
-117.98782,34.36742
-117.98388,34.30996
-117.98041,34.09688
-117.97836,34.17873
-117.978,34.2153
-117.92564,34.9184
-117.92088,34.3608
-117.91142,35.97329
-117.88524,35.44252
-117.88432,35.45071
-117.88267,34.25334
-117.87855,35.42695
-117.84465,35.00822
-117.83985,34.29385
-117.83865,34.33327
-117.83135,34.34763
-117.8256,34.16027
-117.82501,34.41346
-117.82057,34.39556
-117.81703,35.40765
-117.80411,33.92275
-117.80098,33.5934
-117.79416,33.5756
-117.78849,33.58515
-117.77638,34.38776
-117.76964,35.42815
-117.76554,35.42184
-117.74232,34.29623
-117.73543,34.38128
-117.73267,34.30552
-117.73064,42.99818
-117.72966,34.39559
-117.72775,34.39027
-117.72717,42.96393
-117.72205,42.91193
-117.72186,34.39077
-117.71986,42.91528
-117.71804,42.97614
-117.71522,43.10633
-117.71345,34.38668
-117.71332,35.19356
-117.71207,43.01349
-117.70809,43.0779
-117.70764,42.98093
-117.70395,43.07458
-117.70067,42.90335
-117.7004,43.03758
-117.7001,34.34419
-117.69997,43.13468
-117.69929,43.02381
-117.69848,43.07314
-117.69846,43.04163
-117.68773,43.13925
-117.68762,34.35978
-117.68342,43.13979
-117.67132,34.31132
-117.66812,34.32965
-117.66582,43.14587
-117.66424,43.14605
-117.66175,43.14165
-117.66076,43.15986
-117.65714,43.18576
-117.65509,34.34096
-117.65365,41.44656
-117.6523,41.44604
-117.64565,43.1913
-117.64541,43.20006
-117.62391,43.20274
-117.62241,33.66443
-117.61957,34.2557
-117.60542,34.23381
-117.59995,34.32083
-117.59966,33.65235
-117.59937,33.65154
-117.59937,33.65273
-117.59872,33.65208
-117.59859,33.65235
-117.59135,33.65743
-117.59098,33.65842
-117.5907,33.658
-117.59023,34.29678
-117.59015,33.65825
-117.58572,34.30853
-117.5834,34.31137
-117.57981,34.24275
-117.57619,36.2474
-117.57144,34.25382
-117.57108,43.20419
-117.56042,33.54563
-117.55995,33.54378
-117.55836,41.68536
-117.55747,33.53994
-117.55314,33.5395
-117.55258,34.21769
-117.55146,34.25178
-117.55006,33.53751
-117.54278,43.20967
-117.53625,43.20335
-117.53532,43.20671
-117.51293,43.22273
-117.50933,33.60435
-117.50665,34.29728
-117.50005,34.2372
-117.47233,34.29449
-117.43344,34.31696
-117.43228,33.6071
-117.42929,33.97508
-117.41254,33.65176
-117.40843,33.52813
-117.40528,42.74695
-117.38093,35.85565
-117.38059,33.98714
-117.37609,38.90009
-117.37082,34.2883
-117.36681,34.28784
-117.36529,34.28776
-117.36281,34.28788
-117.3501,34.84734
-117.34466,34.28397
-117.34153,33.58147
-117.32523,36.56856
-117.32167,42.71867
-117.31589,42.13061
-117.30339,38.61717
-117.30311,34.25384
-117.30008,34.30336
-117.29913,33.63661
-117.28416,33.02124
-117.27642,34.30361
-117.2724,39.1206
-117.2722,42.67673
-117.26562,34.3291
-117.26516,34.31239
-117.26485,34.33425
-117.26407,34.33249
-117.26251,34.33356
-117.2618,34.33316
-117.24014,34.34092
-117.23786,42.64001
-117.23111,42.6136
-117.22614,42.4995
-117.22544,42.6134
-117.2242,32.79588
-117.22148,42.48268
-117.2203,42.49974
-117.21843,42.45171
-117.21806,42.60487
-117.2159,32.79796
-117.21481,32.77758
-117.21172,37.68841
-117.21084,34.23508
-117.19985,42.4409
-117.18189,42.55376
-117.18163,42.56958
-117.17684,42.44201
-117.17199,42.44035
-117.16821,42.54391
-117.16656,33.84322
-117.1641,34.26728
-117.14275,32.6357
-117.13952,39.22491
-117.13654,39.34557
-117.12167,42.40371
-117.1174,36.03029
-117.1106,34.24661
-117.10224,33.14781
-117.10052,34.26025
-117.09085,33.36327
-117.08875,35.91323
-117.08541,35.92277
-117.08494,34.26279
-117.08302,34.27818
-117.07705,34.20665
-117.07588,34.20667
-117.07339,42.3776
-117.07075,34.3521
-117.06449,34.2084
-117.0643,34.21012
-117.06391,34.21029
-117.06333,34.27833
-117.0628,34.2447
-117.06217,34.20648
-117.05618,34.20662
-117.05442,42.36581
-117.0537,34.27502
-117.05327,42.34414
-117.0501,33.15794
-117.04602,34.05116
-117.04558,34.05161
-117.04545,34.20877
-117.04475,34.2018
-117.02786,42.3265
-117.02185,35.02215
-117.01434,34.31671
-117.01289,34.304
-117.0123,34.20988
-117.012,34.32003
-117.0067,34.31863
-117.0062,34.30923
-117.001,34.28884
-116.99814,40.35709
-116.99699,40.35706
-116.99559,40.35657
-116.99478,40.35663
-116.99424,40.35612
-116.99346,40.35554
-116.98837,34.91227
-116.98705,40.34037
-116.98656,33.25408
-116.9826,34.27491
-116.98155,34.2824
-116.98013,34.23252
-116.9797,34.30269
-116.97961,34.21332
-116.9775,34.21584
-116.9775,34.30142
-116.9758,34.22289
-116.97067,34.27355
-116.96828,34.27694
-116.96727,33.81574
-116.96041,34.29287
-116.96036,34.31107
-116.95883,34.29297
-116.95606,34.21496
-116.9516,34.26657
-116.94613,34.22457
-116.9448,34.21713
-116.94401,34.63331
-116.94069,34.22259
-116.93444,34.12737
-116.9286,34.18064
-116.92476,33.58155
-116.9204,34.28859
-116.92025,36.74953
-116.91892,32.8106
-116.91825,34.22095
-116.9157,34.28438
-116.90762,32.17786
-116.90733,42.27502
-116.90699,34.13881
-116.90584,38.77358
-116.90363,34.10069
-116.90159,33.34312
-116.89984,36.72544
-116.8998,34.28639
-116.89803,36.71289
-116.89771,33.29442
-116.89708,32.88285
-116.89646,42.21357
-116.89411,34.13016
-116.8923,34.90271
-116.89054,42.22599
-116.88884,34.12829
-116.88865,32.14037
-116.88865,42.26573
-116.88794,34.09666
-116.88652,33.34527
-116.88598,32.12337
-116.88583,36.71052
-116.88501,34.30452
-116.88413,34.23506
-116.88363,34.28973
-116.88336,42.25047
-116.88282,34.17104
-116.88066,42.25765
-116.88021,42.26013
-116.87935,34.2349
-116.87921,34.11248
-116.87892,33.34342
-116.87791,34.12663
-116.8768,34.31434
-116.87628,42.25481
-116.87546,34.17185
-116.87526,34.30101
-116.87399,34.31106
-116.87334,34.30151
-116.87277,34.30738
-116.87243,42.25932
-116.87233,34.31196
-116.87112,34.30721
-116.87105,34.30178
-116.87098,34.30662
-116.87053,34.30587
-116.86934,42.26058
-116.86536,36.89074
-116.86464,34.16322
-116.86371,33.3129
-116.86368,34.29251
-116.86257,34.12054
-116.86256,34.1756
-116.86113,34.17638
-116.85712,34.29293
-116.85679,36.89632
-116.85568,42.26992
-116.85047,38.79562
-116.84666,34.08678
-116.84488,34.16569
-116.84094,42.27962
-116.8388,42.13924
-116.82736,34.16952
-116.82413,34.29672
-116.82033,42.12936
-116.81836,33.58377
-116.81426,42.12686
-116.81299,33.58589
-116.81288,32.72004
-116.81018,34.10712
-116.81015,33.58857
-116.80586,34.22362
-116.80395,33.07358
-116.80234,34.10166
-116.79988,33.59595
-116.7916,39.18331
-116.79016,34.12379
-116.7894,34.15889
-116.78738,42.26179
-116.78255,32.03424
-116.78106,34.15535
-116.78083,34.15547
-116.78066,34.15557
-116.78024,34.15587
-116.77991,34.15609
-116.77828,34.15489
-116.76987,34.15076
-116.76966,34.15156
-116.76908,34.15203
-116.76907,34.15125
-116.76868,34.15061
-116.76846,33.77113
-116.76794,34.15111
-116.76708,33.7714
-116.76692,34.15102
-116.76636,34.15088
-116.76535,34.15095
-116.76291,34.15099
-116.75926,34.20751
-116.75814,34.12528
-116.7557,33.82702
-116.75429,39.4541
-116.75402,39.45346
-116.75172,39.44882
-116.75033,34.94318
-116.74984,34.15418
-116.74574,34.14772
-116.74517,33.83766
-116.74491,33.82739
-116.74486,33.82774
-116.74476,33.8372
-116.7422,33.83015
-116.74005,33.83304
-116.74005,34.21483
-116.73772,33.78983
-116.73649,34.15105
-116.73596,33.83968
-116.73296,33.76656
-116.73195,33.79232
-116.73186,33.80401
-116.73183,34.15107
-116.731,43.01525
-116.73051,33.85466
-116.72823,33.80877
-116.72552,33.85559
-116.72468,34.14977
-116.72268,31.72949
-116.72184,34.14985
-116.72097,34.12936
-116.7148,33.74948
-116.71122,34.15857
-116.71072,34.14963
-116.70892,34.23721
-116.7088,34.12859
-116.70546,33.73675
-116.70446,33.73678
-116.70108,33.73042
-116.69973,33.73647
-116.69774,33.62996
-116.69565,33.78009
-116.68904,31.70531
-116.68803,33.8116
-116.68382,31.70289
-116.68269,33.62134
-116.68207,33.62061
-116.6814,33.61972
-116.68106,33.623
-116.68059,33.62269
-116.67523,33.62195
-116.6751,31.69365
-116.66888,33.65656
-116.66619,34.06667
-116.6661,31.55022
-116.66471,33.80468
-116.66386,31.71813
-116.6638,33.81076
-116.66374,33.8057
-116.66349,33.81
-116.66335,33.80635
-116.66322,33.80722
-116.66269,33.80491
-116.66242,33.8098
-116.66175,33.61632
-116.66144,33.61224
-116.66115,33.61602
-116.66115,33.80524
-116.66103,33.61219
-116.66088,33.8075
-116.66059,33.61606
-116.66056,33.81019
-116.66055,33.80665
-116.66055,33.80948
-116.66046,33.8057
-116.65968,33.34879
-116.65952,33.8096
-116.65894,33.80895
-116.65757,31.53054
-116.65727,33.80925
-116.65693,33.80742
-116.65683,33.80878
-116.65172,34.02739
-116.65085,33.70599
-116.65,33.2
-116.64933,34.02859
-116.6444,33.76083
-116.63892,33.343
-116.63729,33.33737
-116.62971,33.32642
-116.62668,42.25453
-116.62449,33.71651
-116.62186,33.70792
-116.61369,33.34658
-116.60946,33.68995
-116.6093,33.35296
-116.60845,33.35322
-116.60827,33.44266
-116.60802,33.34862
-116.6074,33.41507
-116.60711,33.4198
-116.60673,33.4506
-116.60596,33.44253
-116.60332,33.42916
-116.60242,33.45771
-116.60142,33.3963
-116.6005,33.68113
-116.59988,33.45987
-116.59397,32.6128
-116.5927,33.52237
-116.592,33.52158
-116.59014,33.51828
-116.58961,33.4668
-116.58748,32.50165
-116.5862,33.51419
-116.58597,32.90571
-116.58582,32.90554
-116.58578,32.9062
-116.58572,32.90568
-116.58566,32.90466
-116.5856,32.90479
-116.58554,32.90438
-116.58549,32.90567
-116.58539,32.9041
-116.58536,32.90419
-116.58518,32.90392
-116.58517,32.90524
-116.58512,32.90617
-116.5851,32.90451
-116.58509,32.90356
-116.58505,32.90353
-116.58498,32.90484
-116.58496,32.90426
-116.58489,32.90505
-116.58486,32.90457
-116.5848,32.90354
-116.58474,32.90527
-116.5847,32.90596
-116.58458,32.90421
-116.58456,32.90511
-116.58451,32.90546
-116.58443,32.90572
-116.5844,32.90515
-116.58438,32.90453
-116.58436,32.9039
-116.58433,32.90425
-116.58427,32.90358
-116.58424,32.90522
-116.58422,32.90438
-116.58417,32.90341
-116.58409,32.90516
-116.58407,32.90384
-116.58401,32.90349
-116.58398,32.90505
-116.58397,32.90441
-116.58386,32.90322
-116.58384,32.90343
-116.58382,32.90482
-116.5838,32.90383
-116.58377,32.9045
-116.58375,32.90302
-116.58362,32.90342
-116.58345,32.90327
-116.58341,32.90302
-116.58338,32.90257
-116.58338,32.90283
-116.58327,32.90368
-116.58321,32.90307
-116.58309,32.90384
-116.58306,32.90311
-116.58306,34.94933
-116.58293,32.90358
-116.58289,32.90315
-116.58289,33.53771
-116.58275,32.9036
-116.58268,32.90334
-116.58254,32.9031
-116.58144,32.90643
-116.5813,32.90678
-116.58106,32.90662
-116.58094,32.90691
-116.58094,32.90705
-116.58083,32.90629
-116.58081,32.90653
-116.58068,32.90308
-116.58062,32.90629
-116.58052,32.90678
-116.58037,32.90749
-116.58024,32.90649
-116.58022,32.907
-116.58018,32.90677
-116.58018,32.90731
-116.58014,32.90714
-116.5796,32.95953
-116.57844,33.54495
-116.57841,33.4754
-116.57718,33.35212
-116.57668,33.35287
-116.57605,33.35298
-116.57568,33.35076
-116.57548,33.35225
-116.57548,33.3527
-116.57514,33.35027
-116.57453,33.35083
-116.57446,32.88487
-116.57418,33.35052
-116.57324,33.3517
-116.57243,33.48174
-116.57186,32.71272
-116.5718,33.35194
-116.57178,33.35144
-116.57139,33.58258
-116.57128,33.59562
-116.57126,33.65936
-116.57124,33.58222
-116.57103,33.35003
-116.57072,33.35078
-116.57064,33.3514
-116.56921,33.63762
-116.56908,33.63661
-116.56891,33.35152
-116.56863,33.35191
-116.56859,33.63589
-116.56851,33.34863
-116.56837,33.35499
-116.56807,33.35553
-116.56749,33.35565
-116.56738,33.36063
-116.567,33.64827
-116.56695,33.35825
-116.56691,33.3595
-116.56677,33.35622
-116.56663,33.35693
-116.56654,33.36079
-116.56647,33.35524
-116.56647,33.6336
-116.56643,33.35847
-116.56537,33.35941
-116.56491,33.03634
-116.5648,33.35819
-116.56464,33.36028
-116.56449,33.35743
-116.56445,33.61191
-116.55665,32.71092
-116.55431,33.03392
-116.54795,33.0675
-116.54709,33.80805
-116.5324,42.23591
-116.51028,42.21744
-116.50425,32.60962
-116.50175,42.20694
-116.50142,32.60718
-116.50142,42.22798
-116.4855,32.60703
-116.48365,42.14862
-116.47992,42.1456
-116.47566,42.1426
-116.47433,33.53632
-116.47122,33.53829
-116.46847,32.59829
-116.46749,33.54021
-116.46738,33.54017
-116.46721,33.54015
-116.46501,31.78921
-116.46403,33.77393
-116.46206,33.53631
-116.46171,33.54104
-116.46147,33.53819
-116.46128,33.53844
-116.45975,33.20869
-116.45613,42.14407
-116.45417,42.14144
-116.45282,31.61802
-116.44833,32.88701
-116.44788,32.77719
-116.44712,33.54016
-116.44606,33.53892
-116.44525,33.53769
-116.44509,33.53772
-116.44495,33.53743
-116.44479,33.53756
-116.44469,33.53705
-116.44107,32.88588
-116.44012,33.91313
-116.43917,32.76437
-116.43716,42.13914
-116.4353,39.06298
-116.43317,32.85151
-116.4295,33.05835
-116.42909,33.05808
-116.42835,33.05774
-116.42486,33.06035
-116.42089,32.80171
-116.42088,32.81254
-116.41982,32.86108
-116.41856,32.81349
-116.41668,32.85828
-116.41518,33.26819
-116.41453,32.81824
-116.41388,36.30164
-116.39014,35.04049
-116.33882,32.80035
-116.33866,33.77397
-116.29806,33.29543
-116.27361,32.72781
-116.24813,32.35241
-116.24477,34.20601
-116.21835,34.16412
-116.20982,34.16824
-116.20836,34.16625
-116.20408,32.9073
-116.19635,35.00627
-116.19559,34.07863
-116.19496,34.08394
-116.19358,34.08613
-116.1923,34.09304
-116.19081,32.92609
-116.18801,34.07185
-116.18657,32.65256
-116.18479,34.0628
-116.18403,34.0683
-116.18112,34.05181
-116.17808,34.05202
-116.178,34.0561
-116.17617,34.10661
-116.17341,34.10736
-116.17296,34.11007
-116.17182,34.10625
-116.17002,34.11008
-116.15113,33.15978
-116.12608,41.98974
-116.12182,34.00042
-116.1207,33.99894
-116.12001,34.00004
-116.11988,33.99913
-116.11965,34.00022
-116.11911,33.99927
-116.11745,37.83893
-116.11108,33.15083
-116.09635,32.62579
-116.05666,41.51754
-116.05444,32.49103
-116.04061,33.12464
-116.0403,35.23354
-116.03425,30.52591
-115.96492,42.93719
-115.95066,33.33209
-115.94965,42.93647
-115.94599,33.32823
-115.91209,33.50133
-115.91195,33.50151
-115.90583,35.20139
-115.90197,33.49166
-115.8915,35.2533
-115.88347,42.9105
-115.87202,35.20044
-115.86364,35.77639
-115.86344,35.21786
-115.85144,35.22236
-115.84449,35.1855
-115.84308,41.15703
-115.84205,35.18464
-115.84056,35.18446
-115.83735,35.18439
-115.83599,35.18379
-115.83508,35.18342
-115.83435,35.18268
-115.83413,35.18246
-115.83317,35.18223
-115.83238,35.18215
-115.83133,35.18239
-115.82721,35.18465
-115.82429,35.18541
-115.82308,35.23042
-115.82135,35.169
-115.81993,35.18442
-115.81425,35.18338
-115.81404,35.18214
-115.80875,35.19308
-115.80385,35.1632
-115.79627,35.16414
-115.78821,32.15377
-115.77642,35.17475
-115.76801,35.19221
-115.76753,35.18899
-115.76324,31.04037
-115.74661,40.65197
-115.73733,40.85958
-115.72296,33.66355
-115.71688,34.88819
-115.70955,37.63101
-115.70491,34.89018
-115.69382,42.91056
-115.68792,42.90712
-115.66878,37.57165
-115.65848,36.36184
-115.6534,40.45717
-115.65178,34.74536
-115.64248,34.81613
-115.63861,34.95805
-115.62531,38.15349
-115.62269,34.80853
-115.62158,34.80809
-115.62115,34.80959
-115.62092,34.81284
-115.61853,34.81541
-115.61713,34.81413
-115.61423,34.81448
-115.61362,35.18237
-115.6076,34.7777
-115.6031,34.7937
-115.59113,37.52992
-115.58733,35.1848
-115.58705,35.18144
-115.5508,35.3152
-115.54723,35.31703
-115.53182,40.12714
-115.53063,37.48833
-115.5107,33.12403
-115.49574,39.252
-115.49423,35.29376
-115.49205,39.25415
-115.48286,39.29705
-115.45639,37.43609
-115.44439,39.46819
-115.43882,40.6606
-115.4297,41.8752
-115.42943,41.8469
-115.42932,35.19848
-115.42731,41.84205
-115.42688,41.8399
-115.42615,41.83595
-115.412,34.9352
-115.40428,35.13979
-115.39869,35.03884
-115.3952,30.98793
-115.39029,39.33441
-115.3889,34.9824
-115.37216,37.44447
-115.36897,40.63206
-115.34103,38.94388
-115.32771,38.94089
-115.32604,33.62631
-115.31354,35.21259
-115.31307,35.21612
-115.27031,35.27299
-115.27004,32.76692
-115.25184,35.27876
-115.17934,36.04056
-115.16894,35.06202
-115.13795,36.11753
-115.11752,32.91094
-114.99533,36.05476
-114.94944,35.86417
-114.88809,33.49072
-114.88778,31.1349
-114.83347,36.12875
-114.83086,31.03125
-114.82868,31.03499
-114.82866,31.03187
-114.82817,31.03358
-114.828,31.03485
-114.82786,31.03429
-114.75727,32.73781
-114.72473,32.72507
-114.71441,30.91646
-114.69849,29.72934
-114.69543,33.78828
-114.66109,33.72982
-114.64408,29.65943
-114.63876,30.34976
-114.61933,33.0255
-114.61738,35.9168
-114.59468,34.99603
-114.55578,35.17262
-114.527,36.59373
-114.51846,33.61247
-114.49535,32.90115
-114.47153,32.8201
-114.47075,32.81896
-114.46693,36.23516
-114.45698,28.90997
-114.4514,36.48283
-114.42341,36.51583
-114.35881,34.49326
-114.35402,34.59285
-114.32777,34.62662
-114.29415,36.67961
-114.29291,35.22384
-114.29123,27.14379
-114.28518,28.70751
-114.24525,28.66415
-114.20294,35.41413
-114.19892,34.41977
-114.16997,35.45225
-114.15623,34.12408
-114.14633,33.22704
-114.14422,36.52254
-114.14251,36.52293
-114.14113,36.52434
-114.11951,33.52398
-114.10197,27.70784
-114.03284,33.89883
-114.01382,27.98338
-114.01377,28.00068
-114.01236,27.74867
-113.90368,35.94235
-113.84215,34.16948
-113.84036,34.17473
-113.84033,34.17344
-113.83507,34.17295
-113.83475,34.17141
-113.5812,34.23213
-113.58051,34.23081
-113.57827,34.2304
-113.57707,34.22902
-113.56443,34.25414
-113.56161,34.25104
-113.56125,34.25653
-113.55712,34.24493
-113.54675,28.97547
-113.54639,28.97174
-113.53567,31.29671
-113.53466,31.29818
-113.5333,31.29701
-113.3847,27.6461
-113.37091,35.76582
-113.26038,32.09485
-113.21974,35.51661
-113.21792,35.5184
-113.16792,26.83026
-113.12466,28.58396
-113.06085,36.22522
-113.03653,33.46381
-113.00675,33.77723
-112.9907,28.34791
-112.90426,27.29879
-112.90114,27.28564
-112.89921,27.30001
-112.89903,27.28558
-112.89813,27.29689
-112.81382,31.88076
-112.80026,33.33838
-112.7506,32.23874
-112.73552,36.86609
-112.71122,33.98134
-112.70096,36.25671
-112.58202,33.12704
-112.55911,34.59001
-112.54059,34.50406
-112.54049,34.60244
-112.50545,36.39547
-112.5025,33.59236
-112.50168,34.53119
-112.49688,34.53132
-112.48431,36.46223
-112.47646,34.50854
-112.469,36.3711
-112.46635,36.36899
-112.46186,36.36351
-112.45276,36.39042
-112.44489,34.46033
-112.4386,34.45989
-112.43754,34.45198
-112.43727,34.44985
-112.43725,34.44829
-112.43636,34.4492
-112.43551,34.44589
-112.43434,34.44905
-112.40353,36.42752
-112.37738,34.49515
-112.33992,36.25114
-112.33855,34.20157
-112.31104,33.86138
-112.31102,33.86059
-112.31027,33.86155
-112.28855,34.17403
-112.28541,34.17007
-112.28038,33.84815
-112.27929,33.84895
-112.27725,34.17526
-112.24857,36.2021
-112.23096,36.70924
-112.21545,36.74979
-112.21446,36.71587
-112.21445,36.75206
-112.21268,36.08222
-112.21075,36.74042
-112.20934,36.09954
-112.20882,36.61494
-112.2031,36.74316
-112.18652,36.08275
-112.182,36.09747
-112.18104,36.74665
-112.17845,36.08929
-112.16203,36.08417
-112.15883,32.71656
-112.15751,35.32888
-112.15459,36.83076
-112.15343,36.40914
-112.14384,36.08486
-112.14293,36.80143
-112.1349,36.41169
-112.13433,34.69836
-112.12878,35.97978
-112.12274,33.4517
-112.12218,35.212
-112.12161,34.69453
-112.11802,34.69195
-112.11511,34.32631
-112.11414,34.2787
-112.11367,34.28106
-112.11328,35.73274
-112.11306,34.281
-112.11231,34.28296
-112.10766,34.26775
-112.10034,34.26512
-112.0989,34.2335
-112.09325,35.74072
-112.09306,34.2664
-112.09296,34.26593
-112.09216,35.74267
-112.08612,34.26617
-112.08161,34.26614
-112.0763,34.26671
-112.07449,34.26688
-112.07435,34.26722
-112.07393,34.26741
-112.07004,34.26438
-112.06765,34.57806
-112.05803,35.92492
-112.05782,34.25485
-112.05548,34.2509
-112.05125,34.24699
-112.04097,36.16999
-112.03748,34.24018
-112.02135,33.82692
-112.02128,33.82599
-112.02117,33.82415
-112.02114,33.82413
-112.02114,33.82486
-112.02106,33.82535
-112.02104,33.8267
-112.02092,33.82384
-112.0209,33.82597
-112.02086,33.8275
-112.02078,33.82495
-112.02063,33.82727
-112.02058,33.82406
-112.02054,33.82704
-112.02048,33.82561
-112.02042,33.82596
-112.02038,33.82373
-112.02032,33.8277
-112.0202,33.8242
-112.02014,33.82612
-112.02005,33.8259
-112.02004,33.82681
-112.01998,33.82455
-112.01997,33.82395
-112.01968,33.82658
-112.01961,33.8239
-112.0196,33.82487
-112.01957,33.82776
-112.0195,33.82405
-112.01941,33.82361
-112.01937,33.82417
-112.0193,33.82741
-112.01926,33.82378
-112.01926,33.8247
-112.01925,33.82353
-112.01925,33.82494
-112.0192,33.82674
-112.01919,33.8239
-112.01913,33.82607
-112.0191,33.82707
-112.01907,33.82655
-112.01903,33.82396
-112.01902,33.82378
-112.01901,33.82346
-112.019,33.82365
-112.01895,33.82753
-112.01887,33.82484
-112.01882,33.82671
-112.01874,33.82704
-112.01867,33.82408
-112.01863,33.82391
-112.01862,33.82379
-112.0184,33.8245
-112.01814,33.82428
-112.01658,34.75416
-112.01653,34.75369
-112.01651,34.75396
-112.01645,34.75377
-112.01635,34.754
-112.01618,35.11892
-112.01101,36.11419
-112.00066,34.23179
-111.98858,34.98785
-111.98839,34.22358
-111.98692,34.22591
-111.98048,34.22331
-111.9788,34.22247
-111.97458,36.01982
-111.97428,26.89874
-111.95463,28.82991
-111.94519,35.05447
-111.93441,34.2054
-111.91593,28.79147
-111.91433,34.80537
-111.91343,34.8462
-111.90954,34.8833
-111.90821,36.14229
-111.90567,34.8233
-111.90522,34.87617
-111.90461,26.71422
-111.90367,34.86819
-111.90254,34.71712
-111.89372,34.81174
-111.89051,36.37112
-111.88944,36.36845
-111.88881,36.36762
-111.88862,26.76512
-111.88326,36.39848
-111.88107,34.80545
-111.88089,36.40331
-111.87938,36.40452
-111.87531,35.85364
-111.8718,36.40936
-111.87179,36.42736
-111.87003,36.42912
-111.86862,35.82498
-111.86788,36.34327
-111.86698,36.34249
-111.86645,33.97525
-111.8655,33.97086
-111.86458,34.61282
-111.86427,36.31043
-111.86234,33.9735
-111.86191,26.79089
-111.86154,36.31902
-111.86072,36.29671
-111.85861,36.29514
-111.85849,36.38377
-111.85752,36.50282
-111.8575,36.434
-111.85747,36.3005
-111.85725,36.5037
-111.85552,36.39769
-111.85531,36.38408
-111.85344,36.39726
-111.85125,36.43461
-111.84864,36.38731
-111.84779,36.51597
-111.84706,36.51823
-111.84689,36.39285
-111.84637,36.48213
-111.84545,26.64342
-111.84545,36.52082
-111.84466,36.48459
-111.84052,36.47009
-111.83943,36.52779
-111.83458,36.53032
-111.83355,36.10311
-111.83204,26.63772
-111.82954,36.53398
-111.82704,26.05789
-111.82685,36.26166
-111.82613,36.25542
-111.82544,35.36388
-111.82497,36.24296
-111.8246,35.37998
-111.82417,35.37892
-111.82387,36.24034
-111.82195,36.23303
-111.8215,33.9342
-111.81921,36.22934
-111.81698,36.13983
-111.81667,36.22775
-111.81608,36.15105
-111.81457,36.18
-111.81056,36.56826
-111.80954,36.21381
-111.80683,36.18985
-111.805,35.37708
-111.80472,36.20788
-111.80197,34.73575
-111.80117,36.20237
-111.80016,36.19526
-111.79914,36.19747
-111.79048,35.40007
-111.78611,36.58222
-111.77707,34.84327
-111.77158,36.59405
-111.7695,36.96987
-111.76772,28.61338
-111.76525,36.60428
-111.76408,36.62937
-111.76406,36.62989
-111.76089,36.63759
-111.76026,36.61274
-111.76026,36.64829
-111.75796,36.61785
-111.74792,35.39163
-111.74499,34.93607
-111.74471,36.65643
-111.74457,36.65671
-111.7422,28.63421
-111.74077,36.67301
-111.7387,36.68082
-111.73771,33.395
-111.73449,35.18845
-111.73336,34.6536
-111.73307,33.36203
-111.7325,33.36141
-111.73162,33.36312
-111.72377,35.05569
-111.71986,33.98626
-111.71714,33.96677
-111.71662,33.9779
-111.71145,36.70082
-111.71098,35.41573
-111.70847,34.07755
-111.70758,36.72196
-111.69952,36.72602
-111.69937,33.71024
-111.69882,34.54245
-111.69782,34.34815
-111.69451,36.72948
-111.68037,25.04868
-111.66321,36.76266
-111.66247,36.76365
-111.6613,33.74506
-111.65736,36.77251
-111.65572,36.77198
-111.65566,34.75808
-111.65459,34.75759
-111.65411,34.75877
-111.65122,34.89925
-111.64919,32.76139
-111.64847,35.3977
-111.64823,35.39677
-111.64807,35.3981
-111.6476,35.39828
-111.64676,33.81051
-111.64487,34.7597
-111.64474,36.80027
-111.6403,35.39797
-111.63757,35.39758
-111.63566,36.80995
-111.63296,35.4
-111.63205,35.39643
-111.6311,35.40031
-111.63044,35.39863
-111.63003,34.39432
-111.6208,35.3586
-111.61989,33.47758
-111.6186,33.85878
-111.61625,33.46978
-111.61555,35.39358
-111.61407,33.87596
-111.61374,35.39542
-111.6136,35.39361
-111.61342,35.39799
-111.61043,35.39884
-111.60869,35.39932
-111.6063,36.85934
-111.60455,35.39802
-111.6028,35.3981
-111.60215,35.39739
-111.60111,35.39476
-111.60081,35.38514
-111.59974,35.39292
-111.59948,35.38894
-111.59924,35.38308
-111.59887,35.39044
-111.59802,35.37796
-111.59786,35.37719
-111.59702,35.13171
-111.59686,35.37904
-111.5964,35.37561
-111.59631,35.37951
-111.59417,35.38108
-111.59296,35.38081
-111.5928,35.38421
-111.59208,35.38605
-111.59051,35.38698
-111.59023,35.37953
-111.58941,35.37993
-111.58933,35.38265
-111.58856,35.37918
-111.58797,35.38043
-111.58769,35.38456
-111.58765,35.37946
-111.58762,35.37885
-111.58748,35.10902
-111.58648,35.37733
-111.58612,35.38108
-111.58603,35.37421
-111.58577,35.37261
-111.58544,35.37588
-111.58527,35.37246
-111.58405,35.37058
-111.58382,35.36974
-111.58146,35.37296
-111.57874,35.37126
-111.57705,36.98428
-111.5756,35.28135
-111.57065,31.53313
-111.56215,36.87531
-111.55646,35.2539
-111.54841,31.59289
-111.54389,33.39343
-111.54299,35.11066
-111.54226,33.59452
-111.53388,31.59138
-111.53368,34.17383
-111.52507,34.778
-111.52426,36.87824
-111.52293,36.89818
-111.52211,31.51305
-111.52205,31.51382
-111.51651,34.27319
-111.51497,36.87952
-111.5143,33.57751
-111.51176,31.75319
-111.51129,31.5192
-111.50991,34.23574
-111.5084,31.75321
-111.50815,33.96884
-111.50387,31.58443
-111.50381,31.58457
-111.50377,31.58467
-111.50373,31.58478
-111.50358,31.58435
-111.50355,31.58444
-111.50354,31.58448
-111.5035,31.58474
-111.50293,31.48487
-111.5002,34.14995
-111.49827,36.99814
-111.49792,32.47358
-111.49549,34.91612
-111.49441,33.6683
-111.49358,34.94238
-111.49321,33.45532
-111.49138,36.91827
-111.48548,34.95614
-111.48523,33.57175
-111.48471,31.71766
-111.48383,31.76009
-111.48189,34.89896
-111.47808,31.55578
-111.47725,34.04051
-111.47686,31.55452
-111.47424,31.51114
-111.47421,33.36258
-111.47302,34.89049
-111.47276,34.34991
-111.46891,31.51157
-111.46688,31.70317
-111.4656,31.65069
-111.4653,31.75167
-111.46127,31.75263
-111.45746,31.58399
-111.45648,34.8819
-111.45252,31.58457
-111.44945,31.60201
-111.4491,31.60242
-111.44868,31.59253
-111.44866,32.4585
-111.44839,31.59545
-111.44782,32.45933
-111.44414,34.8394
-111.4438,31.63169
-111.44371,31.57549
-111.4437,31.61172
-111.44234,31.61659
-111.44109,31.64122
-111.44079,31.64209
-111.44078,31.6407
-111.44028,32.45491
-111.44009,31.6433
-111.44002,31.64747
-111.43985,31.64457
-111.43977,31.65625
-111.43957,31.64945
-111.4395,31.6589
-111.43941,31.65744
-111.43903,31.651
-111.43895,31.65196
-111.43893,31.65142
-111.43864,31.65255
-111.43785,31.56622
-111.43773,31.67257
-111.43772,31.62271
-111.4364,31.67539
-111.43634,31.51114
-111.43602,31.58429
-111.4359,31.68708
-111.43533,31.68627
-111.43498,31.68377
-111.43396,34.82408
-111.43267,34.82348
-111.43216,34.82318
-111.43208,31.68935
-111.42703,31.68894
-111.42594,34.81453
-111.42384,31.63812
-111.42367,31.66403
-111.42273,31.59716
-111.42248,33.55662
-111.42218,31.65254
-111.4209,34.77413
-111.42068,34.37343
-111.42022,31.6378
-111.4198,33.53487
-111.41918,34.79119
-111.41902,34.7852
-111.41864,28.42301
-111.41653,31.68548
-111.4165,31.69086
-111.41637,32.65071
-111.41545,31.65468
-111.41356,31.62776
-111.41122,33.55678
-111.41114,31.75888
-111.41113,31.62888
-111.4099,31.76868
-111.40971,31.68264
-111.40947,31.69226
-111.40832,31.6772
-111.40747,35.02253
-111.40701,31.76871
-111.40682,31.63187
-111.40324,31.63431
-111.40094,31.63495
-111.39978,33.8252
-111.39939,31.69052
-111.3963,31.68363
-111.39607,31.64141
-111.39472,31.61613
-111.39315,31.63952
-111.39226,31.63764
-111.38922,31.62475
-111.38814,33.7915
-111.38665,31.63098
-111.37896,34.40974
-111.37878,34.40897
-111.37759,34.40968
-111.37693,34.40772
-111.37671,34.40874
-111.37648,34.40807
-111.37598,34.40915
-111.37591,34.40844
-111.37588,34.40718
-111.375,34.40661
-111.37481,34.41264
-111.37473,34.41147
-111.37472,34.41316
-111.37449,34.40783
-111.37437,34.41195
-111.37401,34.41363
-111.37391,34.41332
-111.37387,34.41295
-111.37375,34.406
-111.37374,34.41252
-111.37349,34.41215
-111.37315,34.41094
-111.37268,34.41009
-111.37221,34.40952
-111.37183,34.40911
-111.36898,26.00248
-111.36883,34.77337
-111.35897,34.76882
-111.34607,26.01712
-111.34562,26.01759
-111.34102,26.01162
-111.34095,26.00619
-111.3408,34.3082
-111.33924,32.96395
-111.33907,33.23976
-111.33775,32.96146
-111.32919,34.52114
-111.32919,34.57376
-111.32733,31.65579
-111.3256,36.83387
-111.32302,33.59693
-111.32092,31.89165
-111.3198,33.70118
-111.31906,31.89729
-111.31888,34.26938
-111.31646,34.43583
-111.31564,34.55525
-111.31211,34.89646
-111.31045,34.24273
-111.30835,31.65965
-111.30158,31.66105
-111.30039,31.65446
-111.30037,31.65934
-111.29898,31.6567
-111.29636,31.64771
-111.29195,31.65771
-111.28733,31.60177
-111.28113,31.64343
-111.27944,26.11159
-111.26732,32.84054
-111.2661,33.65676
-111.25591,33.5734
-111.252,31.5309
-111.25083,34.45905
-111.2467,31.81485
-111.24332,31.81337
-111.24207,36.13095
-111.24035,33.76743
-111.2383,33.6009
-111.238,33.58089
-111.23755,33.60108
-111.23742,34.51742
-111.23661,33.60158
-111.23656,34.48201
-111.2363,34.52999
-111.23612,31.46203
-111.23606,31.4612
-111.23579,34.51364
-111.23522,33.6017
-111.23481,31.4602
-111.23459,31.45998
-111.23438,31.4591
-111.2341,31.45964
-111.23367,34.50268
-111.23363,34.54767
-111.23292,33.58464
-111.23257,33.5841
-111.22956,33.90312
-111.22821,33.90392
-111.22644,33.74561
-111.2256,32.2454
-111.22535,34.56719
-111.22489,33.60176
-111.22388,33.60506
-111.22233,33.5959
-111.21703,33.89586
-111.21661,34.78835
-111.21234,33.00442
-111.21151,33.71962
-111.21052,33.72333
-111.20998,33.72477
-111.20853,31.75922
-111.20621,33.71834
-111.20481,34.77985
-111.20458,33.71394
-111.20379,33.63347
-111.20194,31.7588
-111.20123,33.62429
-111.20005,31.76172
-111.19414,33.30478
-111.18982,31.75164
-111.18911,31.75206
-111.18895,33.29823
-111.18818,33.29803
-111.17769,32.63271
-111.17549,33.65878
-111.17547,32.63349
-111.17533,32.63206
-111.17187,31.7458
-111.16065,33.7235
-111.15922,31.72584
-111.15871,33.47852
-111.15602,33.31926
-111.14025,32.65176
-111.14007,32.64383
-111.13918,32.64211
-111.1375,32.62066
-111.13297,33.3559
-111.12962,33.29409
-111.12296,32.60687
-111.12275,32.6217
-111.12266,32.62044
-111.12176,32.63864
-111.12065,33.25871
-111.11879,32.6463
-111.11858,32.6457
-111.11821,33.25433
-111.1167,32.15741
-111.11465,32.64505
-111.11397,30.5266
-111.1026,34.70897
-111.09653,33.14474
-111.09384,34.33099
-111.09365,34.42622
-111.0884,33.16232
-111.0878,33.70305
-111.0698,34.43151
-111.06149,34.75415
-111.05545,32.63006
-111.0519,31.385
-111.05062,32.62871
-111.04868,33.30905
-111.02697,33.66963
-111.00754,34.40557
-111.00628,33.60301
-110.98419,33.81476
-110.981,34.2056
-110.97956,33.82949
-110.97681,33.8728
-110.9629,34.2195
-110.9589,33.62057
-110.94393,33.62932
-110.94278,34.31776
-110.94105,34.33276
-110.9398,34.32935
-110.93968,33.82388
-110.93679,33.62539
-110.93323,33.62612
-110.92831,33.61877
-110.92668,32.42621
-110.92501,32.42445
-110.91906,32.70325
-110.91643,32.42766
-110.87733,33.36228
-110.87274,32.61357
-110.8673,33.2937
-110.84613,34.27247
-110.83699,34.2585
-110.82284,34.31894
-110.82147,33.28447
-110.80043,31.70973
-110.79699,33.28255
-110.7968,33.2806
-110.79288,31.71413
-110.79203,31.71468
-110.78986,31.71634
-110.78746,31.71383
-110.7765,31.71779
-110.77047,31.71602
-110.77002,31.71481
-110.76969,31.71411
-110.76629,31.68112
-110.76377,31.71501
-110.7413,31.7477
-110.7405,32.4167
-110.73891,33.02166
-110.72806,32.41462
-110.72431,32.40136
-110.72372,31.43839
-110.72312,32.40324
-110.7217,33.05995
-110.7212,32.4082
-110.71842,32.40256
-110.71799,31.7211
-110.7177,32.3391
-110.71652,32.40811
-110.71632,32.40866
-110.71594,32.4063
-110.71513,31.72137
-110.71352,31.72183
-110.71116,31.72261
-110.70934,31.46752
-110.70854,32.41027
-110.70838,31.72316
-110.70761,31.46979
-110.70507,31.47205
-110.70394,31.51486
-110.70394,31.5156
-110.7038,31.49818
-110.70313,31.47386
-110.7023,31.49904
-110.70176,32.38841
-110.69898,32.38619
-110.69845,32.39359
-110.69687,31.42675
-110.6907,32.3376
-110.68554,32.37742
-110.68487,31.48711
-110.68262,31.76878
-110.67542,31.43981
-110.66873,31.45735
-110.66861,31.45708
-110.66812,31.45725
-110.66768,31.4564
-110.66751,31.76555
-110.66685,31.45641
-110.66685,31.45682
-110.66626,31.45665
-110.6651,31.45699
-110.6644,31.45703
-110.65894,31.44595
-110.65758,31.44797
-110.65388,31.45206
-110.65209,31.45295
-110.64884,35.03167
-110.64425,31.79788
-110.64288,33.592
-110.63631,31.79271
-110.63249,31.79015
-110.62921,31.79319
-110.62576,31.76718
-110.6085,32.72806
-110.60431,32.7312
-110.59841,32.87181
-110.5953,33.83175
-110.58511,31.73934
-110.58324,31.83314
-110.55552,34.4268
-110.55498,32.20762
-110.54582,33.82668
-110.5321,32.20422
-110.51925,32.15377
-110.47467,31.41958
-110.47429,31.41939
-110.47395,31.41879
-110.45968,34.44857
-110.45018,31.4285
-110.44689,31.10681
-110.43733,32.8829
-110.40728,34.37003
-110.34527,32.82903
-110.30388,31.42911
-110.29071,31.42884
-110.28744,34.35881
-110.19449,34.07295
-110.13266,27.21069
-110.11402,36.98524
-110.0697,34.27622
-110.06947,34.27621
-110.06866,31.71383
-110.06133,34.27309
-110.03564,27.17159
-110.02864,34.2144
-109.96965,32.71984
-109.96296,32.70788
-109.95953,34.17614
-109.9205,32.69935
-109.89283,32.67885
-109.89051,34.79288
-109.87526,32.66629
-109.87269,32.66272
-109.87098,32.66081
-109.8584,32.6573
-109.85308,32.59179
-109.8205,27.73913
-109.81901,32.64882
-109.78965,34.18597
-109.78662,34.04299
-109.76454,33.9506
-109.75788,33.98755
-109.75373,31.45908
-109.7326,34.0631
-109.72709,33.92482
-109.71924,31.56069
-109.71912,31.56054
-109.71897,31.5605
-109.71873,31.56085
-109.71382,34.03315
-109.65769,34.02104
-109.64538,34.01503
-109.53943,33.8221
-109.50474,33.8414
-109.48645,33.92888
-109.48613,33.96396
-109.48339,33.96576
-109.48098,33.47532
-109.47986,32.88749
-109.45429,34.03444
-109.44953,32.31489
-109.44863,34.04415
-109.41859,33.87299
-109.41477,33.75278
-109.41425,33.87506
-109.41406,33.8729
-109.41335,36.07673
-109.41151,34.07885
-109.40814,33.61394
-109.40754,26.01896
-109.37559,34.36023
-109.37041,31.75845
-109.35866,31.86487
-109.358,33.791
-109.34737,33.26907
-109.34039,33.26772
-109.33895,36.14735
-109.33674,31.89737
-109.33475,31.85961
-109.32859,31.85397
-109.31944,33.8043
-109.31766,33.55029
-109.31458,33.80717
-109.31304,31.77526
-109.309,32.967
-109.30361,31.78465
-109.29877,34.15044
-109.28561,31.84265
-109.28092,31.9175
-109.27978,31.9051
-109.27218,31.93329
-109.2669,31.83418
-109.24065,31.82171
-109.2342,31.81415
-109.23417,31.87305
-109.23159,31.81932
-109.2289,33.6841
-109.22518,31.83144
-109.22305,31.83678
-109.1757,31.88521
-109.17121,36.45068
-109.16806,31.89024
-109.16671,31.89252
-109.09304,33.10463
-109.08839,33.83528
-109.08769,33.83648
-109.08211,33.83534
-109.05993,33.10328
-109.022,31.5077
-108.99092,33.81872
-108.97344,25.82126
-108.94798,33.85889
-108.94569,33.85915
-108.88105,33.90499
-108.84071,35.50351
-108.81131,33.36198
-108.81089,33.3613
-108.81021,33.36633
-108.77462,33.35802
-108.76897,33.32723
-108.75153,33.35317
-108.68571,33.33568
-108.66725,33.19552
-108.64383,33.33047
-108.62575,33.33374
-108.58578,33.52985
-108.57943,33.40235
-108.57461,32.86844
-108.57434,33.4098
-108.56373,33.53704
-108.52272,35.37072
-108.48919,34.13754
-108.48233,34.13849
-108.46978,34.13804
-108.46418,30.56128
-108.45486,34.14025
-108.43665,32.61611
-108.43665,32.61681
-108.43384,33.65831
-108.4044,33.20392
-108.39692,33.27268
-108.39622,33.27234
-108.35873,33.2925
-108.35082,25.29648
-108.35062,34.03331
-108.33834,31.92812
-108.33224,33.26187
-108.32741,25.30613
-108.29075,33.24476
-108.29009,33.24325
-108.27004,33.29258
-108.26915,32.7856
-108.25967,33.27202
-108.21797,32.87746
-108.21481,32.97327
-108.21409,33.14738
-108.20878,31.78355
-108.19776,33.42243
-108.19553,33.42496
-108.1855,28.17799
-108.18366,33.41763
-108.11618,33.00627
-108.11524,33.00806
-108.11212,33.42351
-108.11153,29.26709
-108.10973,35.16025
-108.10851,35.15854
-108.10704,35.15944
-108.03242,33.18471
-108.03037,33.1853
-108.01352,33.10029
-107.91339,27.21885
-107.91162,33.43826
-107.91098,33.43744
-107.91046,36.99622
-107.891,36.03568
-107.89074,36.03591
-107.87466,35.15141
-107.87335,35.14484
-107.86172,36.5467
-107.85744,34.15302
-107.84206,32.89098
-107.83309,35.12382
-107.82371,32.89883
-107.82087,34.94502
-107.81899,27.53798
-107.81693,32.90746
-107.80374,32.90934
-107.7778,28.85121
-107.72772,32.26875
-107.71503,35.20367
-107.70197,35.23403
-107.70117,32.91848
-107.63898,27.64827
-107.63588,27.74159
-107.61826,36.82491
-107.56921,32.92114
-107.54072,33.85806
-107.51414,33.883
-107.41465,33.49572
-107.40396,33.57472
-107.30866,32.90999
-107.29496,26.71327
-107.29301,32.89109
-107.27488,24.76325
-107.2636,36.8073
-107.25702,35.56697
-107.24797,36.8066
-107.2457,33.13295
-107.24168,33.133
-107.24069,33.13335
-107.23882,36.79514
-107.23496,36.79509
-107.23487,36.79579
-107.2343,36.79522
-107.23059,36.78971
-107.22323,33.30796
-107.20683,33.14718
-107.14293,32.52938
-107.01553,32.4806
-106.98463,32.07408
-106.97257,32.43379
-106.96064,24.96588
-106.93129,36.87235
-106.9225,35.72108
-106.85921,32.29292
-106.82807,35.99871
-106.82721,35.99735
-106.80815,35.99747
-106.74692,36.11461
-106.72452,36.09985
-106.72416,35.88209
-106.7215,35.71573
-106.71012,36.66826
-106.70947,35.93124
-106.68528,35.93439
-106.67273,36.35513
-106.65953,36.69517
-106.64726,35.88665
-106.64556,35.88694
-106.63433,35.69741
-106.6302,36.07204
-106.62743,35.86185
-106.62635,35.70426
-106.61692,35.83974
-106.60627,35.8239
-106.58364,32.28113
-106.57688,36.90889
-106.56167,32.37013
-106.56051,35.32506
-106.55723,32.37169
-106.53365,31.36632
-106.52422,36.35924
-106.51297,35.37457
-106.50103,28.78078
-106.50002,28.78268
-106.49805,28.78537
-106.4973,28.77918
-106.49631,28.78529
-106.49611,28.7967
-106.49183,28.79021
-106.491,31.33575
-106.49099,28.79367
-106.48326,29.09337
-106.46793,34.67167
-106.46327,28.79379
-106.45296,35.67232
-106.4301,36.24617
-106.40385,34.7627
-106.39608,29.0445
-106.38235,36.60791
-106.36941,35.97326
-106.36746,35.17013
-106.36177,34.60346
-106.35676,35.83284
-106.3545,35.04721
-106.35031,35.04713
-106.344,36.544
-106.332,36.556
-106.33121,32.01106
-106.32859,34.76426
-106.32679,35.03312
-106.3208,36.8845
-106.3181,34.97104
-106.2672,36.909
-106.2536,36.4017
-106.24735,34.40316
-106.23231,36.6987
-106.23216,36.6974
-106.23215,36.69741
-106.23125,36.69775
-106.231,36.69785
-106.22992,36.69705
-106.22919,36.69738
-106.1749,36.9549
-106.11866,36.7105
-106.1186,36.71057
-106.11817,36.71023
-106.1181,36.71029
-106.11746,36.68462
-106.11645,36.69158
-106.11595,36.6913
-106.11557,36.70998
-106.11526,36.70573
-106.11508,36.70971
-106.11476,36.70546
-106.11318,36.69733
-106.11269,36.69705
-106.10834,36.88385
-106.0131,35.88029
-105.99734,36.65445
-105.99349,36.67995
-105.99123,36.68081
-105.98891,36.68101
-105.97876,36.65673
-105.97476,35.90793
-105.91906,35.965
-105.91877,35.96453
-105.91862,35.96365
-105.9186,35.96488
-105.9183,35.9633
-105.91819,35.96484
-105.91792,35.96331
-105.91777,35.96415
-105.9177,35.96379
-105.91756,35.96348
-105.91737,35.9637
-105.91734,35.96402
-105.91273,35.98052
-105.91191,35.84874
-105.88706,35.91037
-105.86444,35.54606
-105.83633,35.72639
-105.83039,35.78389
-105.81938,28.60456
-105.81329,32.89877
-105.80861,35.76917
-105.80584,35.79446
-105.79809,35.65114
-105.78634,36.28569
-105.78193,36.29202
-105.77341,36.29716
-105.77249,35.97931
-105.77203,36.30047
-105.76716,36.30803
-105.75314,32.93762
-105.74712,33.39611
-105.74595,32.94367
-105.744,33.45563
-105.74131,32.94009
-105.74065,32.94093
-105.73672,32.83091
-105.73553,32.94192
-105.73518,36.33619
-105.73434,33.42067
-105.73301,33.41911
-105.73224,32.96904
-105.73112,36.33768
-105.73079,32.96972
-105.72919,32.96679
-105.72618,32.9707
-105.72577,32.97087
-105.72561,32.97351
-105.70929,36.06673
-105.70889,36.53794
-105.70855,36.53857
-105.7067,36.54541
-105.70606,36.54402
-105.70284,35.7768
-105.70147,35.77316
-105.70018,35.76931
-105.69966,34.17624
-105.69406,36.64904
-105.69344,36.6485
-105.69307,35.6867
-105.69122,36.71816
-105.69014,36.65359
-105.6887,36.641
-105.68841,36.66297
-105.68655,36.67892
-105.6852,33.36158
-105.68037,36.74143
-105.67939,36.04735
-105.67854,35.81555
-105.67815,35.73523
-105.67275,36.04448
-105.67189,35.75023
-105.66435,35.81268
-105.66417,35.82984
-105.66135,35.7567
-105.65937,35.78187
-105.65583,35.77928
-105.65577,35.83893
-105.65544,35.83428
-105.65428,35.84565
-105.65376,35.84521
-105.65038,32.96927
-105.6326,40.74495
-105.63248,40.73367
-105.63241,40.74513
-105.63226,37.99229
-105.63216,40.74453
-105.63153,40.58326
-105.63122,40.19995
-105.62914,38.46107
-105.62869,40.46679
-105.62837,40.77898
-105.62826,39.86338
-105.62824,38.45876
-105.62809,39.86286
-105.62806,40.55058
-105.62793,40.46623
-105.62793,40.55175
-105.62788,40.55067
-105.62772,39.86266
-105.6274,40.46585
-105.62736,39.85831
-105.62728,40.55186
-105.62718,39.86186
-105.62689,40.55079
-105.62657,40.55126
-105.62573,38.09377
-105.62528,40.74481
-105.62512,38.09386
-105.62501,40.74587
-105.62414,37.96175
-105.62305,42.40756
-105.62287,42.40764
-105.62264,42.40765
-105.62042,40.79286
-105.62005,40.77014
-105.61874,40.29134
-105.6179,40.29346
-105.6157,39.86398
-105.61555,40.26359
-105.61529,39.92124
-105.61507,39.86399
-105.61506,39.86366
-105.61497,40.55642
-105.6147,39.86411
-105.61432,39.86418
-105.61421,40.76311
-105.61336,40.73325
-105.61281,41.32365
-105.61265,40.73073
-105.6125,37.99325
-105.61157,40.73628
-105.61072,40.4508
-105.61052,39.91208
-105.61051,40.73268
-105.61004,39.88972
-105.61002,39.22265
-105.60984,39.88786
-105.60966,39.22217
-105.60963,38.41238
-105.60947,40.73627
-105.60943,39.22229
-105.60943,39.22246
-105.6092,39.89083
-105.60912,39.22253
-105.6091,40.73132
-105.60831,38.46325
-105.60796,39.8658
-105.60795,38.09948
-105.60776,40.20633
-105.60701,40.20551
-105.60639,40.20587
-105.60534,40.71635
-105.60504,38.44676
-105.60462,38.10405
-105.60344,40.77706
-105.60331,40.5291
-105.60217,38.44184
-105.60216,38.1065
-105.60207,40.77833
-105.60177,38.41292
-105.60143,38.10704
-105.60142,38.43895
-105.60123,38.43897
-105.60108,38.43825
-105.60108,40.22122
-105.60066,38.43767
-105.6006,40.21945
-105.60057,40.21896
-105.60051,40.22024
-105.60048,40.22048
-105.60046,40.31211
-105.59962,39.91112
-105.59662,40.20198
-105.59554,38.42801
-105.59511,40.72874
-105.59459,40.72938
-105.59394,40.31417
-105.59261,39.98697
-105.59239,40.19928
-105.59179,40.72994
-105.59159,38.42016
-105.59062,38.41964
-105.59031,40.76935
-105.58989,40.72682
-105.58982,38.41674
-105.58953,39.9855
-105.58832,38.4113
-105.58803,39.98534
-105.58794,40.20062
-105.58725,39.98388
-105.5867,39.98402
-105.58502,40.3191
-105.58414,40.27226
-105.58371,40.21659
-105.58195,40.69858
-105.58104,39.9928
-105.58035,39.99357
-105.57923,40.21561
-105.57848,38.4769
-105.57665,40.32778
-105.57665,40.79951
-105.57116,40.27237
-105.5711,39.99353
-105.57004,39.99472
-105.56929,39.9954
-105.56905,40.2871
-105.56879,39.9955
-105.56789,40.28623
-105.56692,40.89475
-105.56616,40.82372
-105.56552,40.21582
-105.56271,40.82919
-105.56089,40.56393
-105.56023,40.21586
-105.56006,40.00091
-105.55845,40.56248
-105.55429,39.89268
-105.55411,39.50788
-105.55383,39.89211
-105.55302,40.49894
-105.55061,39.81726
-105.55041,39.81716
-105.54767,39.71859
-105.54428,40.49765
-105.54157,40.80052
-105.54062,40.80188
-105.53928,40.59714
-105.53879,40.42824
-105.53871,40.80387
-105.5363,40.49674
-105.53617,40.20849
-105.53517,39.51174
-105.53064,40.80767
-105.52884,40.49197
-105.52832,40.49195
-105.52792,42.23459
-105.52776,42.23297
-105.52738,40.80245
-105.52689,40.63665
-105.52653,40.17699
-105.5264,40.49761
-105.52483,40.42593
-105.52351,39.93779
-105.5217,39.94216
-105.51885,40.49828
-105.51878,39.94615
-105.51852,39.94546
-105.51832,40.49803
-105.51803,39.9454
-105.518,39.94638
-105.51775,39.94563
-105.51546,40.11682
-105.51425,39.94208
-105.51203,39.74066
-105.50469,40.49032
-105.5037,40.74043
-105.5037,40.74084
-105.50364,40.74064
-105.5032,40.74029
-105.50313,40.74053
-105.50256,40.74254
-105.50242,40.74232
-105.50236,40.74141
-105.50231,40.7418
-105.50207,40.74151
-105.50206,40.74133
-105.5019,42.26591
-105.50189,40.74123
-105.50145,42.26547
-105.50024,40.48924
-105.49996,40.74144
-105.49995,37.80199
-105.49989,40.74123
-105.49979,40.74143
-105.49975,40.74097
-105.49962,40.74153
-105.49958,40.74106
-105.4995,40.49042
-105.49943,40.74121
-105.49939,40.74105
-105.49924,40.48897
-105.49908,39.27804
-105.49765,40.48835
-105.49728,40.48972
-105.49518,40.48693
-105.49036,40.4874
-105.48525,40.48586
-105.48478,42.25637
-105.48199,39.26874
-105.48059,39.84039
-105.46899,40.05362
-105.46043,40.34592
-105.45718,40.40221
-105.457,37.92848
-105.45285,39.87613
-105.45196,39.87509
-105.45162,37.73204
-105.45114,39.87661
-105.45059,39.87725
-105.45055,39.87615
-105.44971,39.87427
-105.44921,39.87514
-105.44522,39.27746
-105.44365,39.27785
-105.44159,39.27838
-105.4399,39.27855
-105.437,37.8511
-105.43657,42.36174
-105.43072,39.23716
-105.42745,39.27579
-105.42378,39.27505
-105.42206,39.27514
-105.42132,39.27456
-105.42058,37.88543
-105.42018,40.36694
-105.4196,39.27342
-105.41449,39.2723
-105.41406,37.87541
-105.41021,37.86344
-105.4087,37.86175
-105.40848,40.25454
-105.40772,37.85861
-105.40229,39.20834
-105.40186,39.26515
-105.3944,40.73065
-105.39297,42.76311
-105.3927,42.76313
-105.38971,39.96347
-105.38612,40.4789
-105.38501,39.96199
-105.38264,39.96131
-105.38143,39.96093
-105.37953,40.64425
-105.37173,40.47553
-105.36949,41.96088
-105.36897,41.77914
-105.35082,38.49501
-105.35073,38.94566
-105.34906,38.49924
-105.34904,38.49939
-105.34498,38.97035
-105.34479,42.36295
-105.34463,42.3648
-105.34193,39.20758
-105.33999,39.09741
-105.33961,39.09614
-105.33923,39.11248
-105.33915,42.36915
-105.33869,39.96503
-105.33865,39.09968
-105.33863,39.10818
-105.33687,39.10622
-105.33636,42.41917
-105.33626,39.10476
-105.32991,39.34049
-105.32185,42.42221
-105.3212,39.34241
-105.31962,39.3424
-105.31893,38.44035
-105.31873,46.78906
-105.31801,39.71737
-105.31784,39.34241
-105.31728,42.42202
-105.31586,40.65861
-105.31125,38.43881
-105.30996,46.78587
-105.30781,39.34391
-105.30756,39.34394
-105.30727,38.43595
-105.30685,39.34393
-105.30684,39.34439
-105.30468,39.34333
-105.30439,39.12637
-105.3037,39.34316
-105.30325,40.6479
-105.30278,39.34311
-105.30221,39.34308
-105.30114,38.42866
-105.30099,38.40875
-105.30065,39.34289
-105.29985,39.34283
-105.29881,39.34271
-105.29758,39.34255
-105.29635,39.33931
-105.29483,39.33977
-105.29305,39.3397
-105.2912,39.33895
-105.29032,39.83366
-105.28897,39.33882
-105.28889,39.05722
-105.28761,39.81028
-105.28691,39.06735
-105.28633,39.339
-105.28614,39.34268
-105.28597,39.34095
-105.28441,40.36523
-105.28326,39.05706
-105.28149,39.34449
-105.27874,39.02677
-105.27847,40.69883
-105.27805,39.03418
-105.2771,39.34447
-105.27484,39.34489
-105.2736,39.34487
-105.27215,39.34443
-105.27008,39.34389
-105.26917,39.34369
-105.26677,39.3429
-105.26677,39.34307
-105.26368,39.34247
-105.26132,39.34299
-105.25274,39.0552
-105.22463,39.23474
-105.22202,39.46249
-105.21059,40.57816
-105.20706,39.29577
-105.20063,40.57604
-105.20048,40.57729
-105.19926,40.57649
-105.19256,40.53351
-105.19162,40.56998
-105.18962,40.57056
-105.18848,39.31948
-105.17724,40.41805
-105.17695,39.34936
-105.13738,39.09255
-105.13685,38.88944
-105.12794,39.87583
-105.11997,38.87162
-105.1193,38.53707
-105.11928,38.51467
-105.10878,38.58891
-105.10543,38.06142
-105.09553,38.55216
-105.0928,38.55648
-105.05383,38.68987
-105.04432,38.77554
-105.0422,42.26452
-105.033,38.5028
-105.03277,38.50652
-105.03159,38.49186
-105.03146,38.49345
-105.03111,38.49188
-105.03093,38.50302
-105.03028,38.49352
-105.03002,38.49538
-105.0294,38.49443
-105.0294,38.50084
-105.02699,38.49832
-105.02345,42.49382
-105.01407,42.51081
-105.00799,37.51095
-105.00569,38.93613
-104.97753,39.09447
-104.97623,39.09395
-104.97479,42.5137
-104.95333,42.0476
-104.94503,38.74335
-104.94095,37.8796
-104.93986,38.74075
-104.93867,38.7409
-104.93307,38.73935
-104.93139,38.73865
-104.93124,38.73875
-104.93099,38.74004
-104.93089,39.05632
-104.92969,38.74069
-104.92713,38.74102
-104.90888,37.14729
-104.90684,37.07432
-104.90452,41.00099
-104.90037,38.78969
-104.84451,39.65169
-104.84323,39.65196
-104.84114,39.65142
-104.83926,39.00607
-104.82557,37.60843
-104.82474,37.60873
-104.78403,38.27601
-104.78106,38.27299
-104.78089,40.70369
-104.77778,38.27375
-104.77647,38.27165
-104.74294,38.74806
-104.73345,41.15658
-104.7235,38.71216
-104.71895,47.09586
-104.70677,44.58148
-104.69868,44.59046
-104.66408,47.05811
-104.62093,38.92364
-104.51889,37.13021
-104.51808,37.13943
-104.42374,44.42649
-104.41195,44.59458
-104.34335,40.64497
-104.32633,44.6549
-104.16507,47.701
-104.10255,44.51367
-104.09787,44.5158
-104.09254,44.51596
-104.08913,44.51588
-104.08372,44.51677
-104.05525,41.89806
-104.05041,44.07537
-103.87873,44.23639
-103.85153,44.27483
-103.84544,44.14485
-103.84158,43.95994
-103.82641,44.47071
-103.82602,44.47154
-103.80606,49.16556
-103.80489,47.67335
-103.80306,44.01266
-103.7989,44.0253
-103.78119,44.02276
-103.72721,44.08031
-103.72005,42.43476
-103.7115,38.25109
-103.69148,44.31089
-103.68916,38.2136
-103.67904,44.29658
-103.67783,44.30178
-103.67459,41.70732
-103.67386,41.707
-103.67351,41.70693
-103.67241,46.9532
-103.66988,47.22856
-103.66231,44.19918
-103.64186,47.84267
-103.63646,41.22965
-103.61415,43.77772
-103.61022,44.19522
-103.5928,43.89142
-103.58734,47.05559
-103.57479,49.3708
-103.56922,42.69578
-103.53822,46.89338
-103.53522,44.19758
-103.53263,46.92263
-103.52331,43.76436
-103.52002,43.76661
-103.51693,46.77652
-103.51665,41.93992
-103.51498,46.77764
-103.51344,41.93875
-103.51107,43.77498
-103.50718,41.93487
-103.5035,41.93152
-103.50247,41.94466
-103.47563,44.23003
-103.47521,41.94311
-103.47407,47.30903
-103.46954,44.15752
-103.46945,43.88772
-103.46823,44.37513
-103.46591,43.76312
-103.45504,43.71451
-103.44634,43.90143
-103.44552,43.32513
-103.44536,44.34659
-103.44343,46.59756
-103.44017,43.87663
-103.43981,47.81082
-103.42152,43.80488
-103.42098,43.80721
-103.41549,43.77771
-103.37724,43.83531
-103.37269,43.75604
-103.32691,43.9749
-103.31872,44.17394
-103.30775,43.97392
-103.29486,44.05702
-103.29467,44.05762
-103.29454,44.05815
-103.26856,44.14872
-103.2463,47.39441
-103.20619,46.87892
-103.20087,43.84085
-103.15928,40.6233
-103.15063,42.67867
-103.02835,49.07489
-103.02272,43.66197
-102.95886,41.11618
-102.89695,42.09018
-102.86931,39.29814
-102.77307,37.00062
-102.74456,37.01226
-102.74424,37.01462
-102.73613,47.54819
-102.73362,47.53542
-102.66071,47.35022
-102.5969,47.97336
-102.48397,43.5292
-102.45039,44.06884
-102.44468,44.071
-102.41404,43.89404
-102.3647,47.60022
-102.13264,46.01781
-102.09848,47.60307
-101.99357,41.30348
-101.96848,41.27087
-101.92738,43.69174
-101.92466,41.29774
-101.88443,41.28912
-101.8746,41.28868
-101.84551,41.23655
-101.81971,37.13693
-101.76858,41.25779
-101.75877,41.25544
-101.72959,41.25449
-101.72613,41.20504
-101.71182,41.25057
-101.7084,41.11333
-101.68883,41.25276
-101.68632,41.20439
-101.64433,47.29403
-101.62534,47.50381
-101.58465,40.42928
-101.57034,47.57814
-101.55366,40.43507
-101.53773,40.43062
-101.53476,40.4458
-101.52209,40.43537
-101.52123,43.83713
-101.45644,47.533
-101.44307,47.52784
-101.42441,47.59367
-101.4178,46.84904
-101.37072,48.24228
-101.33981,37.19456
-101.2779,46.87377
-101.27456,46.87318
-101.26629,47.61872
-101.26431,46.86776
-101.1536,42.68932
-101.10272,41.10319
-101.09121,46.86862
-101.02818,47.28744
-100.89537,42.59958
-100.89302,42.59282
-100.86523,42.63008
-100.79065,41.1729
-100.7892,41.17198
-100.78561,46.74344
-100.75809,41.15277
-100.75755,41.11155
-100.71557,46.65457
-100.71274,46.65513
-100.71001,46.65474
-100.66903,40.36506
-100.66433,40.37095
-100.66199,40.36498
-100.61738,46.41637
-100.56193,41.06061
-100.55033,48.87614
-100.52028,49.48569
-100.51472,48.93983
-100.4818,48.99252
-100.42442,40.87715
-100.40005,40.87322
-100.34474,48.96798
-100.33826,48.98185
-100.32224,49.03838
-100.2835,46.48415
-100.17208,40.91285
-100.17039,40.91184
-100.16082,49.02655
-100.15378,49.04236
-100.06727,48.98315
-100.06643,48.98764
-100.05535,48.98298
-99.9978,40.86617
-99.9605,38.05212
-99.95888,38.05269
-99.95863,38.0526
-99.95837,38.05255
-99.95809,38.0525
-99.95776,38.05217
-99.92084,37.82386
-99.83669,43.92998
-99.78775,46.50148
-99.54077,40.73571
-99.47837,44.06709
-99.44819,44.06041
-99.44455,46.87947
-99.43925,44.03625
-99.42543,43.78078
-99.41996,43.22192
-99.34598,43.82594
-99.34451,43.82746
-99.32912,43.81837
-99.32522,40.08502
-99.29927,37.60674
-99.23913,49.3871
-99.23107,40.04394
-99.23054,40.08363
-99.22114,40.08437
-99.21482,40.08542
-99.19259,41.82652
-99.14656,46.62608
-99.1452,46.62536
-99.13837,49.20892
-99.13409,46.686
-99.13323,49.20801
-99.09414,41.77584
-99.03444,40.70654
-98.95239,40.49142
-98.93661,49.3491
-98.79149,47.96883
-98.79148,47.9691
-98.79148,47.96922
-98.79147,47.96671
-98.79147,47.9684
-98.79147,47.96895
-98.79146,47.96825
-98.79146,47.96855
-98.79146,47.96869
-98.79145,47.96627
-98.79145,47.9664
-98.79144,47.96656
-98.79141,47.96813
-98.79137,47.96418
-98.79137,47.96612
-98.79136,47.96458
-98.79136,47.9658
-98.79135,47.96438
-98.79135,47.96493
-98.79134,47.96475
-98.79134,47.96543
-98.79134,47.96562
-98.79134,47.96592
-98.79133,47.96399
-98.79131,47.9651
-98.7913,47.96801
-98.79128,47.96523
-98.79124,47.96389
-98.79114,47.96792
-98.79109,47.96466
-98.79107,47.96675
-98.79098,47.96516
-98.79096,47.96496
-98.79096,47.96642
-98.79096,47.96656
-98.79095,47.96587
-98.79094,47.9662
-98.79089,47.96566
-98.79089,47.96603
-98.79087,47.96431
-98.79087,47.96445
-98.79087,47.96528
-98.79081,47.96549
-98.79078,47.96467
-98.7907,47.96484
-98.79067,47.96415
-98.79056,47.96502
-98.79055,47.96434
-98.79048,47.96518
-98.79046,47.96452
-98.79043,47.96468
-98.79035,47.96481
-98.7903,47.96533
-98.79023,47.96551
-98.79017,47.96496
-98.79008,47.96505
-98.79008,47.96563
-98.79,47.96578
-98.78999,47.96512
-98.78983,47.96593
-98.78975,47.96517
-98.78965,47.96529
-98.7896,47.96605
-98.78956,47.96545
-98.78944,47.96561
-98.78935,47.96747
-98.78931,47.96575
-98.78917,47.96591
-98.78913,47.96752
-98.78899,47.96723
-98.78893,47.96757
-98.78876,47.96715
-98.78865,47.96761
-98.78855,47.96707
-98.78844,47.96733
-98.78844,47.96769
-98.7884,47.96696
-98.7883,47.96677
-98.78824,47.96774
-98.78823,47.96663
-98.78821,47.96735
-98.78813,47.96648
-98.78802,47.96779
-98.78793,47.96733
-98.78789,47.96642
-98.78787,47.96703
-98.78774,47.96772
-98.78773,47.96738
-98.78765,47.96647
-98.78761,47.96717
-98.7875,47.96656
-98.78748,47.96773
-98.78736,47.96668
-98.78721,47.96732
-98.78716,47.96705
-98.7851,39.78751
-98.6982,46.9483
-98.68699,49.23828
-98.62157,45.53442
-98.62124,45.53464
-98.62088,45.53355
-98.61801,47.91884
-98.61326,45.54071
-98.57244,44.07561
-98.53718,46.59464
-98.4784,45.4457
-98.47831,45.44521
-98.46251,46.53911
-98.37803,40.8518
-98.34051,42.25544
-98.27751,44.05725
-98.19687,49.14509
-98.19667,49.14673
-98.19255,44.36897
-98.19176,45.87755
-98.1401,49.1843
-98.13992,39.04077
-98.13869,49.18471
-98.13751,49.18048
-98.12878,48.02568
-98.11933,42.37378
-98.0975,45.45374
-98.0838,40.02033
-98.07163,40.19612
-98.0713,40.19619
-98.06271,42.75232
-98.05029,37.17467
-98.04949,37.17518
-98.04546,47.13218
-98.00985,43.69387
-97.98042,47.23352
-97.97828,38.62781
-97.97732,38.63051
-97.97654,38.62864
-97.94911,46.63117
-97.94228,49.3655
-97.84254,39.35992
-97.76546,49.1889
-97.72045,40.1361
-97.65571,39.54829
-97.60927,46.62399
-97.6088,43.26259
-97.59934,41.10856
-97.59934,41.10867
-97.57176,47.1532
-97.55976,44.38597
-97.54092,44.36671
-97.47208,42.84941
-97.45046,46.25818
-97.43099,43.35612
-97.42391,42.00394
-97.41317,47.26974
-97.41274,47.09946
-97.38367,41.4965
-97.3779,47.96852
-97.3639,49.35027
-97.35234,49.35208
-97.33184,49.27451
-97.3303,37.60647
-97.32154,37.72287
-97.30263,37.74615
-97.29786,45.34122
-97.2651,43.42639
-97.24932,37.61723
-97.24453,44.91776
-97.24273,44.91811
-97.24087,44.91934
-97.24041,44.89381
-97.24014,44.89417
-97.23929,44.92028
-97.23737,44.92055
-97.22716,47.19144
-97.22443,49.00548
-97.21926,44.90956
-97.21794,37.47386
-97.2018,44.65365
-97.20162,44.65366
-97.20141,44.65367
-97.20122,44.65368
-97.20102,44.65369
-97.20082,44.65369
-97.16999,44.93108
-97.16893,44.9329
-97.14784,45.00267
-97.13389,44.36479
-97.12955,44.36119
-97.04164,37.03183
-97.04,37.04093
-97.03996,37.04148
-97.03143,47.93124
-97.02598,37.05828
-97.02597,37.05777
-97.01802,42.2259
-97.00605,37.22827
-96.98824,42.23591
-96.94665,48.77687
-96.94454,49.32619
-96.94276,49.32409
-96.93056,49.32017
-96.92699,49.31337
-96.91479,49.31127
-96.90723,49.30056
-96.89617,37.34433
-96.89399,40.85818
-96.89359,37.34594
-96.89351,37.35787
-96.8917,37.35863
-96.88989,37.34665
-96.88957,37.35716
-96.8887,37.34644
-96.88862,37.35917
-96.88674,46.48415
-96.88671,37.34676
-96.88623,37.34808
-96.88449,37.34651
-96.88399,37.34846
-96.8826,48.45197
-96.88233,37.35776
-96.88197,37.34787
-96.88083,37.34924
-96.87936,37.34731
-96.87914,37.34409
-96.87733,37.34332
-96.87705,37.34982
-96.87678,37.35992
-96.87651,37.34653
-96.8761,37.35881
-96.87534,37.35973
-96.87392,40.95799
-96.87285,37.34981
-96.87066,37.35859
-96.86772,37.36055
-96.86758,37.35131
-96.86581,37.36345
-96.86566,37.34851
-96.8638,37.34868
-96.86347,37.35222
-96.86309,37.36139
-96.85645,37.35169
-96.85634,37.36115
-96.84942,37.3546
-96.84395,37.36339
-96.84381,37.35903
-96.84045,45.59758
-96.83536,45.59259
-96.82145,40.29242
-96.80998,43.97883
-96.80544,44.31771
-96.79471,47.26792
-96.78792,39.03041
-96.78267,45.66652
-96.76764,40.27306
-96.73876,40.25294
-96.73088,42.6066
-96.72994,42.60601
-96.72936,42.60475
-96.72902,42.60583
-96.71867,41.84168
-96.7166,42.60681
-96.69504,45.4274
-96.68888,45.0536
-96.6772,45.40431
-96.66747,45.40424
-96.66629,45.40184
-96.66586,45.40116
-96.65783,45.40118
-96.65219,38.34536
-96.65075,43.61135
-96.64759,40.60155
-96.64726,40.59959
-96.64715,45.22668
-96.64688,39.83817
-96.64684,45.22505
-96.6462,39.83809
-96.6462,40.60337
-96.64454,40.60313
-96.64184,45.22604
-96.61779,41.24122
-96.611,41.20271
-96.60425,48.72637
-96.60243,43.29906
-96.60229,47.77373
-96.59844,46.27376
-96.59799,46.28836
-96.59671,46.26519
-96.58312,42.37461
-96.5815,42.37143
-96.57813,40.62445
-96.57553,40.62828
-96.56873,48.36523
-96.56819,44.05593
-96.56636,41.45111
-96.56635,41.4508
-96.55825,41.44235
-96.55793,41.44255
-96.55749,41.44266
-96.55705,41.44275
-96.55657,41.44158
-96.55651,41.44181
-96.55641,41.44203
-96.55625,41.44212
-96.55607,41.44167
-96.55599,41.44213
-96.55593,41.44185
-96.55573,41.44209
-96.55555,41.44177
-96.55505,41.44151
-96.55501,41.44182
-96.55487,41.44197
-96.55469,41.44208
-96.55444,41.44211
-96.5539,41.4421
-96.55363,41.44206
-96.55328,41.44201
-96.54128,41.43757
-96.536,38.36877
-96.53446,41.44371
-96.5264,48.58081
-96.50001,42.99183
-96.49863,42.99632
-96.48957,45.33704
-96.4771,44.48028
-96.47144,46.8648
-96.47117,43.05856
-96.46695,42.55927
-96.45947,43.38709
-96.45943,43.06145
-96.45923,45.3238
-96.45082,45.30257
-96.4429,45.55438
-96.43658,43.30905
-96.43497,44.50666
-96.41862,47.86932
-96.40735,46.66134
-96.40565,48.97953
-96.39381,43.84892
-96.36938,41.03933
-96.36621,43.90109
-96.36092,48.97664
-96.3608,48.97981
-96.36055,48.94275
-96.31616,44.00963
-96.30002,44.69447
-96.29544,47.52933
-96.29091,41.01679
-96.28106,47.89163
-96.27522,47.88741
-96.27103,48.99452
-96.24511,42.00408
-96.24433,42.00524
-96.2273,40.98758
-96.22703,40.99053
-96.20748,48.92427
-96.19726,37.24332
-96.19536,45.00738
-96.19403,48.69367
-96.19189,48.29251
-96.19009,43.71665
-96.18764,43.71564
-96.18673,48.10961
-96.18378,43.43169
-96.18155,40.99986
-96.16594,43.43579
-96.15534,42.80339
-96.1408,40.91324
-96.14038,43.87147
-96.0997,46.07141
-96.08207,43.64626
-96.0798,46.57075
-96.07782,41.13674
-96.07692,41.13719
-96.07456,45.77027
-96.05638,44.92676
-96.05036,44.21097
-96.04509,41.34444
-96.04493,44.93499
-96.04192,41.3441
-96.03903,47.91
-96.0374,46.25745
-96.0201,45.20427
-96.01737,48.78247
-95.997,46.2146
-95.9451,46.51675
-95.94115,46.52452
-95.93873,36.90839
-95.93762,46.51048
-95.92899,30.2549
-95.9285,33.7368
-95.92471,44.36584
-95.92198,44.34604
-95.92197,41.18475
-95.9218,33.73763
-95.91826,33.1324
-95.91425,41.1279
-95.90477,41.1711
-95.89876,32.08084
-95.89805,32.08196
-95.89775,32.08318
-95.89712,32.08406
-95.89689,32.08663
-95.89655,32.08536
-95.89643,41.16447
-95.89632,44.85131
-95.89601,32.07897
-95.89537,32.08035
-95.89526,32.08167
-95.89512,32.09285
-95.89496,32.08382
-95.89474,32.08239
-95.89462,32.08685
-95.89006,32.08515
-95.88759,45.02087
-95.88746,45.99801
-95.88191,45.57281
-95.88066,34.31749
-95.87864,41.11444
-95.87833,41.11323
-95.87752,34.31897
-95.87645,34.31794
-95.87281,32.09956
-95.87174,41.41017
-95.87111,40.67144
-95.86865,46.28906
-95.86647,41.41606
-95.8653,32.1013
-95.86506,41.42183
-95.86491,41.40579
-95.86434,32.10378
-95.8635,41.42251
-95.86342,32.10288
-95.8621,41.41728
-95.86186,32.10277
-95.8613,32.10305
-95.86079,32.10272
-95.85755,47.84469
-95.85657,40.9947
-95.85008,34.39081
-95.84736,40.40183
-95.84556,30.25904
-95.84391,40.66087
-95.83061,46.03777
-95.82993,34.40773
-95.8065,44.79719
-95.77884,44.15304
-95.75517,47.57405
-95.74991,48.83625
-95.74596,44.26343
-95.74306,30.48372
-95.74087,44.27233
-95.73756,41.04501
-95.73648,43.3992
-95.73528,30.58978
-95.73445,29.13366
-95.73443,29.05156
-95.72964,44.95171
-95.72512,30.49367
-95.71269,30.48267
-95.70913,29.09199
-95.70569,29.09316
-95.7031,32.44359
-95.69853,30.15593
-95.69472,41.1452
-95.69014,39.48767
-95.68999,39.49103
-95.68927,40.66377
-95.68791,40.67331
-95.68699,39.49151
-95.68621,40.67066
-95.68613,39.48798
-95.68378,33.81164
-95.68223,33.34545
-95.68131,33.28995
-95.68081,33.28615
-95.68067,33.34324
-95.67907,40.68301
-95.67761,33.29112
-95.67617,35.94591
-95.6761,30.51398
-95.67263,33.2886
-95.66988,30.38525
-95.66659,43.17756
-95.66519,33.29427
-95.66324,43.94515
-95.6618,30.51077
-95.66077,33.29596
-95.65677,46.32282
-95.6565,43.94618
-95.6377,30.5597
-95.63698,47.51214
-95.63333,30.56595
-95.62743,45.30987
-95.62274,48.30243
-95.61934,44.69152
-95.61798,45.32149
-95.61262,40.07067
-95.60621,33.84455
-95.60445,44.24647
-95.6012,43.86025
-95.60025,30.49314
-95.60006,29.38289
-95.59999,29.38315
-95.59988,29.3826
-95.59977,29.38183
-95.59976,29.38219
-95.59975,29.38335
-95.59957,29.38352
-95.59937,29.38379
-95.5992,29.38354
-95.59886,29.3837
-95.5988,29.38419
-95.59862,29.38388
-95.59856,29.3844
-95.59824,29.38422
-95.59808,29.38457
-95.59754,29.38449
-95.59742,29.38369
-95.5971,29.38385
-95.59708,29.38293
-95.59708,29.38316
-95.59705,29.38261
-95.5954,29.38108
-95.59507,29.38136
-95.59498,29.38103
-95.59488,29.38136
-95.59467,29.381
-95.59441,29.38094
-95.59309,29.37891
-95.59274,29.38041
-95.59273,29.37876
-95.59271,29.37901
-95.59255,29.38071
-95.59247,29.3803
-95.59238,41.00453
-95.59225,29.37947
-95.59225,29.38023
-95.59224,29.3806
-95.5922,29.37907
-95.59207,29.37919
-95.59205,29.37965
-95.59192,29.38011
-95.59189,29.37986
-95.59189,29.38051
-95.59174,29.37944
-95.5916,29.38032
-95.59154,29.37972
-95.59148,29.38005
-95.58745,30.52715
-95.58695,33.84373
-95.58644,45.99323
-95.57681,30.63719
-95.56015,40.26243
-95.55829,40.26243
-95.55757,46.84064
-95.55555,40.26243
-95.55455,40.26049
-95.5531,29.39741
-95.55284,29.39772
-95.55244,29.39748
-95.55044,40.24358
-95.54446,40.2534
-95.54325,40.24949
-95.53997,44.80092
-95.53747,40.25176
-95.53572,40.25117
-95.53496,43.38644
-95.53463,33.84131
-95.53361,30.39382
-95.53331,45.60094
-95.53052,44.76606
-95.52773,40.24647
-95.52686,45.60735
-95.52348,45.53296
-95.52163,44.69571
-95.52116,45.53426
-95.52057,45.54323
-95.51813,45.90661
-95.51706,32.49613
-95.50319,43.80626
-95.50007,45.52675
-95.49853,44.20751
-95.49618,45.53016
-95.49381,43.7917
-95.48749,30.66334
-95.47194,37.28019
-95.46439,44.9023
-95.4607,48.71163
-95.46046,43.86516
-95.45063,31.30521
-95.44783,41.5007
-95.44607,37.80311
-95.4459,37.80285
-95.43716,38.92878
-95.4371,38.92845
-95.42977,40.88
-95.42919,45.64889
-95.42904,38.92707
-95.42786,38.92669
-95.42782,47.69698
-95.42664,38.9264
-95.42633,38.92646
-95.42576,38.92652
-95.42449,38.92804
-95.42446,38.92865
-95.42441,38.92829
-95.42439,38.92843
-95.42431,32.17371
-95.42373,38.93824
-95.4237,46.19684
-95.4236,30.64628
-95.42227,38.93116
-95.42061,45.4011
-95.4198,38.93287
-95.41887,31.77219
-95.41826,44.73591
-95.41706,37.92125
-95.41639,38.9352
-95.41582,37.92158
-95.40363,33.66126
-95.4007,47.52739
-95.40016,35.83453
-95.38247,44.08298
-95.38002,45.64147
-95.37368,45.97878
-95.36355,46.81289
-95.36331,35.00329
-95.36081,30.64319
-95.34794,45.99175
-95.34514,45.99421
-95.34496,34.98239
-95.34176,46.00286
-95.34113,46.00445
-95.33785,45.99769
-95.3374,46.00349
-95.33482,46.13216
-95.32708,43.44669
-95.32605,49.19379
-95.3195,46.38965
-95.31496,49.19377
-95.31305,47.28317
-95.29889,29.46885
-95.29054,31.91972
-95.29054,32.48204
-95.28652,37.14209
-95.28549,30.59299
-95.2822,45.71812
-95.27626,45.32017
-95.27084,44.24619
-95.25758,32.61166
-95.25568,45.86249
-95.25507,32.63925
-95.24919,29.6283
-95.23988,37.56649
-95.23747,30.14229
-95.23567,43.71606
-95.23353,49.16804
-95.23266,44.65758
-95.23094,30.1461
-95.22898,44.65724
-95.22828,47.27973
-95.22564,30.14639
-95.22324,40.74562
-95.2224,41.59887
-95.22231,32.2178
-95.22193,32.65457
-95.21873,29.9991
-95.21694,41.60173
-95.20991,47.25543
-95.20307,30.52652
-95.19284,32.83778
-95.18367,47.17719
-95.18341,47.34987
-95.18199,43.42511
-95.17776,30.20765
-95.17658,30.23699
-95.17598,43.68455
-95.17524,42.62244
-95.17496,43.35566
-95.17468,42.62784
-95.1707,30.11705
-95.17051,47.36419
-95.16885,31.49803
-95.16806,43.37065
-95.16577,43.49741
-95.1636,31.5676
-95.16039,47.3435
-95.15758,45.88682
-95.1533,31.3835
-95.15323,31.48003
-95.1416,43.4126
-95.1325,30.5526
-95.13039,44.20464
-95.12996,43.49215
-95.12886,43.36482
-95.12507,30.54161
-95.12485,43.47156
-95.12281,44.55186
-95.12249,29.78385
-95.12129,43.52677
-95.11925,43.85895
-95.11227,30.48806
-95.11062,30.44943
-95.10948,29.78642
-95.10862,43.52701
-95.10798,47.42732
-95.10767,43.52211
-95.09984,43.52304
-95.09955,43.52923
-95.09678,43.39716
-95.09381,46.62735
-95.09269,47.41942
-95.09177,45.32338
-95.09106,44.11994
-95.08097,29.49566
-95.07586,34.77665
-95.07323,37.7851
-95.06931,47.4286
-95.06833,43.4128
-95.06777,46.26841
-95.0657,43.72873
-95.06157,49.34748
-95.05512,44.58048
-95.05194,29.48102
-95.0519,41.90594
-95.04844,36.40621
-95.04653,32.56928
-95.04497,29.4557
-95.0443,40.95905
-95.04278,45.32791
-95.04228,30.32315
-95.042,45.32675
-95.04181,45.32865
-95.0404,29.92726
-95.0389,45.31882
-95.0372,45.31487
-95.02561,29.58642
-95.0248,39.59566
-95.0238,29.33867
-95.02352,29.35184
-95.02338,33.05038
-95.01866,42.29222
-95.00798,47.43778
-95.0064,44.77558
-94.99806,43.64444
-94.9972,41.40457
-94.99113,33.04176
-94.98627,42.41874
-94.98398,39.22422
-94.97932,44.98678
-94.97402,44.23665
-94.97307,44.57654
-94.97194,49.34513
-94.9662,29.18666
-94.96607,29.18674
-94.96594,29.18681
-94.96581,29.18688
-94.96568,29.18696
-94.9653,29.18719
-94.96517,29.18727
-94.96504,29.18734
-94.96491,29.18742
-94.96478,29.18751
-94.96406,29.1891
-94.96394,29.18924
-94.9639,29.18909
-94.96384,29.18943
-94.9638,29.18919
-94.9638,29.18957
-94.96371,29.18933
-94.96367,29.18974
-94.96366,29.18949
-94.96359,29.18987
-94.96354,29.18963
-94.96351,29.18934
-94.96346,29.18977
-94.96334,29.18952
-94.96327,29.18966
-94.96257,29.18894
-94.96244,29.1891
-94.96241,29.18878
-94.96241,29.7408
-94.96216,29.18926
-94.96213,29.18893
-94.96186,29.18908
-94.96186,29.18945
-94.96145,29.18932
-94.9614,47.51107
-94.96128,29.18946
-94.96107,29.1896
-94.95885,47.15485
-94.95733,48.77212
-94.95541,29.2104
-94.95531,29.21019
-94.95524,29.21077
-94.95513,29.21007
-94.95502,29.21198
-94.95501,29.21085
-94.955,29.21187
-94.95498,29.21176
-94.95497,29.21208
-94.95491,29.21166
-94.95491,29.21219
-94.9549,29.21004
-94.95484,29.21226
-94.95483,29.21159
-94.95478,29.21083
-94.95473,29.21231
-94.95472,29.21153
-94.95469,29.21013
-94.9546,29.2107
-94.9546,29.21151
-94.95459,29.21234
-94.95448,29.2115
-94.95446,29.21235
-94.95435,29.21152
-94.95434,29.21231
-94.95424,29.21158
-94.95423,29.21226
-94.95418,45.73937
-94.95414,29.21166
-94.95414,29.21216
-94.95405,36.36159
-94.95391,45.23638
-94.9513,46.13123
-94.95117,46.7925
-94.93544,47.06613
-94.9328,39.36469
-94.93132,34.52824
-94.93128,39.36202
-94.92869,46.73829
-94.91889,47.16995
-94.9176,35.66719
-94.91481,45.01004
-94.90557,46.76784
-94.90363,43.10224
-94.90106,47.45027
-94.89667,30.03885
-94.88922,34.73854
-94.88475,44.51816
-94.88344,32.80174
-94.8818,46.6993
-94.87868,35.6565
-94.87682,44.53094
-94.87542,35.67012
-94.8752,39.84049
-94.87519,29.82205
-94.87513,39.83085
-94.87484,39.83956
-94.87481,39.84052
-94.87413,39.83135
-94.87407,39.83869
-94.87386,39.83213
-94.87378,39.83973
-94.87372,39.83277
-94.87366,39.83412
-94.87355,46.79057
-94.87315,39.84088
-94.87294,39.83524
-94.87281,39.83935
-94.87277,39.84038
-94.87266,39.83867
-94.87244,39.8382
-94.87219,39.83581
-94.87175,39.83104
-94.8716,45.27237
-94.8693,32.79401
-94.86902,46.62977
-94.86892,43.39067
-94.86786,37.96132
-94.86704,32.77307
-94.86373,45.19022
-94.86301,34.7738
-94.85628,39.0748
-94.85539,39.07637
-94.8549,39.07064
-94.85465,39.07528
-94.85407,39.07617
-94.85357,39.06964
-94.85325,39.07279
-94.85272,39.07189
-94.8527,39.07728
-94.85256,39.08359
-94.85234,39.08311
-94.85223,47.17694
-94.85167,39.07444
-94.85149,39.07167
-94.85134,39.08276
-94.8511,39.08334
-94.85096,39.08394
-94.84974,39.08635
-94.84967,39.07012
-94.84957,39.0857
-94.8495,39.08624
-94.84942,39.08596
-94.84935,46.34881
-94.84835,39.09188
-94.8477,39.06912
-94.84757,32.78958
-94.84738,39.07016
-94.84553,35.6589
-94.84412,48.85836
-94.83659,47.16037
-94.82579,46.4221
-94.82248,47.53255
-94.81898,46.53356
-94.81855,46.58475
-94.81334,36.63512
-94.81123,38.99188
-94.81121,38.98795
-94.80767,46.50548
-94.80691,45.67651
-94.80691,45.67656
-94.80364,43.96336
-94.80209,46.45665
-94.79891,46.49021
-94.79833,46.41358
-94.79075,38.41846
-94.78997,44.46236
-94.78729,35.32296
-94.78493,35.32213
-94.77884,46.20228
-94.77655,41.43163
-94.77564,44.44603
-94.7715,45.77308
-94.75541,45.6116
-94.75313,34.26031
-94.75187,46.3795
-94.75133,47.49331
-94.74041,45.32905
-94.73886,34.06512
-94.73666,46.38211
-94.73502,43.79574
-94.73403,45.32474
-94.73363,30.05058
-94.7333,47.00808
-94.72907,44.30955
-94.7285,44.30919
-94.72694,44.45435
-94.72589,44.45268
-94.7249,44.45595
-94.71859,39.08825
-94.7072,36.18806
-94.70505,43.31082
-94.69938,39.38105
-94.69886,34.25828
-94.69841,33.01194
-94.69458,33.00935
-94.6942,33.00926
-94.6932,43.3246
-94.69267,33.0065
-94.68512,40.71566
-94.68131,45.15526
-94.68103,38.98427
-94.67766,34.71535
-94.6688,43.67602
-94.66285,41.87856
-94.65595,34.10615
-94.6557,29.44773
-94.64428,45.91082
-94.63914,43.97445
-94.62549,45.81269
-94.607,48.08802
-94.60288,47.59761
-94.59024,32.26015
-94.58687,47.73336
-94.5866,34.89878
-94.58204,43.55097
-94.57746,37.52654
-94.57265,32.27515
-94.57088,32.27405
-94.56933,32.27248
-94.56886,37.43758
-94.5662,37.43491
-94.56507,44.80587
-94.56073,36.17524
-94.55537,44.12757
-94.5468,34.43623
-94.54159,48.95565
-94.53086,45.10204
-94.52957,47.37959
-94.52721,45.68044
-94.51676,47.37976
-94.51065,43.99098
-94.51058,44.4618
-94.51015,38.65011
-94.51,47.38608
-94.50928,48.16547
-94.50799,47.6032
-94.50782,47.38205
-94.49315,32.75334
-94.48406,38.88337
-94.48347,47.45075
-94.48134,46.42928
-94.47647,45.72542
-94.47632,44.29684
-94.4747,39.07402
-94.47415,39.07388
-94.47228,43.7994
-94.46781,41.77402
-94.46421,43.49255
-94.45529,47.13779
-94.45272,46.37717
-94.44642,47.93977
-94.44445,47.77708
-94.43492,44.32862
-94.4329,36.97075
-94.42667,36.97381
-94.42622,36.89188
-94.41878,44.97569
-94.41373,36.76789
-94.39396,45.96441
-94.39267,45.96295
-94.39188,46.70948
-94.38895,41.10714
-94.38784,44.89339
-94.38723,46.70606
-94.38596,33.91911
-94.38334,43.49823
-94.38211,36.58707
-94.3814,34.53272
-94.3777,44.78691
-94.37662,34.68572
-94.37189,36.58285
-94.35666,45.47545
-94.35213,46.41119
-94.3512,45.47259
-94.35075,36.84077
-94.34624,37.85328
-94.34468,38.66393
-94.34039,36.60537
-94.33545,38.96787
-94.33542,38.96768
-94.33527,38.96838
-94.33509,38.96419
-94.33488,38.96885
-94.33483,38.96728
-94.33433,38.96677
-94.33425,38.96501
-94.33404,38.96622
-94.33392,38.96563
-94.32903,46.28123
-94.32842,38.9844
-94.32499,38.94683
-94.32402,38.94717
-94.32196,47.4183
-94.31948,36.58824
-94.31814,31.84291
-94.31744,31.02747
-94.31646,34.53791
-94.31595,36.58771
-94.31478,36.58987
-94.31175,36.58817
-94.31175,37.07453
-94.31147,36.59094
-94.31128,36.59101
-94.30905,37.15766
-94.30468,37.12762
-94.30433,36.60084
-94.30044,36.60909
-94.30042,36.6091
-94.29605,36.82468
-94.28857,35.72965
-94.28788,35.72974
-94.28742,35.72951
-94.28699,46.31066
-94.28678,35.72965
-94.28568,35.73699
-94.28022,35.73162
-94.2775,31.0591
-94.27045,35.75488
-94.27016,45.77759
-94.27014,35.75489
-94.2698,35.7558
-94.26023,35.74547
-94.25927,39.63614
-94.25811,35.74323
-94.25782,35.74261
-94.2575,35.74228
-94.25608,31.13531
-94.25254,35.75779
-94.25233,35.75819
-94.25085,35.75729
-94.25011,35.7568
-94.24917,34.34426
-94.24744,36.47618
-94.24733,45.23847
-94.24545,35.77034
-94.24512,45.04978
-94.24413,35.77322
-94.24076,36.37647
-94.23968,36.39358
-94.23803,45.21276
-94.23767,34.32273
-94.22767,34.32139
-94.22598,47.24561
-94.22362,35.52238
-94.21724,34.29258
-94.21612,34.30447
-94.20845,47.34618
-94.20108,39.45646
-94.19557,33.39005
-94.18541,30.00307
-94.16696,31.81183
-94.16567,47.58655
-94.16521,46.36994
-94.16499,45.74883
-94.16146,44.7582
-94.15982,44.04693
-94.14476,30.35149
-94.14071,45.50399
-94.13586,30.04479
-94.13481,47.63237
-94.12643,30.12602
-94.12477,47.31126
-94.12024,47.44414
-94.11475,45.95772
-94.11109,43.53493
-94.11062,30.0369
-94.11035,46.66985
-94.11031,47.5601
-94.11,44.09216
-94.10161,47.52341
-94.1003,43.65005
-94.09558,47.52443
-94.09528,34.92138
-94.0911,45.97774
-94.08799,44.15881
-94.08031,45.41775
-94.08017,42.39177
-94.07953,45.43865
-94.07766,45.41726
-94.0721,47.04984
-94.07197,39.9388
-94.0678,45.28396
-94.06777,48.64317
-94.06759,39.0132
-94.06506,47.50287
-94.06244,46.29867
-94.06185,39.91583
-94.05658,30.8905
-94.04815,47.51802
-94.04801,47.42979
-94.04651,33.4728
-94.04338,47.51139
-94.04312,39.74641
-94.04016,46.63178
-94.0314,34.36659
-94.03138,34.36851
-94.03074,34.3649
-94.02808,41.32908
-94.01292,41.62142
-94.0109,34.39083
-94.00341,46.88867
-93.99733,39.75064
-93.99444,31.96787
-93.98891,42.3903
-93.9758,46.84935
-93.97549,34.35493
-93.9749,34.35975
-93.97243,41.85403
-93.97124,35.67255
-93.97113,34.42088
-93.97029,34.35382
-93.96881,35.67106
-93.96817,31.77258
-93.96786,47.75422
-93.96746,46.48357
-93.9655,30.13148
-93.96499,35.68046
-93.96336,35.68105
-93.96297,34.39124
-93.96229,34.38203
-93.96183,32.44306
-93.96051,34.37702
-93.95989,35.64328
-93.95976,35.64056
-93.95668,46.48013
-93.95604,34.35177
-93.95217,44.32223
-93.95187,34.35157
-93.95093,34.35154
-93.95046,44.57544
-93.95045,35.68899
-93.9475,36.30378
-93.94654,29.9124
-93.94618,35.67313
-93.94589,44.81048
-93.94581,36.30156
-93.94327,36.30491
-93.94218,36.30399
-93.94196,36.30442
-93.94088,44.81143
-93.9376,35.69397
-93.93666,34.35019
-93.93393,29.90079
-93.93286,35.69846
-93.9327,31.7708
-93.92726,36.53099
-93.9267,46.51473
-93.92436,45.38596
-93.92328,34.41434
-93.92251,34.41521
-93.92045,34.42327
-93.91985,34.41702
-93.91841,44.46344
-93.91585,34.41224
-93.91102,34.40895
-93.9097,41.95038
-93.90855,41.95078
-93.90844,41.94725
-93.90829,41.94657
-93.9082,41.9477
-93.90779,44.5222
-93.90761,41.94715
-93.9075,41.94629
-93.90735,41.9522
-93.90722,34.35616
-93.90705,41.9502
-93.90704,41.95279
-93.90702,41.94635
-93.90683,41.94961
-93.9066,47.76251
-93.90647,41.94668
-93.90641,41.95275
-93.90631,41.94741
-93.90614,34.35468
-93.90595,41.94684
-93.90585,34.40703
-93.90558,41.95233
-93.90508,34.35357
-93.90504,34.40771
-93.9046,41.95217
-93.90425,41.94741
-93.90411,41.94867
-93.9039,41.94947
-93.90353,41.94878
-93.90343,41.94973
-93.90298,41.94721
-93.90286,41.94986
-93.90262,41.94953
-93.90224,41.94981
-93.90161,34.36276
-93.9013,44.2678
-93.90116,34.36414
-93.90082,34.4059
-93.90056,44.26682
-93.89765,42.00067
-93.89468,34.37217
-93.89181,34.40146
-93.88871,34.40092
-93.88826,34.37424
-93.88742,34.38158
-93.88681,34.39964
-93.88632,34.37815
-93.88611,48.25068
-93.88589,34.38227
-93.88376,34.39732
-93.88371,48.21221
-93.88344,34.38286
-93.88275,46.90385
-93.87971,34.38769
-93.87933,34.37495
-93.87367,41.99575
-93.84703,47.60772
-93.83392,35.8242
-93.83174,31.473
-93.82747,47.71187
-93.8252,47.70928
-93.8249,31.6822
-93.82325,45.32535
-93.82268,46.34662
-93.82217,47.99689
-93.81701,48.33841
-93.81579,45.31967
-93.80286,47.22319
-93.80155,47.22098
-93.78866,47.76704
-93.78611,35.68169
-93.78472,43.22837
-93.77821,46.13157
-93.76293,36.55385
-93.76039,46.12498
-93.75788,43.25508
-93.75539,43.26126
-93.75465,40.59575
-93.74292,35.49472
-93.74087,46.14228
-93.73414,46.13966
-93.73336,31.21117
-93.72825,45.07557
-93.72012,47.95743
-93.71939,41.7369
-93.71651,44.65076
-93.71353,44.65652
-93.71315,47.40005
-93.71272,46.5422
-93.70389,46.12583
-93.70122,44.43966
-93.6981,47.42784
-93.69519,31.31
-93.6923,45.42424
-93.68815,35.09284
-93.68028,41.73005
-93.67601,36.56518
-93.67543,47.58566
-93.67289,45.29772
-93.67232,47.39442
-93.66517,40.41402
-93.66115,45.94432
-93.65541,47.74565
-93.64712,42.78349
-93.6468,42.78297
-93.64401,35.17223
-93.63789,31.4248
-93.63417,45.01761
-93.6314,43.25914
-93.62992,45.02854
-93.62685,39.58786
-93.62434,35.22555
-93.62406,44.72379
-93.62248,47.76916
-93.62248,48.84042
-93.62245,47.9203
-93.62159,35.22347
-93.61661,39.56872
-93.61403,42.0509
-93.61391,39.57968
-93.6127,39.58381
-93.61165,38.74143
-93.61029,36.7032
-93.61027,36.70276
-93.60986,36.70278
-93.60743,39.56976
-93.59566,36.56257
-93.59483,47.87588
-93.5935,34.64165
-93.59187,41.29581
-93.59179,47.41119
-93.59135,40.9577
-93.58992,39.57142
-93.58685,40.96352
-93.58581,39.59502
-93.58566,47.25075
-93.58519,47.46182
-93.58121,47.46536
-93.5788,45.57242
-93.57754,47.60826
-93.5767,38.09693
-93.57639,38.09659
-93.57615,38.09614
-93.57605,38.09705
-93.57601,42.19323
-93.57596,38.09498
-93.57513,38.09602
-93.57501,43.46619
-93.57457,38.09609
-93.57448,38.0957
-93.57433,38.09513
-93.57129,39.58808
-93.57043,38.09613
-93.5704,38.09708
-93.57039,38.09571
-93.57029,38.09505
-93.5701,38.09451
-93.56966,47.71333
-93.56964,38.09744
-93.56921,38.09678
-93.56884,38.09447
-93.56881,38.09394
-93.5688,44.22138
-93.56849,38.09491
-93.56812,38.09658
-93.56774,38.09578
-93.56561,40.96744
-93.56464,36.35938
-93.56355,44.22037
-93.56255,48.39908
-93.56205,39.59883
-93.56177,38.10106
-93.56004,40.97035
-93.55928,38.0999
-93.55884,38.0979
-93.55852,38.09938
-93.55821,43.254
-93.55799,40.96848
-93.55784,38.09911
-93.55771,38.10065
-93.55726,38.10443
-93.55654,44.9325
-93.55634,38.10423
-93.55612,38.10122
-93.55505,38.10035
-93.55503,38.10365
-93.55436,38.10202
-93.55332,38.10337
-93.55162,38.09376
-93.55158,36.59696
-93.55153,36.59578
-93.54772,38.3558
-93.54498,46.1192
-93.54344,38.35449
-93.5413,38.3639
-93.53549,44.22073
-93.5247,38.53684
-93.52168,44.96886
-93.51968,47.24725
-93.51657,46.33863
-93.51298,38.53222
-93.5065,47.85116
-93.49895,32.94378
-93.49873,40.86328
-93.4929,32.94898
-93.49047,46.14759
-93.48872,46.14754
-93.48747,48.14137
-93.48685,46.14796
-93.48421,48.83439
-93.46993,34.56873
-93.46127,36.67102
-93.46112,36.67283
-93.45936,36.64767
-93.45874,41.53676
-93.45868,41.53696
-93.45851,43.1258
-93.45841,41.53693
-93.45817,41.53722
-93.45734,45.22149
-93.45528,45.21913
-93.45197,45.18706
-93.44771,35.67117
-93.44281,38.23423
-93.4412,44.37939
-93.44007,43.41275
-93.4378,41.79209
-93.43306,41.77715
-93.43155,46.11643
-93.43075,41.92325
-93.42928,41.79328
-93.42332,45.89995
-93.4221,34.56216
-93.4213,48.60128
-93.42015,43.48494
-93.41875,47.76594
-93.41868,43.47614
-93.41681,36.64429
-93.41646,44.30172
-93.40808,48.10963
-93.40587,47.78943
-93.40146,47.79355
-93.39246,47.79994
-93.39048,44.68664
-93.39047,43.11053
-93.3845,47.24656
-93.38126,41.63939
-93.38073,47.8037
-93.37897,41.63744
-93.3763,30.17291
-93.37528,42.94331
-93.3697,38.29782
-93.36323,37.79836
-93.36251,37.82413
-93.35283,34.54402
-93.34746,35.91814
-93.34665,36.62719
-93.34285,48.61586
-93.33043,39.27177
-93.32622,37.36474
-93.3258,37.36994
-93.32521,37.37496
-93.31997,36.56029
-93.31995,48.6154
-93.31967,46.79002
-93.31751,36.56052
-93.31681,43.76498
-93.30834,36.58425
-93.3078,36.58387
-93.30518,36.63453
-93.30192,36.58166
-93.30062,36.58315
-93.30027,47.13736
-93.29548,36.60168
-93.29545,36.60311
-93.29536,43.63389
-93.29204,36.6462
-93.2913,32.67482
-93.29047,43.63535
-93.29015,38.67211
-93.28939,39.27752
-93.28876,47.85402
-93.28808,48.60685
-93.28712,36.61481
-93.2863,36.89973
-93.28546,36.65141
-93.28534,36.62834
-93.28472,43.64136
-93.28413,43.64185
-93.28402,36.66406
-93.2839,36.65794
-93.28374,30.94268
-93.28362,36.63674
-93.2833,43.64316
-93.28174,36.60285
-93.28095,39.54403
-93.28095,40.99759
-93.28073,36.05574
-93.28066,36.64006
-93.28012,36.6274
-93.27987,36.64021
-93.27947,36.66093
-93.27806,36.65954
-93.27773,45.21046
-93.2768,36.6117
-93.27664,36.65765
-93.27015,38.69257
-93.26909,38.69387
-93.26836,38.69498
-93.26741,38.69232
-93.26723,38.69117
-93.2665,38.69491
-93.26605,47.67845
-93.26604,34.58339
-93.26555,38.69244
-93.26538,38.69434
-93.26503,34.58781
-93.26328,43.48403
-93.26318,35.2288
-93.26242,35.22789
-93.2618,35.22986
-93.26177,35.22912
-93.26173,35.22731
-93.26106,35.21803
-93.26072,36.68497
-93.25945,35.22585
-93.25838,46.16943
-93.25445,38.66394
-93.25283,30.28515
-93.24973,35.21251
-93.24966,35.21324
-93.24933,36.66828
-93.24922,35.21381
-93.23901,47.79983
-93.23879,34.9612
-93.23565,42.76926
-93.23518,30.30168
-93.23063,32.6477
-93.2296,39.32531
-93.22781,44.36858
-93.22761,44.3692
-93.22716,38.74711
-93.2244,34.26935
-93.22017,47.99147
-93.21875,44.3749
-93.21828,48.60081
-93.21804,48.60401
-93.21728,44.37706
-93.21498,36.07168
-93.21481,39.11689
-93.20625,46.95016
-93.20583,46.95366
-93.19332,31.49307
-93.19326,43.18387
-93.19078,45.57431
-93.18531,44.7746
-93.18505,42.77814
-93.18248,43.66079
-93.18092,44.77404
-93.18016,42.77279
-93.17764,34.61448
-93.17082,35.24385
-93.16798,47.38407
-93.15995,36.06406
-93.1507,46.82687
-93.14896,48.60981
-93.14533,48.57175
-93.14372,31.49789
-93.14064,48.61589
-93.14015,48.60851
-93.13761,48.60906
-93.13616,48.60671
-93.13575,48.61368
-93.13464,31.48567
-93.12574,48.61671
-93.12063,48.61058
-93.11673,48.61939
-93.11641,30.29599
-93.106,31.17622
-93.10314,48.61738
-93.10059,48.61419
-93.09985,36.89425
-93.09917,47.9486
-93.09582,48.61428
-93.09405,31.44504
-93.09044,48.59979
-93.0895,38.33308
-93.08743,32.77682
-93.0826,43.20447
-93.07907,34.17794
-93.07843,34.17675
-93.07302,48.5999
-93.06902,48.52691
-93.06269,48.50717
-93.0604,48.59601
-93.05835,48.49185
-93.05532,43.18677
-93.0537,46.20799
-93.05331,48.59651
-93.05322,48.47341
-93.05257,48.50258
-93.04998,31.5199
-93.04777,48.52476
-93.04611,48.50303
-93.04547,35.87864
-93.04439,48.48789
-93.04226,48.56479
-93.04109,48.52365
-93.03474,48.59598
-93.03423,48.44598
-93.03272,47.67001
-93.02318,48.59186
-93.01721,34.51396
-93.01466,35.16799
-93.01461,31.02179
-93.01436,48.59227
-93.0116,48.4967
-93.01136,48.50529
-93.00895,36.8601
-93.00826,48.5021
-93.00462,48.69315
-92.99919,31.47564
-92.99827,48.49402
-92.99779,48.43832
-92.99663,48.54008
-92.99395,43.66234
-92.9937,48.48669
-92.99353,48.43619
-92.99329,48.59679
-92.99222,41.4012
-92.99213,41.40109
-92.99206,38.73022
-92.99066,41.39988
-92.98888,48.4642
-92.98721,48.59647
-92.98479,48.49854
-92.98112,38.92201
-92.98107,43.4589
-92.97961,48.43028
-92.97924,44.75328
-92.97911,38.70538
-92.97872,44.75488
-92.97871,44.75369
-92.97862,44.75301
-92.9784,44.75542
-92.97804,44.75267
-92.97753,44.75312
-92.97751,44.7551
-92.97747,44.75399
-92.97608,48.53721
-92.97548,48.6025
-92.97085,41.36592
-92.9706,41.36606
-92.96814,31.75362
-92.96772,41.3653
-92.96708,48.57333
-92.96469,39.31606
-92.96304,48.57495
-92.95964,48.60326
-92.95772,36.6854
-92.95459,30.24206
-92.95193,48.53377
-92.95144,30.24978
-92.95034,38.6652
-92.9499,35.71979
-92.94689,44.51328
-92.94603,43.0539
-92.94545,38.08561
-92.94391,44.51375
-92.9437,38.93512
-92.94314,36.67166
-92.94123,47.44531
-92.93757,39.43806
-92.9367,36.6864
-92.93589,30.23345
-92.93436,48.46265
-92.9343,40.86077
-92.93377,36.68577
-92.92396,43.35409
-92.92321,36.68646
-92.9221,48.46026
-92.92137,45.25343
-92.91862,48.52556
-92.91706,48.56508
-92.91542,48.56236
-92.9119,46.00967
-92.91129,35.12662
-92.91092,46.9304
-92.90665,36.69944
-92.8996,47.86033
-92.89933,48.55852
-92.89665,31.98804
-92.89661,31.98803
-92.8936,43.12713
-92.8929,48.45917
-92.89255,37.77343
-92.89084,37.73708
-92.88969,48.54564
-92.88942,47.48834
-92.88765,45.346
-92.88617,48.44994
-92.88422,39.74842
-92.88367,45.57408
-92.88356,48.46054
-92.88345,35.97045
-92.88307,36.68499
-92.88239,48.5569
-92.8815,43.31984
-92.88081,48.54516
-92.88064,48.50262
-92.87935,34.54217
-92.87775,44.50851
-92.87754,48.55675
-92.87709,44.51002
-92.87682,44.50792
-92.87648,48.48919
-92.87565,45.67858
-92.87554,48.56097
-92.87549,44.50785
-92.87543,37.80208
-92.87537,44.50885
-92.87456,48.48864
-92.87331,39.74036
-92.87276,45.7025
-92.87144,37.7612
-92.87111,37.80572
-92.86992,39.75821
-92.86989,39.74832
-92.86958,45.5679
-92.86955,48.4618
-92.86805,45.71025
-92.86433,39.74704
-92.86377,45.56801
-92.8636,48.44027
-92.86332,37.80636
-92.86104,48.56143
-92.86065,39.75841
-92.85916,37.73937
-92.85895,46.18027
-92.85829,35.44278
-92.85796,39.7156
-92.85741,43.27425
-92.85581,38.42801
-92.855,46.15677
-92.85383,39.72891
-92.85128,36.49684
-92.85011,48.48264
-92.84914,48.47635
-92.84888,45.72603
-92.84887,48.46938
-92.84871,39.21809
-92.84662,48.44472
-92.84037,39.72605
-92.83816,37.71424
-92.83771,37.71037
-92.83735,37.80065
-92.83715,48.46856
-92.83709,48.46393
-92.83633,34.34838
-92.83613,48.54172
-92.83152,45.40392
-92.82763,46.32752
-92.82735,48.54516
-92.82295,48.44134
-92.82103,38.21094
-92.82047,48.54356
-92.81444,48.46832
-92.80935,35.4896
-92.80368,48.51715
-92.8021,48.49936
-92.80207,46.40827
-92.80185,48.49932
-92.80145,39.4022
-92.80023,38.29371
-92.79651,44.7992
-92.79651,48.43006
-92.79365,38.13065
-92.78918,47.49014
-92.78835,48.51321
-92.7848,48.42818
-92.78263,34.98525
-92.78042,31.89876
-92.77982,45.82257
-92.77839,44.86608
-92.77705,43.4364
-92.77698,46.38192
-92.7769,46.38384
-92.77682,45.76598
-92.77646,48.44389
-92.77341,45.22523
-92.77277,44.86548
-92.77159,45.22243
-92.77006,46.38097
-92.76951,48.52365
-92.76494,48.51065
-92.76476,45.82337
-92.76456,37.96032
-92.76391,43.16731
-92.76246,45.26867
-92.75736,38.13457
-92.75677,45.22315
-92.75665,45.22031
-92.75456,48.53309
-92.75438,48.43631
-92.75418,46.45435
-92.75379,45.51445
-92.753,45.5167
-92.75273,48.431
-92.75202,48.45062
-92.7513,45.51469
-92.75116,45.51232
-92.74958,46.43284
-92.74899,39.01201
-92.74887,37.96583
-92.74769,44.31392
-92.74544,38.93822
-92.74522,48.42831
-92.74499,44.31345
-92.74418,45.51434
-92.74366,45.54589
-92.74269,37.95953
-92.7421,45.54506
-92.74142,45.54372
-92.74138,44.3152
-92.7411,38.23636
-92.74061,44.93033
-92.74058,45.54471
-92.73935,45.54371
-92.73909,44.9307
-92.73807,45.54307
-92.73805,44.92957
-92.73624,44.92863
-92.73409,44.92822
-92.73399,44.92924
-92.73377,45.87684
-92.73228,48.44276
-92.73203,46.4303
-92.72907,48.52673
-92.72904,48.47092
-92.72645,45.51207
-92.72455,43.5666
-92.72416,48.45641
-92.72294,45.88615
-92.72039,38.98609
-92.7174,48.43864
-92.71679,39.16069
-92.71588,48.52734
-92.71067,45.49995
-92.70947,37.60187
-92.70722,48.52712
-92.70674,48.49101
-92.70571,48.51873
-92.70168,38.05455
-92.70062,48.43826
-92.6999,48.44476
-92.69986,48.49864
-92.69527,45.90458
-92.69128,46.50308
-92.69033,45.77892
-92.68918,45.90156
-92.68843,48.42545
-92.68654,48.42405
-92.6862,48.42064
-92.68506,48.41702
-92.68205,46.49873
-92.68153,48.43193
-92.68022,43.3412
-92.6794,38.99011
-92.6791,48.43166
-92.67768,45.1318
-92.67641,44.30152
-92.67495,48.43172
-92.67299,45.91636
-92.67062,45.39043
-92.66671,48.4364
-92.66394,46.28061
-92.66297,45.38967
-92.66295,47.48078
-92.65931,48.50061
-92.6576,45.38759
-92.65754,48.53285
-92.65254,44.08567
-92.64939,48.50481
-92.64772,45.40357
-92.64744,48.52948
-92.64437,40.16375
-92.64265,43.15523
-92.63913,45.93463
-92.63603,39.01524
-92.62928,39.03582
-92.62833,38.99438
-92.62768,38.99943
-92.62601,47.91056
-92.62136,48.19048
-92.61976,48.43308
-92.61935,38.99351
-92.61926,38.1153
-92.61813,39.62276
-92.61644,38.98207
-92.61551,48.20667
-92.61544,39.00406
-92.61247,43.45198
-92.61223,32.58202
-92.61222,32.58189
-92.61221,32.58171
-92.61217,32.58155
-92.61217,32.58215
-92.61215,32.58143
-92.61214,32.58129
-92.61206,32.58112
-92.61202,32.58231
-92.61199,32.58103
-92.61197,32.58167
-92.61195,32.58205
-92.61192,32.58241
-92.61189,32.58098
-92.61186,32.58121
-92.61177,32.58247
-92.61166,32.58093
-92.61165,32.58253
-92.61164,32.5811
-92.61156,32.5824
-92.61151,32.58259
-92.61149,32.58119
-92.61143,32.58133
-92.61139,32.58149
-92.61135,32.5817
-92.61132,32.58264
-92.61034,39.02949
-92.60349,47.90256
-92.60226,39.08627
-92.5953,38.78224
-92.59442,38.77795
-92.59188,46.01897
-92.58772,43.84612
-92.58768,43.84529
-92.58711,43.84422
-92.58678,43.84594
-92.58538,38.75939
-92.58162,44.73038
-92.57682,38.11372
-92.57648,41.9575
-92.57614,39.10536
-92.57401,38.77486
-92.57091,45.95238
-92.57008,39.10234
-92.56678,36.07208
-92.5667,44.17128
-92.56066,48.26842
-92.55919,39.75875
-92.55568,48.42537
-92.55419,46.37117
-92.55305,45.95084
-92.54887,43.37327
-92.54793,48.37764
-92.54787,44.48982
-92.54631,42.96072
-92.54581,35.07753
-92.54447,48.38227
-92.54289,41.28611
-92.54213,45.97567
-92.54163,48.26675
-92.53996,43.71078
-92.53988,44.16774
-92.5376,48.43835
-92.53682,48.44469
-92.53428,45.13676
-92.531,45.9632
-92.53015,48.43043
-92.52973,45.93815
-92.52787,46.00528
-92.5265,48.43447
-92.52315,43.52867
-92.52212,43.52907
-92.52204,36.29262
-92.52173,32.25813
-92.52142,43.52883
-92.51937,48.37768
-92.51665,48.42621
-92.51503,48.43166
-92.51335,39.78938
-92.51255,48.44467
-92.51091,48.42963
-92.51083,48.44092
-92.51031,48.42096
-92.5103,48.27545
-92.51028,39.62211
-92.50923,48.44394
-92.50871,39.80158
-92.50838,39.80183
-92.50822,39.80161
-92.50816,39.80172
-92.50805,39.80164
-92.50776,48.42554
-92.50661,42.98274
-92.50639,48.36906
-92.50558,48.43175
-92.50415,47.4382
-92.50356,48.43119
-92.50235,48.43592
-92.50139,43.85813
-92.49879,47.70492
-92.49695,36.91846
-92.49612,36.9145
-92.4914,48.4197
-92.48969,48.38133
-92.48731,48.36234
-92.48665,48.0723
-92.48628,48.41925
-92.48568,48.40048
-92.48488,48.26509
-92.48291,48.37694
-92.48204,48.42247
-92.48186,48.39529
-92.47971,48.40199
-92.47902,48.4199
-92.47873,48.39982
-92.47836,43.72403
-92.47738,48.3341
-92.47669,48.35083
-92.47627,36.59671
-92.47564,48.06176
-92.47527,48.05887
-92.47407,48.234
-92.47262,47.75197
-92.47194,48.40448
-92.47026,36.87063
-92.46935,48.29509
-92.46853,48.30288
-92.46829,45.56689
-92.46814,48.29805
-92.46715,43.94065
-92.46475,46.72681
-92.46426,46.52741
-92.4636,47.48267
-92.46268,35.35953
-92.46164,44.00457
-92.46139,48.41084
-92.46036,48.40229
-92.46023,39.72028
-92.45871,48.41061
-92.4571,45.45062
-92.45654,48.27755
-92.45639,47.97286
-92.45386,34.81753
-92.45067,48.00924
-92.44014,46.4053
-92.43066,43.24676
-92.42885,40.0153
-92.42878,48.24882
-92.42567,47.97594
-92.42448,39.01583
-92.42433,48.27469
-92.42351,48.29895
-92.42327,42.68934
-92.42293,42.68675
-92.42186,42.68576
-92.42146,42.68902
-92.42144,42.68865
-92.42121,42.68562
-92.41965,48.2813
-92.4193,42.68776
-92.41889,46.0497
-92.41573,45.60187
-92.41136,43.11954
-92.41123,48.28112
-92.40606,48.26818
-92.40106,48.26243
-92.39857,48.26192
-92.39801,38.49033
-92.39793,37.7511
-92.39712,37.75132
-92.39485,38.72406
-92.38537,35.24025
-92.38531,34.97973
-92.38384,38.81681
-92.38285,38.8156
-92.38014,34.99839
-92.37657,34.9618
-92.37127,45.38737
-92.37114,46.65684
-92.36843,47.99867
-92.36641,45.5865
-92.36533,38.6904
-92.36394,46.63941
-92.36142,34.99287
-92.35952,47.88543
-92.35885,45.44475
-92.35814,43.70709
-92.35807,48.00283
-92.35633,47.94728
-92.35514,48.10636
-92.35503,47.97707
-92.35466,47.90806
-92.35227,47.94091
-92.35072,46.64285
-92.34966,48.10831
-92.34901,48.01045
-92.34701,47.94909
-92.34652,47.99419
-92.34439,47.99659
-92.34417,46.64231
-92.34226,47.99788
-92.34197,44.5344
-92.34155,47.95163
-92.34055,48.01004
-92.33813,47.93715
-92.338,46.64049
-92.33758,47.97923
-92.33643,38.71314
-92.33383,47.95688
-92.33376,47.99933
-92.33297,47.98409
-92.33262,47.95279
-92.33239,47.88892
-92.33147,47.95988
-92.33083,48.10825
-92.32958,47.95304
-92.32757,47.53037
-92.32697,36.20751
-92.32564,48.11194
-92.32547,48.1216
-92.32363,47.98344
-92.32337,47.93097
-92.32318,48.00336
-92.32235,37.13208
-92.32158,47.95496
-92.319,47.97916
-92.31584,48.1247
-92.31394,42.27136
-92.3129,47.96987
-92.31237,42.88368
-92.31224,43.98653
-92.31152,30.85529
-92.31116,47.99198
-92.31102,42.87927
-92.31095,43.99504
-92.31037,47.94792
-92.31031,42.26849
-92.30966,42.26876
-92.30935,47.94188
-92.30901,48.00481
-92.3088,42.26761
-92.30874,42.26793
-92.30874,42.26824
-92.30753,47.93568
-92.30745,47.97823
-92.30596,47.99911
-92.30539,43.9875
-92.30438,48.02125
-92.30207,47.99298
-92.30202,48.13594
-92.30192,43.05797
-92.30154,47.90794
-92.3012,48.02222
-92.30057,48.31349
-92.29924,48.23834
-92.29856,47.98318
-92.29854,48.01442
-92.2982,47.97658
-92.29757,48.13818
-92.29755,47.97599
-92.2975,48.02314
-92.29739,48.31439
-92.2962,48.31617
-92.2956,47.93345
-92.2952,46.60994
-92.29507,47.95673
-92.29435,48.02406
-92.2936,47.954
-92.29352,48.29332
-92.29095,48.01554
-92.29082,47.96907
-92.29081,48.2337
-92.29072,44.47134
-92.29028,48.1419
-92.29008,48.00433
-92.28974,48.32106
-92.28909,46.946
-92.28879,47.97582
-92.28851,48.314
-92.28823,46.93296
-92.28802,46.92588
-92.28773,48.01948
-92.28752,48.33453
-92.2875,47.97683
-92.28695,46.93738
-92.28671,36.37789
-92.28494,48.30794
-92.28317,47.97982
-92.28217,48.34425
-92.28132,48.1427
-92.28124,47.96598
-92.28101,47.9784
-92.28093,30.83986
-92.28046,47.9748
-92.27985,47.99188
-92.27949,43.46575
-92.27859,30.81565
-92.27825,30.81428
-92.27806,48.29166
-92.27752,47.99445
-92.2774,48.33855
-92.27573,48.26417
-92.27562,30.81209
-92.2742,47.82805
-92.27406,48.14252
-92.27308,45.91884
-92.27292,48.14076
-92.27182,48.34288
-92.27174,48.33916
-92.27154,48.34504
-92.27134,48.23484
-92.27091,48.33456
-92.2704,48.34098
-92.26989,30.77043
-92.26592,48.1986
-92.26569,48.33658
-92.26352,44.48074
-92.26301,46.94705
-92.26213,48.23664
-92.26195,48.24968
-92.26191,47.94406
-92.26185,48.01916
-92.2618,46.94769
-92.26112,48.2816
-92.25952,48.19527
-92.25895,30.78281
-92.25895,48.26875
-92.25881,47.94814
-92.25843,47.89774
-92.2578,48.34542
-92.25729,48.193
-92.25724,45.92794
-92.25681,47.95275
-92.25676,48.31594
-92.25637,48.23195
-92.25608,48.2409
-92.25607,48.26346
-92.25588,47.93995
-92.25417,47.94884
-92.25151,48.2064
-92.25147,48.34283
-92.2512,48.19977
-92.25117,48.34965
-92.25046,48.26366
-92.2497,48.28996
-92.24964,48.32333
-92.24963,48.32188
-92.24931,36.01939
-92.24928,48.24574
-92.24919,48.28498
-92.24889,48.18912
-92.24847,47.9402
-92.24832,48.25115
-92.24656,48.34797
-92.24623,46.07701
-92.24424,36.24682
-92.24408,48.18788
-92.2433,48.19724
-92.24309,47.94645
-92.2426,44.86593
-92.24071,47.93045
-92.23949,48.19288
-92.23918,44.87933
-92.23905,48.31742
-92.23892,48.2583
-92.23813,48.25274
-92.23744,48.3111
-92.23672,47.88901
-92.23621,47.93564
-92.23531,38.49138
-92.23187,48.33519
-92.2314,46.9591
-92.23042,47.9257
-92.22884,48.34777
-92.22803,47.97765
-92.2246,48.28897
-92.22329,48.20544
-92.22283,48.20078
-92.22266,44.69457
-92.2222,48.30215
-92.2219,48.19878
-92.22061,43.62943
-92.22058,48.23916
-92.21936,48.30539
-92.21811,48.34419
-92.21771,36.65446
-92.21735,47.97196
-92.21719,48.31411
-92.21528,48.22382
-92.21345,35.9947
-92.2128,48.19999
-92.21272,48.20545
-92.21265,48.20928
-92.21232,48.30269
-92.21225,48.19741
-92.21194,35.99397
-92.21157,48.20686
-92.20838,48.32475
-92.20807,48.26883
-92.2075,43.63702
-92.2062,37.82945
-92.20618,39.19272
-92.20437,48.30437
-92.20322,48.20489
-92.20299,48.33969
-92.20252,47.82491
-92.20171,48.2171
-92.20145,48.34454
-92.20029,48.19849
-92.20026,48.04163
-92.20014,48.22089
-92.19994,48.23626
-92.19916,47.96443
-92.19842,48.05349
-92.19828,48.28284
-92.19814,48.3228
-92.19799,48.30676
-92.19624,48.30367
-92.19557,47.84384
-92.19401,48.21044
-92.19349,48.2779
-92.19248,48.33457
-92.19214,48.22452
-92.19123,48.218
-92.19082,47.66311
-92.18889,48.33187
-92.18825,48.29037
-92.18768,48.26022
-92.18692,36.85093
-92.18651,47.97188
-92.18621,48.28127
-92.18532,48.21345
-92.18424,46.72155
-92.18279,47.96577
-92.18263,48.33723
-92.17981,45.89293
-92.1791,43.84374
-92.17909,44.11287
-92.17896,44.11373
-92.17799,47.91575
-92.17753,48.20363
-92.17581,44.11816
-92.17477,48.35305
-92.17466,48.34861
-92.17352,48.53381
-92.17324,48.34652
-92.17143,48.52258
-92.17107,48.29881
-92.17101,48.3356
-92.17062,48.29706
-92.17011,45.00419
-92.16999,47.50579
-92.16991,48.23182
-92.16858,38.46308
-92.16773,48.32068
-92.16653,47.95113
-92.16625,45.00355
-92.1651,34.90064
-92.16495,34.9005
-92.16482,34.90033
-92.16471,34.90018
-92.1647,34.9006
-92.16458,34.90043
-92.16455,34.90075
-92.16446,34.90033
-92.16442,34.90062
-92.16435,34.90017
-92.16431,34.89975
-92.16426,34.90047
-92.1642,48.29453
-92.16416,34.90032
-92.16415,34.89953
-92.16407,34.8994
-92.16402,34.89987
-92.16399,48.23818
-92.16389,34.89972
-92.16389,34.90001
-92.16379,34.89957
-92.16376,34.89987
-92.16369,34.90011
-92.16364,34.89973
-92.16363,34.89943
-92.16357,48.35525
-92.16352,34.89958
-92.16352,34.9
-92.16343,34.89985
-92.16334,48.25052
-92.16318,34.89919
-92.16311,34.89922
-92.16299,34.89921
-92.16292,34.89924
-92.16281,34.89928
-92.16275,34.89931
-92.16259,34.89932
-92.16252,45.01045
-92.16251,34.8993
-92.16242,34.89886
-92.1623,34.89916
-92.16225,34.8991
-92.16203,48.29642
-92.16156,48.34804
-92.16148,48.54192
-92.16076,48.52369
-92.15958,48.33096
-92.1587,48.52263
-92.15849,48.52422
-92.15781,34.82471
-92.15485,48.23035
-92.15377,48.22249
-92.15345,48.34703
-92.15246,36.75459
-92.15143,48.52385
-92.15096,48.35482
-92.15095,47.32432
-92.15057,47.08228
-92.14963,48.23012
-92.14683,48.21704
-92.14649,48.21186
-92.14639,48.52379
-92.14612,44.31722
-92.14454,47.33615
-92.14268,48.22865
-92.14254,38.7587
-92.1425,45.39835
-92.14121,47.95002
-92.1407,47.99264
-92.136,48.31218
-92.13495,48.55305
-92.13373,48.55615
-92.13171,43.34853
-92.13122,43.37803
-92.13002,44.32244
-92.12905,48.31386
-92.12813,47.92288
-92.12735,47.99566
-92.12609,48.52923
-92.12569,38.78496
-92.12529,47.98981
-92.12455,48.32159
-92.12313,48.31546
-92.12157,47.98479
-92.12112,48.28182
-92.12111,48.55517
-92.11973,48.18116
-92.11823,48.17201
-92.11694,35.8737
-92.11659,35.8795
-92.11648,46.1681
-92.11621,46.53437
-92.11454,48.18507
-92.1145,48.21524
-92.11415,48.18332
-92.11291,48.22627
-92.11193,47.91895
-92.11131,37.52952
-92.11125,48.27718
-92.11086,48.54387
-92.11012,47.92922
-92.10985,48.2876
-92.10944,48.22602
-92.10932,48.26197
-92.10808,36.78789
-92.10801,47.99681
-92.10781,48.21713
-92.10735,48.01064
-92.10674,48.33302
-92.10598,48.26722
-92.1056,48.18022
-92.10508,48.2304
-92.10366,48.17795
-92.10345,48.28884
-92.10324,37.52809
-92.10278,48.28249
-92.10212,48.33329
-92.10058,37.52886
-92.10013,47.94134
-92.09973,47.98983
-92.09894,48.21688
-92.09753,34.28384
-92.09726,36.90662
-92.09628,48.2513
-92.09561,48.3513
-92.09444,37.5413
-92.09432,47.95587
-92.09417,47.91913
-92.09405,37.53084
-92.09397,48.30983
-92.09376,48.05653
-92.09373,48.32946
-92.09365,48.35216
-92.09364,48.22584
-92.09355,48.31596
-92.09295,48.04436
-92.09254,47.93746
-92.08934,47.99177
-92.08817,47.92114
-92.08777,42.86783
-92.08766,48.5422
-92.08678,47.92551
-92.08477,48.3122
-92.08402,48.16681
-92.08326,37.5441
-92.08303,48.06066
-92.08242,46.19044
-92.08229,48.17019
-92.08086,48.05522
-92.08034,48.34985
-92.08011,48.29706
-92.07946,47.94025
-92.07837,48.15643
-92.07788,48.55403
-92.07769,48.1662
-92.07768,47.99406
-92.0767,48.55243
-92.07607,48.03795
-92.07576,48.16351
-92.07559,48.27786
-92.07549,48.15989
-92.07492,48.20918
-92.07446,48.55314
-92.07434,43.67225
-92.07394,48.21353
-92.07377,48.33146
-92.07368,47.95826
-92.07333,47.98476
-92.07307,47.98479
-92.07293,47.97137
-92.07293,48.16139
-92.07282,48.27493
-92.07234,47.93694
-92.07212,47.98144
-92.07209,47.98142
-92.07165,47.99586
-92.07113,46.91703
-92.07081,48.2999
-92.07061,47.94982
-92.06962,48.21273
-92.06901,47.9883
-92.06846,48.16602
-92.06754,48.55229
-92.06753,45.60084
-92.06693,46.9309
-92.0667,47.99586
-92.06649,47.95127
-92.06639,48.55163
-92.06602,37.55299
-92.06572,48.2183
-92.0655,37.55267
-92.06354,48.56949
-92.0634,48.27073
-92.0627,47.94747
-92.0626,43.71208
-92.0619,48.57114
-92.06125,48.57575
-92.06048,48.57327
-92.06024,43.71035
-92.05981,48.20732
-92.05968,37.84606
-92.05804,43.7109
-92.05772,44.05416
-92.05705,48.20964
-92.0569,37.54954
-92.05632,48.22186
-92.05604,47.94051
-92.05516,48.22496
-92.05497,35.49944
-92.05441,48.56618
-92.05281,48.27208
-92.05267,47.95136
-92.05152,47.94387
-92.05133,47.93502
-92.05062,47.9436
-92.04962,47.97095
-92.04918,48.53938
-92.04906,48.31128
-92.04894,48.34235
-92.04853,48.54052
-92.04752,48.29347
-92.04694,48.22193
-92.04659,48.20737
-92.04583,48.22961
-92.04572,48.54462
-92.04386,48.22169
-92.04385,48.21911
-92.04362,48.28387
-92.04351,48.23083
-92.04338,48.55064
-92.04292,37.55959
-92.04271,48.5425
-92.04223,37.88883
-92.04098,48.21724
-92.04059,48.22322
-92.04007,48.55084
-92.04001,37.55651
-92.03929,48.21408
-92.03888,47.96779
-92.03856,48.54341
-92.03838,48.54494
-92.03817,43.44268
-92.03656,48.29658
-92.03542,48.55276
-92.03496,48.30014
-92.03231,48.32163
-92.03231,48.55135
-92.03192,48.55321
-92.03163,47.98912
-92.03155,48.54897
-92.03096,44.60018
-92.02907,47.99489
-92.02797,48.29684
-92.02781,45.54557
-92.02749,48.27231
-92.02684,48.29999
-92.02658,48.28651
-92.02269,48.30084
-92.01986,48.2968
-92.01974,48.03132
-92.01793,47.93979
-92.01709,48.19072
-92.01598,48.28826
-92.0157,48.25536
-92.01554,48.27432
-92.01552,48.24637
-92.01471,48.25131
-92.01416,48.05518
-92.01368,46.96371
-92.01341,48.07735
-92.01306,46.0277
-92.01142,48.31725
-92.01138,48.27705
-92.01126,46.02759
-92.0112,38.49223
-92.01056,48.18296
-92.01046,48.2416
-92.00855,48.24016
-92.00832,35.52703
-92.00779,43.55799
-92.00678,48.56439
-92.00613,48.25378
-92.00593,48.25034
-92.00481,47.95014
-92.00385,48.07374
-92.00383,30.08723
-92.00351,48.26084
-92.00225,48.25768
-92.00103,48.1936
-92.00079,48.26187
-91.99732,35.51469
-91.99727,44.25034
-91.9971,48.19614
-91.99461,48.07904
-91.99417,48.19017
-91.99409,35.51092
-91.99299,48.19351
-91.99255,35.50969
-91.99255,48.25388
-91.99122,48.08062
-91.9911,48.25863
-91.99074,48.54603
-91.99061,48.01518
-91.98924,48.5543
-91.98895,35.51022
-91.98679,48.00675
-91.98405,47.95395
-91.98109,47.95943
-91.98037,48.57362
-91.98022,40.70846
-91.97972,43.71649
-91.978,42.33084
-91.97779,47.99159
-91.9763,47.99571
-91.97398,47.94899
-91.97348,43.71744
-91.97256,48.20035
-91.97225,46.98925
-91.97129,48.22121
-91.97096,47.97003
-91.9699,48.23324
-91.96889,48.01345
-91.96858,48.02428
-91.96802,48.21308
-91.96732,47.98674
-91.96684,48.24057
-91.96674,48.20418
-91.96486,48.018
-91.96357,43.72204
-91.9619,48.55538
-91.96189,46.05699
-91.96068,48.73676
-91.95726,48.24679
-91.95655,43.00891
-91.95495,48.56481
-91.95449,48.22207
-91.95173,44.83628
-91.94997,48.05725
-91.94882,47.97098
-91.94766,44.31905
-91.94581,44.63846
-91.942,47.9668
-91.9402,48.22279
-91.93945,48.23074
-91.9388,43.74456
-91.93756,47.01432
-91.93697,46.14171
-91.93598,48.57134
-91.93506,47.97353
-91.93493,43.42186
-91.93265,43.41532
-91.93091,44.35352
-91.93042,47.97439
-91.9284,47.97751
-91.92838,48.23118
-91.92779,46.25305
-91.92542,46.05306
-91.92332,47.73907
-91.92312,45.74141
-91.92138,47.75212
-91.92058,48.23387
-91.91915,42.64847
-91.91794,42.64697
-91.91777,47.37916
-91.91616,43.40468
-91.91578,43.40193
-91.91566,48.22942
-91.9156,47.38129
-91.9146,47.38278
-91.91407,47.74028
-91.9136,48.03711
-91.91344,47.0331
-91.91262,48.04141
-91.91166,43.17322
-91.90949,42.60637
-91.90749,45.97577
-91.90655,47.74123
-91.90645,48.0357
-91.90637,48.03448
-91.90472,47.72739
-91.90355,48.02169
-91.90338,36.8093
-91.8994,41.18949
-91.89931,48.02927
-91.89749,48.0229
-91.89505,39.15314
-91.89459,48.07941
-91.89373,48.08084
-91.89287,48.0819
-91.89262,46.60891
-91.89122,39.18304
-91.89072,42.46104
-91.88914,48.08376
-91.88904,48.0509
-91.88675,47.99257
-91.88529,48.09004
-91.88517,48.04955
-91.88514,38.65259
-91.88354,47.96698
-91.88332,48.0524
-91.88235,48.10897
-91.88137,42.78023
-91.87927,47.96823
-91.87922,42.81871
-91.87776,48.00342
-91.87421,48.12011
-91.87337,39.3231
-91.87283,45.66147
-91.872,48.11651
-91.87056,39.33752
-91.87,48.21408
-91.86836,47.74331
-91.86792,48.13826
-91.86777,47.96998
-91.86682,47.97842
-91.86443,48.19996
-91.8625,48.00157
-91.86091,48.14292
-91.85992,47.96011
-91.85837,47.9985
-91.85764,47.96289
-91.85749,48.13328
-91.8571,48.13644
-91.85697,48.12573
-91.85583,48.14655
-91.85305,48.12626
-91.85129,47.74561
-91.85118,43.363
-91.84799,48.20727
-91.84784,39.33069
-91.84764,47.07346
-91.8471,47.27289
-91.84402,48.12596
-91.84074,39.5332
-91.83984,48.20869
-91.83902,48.20407
-91.83745,43.04159
-91.83669,37.79746
-91.83578,48.12434
-91.83447,47.7489
-91.83431,43.78392
-91.83344,48.1067
-91.8319,42.13393
-91.83178,42.13366
-91.83166,42.1343
-91.83161,42.13339
-91.83151,42.13395
-91.83137,42.13364
-91.83121,42.13237
-91.83109,42.13339
-91.83106,42.1329
-91.83102,48.08976
-91.83084,42.1327
-91.83074,42.133
-91.83051,42.13247
-91.83041,42.13277
-91.83011,42.13253
-91.82907,48.12089
-91.8287,48.08895
-91.82859,48.08341
-91.82812,42.13205
-91.82775,48.11779
-91.8269,42.1313
-91.82656,48.08142
-91.82611,48.10561
-91.82605,46.0949
-91.8245,47.97654
-91.82444,48.12261
-91.82153,48.11315
-91.81889,48.08273
-91.81749,42.84325
-91.81716,46.3499
-91.81516,48.20801
-91.81165,48.14434
-91.81157,38.91277
-91.81088,48.08176
-91.81029,39.46738
-91.80979,48.03739
-91.80812,47.74548
-91.80789,48.18064
-91.80665,48.18818
-91.80422,48.17657
-91.80389,48.11778
-91.80224,48.031
-91.80177,48.07624
-91.80071,48.08355
-91.79893,48.12214
-91.79822,48.06222
-91.79751,48.19918
-91.79656,48.06247
-91.79501,48.07375
-91.79462,48.07196
-91.79351,48.14825
-91.79306,48.15428
-91.7926,48.06264
-91.79241,42.39347
-91.79165,48.07016
-91.79084,48.65155
-91.78955,48.09493
-91.78934,48.09795
-91.78793,48.04101
-91.78733,47.73952
-91.78656,48.07925
-91.78579,48.07795
-91.78574,47.74517
-91.78559,48.08479
-91.78488,48.08223
-91.78434,48.09779
-91.78425,47.11142
-91.7827,48.12279
-91.78133,48.1967
-91.77639,42.9443
-91.77539,47.75486
-91.77245,48.05237
-91.77058,42.99593
-91.77032,48.05714
-91.76964,48.19921
-91.7681,45.63238
-91.7677,48.05412
-91.76753,48.06418
-91.76669,47.92829
-91.76662,48.07584
-91.76612,48.03482
-91.76526,45.91623
-91.76504,47.11396
-91.76387,41.98642
-91.7635,42.39515
-91.76348,48.1977
-91.76274,48.06632
-91.76198,44.15915
-91.76099,39.45329
-91.76045,47.78105
-91.75846,47.77186
-91.75771,48.19901
-91.75758,42.86456
-91.75628,48.09181
-91.75577,48.07978
-91.75545,48.08143
-91.75412,48.18865
-91.75353,43.81562
-91.75289,48.09215
-91.74944,48.02956
-91.74685,48.17903
-91.74536,48.04849
-91.74344,48.03117
-91.74292,48.03724
-91.74171,45.7458
-91.74032,48.20162
-91.73801,48.04983
-91.73564,48.19615
-91.73442,39.52832
-91.73284,48.00666
-91.73201,48.03558
-91.72876,48.16911
-91.72863,42.59071
-91.72769,48.19585
-91.72668,48.05449
-91.72647,48.00648
-91.72637,48.17749
-91.72465,41.73266
-91.72457,48.01609
-91.72432,48.19285
-91.72327,42.31974
-91.72182,47.96858
-91.7215,41.73079
-91.72128,48.01
-91.72004,48.16741
-91.71989,47.95667
-91.71979,48.19724
-91.71866,47.957
-91.71842,47.99758
-91.71743,48.01237
-91.71728,48.06557
-91.71721,48.1865
-91.71713,47.96124
-91.71686,38.71003
-91.71668,48.01888
-91.71644,47.96799
-91.7162,42.46731
-91.71559,39.51992
-91.71463,48.19483
-91.71446,39.51966
-91.71443,39.52072
-91.71412,48.1156
-91.71371,39.52018
-91.71238,48.1236
-91.71231,45.95161
-91.71206,48.11289
-91.71168,48.11842
-91.71155,48.06016
-91.711,48.11227
-91.7109,48.02159
-91.71075,47.99026
-91.71045,47.96406
-91.70985,47.14067
-91.70875,48.17143
-91.70856,47.96417
-91.70842,45.69718
-91.70838,45.69647
-91.70825,45.69802
-91.70812,45.6957
-91.70774,44.92166
-91.70762,48.16562
-91.70758,45.69357
-91.70719,48.02461
-91.70677,45.6929
-91.7063,45.69563
-91.70586,48.14683
-91.70539,48.15897
-91.70522,47.96512
-91.70458,48.01248
-91.70454,48.01011
-91.70447,48.04502
-91.70422,45.69218
-91.70421,45.19261
-91.70421,48.06503
-91.70408,45.69127
-91.70374,47.90331
-91.70368,48.02556
-91.70362,48.11122
-91.70355,45.69685
-91.70347,45.70017
-91.70344,45.69789
-91.7034,45.69555
-91.7034,45.70158
-91.70316,45.69073
-91.70293,45.69919
-91.70293,48.11365
-91.7021,39.52939
-91.70208,45.69472
-91.70201,45.6901
-91.70156,45.69073
-91.70144,48.03843
-91.70142,48.04148
-91.70139,45.68765
-91.70021,42.00632
-91.69972,48.04044
-91.69962,45.69045
-91.69933,48.13863
-91.69925,45.6864
-91.69918,39.53036
-91.69915,45.69808
-91.69877,47.89424
-91.69841,45.68551
-91.6981,47.89925
-91.69797,41.48272
-91.6978,48.01896
-91.69743,45.68666
-91.69727,47.9119
-91.69727,48.04162
-91.69704,45.68457
-91.69684,45.69265
-91.69581,45.69049
-91.69576,48.02231
-91.69574,48.0602
-91.69547,45.6852
-91.69536,45.71295
-91.69479,45.73201
-91.69456,45.69119
-91.69413,48.04219
-91.69413,48.05442
-91.6915,47.11262
-91.69044,38.94998
-91.69,48.04344
-91.68936,48.57571
-91.68728,48.57874
-91.68682,48.02593
-91.68601,48.11624
-91.68452,48.58656
-91.68434,48.12117
-91.6838,48.10833
-91.68307,48.10568
-91.68209,48.04606
-91.67886,48.07778
-91.67581,44.07457
-91.67468,48.07882
-91.67435,43.78359
-91.67402,48.10771
-91.67252,48.05176
-91.66908,47.97535
-91.66902,43.44175
-91.66811,47.9811
-91.66809,48.06546
-91.66749,44.5567
-91.66664,47.98989
-91.66568,39.50837
-91.66539,48.10646
-91.66493,48.07794
-91.6647,39.50692
-91.66433,47.98616
-91.6642,47.91863
-91.66349,47.5812
-91.66263,47.99101
-91.66219,39.51979
-91.66209,48.10783
-91.662,48.11047
-91.66128,48.06799
-91.66116,48.0616
-91.6605,48.07752
-91.66046,47.92171
-91.65971,42.99503
-91.65968,43.26355
-91.65948,43.76956
-91.6591,39.52292
-91.65748,47.98975
-91.65599,48.10795
-91.65526,48.05896
-91.6541,48.08314
-91.65299,48.08559
-91.65257,47.98365
-91.6525,48.10836
-91.65212,48.11349
-91.65167,39.53603
-91.65121,39.5346
-91.65093,39.53514
-91.6495,48.09014
-91.64946,48.07827
-91.64917,48.0712
-91.64853,48.10376
-91.64823,47.98753
-91.64775,48.10058
-91.6472,47.87722
-91.64413,43.55695
-91.64388,47.07609
-91.64325,48.09688
-91.6425,43.73797
-91.64246,48.08891
-91.64237,48.09388
-91.64218,47.91474
-91.64062,47.9041
-91.6383,42.59674
-91.63643,48.07572
-91.63597,48.08911
-91.63438,45.99574
-91.63404,38.60338
-91.63392,47.90492
-91.63265,48.07907
-91.63085,39.0684
-91.63013,47.89962
-91.62996,47.85568
-91.62884,47.90589
-91.62736,47.88847
-91.62692,43.77667
-91.62438,47.90599
-91.62398,48.09133
-91.62326,47.88711
-91.62234,42.95819
-91.62027,38.71406
-91.61949,47.86234
-91.61855,47.86148
-91.61816,47.92988
-91.61695,48.02175
-91.61693,48.58042
-91.61196,43.73705
-91.61171,48.00288
-91.61163,47.85866
-91.6104,48.09988
-91.61025,48.09993
-91.60987,47.85648
-91.60901,37.42267
-91.60847,47.85935
-91.60602,47.98583
-91.60414,48.00842
-91.60377,37.42027
-91.6027,47.91882
-91.60253,48.0577
-91.60231,47.85911
-91.6006,47.97778
-91.60045,48.09684
-91.60033,48.09693
-91.59913,42.67344
-91.59825,48.01606
-91.59746,48.58678
-91.59672,48.05934
-91.5967,38.3417
-91.59656,48.05943
-91.59646,47.91969
-91.5957,48.02936
-91.59439,47.92113
-91.5943,48.01641
-91.594,48.04766
-91.59395,46.67566
-91.59226,47.85781
-91.59167,48.05658
-91.59151,48.05664
-91.59113,48.05973
-91.5909,48.05978
-91.59077,47.98748
-91.59052,47.85314
-91.59045,48.04713
-91.58968,48.06246
-91.58951,48.06248
-91.58916,30.73403
-91.58902,48.10021
-91.58889,48.10024
-91.58803,47.98369
-91.58756,48.04799
-91.58731,48.08354
-91.58716,48.08362
-91.58702,48.04141
-91.58625,48.08184
-91.58608,48.08193
-91.5856,48.09072
-91.5854,48.09075
-91.58439,47.84692
-91.58421,48.07133
-91.5842,48.09472
-91.58409,48.07138
-91.58369,48.09456
-91.58348,47.86088
-91.58337,48.05436
-91.58315,48.05442
-91.58312,47.85777
-91.58291,48.1021
-91.58269,48.10229
-91.58266,48.03853
-91.58173,48.03598
-91.58168,48.59032
-91.58028,44.78658
-91.58011,39.0345
-91.58004,48.03695
-91.57915,48.05316
-91.57898,48.0532
-91.57855,43.64073
-91.57855,48.10312
-91.57841,48.05167
-91.57837,48.10317
-91.57782,48.03155
-91.57765,48.04041
-91.57765,48.04653
-91.57745,48.04661
-91.57647,43.6397
-91.57569,47.83801
-91.57524,45.97795
-91.57508,48.10034
-91.5749,48.10033
-91.5743,41.79795
-91.57427,47.82402
-91.57352,48.01918
-91.57208,47.96794
-91.57194,43.76581
-91.57163,46.25932
-91.57129,47.91467
-91.56941,47.91305
-91.56912,47.96673
-91.56808,47.82959
-91.56761,47.96525
-91.56748,48.02856
-91.56658,42.61187
-91.56533,47.83289
-91.5653,47.83855
-91.56485,47.91481
-91.56432,48.04334
-91.56421,47.83487
-91.56272,48.03367
-91.56191,48.60416
-91.56165,48.03931
-91.56129,37.37608
-91.55974,38.89555
-91.55886,37.06058
-91.55812,47.9376
-91.55807,47.84771
-91.55801,47.12523
-91.55748,48.64471
-91.5556,40.44792
-91.5556,48.03323
-91.5551,47.91821
-91.55447,47.94749
-91.55442,48.60489
-91.5541,48.04346
-91.55375,45.75376
-91.55315,47.91485
-91.55015,45.66168
-91.54997,42.22643
-91.54899,42.22695
-91.54835,42.22641
-91.54821,42.22561
-91.54815,42.22591
-91.54804,40.45673
-91.54791,42.22522
-91.54771,47.82026
-91.54748,42.22429
-91.54573,47.91995
-91.54474,47.85425
-91.54333,47.81484
-91.54271,47.85053
-91.54261,47.82848
-91.54107,42.6026
-91.54096,47.81095
-91.53975,48.01105
-91.5386,39.23881
-91.53819,47.82274
-91.53753,29.57375
-91.53566,39.23547
-91.53538,48.01646
-91.53509,40.43645
-91.53465,47.87775
-91.53393,47.63914
-91.53372,48.00898
-91.53352,48.05111
-91.53253,48.01329
-91.5324,42.49579
-91.53218,37.95962
-91.53205,47.87864
-91.53204,48.61869
-91.53161,47.81162
-91.53119,47.81467
-91.53012,47.80431
-91.52915,48.01365
-91.52896,47.92265
-91.52815,37.95815
-91.52734,45.97054
-91.52695,47.85322
-91.52607,47.97734
-91.52551,47.87995
-91.5243,47.85538
-91.52164,37.38911
-91.52046,41.55541
-91.52023,47.84383
-91.51914,47.86009
-91.51871,47.14883
-91.51803,47.84069
-91.51537,48.01739
-91.51522,47.86031
-91.51268,34.80827
-91.5126,48.0554
-91.51245,47.79908
-91.51056,38.87165
-91.50938,48.05797
-91.50937,47.93005
-91.50917,47.15171
-91.50816,44.01028
-91.50787,47.91916
-91.50708,41.90301
-91.50537,47.87984
-91.50513,37.12148
-91.50488,38.86557
-91.50312,48.06101
-91.5023,41.49168
-91.50087,47.91968
-91.50081,47.84584
-91.50055,48.00431
-91.49956,47.85183
-91.4983,47.1514
-91.49702,47.92251
-91.49643,48.04028
-91.49498,47.92365
-91.49491,47.98948
-91.49351,47.915
-91.4924,47.85608
-91.49065,48.00745
-91.49019,44.03008
-91.48963,47.92314
-91.48928,44.03011
-91.48926,44.03052
-91.48898,44.0311
-91.48891,46.00304
-91.48806,48.06148
-91.48766,37.33198
-91.4872,37.33163
-91.48655,47.92354
-91.48529,37.33438
-91.48394,44.02963
-91.48319,42.91678
-91.48286,42.91256
-91.48238,48.05863
-91.4822,47.92025
-91.48127,48.06168
-91.4803,47.92538
-91.47998,47.92004
-91.4783,47.91869
-91.47777,43.25617
-91.47705,48.01829
-91.47677,37.33421
-91.47421,42.90888
-91.474,48.04589
-91.4738,48.02031
-91.47308,48.06206
-91.47131,47.9035
-91.47073,47.90633
-91.46768,48.00854
-91.46765,47.80943
-91.46739,47.93205
-91.46578,47.91265
-91.46515,48.01011
-91.46513,47.13697
-91.46511,47.90769
-91.46477,47.90233
-91.46393,47.98161
-91.4636,47.91339
-91.46337,47.90555
-91.46241,47.1378
-91.46212,47.13667
-91.46188,48.01422
-91.46164,48.02823
-91.46075,48.06427
-91.45969,47.90968
-91.45903,38.89902
-91.4586,48.02719
-91.45837,44.29893
-91.4583,37.97782
-91.45808,47.98678
-91.45796,48.02065
-91.45791,47.89107
-91.45785,47.14251
-91.45766,48.0653
-91.4569,47.90582
-91.45654,37.97685
-91.4559,47.89421
-91.45454,47.89712
-91.45441,37.14603
-91.45375,37.14702
-91.45353,37.1474
-91.45344,47.89943
-91.45331,47.91063
-91.45271,47.91797
-91.45223,47.88537
-91.45172,48.05783
-91.44997,37.14685
-91.44973,47.88205
-91.44936,45.77509
-91.4487,48.03091
-91.44869,37.14646
-91.44868,47.89855
-91.44672,47.89901
-91.44645,47.98699
-91.44394,47.17376
-91.44375,47.90668
-91.44329,48.03194
-91.44314,48.03015
-91.44031,47.8861
-91.44006,48.03489
-91.43991,46.05049
-91.43953,45.23003
-91.4393,47.88333
-91.43893,47.90311
-91.43883,44.91597
-91.43861,48.03335
-91.43851,48.03038
-91.4376,47.15781
-91.43756,48.03113
-91.43697,47.82072
-91.43668,47.91504
-91.43566,47.23788
-91.43562,48.04652
-91.43454,31.55619
-91.43435,47.90169
-91.4338,47.82096
-91.43148,47.9018
-91.43097,37.97818
-91.43055,47.88079
-91.4301,47.89395
-91.42951,48.03257
-91.42886,47.20156
-91.42813,47.81549
-91.42813,48.03038
-91.42523,46.73814
-91.42519,48.04823
-91.42507,47.20145
-91.42486,48.04286
-91.42459,47.81919
-91.4239,47.64728
-91.42348,48.03768
-91.42267,47.91924
-91.42227,31.35005
-91.42205,47.80422
-91.42105,47.19886
-91.42096,47.19937
-91.41903,47.90141
-91.41896,47.87933
-91.41887,48.0483
-91.41808,45.22418
-91.41758,47.90235
-91.41739,47.98905
-91.41601,48.05169
-91.41576,47.91758
-91.41563,48.04837
-91.41559,30.68986
-91.41451,37.30358
-91.41438,39.62417
-91.41386,48.01007
-91.41379,48.00894
-91.4135,45.25421
-91.41304,42.14319
-91.4125,37.28918
-91.41239,48.04721
-91.41228,47.99801
-91.41093,48.04603
-91.41067,47.98529
-91.4102,48.05187
-91.40961,48.03737
-91.40926,47.90209
-91.40922,37.28025
-91.40895,48.04803
-91.40792,37.27996
-91.40775,47.9122
-91.4076,47.98912
-91.40757,37.28437
-91.40717,47.89901
-91.40578,48.04794
-91.40517,48.00652
-91.4051,38.77177
-91.40484,47.93572
-91.40466,45.22472
-91.40406,48.01035
-91.40174,48.03349
-91.40147,47.89835
-91.40138,42.12984
-91.40124,47.86834
-91.40087,47.90155
-91.40065,38.77215
-91.39995,47.18477
-91.39978,47.18267
-91.39855,48.053
-91.39837,42.85305
-91.3978,47.96988
-91.39749,47.78327
-91.39739,47.91115
-91.39675,48.04092
-91.39555,42.84896
-91.39517,47.90435
-91.39424,48.01908
-91.39393,47.94994
-91.39342,48.03543
-91.3934,48.055
-91.39328,44.94604
-91.39312,38.76404
-91.39277,38.77944
-91.39273,47.87549
-91.39253,48.03219
-91.3925,38.76905
-91.39179,38.76712
-91.39129,48.05542
-91.39116,43.94056
-91.39106,43.04194
-91.39073,48.03498
-91.39065,47.94888
-91.39059,47.94998
-91.39041,48.04027
-91.39021,47.90332
-91.3897,47.18758
-91.38955,40.38752
-91.38908,47.96134
-91.389,48.03428
-91.38897,47.97134
-91.38755,48.05601
-91.38728,48.03451
-91.38681,47.19013
-91.38559,48.03893
-91.38534,47.99524
-91.38405,37.99223
-91.38389,40.81408
-91.38358,48.04599
-91.38349,48.05995
-91.38346,47.81391
-91.38293,48.00756
-91.38265,40.38925
-91.38254,48.03737
-91.38233,47.86165
-91.38187,40.82485
-91.38117,48.03101
-91.38077,47.22225
-91.38063,38.78145
-91.38041,48.03961
-91.38036,48.03744
-91.37957,48.04272
-91.3792,47.89697
-91.37909,48.03597
-91.37809,48.00632
-91.37646,48.00311
-91.37636,47.96813
-91.3761,47.95328
-91.37606,37.98579
-91.37603,47.19813
-91.37603,47.92177
-91.3754,38.78638
-91.37507,47.97964
-91.37493,47.95533
-91.37205,47.81665
-91.37181,38.78754
-91.37178,47.92231
-91.36963,47.81806
-91.36921,48.0423
-91.36889,37.1563
-91.3682,37.15631
-91.36819,47.89422
-91.36701,37.15518
-91.36664,47.92498
-91.3665,47.23616
-91.36637,47.89286
-91.36444,47.97555
-91.36435,47.91976
-91.36402,48.03135
-91.36388,48.06496
-91.36377,38.11177
-91.36279,47.9861
-91.36111,48.03422
-91.3609,47.89377
-91.36075,48.05103
-91.36044,47.9184
-91.35896,48.04384
-91.35872,48.03564
-91.35821,47.97886
-91.35795,46.50777
-91.35786,37.16072
-91.35666,47.90801
-91.3564,47.92593
-91.35636,48.03038
-91.356,37.15179
-91.35507,48.06033
-91.35369,47.80244
-91.35317,47.98779
-91.35286,47.97567
-91.35185,48.03643
-91.35135,47.89931
-91.35125,48.03162
-91.35067,47.80362
-91.35026,47.21833
-91.35006,48.05209
-91.3497,48.03265
-91.34907,47.98883
-91.34846,36.77221
-91.34842,48.00198
-91.34799,48.03556
-91.34788,47.24482
-91.34754,42.80642
-91.34739,47.89532
-91.34717,48.73128
-91.34698,48.04664
-91.34618,47.99898
-91.34591,47.98399
-91.34573,49.27448
-91.3449,47.98139
-91.34396,47.6437
-91.34348,48.00308
-91.34298,48.04236
-91.34184,47.99984
-91.34065,48.04497
-91.34019,47.97949
-91.33988,48.04008
-91.33886,47.8999
-91.33807,48.03926
-91.33701,29.44814
-91.3367,47.80332
-91.33594,48.03221
-91.33509,48.03527
-91.33425,48.0435
-91.33021,45.2199
-91.3293,36.79413
-91.32915,48.0518
-91.32886,47.97496
-91.32707,47.90064
-91.32699,46.17801
-91.32635,48.03205
-91.32626,47.89812
-91.32229,48.03168
-91.31986,47.80794
-91.31881,48.05443
-91.31871,47.90098
-91.31726,48.03689
-91.31599,47.25049
-91.31595,47.89869
-91.31579,48.03335
-91.31572,47.89713
-91.31501,48.05483
-91.31421,35.62797
-91.31348,47.80872
-91.31144,42.61325
-91.31136,47.90979
-91.31035,48.00842
-91.30976,37.23045
-91.30865,43.03311
-91.30824,48.05986
-91.3082,48.07
-91.3074,48.01423
-91.30639,47.46123
-91.30588,47.26757
-91.30581,47.9038
-91.30574,48.058
-91.30504,47.80964
-91.3038,48.06949
-91.30373,47.98396
-91.30349,47.92266
-91.30346,47.9082
-91.30326,46.20607
-91.30318,43.63457
-91.30231,47.89613
-91.30073,47.2676
-91.30067,46.18899
-91.30009,47.90291
-91.29964,44.96958
-91.29964,47.91077
-91.29905,47.80244
-91.29782,47.90161
-91.29777,47.8978
-91.29731,47.89489
-91.29726,47.81463
-91.29703,48.0664
-91.29622,48.06825
-91.29609,47.30265
-91.29559,37.19638
-91.29489,47.92079
-91.29408,47.90179
-91.29313,47.90985
-91.29247,43.61114
-91.29233,47.90837
-91.2907,47.90131
-91.29003,47.77182
-91.2895,47.929
-91.28906,48.01407
-91.28898,47.917
-91.28862,47.31371
-91.28821,42.09593
-91.28789,47.94044
-91.28762,48.01668
-91.28707,47.91081
-91.28707,48.07464
-91.28671,47.92696
-91.28603,44.05333
-91.28601,44.05232
-91.28556,44.05321
-91.28554,44.05226
-91.28548,44.05415
-91.28516,47.93225
-91.28511,48.05577
-91.28478,43.29639
-91.28462,42.63136
-91.28459,44.05202
-91.28449,44.05388
-91.28448,44.05331
-91.28448,48.00925
-91.28439,47.9867
-91.28437,30.32057
-91.28435,48.00713
-91.28418,47.81371
-91.28367,44.0634
-91.2836,47.99682
-91.28359,46.54331
-91.28336,47.98535
-91.28309,44.05201
-91.28296,44.05453
-91.28251,44.05331
-91.2824,48.05433
-91.28206,44.05532
-91.28192,44.05342
-91.28152,44.05737
-91.28116,38.79727
-91.28115,43.60526
-91.28102,47.93552
-91.2809,47.81468
-91.28052,45.20613
-91.28027,47.90934
-91.27958,47.80378
-91.27929,45.45406
-91.27929,47.92176
-91.27924,48.0207
-91.27858,46.13979
-91.2754,47.91735
-91.275,48.07725
-91.27438,48.02074
-91.27426,47.91926
-91.27417,47.81785
-91.274,47.93277
-91.27398,43.68703
-91.27321,47.90316
-91.27309,47.97179
-91.27258,48.01138
-91.27253,48.0092
-91.27249,48.01307
-91.27221,47.31919
-91.27171,48.07345
-91.27095,47.32319
-91.26956,46.40464
-91.26943,47.93346
-91.26819,47.93825
-91.26789,48.07492
-91.26753,34.03326
-91.26735,47.92145
-91.26717,47.97123
-91.26698,34.03032
-91.26685,47.32555
-91.26616,48.02327
-91.26461,47.80808
-91.26457,48.07664
-91.26436,47.91818
-91.26379,47.93105
-91.26364,34.0319
-91.26341,47.7764
-91.26249,47.93435
-91.26205,45.20634
-91.2615,48.01956
-91.26067,46.33718
-91.26015,47.98289
-91.25998,48.01506
-91.25966,43.16615
-91.25945,48.07854
-91.25914,48.01761
-91.25732,47.97634
-91.2567,46.83591
-91.25627,47.61003
-91.25553,47.9817
-91.25455,48.06499
-91.25395,47.97812
-91.25379,48.00966
-91.2536,47.94029
-91.25354,38.77913
-91.25256,45.94296
-91.25252,48.00505
-91.25247,43.17389
-91.25142,47.80868
-91.25134,48.00027
-91.25107,48.01215
-91.25079,45.94635
-91.24992,47.98157
-91.24963,43.1585
-91.24868,47.93288
-91.24811,47.98495
-91.24803,48.08186
-91.24783,34.03183
-91.24725,45.92668
-91.24722,48.0048
-91.24683,47.29411
-91.24622,48.08073
-91.24605,38.56963
-91.2454,48.06817
-91.24516,47.97294
-91.24383,48.08458
-91.24375,48.03494
-91.24324,47.97709
-91.24169,47.74094
-91.24115,36.74957
-91.23978,47.97715
-91.23965,47.98849
-91.23777,47.98039
-91.23676,45.66755
-91.23483,48.07328
-91.23462,47.98691
-91.23403,48.08395
-91.23309,47.80402
-91.23273,43.18151
-91.2319,45.92552
-91.23081,36.74137
-91.22984,43.73422
-91.22956,47.92899
-91.2294,48.08849
-91.22844,45.93469
-91.22832,48.07257
-91.22828,43.15426
-91.22802,48.09766
-91.22774,47.94912
-91.22583,48.08999
-91.22543,43.45841
-91.2254,47.92714
-91.22354,43.46319
-91.22312,48.05821
-91.22269,48.07528
-91.22199,43.04068
-91.2216,36.73997
-91.22049,48.06548
-91.21831,47.99933
-91.21819,47.95436
-91.21756,47.98743
-91.21745,43.03964
-91.21711,38.05868
-91.21671,47.9972
-91.21603,47.9126
-91.21597,47.45743
-91.21595,48.06631
-91.21557,47.45529
-91.21533,43.17219
-91.21452,47.92862
-91.21445,48.08295
-91.21438,47.95477
-91.21405,47.79885
-91.21346,48.06555
-91.21341,43.04371
-91.21254,48.0871
-91.2123,47.91273
-91.21224,47.95484
-91.21204,48.07347
-91.21186,47.96579
-91.21163,48.00982
-91.21154,47.92613
-91.21141,48.10077
-91.20975,47.38335
-91.20971,36.72532
-91.20917,45.19944
-91.20906,48.01428
-91.20893,45.1969
-91.20884,47.94714
-91.20866,48.0798
-91.20857,48.05272
-91.20831,47.94589
-91.20799,48.06834
-91.20665,48.07981
-91.20657,48.09109
-91.2063,48.07248
-91.20613,47.32869
-91.20584,47.93934
-91.20561,47.4818
-91.20532,47.94313
-91.2053,48.6497
-91.20526,45.92722
-91.20426,47.93386
-91.20371,48.09581
-91.20353,48.10462
-91.20327,47.9364
-91.20325,48.11042
-91.20314,47.94907
-91.20196,47.48251
-91.20159,48.0564
-91.20157,38.02258
-91.20145,48.02444
-91.20097,47.91259
-91.20092,47.33452
-91.20062,48.07835
-91.20004,48.01751
-91.19958,48.07623
-91.19768,45.96386
-91.19768,47.33627
-91.19742,36.66374
-91.19712,36.66352
-91.19679,36.6476
-91.19654,38.3951
-91.19609,36.66279
-91.19586,48.10124
-91.19584,36.69023
-91.19528,48.09701
-91.19504,44.57449
-91.19502,36.66258
-91.19455,48.01765
-91.19425,47.91825
-91.19379,45.95741
-91.1929,48.0866
-91.19249,47.42425
-91.19248,48.08261
-91.19223,48.0411
-91.19201,48.09325
-91.19198,46.29393
-91.19173,48.05171
-91.19134,48.1181
-91.19027,45.95136
-91.18942,47.92904
-91.18849,48.09821
-91.18738,48.10444
-91.18727,47.9566
-91.18608,48.11641
-91.18522,47.3777
-91.18496,48.05519
-91.18473,46.64275
-91.18448,47.37622
-91.18346,48.03551
-91.18286,48.09858
-91.18263,47.37611
-91.18191,48.04703
-91.18165,45.96017
-91.18025,48.01351
-91.17868,43.16911
-91.17858,48.1104
-91.17833,48.04237
-91.17808,48.12301
-91.1777,47.93599
-91.17703,48.03699
-91.17679,45.958
-91.17672,47.97489
-91.17644,47.94951
-91.17462,37.18214
-91.17385,41.49697
-91.17327,48.09794
-91.17258,48.01753
-91.17245,47.97865
-91.17201,48.10645
-91.17181,37.81646
-91.17178,48.07643
-91.17168,45.17604
-91.17067,48.09433
-91.16994,47.80282
-91.16954,41.49851
-91.16941,47.47822
-91.16886,34.8874
-91.16817,48.10096
-91.16712,48.09589
-91.16687,33.60482
-91.16657,48.11392
-91.16545,48.09385
-91.1652,42.99432
-91.16517,48.01211
-91.16408,47.80413
-91.16363,48.0889
-91.1632,47.95253
-91.16183,47.97673
-91.16128,47.95519
-91.16058,47.95904
-91.16029,47.47345
-91.15966,48.01025
-91.15953,48.1095
-91.15913,48.0756
-91.15801,48.13686
-91.15775,45.24474
-91.1571,47.80332
-91.15656,48.01654
-91.15645,48.1011
-91.1552,48.10651
-91.15458,48.13932
-91.15305,48.09677
-91.15295,48.0945
-91.15243,47.42413
-91.15237,47.97013
-91.15032,47.96023
-91.14905,47.72739
-91.14845,48.09914
-91.14832,47.99749
-91.14799,47.73792
-91.14773,46.16734
-91.14764,48.00067
-91.14669,47.80355
-91.14659,48.12706
-91.14565,48.11077
-91.14548,48.1214
-91.14481,46.17744
-91.14283,47.79041
-91.14262,46.1763
-91.14238,47.74253
-91.14193,43.15214
-91.14039,47.78565
-91.14039,48.15397
-91.1393,42.00668
-91.13905,48.07951
-91.1377,42.11002
-91.13758,47.73954
-91.13712,47.9895
-91.13682,47.99119
-91.13661,47.64428
-91.13652,43.27447
-91.13622,47.72144
-91.13598,47.9549
-91.13519,48.15232
-91.1342,48.15538
-91.13412,46.13339
-91.13406,48.08167
-91.1337,48.15466
-91.13319,47.80096
-91.13226,47.94812
-91.13201,47.80334
-91.13169,47.80104
-91.13106,46.1325
-91.13069,47.79798
-91.13056,47.73406
-91.13056,48.07612
-91.13027,47.78691
-91.13023,47.86909
-91.12989,48.09258
-91.12982,47.99359
-91.12959,47.96585
-91.12917,48.00976
-91.12911,47.8064
-91.12869,47.47912
-91.12857,48.09269
-91.12774,48.09827
-91.12768,42.53249
-91.12747,48.1567
-91.12713,47.80268
-91.12707,48.0765
-91.12678,47.79039
-91.12664,47.95676
-91.1264,48.02492
-91.12623,47.79593
-91.12597,48.13025
-91.1258,47.78545
-91.12553,47.8067
-91.12424,47.8096
-91.12418,47.81319
-91.12289,47.85144
-91.12289,47.99112
-91.1225,47.95152
-91.12235,47.84765
-91.12015,48.01149
-91.12003,38.23081
-91.11974,38.23192
-91.11886,47.99013
-91.11875,47.60133
-91.11858,48.01434
-91.1182,48.08062
-91.11783,47.4712
-91.11781,47.86002
-91.11752,46.15507
-91.11729,48.1537
-91.11727,43.89194
-91.11726,42.91692
-91.11715,48.15671
-91.11687,47.95482
-91.11652,46.15691
-91.11649,47.47317
-91.11617,47.86222
-91.11608,47.79443
-91.11562,48.10156
-91.11538,47.8496
-91.11522,48.11624
-91.11499,47.95089
-91.11428,47.79069
-91.11405,47.95336
-91.11351,47.74001
-91.11347,47.94408
-91.11292,38.23828
-91.11288,48.11653
-91.11258,47.84688
-91.11253,48.06278
-91.11233,47.9008
-91.11127,47.47642
-91.11101,47.47598
-91.11095,47.4753
-91.11082,38.23992
-91.11049,47.92776
-91.11037,48.13321
-91.11035,42.78175
-91.11031,47.84811
-91.11025,46.20364
-91.10911,47.90401
-91.10906,48.08454
-91.10874,47.90827
-91.10823,48.11243
-91.10811,47.49427
-91.1079,47.93796
-91.10782,47.93202
-91.10781,47.48817
-91.10742,47.84603
-91.10713,47.59719
-91.10703,48.02756
-91.10696,48.09504
-91.10647,38.24143
-91.10643,42.84709
-91.10526,48.10585
-91.10467,47.9378
-91.10432,47.91131
-91.10427,47.8962
-91.10413,47.48449
-91.10406,47.90777
-91.10363,47.73497
-91.10318,46.858
-91.10316,39.54446
-91.10267,43.34928
-91.10221,47.48339
-91.10219,47.87423
-91.10215,47.90989
-91.10176,48.13631
-91.10169,38.21648
-91.10147,47.9062
-91.10054,38.21774
-91.09991,47.84106
-91.09983,47.93799
-91.09965,47.59258
-91.09952,47.96226
-91.09882,47.91096
-91.09876,48.12002
-91.09848,47.9093
-91.09829,48.08884
-91.09797,47.8784
-91.09786,47.95978
-91.09775,47.89826
-91.09756,47.47896
-91.09748,47.89554
-91.09669,47.47615
-91.09546,47.87139
-91.09517,47.87417
-91.09457,48.13377
-91.0945,38.223
-91.09386,47.90476
-91.09332,48.16026
-91.09316,47.47548
-91.0928,47.47387
-91.0919,47.73598
-91.09171,47.95972
-91.09166,48.12375
-91.09089,47.47366
-91.09069,42.8984
-91.0903,47.90412
-91.09027,47.97839
-91.08962,47.97045
-91.0895,48.08295
-91.08918,47.46455
-91.08845,47.46318
-91.08814,47.47006
-91.0874,48.16333
-91.08637,48.13626
-91.08584,47.4618
-91.08551,46.24441
-91.08483,48.14157
-91.08355,47.45898
-91.0833,48.09416
-91.08258,48.0838
-91.08233,43.33995
-91.08225,47.45302
-91.08171,47.99014
-91.08153,47.66277
-91.08132,47.94176
-91.08105,47.45062
-91.08022,46.86127
-91.07986,48.0804
-91.07964,48.08988
-91.07856,47.72993
-91.0779,47.48354
-91.07671,48.01807
-91.07551,47.99105
-91.07527,48.13867
-91.07381,48.17889
-91.07378,47.57849
-91.07332,48.15622
-91.07305,48.1467
-91.07257,48.15866
-91.07105,48.15837
-91.07049,48.15532
-91.06928,48.08773
-91.06914,39.50395
-91.06846,47.73236
-91.06666,48.00428
-91.06583,38.62821
-91.06431,48.09195
-91.06275,48.16802
-91.06257,37.94882
-91.06088,46.68513
-91.06024,48.09306
-91.05851,48.08271
-91.05643,48.00654
-91.05627,48.01507
-91.05599,41.34875
-91.05599,43.91485
-91.05485,48.10157
-91.05475,48.17304
-91.05389,48.18186
-91.05356,48.09522
-91.05291,48.07393
-91.05262,48.09727
-91.05201,48.08102
-91.05196,48.10325
-91.05194,47.51584
-91.05137,39.15157
-91.05004,48.0931
-91.04995,48.07824
-91.04902,48.00987
-91.04854,47.71616
-91.04848,37.62634
-91.04781,47.88323
-91.04748,47.71738
-91.04608,47.7089
-91.04501,47.71884
-91.04435,48.09598
-91.04431,48.07122
-91.04039,48.02159
-91.04027,47.88488
-91.03819,48.01889
-91.03767,48.06954
-91.03759,48.01528
-91.03721,47.95329
-91.03539,47.94896
-91.03531,47.47035
-91.03467,48.04722
-91.03231,47.47113
-91.03226,48.18759
-91.03073,48.06903
-91.02814,47.7453
-91.02804,47.71492
-91.02762,42.74088
-91.02735,48.17899
-91.02695,42.74045
-91.0268,42.7406
-91.02676,42.74035
-91.02663,42.74186
-91.02656,42.74044
-91.02586,42.74
-91.02577,42.73992
-91.02542,42.73992
-91.02534,42.73958
-91.02527,42.73975
-91.02491,48.11265
-91.0247,47.75012
-91.02339,48.18765
-91.02274,45.2686
-91.02264,45.26865
-91.02247,45.26835
-91.02236,45.26847
-91.02226,45.26858
-91.02218,45.26866
-91.02212,45.26874
-91.02206,45.26884
-91.02115,46.01535
-91.02076,48.03928
-91.02067,48.04292
-91.02008,48.10621
-91.01948,48.11538
-91.01902,47.86127
-91.01899,42.73773
-91.01822,48.02989
-91.01728,48.03832
-91.01706,47.85606
-91.01701,48.05659
-91.01596,37.83792
-91.01562,48.02246
-91.0156,47.85383
-91.01546,48.10938
-91.01463,47.86135
-91.01461,48.03354
-91.01302,44.70081
-91.01299,47.85188
-91.01254,48.02844
-91.01238,47.48355
-91.01231,47.8775
-91.01197,48.0239
-91.01189,47.8571
-91.01161,48.06236
-91.011,48.19677
-91.01083,48.05577
-91.00948,48.05988
-91.00895,48.06302
-91.00883,48.11558
-91.00845,48.13278
-91.00819,48.03371
-91.00742,48.08225
-91.00703,48.12887
-91.00666,48.04369
-91.00553,48.11417
-91.00376,47.86733
-91.00365,47.84966
-91.0033,48.19886
-91.00315,48.07846
-91.00257,48.04153
-91.0021,48.11404
-91.00183,47.73479
-91.0018,48.03981
-91.00133,39.43104
-91.00091,47.72403
-90.99943,47.75907
-90.99931,48.1277
-90.99924,48.12162
-90.99922,48.02407
-90.99673,48.06169
-90.99603,48.12003
-90.99509,48.13253
-90.99488,48.02731
-90.99377,48.14174
-90.99319,48.02877
-90.99251,48.05793
-90.99241,48.12213
-90.99162,47.74238
-90.9916,47.71773
-90.99087,38.29087
-90.99078,48.03517
-90.99058,48.0655
-90.99017,48.12368
-90.9895,48.0429
-90.98827,47.50684
-90.98804,48.1268
-90.98764,48.0743
-90.98684,48.16112
-90.98673,48.13429
-90.98654,39.32865
-90.9855,48.12166
-90.9855,48.13225
-90.98539,48.03525
-90.98499,48.11705
-90.98482,36.96152
-90.98477,46.92535
-90.984,48.16666
-90.98395,48.12786
-90.98364,36.96208
-90.98247,48.06833
-90.98232,48.15094
-90.98167,48.13398
-90.98151,48.1371
-90.98137,48.03537
-90.98136,48.13395
-90.98112,36.96321
-90.98103,48.05979
-90.98079,48.15994
-90.98071,48.08181
-90.97963,47.86677
-90.97865,48.1687
-90.97863,47.86384
-90.97853,48.11782
-90.97767,48.03052
-90.97667,48.13965
-90.97654,47.8724
-90.97645,48.21265
-90.97544,48.13309
-90.97535,43.62967
-90.97535,48.15435
-90.97425,47.86947
-90.97367,48.12103
-90.97297,48.16378
-90.97295,39.4225
-90.97266,48.02943
-90.97069,48.12627
-90.97042,47.53257
-90.9692,48.12401
-90.96885,48.06845
-90.96828,48.21529
-90.96821,47.8666
-90.96784,48.04183
-90.96778,48.12085
-90.96767,48.12567
-90.96752,48.02925
-90.96721,48.15725
-90.96675,47.6863
-90.96669,48.21688
-90.9661,47.86866
-90.96556,48.17378
-90.96494,43.54076
-90.96471,48.02737
-90.96453,48.12186
-90.96412,48.12697
-90.96409,48.17906
-90.96407,47.68925
-90.96389,48.21673
-90.96373,47.70212
-90.96236,48.13593
-90.96204,47.5022
-90.96117,47.87936
-90.96028,43.54637
-90.95986,48.06091
-90.95933,48.10958
-90.95726,42.70259
-90.95694,45.09068
-90.9568,48.13571
-90.95595,48.11428
-90.95532,48.13086
-90.95519,42.55822
-90.95459,48.11515
-90.95435,47.85867
-90.95419,48.13516
-90.95386,47.85619
-90.95366,47.7127
-90.95302,48.06249
-90.951,47.98328
-90.95045,44.4224
-90.95001,48.18843
-90.9493,43.53816
-90.94874,32.01776
-90.94873,47.94612
-90.94863,47.55137
-90.9486,47.85835
-90.9486,47.98698
-90.94767,36.81998
-90.94698,48.20488
-90.94682,47.86669
-90.94634,48.13612
-90.94622,48.02782
-90.94601,48.20735
-90.94567,48.05423
-90.94502,39.06924
-90.94499,47.96651
-90.94499,48.05739
-90.94447,47.97035
-90.94397,47.86779
-90.94384,48.00635
-90.94379,48.11931
-90.94357,48.20494
-90.94353,48.06885
-90.94329,47.96328
-90.94281,48.02834
-90.94244,48.20359
-90.94225,48.02283
-90.94214,41.09697
-90.9419,48.2014
-90.94179,48.05069
-90.94116,47.9837
-90.94107,47.94176
-90.94069,40.96071
-90.93977,48.20645
-90.93963,48.14358
-90.93955,48.05998
-90.93947,48.12342
-90.93922,37.7235
-90.93913,48.2049
-90.93866,37.72381
-90.93865,37.72285
-90.93856,39.03503
-90.93798,39.05477
-90.9378,48.12112
-90.93756,39.055
-90.93747,48.05736
-90.93745,37.72218
-90.93723,48.12824
-90.93718,37.72239
-90.93659,48.1198
-90.93647,33.16378
-90.93642,33.16362
-90.93641,33.16394
-90.93637,33.16405
-90.93634,33.16419
-90.93634,33.16478
-90.93633,33.16436
-90.93629,33.16449
-90.93627,33.16356
-90.93626,33.16483
-90.93625,33.1642
-90.93621,33.16398
-90.9362,33.16473
-90.93617,33.1636
-90.93615,33.1652
-90.93614,33.16387
-90.93601,39.05444
-90.936,37.72265
-90.93596,39.0446
-90.93555,46.98186
-90.93538,48.04213
-90.93512,46.97959
-90.93503,46.97841
-90.9347,47.85674
-90.93381,47.94414
-90.93363,48.16646
-90.93278,48.20876
-90.93248,39.36891
-90.93243,46.61793
-90.93148,48.03737
-90.93067,48.05989
-90.93058,47.84206
-90.93018,38.2162
-90.93016,48.13968
-90.93011,48.14498
-90.92981,48.19479
-90.92968,48.13818
-90.92932,47.93694
-90.92923,45.98919
-90.92922,48.12199
-90.92884,48.20954
-90.9288,48.11785
-90.92869,37.67159
-90.92733,47.56518
-90.92654,48.0349
-90.92628,48.19398
-90.92622,48.16508
-90.92595,39.03749
-90.9255,46.71011
-90.92497,41.43268
-90.92482,48.03728
-90.92472,37.95298
-90.9234,48.04254
-90.92317,37.9534
-90.92306,46.57912
-90.92295,48.06109
-90.92287,48.14351
-90.92274,48.05268
-90.92265,47.83566
-90.92144,41.74598
-90.92132,41.91627
-90.92024,48.22658
-90.92016,47.99301
-90.91986,48.12412
-90.9196,39.38643
-90.91936,48.06594
-90.91932,47.85349
-90.91927,48.22289
-90.91887,48.03575
-90.91712,37.94868
-90.9167,39.04438
-90.91663,47.55902
-90.91625,47.84133
-90.9162,47.85007
-90.91609,47.55775
-90.91591,39.04118
-90.91556,48.13682
-90.91552,39.04517
-90.91484,48.10166
-90.91446,39.04268
-90.91419,48.06452
-90.91417,48.22044
-90.91341,47.56577
-90.91243,48.14317
-90.91173,48.06565
-90.91164,42.32442
-90.91147,47.86834
-90.91146,48.13402
-90.91096,47.85325
-90.91093,48.21525
-90.91022,48.12266
-90.91007,48.22804
-90.91,47.94919
-90.90987,48.1002
-90.90921,47.85589
-90.90788,48.13892
-90.90778,48.12902
-90.90749,48.23225
-90.90717,48.21797
-90.90674,48.2246
-90.90627,47.87788
-90.90626,48.14591
-90.90563,47.87254
-90.90543,47.86639
-90.90542,48.12944
-90.90531,47.87381
-90.90507,47.87887
-90.90503,47.88364
-90.90499,47.86344
-90.90468,47.90947
-90.9041,47.89018
-90.90301,48.21621
-90.90293,48.12952
-90.90238,47.91268
-90.90228,47.89636
-90.90211,48.22643
-90.90193,48.22861
-90.90168,41.06932
-90.90033,48.21892
-90.89824,48.20916
-90.8977,47.88979
-90.89608,48.04161
-90.89531,48.04951
-90.89476,48.13836
-90.89443,48.0856
-90.89408,48.23806
-90.89388,47.88609
-90.89381,48.13716
-90.89348,48.14035
-90.89336,48.2053
-90.89298,37.55471
-90.89291,47.88323
-90.89122,48.20599
-90.8911,48.23615
-90.89062,47.54435
-90.89006,48.08504
-90.8877,47.87459
-90.88743,48.05192
-90.88683,48.18534
-90.88661,47.8735
-90.88615,48.23562
-90.88613,41.46877
-90.88561,47.89747
-90.88485,48.18822
-90.88449,48.04217
-90.88352,48.23195
-90.88311,48.03758
-90.88305,47.89285
-90.88236,48.19236
-90.88225,48.21941
-90.88206,48.22202
-90.88172,48.23609
-90.88171,48.20809
-90.881,48.21463
-90.88088,48.03453
-90.88023,48.20526
-90.87972,47.71826
-90.87957,48.21634
-90.87838,42.14697
-90.87673,48.23446
-90.87626,48.04605
-90.87579,48.22958
-90.87555,48.0423
-90.8755,47.91049
-90.87461,47.88425
-90.87281,47.90419
-90.87243,48.07287
-90.87162,47.91569
-90.87156,36.66537
-90.87093,37.55936
-90.87054,47.89334
-90.86994,37.55953
-90.86945,37.55944
-90.86931,48.04204
-90.86903,48.23463
-90.86891,37.55957
-90.86889,47.91015
-90.86887,48.07443
-90.86861,48.22785
-90.86855,37.55967
-90.86748,47.98672
-90.86681,37.56034
-90.86654,48.21817
-90.86638,48.23697
-90.86547,37.56158
-90.86406,37.56061
-90.86391,47.90508
-90.86364,41.91061
-90.86317,48.03644
-90.86229,48.07523
-90.8622,48.22928
-90.8611,48.21397
-90.86044,47.88739
-90.86039,47.89217
-90.86037,37.56091
-90.85983,48.23807
-90.85845,47.90821
-90.85765,48.23344
-90.85698,47.91546
-90.85512,47.89063
-90.85374,47.89119
-90.85349,37.56058
-90.85274,47.88702
-90.85203,37.56022
-90.85089,43.32022
-90.84934,48.23721
-90.84901,30.88816
-90.84818,48.05539
-90.84795,48.06013
-90.84735,48.05707
-90.84681,47.86748
-90.84679,48.1773
-90.84654,48.23881
-90.84599,37.44486
-90.84334,48.23124
-90.84209,48.17801
-90.84178,47.88642
-90.84119,38.57862
-90.84095,48.17895
-90.84092,48.2348
-90.84042,38.57872
-90.83975,48.23305
-90.83907,47.87939
-90.83731,47.87596
-90.83586,47.881
-90.8356,48.16938
-90.83456,47.60331
-90.83081,48.04901
-90.82818,37.50393
-90.82765,48.05503
-90.82736,47.99573
-90.82715,47.99254
-90.82714,48.17129
-90.82698,48.05055
-90.82659,47.88306
-90.82562,47.8869
-90.8242,47.99744
-90.82319,48.17879
-90.82212,48.17955
-90.82207,48.17171
-90.82162,47.86334
-90.82123,47.95265
-90.82054,47.95649
-90.82033,48.18169
-90.81999,44.37474
-90.8196,48.17511
-90.81956,47.85207
-90.81886,48.12845
-90.81883,48.13428
-90.81838,47.95004
-90.8176,48.17323
-90.8174,47.86424
-90.81705,47.84446
-90.8159,47.86827
-90.81565,47.95025
-90.8155,47.95758
-90.81369,47.96261
-90.81364,47.86449
-90.81364,48.04985
-90.81334,48.17841
-90.81316,47.99475
-90.81275,48.13174
-90.81208,48.06866
-90.81146,47.9497
-90.81133,47.99359
-90.81093,47.96459
-90.80955,47.95665
-90.80892,48.17686
-90.80861,43.88322
-90.80754,46.81886
-90.80744,42.65307
-90.80647,48.05498
-90.80635,48.17465
-90.80584,47.61728
-90.8051,47.61769
-90.8048,48.06714
-90.80376,47.96633
-90.80371,48.17236
-90.8029,48.13448
-90.80261,47.95438
-90.80176,47.96374
-90.80038,48.06833
-90.79872,32.08913
-90.79867,40.45401
-90.79834,48.06801
-90.79797,47.9022
-90.7973,47.95525
-90.79722,47.96137
-90.79643,47.96707
-90.79637,48.14313
-90.79605,48.13311
-90.79523,47.8859
-90.79474,47.96509
-90.79456,47.9037
-90.79452,45.64614
-90.79393,47.95796
-90.79385,47.97343
-90.79231,48.04937
-90.79209,35.03335
-90.79159,47.91162
-90.79053,48.13025
-90.78979,48.0136
-90.78978,47.93818
-90.78944,47.62532
-90.78857,48.0087
-90.78831,47.97103
-90.78786,43.92689
-90.78723,40.46228
-90.78716,47.99883
-90.78601,47.98272
-90.78548,41.7759
-90.78307,48.01625
-90.78264,48.01064
-90.78211,47.97481
-90.78178,48.03715
-90.78111,47.93739
-90.7806,47.93197
-90.77976,45.7536
-90.77965,48.02143
-90.77917,43.599
-90.77825,47.78033
-90.77783,47.73856
-90.77691,48.02239
-90.77634,47.952
-90.7758,48.0179
-90.77444,47.94739
-90.77281,45.76098
-90.77248,37.56396
-90.77244,48.01291
-90.77177,47.83452
-90.77056,47.94265
-90.76786,37.32485
-90.76633,48.01075
-90.76615,37.5491
-90.76566,37.54949
-90.7649,47.93668
-90.76312,37.54963
-90.76242,45.76846
-90.76217,48.01111
-90.76136,47.63136
-90.76128,37.32504
-90.76052,47.97316
-90.76038,47.63154
-90.7596,48.01581
-90.75792,34.55382
-90.75477,45.76945
-90.75418,48.01086
-90.75363,47.73929
-90.75222,47.77438
-90.75194,42.08117
-90.75193,37.12958
-90.75191,48.0089
-90.75168,48.01193
-90.74978,30.18885
-90.74928,37.55557
-90.74899,47.9198
-90.74602,47.93471
-90.74384,40.50719
-90.74169,47.93057
-90.74129,40.51193
-90.74127,47.93907
-90.73917,42.43214
-90.73661,47.88356
-90.73559,47.92043
-90.73516,40.51008
-90.73441,48.01313
-90.73395,47.88796
-90.73027,40.50851
-90.72941,48.07476
-90.72877,40.50806
-90.72857,48.01271
-90.72822,47.66943
-90.72693,47.89958
-90.72681,45.51375
-90.72576,47.88563
-90.72566,37.57115
-90.72462,37.56915
-90.72351,44.42694
-90.72351,48.07717
-90.72293,45.81128
-90.72073,47.98521
-90.71788,47.89729
-90.7171,48.00771
-90.71531,40.51015
-90.71437,40.50844
-90.71417,45.85183
-90.71034,40.51206
-90.71001,40.51146
-90.70912,47.92327
-90.70829,42.55177
-90.70817,47.98519
-90.70791,47.63607
-90.70561,47.89998
-90.70542,47.67879
-90.70427,38.0874
-90.7037,42.61696
-90.7026,44.42069
-90.70104,47.6822
-90.69901,42.65028
-90.69762,47.95082
-90.69686,34.71129
-90.69644,47.9519
-90.69577,38.0818
-90.69432,47.95626
-90.69168,47.96607
-90.68998,38.50512
-90.68894,38.50585
-90.68882,47.94707
-90.68839,38.50682
-90.68735,46.8146
-90.68676,47.69959
-90.68601,38.53257
-90.68568,47.95553
-90.68546,47.9602
-90.68392,48.00689
-90.68373,38.53195
-90.6834,35.80585
-90.68294,47.90028
-90.68287,38.54176
-90.68023,48.03801
-90.67963,47.70033
-90.67795,46.81959
-90.67554,47.93721
-90.67516,45.85406
-90.67472,48.96482
-90.67299,45.88018
-90.67214,38.53905
-90.67154,43.50509
-90.67102,48.04075
-90.66978,47.95133
-90.66863,46.78842
-90.66618,48.03858
-90.66597,48.0099
-90.66405,42.05483
-90.6607,47.93359
-90.65747,48.00631
-90.65632,30.38715
-90.65564,42.57769
-90.65468,48.03997
-90.65401,47.94467
-90.6518,47.94121
-90.64916,47.94203
-90.64884,48.00876
-90.64755,48.09706
-90.64698,47.98965
-90.64662,47.93814
-90.64519,47.95201
-90.64491,47.68905
-90.64327,47.99073
-90.64276,47.92821
-90.64108,47.93595
-90.64098,47.94907
-90.64078,42.52176
-90.64059,48.09645
-90.64018,48.00485
-90.63878,46.38485
-90.63852,47.86039
-90.63849,47.93336
-90.63383,45.40231
-90.63363,48.01106
-90.63311,47.99219
-90.6327,35.80552
-90.63168,48.08303
-90.63164,48.04419
-90.6316,47.87116
-90.63094,48.0424
-90.62932,47.99347
-90.62866,48.10633
-90.62778,48.09637
-90.62609,39.27775
-90.62536,47.94292
-90.62482,47.93786
-90.62425,48.00535
-90.62412,48.10955
-90.62365,39.27681
-90.62309,39.28308
-90.62186,39.28603
-90.62077,47.94473
-90.61768,44.21368
-90.61702,47.9928
-90.61699,45.2
-90.61398,48.00326
-90.6138,48.00905
-90.61176,46.16747
-90.61016,46.92083
-90.60923,48.03999
-90.60843,46.92183
-90.60796,47.69502
-90.60673,48.04576
-90.60456,44.78359
-90.60405,47.99346
-90.6036,36.98055
-90.60267,47.94828
-90.60188,48.00753
-90.59731,47.99399
-90.59605,48.01022
-90.5958,47.95152
-90.59451,48.11576
-90.59193,47.94826
-90.59122,47.9397
-90.59013,48.11928
-90.58907,47.92244
-90.58898,46.1341
-90.58766,47.99541
-90.58762,45.22393
-90.58742,45.2539
-90.58675,42.43331
-90.58654,47.94926
-90.58505,48.46039
-90.58428,47.9455
-90.58422,48.10372
-90.58397,48.10653
-90.58358,36.06373
-90.58334,48.01174
-90.58224,48.0918
-90.57802,47.99565
-90.57748,34.4997
-90.57714,48.01012
-90.57606,48.0166
-90.57461,48.04603
-90.57425,43.69794
-90.57327,38.86498
-90.57184,47.9958
-90.57143,48.09495
-90.57107,48.00548
-90.57086,48.00837
-90.56998,48.08699
-90.56945,48.02796
-90.56911,48.09614
-90.56881,48.10163
-90.56825,48.11833
-90.56757,48.01707
-90.5671,48.11458
-90.56665,49.05214
-90.56453,47.99508
-90.56431,48.11997
-90.56384,48.0974
-90.56281,45.27392
-90.56089,43.70668
-90.56017,48.00601
-90.55929,47.99512
-90.55827,47.70747
-90.55711,48.00729
-90.55541,48.02998
-90.54964,48.0011
-90.54922,47.89166
-90.54744,47.89261
-90.54611,45.26672
-90.54546,30.16603
-90.54472,48.09198
-90.54458,48.00685
-90.54352,48.06786
-90.54144,48.00583
-90.54069,48.08311
-90.54068,47.7135
-90.54053,48.03046
-90.53989,43.24434
-90.53927,48.00076
-90.53885,47.73131
-90.53855,41.71211
-90.53824,38.9697
-90.53806,38.97237
-90.53799,47.72586
-90.53773,37.24308
-90.53547,48.00187
-90.53508,41.71584
-90.53211,41.70491
-90.53197,48.09154
-90.53013,47.83205
-90.52991,43.04497
-90.52945,41.7149
-90.52859,47.71395
-90.52816,47.95798
-90.52795,37.27997
-90.52782,46.46182
-90.52726,48.00447
-90.52642,44.12536
-90.52632,45.27351
-90.52569,43.81183
-90.52421,47.95382
-90.52346,41.71845
-90.52198,47.95401
-90.52147,44.14979
-90.52039,47.71535
-90.52033,48.02796
-90.51976,47.70982
-90.51895,47.75458
-90.51865,48.02163
-90.51825,48.02512
-90.51729,47.72002
-90.51642,37.96047
-90.51112,48.02798
-90.51005,38.97477
-90.50931,47.72117
-90.50868,46.87424
-90.5082,45.28771
-90.50809,48.09676
-90.50769,48.02732
-90.50768,48.09902
-90.50714,46.39794
-90.5012,47.99994
-90.50089,48.02297
-90.50069,48.00998
-90.49876,48.01634
-90.49758,48.08081
-90.4966,48.0169
-90.49512,48.02046
-90.49438,47.71333
-90.49389,48.01007
-90.49377,48.09912
-90.49232,48.01158
-90.49156,48.00925
-90.48745,48.08553
-90.48683,47.96932
-90.4855,47.99269
-90.483,47.98
-90.48285,47.98949
-90.48172,48.07581
-90.47935,47.93738
-90.47895,48.09033
-90.47839,47.96583
-90.47709,46.39154
-90.47585,48.00711
-90.47569,47.96878
-90.47354,48.07742
-90.47066,49.04406
-90.46798,48.24293
-90.46757,36.80924
-90.46712,47.82981
-90.4664,48.07493
-90.46594,48.06786
-90.46507,48.06735
-90.46408,48.08164
-90.4614,48.06582
-90.45999,42.74052
-90.45893,49.02972
-90.45867,47.9416
-90.45858,38.95163
-90.45801,46.42209
-90.45801,48.07303
-90.45678,48.08301
-90.4554,46.14095
-90.45492,47.94523
-90.45279,47.77182
-90.45078,48.08667
-90.44983,48.10288
-90.44945,47.95959
-90.44876,41.17181
-90.44578,45.33177
-90.44521,47.88086
-90.44516,48.09477
-90.44512,45.28086
-90.44465,47.95796
-90.44429,47.87994
-90.4427,48.07015
-90.44249,49.02077
-90.44064,46.56089
-90.43989,43.19692
-90.43875,48.06986
-90.43448,42.30346
-90.4332,47.76799
-90.43185,48.09466
-90.43147,47.76915
-90.42651,47.9005
-90.42354,37.0348
-90.42079,48.07881
-90.41946,48.0959
-90.41714,34.81206
-90.41712,48.09665
-90.41567,34.8183
-90.41552,47.89339
-90.41256,47.90692
-90.41103,48.09895
-90.40974,48.07839
-90.40936,30.02092
-90.40746,42.22557
-90.40691,48.10189
-90.40531,48.07557
-90.39328,46.40869
-90.39044,38.95306
-90.38897,47.74102
-90.38532,48.08306
-90.38401,47.90714
-90.38323,42.21636
-90.38179,47.90333
-90.37419,30.56271
-90.3724,44.42926
-90.3675,47.82388
-90.36668,45.7623
-90.3656,48.04034
-90.36247,48.48813
-90.35824,37.36917
-90.35633,48.03568
-90.35345,40.18734
-90.35308,45.14264
-90.35186,40.18678
-90.34819,48.03458
-90.34517,48.08583
-90.34236,48.06934
-90.34078,48.06443
-90.33992,48.05758
-90.3377,48.07091
-90.33761,48.05948
-90.33336,48.07158
-90.33311,48.05969
-90.33068,48.08997
-90.33023,41.75123
-90.32966,48.04462
-90.32952,48.46799
-90.32665,44.9993
-90.32608,48.09032
-90.32445,48.06928
-90.32379,36.96851
-90.32327,32.51426
-90.32177,48.08926
-90.32014,43.94219
-90.32002,48.05204
-90.31899,48.04807
-90.31857,43.18992
-90.31231,44.21233
-90.31026,47.8614
-90.30407,43.7591
-90.29928,48.03535
-90.29878,48.05006
-90.29731,47.78098
-90.29723,47.86078
-90.29622,45.31161
-90.29533,48.04512
-90.29505,48.03532
-90.29489,47.7814
-90.29273,48.09118
-90.29154,48.04891
-90.29133,44.18859
-90.28998,48.07409
-90.28776,43.01328
-90.28723,38.93101
-90.28562,48.04823
-90.28199,48.07369
-90.28065,43.74573
-90.27996,48.10011
-90.279,29.98017
-90.27883,48.0442
-90.27779,48.07081
-90.27689,38.85671
-90.27633,38.85723
-90.27607,38.85637
-90.27582,38.85684
-90.27571,48.05219
-90.27496,38.85637
-90.27099,48.05317
-90.27041,48.04878
-90.26959,48.08933
-90.26842,44.15499
-90.26821,43.72966
-90.2661,47.78334
-90.26417,48.06844
-90.26311,48.08525
-90.25923,48.05498
-90.25823,48.04757
-90.25639,48.36202
-90.25371,48.047
-90.25233,44.17298
-90.25013,48.05067
-90.24999,48.07917
-90.24879,48.04567
-90.2487,48.10021
-90.24852,46.09905
-90.2461,48.36253
-90.24267,46.09587
-90.24074,48.07974
-90.24072,46.1046
-90.23962,47.79394
-90.23905,44.14045
-90.23833,47.9006
-90.23801,48.08621
-90.23546,46.07383
-90.23513,40.90833
-90.23368,46.03303
-90.23336,46.0522
-90.2329,46.07569
-90.23088,38.9458
-90.22924,46.04505
-90.22905,48.06568
-90.22811,38.94737
-90.22753,38.95016
-90.22751,46.10828
-90.22679,47.86313
-90.22554,46.03193
-90.22545,47.77666
-90.22535,38.94623
-90.22485,43.65755
-90.22451,44.18404
-90.22443,38.94962
-90.22431,48.04984
-90.2226,38.94649
-90.22243,38.94752
-90.22206,38.95027
-90.22143,44.21665
-90.22142,47.79789
-90.22008,46.04468
-90.22001,46.11237
-90.21978,43.65808
-90.21834,46.03602
-90.21788,46.06162
-90.21706,48.08834
-90.21575,48.0676
-90.21302,46.02361
-90.21116,46.08168
-90.21086,46.01911
-90.21006,48.10385
-90.2064,46.01525
-90.20603,46.02007
-90.20221,46.01805
-90.20067,48.0887
-90.20014,46.01026
-90.20008,48.08474
-90.19897,46.10572
-90.19815,46.08269
-90.19779,46.08373
-90.19729,48.06959
-90.19721,46.08335
-90.19639,48.06291
-90.196,46.08404
-90.19599,48.10611
-90.19474,46.06464
-90.19438,46.08761
-90.19191,48.09063
-90.19179,46.08018
-90.19163,38.68991
-90.18913,46.07076
-90.18884,45.31929
-90.1857,48.07057
-90.18504,46.08244
-90.1837,47.79349
-90.18069,46.09045
-90.1803,47.87198
-90.17981,46.08602
-90.17901,45.34001
-90.17852,46.08935
-90.1769,48.10808
-90.17656,46.08871
-90.17613,44.6534
-90.17592,43.91682
-90.17578,48.06762
-90.1731,42.41668
-90.17297,46.0863
-90.17205,46.0876
-90.17012,45.36321
-90.16972,48.06708
-90.16924,38.87385
-90.16435,47.79979
-90.16127,48.107
-90.16074,47.80039
-90.16015,46.14919
-90.16007,48.00334
-90.15955,48.61991
-90.15732,46.08529
-90.15585,47.80438
-90.1535,48.06698
-90.15184,46.09794
-90.14985,46.08718
-90.14947,48.10959
-90.14908,46.08022
-90.14819,46.08051
-90.14759,30.77328
-90.14625,48.04912
-90.14585,32.32885
-90.14583,32.32899
-90.14581,46.0831
-90.14564,32.32917
-90.14552,32.32924
-90.1455,32.32872
-90.14542,32.32879
-90.14533,32.32935
-90.14526,32.32882
-90.1452,32.32876
-90.14511,32.3293
-90.14506,32.32939
-90.14493,32.3288
-90.14489,32.32889
-90.14488,32.32927
-90.14488,32.32935
-90.14472,32.32886
-90.14466,32.32922
-90.14464,32.32933
-90.14457,32.32833
-90.14452,32.3289
-90.1443,32.32883
-90.1443,32.32924
-90.14416,32.3291
-90.14399,32.3286
-90.14396,32.3291
-90.14395,32.32897
-90.14388,32.32866
-90.14385,32.32857
-90.14382,32.32899
-90.14371,32.32886
-90.14368,32.32875
-90.14321,46.09279
-90.14317,44.5163
-90.14063,46.09752
-90.13873,46.07524
-90.13622,46.09403
-90.13382,46.07452
-90.13029,46.09655
-90.12961,46.09238
-90.12853,42.40617
-90.12806,46.08862
-90.1278,44.39261
-90.1259,46.09109
-90.12501,44.38279
-90.1236,47.79569
-90.12335,48.10441
-90.12163,42.6804
-90.12108,48.07769
-90.11958,46.08303
-90.11759,40.99848
-90.11719,40.87817
-90.11691,41.95796
-90.1165,38.75993
-90.11646,46.08334
-90.1144,41.95095
-90.11426,34.77453
-90.11422,47.79645
-90.1142,40.04672
-90.11333,48.06355
-90.11285,46.08723
-90.11218,46.08773
-90.11159,38.84418
-90.11146,46.08229
-90.10964,48.10279
-90.10857,48.06996
-90.10441,41.04814
-90.10376,29.8854
-90.10298,37.0227
-90.1022,48.06201
-90.09647,48.05503
-90.09571,46.07767
-90.09496,48.10236
-90.09163,48.08056
-90.09118,47.82158
-90.0905,47.82086
-90.08791,47.81641
-90.08571,46.07931
-90.08428,48.09785
-90.07832,38.68382
-90.07797,48.09568
-90.07749,48.08219
-90.07506,47.80977
-90.07377,37.04654
-90.06244,41.63954
-90.0573,48.07089
-90.05448,42.44961
-90.05381,48.06353
-90.05294,29.84122
-90.04961,41.63377
-90.04879,48.0645
-90.04863,42.44814
-90.03548,48.08497
-90.0314,46.10944
-90.02765,47.89551
-90.02535,46.078
-90.02131,46.0965
-90.01865,46.12989
-90.01685,43.94075
-90.00746,48.06426
-90.006,48.05165
-89.99955,34.94271
-89.99467,34.99323
-89.99373,46.13205
-89.99057,43.90038
-89.98952,43.89991
-89.9895,43.90086
-89.98941,43.89817
-89.98803,43.90008
-89.98798,43.90114
-89.98682,30.69468
-89.98624,43.89994
-89.98601,48.00451
-89.9858,43.89914
-89.98435,43.90075
-89.98377,47.89178
-89.98362,43.9435
-89.98353,43.93937
-89.98291,44.15721
-89.98131,43.89697
-89.98126,43.89927
-89.98028,43.89747
-89.98018,43.94573
-89.98015,43.94027
-89.97818,43.95707
-89.97805,39.2137
-89.97774,43.8892
-89.97746,39.21485
-89.97369,39.21377
-89.97366,39.21526
-89.97365,39.21342
-89.96753,34.69537
-89.96725,44.11609
-89.96393,47.84455
-89.95789,44.12181
-89.95345,44.11693
-89.95257,47.89458
-89.94693,46.13788
-89.94114,46.14075
-89.93972,43.90962
-89.93654,45.70761
-89.91843,47.96855
-89.91635,45.7136
-89.91469,47.89978
-89.91355,45.70683
-89.91305,47.92359
-89.90621,45.69711
-89.90244,45.70145
-89.90214,34.13675
-89.90094,29.86153
-89.89906,46.75652
-89.89763,40.41524
-89.89646,45.752
-89.89529,45.71379
-89.89477,40.3865
-89.89373,45.72906
-89.89251,34.1637
-89.89247,45.7252
-89.89241,40.40069
-89.89208,46.13914
-89.8892,45.70242
-89.88853,45.7194
-89.88768,45.70844
-89.88709,45.75515
-89.88539,40.41524
-89.885,34.13523
-89.88458,38.32213
-89.88396,40.40614
-89.88339,45.71473
-89.88294,47.86809
-89.88228,47.86888
-89.88027,40.40508
-89.88,45.70616
-89.8795,45.70431
-89.87949,40.38091
-89.87926,42.66169
-89.87867,45.72052
-89.87841,45.75234
-89.87836,45.71848
-89.87819,45.74441
-89.87564,45.70494
-89.87426,40.41596
-89.87163,45.70297
-89.87118,46.14973
-89.87014,45.74965
-89.8699,40.38905
-89.86966,45.69903
-89.86773,45.76244
-89.86649,40.39078
-89.86618,45.69682
-89.86564,40.3774
-89.8652,35.32851
-89.86422,40.4049
-89.86422,45.72545
-89.86034,45.71702
-89.85923,42.8103
-89.85828,41.2793
-89.85416,45.72381
-89.85188,44.74354
-89.85117,40.40381
-89.84872,40.37454
-89.84868,39.98169
-89.84818,45.71832
-89.83947,46.12382
-89.83843,46.12415
-89.83738,46.12443
-89.83625,44.73686
-89.83125,46.80409
-89.83104,46.80414
-89.82873,46.10094
-89.82791,48.00365
-89.82742,46.77071
-89.82733,46.77023
-89.82585,46.77349
-89.82377,41.33659
-89.82285,46.09338
-89.81894,46.14861
-89.81884,46.15028
-89.81506,44.00118
-89.81063,32.33101
-89.80814,43.56928
-89.80789,43.57199
-89.80641,43.56435
-89.80606,44.12546
-89.79414,42.49886
-89.79244,45.28717
-89.79064,46.79247
-89.7902,34.1268
-89.78943,38.86702
-89.78918,41.75925
-89.78174,43.61903
-89.77627,46.11
-89.77413,46.10997
-89.76991,46.10388
-89.76986,46.10516
-89.76802,46.10107
-89.76243,46.09821
-89.7576,30.24189
-89.75578,43.43723
-89.7557,43.43732
-89.75563,43.43743
-89.7556,43.43752
-89.75191,46.04592
-89.7485,43.20931
-89.74766,46.14887
-89.74704,45.18513
-89.74651,46.15206
-89.74368,46.0538
-89.74019,45.47493
-89.73922,34.339
-89.73834,46.02675
-89.73297,46.06872
-89.73189,43.42936
-89.72842,43.29977
-89.72582,29.51491
-89.72272,46.08069
-89.72129,46.08617
-89.71945,46.18406
-89.71361,29.49845
-89.71317,43.40957
-89.7075,30.30213
-89.70721,46.06576
-89.70624,46.17608
-89.70609,46.06401
-89.69543,34.42573
-89.69482,34.4289
-89.69479,34.42437
-89.69249,47.95564
-89.69106,46.11216
-89.68545,40.71
-89.6826,46.12479
-89.68222,46.04307
-89.68062,46.04466
-89.67968,46.04657
-89.677,46.05253
-89.67612,46.12463
-89.67502,46.04998
-89.67122,46.12414
-89.67039,46.06142
-89.66895,38.85127
-89.66381,38.85134
-89.65854,43.12428
-89.65647,42.05496
-89.65552,41.7542
-89.64862,36.18954
-89.63882,39.2749
-89.63793,46.03257
-89.63426,42.78851
-89.63043,46.04523
-89.62699,42.6023
-89.6264,46.03605
-89.62505,46.55017
-89.61944,46.03589
-89.61863,45.86227
-89.61605,45.86453
-89.61391,45.86854
-89.61239,39.19504
-89.61238,45.87128
-89.61125,43.22241
-89.61113,46.06855
-89.60998,46.0694
-89.60931,39.19404
-89.60885,40.64423
-89.60706,45.93582
-89.60699,37.07517
-89.60682,43.36112
-89.60554,46.07405
-89.6055,39.19344
-89.60372,46.07464
-89.6033,43.80577
-89.60328,45.92734
-89.60275,46.07041
-89.60154,43.80639
-89.6015,46.06106
-89.60068,46.11916
-89.60034,43.80851
-89.59822,46.06295
-89.59794,46.06581
-89.59783,43.80513
-89.59766,43.80432
-89.59763,46.05234
-89.59755,45.92945
-89.59722,39.22327
-89.59701,48.61606
-89.59663,48.3937
-89.59612,45.94053
-89.59607,46.11912
-89.59403,45.92251
-89.59399,46.11947
-89.59297,46.07796
-89.59039,46.04822
-89.58622,46.11834
-89.58599,46.09524
-89.58503,45.32926
-89.58434,34.49353
-89.58371,46.09382
-89.58264,46.13753
-89.57907,33.03781
-89.57759,46.13879
-89.57528,46.13965
-89.57088,46.14075
-89.56223,46.12542
-89.56094,46.15568
-89.56042,45.76118
-89.55899,46.15611
-89.55832,38.98932
-89.55644,46.15726
-89.55102,46.10037
-89.54968,46.14996
-89.54865,46.14927
-89.54829,43.96481
-89.54745,36.88667
-89.54713,45.44419
-89.54036,45.81008
-89.5353,46.15605
-89.53491,43.28667
-89.53395,46.15797
-89.52586,45.8567
-89.52079,44.0202
-89.51985,45.92601
-89.51946,37.83425
-89.51928,38.76126
-89.51464,46.08337
-89.51459,44.55904
-89.51053,46.211
-89.50981,46.20005
-89.50727,44.32634
-89.50637,46.19558
-89.50566,46.20412
-89.50352,44.5789
-89.50049,46.0156
-89.49872,46.06853
-89.49796,44.58063
-89.49723,37.47148
-89.49684,46.2079
-89.49554,46.06787
-89.49536,44.06995
-89.49531,46.01987
-89.48608,42.37405
-89.48387,46.01761
-89.47063,39.1799
-89.4684,43.11113
-89.46315,37.45444
-89.45968,34.52804
-89.45941,30.91736
-89.45494,30.91245
-89.45399,29.3561
-89.45089,45.88403
-89.43758,48.27111
-89.43593,38.00787
-89.43358,38.00784
-89.42723,38.01827
-89.42468,45.7159
-89.42445,45.71626
-89.42398,45.71681
-89.42372,38.01043
-89.42277,37.51503
-89.42271,45.71656
-89.42199,35.47559
-89.41959,45.89265
-89.41636,39.05757
-89.41266,45.89196
-89.41226,45.89417
-89.41203,41.89701
-89.41095,37.68463
-89.40711,38.01666
-89.40489,30.26994
-89.3996,38.03216
-89.38983,37.78563
-89.38476,41.95565
-89.38318,37.77949
-89.37781,37.78519
-89.37727,43.67749
-89.36274,43.81833
-89.35857,37.48517
-89.35636,38.2849
-89.35293,38.28165
-89.35212,34.43688
-89.34415,44.60292
-89.3387,34.73103
-89.33257,44.47359
-89.33039,42.03333
-89.32928,44.46728
-89.32795,42.03431
-89.32239,42.03323
-89.31851,43.18558
-89.31648,37.13752
-89.30399,43.01152
-89.30068,38.87767
-89.29719,38.90714
-89.2742,31.25968
-89.24813,31.14595
-89.24812,31.14637
-89.2481,31.14664
-89.24807,31.14573
-89.24804,31.14686
-89.24803,31.14656
-89.24802,31.14556
-89.24802,31.14666
-89.248,31.14579
-89.24795,31.14561
-89.24795,31.14701
-89.24792,31.14536
-89.24786,31.14696
-89.24785,31.14538
-89.24784,31.14523
-89.24783,31.14647
-89.24779,31.14701
-89.24778,31.14598
-89.24773,31.14523
-89.24771,31.14509
-89.24771,31.14604
-89.24762,31.1458
-89.24758,31.14513
-89.24755,31.14506
-89.24754,31.14583
-89.24754,31.14694
-89.24752,31.14564
-89.24742,31.14562
-89.24742,31.14679
-89.2474,31.14546
-89.24737,31.14509
-89.24736,31.14529
-89.24732,31.14545
-89.24728,31.14526
-89.24701,31.14414
-89.24701,31.14426
-89.24692,31.14394
-89.24688,31.14437
-89.24678,31.14387
-89.2467,31.14303
-89.24667,31.14423
-89.24658,31.14676
-89.24642,31.14432
-89.2464,31.14899
-89.24639,31.14929
-89.24638,31.14287
-89.24636,31.14457
-89.24631,31.14938
-89.24628,31.14905
-89.24624,31.1468
-89.24623,31.14313
-89.24623,31.1467
-89.24623,31.14945
-89.24619,31.14461
-89.24618,31.14303
-89.24618,31.14914
-89.24617,31.14438
-89.24616,31.14471
-89.24615,31.14953
-89.24609,31.14318
-89.24609,31.14678
-89.24609,31.14899
-89.24607,31.14337
-89.24607,31.14923
-89.24602,31.14702
-89.24599,31.14487
-89.24599,31.14905
-89.24597,31.14933
-89.24596,31.14341
-89.24596,31.14358
-89.24595,31.14696
-89.24594,31.14714
-89.24591,31.14909
-89.24589,31.14373
-89.24586,31.14712
-89.24582,31.14361
-89.24582,31.14468
-89.24582,31.14498
-89.24582,31.14916
-89.2458,31.14404
-89.2458,31.14734
-89.24579,31.14423
-89.24575,31.14379
-89.2457,31.14496
-89.24569,31.14748
-89.24567,31.14487
-89.24553,31.14764
-89.24552,31.144
-89.24544,31.14994
-89.24542,31.14775
-89.24532,31.15004
-89.24529,31.14964
-89.24526,31.14979
-89.24522,31.14948
-89.24521,31.14794
-89.2452,31.15004
-89.24519,31.1496
-89.24517,31.14785
-89.24517,31.15013
-89.24514,31.14935
-89.2451,31.14941
-89.24509,31.1479
-89.24503,31.14914
-89.245,31.14809
-89.24496,31.14923
-89.24492,31.15002
-89.24481,31.14974
-89.24475,31.14821
-89.24472,31.14926
-89.24471,31.1492
-89.24471,31.14951
-89.24462,31.14828
-89.24445,31.14836
-89.24431,31.14845
-89.24412,31.14853
-89.24405,31.14076
-89.24405,31.14181
-89.24403,31.14177
-89.24401,31.14172
-89.244,31.1485
-89.24398,31.14079
-89.24398,31.14167
-89.24396,31.14839
-89.24395,31.14163
-89.24394,31.14158
-89.24392,31.14154
-89.24389,31.14083
-89.24389,31.14149
-89.24388,31.14145
-89.24386,31.14137
-89.24384,31.14129
-89.24383,31.14124
-89.24382,31.14119
-89.24381,31.14113
-89.24379,31.14107
-89.24377,31.14101
-89.24376,31.14095
-89.24372,31.14087
-89.24369,31.1408
-89.24157,42.46716
-89.23811,42.46821
-89.21805,32.0195
-89.21703,47.88267
-89.21659,44.32345
-89.19485,37.58934
-89.18259,47.84851
-89.18075,37.59783
-89.17611,47.93472
-89.17545,42.44249
-89.17311,47.90579
-89.16255,42.03478
-89.15871,32.72946
-89.15599,37.64156
-89.15586,47.91631
-89.15282,44.15223
-89.15224,44.15461
-89.15204,44.15328
-89.15131,46.13634
-89.15122,44.34567
-89.15036,44.15048
-89.15025,37.64076
-89.15023,44.15365
-89.1494,44.15016
-89.14937,44.15249
-89.14879,44.15178
-89.1474,33.27512
-89.14359,44.15143
-89.14179,44.15061
-89.14132,44.15149
-89.14014,44.14873
-89.13986,44.15023
-89.13408,42.03676
-89.12567,30.58193
-89.12018,39.17516
-89.11656,31.0512
-89.11532,44.51705
-89.11224,44.08347
-89.10926,45.81587
-89.10836,37.64539
-89.10419,30.38333
-89.09638,39.0688
-89.09022,45.32136
-89.08538,36.4029
-89.08341,37.59357
-89.05946,45.93737
-89.05227,46.31275
-89.04448,42.43694
-89.04318,45.87792
-89.04082,47.93024
-89.0248,30.40187
-89.02204,31.79373
-89.01674,41.30185
-89.01211,35.0314
-89.01208,35.03139
-89.01158,38.06617
-89.01114,38.06939
-89.0102,38.0663
-89.00965,46.00895
-89.00964,38.05733
-89.00842,38.05824
-89.00739,38.06693
-89.0071,38.06733
-89.00683,38.05921
-89.00262,38.06033
-89.00098,38.0687
-89.0009,40.5409
-89.00018,38.05532
-89.00016,38.06806
-88.99909,38.06743
-88.99806,47.88972
-88.99718,38.07487
-88.99628,38.06739
-88.99381,47.98119
-88.99015,45.68697
-88.98874,41.25418
-88.98813,45.93786
-88.98382,45.37702
-88.98214,37.53203
-88.98086,45.37725
-88.98057,45.92445
-88.98025,45.99304
-88.9774,30.45837
-88.97428,37.29611
-88.97308,30.4582
-88.97021,45.36816
-88.9694,45.36905
-88.96861,45.36713
-88.96848,45.36857
-88.96842,45.36946
-88.9682,45.36772
-88.96769,45.36738
-88.96768,45.37018
-88.96642,45.37047
-88.96584,38.31253
-88.96458,45.37044
-88.96251,45.90249
-88.96165,45.36984
-88.95644,45.36918
-88.95531,45.3653
-88.95443,34.79515
-88.95405,45.3646
-88.9538,45.37103
-88.9534,45.36707
-88.95266,43.3261
-88.95256,45.36942
-88.95244,39.78625
-88.95243,45.36474
-88.95168,45.36808
-88.95131,45.36723
-88.95028,45.36909
-88.94949,45.36837
-88.94944,45.28242
-88.94715,46.50434
-88.9422,30.4049
-88.9422,38.0332
-88.94111,38.1095
-88.94049,38.11269
-88.94026,33.91146
-88.93988,47.93399
-88.93911,38.11445
-88.93786,38.11384
-88.93688,38.03703
-88.93637,33.98465
-88.93613,38.03771
-88.93433,38.03686
-88.93432,38.03532
-88.93087,38.08004
-88.93075,38.0826
-88.93065,38.0786
-88.92998,38.0826
-88.92842,38.12213
-88.92702,48.02016
-88.92308,30.53798
-88.91671,40.64954
-88.91631,37.48983
-88.91396,38.07064
-88.91359,43.04736
-88.89901,45.52161
-88.88689,48.31759
-88.88294,46.17115
-88.88203,43.49812
-88.87648,39.85672
-88.87475,48.36076
-88.87474,48.36098
-88.86973,44.80794
-88.8631,39.77987
-88.86062,45.92997
-88.85849,46.88912
-88.85661,42.9585
-88.85608,46.85683
-88.85234,30.464
-88.85063,48.02104
-88.82274,37.48069
-88.82153,48.05156
-88.82054,32.22882
-88.81008,37.48609
-88.80705,47.98539
-88.79687,46.02807
-88.79591,30.39735
-88.77358,39.44593
-88.7734,42.78234
-88.77135,48.49335
-88.76895,35.38764
-88.76265,37.54198
-88.7614,30.87269
-88.75999,39.43434
-88.75912,39.45376
-88.75893,37.51375
-88.75644,37.51416
-88.75556,37.51441
-88.75538,37.51464
-88.755,37.51771
-88.75498,37.51243
-88.75463,37.51415
-88.75442,37.51567
-88.75408,37.51324
-88.75288,37.51844
-88.75224,37.5132
-88.75172,37.51835
-88.75142,37.5164
-88.7503,37.51617
-88.75019,37.51763
-88.74573,39.40905
-88.74217,30.84339
-88.73976,48.00876
-88.73834,39.45522
-88.73305,33.46674
-88.73177,45.36941
-88.73002,35.06044
-88.72638,40.40291
-88.72621,40.40773
-88.72506,48.06398
-88.72278,35.0659
-88.72261,46.39331
-88.72241,31.65454
-88.72193,48.03412
-88.71861,33.4615
-88.71858,46.23257
-88.71412,45.44178
-88.71206,45.92392
-88.71157,34.33184
-88.7113,48.00692
-88.71111,39.50208
-88.70925,48.52432
-88.70893,48.08799
-88.70556,41.32013
-88.70143,48.04379
-88.69619,43.41278
-88.69614,48.07417
-88.6882,37.48285
-88.68782,39.47839
-88.6875,48.05139
-88.68566,48.11012
-88.67557,42.41188
-88.67041,37.48216
-88.66835,37.4805
-88.6675,45.26593
-88.66723,45.26825
-88.6668,45.26574
-88.66553,37.38517
-88.66538,45.26607
-88.66513,37.38234
-88.66471,45.26904
-88.66465,45.26665
-88.65702,37.40922
-88.65683,37.52321
-88.65657,46.56993
-88.65195,30.95871
-88.65185,48.12458
-88.65027,48.0294
-88.64566,45.26858
-88.64347,32.4273
-88.64295,39.14088
-88.642,37.5415
-88.63876,41.34741
-88.63319,46.24162
-88.63285,45.13828
-88.61901,42.81904
-88.61894,39.55355
-88.61863,47.13348
-88.60837,47.2383
-88.60703,32.30904
-88.60382,42.40065
-88.58535,48.15237
-88.58459,37.52657
-88.58265,37.52568
-88.58214,43.46992
-88.57252,46.61165
-88.57207,48.09466
-88.56984,38.54222
-88.56556,43.97156
-88.56516,43.98452
-88.56499,43.98689
-88.56416,40.06307
-88.5623,43.97018
-88.56136,45.30586
-88.56118,43.97512
-88.56056,43.96954
-88.55679,48.14512
-88.55653,45.88489
-88.54651,37.08494
-88.54422,45.77243
-88.54393,43.21128
-88.54205,41.59423
-88.53521,42.35622
-88.53033,44.82725
-88.52988,48.12399
-88.52963,45.51351
-88.52737,32.31989
-88.52229,48.15043
-88.51019,30.39433
-88.50733,45.70509
-88.50176,45.70145
-88.49489,45.93181
-88.48928,48.14549
-88.48567,45.342
-88.47792,48.1693
-88.47199,46.78307
-88.46554,45.15703
-88.46478,42.92326
-88.46337,41.64686
-88.44514,45.13344
-88.43746,46.78481
-88.43669,30.63476
-88.43553,33.50398
-88.43272,42.57444
-88.43007,48.18459
-88.42769,42.56963
-88.42561,42.57126
-88.40049,46.85081
-88.39592,42.11801
-88.39288,37.69202
-88.38686,42.8641
-88.38319,37.59231
-88.37964,37.69504
-88.37959,39.18482
-88.37925,37.60226
-88.37747,43.06432
-88.37613,43.0563
-88.37506,43.05594
-88.37503,47.30193
-88.36928,48.91103
-88.36895,48.941
-88.36048,42.84532
-88.3442,45.52094
-88.34307,41.92776
-88.3339,42.49138
-88.33361,37.60072
-88.33352,46.10272
-88.33014,34.82271
-88.32786,34.56804
-88.32647,44.10236
-88.32641,44.10678
-88.32478,46.32524
-88.32303,44.11482
-88.32163,44.10774
-88.31515,45.38615
-88.30501,43.32069
-88.30485,43.32033
-88.30455,43.32096
-88.30158,33.23557
-88.29774,44.15102
-88.29742,34.90471
-88.29704,45.17308
-88.2967,45.17297
-88.29631,45.17297
-88.26818,37.61484
-88.26558,33.08327
-88.25627,49.00808
-88.25247,30.59039
-88.23426,43.48962
-88.23342,37.45826
-88.22828,35.05811
-88.22718,35.0577
-88.22658,35.05752
-88.22637,35.05617
-88.22628,35.05631
-88.20755,42.23632
-88.20607,34.49312
-88.20077,37.46191
-88.20052,36.98864
-88.19971,45.34867
-88.19955,43.62849
-88.19147,43.50107
-88.18209,41.84073
-88.17802,43.58117
-88.17731,42.23723
-88.17642,43.15611
-88.17456,43.16087
-88.17368,42.50853
-88.17362,42.50871
-88.1733,42.50749
-88.17324,42.50429
-88.17319,42.50508
-88.1724,42.50786
-88.17223,42.50446
-88.17179,42.50772
-88.1715,42.50818
-88.17125,42.50712
-88.17091,42.50785
-88.17051,42.50736
-88.16996,42.50715
-88.16981,42.50515
-88.16957,42.50704
-88.16956,42.50576
-88.16946,42.50417
-88.16939,42.50672
-88.16886,42.50771
-88.16885,42.50546
-88.16868,42.50517
-88.16852,42.50716
-88.16839,42.50487
-88.16821,43.69224
-88.16793,42.50616
-88.16784,42.50665
-88.16771,43.69167
-88.16741,43.69182
-88.16712,43.69119
-88.16707,43.69108
-88.16699,43.69059
-88.16691,43.6912
-88.16637,43.6905
-88.16614,42.50422
-88.16585,43.69439
-88.16526,43.69487
-88.16521,43.69288
-88.16512,43.69789
-88.16507,43.6955
-88.16497,43.69352
-88.16494,43.697
-88.16489,43.69393
-88.16488,43.69407
-88.1648,37.46693
-88.1648,43.69445
-88.16479,43.69761
-88.16478,43.69665
-88.16436,43.69772
-88.16185,43.63989
-88.16039,36.92752
-88.16031,49.00353
-88.15869,37.47278
-88.15865,37.47183
-88.15744,30.42779
-88.15528,46.1766
-88.1548,37.47222
-88.15456,37.47044
-88.15308,36.97755
-88.14955,31.75562
-88.14267,39.40173
-88.12529,30.47107
-88.10647,36.77448
-88.10123,43.73642
-88.0968,43.70216
-88.09502,37.46582
-88.09308,41.73343
-88.09292,41.7289
-88.09288,41.73303
-88.09238,41.7346
-88.09227,41.73065
-88.09158,41.72843
-88.09123,41.73386
-88.09075,41.73422
-88.09005,37.46682
-88.08989,41.73394
-88.08879,41.73376
-88.08225,38.76103
-88.08098,45.86307
-88.06966,44.46084
-88.06267,42.14234
-88.05984,46.18677
-88.05568,45.88258
-88.0534,36.96049
-88.0471,30.82168
-88.03988,36.48473
-88.03986,31.55754
-88.03966,36.48639
-88.03963,31.55981
-88.03958,36.48325
-88.03939,39.70025
-88.03879,39.69721
-88.03872,42.39506
-88.03862,36.48759
-88.03849,36.48532
-88.03828,36.4838
-88.037,36.48454
-88.03618,39.7014
-88.03554,36.49037
-88.03083,31.55836
-88.02865,31.41678
-88.01179,46.53244
-88.00912,43.02382
-87.98551,45.95714
-87.98486,43.85571
-87.98421,45.96102
-87.98416,45.95936
-87.98345,43.85723
-87.98307,43.85616
-87.96795,34.38489
-87.96165,41.18915
-87.9533,43.69382
-87.95072,42.45437
-87.95052,34.83345
-87.95037,42.45234
-87.95016,42.4527
-87.95011,42.45139
-87.95005,42.45396
-87.94986,42.45163
-87.94982,42.45366
-87.94968,42.45277
-87.94962,42.452
-87.94943,42.45441
-87.94927,42.45291
-87.94909,42.45144
-87.94903,42.45389
-87.94858,42.45426
-87.94841,34.12226
-87.948,42.45426
-87.94595,31.01967
-87.94019,43.53924
-87.93255,43.92444
-87.93224,43.93064
-87.93152,42.49369
-87.92281,41.15956
-87.91607,31.51632
-87.91584,34.42066
-87.91549,31.04391
-87.90814,31.01191
-87.89846,34.77286
-87.89736,42.15032
-87.8938,30.86359
-87.89346,31.16799
-87.89184,42.07438
-87.89123,31.08983
-87.87776,47.46585
-87.86517,46.07313
-87.8527,36.02513
-87.84487,42.67595
-87.83597,38.3511
-87.83596,38.3501
-87.81065,47.45835
-87.79784,44.63617
-87.79718,44.63586
-87.79319,43.72703
-87.79116,35.88071
-87.77983,43.72701
-87.76648,45.11202
-87.76576,43.72414
-87.76415,43.72792
-87.75221,45.06101
-87.7465,46.18741
-87.7403,40.13234
-87.73657,40.13607
-87.72984,45.82551
-87.72852,43.65542
-87.72656,46.81312
-87.72594,46.814
-87.72516,43.66003
-87.71919,39.34266
-87.71508,39.34017
-87.67859,46.50432
-87.64818,30.26024
-87.62419,30.6258
-87.62379,34.81043
-87.61021,30.61739
-87.60558,30.62504
-87.60332,30.2739
-87.60035,33.22277
-87.59754,33.22376
-87.59305,30.62346
-87.57629,46.66864
-87.56515,44.14485
-87.56236,41.6053
-87.54881,35.33696
-87.5262,33.14744
-87.51717,33.14394
-87.50873,44.21784
-87.49527,32.9857
-87.49261,46.6267
-87.49194,46.62608
-87.49121,46.62569
-87.48965,46.62309
-87.46924,34.3231
-87.46865,34.32156
-87.46696,34.32107
-87.46614,34.33664
-87.46577,34.33769
-87.46559,34.31942
-87.46543,34.31606
-87.46539,34.31493
-87.46301,34.31373
-87.46187,34.32527
-87.45696,34.31599
-87.45225,34.31574
-87.45191,34.31433
-87.45052,34.3183
-87.44551,34.3143
-87.44489,32.88565
-87.44015,32.88431
-87.43729,34.30723
-87.43581,38.87592
-87.4358,34.31362
-87.43495,34.28224
-87.42751,34.29864
-87.4271,34.30033
-87.41981,34.30026
-87.41927,34.3637
-87.41668,33.26972
-87.41476,44.86623
-87.41382,34.29875
-87.41356,46.5098
-87.41341,44.86342
-87.41292,44.86285
-87.4102,44.85332
-87.40682,34.29729
-87.40334,34.32404
-87.40099,34.30029
-87.39943,34.28786
-87.39912,34.28668
-87.39789,34.31811
-87.39693,34.30796
-87.39636,34.29548
-87.39633,39.10516
-87.39533,34.29828
-87.39437,34.29739
-87.3943,34.31028
-87.39402,34.31155
-87.3938,34.31204
-87.39369,34.29581
-87.39367,34.29589
-87.37824,33.02317
-87.37079,39.33614
-87.37072,39.33547
-87.37069,39.33501
-87.36365,39.34358
-87.36188,35.26003
-87.35581,35.25335
-87.35,34.34
-87.34837,35.24838
-87.3478,31.47084
-87.34443,39.48776
-87.33413,37.30035
-87.33272,33.14082
-87.32772,46.29083
-87.30814,30.51078
-87.27426,36.07546
-87.27024,34.29709
-87.26575,36.10194
-87.26469,49.46896
-87.26338,30.31999
-87.26335,30.32015
-87.26332,30.32026
-87.26216,35.72193
-87.23263,45.15961
-87.22484,45.17239
-87.22401,45.16871
-87.21897,45.16397
-87.21416,39.87967
-87.213,45.16497
-87.20542,39.88387
-87.20247,33.28308
-87.18757,32.81935
-87.15256,33.19147
-87.14513,37.48608
-87.14239,30.36907
-87.13555,30.33493
-87.09902,39.94826
-87.09684,39.946
-87.09655,39.94518
-87.07872,39.73347
-87.07606,39.9292
-87.07155,39.73634
-87.06863,33.25078
-87.06798,33.25105
-87.06532,33.25256
-87.05478,41.53336
-87.03138,48.68206
-87.02838,48.63005
-87.01826,48.66658
-87.00086,48.69128
-86.9968,48.67612
-86.99553,48.67624
-86.99341,38.10949
-86.99279,38.10722
-86.99215,38.10488
-86.99091,48.63311
-86.9907,32.60289
-86.99009,38.10629
-86.98993,32.59931
-86.98877,32.59773
-86.97218,48.62673
-86.97169,48.6664
-86.94992,45.87007
-86.92866,36.15343
-86.92304,33.63743
-86.92282,40.9344
-86.91531,31.52741
-86.90763,30.55335
-86.8949,30.77339
-86.88433,30.46106
-86.88278,38.31782
-86.88269,30.61448
-86.88258,35.37107
-86.88235,39.48465
-86.88003,39.48395
-86.87837,30.7119
-86.87764,35.64509
-86.8639,30.64948
-86.85731,39.39955
-86.85188,30.86152
-86.85174,30.86176
-86.84646,39.32132
-86.83442,30.86192
-86.83416,30.86194
-86.82808,45.40751
-86.82057,40.50921
-86.81409,45.40745
-86.81209,45.40721
-86.811,30.84231
-86.80562,45.4072
-86.80547,45.40921
-86.80537,45.40814
-86.79367,46.27138
-86.79338,46.26924
-86.79284,46.2706
-86.79141,46.27068
-86.79091,46.26866
-86.79071,46.27229
-86.79019,46.26995
-86.78875,46.27198
-86.78721,37.90789
-86.77283,33.39088
-86.76655,32.81075
-86.76445,30.65821
-86.75692,30.41318
-86.74185,30.87574
-86.73871,33.33535
-86.73087,40.88801
-86.73082,40.88621
-86.73041,40.88891
-86.73032,40.8869
-86.73017,40.88595
-86.72998,40.88538
-86.72996,40.88834
-86.72967,40.89014
-86.7293,40.88791
-86.7292,40.8848
-86.7292,40.88678
-86.72876,40.88595
-86.72821,40.89067
-86.72792,40.8854
-86.72648,40.88596
-86.7252,46.31182
-86.72421,39.30549
-86.7242,40.88686
-86.72409,39.30507
-86.72367,33.33177
-86.72341,39.30504
-86.72337,39.30551
-86.71919,33.34404
-86.7172,46.43782
-86.70963,36.37356
-86.68636,38.39687
-86.68498,38.39865
-86.68449,38.39635
-86.68373,38.39991
-86.68261,38.39766
-86.68236,38.40471
-86.68093,38.39601
-86.68036,38.39577
-86.67299,31.89632
-86.66724,46.55602
-86.65525,38.06082
-86.65444,46.47191
-86.65353,38.40558
-86.6533,46.55937
-86.64423,38.37876
-86.64278,38.1336
-86.64262,38.13531
-86.63697,38.13553
-86.63627,38.13412
-86.63427,38.13395
-86.63085,46.47745
-86.62874,46.47739
-86.61243,32.5213
-86.60836,38.19263
-86.60686,38.19676
-86.58923,41.13232
-86.58877,30.93378
-86.58816,37.95151
-86.58804,41.91089
-86.58302,41.91611
-86.57856,46.1891
-86.57855,41.9229
-86.57359,36.13278
-86.56712,32.48991
-86.56343,39.65641
-86.55937,30.68752
-86.55694,36.12397
-86.55666,36.12448
-86.55653,46.19434
-86.55428,34.57499
-86.55064,46.19414
-86.54921,46.05862
-86.5371,46.24381
-86.53513,45.7267
-86.52876,30.46034
-86.52179,39.02558
-86.51892,43.65716
-86.51765,34.74658
-86.51405,34.7473
-86.50664,44.03643
-86.5066,46.17353
-86.50162,44.03673
-86.50058,43.55913
-86.49944,46.221
-86.49537,44.03828
-86.49412,43.66148
-86.49228,30.40959
-86.49138,43.66289
-86.48152,46.16809
-86.47421,36.31488
-86.47363,36.31524
-86.47359,36.31424
-86.4728,36.31571
-86.47268,36.31457
-86.47242,36.31402
-86.47202,36.31497
-86.47183,36.31431
-86.47157,36.31366
-86.47108,36.31557
-86.471,30.69451
-86.47097,36.31601
-86.47075,36.3151
-86.47071,36.30885
-86.47066,36.31385
-86.47038,36.31663
-86.46988,36.31542
-86.46978,36.31618
-86.4683,36.31303
-86.46577,38.50367
-86.46566,38.12028
-86.46507,36.32617
-86.46488,36.32209
-86.46443,36.32595
-86.46419,36.32547
-86.46418,36.32683
-86.46375,36.32624
-86.46362,36.32556
-86.4632,36.32743
-86.46301,36.32586
-86.4623,36.32618
-86.46227,36.32786
-86.46166,36.32799
-86.46156,36.32605
-86.46152,36.32758
-86.46124,36.32794
-86.46071,36.32668
-86.46046,36.32811
-86.46008,36.3281
-86.45979,36.32587
-86.4595,36.32563
-86.45897,39.02801
-86.45044,46.16312
-86.44514,39.01411
-86.44477,39.02164
-86.44161,39.07766
-86.44106,39.07905
-86.4405,39.07753
-86.43869,39.07686
-86.43823,43.78391
-86.43738,46.22027
-86.4353,36.91624
-86.43488,48.80169
-86.43378,39.08299
-86.43118,39.01527
-86.43018,39.01139
-86.41581,35.76783
-86.41234,32.91868
-86.40924,32.20596
-86.40862,39.06483
-86.40477,46.15485
-86.4036,38.73297
-86.39926,39.29511
-86.39382,46.15192
-86.38981,39.01742
-86.38829,30.6976
-86.38826,34.35936
-86.38543,39.05728
-86.38365,39.05056
-86.38277,39.06219
-86.38018,39.0644
-86.3759,43.51791
-86.37579,39.07281
-86.37566,39.07604
-86.37523,39.06944
-86.37503,45.99871
-86.37334,43.52112
-86.37328,42.18838
-86.37068,41.55487
-86.3693,39.0695
-86.36912,39.07312
-86.36682,41.30282
-86.36561,38.94916
-86.36407,39.05322
-86.36386,39.00824
-86.36318,39.04745
-86.36223,45.97334
-86.36215,39.05327
-86.36094,39.04931
-86.35812,41.96708
-86.35706,43.26196
-86.35637,41.29857
-86.35602,45.94767
-86.34763,30.72594
-86.34701,39.03528
-86.34298,39.04159
-86.33869,39.05538
-86.33832,39.18095
-86.33646,45.87128
-86.33633,39.17905
-86.33523,39.17761
-86.33048,43.23446
-86.3264,43.9798
-86.32589,42.29958
-86.32408,39.73178
-86.32296,39.06896
-86.32224,36.0832
-86.32174,38.9882
-86.32057,39.06702
-86.32027,39.0375
-86.31829,39.05652
-86.31826,39.03122
-86.31778,39.03417
-86.31618,39.02804
-86.31585,39.0258
-86.3152,39.02469
-86.3123,38.986
-86.31188,39.02392
-86.30915,39.0168
-86.30748,36.15467
-86.30734,39.01403
-86.30598,38.99401
-86.30542,38.99092
-86.30505,39.01097
-86.30498,39.00882
-86.30464,39.0024
-86.30456,38.99604
-86.30422,38.98859
-86.30418,39.05266
-86.30368,39.00506
-86.30368,39.00839
-86.30253,39.03837
-86.30017,42.33201
-86.29691,39.03877
-86.29472,39.01117
-86.29464,38.9771
-86.29448,38.19344
-86.29325,39.05284
-86.29086,43.48335
-86.2905,39.04095
-86.28904,43.4835
-86.28839,39.04904
-86.28638,38.99157
-86.28574,38.97111
-86.28546,38.18492
-86.28458,38.99021
-86.28444,39.01108
-86.28325,38.99124
-86.28144,38.18408
-86.274,48.57139
-86.27343,35.2272
-86.2728,48.57144
-86.27264,48.57563
-86.27262,39.01103
-86.27148,48.57628
-86.2713,48.56014
-86.2711,38.99115
-86.27045,48.55309
-86.27018,38.21683
-86.27012,48.56011
-86.2697,38.99157
-86.26963,48.55348
-86.2696,34.90067
-86.2692,48.56001
-86.26909,38.99286
-86.26676,39.00946
-86.24508,30.73898
-86.15579,30.32975
-86.14814,30.63037
-86.0989,30.31736
-86.09298,30.31542
-86.07811,30.54308
-85.91599,30.53557
-85.90702,30.23211
-85.89856,30.56459
-85.89109,30.54121
-85.8905,30.4898
-85.88084,30.42987
-85.88024,30.42985
-85.72786,30.12884
-85.57064,30.45603
-85.56464,30.45472
-85.52313,30.48187
-85.52222,30.48761
-85.52177,30.48982
-85.51931,30.49329
-85.4832,30.5307
-85.41268,29.80691
-85.41065,29.80618
-85.409,29.79953
-85.39904,29.86173
-85.13214,30.61668
-85.11291,30.09822
-85.09397,29.64411
-85.08584,30.18451
-85.07831,30.04427
-85.02877,30.24098
-85.01425,29.91912
-85.01369,29.92027
-85.01099,29.87343
-84.98722,29.81721
-84.98654,30.27565
-84.98606,30.27593
-84.98604,29.73087
-84.96719,29.80352
-84.95991,30.56385
-84.95023,30.56915
-84.93949,30.58095
-84.92906,30.14045
-84.91716,29.83036
-84.91041,30.56678
-84.89811,30.07285
-84.87538,29.84285
-84.86885,30.14015
-84.85532,29.82874
-84.85235,30.7186
-84.85219,30.71735
-84.85062,30.71824
-84.8372,29.81646
-84.82518,29.81938
-84.8108,30.6088
-84.69733,30.24586
-84.67735,30.17685
-84.67467,30.16459
-84.67202,30.12657
-84.66446,30.16006
-84.65073,30.08033
-84.64461,30.09331
-84.64225,30.10224
-84.63498,30.41638
-84.62864,30.42441
-84.61604,30.30883
-84.61463,30.47475
-84.60935,30.40725
-84.59585,30.03223
-84.58753,30.02646
-84.57213,30.41916
-84.56687,30.14885
-84.53491,30.33423
-84.51975,30.44785
-84.51343,30.29818
-84.50497,30.44946
-84.49716,30.46157
-84.49676,30.4512
-84.49339,30.44695
-84.47682,30.22365
-84.42015,30.09347
-84.40847,30.3904
-84.37716,30.45571
-84.35891,30.13145
-84.29343,30.12939
-84.24632,30.16861
-84.14377,30.70167
-84.02147,30.1282
-83.59462,29.8252
-83.56281,30.0723
-83.38937,29.66539
-83.36907,30.59866
-83.20188,29.39407
-83.20181,29.39315
-83.17841,30.38456
-83.16704,30.04914
-83.16667,30.38616
-83.06333,29.20898
-83.03614,30.43011
-82.98348,29.66172
-82.97608,29.48604
-82.97524,29.48607
-82.97474,29.48834
-82.96721,29.55378
-82.94992,30.40068
-82.94987,30.40063
-82.94984,30.40058
-82.94981,30.40053
-82.94978,30.40046
-82.94975,30.4004
-82.94972,30.40032
-82.94956,30.40009
-82.94954,30.40003
-82.9495,30.39997
-82.94948,30.39992
-82.94944,30.39985
-82.9494,30.3998
-82.94935,30.39973
-82.94931,30.39967
-82.94926,30.39961
-82.94921,30.39953
-82.94916,30.39946
-82.94913,30.39987
-82.94911,30.39939
-82.94908,30.3998
-82.94905,30.39932
-82.94903,30.39972
-82.94899,30.39925
-82.94897,30.39964
-82.94893,30.39919
-82.9489,30.39957
-82.94888,30.39912
-82.94888,30.40001
-82.94885,30.3995
-82.94883,30.39989
-82.94882,30.39905
-82.9488,30.39942
-82.94879,30.39982
-82.94876,30.39898
-82.94873,30.39934
-82.94873,30.39973
-82.94871,30.39891
-82.94867,30.39961
-82.94866,30.39883
-82.94863,30.4
-82.94859,30.39995
-82.94856,30.39989
-82.94852,30.39983
-82.94848,30.39977
-82.94846,30.39971
-82.94843,30.39962
-82.9484,30.39956
-82.94839,30.39948
-82.94838,30.39923
-82.94838,30.3993
-82.94838,30.39938
-82.86591,29.89809
-82.84933,28.21249
-82.78856,27.89018
-82.77853,28.11332
-82.778,29.32062
-82.77746,28.11173
-82.77525,28.11249
-82.77215,29.91088
-82.76982,28.06881
-82.75062,29.9826
-82.7338,27.89343
-82.71957,28.00428
-82.71943,28.00321
-82.71885,28.00171
-82.718,28.00399
-82.7178,28.00172
-82.71657,28.00225
-82.71647,28.00194
-82.71635,28.00348
-82.71633,28.00271
-82.71632,28.00303
-82.71631,28.00374
-82.7163,28.00154
-82.68193,27.4697
-82.64474,27.83506
-82.6326,28.0271
-82.63069,28.02874
-82.60346,28.11574
-82.60322,28.11722
-82.60249,28.11598
-82.60188,28.1162
-82.60147,29.9209
-82.60105,28.11541
-82.5993,28.11487
-82.59877,28.11495
-82.59865,28.11747
-82.59854,28.11583
-82.59831,28.11534
-82.59803,28.11707
-82.59738,28.11733
-82.59235,29.03644
-82.59145,29.85225
-82.58083,29.91374
-82.57815,29.88781
-82.57309,29.967
-82.56967,28.32846
-82.55825,30.32471
-82.54953,28.51565
-82.54921,28.51731
-82.54914,28.51808
-82.54831,29.87455
-82.54735,28.51586
-82.54734,28.5177
-82.54627,28.51944
-82.5459,28.52035
-82.54493,28.51572
-82.54428,28.52188
-82.54356,28.52094
-82.54349,28.51499
-82.54225,28.51517
-82.54076,28.51502
-82.54012,28.52903
-82.53809,28.8625
-82.47588,30.27577
-82.47062,27.74029
-82.46959,27.74078
-82.4636,27.74061
-82.45919,28.02403
-82.45309,30.23765
-82.43837,29.39743
-82.43247,30.24184
-82.42692,29.92533
-82.42235,29.08868
-82.41497,28.72839
-82.41137,30.24646
-82.38666,27.66679
-82.38346,27.67123
-82.38345,27.67163
-82.38143,27.6695
-82.37325,27.68184
-82.35471,28.75855
-82.34152,28.2585
-82.33048,30.38368
-82.31682,27.2462
-82.31675,27.24586
-82.31673,27.2457
-82.31668,27.24632
-82.31656,27.24561
-82.31651,27.24632
-82.31645,27.24597
-82.31632,27.24557
-82.31632,27.24641
-82.31629,27.24588
-82.3162,27.24608
-82.31614,27.24632
-82.31602,27.24549
-82.31601,27.24643
-82.31586,27.24536
-82.31577,27.24605
-82.31576,27.24623
-82.3157,27.24655
-82.31569,27.24591
-82.31568,27.24573
-82.31567,27.24533
-82.31551,27.24562
-82.31545,27.24623
-82.31543,27.24602
-82.3154,27.24513
-82.31532,27.24549
-82.31524,27.24589
-82.31517,27.24575
-82.31514,27.24503
-82.31506,27.24593
-82.31505,27.2458
-82.31492,27.24535
-82.31486,27.24544
-82.31483,27.24487
-82.31478,27.24556
-82.31475,27.24508
-82.3147,27.24572
-82.31458,27.24526
-82.3145,27.24541
-82.31442,27.24594
-82.31439,27.24554
-82.31436,27.24577
-82.31404,27.24468
-82.31402,27.24477
-82.314,27.24485
-82.31393,27.24499
-82.31393,27.2452
-82.31392,27.24526
-82.31388,27.24511
-82.31387,27.24536
-82.31382,27.24453
-82.3138,27.24545
-82.31373,27.24551
-82.31372,27.2446
-82.31367,27.24557
-82.31363,27.24469
-82.31354,27.24479
-82.31349,27.24487
-82.31347,27.24556
-82.31344,27.24504
-82.31339,27.24528
-82.31338,27.2454
-82.31337,27.2455
-82.31336,27.24516
-82.29641,29.03836
-82.29508,29.52742
-82.29332,26.99001
-82.28656,29.0292
-82.26745,27.22362
-82.25808,26.68544
-82.25317,27.25254
-82.25073,28.56285
-82.24779,28.15073
-82.24622,29.39295
-82.24317,27.27606
-82.23953,28.14494
-82.23941,28.14469
-82.23934,28.14462
-82.23918,28.14475
-82.23903,28.14485
-82.23764,28.52697
-82.22701,27.86632
-82.22615,27.86549
-82.22306,27.2157
-82.22301,28.57329
-82.21872,26.9667
-82.21836,28.57586
-82.20148,30.46419
-82.19496,28.4735
-82.17872,27.23441
-82.16369,27.21489
-82.15227,26.68221
-82.14024,27.77908
-82.13983,27.85933
-82.13977,27.8588
-82.13922,27.85974
-82.13847,27.85925
-82.13769,27.77786
-82.13,28.39571
-82.12772,28.35155
-82.10142,28.36832
-82.09671,28.32218
-82.09258,29.10252
-82.07226,28.31917
-82.06755,28.31676
-82.06327,29.80322
-82.0444,28.31204
-82.04283,29.83147
-82.03715,28.27596
-82.03366,28.84052
-82.0311,28.29537
-81.98683,29.65161
-81.98596,29.65651
-81.98591,29.65614
-81.98471,29.65377
-81.98399,29.65395
-81.98364,29.65611
-81.98351,29.65554
-81.98263,29.65421
-81.98239,29.65329
-81.98014,29.65356
-81.97985,29.6543
-81.97968,29.65287
-81.97791,29.65331
-81.95229,26.46057
-81.95187,26.46191
-81.94943,26.46829
-81.94145,26.49006
-81.9372,26.48985
-81.93422,28.78445
-81.91684,28.77867
-81.90171,28.85984
-81.86481,29.25363
-81.82834,27.60366
-81.82719,29.21243
-81.81218,26.42856
-81.8107,26.72035
-81.81051,26.3848
-81.80161,27.50823
-81.80032,29.52044
-81.79559,24.56494
-81.7897,29.42768
-81.78496,26.71442
-81.78464,28.98595
-81.78144,30.44954
-81.77751,30.45029
-81.7568,29.67189
-81.75656,28.44114
-81.75616,28.45019
-81.75575,28.44043
-81.75549,28.44091
-81.75041,29.51863
-81.74672,30.36787
-81.74062,28.43716
-81.73094,29.33205
-81.71375,29.18422
-81.69465,26.72024
-81.6934,26.71919
-81.69322,26.71919
-81.69315,26.71939
-81.69305,26.71919
-81.69296,26.71939
-81.69287,26.71919
-81.69278,26.71939
-81.69261,26.71938
-81.69244,26.71938
-81.69172,26.72372
-81.69154,26.7236
-81.69137,26.72348
-81.69121,26.72334
-81.69111,26.72325
-81.69101,26.7232
-81.69092,26.72313
-81.69084,26.72306
-81.68583,28.25259
-81.67708,27.99671
-81.6758,27.99672
-81.66108,27.98572
-81.65587,28.22676
-81.65284,28.22909
-81.65106,27.97733
-81.64819,26.72311
-81.64803,26.72373
-81.64796,26.72397
-81.64787,26.72343
-81.64773,26.72361
-81.64771,26.72308
-81.6477,26.72401
-81.64769,26.72435
-81.64766,26.72382
-81.64756,26.72418
-81.64751,26.72317
-81.6475,26.724
-81.64748,26.72483
-81.64734,26.72337
-81.6473,26.72414
-81.64724,26.72431
-81.6472,26.72302
-81.64712,26.72357
-81.6471,26.72414
-81.64707,26.72469
-81.64703,26.72376
-81.64702,26.72394
-81.64689,26.72332
-81.64684,26.72437
-81.64683,26.72353
-81.64663,26.72407
-81.6448,26.72363
-81.64438,26.72388
-81.6394,26.02605
-81.63634,29.01333
-81.63587,28.0189
-81.61904,29.57529
-81.61874,29.13007
-81.60778,29.59377
-81.60023,24.62303
-81.59962,25.99731
-81.59736,25.99197
-81.5875,25.99484
-81.58614,28.25836
-81.58519,29.62089
-81.56248,26.14298
-81.56174,28.40496
-81.56088,26.14276
-81.56057,26.45451
-81.54237,26.47378
-81.54158,28.95372
-81.54134,28.95444
-81.54078,28.95217
-81.54048,28.95458
-81.54017,28.9517
-81.54014,28.95238
-81.54013,28.95413
-81.53947,28.95397
-81.53923,28.95204
-81.53891,28.95088
-81.53887,28.95384
-81.53868,28.95147
-81.53857,28.95452
-81.53844,28.95374
-81.53837,28.95239
-81.53807,28.95445
-81.53782,28.95273
-81.53759,28.95448
-81.53577,28.95634
-81.53446,28.95279
-81.53381,28.95221
-81.53323,28.95251
-81.5326,28.95179
-81.53172,28.95331
-81.53157,28.95207
-81.53156,28.95283
-81.53051,28.95259
-81.53037,28.95199
-81.50726,27.87963
-81.50282,28.75738
-81.49241,25.83375
-81.49138,28.71769
-81.48708,28.71095
-81.48429,27.96216
-81.48363,25.82354
-81.48344,27.97369
-81.47552,28.70882
-81.47353,28.70889
-81.46674,28.74039
-81.46537,28.3175
-81.4652,27.69431
-81.46278,27.68491
-81.46041,27.90917
-81.45974,30.70031
-81.45882,27.90913
-81.4577,27.90836
-81.45604,27.90256
-81.45571,27.90803
-81.45438,27.90089
-81.4543,30.58391
-81.45403,27.90864
-81.45354,27.9006
-81.45314,27.90331
-81.45289,27.90886
-81.45281,27.90127
-81.45266,27.90758
-81.45252,27.90297
-81.45243,27.90228
-81.45234,27.90396
-81.44908,30.69477
-81.44869,30.69481
-81.44827,30.69478
-81.43637,26.77108
-81.43533,29.42312
-81.43469,30.70269
-81.4346,30.70167
-81.42118,30.45804
-81.41876,25.78868
-81.39029,29.01269
-81.37931,27.95507
-81.3781,25.75118
-81.36798,27.91747
-81.35644,27.45349
-81.35335,28.97053
-81.352,25.70728
-81.35099,27.94854
-81.35016,27.94664
-81.34729,27.94499
-81.34669,27.94523
-81.33456,28.94571
-81.32123,26.52699
-81.32025,27.79896
-81.30628,27.78912
-81.30606,25.7878
-81.29856,25.79642
-81.29516,26.21651
-81.2882,28.96932
-81.28607,25.6754
-81.28119,25.64711
-81.27904,29.87383
-81.2752,29.8652
-81.27214,25.64468
-81.2701,25.8
-81.26864,25.80046
-81.26782,26.22377
-81.24777,26.18267
-81.24575,25.7092
-81.23001,25.89152
-81.21198,25.74448
-81.2119,25.74452
-81.20234,25.69395
-81.19671,25.49047
-81.18853,28.37216
-81.18603,27.75254
-81.17144,25.22275
-81.14894,25.64095
-81.14529,27.66917
-81.14278,25.38278
-81.14237,25.63394
-81.14226,25.47913
-81.1401,29.02347
-81.13874,28.79023
-81.13734,25.15939
-81.13685,25.48215
-81.12437,28.63157
-81.12052,28.47896
-81.11376,25.86704
-81.11201,28.47749
-81.10724,28.95263
-81.09643,28.63379
-81.08747,25.11658
-81.0818,29.33902
-81.08118,29.33774
-81.08023,29.33615
-81.07775,27.57665
-81.07332,26.23456
-81.06709,27.97936
-81.06571,25.2798
-81.06567,25.2797
-81.0556,25.58061
-81.05532,26.19256
-81.05075,27.5835
-81.04373,29.09824
-81.04357,27.58197
-81.03898,25.12949
-81.03365,26.02227
-81.03259,27.34331
-81.02782,26.20963
-81.02003,27.31558
-81.00311,25.12439
-81.00007,27.31331
-80.99988,25.48814
-80.97275,29.09259
-80.97027,26.51965
-80.97021,26.51742
-80.9702,26.51731
-80.9702,26.51945
-80.97019,26.51722
-80.97019,26.51829
-80.97019,26.51901
-80.97019,26.51919
-80.97019,26.51937
-80.97016,26.51843
-80.97016,26.51855
-80.97016,26.5188
-80.97016,26.51891
-80.97015,26.518
-80.97015,26.5187
-80.97013,26.51779
-80.97013,26.51911
-80.97011,26.51732
-80.97011,26.51793
-80.9701,26.51723
-80.9701,26.51744
-80.97004,26.51733
-80.97003,26.51778
-80.97002,26.51724
-80.96998,26.51823
-80.96997,26.51734
-80.96997,26.51746
-80.96995,26.51724
-80.96992,26.51778
-80.96985,26.51748
-80.96985,26.51788
-80.96985,26.51864
-80.96985,26.5191
-80.96984,26.51855
-80.96984,26.519
-80.96984,26.51918
-80.96984,26.51927
-80.96984,26.51958
-80.96983,26.5182
-80.96983,26.51878
-80.96983,26.51888
-80.96983,26.51942
-80.96982,26.51838
-80.96982,26.51847
-80.96978,26.51826
-80.96975,26.51794
-80.96853,26.51795
-80.96765,26.51565
-80.9672,26.5203
-80.96554,26.51685
-80.94877,24.76525
-80.94852,28.00607
-80.94364,25.42192
-80.94354,24.76843
-80.93732,25.33177
-80.92737,28.10676
-80.91917,25.76236
-80.90815,25.31611
-80.89208,25.28319
-80.87863,25.25331
-80.87862,25.25343
-80.85619,25.25953
-80.84711,25.24925
-80.80623,28.6134
-80.79338,25.17623
-80.77907,27.20375
-80.77661,27.7258
-80.7715,27.19642
-80.77075,27.19641
-80.75171,25.32954
-80.73489,28.01226
-80.73069,26.68092
-80.66244,27.08779
-80.65113,25.33131
-80.65008,25.3892
-80.56702,28.00197
-80.56341,28.00299
-80.55917,27.00394
-80.54427,27.0047
-80.52745,27.24813
-80.51601,27.23778
-80.50903,25.15401
-80.4534,27.78186
-80.41493,27.41168
-80.37663,26.83966
-80.30061,27.49453
-80.30003,26.85645
-80.29227,27.10075
-80.29221,27.1012
-80.29204,26.96335
-80.28879,27.10622
-80.28817,27.10714
-80.28676,27.10907
-80.25388,27.09869
-80.24323,27.09157
-80.24302,27.09092
-80.19592,25.45362
-80.18165,26.89243
-80.17573,25.52211
-80.16939,27.13217
-80.16853,27.14917
-80.1676,27.13043
-80.16388,27.00435
-80.14268,27.00575
-80.14248,26.98978
-80.14234,26.99326
-80.13965,27.02994
-80.13718,27.03298
-80.13443,27.01135
-80.13421,25.92185
-77.137,26.39181
-76.58302,47.03372
-76.58133,47.05467
-76.57922,47.02946
-76.57118,46.16793
-76.5709,47.15421
-76.56859,44.97383
-76.56811,47.18563
-76.5678,47.40327
-76.56691,47.04156
-76.5659,47.02146
-76.56534,47.02455
-76.56298,47.16918
-76.56101,47.03938
-76.56047,34.76098
-76.55825,47.22907
-76.55717,47.03862
-76.557,34.69808
-76.55612,47.03078
-76.55462,47.04248
-76.55303,47.11789
-76.54904,47.40023
-76.54656,47.05809
-76.54185,47.15799
-76.54065,47.19357
-76.53939,44.70717
-76.53785,47.0577
-76.5377,47.2326
-76.53572,47.19063
-76.53544,47.34403
-76.53296,47.14925
-76.52669,47.29515
-76.52375,45.86938
-76.51152,47.21675
-76.51111,47.27282
-76.50483,47.13294
-76.50463,47.34503
-76.5045,47.18868
-76.50283,47.16111
-76.50256,47.22514
-76.50096,44.58437
-76.50068,47.09866
-76.49673,47.22501
-76.48703,47.19343
-76.48581,44.24818
-76.4853,45.59938
-76.47881,47.08809
-76.47073,47.13395
-76.46995,44.78097
-76.46981,44.78169
-76.46931,47.07604
-76.46918,44.78125
-76.46805,44.78207
-76.46669,44.90107
-76.46272,47.30196
-76.46177,47.03638
-76.4605,47.09985
-76.45154,47.08086
-76.45038,47.29862
-76.43788,36.59494
-76.43492,47.28634
-76.43333,44.796
-76.43103,47.2856
-76.41896,47.09009
-76.41635,47.08689
-76.40827,47.05617
-76.40242,35.78435
-76.39665,47.25735
-76.39419,47.09341
-76.38742,47.04059
-76.38741,47.05542
-76.37779,47.09218
-76.37722,47.07359
-76.36971,44.77345
-76.36932,34.87507
-76.36918,36.14035
-76.36776,47.0926
-76.36745,47.26275
-76.36223,47.11612
-76.36075,47.22721
-76.35304,47.21179
-76.3442,47.21365
-76.34205,36.71384
-76.33645,47.08689
-76.33147,36.75518
-76.33053,47.21144
-76.31528,47.1957
-76.28718,45.05146
-76.25933,44.77486
-76.25864,44.77606
-76.25783,44.77678
-76.21664,45.4803
-76.21599,45.51126
-76.19191,43.54386
-76.18706,44.30379
-76.18131,36.725
-76.17292,44.31281
-76.14665,44.87748
-76.14616,44.87728
-76.13204,45.62297
-76.12238,44.52077
-76.10993,44.30099
-76.10969,44.30043
-76.10969,44.30129
-76.10956,45.68659
-76.10955,44.30116
-76.10939,44.30035
-76.10545,44.329
-76.10411,44.3286
-76.10253,44.33071
-76.0984,44.31921
-76.0983,44.31807
-76.09229,44.31844
-76.0429,45.60182
-76.03399,44.54474
-76.03397,44.54438
-76.03113,46.243
-76.03003,44.5446
-76.02883,44.52426
-76.02813,44.52905
-76.01867,44.52127
-76.00827,43.5099
-76.00678,36.54721
-75.98016,44.36153
-75.97996,44.36153
-75.97621,43.69487
-75.97573,43.69634
-75.97341,43.71024
-75.97249,45.72061
-75.96262,43.6763
-75.92773,36.69761
-75.92152,44.00254
-75.91731,43.55337
-75.91672,43.54944
-75.91438,43.54147
-75.91114,43.54946
-75.91092,43.5433
-75.9091,43.53944
-75.90712,43.5447
-75.9038,43.53626
-75.90005,46.24037
-75.89493,43.54278
-75.89452,43.52918
-75.88551,43.53733
-75.88385,43.53556
-75.87829,44.56986
-75.86589,43.53358
-75.86441,43.53503
-75.86299,46.8005
-75.861,43.52417
-75.85883,43.526
-75.85765,43.53112
-75.85547,43.53722
-75.85389,46.59304
-75.85334,43.53651
-75.85168,46.68144
-75.8493,43.52972
-75.84628,43.53718
-75.83302,43.52538
-75.82856,46.04761
-75.82531,46.04125
-75.82401,43.52152
-75.8181,46.03395
-75.81737,46.01567
-75.81735,44.95049
-75.80529,46.07871
-75.80336,46.00694
-75.80227,45.99505
-75.80044,45.996
-75.79957,46.04353
-75.79918,44.20974
-75.79917,46.0051
-75.79878,46.01024
-75.79854,46.04237
-75.7976,46.00028
-75.79737,46.03811
-75.79731,46.00307
-75.79697,46.00447
-75.79677,45.99767
-75.7967,46.00019
-75.79644,46.00202
-75.79492,46.04092
-75.7941,45.99893
-75.79373,46.03862
-75.79368,46.08127
-75.79328,46.00937
-75.78861,46.06093
-75.78502,46.03632
-75.77672,45.96492
-75.77554,46.26936
-75.77163,45.96062
-75.76911,45.94476
-75.76905,45.46887
-75.76733,46.07284
-75.76491,45.56244
-75.76481,46.39126
-75.75248,45.95688
-75.75246,45.93029
-75.75152,45.95989
-75.75136,45.9533
-75.75097,44.03305
-75.74788,45.96309
-75.74768,46.03085
-75.74724,45.93806
-75.74703,45.92317
-75.74687,45.96203
-75.74431,45.96241
-75.74324,45.93577
-75.74238,45.93409
-75.74199,45.9635
-75.74183,45.95842
-75.74055,45.95465
-75.74031,45.95294
-75.7391,45.94001
-75.73906,45.95093
-75.73617,45.96536
-75.73391,46.03264
-75.73326,44.62799
-75.73241,46.02567
-75.72968,45.93057
-75.72652,45.93033
-75.72635,45.94436
-75.72604,45.93103
-75.72492,45.92995
-75.7247,46.03599
-75.72377,45.94071
-75.72369,45.96372
-75.72366,45.92994
-75.72345,45.93921
-75.72252,45.92559
-75.72157,45.93068
-75.71996,45.92596
-75.71983,45.92786
-75.71749,45.92856
-75.71729,45.92744
-75.70964,44.56259
-75.70142,44.578
-75.70055,46.06433
-75.69621,45.92059
-75.68086,45.91989
-75.65347,46.13922
-75.64242,46.09786
-75.61627,44.50928
-75.59021,46.68138
-75.58757,46.05087
-75.55368,46.70702
-75.35525,45.52331
-75.34242,47.0249
-75.24612,45.32222
-75.20399,45.85258
-75.20368,46.16551
-75.19559,43.90504
-75.19142,46.31425
-75.18365,46.24574
-75.16466,45.80692
-75.13633,46.6728
-75.13529,46.67627
-75.13128,46.6078
-75.13016,46.65825
-75.12827,46.67218
-75.12802,46.65847
-75.12357,46.63135
-75.12155,46.6831
-75.12143,46.66665
-75.12039,46.615
-75.11968,46.6292
-75.11934,46.62268
-75.11879,43.7212
-75.11799,46.6214
-75.11727,46.62682
-75.11568,46.61344
-75.11257,46.65005
-75.10891,43.33132
-75.10638,46.67773
-75.10344,46.64652
-75.1008,46.65471
-75.10036,46.68519
-75.09993,46.64558
-75.09901,46.69004
-75.09279,46.65222
-75.09129,46.00763
-75.08794,46.64431
-75.08437,46.64897
-75.08264,45.88472
-75.08059,46.6976
-75.07978,46.64708
-75.07924,43.60874
-75.0768,46.64851
-75.07634,46.71887
-75.07515,44.43576
-75.07411,46.64918
-75.07082,46.64605
-75.07052,43.60937
-75.06701,45.60412
-75.06597,45.60101
-75.06337,46.63371
-75.06303,46.63167
-75.0626,45.60491
-75.06191,43.61319
-75.06176,46.63294
-75.06145,46.63491
-75.06109,46.63458
-75.06048,45.60073
-75.06031,46.65594
-75.05865,46.71964
-75.05842,46.72184
-75.05641,46.72528
-75.0561,45.6015
-75.05544,43.61337
-75.05469,43.60242
-75.05232,45.60285
-75.05189,45.60188
-75.0516,46.63145
-75.05157,46.73665
-75.05079,45.60474
-75.04937,46.68496
-75.049,45.6031
-75.04812,46.73968
-75.04737,46.73456
-75.04721,46.59889
-75.04628,46.73911
-75.04525,46.72797
-75.04447,46.68946
-75.04221,46.59631
-75.04108,46.5966
-75.03789,46.75832
-75.03658,43.61779
-75.03645,43.62704
-75.03617,43.62584
-75.0359,43.6182
-75.03589,43.6256
-75.03553,46.7486
-75.03355,46.75641
-75.0324,43.61729
-75.03163,46.75495
-75.03103,46.75321
-75.03042,43.6149
-75.02989,46.75151
-75.02977,46.59918
-75.02944,46.74863
-75.02919,46.5985
-75.02658,43.61058
-75.02528,46.7579
-75.02485,43.60791
-75.02473,46.75154
-75.0245,46.75607
-75.02403,43.60575
-75.01819,46.37886
-75.01187,44.96273
-75.00585,43.59237
-75.00343,46.65375
-74.99918,43.58895
-74.97543,45.63869
-74.95807,43.71824
-74.93064,47.32755
-74.91734,43.71637
-74.91677,43.71644
-74.91652,43.71733
-74.91637,43.7157
-74.84948,46.69834
-74.84711,46.13206
-74.8404,44.22324
-74.82924,46.56075
-74.82612,46.90288
-74.82322,46.185
-74.82298,46.18473
-74.81846,46.36646
-74.81815,46.18328
-74.81078,46.90786
-74.78673,46.79409
-74.78415,46.79815
-74.77989,46.80041
-74.76888,44.08352
-74.76019,46.74579
-74.75934,46.74281
-74.75603,46.91166
-74.75268,46.73196
-74.75228,45.23267
-74.75077,45.98988
-74.7443,46.63271
-74.73863,43.74936
-74.73616,43.74144
-74.73583,46.78003
-74.73565,43.68336
-74.73178,43.75133
-74.73164,43.68313
-74.73098,46.85263
-74.73084,43.74284
-74.72621,43.746
-74.72482,43.75403
-74.7078,45.72608
-74.70677,46.88771
-74.70432,46.3076
-74.70308,47.76708
-74.69292,43.67239
-74.68903,45.74791
-74.68129,43.83803
-74.67832,46.53719
-74.67699,45.94161
-74.66741,46.71997
-74.65667,44.24742
-74.64765,43.59829
-74.64608,46.34971
-74.63734,44.25649
-74.62113,43.58718
-74.62017,43.89347
-74.61734,43.89346
-74.61554,43.89338
-74.61488,43.89359
-74.6072,47.924
-74.60701,46.09063
-74.60364,46.12574
-74.59508,43.89128
-74.59285,43.30385
-74.58951,43.30292
-74.58689,46.66016
-74.58653,44.20423
-74.58565,43.30215
-74.5724,43.51272
-74.5656,43.60934
-74.56465,44.16355
-74.5508,43.41854
-74.5504,43.62714
-74.53809,44.13545
-74.538,43.62799
-74.53774,43.62858
-74.53742,44.13368
-74.53707,43.49666
-74.535,46.28735
-74.53496,44.13729
-74.53493,44.15781
-74.53429,44.15469
-74.53361,46.28968
-74.52857,46.56068
-74.52817,43.25766
-74.52491,46.60562
-74.5236,45.93401
-74.5199,46.35082
-74.51377,43.64873
-74.51191,46.34419
-74.50696,46.34226
-74.50478,46.33969
-74.49924,46.3339
-74.4961,46.03752
-74.49024,46.03792
-74.48779,46.03724
-74.4877,46.03577
-74.48754,43.70309
-74.48702,44.20274
-74.4868,46.03791
-74.48655,46.03641
-74.48519,44.2076
-74.48506,44.21325
-74.48493,44.21097
-74.47813,46.038
-74.47646,46.05238
-74.47531,43.92688
-74.47396,43.72621
-74.4676,46.4593
-74.46494,43.48136
-74.45828,43.48174
-74.45442,43.48431
-74.45267,43.49569
-74.45146,43.49651
-74.45063,43.48723
-74.44969,43.48831
-74.44894,43.49766
-74.4476,43.30517
-74.44745,43.49216
-74.44571,43.49591
-74.44372,44.34583
-74.43956,46.1905
-74.43477,46.19191
-74.42464,43.2918
-74.42215,43.60011
-74.42015,43.8188
-74.41705,44.34778
-74.41566,43.26603
-74.41226,44.3073
-74.41114,44.34813
-74.41112,44.37014
-74.40929,44.36017
-74.40715,44.32821
-74.40635,44.34957
-74.40522,44.35856
-74.40485,44.32887
-74.40466,44.33883
-74.40341,44.33184
-74.40326,44.3619
-74.40321,44.2335
-74.40299,44.3326
-74.4029,44.33141
-74.40202,44.33246
-74.40198,44.35735
-74.40142,44.33144
-74.40044,44.34768
-74.39983,44.33144
-74.39982,44.23247
-74.3985,44.32951
-74.39779,44.35035
-74.39745,44.35299
-74.3962,44.33204
-74.39612,44.3598
-74.39507,44.33088
-74.39485,44.35635
-74.39071,44.35831
-74.39055,44.36346
-74.38878,44.30826
-74.38672,44.38026
-74.38668,44.32784
-74.38543,43.90778
-74.3852,44.36077
-74.38518,44.33206
-74.38487,44.228
-74.38403,44.23332
-74.38365,44.2361
-74.38312,44.33428
-74.38208,44.36664
-74.38112,44.00752
-74.38082,44.34028
-74.37961,45.58022
-74.37847,44.94522
-74.37844,44.21761
-74.3784,44.21343
-74.37817,44.36467
-74.37798,43.88704
-74.37719,44.21933
-74.37591,44.36142
-74.37578,44.22672
-74.37375,44.21306
-74.37014,43.88081
-74.36925,44.3655
-74.36818,44.20907
-74.36714,43.26106
-74.36673,44.02878
-74.36619,44.20892
-74.36317,44.36266
-74.36275,44.35875
-74.36248,43.26351
-74.36207,44.32472
-74.35823,44.35873
-74.35818,47.18998
-74.35765,44.32234
-74.35754,44.31926
-74.35754,44.34826
-74.3575,44.33829
-74.35636,44.33553
-74.35621,44.31924
-74.35596,44.35713
-74.35586,44.33319
-74.35567,44.32684
-74.35505,44.31368
-74.35438,47.00568
-74.35365,44.31698
-74.35361,44.33049
-74.35357,44.3143
-74.3535,44.32461
-74.35323,44.3352
-74.35292,44.33104
-74.35284,44.31694
-74.35236,44.35329
-74.35211,44.32183
-74.35209,44.33981
-74.35196,44.33241
-74.35117,44.31846
-74.35107,44.35285
-74.35071,44.33508
-74.35016,44.31936
-74.34994,44.20495
-74.34988,44.31315
-74.34983,44.32523
-74.34966,44.33946
-74.34893,44.32245
-74.34835,44.32601
-74.34827,44.31318
-74.34782,44.31258
-74.34745,44.32334
-74.34737,44.32954
-74.34687,44.32183
-74.34653,44.31554
-74.34627,44.31635
-74.34599,44.33952
-74.34531,44.33717
-74.34481,44.31511
-74.34415,44.20364
-74.34401,44.34741
-74.34396,44.33208
-74.34374,44.31718
-74.34342,44.33192
-74.34342,44.33686
-74.34318,44.32245
-74.34146,44.33546
-74.34144,44.32219
-74.34118,44.33325
-74.34063,44.32191
-74.33859,44.32074
-74.33808,44.32015
-74.336,43.27942
-74.33491,47.01048
-74.33231,44.13937
-74.32969,44.38154
-74.32822,44.20315
-74.32797,45.96518
-74.32654,44.38415
-74.3258,46.64005
-74.32493,47.01948
-74.32103,44.38368
-74.31905,44.38684
-74.31817,44.14915
-74.31733,44.16695
-74.3172,44.19885
-74.31639,44.14896
-74.31611,44.37381
-74.31354,44.37876
-74.31304,44.38677
-74.3129,43.25107
-74.31029,44.19991
-74.30943,43.25137
-74.30843,44.38183
-74.30836,46.64296
-74.30813,44.37546
-74.30455,44.37844
-74.30253,44.38289
-74.30094,44.38362
-74.29896,43.6292
-74.29772,44.38109
-74.29761,44.38706
-74.29463,44.39221
-74.29159,43.63786
-74.29128,44.38813
-74.2907,44.39426
-74.29029,44.3994
-74.2898,43.64024
-74.28894,43.63857
-74.28737,44.39275
-74.28482,44.39686
-74.27635,43.86686
-74.27481,44.46901
-74.27424,43.8622
-74.27415,44.46843
-74.26882,46.40263
-74.26872,43.86577
-74.26471,43.8656
-74.26458,44.08937
-74.25899,43.31537
-74.24531,43.84929
-74.24358,43.85124
-74.24194,43.85114
-74.24136,44.18351
-74.24053,43.85048
-74.23701,46.36019
-74.2369,43.85153
-74.23276,43.84244
-74.23248,43.85149
-74.23207,43.84602
-74.2315,43.8461
-74.23034,43.85013
-74.22683,43.37091
-74.22318,46.91201
-74.22169,46.91306
-74.2169,46.00559
-74.20995,45.83255
-74.2097,45.83341
-74.20855,45.83291
-74.20702,45.83201
-74.20667,45.82709
-74.20606,45.82778
-74.20606,45.83221
-74.20546,45.82727
-74.20503,45.8302
-74.20486,45.83231
-74.20439,45.82703
-74.20359,45.82798
-74.20298,45.83001
-74.20276,45.8284
-74.20221,45.82869
-74.20203,45.82688
-74.20198,45.82984
-74.20181,45.82765
-74.20153,45.8296
-74.20134,45.82805
-74.20072,43.83083
-74.20041,45.8295
-74.20019,45.82849
-74.20012,45.82773
-74.19942,45.82981
-74.19874,45.82685
-74.19849,45.82972
-74.19584,45.82859
-74.19436,44.45225
-74.19277,45.83902
-74.18811,44.45073
-74.18356,44.1828
-74.18335,44.18268
-74.17173,46.48451
-74.17083,44.17696
-74.16962,44.17709
-74.16912,46.47226
-74.16558,46.59411
-74.15904,44.99918
-74.15435,47.85172
-74.15228,43.72415
-74.13617,43.69405
-74.13156,43.70247
-74.13126,43.70439
-74.1303,43.69372
-74.1279,43.70799
-74.12653,43.70962
-74.12351,43.70446
-74.12207,43.71406
-74.11638,45.21806
-74.11488,43.68074
-74.10215,48.62164
-74.09478,43.68439
-74.08971,44.91002
-74.08874,44.90922
-74.07439,43.69203
-74.07229,45.85151
-74.06266,43.48054
-74.06188,43.81768
-74.06109,43.87747
-74.05845,45.46835
-74.05638,44.19942
-74.05585,43.88
-74.05582,44.11483
-74.05405,45.46286
-74.05314,44.14768
-74.05268,45.47126
-74.04803,45.46656
-74.0439,45.47102
-74.03921,43.88017
-74.03802,43.88016
-74.03748,43.88093
-74.03589,46.21904
-74.02793,46.22084
-74.02774,43.52595
-74.02727,43.52883
-74.02684,43.52078
-74.02637,43.53097
-74.02626,43.52181
-74.02534,43.52033
-74.02249,43.51482
-74.02176,44.10478
-74.01913,46.11028
-74.01746,46.44563
-74.01668,43.89138
-74.01484,46.2236
-74.0098,43.84966
-74.00452,46.22664
-74.00365,44.08919
-73.99972,48.68533
-73.99516,48.08704
-73.99348,44.11333
-73.99301,44.11349
-73.98946,44.11333
-73.98185,44.11892
-73.98165,44.12484
-73.9807,43.93589
-73.97886,44.15935
-73.97878,46.26788
-73.97877,46.26699
-73.97801,43.94266
-73.97501,46.26883
-73.97128,44.12905
-73.969,46.24832
-73.9663,46.24631
-73.96424,46.24435
-73.95957,43.30108
-73.95761,46.24045
-73.95672,46.2398
-73.95515,44.11455
-73.95467,44.14487
-73.9544,44.11415
-73.95438,44.14659
-73.95413,43.94343
-73.94957,46.23526
-73.94658,46.23284
-73.94576,46.23225
-73.94342,44.13141
-73.94301,44.13113
-73.93998,44.15331
-73.93934,44.15357
-73.93361,46.78288
-73.9149,46.21309
-73.91382,44.10004
-73.90026,46.8559
-73.89988,44.12601
-73.8992,44.12683
-73.89918,44.12663
-73.89583,44.11539
-73.88438,44.14381
-73.88387,44.1458
-73.88265,46.83537
-73.87776,44.06168
-73.87771,46.12455
-73.87108,43.64142
-73.87095,43.64828
-73.86961,43.43298
-73.86934,47.02262
-73.86813,45.8884
-73.86798,43.64525
-73.86479,44.15728
-73.86472,44.15757
-73.86399,44.15827
-73.86311,43.34637
-73.86305,43.34587
-73.8625,44.14659
-73.86229,44.14648
-73.86225,44.14628
-73.86042,46.32211
-73.85738,44.16199
-73.85737,46.3469
-73.85732,44.16209
-73.85693,46.34587
-73.85689,44.16181
-73.85641,46.34488
-73.85067,44.15507
-73.84902,44.1615
-73.841,46.95603
-73.83706,46.31928
-73.83579,43.27054
-73.83312,44.1777
-73.82803,44.18087
-73.82566,44.09579
-73.82528,44.09633
-73.82328,44.14493
-73.81715,44.11051
-73.81607,44.8992
-73.81606,46.73813
-73.81449,44.1139
-73.81321,44.11479
-73.80907,44.06089
-73.80892,44.06027
-73.8058,44.04545
-73.80573,44.04492
-73.80569,44.04439
-73.80046,44.43183
-73.79893,46.72926
-73.78995,43.77753
-73.77538,44.10682
-73.77154,46.70999
-73.77132,45.36089
-73.76357,46.31006
-73.75227,43.52922
-73.75207,43.529
-73.7516,44.14164
-73.75096,44.14221
-73.75088,44.14156
-73.75085,44.14226
-73.75048,44.14129
-73.7501,44.1419
-73.74989,44.14186
-73.74975,44.08483
-73.74893,43.50089
-73.73906,44.09314
-73.73896,44.14242
-73.73893,44.14254
-73.73882,44.14172
-73.7375,46.46575
-73.73544,44.09427
-73.73216,44.12382
-73.73116,44.12381
-73.73052,44.12614
-73.73021,43.59204
-73.72534,44.1017
-73.71803,44.10873
-73.71796,44.25278
-73.71733,44.25328
-73.71406,44.08799
-73.71235,44.26003
-73.71105,44.11277
-73.71036,46.11879
-73.7094,44.11289
-73.70157,43.39507
-73.69041,43.36965
-73.68847,43.77412
-73.68762,46.72086
-73.68691,44.10572
-73.68647,43.77265
-73.67225,43.78496
-73.66999,43.3763
-73.66708,46.73187
-73.60584,46.47493
-73.60091,43.46568
-73.5959,46.15966
-73.58914,43.46024
-73.58697,43.45437
-73.58682,43.46179
-73.58601,43.46167
-73.58566,43.46059
-73.58566,43.46228
-73.58541,43.45366
-73.58525,43.45551
-73.58521,43.45449
-73.58519,43.4562
-73.58515,43.45806
-73.58509,43.45333
-73.58504,43.45897
-73.58469,43.45349
-73.58334,43.45717
-73.58207,46.29542
-73.58188,43.54121
-73.5808,43.45792
-73.57663,43.41423
-73.57389,44.15394
-73.5582,43.54986
-73.55647,43.54952
-73.55539,44.16502
-73.54467,43.65627
-73.53463,43.65583
-73.47729,46.05867
-73.47313,43.79472
-73.47221,43.79519
-73.45581,44.04895
-73.45572,44.04907
-73.42356,46.32328
-73.42317,46.32423
-73.41434,43.94838
-73.41426,43.9482
-73.41242,44.05336
-73.40763,45.95635
-73.40721,46.7383
-73.40604,46.33825
-73.39754,46.33714
-73.39429,46.34348
-73.39047,46.48873
-73.38776,46.34266
-73.34631,44.665
-73.34305,44.84284
-73.31615,48.57446
-73.31381,44.18599
-73.3128,44.56019
-73.30884,46.72308
-73.30181,44.23675
-73.25852,46.31968
-73.23278,44.56371
-73.2151,44.28012
-73.21505,44.28039
-73.21501,44.27985
-73.21462,44.28025
-73.21452,44.28042
-73.21426,44.28006
-73.21397,44.93029
-73.21383,44.27969
-73.17797,46.98564
-73.16658,46.33573
-73.10895,46.96669
-73.10662,43.84507
-73.10448,43.82901
-73.09735,44.53652
-73.08964,46.66241
-73.08797,44.06368
-73.06669,46.79859
-73.06618,46.45953
-73.06546,43.90593
-73.05196,47.08792
-73.03645,46.72062
-73.00486,43.28117
-72.99304,46.64795
-72.99091,47.30477
-72.98272,44.00305
-72.95313,43.40412
-72.93391,46.55207
-72.93351,46.55163
-72.93343,46.55117
-72.91028,43.82539
-72.9064,43.94189
-72.9055,43.94664
-72.90193,43.95561
-72.89206,43.25279
-72.88975,47.1894
-72.88266,43.92752
-72.88037,43.30607
-72.88035,43.30701
-72.87109,44.30898
-72.84292,44.52903
-72.84224,46.72918
-72.83845,47.18826
-72.834,44.53135
-72.82915,44.50253
-72.82009,45.42691
-72.81325,43.67469
-72.79122,46.66673
-72.75807,44.41486
-72.75673,44.41621
-72.75375,44.41886
-72.75241,44.42027
-72.71503,43.28425
-72.70791,46.76104
-72.67833,46.2826
-72.65085,46.97798
-72.61907,45.43162
-72.6034,45.43479
-72.585,45.09875
-72.58108,47.42518
-72.56515,45.04172
-72.55198,44.77364
-72.53135,44.62856
-72.52928,44.62919
-72.52887,46.35367
-72.52745,44.63075
-72.52576,44.64719
-72.52562,44.64823
-72.52558,44.63569
-72.52457,44.65066
-72.52414,44.62766
-72.52375,44.63794
-72.52285,44.63106
-72.52236,44.62911
-72.52134,45.16194
-72.52088,44.62698
-72.5208,44.63013
-72.52004,44.63238
-72.51933,44.63663
-72.51905,44.63101
-72.51897,44.62315
-72.51888,44.63058
-72.51884,44.63756
-72.51851,44.63876
-72.51777,44.62011
-72.51675,44.64275
-72.51436,44.63532
-72.51417,44.64005
-72.51342,44.63209
-72.51317,44.62711
-72.51289,44.62889
-72.51143,44.6217
-72.51121,44.62315
-72.49435,45.90493
-72.4939,45.90323
-72.49304,45.90164
-72.49203,45.90474
-72.49185,45.90319
-72.48897,49.01681
-72.47425,45.12626
-72.46391,47.18056
-72.45086,45.90244
-72.42988,47.21793
-72.40708,45.15597
-72.40604,43.43795
-72.40294,47.25421
-72.39753,46.54496
-72.39296,45.22713
-72.36741,47.17986
-72.36202,47.18255
-72.35731,47.22901
-72.34654,46.85165
-72.3212,47.15005
-72.31489,47.0833
-72.29885,47.64871
-72.2963,47.12904
-72.28362,47.05101
-72.26791,44.28671
-72.26567,43.73422
-72.26308,43.72459
-72.26291,43.72477
-72.26277,43.72493
-72.26271,43.72529
-72.26268,43.72548
-72.26266,43.72554
-72.25686,46.82524
-72.2555,48.58029
-72.25204,46.20401
-72.24512,46.33139
-72.23965,45.35719
-72.23422,43.82908
-72.23377,45.36136
-72.21572,45.02431
-72.21429,46.83655
-72.21228,45.35737
-72.20833,44.94803
-72.19219,45.47627
-72.17968,46.96716
-72.17503,46.9614
-72.17213,43.31432
-72.16468,46.84091
-72.16236,44.7485
-72.1539,46.94778
-72.14766,46.83354
-72.14459,43.90218
-72.1415,46.65414
-72.13675,45.58069
-72.12269,43.99696
-72.10399,46.9193
-72.10178,47.97129
-72.10084,47.13589
-72.08972,47.12621
-72.08912,43.96646
-72.08221,46.70817
-72.08044,46.70944
-72.07997,46.70725
-72.07907,46.70937
-72.06528,43.32828
-72.05946,47.04404
-72.0516,44.87557
-72.05159,44.87508
-72.05157,44.8754
-72.04727,48.75513
-72.0397,43.82534
-72.0332,44.07778
-72.02495,44.84125
-72.00852,44.48583
-72.00143,47.85441
-71.97853,47.80586
-71.97139,47.63258
-71.95798,43.92195
-71.95405,47.05978
-71.94925,44.54712
-71.94853,44.58903
-71.94623,47.76659
-71.94091,46.05948
-71.93282,43.49041
-71.92533,48.6777
-71.91272,48.67871
-71.90771,45.34326
-71.90615,45.77739
-71.90574,48.67965
-71.88444,43.64947
-71.88243,43.63821
-71.88239,43.65023
-71.88231,43.64994
-71.88219,43.64981
-71.88205,43.65007
-71.88179,43.64989
-71.88164,43.64958
-71.88151,43.64976
-71.88139,43.64894
-71.88135,43.6496
-71.88064,43.64924
-71.88062,43.6496
-71.88005,43.65007
-71.87992,43.6499
-71.86464,47.75149
-71.86153,47.02691
-71.84684,46.97999
-71.83061,48.89867
-71.80158,45.14478
-71.79986,45.15303
-71.79855,45.14397
-71.79809,45.15045
-71.79714,45.14614
-71.79713,45.14149
-71.79586,45.14418
-71.79528,45.14571
-71.79141,46.89253
-71.77914,46.27857
-71.77793,46.27823
-71.77788,46.27738
-71.77782,46.2777
-71.75667,44.3457
-71.7346,46.46666
-71.73252,44.13711
-71.73198,44.21663
-71.71768,48.23971
-71.66871,45.35336
-71.6636,47.25857
-71.64672,44.11754
-71.64234,45.77906
-71.6403,45.78093
-71.63792,48.19094
-71.63572,43.99536
-71.63462,45.79056
-71.62904,44.22864
-71.62714,44.22649
-71.62536,43.87156
-71.62356,45.47433
-71.62245,44.22698
-71.62011,44.24006
-71.61843,44.23978
-71.61573,44.22664
-71.615,43.2524
-71.61287,44.23063
-71.61075,44.23314
-71.60758,44.23537
-71.60583,44.23417
-71.59486,44.16522
-71.58636,43.61839
-71.586,43.62032
-71.57923,44.2523
-71.57149,44.10012
-71.54948,43.72658
-71.54512,44.46894
-71.53876,43.71835
-71.53836,44.27053
-71.53546,43.7401
-71.53495,43.74152
-71.53424,43.74221
-71.53295,43.73862
-71.53288,43.73809
-71.53225,43.73842
-71.53047,43.73824
-71.52888,43.73636
-71.52354,47.6778
-71.515,43.71595
-71.51408,43.71736
-71.51338,43.7168
-71.51275,43.71607
-71.51083,43.71487
-71.48675,43.82884
-71.4858,43.82859
-71.48522,43.82854
-71.47495,48.33164
-71.45954,47.31536
-71.45831,47.31708
-71.43851,48.32049
-71.43153,46.57233
-71.43054,48.33743
-71.42987,45.12035
-71.42584,44.66638
-71.42161,46.3332
-71.41419,46.00825
-71.41314,46.00864
-71.40967,47.22743
-71.40486,47.21972
-71.39966,46.74911
-71.38993,44.52827
-71.38459,43.95111
-71.37748,47.04557
-71.37641,48.30697
-71.37005,44.21911
-71.36833,45.97818
-71.36507,48.51424
-71.36376,44.54487
-71.35942,47.21091
-71.35236,45.78248
-71.34541,44.0853
-71.33732,44.19798
-71.33029,47.12539
-71.29388,48.30049
-71.29329,44.29984
-71.28724,44.33455
-71.28373,48.37232
-71.26719,48.46413
-71.26675,44.3055
-71.25387,44.30883
-71.24364,44.00704
-71.23736,48.19744
-71.23218,44.40211
-71.22593,47.56152
-71.2259,44.40262
-71.22545,44.57012
-71.22448,44.57146
-71.21527,43.53538
-71.2086,45.81447
-71.20552,46.96496
-71.19888,48.30938
-71.19343,47.41548
-71.19076,45.7834
-71.18955,45.79633
-71.18367,45.81895
-71.1628,45.84049
-71.16133,45.83678
-71.15836,45.36129
-71.15468,45.79929
-71.15347,46.3295
-71.15038,45.81464
-71.14802,45.80372
-71.14523,44.24262
-71.13973,48.64802
-71.1376,45.78783
-71.1366,44.44236
-71.1358,45.44201
-71.1289,45.42285
-71.11743,48.33298
-71.11032,43.83203
-71.1071,44.38008
-71.10434,45.32639
-71.06809,43.2857
-71.05923,44.7595
-71.05689,44.28094
-71.05239,44.73587
-71.04425,44.73914
-71.04398,44.73606
-71.04362,46.95016
-71.03893,44.75174
-71.03866,44.76031
-71.03524,44.74825
-71.03304,44.74771
-71.02842,44.7464
-71.02212,44.26794
-71.01285,44.26516
-71.01023,43.45815
-71.00486,45.32829
-70.98502,44.78412
-70.97018,48.30715
-70.96501,44.93271
-70.94341,44.55978
-70.93193,44.55228
-70.91512,46.59642
-70.91202,43.54116
-70.90688,44.28061
-70.90609,45.29164
-70.90544,46.30647
-70.90007,45.32754
-70.90005,43.55624
-70.8921,44.5375
-70.88939,48.99932
-70.88413,48.58076
-70.8807,45.32187
-70.87523,44.59837
-70.86831,44.40011
-70.86589,45.27419
-70.86191,44.59921
-70.85567,45.3481
-70.85292,49.02711
-70.85116,45.29987
-70.84758,48.05154
-70.84615,44.52607
-70.84415,45.32963
-70.83306,45.31555
-70.82961,44.59753
-70.82347,44.31032
-70.81075,45.32591
-70.79691,44.41834
-70.78614,44.72089
-70.77877,48.64575
-70.77695,48.00265
-70.76026,48.89767
-70.74394,47.12194
-70.72186,44.83491
-70.72099,44.93891
-70.71491,47.21325
-70.7038,45.36737
-70.69415,44.08705
-70.68838,48.93388
-70.66058,44.02493
-70.66007,44.03068
-70.64544,48.38932
-70.64501,43.99518
-70.64456,43.99481
-70.64429,43.60292
-70.63958,48.75114
-70.63268,43.88104
-70.62085,48.35433
-70.61339,48.68925
-70.57343,47.27492
-70.5722,47.28708
-70.56617,47.74818
-70.5466,47.73515
-70.53194,44.06098
-70.52465,44.91935
-70.52372,47.72713
-70.52349,48.73142
-70.51766,43.91348
-70.5112,44.01788
-70.49835,47.76692
-70.48325,47.87571
-70.46888,44.10628
-70.46834,44.11624
-70.4683,43.98737
-70.46674,43.98397
-70.46542,46.62812
-70.46497,47.95254
-70.4643,46.62755
-70.46261,46.593
-70.46211,46.62576
-70.46087,46.62785
-70.45991,46.62637
-70.45831,46.62446
-70.45746,46.62711
-70.45411,46.62014
-70.45226,47.06374
-70.45185,46.61912
-70.44487,46.61486
-70.44334,43.35749
-70.44264,43.35687
-70.43969,43.35585
-70.43366,46.06413
-70.43199,46.06244
-70.42548,43.36653
-70.42438,45.1706
-70.42247,48.34204
-70.42202,43.3631
-70.42143,43.3624
-70.4198,45.54561
-70.41952,45.18851
-70.41848,43.36278
-70.41741,43.36309
-70.4166,44.51849
-70.4165,45.17294
-70.41502,45.18851
-70.41195,45.17378
-70.41188,43.50706
-70.40965,45.54487
-70.40782,46.62589
-70.40652,45.54494
-70.40455,45.19022
-70.3976,43.51032
-70.38797,48.37238
-70.38319,44.3327
-70.38218,43.51978
-70.37853,44.28682
-70.37728,46.47385
-70.35967,45.90998
-70.35916,45.21791
-70.35739,45.90876
-70.3537,45.53553
-70.35038,45.53448
-70.34884,45.12396
-70.34601,45.53673
-70.34599,45.53633
-70.34274,45.03922
-70.33091,47.68123
-70.33015,45.14422
-70.32663,48.29683
-70.32629,45.11344
-70.29164,45.13857
-70.28326,45.20726
-70.28264,45.14737
-70.27442,48.29215
-70.27299,47.99847
-70.2677,45.19525
-70.26324,48.26259
-70.26095,48.27827
-70.25979,45.58851
-70.25855,45.14328
-70.25487,45.1788
-70.25202,45.1722
-70.24354,45.65051
-70.23674,43.54686
-70.23542,45.16889
-70.23364,43.54061
-70.2308,43.54593
-70.22884,43.54667
-70.22622,47.26537
-70.20139,48.26641
-70.19458,45.23109
-70.19433,43.95245
-70.19162,45.13901
-70.19087,46.72752
-70.18936,45.21448
-70.1867,43.69207
-70.18459,43.69303
-70.17704,47.67694
-70.17203,48.28362
-70.17124,45.14678
-70.17111,45.13527
-70.14605,43.71047
-70.14441,46.74804
-70.1415,44.64556
-70.13451,43.87055
-70.13401,46.44347
-70.12367,46.6436
-70.11307,43.80264
-70.11217,44.63143
-70.10643,47.02772
-70.10065,43.67585
-70.10005,43.67546
-70.09926,43.67535
-70.09727,43.68102
-70.09682,43.68176
-70.09557,43.68308
-70.09476,43.68362
-70.0943,43.68393
-70.09111,43.68596
-70.09078,43.68629
-70.0906,43.68657
-70.0903,43.68698
-70.08994,43.68745
-70.08989,43.68585
-70.08935,43.68473
-70.08815,43.68718
-70.08718,44.31251
-70.08606,44.3446
-70.06976,46.76034
-70.05309,44.99124
-70.05066,45.23754
-70.03677,47.85251
-69.99762,48.26194
-69.98751,45.34938
-69.98071,47.39681
-69.97121,45.33924
-69.96859,47.86892
-69.96099,48.25537
-69.94804,44.2338
-69.93687,47.99965
-69.93311,48.03741
-69.91102,48.20538
-69.88746,48.23237
-69.8872,48.23358
-69.88371,47.25703
-69.87844,48.16321
-69.85549,45.45543
-69.85261,48.19342
-69.85182,43.72025
-69.84426,43.72196
-69.84408,48.14292
-69.83509,48.16239
-69.82193,44.55681
-69.7937,48.23411
-69.79163,44.07279
-69.7867,48.15979
-69.77491,47.80067
-69.76978,47.29267
-69.76733,47.45991
-69.75875,43.77198
-69.75786,48.07029
-69.75689,46.00033
-69.736,47.85311
-69.72981,45.88142
-69.72776,47.85205
-69.70492,45.63963
-69.70386,47.87955
-69.70371,47.87986
-69.70281,47.88022
-69.70249,47.88086
-69.70175,47.88186
-69.70152,47.88233
-69.70122,47.88287
-69.70074,47.88374
-69.70061,47.88408
-69.69956,47.88511
-69.69915,47.88569
-69.67243,45.27116
-69.6587,48.23232
-69.59829,45.65546
-69.56577,44.16367
-69.56575,45.73404
-69.56521,45.57262
-69.56508,44.16781
-69.55843,45.71448
-69.55588,45.71
-69.55294,45.69818
-69.55124,45.68729
-69.55084,45.57992
-69.5342,44.46528
-69.51628,43.87144
-69.48372,45.46744
-69.47387,45.20915
-69.46824,45.37607
-69.45552,47.97453
-69.43579,48.02162
-69.42868,45.42067
-69.41965,47.80615
-69.41958,45.41712
-69.41694,43.97901
-69.41386,45.53652
-69.41382,47.78164
-69.41143,48.34441
-69.39868,45.51233
-69.39439,46.61166
-69.39028,44.08691
-69.3897,46.61849
-69.38796,46.39895
-69.38596,46.70092
-69.3835,46.59791
-69.38313,46.65902
-69.38115,46.63652
-69.37887,46.7143
-69.37539,47.75523
-69.37534,46.65402
-69.37359,43.92739
-69.37315,46.63569
-69.37314,46.3467
-69.37133,46.35879
-69.36998,46.74005
-69.36943,46.35861
-69.36877,46.72483
-69.3669,46.3676
-69.36433,46.39603
-69.3613,46.38185
-69.35646,46.59339
-69.34568,46.57269
-69.33956,46.56336
-69.331,46.4465
-69.3211,46.44625
-69.30701,45.54471
-69.30018,46.47447
-69.29675,46.47663
-69.29422,46.47501
-69.29079,45.47783
-69.28995,45.25968
-69.28688,46.4944
-69.28443,45.4809
-69.28419,47.49044
-69.27605,46.78843
-69.27196,46.76978
-69.27091,46.77809
-69.27009,46.78075
-69.26939,46.75584
-69.26489,46.81778
-69.26101,46.77301
-69.2554,46.75634
-69.25291,46.84544
-69.25072,44.20691
-69.24795,46.85826
-69.24595,46.86002
-69.24484,46.86407
-69.22503,46.90261
-69.22328,46.90295
-69.21224,46.9075
-69.20812,47.70475
-69.20805,47.70468
-69.19675,46.95226
-69.19551,46.92409
-69.19434,46.93264
-69.19362,46.92453
-69.19237,47.77003
-69.17484,46.94967
-69.17063,46.2113
-69.13412,46.94918
-69.12895,46.94983
-69.12657,45.61628
-69.11483,46.15192
-69.10836,46.96044
-69.1,48.78333
-69.09147,46.15638
-69.08578,46.97226
-69.08474,44.16007
-69.08452,45.80648
-69.08302,46.97466
-69.08189,47.01683
-69.08003,46.97548
-69.07716,45.97964
-69.07671,45.98021
-69.07492,45.9784
-69.07064,46.02
-69.06392,45.84912
-69.05487,46.16168
-69.0487,45.89394
-69.03141,45.65128
-69.02989,45.8815
-69.0117,46.00143
-69.00784,47.67137
-69.00779,47.67148
-68.99412,46.17128
-68.97113,44.4296
-68.96606,46.03113
-68.9648,45.8346
-68.96054,45.57844
-68.94092,45.76767
-68.9337,44.44046
-68.91916,46.20488
-68.91709,46.19805
-68.91186,45.91577
-68.90912,45.99546
-68.90233,44.81653
-68.90198,45.80779
-68.89969,44.81549
-68.89547,46.963
-68.89455,46.1942
-68.89237,46.93759
-68.8901,46.93726
-68.88074,46.96282
-68.87447,46.18903
-68.87412,46.96187
-68.87324,46.15579
-68.86894,46.94326
-68.86586,46.13493
-68.86549,46.93841
-68.86432,46.1813
-68.86179,46.93428
-68.86085,47.69569
-68.8607,46.93752
-68.86015,46.13455
-68.85884,46.9381
-68.85481,46.94153
-68.85226,44.46542
-68.84771,46.12546
-68.84343,46.13694
-68.84325,46.12007
-68.84316,45.89115
-68.84272,46.30842
-68.84202,44.82894
-68.84036,46.96345
-68.8385,46.96439
-68.83836,46.96165
-68.83824,46.13804
-68.83819,46.95848
-68.83798,46.95911
-68.83685,45.72773
-68.83511,45.72349
-68.835,45.72289
-68.83493,45.72338
-68.8349,45.72313
-68.83378,48.33826
-68.83366,45.72185
-68.83361,45.72228
-68.83341,45.72208
-68.83245,46.97536
-68.82821,46.13963
-68.82601,46.18051
-68.81475,44.15576
-68.80861,45.75227
-68.80595,46.16358
-68.80255,44.13933
-68.79379,46.13488
-68.79379,46.13503
-68.79376,46.1353
-68.79375,46.13558
-68.79371,46.13472
-68.79361,46.13458
-68.7932,46.13613
-68.7931,46.13571
-68.79295,46.13596
-68.79292,46.13639
-68.79279,46.13186
-68.79279,46.1326
-68.79277,46.13606
-68.79272,46.13219
-68.7927,46.13199
-68.79266,46.13152
-68.79252,46.1319
-68.79239,46.13304
-68.78927,45.91443
-68.77772,46.08721
-68.76861,48.35578
-68.76849,46.07273
-68.75518,46.06366
-68.75282,44.57048
-68.71462,45.93286
-68.70699,47.63845
-68.70693,47.61525
-68.69329,44.83833
-68.69061,47.62688
-68.68443,45.98451
-68.67931,45.90824
-68.67189,44.31784
-68.66897,47.34714
-68.66594,47.95112
-68.66502,44.55211
-68.65901,44.75541
-68.65419,45.96787
-68.64521,44.58862
-68.62861,46.12962
-68.61364,45.90832
-68.58345,44.1484
-68.56342,46.1077
-68.56321,46.10782
-68.56314,46.10764
-68.56283,46.10748
-68.56281,46.10719
-68.56259,46.10739
-68.56244,46.10739
-68.56204,46.10759
-68.56131,46.10713
-68.56116,46.10704
-68.56103,46.10731
-68.56094,46.10692
-68.56088,46.10718
-68.56076,46.10682
-68.56072,46.10711
-68.56049,46.10698
-68.55996,46.10799
-68.55986,46.10773
-68.55981,46.10755
-68.5597,46.10745
-68.55951,46.10745
-68.55946,46.10762
-68.55944,46.10717
-68.55942,46.10731
-68.5591,46.10721
-68.55887,46.10717
-68.55887,46.1075
-68.55869,44.7633
-68.55862,46.10759
-68.55857,46.10711
-68.5584,46.10724
-68.55828,46.10734
-68.55827,46.10716
-68.55826,48.47742
-68.55698,46.10761
-68.55665,46.10789
-68.55585,46.10848
-68.55576,46.10862
-68.55563,46.10889
-68.55508,46.10954
-68.55071,45.61707
-68.54941,49.0566
-68.5492,49.06087
-68.54845,49.06172
-68.54682,49.05948
-68.5069,44.12656
-68.5038,44.10949
-68.49795,44.12236
-68.48966,44.28247
-68.48677,44.2701
-68.42903,44.12271
-68.40128,44.86018
-68.39918,47.44441
-68.39696,47.44247
-68.39679,47.44438
-68.39529,47.44436
-68.39511,47.44269
-68.39443,47.44206
-68.39288,47.44358
-68.39246,44.85862
-68.38791,44.26308
-68.35441,47.36556
-68.34313,47.39497
-68.32976,48.26845
-68.32033,48.25896
-68.30978,47.40528
-68.27696,47.36453
-68.27159,47.44147
-68.25688,49.19205
-68.23469,46.57183
-68.22732,46.54593
-68.20901,46.52746
-68.20802,46.52405
-68.20763,46.52473
-68.13991,47.33423
-68.06944,46.74937
-68.06272,44.51868
-68.06148,45.28683
-68.01036,45.04986
-67.93016,47.85934
-67.87289,44.95915
-67.87246,44.95691
-67.8714,45.04886
-67.86829,45.11049
-67.86618,45.00889
-67.86335,45.0893
-67.85723,44.43353
-67.83602,44.90577
-67.80716,47.14455
-67.78521,44.58891
-67.73541,45.82799
-67.73467,45.8275
-67.73233,47.04627
-67.71979,48.78364
-67.71687,46.71196
-67.71198,44.49557
-67.69476,44.67143
-67.64561,49.4305
-67.61449,45.22174
-67.61442,45.22145
-67.61403,45.22127
-67.61384,45.22089
-67.61378,45.2221
-67.61359,45.22056
-67.61357,45.22109
-67.61338,45.22157
-67.61327,45.22082
-67.61315,45.22057
-67.58676,46.16389
-67.50547,44.84201
-67.50284,45.48928
-67.49965,44.85976
-67.49417,48.56403
-67.4852,45.46536
-67.46271,44.57146
-67.45887,44.84636
-67.45629,44.86628
-67.44592,44.83629
-67.44584,45.60579
-67.44531,44.86757
-67.43904,44.85821
-67.39546,46.89515
-67.33903,47.37451
-67.27961,44.61518
-67.26135,44.79046
-67.25828,44.77225
-67.24956,44.80607
-67.22588,46.00123
-67.21214,44.77505
-67.20684,48.45497
-67.2011,44.78383
-67.17129,44.66307
-67.16805,44.66304
-67.16558,44.66395
-67.15915,48.65583
-67.15876,44.67041
-67.15625,44.84977
-67.1508,44.67793
-67.11011,48.18745
-67.10073,48.67929
-67.08415,48.00476
-67.07419,45.93964
-67.05195,48.23847
-67.03294,46.06345
-67.03031,48.18097
-67.01431,48.70839
-67.00416,44.91841
-67.00284,44.91944
-66.97182,48.69623
-66.95028,48.73189
-66.94862,45.88457
-66.94221,47.97615
-66.94001,47.97386
-66.90456,48.77581
