{"type": "FeatureCollection", "features": [{"type": "Feature", "properties": {"osm_type": "node", "osm_id": 3261245512, "tags": {"amenity": "casino", "name": "Casino Ganadero"}}, "geometry": {"type": "Point", "coordinates": [-98.1498585, 24.8544884]}}, {"type": "Feature", "properties": {"osm_type": "node", "osm_id": 3785240696, "tags": {"amenity": "casino", "name": "Abu-dhabi"}}, "geometry": {"type": "Point", "coordinates": [-100.1847713, 25.7767488]}}, {"type": "Feature", "properties": {"osm_type": "node", "osm_id": 3786489051, "tags": {"amenity": "casino", "name": "Casa Blanca"}}, "geometry": {"type": "Point", "coordinates": [-100.3036527, 25.6678015]}}, {"type": "Feature", "properties": {"osm_type": "node", "osm_id": 4082242289, "tags": {"addr:city": "Santa Catarina Nl", "addr:housenumber": "951", "addr:postcode": "66350", "addr:street": "Av. Las Huertas", "amenity": "casino", "name": "Legado Eventos", "toilets:wheelchair": "no", "wheelchair": "yes", "wheelchair:description": "Sal\u00f3n de eventos sociales (bodas, XV's,"}}, "geometry": {"type": "Point", "coordinates": [-100.4567508, 25.6814603]}}, {"type": "Feature", "properties": {"osm_type": "node", "osm_id": 4100024753, "tags": {"amenity": "casino", "name": "La Cima"}}, "geometry": {"type": "Point", "coordinates": [-100.2291758, 25.6781173]}}, {"type": "Feature", "properties": {"osm_type": "node", "osm_id": 4772172923, "tags": {"amenity": "casino", "name": "Hollywood Casino", "name:es": "Hollywood Casino"}}, "geometry": {"type": "Point", "coordinates": [-100.2575402, 25.5872196]}}, {"type": "Feature", "properties": {"osm_type": "node", "osm_id": 5771063509, "tags": {"addr:city": "Austin", "addr:housenumber": "13376", "addr:postcode": "78750", "addr:state": "TX", "addr:street": "Research Boulevard", "addr:unit": "605", "amenity": "casino", "name": "Texas Card House"}}, "geometry": {"type": "Point", "coordinates": [-97.7904514, 30.4456243]}}, {"type": "Feature", "properties": {"osm_type": "node", "osm_id": 8454731726, "tags": {"addr:street": "Boulevard Juli\u00e1n Trevi\u00f1o Elizondo", "amenity": "casino", "name": "Casino San Carlos"}}, "geometry": {"type": "Point", "coordinates": [-100.1724209, 25.7444226]}}, {"type": "Feature", "properties": {"osm_type": "node", "osm_id": 8581105819, "tags": {"amenity": "casino"}}, "geometry": {"type": "Point", "coordinates": [-100.3039861, 25.7712269]}}, {"type": "Feature", "properties": {"osm_type": "node", "osm_id": 12430002254, "tags": {"amenity": "casino", "name": "Lone Star Social Club"}}, "geometry": {"type": "Point", "coordinates": [-97.8344261, 30.4812187]}}, {"type": "Feature", "properties": {"osm_type": "node", "osm_id": 13377182282, "tags": {"addr:city": "Linares", "addr:state": "N.L.", "addr:street": "Carretera A San Carlos", "amenity": "casino", "name": "Casino Crown"}}, "geometry": {"type": "Point", "coordinates": [-99.5502115, 24.8532345]}}, {"type": "Feature", "properties": {"osm_type": "node", "osm_id": 13949983237, "tags": {"amenity": "casino", "check_date": "2026-06-18", "name": "Casino Andares"}}, "geometry": {"type": "Point", "coordinates": [-103.4783859, 25.5643716]}}, {"type": "Feature", "properties": {"osm_type": "node", "osm_id": 1487490474, "tags": {"amenity": "casino", "name": "Club 52"}}, "geometry": {"type": "Point", "coordinates": [-80.6776376, 28.124648]}}, {"type": "Feature", "properties": {"osm_type": "node", "osm_id": 3542060899, "tags": {"amenity": "casino", "name": "Resorts World Casino"}}, "geometry": {"type": "Point", "coordinates": [-79.2786923, 25.7522682]}}, {"type": "Feature", "properties": {"osm_type": "node", "osm_id": 3711179253, "tags": {"amenity": "casino", "name": "Atlantis Casino"}}, "geometry": {"type": "Point", "coordinates": [-77.3212701, 25.0839419]}}, {"type": "Feature", "properties": {"osm_type": "node", "osm_id": 4489367610, "tags": {"addr:city": "Coconut Creek", "addr:housenumber": "5550", "addr:postcode": "33073", "addr:state": "FL", "addr:street": "Northwest 40th Street", "amenity": "casino", "name": "Seminole Casino Coconut Creek", "opening_hours": "24/7", "phone": "+19549776700", "website": "https://casino.hardrock.com/coconut-creek"}}, "geometry": {"type": "Point", "coordinates": [-80.199474, 26.2779281]}}, {"type": "Feature", "properties": {"osm_type": "node", "osm_id": 9973042717, "tags": {"addr:street": "Harold Road", "amenity": "casino", "name": "ASure Win"}}, "geometry": {"type": "Point", "coordinates": [-77.3835322, 25.051073]}}, {"type": "Feature", "properties": {"osm_type": "node", "osm_id": 9973070517, "tags": {"amenity": "casino", "name": "A Sure Win"}}, "geometry": {"type": "Point", "coordinates": [-77.341753, 25.0379324]}}, {"type": "Feature", "properties": {"osm_type": "node", "osm_id": 9973094717, "tags": {"addr:street": "West Bay Street", "amenity": "casino", "name": "Island Luck"}}, "geometry": {"type": "Point", "coordinates": [-77.4086316, 25.0758856]}}, {"type": "Feature", "properties": {"osm_type": "node", "osm_id": 9973643619, "tags": {"addr:street": "Prince Charles Drive", "amenity": "casino", "name": "Flower\u2019s"}}, "geometry": {"type": "Point", "coordinates": [-77.2803081, 25.0367122]}}, {"type": "Feature", "properties": {"osm_type": "node", "osm_id": 12741518530, "tags": {"amenity": "casino", "name": "Jackpot Zone"}}, "geometry": {"type": "Point", "coordinates": [-82.1124013, 26.9909674]}}, {"type": "Feature", "properties": {"osm_type": "node", "osm_id": 13655249942, "tags": {"amenity": "casino", "name": "Casino Latino"}}, "geometry": {"type": "Point", "coordinates": [-81.6877905, 26.192921]}}, {"type": "Feature", "properties": {"osm_type": "node", "osm_id": 2131702640, "tags": {"amenity": "casino", "name": "Firelake Casino"}}, "geometry": {"type": "Point", "coordinates": [-96.9279402, 35.3036012]}}, {"type": "Feature", "properties": {"osm_type": "node", "osm_id": 3236721461, "tags": {"amenity": "casino", "name": "Arizona Charlie's Bingo"}}, "geometry": {"type": "Point", "coordinates": [-96.480412, 32.210824]}}, {"type": "Feature", "properties": {"osm_type": "node", "osm_id": 3500207873, "tags": {"amenity": "casino", "name": "7 Clans Casino"}}, "geometry": {"type": "Point", "coordinates": [-97.0713702, 36.499659]}}, {"type": "Feature", "properties": {"osm_type": "node", "osm_id": 3937929382, "tags": {"amenity": "casino", "name": "7 Clans Travel Plaza"}}, "geometry": {"type": "Point", "coordinates": [-97.0734055, 36.4878237]}}, {"type": "Feature", "properties": {"osm_type": "node", "osm_id": 4631062240, "tags": {"addr:city": "Pawhuska", "addr:housenumber": "2017", "addr:postcode": "74056", "addr:state": "OK", "addr:street": "East 15th Street", "amenity": "casino", "name": "Osage Nation Casino - Pawhuska", "smoking": "yes", "wheelchair": "yes"}}, "geometry": {"type": "Point", "coordinates": [-96.3143756, 36.6735117]}}, {"type": "Feature", "properties": {"osm_type": "node", "osm_id": 5274983698, "tags": {"addr:city": "Coyle", "addr:housenumber": "201", "addr:postcode": "73027", "addr:state": "OK", "addr:street": "East Main Street", "amenity": "casino", "name": "Cimarron Bend Casino", "operator": "Perkins Iowa Tribe"}}, "geometry": {"type": "Point", "coordinates": [-97.2343707, 35.9563845]}}, {"type": "Feature", "properties": {"osm_type": "node", "osm_id": 6196074785, "tags": {"amenity": "casino", "check_date": "2025-04-09", "name": "Golden Pony Casino"}}, "geometry": {"type": "Point", "coordinates": [-96.1957784, 35.4266801]}}, {"type": "Feature", "properties": {"osm_type": "node", "osm_id": 6629559695, "tags": {"addr:city": "Taos Pueblo", "addr:housenumber": "700", "addr:state": "NM", "addr:street": "Veterans Highway", "amenity": "casino", "name": "Taos Mountain Casino"}}, "geometry": {"type": "Point", "coordinates": [-105.5621761, 36.4278054]}}, {"type": "Feature", "properties": {"osm_type": "node", "osm_id": 7824606387, "tags": {"amenity": "casino"}}, "geometry": {"type": "Point", "coordinates": [-96.967636, 34.5076423]}}, {"type": "Feature", "properties": {"osm_type": "node", "osm_id": 10013813752, "tags": {"amenity": "casino", "check_date": "2025-04-09", "name": "Okemah Casino"}}, "geometry": {"type": "Point", "coordinates": [-96.3003661, 35.4193454]}}, {"type": "Feature", "properties": {"osm_type": "node", "osm_id": 11388842620, "tags": {"amenity": "casino"}}, "geometry": {"type": "Point", "coordinates": [-97.3456328, 36.9381879]}}, {"type": "Feature", "properties": {"osm_type": "node", "osm_id": 12618783082, "tags": {"amenity": "casino", "name": "Osage Casino Bartlesville"}}, "geometry": {"type": "Point", "coordinates": [-96.0345382, 36.7510011]}}, {"type": "Feature", "properties": {"osm_type": "node", "osm_id": 12806219189, "tags": {"amenity": "casino", "name": "Duck Creek Casino"}}, "geometry": {"type": "Point", "coordinates": [-96.0140118, 35.8142731]}}, {"type": "Feature", "properties": {"osm_type": "node", "osm_id": 13160182106, "tags": {"amenity": "casino", "name": "Semonole Nation Casino"}}, "geometry": {"type": "Point", "coordinates": [-96.6729069, 35.3821643]}}, {"type": "Feature", "properties": {"osm_type": "node", "osm_id": 13706491787, "tags": {"addr:housenumber": "4180", "addr:street": "South Lake Forest Drive", "addr:unit": "410", "amenity": "casino", "check_date": "2026-04-04", "name": "Lucky's Sweepstakes"}}, "geometry": {"type": "Point", "coordinates": [-96.6810062, 33.1576375]}}, {"type": "Feature", "properties": {"osm_type": "node", "osm_id": 13809390207, "tags": {"amenity": "casino", "name": "Belvedere High Stakes"}}, "geometry": {"type": "Point", "coordinates": [-97.1319299, 33.7582875]}}, {"type": "Feature", "properties": {"osm_type": "node", "osm_id": 13809390236, "tags": {"amenity": "casino", "name": "Lightning Link Lounge"}}, "geometry": {"type": "Point", "coordinates": [-97.128643, 33.759932]}}, {"type": "Feature", "properties": {"osm_type": "node", "osm_id": 4635086475, "tags": {"addr:city": "Heidelberg", "addr:housenumber": "1", "addr:postcode": "39439", "addr:state": "MS", "addr:street": "Choctaw Road", "amenity": "casino", "beer": "no", "contact:website": "http://bokhomacasino.com/", "liquor": "no", "name": "Bok Homa Casino", "opening_hours": "24/7", "phone": "+1 866-447-3275", "website": "http://bokhomacasino.com/", "wine": "no"}}, "geometry": {"type": "Point", "coordinates": [-89.0089157, 31.7771957]}}, {"type": "Feature", "properties": {"osm_type": "node", "osm_id": 5334108266, "tags": {"amenity": "casino"}}, "geometry": {"type": "Point", "coordinates": [-93.2471076, 32.5827297]}}, {"type": "Feature", "properties": {"osm_type": "node", "osm_id": 5364782608, "tags": {"amenity": "casino", "name": "Outpost Casino"}}, "geometry": {"type": "Point", "coordinates": [-93.1922479, 32.6831588]}}, {"type": "Feature", "properties": {"osm_type": "node", "osm_id": 8863462022, "tags": {"addr:city": "Tunica Resorts", "addr:housenumber": "1150", "addr:postcode": "38664", "addr:state": "MS", "addr:street": "Casino Strip Resort Boulevard", "amenity": "casino", "name": "Hollywood Casino & Hotel Tunica"}}, "geometry": {"type": "Point", "coordinates": [-90.4158855, 34.8132751]}}, {"type": "Feature", "properties": {"osm_type": "node", "osm_id": 9084194731, "tags": {"amenity": "casino"}}, "geometry": {"type": "Point", "coordinates": [-86.7352511, 32.2688246]}}, {"type": "Feature", "properties": {"osm_type": "node", "osm_id": 9693968787, "tags": {"addr:city": "Bossier City", "addr:housenumber": "7303", "addr:postcode": "71111", "addr:state": "LA", "addr:street": "East Texas Street", "amenity": "casino", "name": "Gold Mine Casino"}}, "geometry": {"type": "Point", "coordinates": [-93.6361296, 32.5459885]}}, {"type": "Feature", "properties": {"osm_type": "node", "osm_id": 10229549062, "tags": {"amenity": "casino", "name": "Choctaw Casino (Idabel)"}}, "geometry": {"type": "Point", "coordinates": [-94.8102423, 33.8970043]}}, {"type": "Feature", "properties": {"osm_type": "node", "osm_id": 11427501971, "tags": {"addr:city": "Hot Springs National Park", "addr:housenumber": "2705", "addr:postcode": "71901", "addr:state": "AR", "addr:street": "Central Avenue", "amenity": "casino", "gambling": "slot_machines;yes;betting", "name": "Oaklawn Racing Casino Resort", "opening_hours": "24/7", "smoking": "isolated"}}, "geometry": {"type": "Point", "coordinates": [-93.0591719, 34.4842716]}}, {"type": "Feature", "properties": {"osm_type": "node", "osm_id": 12008273455, "tags": {"amenity": "casino", "name": "Choctaw Landing"}}, "geometry": {"type": "Point", "coordinates": [-94.7428976, 34.1425796]}}, {"type": "Feature", "properties": {"osm_type": "node", "osm_id": 12175754530, "tags": {"amenity": "casino", "check_date": "2024-09-13"}}, "geometry": {"type": "Point", "coordinates": [-91.4208318, 32.4271]}}, {"type": "Feature", "properties": {"osm_type": "node", "osm_id": 12229847003, "tags": {"amenity": "casino", "name": "Grand Lake Casino"}}, "geometry": {"type": "Point", "coordinates": [-94.7081697, 36.6586782]}}, {"type": "Feature", "properties": {"osm_type": "node", "osm_id": 14017801054, "tags": {"amenity": "casino", "check_date": "2026-07-15", "name": "Pilot Casino"}}, "geometry": {"type": "Point", "coordinates": [-93.5160674, 32.5449029]}}, {"type": "Feature", "properties": {"osm_type": "node", "osm_id": 5222363222, "tags": {"amenity": "casino", "name": "Four Jacks Casino"}}, "geometry": {"type": "Point", "coordinates": [-114.6740337, 41.981391]}}, {"type": "Feature", "properties": {"osm_type": "node", "osm_id": 11018747223, "tags": {"amenity": "casino", "name": "Dotty's Casino"}}, "geometry": {"type": "Point", "coordinates": [-114.6689065, 41.9917435]}}, {"type": "Feature", "properties": {"osm_type": "node", "osm_id": 11018747224, "tags": {"amenity": "casino", "name": "Points! Casino"}}, "geometry": {"type": "Point", "coordinates": [-114.668557, 41.9917496]}}, {"type": "Feature", "properties": {"osm_type": "node", "osm_id": 11751837209, "tags": {"addr:city": "Ely", "addr:housenumber": "504", "addr:postcode": "89301", "addr:state": "NV", "addr:street": "Aultman Street", "amenity": "casino", "name": "Jailhouse Casino"}}, "geometry": {"type": "Point", "coordinates": [-114.8926956, 39.2482155]}}, {"type": "Feature", "properties": {"osm_type": "node", "osm_id": 3540330366, "tags": {"addr:city": "Cripple Creek", "addr:housenumber": "264", "addr:postcode": "80813", "addr:state": "CO", "addr:street": "East Bennett Avenue", "amenity": "casino", "name": "The Brass Ass Casino"}}, "geometry": {"type": "Point", "coordinates": [-105.1766076, 38.7465162]}}, {"type": "Feature", "properties": {"osm_type": "node", "osm_id": 3540330369, "tags": {"addr:city": "Cripple Creek", "addr:housenumber": "301", "addr:postcode": "80813", "addr:state": "CO", "addr:street": "East Bennett Avenue", "amenity": "casino", "name": "Johnny Nolon's Casino"}}, "geometry": {"type": "Point", "coordinates": [-105.1761932, 38.7468362]}}, {"type": "Feature", "properties": {"osm_type": "node", "osm_id": 6137947340, "tags": {"amenity": "casino", "name": "Ralston Keno"}}, "geometry": {"type": "Point", "coordinates": [-96.024612, 41.2066406]}}, {"type": "Feature", "properties": {"osm_type": "node", "osm_id": 8373461979, "tags": {"addr:city": "East Todd Unorganized Territory", "addr:housenumber": "30421", "addr:postcode": "69201", "addr:state": "SD", "addr:street": "US Highway 83", "amenity": "casino", "name": "Rosebud Casino", "phone": "+1-800-786-7673", "website": "https://rosebudcasino.com/"}}, "geometry": {"type": "Point", "coordinates": [-100.5760786, 42.998982]}}, {"type": "Feature", "properties": {"osm_type": "node", "osm_id": 12708277128, "tags": {"addr:city": "Black Hawk", "addr:housenumber": "401", "addr:postcode": "80422", "addr:state": "CO", "addr:street": "Main Street", "amenity": "casino", "name": "Horseshoe Casino Black Hawk", "old_name": "Isle Casino Black Hawk", "operator": "Caesars Entertainment"}}, "geometry": {"type": "Point", "coordinates": [-105.4842869, 39.7983218]}}, {"type": "Feature", "properties": {"osm_type": "node", "osm_id": 677131244, "tags": {"addr:city": "Bethlehem", "addr:housenumber": "77", "addr:postcode": "18015", "addr:state": "PA", "addr:street": "Wind Creek Boulevard", "amenity": "casino", "name": "Wind Creek Bethlehem", "wheelchair": "yes"}}, "geometry": {"type": "Point", "coordinates": [-75.3573124, 40.6149032]}}, {"type": "Feature", "properties": {"osm_type": "node", "osm_id": 3431891438, "tags": {"amenity": "casino", "leisure": "stadium", "name": "Saratoga Casino and Raceway"}}, "geometry": {"type": "Point", "coordinates": [-73.7735476, 43.0615482]}}, {"type": "Feature", "properties": {"osm_type": "node", "osm_id": 3641735028, "tags": {"amenity": "casino", "check_date": "2023-08-01", "entrance": "main", "name": "A&A Gaming", "opening_hours": "Su-We 11:00-02:00; Th-Sa 11:00-03:00", "operator": "Abner's Crab House", "website": "https://www.abnerscrabhouse.net/a---a-gaming.html"}}, "geometry": {"type": "Point", "coordinates": [-76.5380126, 38.6899169]}}, {"type": "Feature", "properties": {"osm_type": "node", "osm_id": 3905419763, "tags": {"amenity": "casino", "name": "Casino at Ocean Downs"}}, "geometry": {"type": "Point", "coordinates": [-75.1634422, 38.352381]}}, {"type": "Feature", "properties": {"osm_type": "node", "osm_id": 4138896833, "tags": {"addr:city": "Jamaica", "addr:housenumber": "110-00", "addr:postcode": "11420", "addr:state": "NY", "addr:street": "Rockaway Blvd", "amenity": "casino", "leisure": "adult_gaming_centre", "name": "Resorts World Casino NYC", "opening_hours": "Mo-Su 08:00-22:00", "operator": "Resorts World", "phone": "+1-888-888-8801", "website": "https://rwnewyork.com/"}}, "geometry": {"type": "Point", "coordinates": [-73.8325784, 40.6729984]}}, {"type": "Feature", "properties": {"osm_type": "node", "osm_id": 4846646020, "tags": {"amenity": "casino", "name": "Great Cedar Casino", "opening_hours": "24/7"}}, "geometry": {"type": "Point", "coordinates": [-71.9596172, 41.4723184]}}, {"type": "Feature", "properties": {"osm_type": "node", "osm_id": 4846646022, "tags": {"amenity": "casino", "name": "Grand Pequot Casino", "opening_hours": "24/7"}}, "geometry": {"type": "Point", "coordinates": [-71.9606296, 41.4740039]}}, {"type": "Feature", "properties": {"osm_type": "node", "osm_id": 5223547722, "tags": {"amenity": "casino", "name": "World Series of Poker"}}, "geometry": {"type": "Point", "coordinates": [-74.4351305, 39.3565361]}}, {"type": "Feature", "properties": {"osm_type": "node", "osm_id": 6003817083, "tags": {"amenity": "casino", "name": "The Downs at East Stroudsburg", "operator": "Mohegan Sun"}}, "geometry": {"type": "Point", "coordinates": [-75.1798129, 41.021616]}}, {"type": "Feature", "properties": {"osm_type": "node", "osm_id": 7936233348, "tags": {"addr:city": "Atlantic City", "addr:housenumber": "1", "addr:postcode": "08401", "addr:state": "NJ", "addr:street": "Borgata Way", "amenity": "casino", "name": "Borgata Hotel, Casino & Spa"}}, "geometry": {"type": "Point", "coordinates": [-74.4349308, 39.3785341]}}, {"type": "Feature", "properties": {"osm_type": "node", "osm_id": 7936233350, "tags": {"addr:city": "Atlantic City", "addr:housenumber": "500", "addr:postcode": "08401", "addr:state": "NJ", "addr:street": "Boardwalk", "amenity": "casino", "name": "Ocean Casino Resort"}}, "geometry": {"type": "Point", "coordinates": [-74.4146156, 39.3630261]}}, {"type": "Feature", "properties": {"osm_type": "node", "osm_id": 10601266037, "tags": {"amenity": "casino", "name": "Rainmaker Casino", "opening_hours": "24/7"}}, "geometry": {"type": "Point", "coordinates": [-71.957517, 41.4725441]}}, {"type": "Feature", "properties": {"osm_type": "node", "osm_id": 10601275853, "tags": {"amenity": "casino", "name": "Fox Tower Casino"}}, "geometry": {"type": "Point", "coordinates": [-71.9629772, 41.4768305]}}, {"type": "Feature", "properties": {"osm_type": "node", "osm_id": 11061765274, "tags": {"amenity": "casino", "name": "Resorts World Hudson Valley"}}, "geometry": {"type": "Point", "coordinates": [-74.0716473, 41.5191697]}}, {"type": "Feature", "properties": {"osm_type": "node", "osm_id": 11136675842, "tags": {"amenity": "casino", "gambling": "slot_machines", "name": "Lake House at Sylvan Beach Casino"}}, "geometry": {"type": "Point", "coordinates": [-75.7301035, 43.197383]}}, {"type": "Feature", "properties": {"osm_type": "node", "osm_id": 11242480404, "tags": {"amenity": "casino", "contact:facebook": "https://www.facebook.com/aces8scasinos", "name": "Aces & Eights Casino"}}, "geometry": {"type": "Point", "coordinates": [-70.8111974, 42.9098442]}}, {"type": "Feature", "properties": {"osm_type": "node", "osm_id": 11999438037, "tags": {"amenity": "casino", "name": "Casino of the Earth", "operator": "Mohegan Sun"}}, "geometry": {"type": "Point", "coordinates": [-72.0914386, 41.4916605]}}, {"type": "Feature", "properties": {"osm_type": "node", "osm_id": 12097791956, "tags": {"amenity": "casino", "name": "Monticello Raceway and Casino"}}, "geometry": {"type": "Point", "coordinates": [-74.7140658, 41.6690868]}}, {"type": "Feature", "properties": {"osm_type": "node", "osm_id": 12181019335, "tags": {"amenity": "casino", "name": "Wonder Casino"}}, "geometry": {"type": "Point", "coordinates": [-72.2852486, 42.9300887]}}, {"type": "Feature", "properties": {"osm_type": "node", "osm_id": 12989726615, "tags": {"addr:city": "Taunton", "addr:housenumber": "1", "addr:postcode": "02718", "addr:state": "MA", "addr:street": "First Light Boulevard", "amenity": "casino", "description": "Casino", "name": "First Light Casino", "operator": "Mashpee Wampanoag Tribal Gaming Authority", "smoking": "outside", "website": "https://firstlighttaunton.com/", "wheelchair": "yes"}}, "geometry": {"type": "Point", "coordinates": [-71.0466407, 41.8702588]}}, {"type": "Feature", "properties": {"osm_type": "node", "osm_id": 13320797250, "tags": {"amenity": "casino", "name": "Casino of the Sky"}}, "geometry": {"type": "Point", "coordinates": [-72.0881043, 41.4911754]}}, {"type": "Feature", "properties": {"osm_type": "node", "osm_id": 3037270813, "tags": {"addr:housenumber": "3011", "addr:street": "1st Avenue North", "amenity": "casino", "name": "The Bookie"}}, "geometry": {"type": "Point", "coordinates": [-108.5085166, 45.7809595]}}, {"type": "Feature", "properties": {"osm_type": "node", "osm_id": 3040237479, "tags": {"addr:housenumber": "108", "addr:street": "East Main Street", "amenity": "casino", "name": "Miners Saloon Casino & Emporium"}}, "geometry": {"type": "Point", "coordinates": [-109.9337604, 45.0195273]}}, {"type": "Feature", "properties": {"osm_type": "node", "osm_id": 3409826869, "tags": {"amenity": "casino", "name": "Lucky Star Casino"}}, "geometry": {"type": "Point", "coordinates": [-108.5525151, 46.4418222]}}, {"type": "Feature", "properties": {"osm_type": "node", "osm_id": 3413824136, "tags": {"addr:city": "Miles City", "addr:housenumber": "3020", "addr:postcode": "59301", "addr:state": "MT", "addr:street": "Stower Street", "amenity": "casino", "name": "StageCoach Station Casino & Bar"}}, "geometry": {"type": "Point", "coordinates": [-105.8206036, 46.4024998]}}, {"type": "Feature", "properties": {"osm_type": "node", "osm_id": 3628011651, "tags": {"amenity": "casino"}}, "geometry": {"type": "Point", "coordinates": [-112.6819753, 46.9553544]}}, {"type": "Feature", "properties": {"osm_type": "node", "osm_id": 3903567480, "tags": {"amenity": "casino"}}, "geometry": {"type": "Point", "coordinates": [-109.9229815, 48.3885576]}}, {"type": "Feature", "properties": {"osm_type": "node", "osm_id": 4523169937, "tags": {"amenity": "casino", "name": "Lucky Lil's"}}, "geometry": {"type": "Point", "coordinates": [-110.5754319, 45.6413635]}}, {"type": "Feature", "properties": {"osm_type": "node", "osm_id": 5991129365, "tags": {"amenity": "casino", "name": "Cattle Country Casino"}}, "geometry": {"type": "Point", "coordinates": [-109.8124355, 46.4352153]}}, {"type": "Feature", "properties": {"osm_type": "node", "osm_id": 6028808466, "tags": {"amenity": "casino", "name": "Little Sicily Casino", "smoking": "no"}}, "geometry": {"type": "Point", "coordinates": [-108.5528043, 45.7945287]}}, {"type": "Feature", "properties": {"osm_type": "node", "osm_id": 6030928939, "tags": {"amenity": "casino", "name": "Dotty\u2019s Casino"}}, "geometry": {"type": "Point", "coordinates": [-108.5489545, 45.7843491]}}, {"type": "Feature", "properties": {"osm_type": "node", "osm_id": 6037740865, "tags": {"amenity": "casino", "name": "Lucky Lil\u2019s Casino"}}, "geometry": {"type": "Point", "coordinates": [-112.1174587, 46.2441918]}}, {"type": "Feature", "properties": {"osm_type": "node", "osm_id": 6042584123, "tags": {"amenity": "casino", "name": "The Monte"}}, "geometry": {"type": "Point", "coordinates": [-108.506695, 45.781446]}}, {"type": "Feature", "properties": {"osm_type": "node", "osm_id": 6146628425, "tags": {"amenity": "casino", "name": "Gold Strike"}}, "geometry": {"type": "Point", "coordinates": [-109.247172, 45.1936508]}}, {"type": "Feature", "properties": {"osm_type": "node", "osm_id": 6160651900, "tags": {"amenity": "casino", "name": "Hooligan's Casino"}}, "geometry": {"type": "Point", "coordinates": [-108.5060184, 45.782612]}}, {"type": "Feature", "properties": {"osm_type": "node", "osm_id": 6641482317, "tags": {"amenity": "casino", "name": "Lucky Lil's Casino"}}, "geometry": {"type": "Point", "coordinates": [-114.0385972, 46.885312]}}, {"type": "Feature", "properties": {"osm_type": "node", "osm_id": 6644899838, "tags": {"amenity": "casino", "name": "Jackpot Casino"}}, "geometry": {"type": "Point", "coordinates": [-114.0783837, 48.073922]}}, {"type": "Feature", "properties": {"osm_type": "node", "osm_id": 6644900499, "tags": {"amenity": "casino", "name": "Silver Bullet Casino"}}, "geometry": {"type": "Point", "coordinates": [-114.1635782, 48.2841821]}}, {"type": "Feature", "properties": {"osm_type": "node", "osm_id": 6644903094, "tags": {"addr:city": "Bigfork", "addr:housenumber": "5", "addr:postcode": "59911", "addr:state": "mt", "addr:street": "Swan Way", "amenity": "casino", "name": "Buffalo Saloon Casino Lodge", "phone": "+1 406-837-7111", "website": "http://buffalosaloonbigfork.com/"}}, "geometry": {"type": "Point", "coordinates": [-114.0892082, 48.0967464]}}, {"type": "Feature", "properties": {"osm_type": "node", "osm_id": 6728025863, "tags": {"amenity": "casino"}}, "geometry": {"type": "Point", "coordinates": [-107.8784801, 48.3636695]}}, {"type": "Feature", "properties": {"osm_type": "node", "osm_id": 6928775539, "tags": {"amenity": "casino", "name": "Joker's Wild"}}, "geometry": {"type": "Point", "coordinates": [-112.5395435, 45.9978109]}}, {"type": "Feature", "properties": {"osm_type": "node", "osm_id": 6948926438, "tags": {"amenity": "casino", "name": "Sunset Casino"}}, "geometry": {"type": "Point", "coordinates": [-112.0479347, 46.6006421]}}, {"type": "Feature", "properties": {"osm_type": "node", "osm_id": 6948926451, "tags": {"amenity": "casino", "name": "Copper Club Casino"}}, "geometry": {"type": "Point", "coordinates": [-112.0470496, 46.5996678]}}, {"type": "Feature", "properties": {"osm_type": "node", "osm_id": 6977962774, "tags": {"addr:city": "Helena", "addr:housenumber": "2100", "addr:postcode": "59601", "addr:state": "MT", "addr:street": "North Last Chance Gulch Street", "addr:unit": "STE C", "amenity": "casino", "name": "Nickels Casino", "opening_hours": "Su-Sa 08:00-02:00", "phone": "+1-406-443-5554", "website": "https://nickelsgaming.com/"}}, "geometry": {"type": "Point", "coordinates": [-112.0229969, 46.6062187]}}, {"type": "Feature", "properties": {"osm_type": "node", "osm_id": 7018460898, "tags": {"amenity": "casino", "name": "Lucky Lil's Casino"}}, "geometry": {"type": "Point", "coordinates": [-114.081069, 46.7659266]}}, {"type": "Feature", "properties": {"osm_type": "node", "osm_id": 7045276793, "tags": {"amenity": "casino", "name": "Montana Mike's Cozy Casino"}}, "geometry": {"type": "Point", "coordinates": [-112.0077789, 46.5914556]}}, {"type": "Feature", "properties": {"osm_type": "node", "osm_id": 7124845319, "tags": {"amenity": "casino", "name": "24th Street Casino"}}, "geometry": {"type": "Point", "coordinates": [-108.57585, 45.7783773]}}, {"type": "Feature", "properties": {"osm_type": "node", "osm_id": 7234212810, "tags": {"amenity": "casino", "name": "Lucky Buckys Casino"}}, "geometry": {"type": "Point", "coordinates": [-111.9640712, 46.5907616]}}, {"type": "Feature", "properties": {"osm_type": "node", "osm_id": 7594465880, "tags": {"amenity": "casino", "name": "Katie O'Keefe's Casino"}}, "geometry": {"type": "Point", "coordinates": [-114.0116555, 46.8509025]}}, {"type": "Feature", "properties": {"osm_type": "node", "osm_id": 7594465927, "tags": {"amenity": "casino", "name": "Lucky Lil's Casino"}}, "geometry": {"type": "Point", "coordinates": [-114.0145574, 46.8518629]}}, {"type": "Feature", "properties": {"osm_type": "node", "osm_id": 7599451837, "tags": {"amenity": "casino", "name": "Sunrise Saloon and Casino"}}, "geometry": {"type": "Point", "coordinates": [-114.0154415, 46.8540742]}}, {"type": "Feature", "properties": {"osm_type": "node", "osm_id": 7604665723, "tags": {"amenity": "casino", "name": "Diamond Jim's Casino"}}, "geometry": {"type": "Point", "coordinates": [-114.019124, 46.8558981]}}, {"type": "Feature", "properties": {"osm_type": "node", "osm_id": 7604665870, "tags": {"amenity": "casino", "name": "Motown Casino"}}, "geometry": {"type": "Point", "coordinates": [-114.0175251, 46.8557196]}}, {"type": "Feature", "properties": {"osm_type": "node", "osm_id": 7624321903, "tags": {"amenity": "casino", "name": "One Eyed Jacks"}}, "geometry": {"type": "Point", "coordinates": [-114.0387683, 46.8456604]}}, {"type": "Feature", "properties": {"osm_type": "node", "osm_id": 7644695398, "tags": {"addr:city": "Missoula", "addr:street": "Mullan Road", "amenity": "casino", "name": "Magic Diamond Casino"}}, "geometry": {"type": "Point", "coordinates": [-114.0407311, 46.8856675]}}, {"type": "Feature", "properties": {"osm_type": "node", "osm_id": 7668566673, "tags": {"amenity": "casino", "name": "Montana Lil's Casino"}}, "geometry": {"type": "Point", "coordinates": [-114.0400377, 46.8960289]}}, {"type": "Feature", "properties": {"osm_type": "node", "osm_id": 7668645019, "tags": {"amenity": "casino", "name": "Silver Creek Casino"}}, "geometry": {"type": "Point", "coordinates": [-114.0378249, 46.9045593]}}, {"type": "Feature", "properties": {"osm_type": "node", "osm_id": 7682104824, "tags": {"amenity": "casino", "name": "Diamond Jim's Casino & Liquor"}}, "geometry": {"type": "Point", "coordinates": [-113.9820129, 46.8687956]}}, {"type": "Feature", "properties": {"osm_type": "node", "osm_id": 7798799755, "tags": {"amenity": "casino", "name": "Big Rig Casino"}}, "geometry": {"type": "Point", "coordinates": [-114.1338867, 46.9476355]}}, {"type": "Feature", "properties": {"osm_type": "node", "osm_id": 7860202407, "tags": {"amenity": "casino", "name": "Casino Royale"}}, "geometry": {"type": "Point", "coordinates": [-108.579467, 45.7702032]}}, {"type": "Feature", "properties": {"osm_type": "node", "osm_id": 7885066375, "tags": {"amenity": "casino", "name": "Levity Casino"}}, "geometry": {"type": "Point", "coordinates": [-108.6131217, 45.7498354]}}, {"type": "Feature", "properties": {"osm_type": "node", "osm_id": 7885091807, "tags": {"addr:city": "Billings", "addr:housenumber": "4010", "addr:state": "MT", "addr:street": "Montana Sapphire Drive", "addr:unit": "6", "amenity": "casino", "name": "Sapphire Lounge & Casino"}}, "geometry": {"type": "Point", "coordinates": [-108.6183451, 45.7508888]}}, {"type": "Feature", "properties": {"osm_type": "node", "osm_id": 7885091808, "tags": {"addr:city": "Billings", "addr:housenumber": "4010", "addr:state": "MT", "addr:street": "Montana Sapphire Drive", "amenity": "casino", "fixme": "unit/suite", "name": "Dotty's Casino"}}, "geometry": {"type": "Point", "coordinates": [-108.6183504, 45.7512425]}}, {"type": "Feature", "properties": {"osm_type": "node", "osm_id": 7946438419, "tags": {"addr:city": "Lewistown", "addr:housenumber": "419", "addr:state": "MT", "addr:street": "West Main Street", "amenity": "casino", "name": "The Western", "website": "https://www.facebook.com/Western-Lounge-Bar-Casino-Liquor-Store-105712777522013/"}}, "geometry": {"type": "Point", "coordinates": [-109.4276829, 47.0641552]}}, {"type": "Feature", "properties": {"osm_type": "node", "osm_id": 8181044412, "tags": {"amenity": "casino", "name": "Lucky Lil's Casino"}}, "geometry": {"type": "Point", "coordinates": [-114.3270889, 48.2412916]}}, {"type": "Feature", "properties": {"osm_type": "node", "osm_id": 8199969231, "tags": {"amenity": "casino", "name": "Magic Diamond Casino"}}, "geometry": {"type": "Point", "coordinates": [-111.2949147, 47.4939304]}}, {"type": "Feature", "properties": {"osm_type": "node", "osm_id": 8201278671, "tags": {"amenity": "casino", "name": "Lucky Logger"}}, "geometry": {"type": "Point", "coordinates": [-114.2936704, 48.2077052]}}, {"type": "Feature", "properties": {"osm_type": "node", "osm_id": 8225155259, "tags": {"amenity": "casino", "name": "Knotty Casino"}}, "geometry": {"type": "Point", "coordinates": [-109.2468494, 45.186267]}}, {"type": "Feature", "properties": {"osm_type": "node", "osm_id": 8250748532, "tags": {"amenity": "casino", "name": "Goldmine Gaming Parlour"}}, "geometry": {"type": "Point", "coordinates": [-112.5071497, 45.9747241]}}, {"type": "Feature", "properties": {"osm_type": "node", "osm_id": 8262569790, "tags": {"amenity": "casino", "name": "Bullhook Bottoms Casino"}}, "geometry": {"type": "Point", "coordinates": [-109.6912183, 48.5552279]}}, {"type": "Feature", "properties": {"osm_type": "node", "osm_id": 8272980076, "tags": {"amenity": "casino", "name": "Lucky Lil's Casino"}}, "geometry": {"type": "Point", "coordinates": [-109.6914347, 48.5545317]}}, {"type": "Feature", "properties": {"osm_type": "node", "osm_id": 8307978046, "tags": {"amenity": "casino", "name": "The Richest Hill"}}, "geometry": {"type": "Point", "coordinates": [-112.5370398, 46.0117757]}}, {"type": "Feature", "properties": {"osm_type": "node", "osm_id": 8307978047, "tags": {"amenity": "casino", "name": "The Times Casino"}}, "geometry": {"type": "Point", "coordinates": [-112.5351542, 46.0119042]}}, {"type": "Feature", "properties": {"osm_type": "node", "osm_id": 8317060514, "tags": {"amenity": "casino", "name": "Magic Diamond Casino"}}, "geometry": {"type": "Point", "coordinates": [-108.4154909, 45.81156]}}, {"type": "Feature", "properties": {"osm_type": "node", "osm_id": 8317060527, "tags": {"amenity": "casino", "name": "Jackrabbit Red's Casino"}}, "geometry": {"type": "Point", "coordinates": [-108.4151463, 45.8131379]}}, {"type": "Feature", "properties": {"osm_type": "node", "osm_id": 8317080808, "tags": {"amenity": "casino", "name": "Montana Lil's Casino"}}, "geometry": {"type": "Point", "coordinates": [-108.4168991, 45.8162073]}}, {"type": "Feature", "properties": {"osm_type": "node", "osm_id": 8428338485, "tags": {"amenity": "casino", "name": "Magic Diamond Casino"}}, "geometry": {"type": "Point", "coordinates": [-108.5962545, 45.7543166]}}, {"type": "Feature", "properties": {"osm_type": "node", "osm_id": 8431052577, "tags": {"amenity": "casino", "name": "Lucky 7's Casino"}}, "geometry": {"type": "Point", "coordinates": [-108.4764984, 45.8061262]}}, {"type": "Feature", "properties": {"osm_type": "node", "osm_id": 8431052580, "tags": {"amenity": "casino", "name": "Lucky Lil's Casino"}}, "geometry": {"type": "Point", "coordinates": [-108.4755189, 45.8073508]}}, {"type": "Feature", "properties": {"osm_type": "node", "osm_id": 8431052869, "tags": {"amenity": "casino", "name": "Diamond Jubilee Casino"}}, "geometry": {"type": "Point", "coordinates": [-108.4713616, 45.8207062]}}, {"type": "Feature", "properties": {"osm_type": "node", "osm_id": 8431052881, "tags": {"amenity": "casino", "name": "Bugz's Bar & Casino"}}, "geometry": {"type": "Point", "coordinates": [-108.4699357, 45.8235096]}}, {"type": "Feature", "properties": {"osm_type": "node", "osm_id": 8431052904, "tags": {"amenity": "casino", "name": "Heights Buffalo Palace Casino"}}, "geometry": {"type": "Point", "coordinates": [-108.4693683, 45.8241038]}}, {"type": "Feature", "properties": {"osm_type": "node", "osm_id": 8431087070, "tags": {"amenity": "casino", "name": "Lucky Diamond Casino"}}, "geometry": {"type": "Point", "coordinates": [-108.4704299, 45.8245592]}}, {"type": "Feature", "properties": {"osm_type": "node", "osm_id": 8431094638, "tags": {"amenity": "casino", "name": "Jackpot Casino"}}, "geometry": {"type": "Point", "coordinates": [-108.4710939, 45.8357549]}}, {"type": "Feature", "properties": {"osm_type": "node", "osm_id": 8431094639, "tags": {"amenity": "casino", "name": "Montana Lil's Casino"}}, "geometry": {"type": "Point", "coordinates": [-108.4680942, 45.8411054]}}, {"type": "Feature", "properties": {"osm_type": "node", "osm_id": 8487808263, "tags": {"amenity": "casino", "name": "Cash Casino"}}, "geometry": {"type": "Point", "coordinates": [-108.5775421, 45.7526806]}}, {"type": "Feature", "properties": {"osm_type": "node", "osm_id": 8519363865, "tags": {"amenity": "casino", "name": "Jackpot Casino West"}}, "geometry": {"type": "Point", "coordinates": [-111.1827957, 45.6715559]}}, {"type": "Feature", "properties": {"osm_type": "node", "osm_id": 8519386548, "tags": {"amenity": "casino", "name": "Montana Lil's Casino"}}, "geometry": {"type": "Point", "coordinates": [-111.186679, 45.6714585]}}, {"type": "Feature", "properties": {"osm_type": "node", "osm_id": 8519386578, "tags": {"amenity": "casino", "name": "Magic Diamond Casino & Liquor Store"}}, "geometry": {"type": "Point", "coordinates": [-111.1865941, 45.6732421]}}, {"type": "Feature", "properties": {"osm_type": "node", "osm_id": 8573691853, "tags": {"amenity": "casino", "name": "Magic Diamond Casino"}}, "geometry": {"type": "Point", "coordinates": [-111.1988691, 45.7736429]}}, {"type": "Feature", "properties": {"osm_type": "node", "osm_id": 8581408248, "tags": {"amenity": "casino", "name": "Magic Diamond Casino"}}, "geometry": {"type": "Point", "coordinates": [-110.5532289, 45.666269]}}, {"type": "Feature", "properties": {"osm_type": "node", "osm_id": 8597595152, "tags": {"amenity": "casino", "name": "Montana Lil's Casino"}}, "geometry": {"type": "Point", "coordinates": [-114.289645, 48.1635515]}}, {"type": "Feature", "properties": {"osm_type": "node", "osm_id": 8600414200, "tags": {"amenity": "casino", "name": "Lucky Lil's Casino"}}, "geometry": {"type": "Point", "coordinates": [-114.3220281, 48.2014686]}}, {"type": "Feature", "properties": {"osm_type": "node", "osm_id": 8600416429, "tags": {"amenity": "casino", "name": "Montana Nugget Casino"}}, "geometry": {"type": "Point", "coordinates": [-114.3263953, 48.2000964]}}, {"type": "Feature", "properties": {"osm_type": "node", "osm_id": 8600416440, "tags": {"amenity": "casino", "name": "Magic Diamond Casino"}}, "geometry": {"type": "Point", "coordinates": [-114.3159283, 48.1990275]}}, {"type": "Feature", "properties": {"osm_type": "node", "osm_id": 8600416479, "tags": {"amenity": "casino", "contact:phone": "+1 406 756 2378", "name": "Crown Room Casino"}}, "geometry": {"type": "Point", "coordinates": [-114.3043629, 48.2041488]}}, {"type": "Feature", "properties": {"osm_type": "node", "osm_id": 8912272812, "tags": {"amenity": "casino", "name": "Palace Casino"}}, "geometry": {"type": "Point", "coordinates": [-111.2960211, 47.4938194]}}, {"type": "Feature", "properties": {"osm_type": "node", "osm_id": 8912289690, "tags": {"addr:housenumber": "1220", "addr:street": "9th Street South", "amenity": "casino", "contact:facebook": "100066725141203", "name": "Joe's Place"}}, "geometry": {"type": "Point", "coordinates": [-111.2927883, 47.4913403]}}, {"type": "Feature", "properties": {"osm_type": "node", "osm_id": 8912289708, "tags": {"amenity": "casino", "name": "Holiday Casino & Lounge"}}, "geometry": {"type": "Point", "coordinates": [-111.2862189, 47.493951]}}, {"type": "Feature", "properties": {"osm_type": "node", "osm_id": 8912289721, "tags": {"amenity": "casino", "name": "Crystal Casino"}}, "geometry": {"type": "Point", "coordinates": [-111.2882934, 47.4918128]}}, {"type": "Feature", "properties": {"osm_type": "node", "osm_id": 8912921019, "tags": {"amenity": "casino", "name": "Crystal Casino"}}, "geometry": {"type": "Point", "coordinates": [-111.2839833, 47.4950723]}}, {"type": "Feature", "properties": {"osm_type": "node", "osm_id": 8914731574, "tags": {"amenity": "casino", "name": "The Lion's Den Casino", "smoking": "no"}}, "geometry": {"type": "Point", "coordinates": [-108.6545635, 45.7848087]}}, {"type": "Feature", "properties": {"osm_type": "node", "osm_id": 8921129194, "tags": {"amenity": "casino", "name": "Big John's Casino"}}, "geometry": {"type": "Point", "coordinates": [-111.266647, 47.4935104]}}, {"type": "Feature", "properties": {"osm_type": "node", "osm_id": 8921129292, "tags": {"amenity": "casino", "name": "Goode's Bar & Casino"}}, "geometry": {"type": "Point", "coordinates": [-111.2636299, 47.4938152]}}, {"type": "Feature", "properties": {"osm_type": "node", "osm_id": 8921129313, "tags": {"amenity": "casino", "name": "Emerald City Casino"}}, "geometry": {"type": "Point", "coordinates": [-111.2640651, 47.4944758]}}, {"type": "Feature", "properties": {"osm_type": "node", "osm_id": 8939929392, "tags": {"amenity": "casino", "name": "Gold's Casino"}}, "geometry": {"type": "Point", "coordinates": [-111.2516606, 47.4944471]}}, {"type": "Feature", "properties": {"osm_type": "node", "osm_id": 8939955343, "tags": {"amenity": "casino", "name": "R & R Casino"}}, "geometry": {"type": "Point", "coordinates": [-111.2410526, 47.4944675]}}, {"type": "Feature", "properties": {"osm_type": "node", "osm_id": 8955351041, "tags": {"amenity": "casino", "name": "Player's Casino"}}, "geometry": {"type": "Point", "coordinates": [-111.2326293, 47.4942462]}}, {"type": "Feature", "properties": {"osm_type": "node", "osm_id": 8971273899, "tags": {"amenity": "casino", "name": "Holiday West Casino"}}, "geometry": {"type": "Point", "coordinates": [-111.3097659, 47.5209529]}}, {"type": "Feature", "properties": {"osm_type": "node", "osm_id": 9184175816, "tags": {"amenity": "casino", "name": "Lucky 7 Casino"}}, "geometry": {"type": "Point", "coordinates": [-108.5875501, 45.7533322]}}, {"type": "Feature", "properties": {"osm_type": "node", "osm_id": 9184205200, "tags": {"amenity": "casino", "name": "Magic City Casino"}}, "geometry": {"type": "Point", "coordinates": [-108.5795693, 45.7483637]}}, {"type": "Feature", "properties": {"osm_type": "node", "osm_id": 9215370782, "tags": {"amenity": "casino", "name": "Lucky Lil's Casino"}}, "geometry": {"type": "Point", "coordinates": [-108.6022286, 45.7848846]}}, {"type": "Feature", "properties": {"osm_type": "node", "osm_id": 9215370791, "tags": {"amenity": "casino", "name": "The Grand Casino"}}, "geometry": {"type": "Point", "coordinates": [-108.5912648, 45.7855547]}}, {"type": "Feature", "properties": {"osm_type": "node", "osm_id": 9215370853, "tags": {"amenity": "casino", "name": "The Winner's Circle"}}, "geometry": {"type": "Point", "coordinates": [-108.5791992, 45.7843549]}}, {"type": "Feature", "properties": {"osm_type": "node", "osm_id": 9215370911, "tags": {"amenity": "casino", "name": "Gordy's"}}, "geometry": {"type": "Point", "coordinates": [-108.574329, 45.783858]}}, {"type": "Feature", "properties": {"osm_type": "node", "osm_id": 9215370917, "tags": {"amenity": "casino", "name": "Montana Nugget Casino"}}, "geometry": {"type": "Point", "coordinates": [-108.5714429, 45.7837216]}}, {"type": "Feature", "properties": {"osm_type": "node", "osm_id": 9215420038, "tags": {"amenity": "casino", "name": "Aurora Casino"}}, "geometry": {"type": "Point", "coordinates": [-108.5651777, 45.7837956]}}, {"type": "Feature", "properties": {"osm_type": "node", "osm_id": 9215420076, "tags": {"amenity": "casino", "name": "The Wardens Grand Casino"}}, "geometry": {"type": "Point", "coordinates": [-108.5598454, 45.7837722]}}, {"type": "Feature", "properties": {"osm_type": "node", "osm_id": 9239406640, "tags": {"amenity": "casino", "name": "Double Down Casino"}}, "geometry": {"type": "Point", "coordinates": [-111.3225771, 47.5098886]}}, {"type": "Feature", "properties": {"osm_type": "node", "osm_id": 9239406840, "tags": {"amenity": "casino", "name": "Falls Casino"}}, "geometry": {"type": "Point", "coordinates": [-111.3366043, 47.5074687]}}, {"type": "Feature", "properties": {"osm_type": "node", "osm_id": 9239424970, "tags": {"amenity": "casino", "name": "Lucky Lil's Casino"}}, "geometry": {"type": "Point", "coordinates": [-111.3233495, 47.5166034]}}, {"type": "Feature", "properties": {"osm_type": "node", "osm_id": 9239454807, "tags": {"amenity": "casino", "name": "Ryan's Station"}}, "geometry": {"type": "Point", "coordinates": [-111.3239032, 47.4983465]}}, {"type": "Feature", "properties": {"osm_type": "node", "osm_id": 9239454915, "tags": {"amenity": "casino", "name": "Emerald City Casino"}}, "geometry": {"type": "Point", "coordinates": [-111.2963739, 47.4912252]}}, {"type": "Feature", "properties": {"osm_type": "node", "osm_id": 9251468514, "tags": {"amenity": "casino", "name": "Cripple Creek Casino", "source": "microsoft/BuildingFootprints"}}, "geometry": {"type": "Point", "coordinates": [-111.2940149, 47.524986]}}, {"type": "Feature", "properties": {"osm_type": "node", "osm_id": 9252046768, "tags": {"amenity": "casino", "name": "Buffalo Nickel"}}, "geometry": {"type": "Point", "coordinates": [-111.309792, 47.5267783]}}, {"type": "Feature", "properties": {"osm_type": "node", "osm_id": 9252122337, "tags": {"amenity": "casino", "name": "Kernaghans Service Inc Jr's Casino"}}, "geometry": {"type": "Point", "coordinates": [-111.2812307, 47.514846]}}, {"type": "Feature", "properties": {"osm_type": "node", "osm_id": 9252122338, "tags": {"amenity": "casino", "name": "J R's Casino"}}, "geometry": {"type": "Point", "coordinates": [-111.2810153, 47.5144108]}}, {"type": "Feature", "properties": {"osm_type": "node", "osm_id": 9254778889, "tags": {"amenity": "casino", "name": "The Enterprise Casino"}}, "geometry": {"type": "Point", "coordinates": [-108.5753898, 45.7761659]}}, {"type": "Feature", "properties": {"osm_type": "node", "osm_id": 9254778969, "tags": {"amenity": "casino", "name": "Sam's Place"}}, "geometry": {"type": "Point", "coordinates": [-108.5558588, 45.7776449]}}, {"type": "Feature", "properties": {"osm_type": "node", "osm_id": 9254778970, "tags": {"amenity": "casino", "name": "Bullwackers Lounge and Casino"}}, "geometry": {"type": "Point", "coordinates": [-108.5547119, 45.7773797]}}, {"type": "Feature", "properties": {"osm_type": "node", "osm_id": 9254778993, "tags": {"amenity": "casino", "name": "Plum Creek Casino"}}, "geometry": {"type": "Point", "coordinates": [-108.5524398, 45.7772641]}}, {"type": "Feature", "properties": {"osm_type": "node", "osm_id": 9254796964, "tags": {"amenity": "casino", "name": "Becks Bourbon Street Casino"}}, "geometry": {"type": "Point", "coordinates": [-108.5127501, 45.778483]}}, {"type": "Feature", "properties": {"osm_type": "node", "osm_id": 9254986404, "tags": {"amenity": "casino", "name": "Lucky Lil's Casino"}}, "geometry": {"type": "Point", "coordinates": [-108.554126, 45.7838363]}}, {"type": "Feature", "properties": {"osm_type": "node", "osm_id": 9254986405, "tags": {"amenity": "casino", "name": "Gold Dust Casino"}}, "geometry": {"type": "Point", "coordinates": [-108.5543274, 45.7831526]}}, {"type": "Feature", "properties": {"osm_type": "node", "osm_id": 9254986412, "tags": {"amenity": "casino", "name": "Jackpot Nevada Casino"}}, "geometry": {"type": "Point", "coordinates": [-108.5482372, 45.7847709]}}, {"type": "Feature", "properties": {"osm_type": "node", "osm_id": 9255043228, "tags": {"amenity": "casino", "name": "Palms Grand Casino"}}, "geometry": {"type": "Point", "coordinates": [-108.5443443, 45.783822]}}, {"type": "Feature", "properties": {"osm_type": "node", "osm_id": 9255043230, "tags": {"amenity": "casino", "name": "Big B Bingo & Casino"}}, "geometry": {"type": "Point", "coordinates": [-108.545705, 45.7833131]}}, {"type": "Feature", "properties": {"osm_type": "node", "osm_id": 9269429404, "tags": {"amenity": "casino", "name": "Lucky Lil's Casino"}}, "geometry": {"type": "Point", "coordinates": [-111.3277697, 47.4891054]}}, {"type": "Feature", "properties": {"osm_type": "node", "osm_id": 9333314381, "tags": {"addr:city": "Billings", "addr:housenumber": "635", "addr:postcode": "59102", "addr:state": "MT", "addr:street": "South 18th Street West", "amenity": "casino", "name": "Copper Creek Casino"}}, "geometry": {"type": "Point", "coordinates": [-108.5608241, 45.7581842]}}, {"type": "Feature", "properties": {"osm_type": "node", "osm_id": 9687256120, "tags": {"amenity": "casino", "name": "Gold Dust Bar Restaurant"}}, "geometry": {"type": "Point", "coordinates": [-112.0118561, 46.6065244]}}, {"type": "Feature", "properties": {"osm_type": "node", "osm_id": 9687270229, "tags": {"amenity": "casino", "name": "Nickel's Casino"}}, "geometry": {"type": "Point", "coordinates": [-112.0432209, 46.5993143]}}, {"type": "Feature", "properties": {"osm_type": "node", "osm_id": 9749919658, "tags": {"amenity": "casino", "name": "Magic Diamond Casino"}}, "geometry": {"type": "Point", "coordinates": [-111.0661726, 45.7058392]}}, {"type": "Feature", "properties": {"osm_type": "node", "osm_id": 9969119188, "tags": {"amenity": "casino", "name": "Glacier Lil' Peaks Casino"}}, "geometry": {"type": "Point", "coordinates": [-113.0117684, 48.5490897]}}, {"type": "Feature", "properties": {"osm_type": "node", "osm_id": 10068129408, "tags": {"amenity": "casino", "name": "Atlantis Casino"}}, "geometry": {"type": "Point", "coordinates": [-108.6139845, 45.785059]}}, {"type": "Feature", "properties": {"osm_type": "node", "osm_id": 10107514550, "tags": {"amenity": "casino", "name": "Wild Willy's Casino"}}, "geometry": {"type": "Point", "coordinates": [-108.4863866, 45.7920854]}}, {"type": "Feature", "properties": {"osm_type": "node", "osm_id": 10131698843, "tags": {"amenity": "casino", "name": "Ike & Susan's Lounge, Casino, Liquor Store"}}, "geometry": {"type": "Point", "coordinates": [-111.242292, 47.5068872]}}, {"type": "Feature", "properties": {"osm_type": "node", "osm_id": 10283076944, "tags": {"amenity": "casino", "name": "High Water Casino"}}, "geometry": {"type": "Point", "coordinates": [-108.7831139, 45.6686633]}}, {"type": "Feature", "properties": {"osm_type": "node", "osm_id": 10285530304, "tags": {"amenity": "casino", "name": "Montana Lil's Casino"}}, "geometry": {"type": "Point", "coordinates": [-108.7719065, 45.6654932]}}, {"type": "Feature", "properties": {"osm_type": "node", "osm_id": 10285530312, "tags": {"amenity": "casino", "name": "Cedar Ridge Casino"}}, "geometry": {"type": "Point", "coordinates": [-108.7709307, 45.6656189]}}, {"type": "Feature", "properties": {"osm_type": "node", "osm_id": 10301565600, "tags": {"amenity": "casino", "name": "Tinhorn Casino"}}, "geometry": {"type": "Point", "coordinates": [-108.7664959, 45.6659336]}}, {"type": "Feature", "properties": {"osm_type": "node", "osm_id": 10767850137, "tags": {"amenity": "casino", "name": "Jackpot Casino"}}, "geometry": {"type": "Point", "coordinates": [-111.1859559, 45.7641555]}}, {"type": "Feature", "properties": {"osm_type": "node", "osm_id": 10846467183, "tags": {"addr:city": "Livingston", "addr:housenumber": "201", "addr:postcode": "59047", "addr:state": "MT", "addr:street": "South Main Street", "addr:unit": "1", "amenity": "casino", "name": "Unwined Bar & Casino"}}, "geometry": {"type": "Point", "coordinates": [-110.5582471, 45.6594347]}}, {"type": "Feature", "properties": {"osm_type": "node", "osm_id": 10846467184, "tags": {"addr:city": "Livingston", "addr:housenumber": "218", "addr:postcode": "59047", "addr:state": "MT", "addr:street": "South Main Street", "addr:unit": "1", "amenity": "casino", "name": "Unwined Bar & Casino"}}, "geometry": {"type": "Point", "coordinates": [-110.557408, 45.6584543]}}, {"type": "Feature", "properties": {"osm_type": "node", "osm_id": 10913186981, "tags": {"amenity": "casino", "name": "Best Bet Casino", "opening_hours": "Mo-Su 08:00-02:00"}}, "geometry": {"type": "Point", "coordinates": [-114.3063283, 48.1841418]}}, {"type": "Feature", "properties": {"osm_type": "node", "osm_id": 10914503927, "tags": {"amenity": "casino", "name": "Lucky Pick Casino", "opening_hours": "Su-Th 09:00-01:00; Fr-Sa 09:00-02:00"}}, "geometry": {"type": "Point", "coordinates": [-114.159252, 48.2252074]}}, {"type": "Feature", "properties": {"osm_type": "node", "osm_id": 10920144663, "tags": {"amenity": "casino", "name": "Shamrock Casino"}}, "geometry": {"type": "Point", "coordinates": [-114.284076, 48.2115]}}, {"type": "Feature", "properties": {"osm_type": "node", "osm_id": 10946689861, "tags": {"amenity": "casino", "facebook": "https://www.facebook.com/HideoutCasino/", "name": "The Hideout Casino and Liquor Store", "shop": "alcohol"}}, "geometry": {"type": "Point", "coordinates": [-110.5724509, 45.6419682]}}, {"type": "Feature", "properties": {"osm_type": "node", "osm_id": 11081066844, "tags": {"amenity": "casino", "name": "Windiggers Casino"}}, "geometry": {"type": "Point", "coordinates": [-114.2769876, 48.2411418]}}, {"type": "Feature", "properties": {"osm_type": "node", "osm_id": 11100042136, "tags": {"amenity": "casino", "name": "Best Bet Casino"}}, "geometry": {"type": "Point", "coordinates": [-114.3310274, 48.2011782]}}, {"type": "Feature", "properties": {"osm_type": "node", "osm_id": 11114595716, "tags": {"amenity": "casino", "name": "Gold Bar"}}, "geometry": {"type": "Point", "coordinates": [-114.3181112, 48.200894]}}, {"type": "Feature", "properties": {"osm_type": "node", "osm_id": 11369524651, "tags": {"amenity": "casino", "name": "Magic Diamond Casino"}}, "geometry": {"type": "Point", "coordinates": [-114.081506, 46.7576414]}}, {"type": "Feature", "properties": {"osm_type": "node", "osm_id": 11670169507, "tags": {"amenity": "casino", "name": "Fireside Casino & Sports Lounge"}}, "geometry": {"type": "Point", "coordinates": [-114.2808348, 48.2399963]}}, {"type": "Feature", "properties": {"osm_type": "node", "osm_id": 11844775075, "tags": {"amenity": "casino", "name": "Black Chip Casino"}}, "geometry": {"type": "Point", "coordinates": [-108.7711451, 45.6660038]}}, {"type": "Feature", "properties": {"osm_type": "node", "osm_id": 11965775982, "tags": {"amenity": "casino", "name": "Gold Coin Casino"}}, "geometry": {"type": "Point", "coordinates": [-114.1558796, 46.2526937]}}, {"type": "Feature", "properties": {"osm_type": "node", "osm_id": 12027790848, "tags": {"amenity": "casino", "name": "Silver Coin Casino"}}, "geometry": {"type": "Point", "coordinates": [-114.1560819, 46.246855]}}, {"type": "Feature", "properties": {"osm_type": "node", "osm_id": 12150947843, "tags": {"addr:city": "Hamilton", "addr:housenumber": "200", "addr:postcode": "59840", "addr:state": "MT", "addr:street": "West Main Street", "amenity": "casino", "name": "Shiny Buckles Casino", "operator": "Naps Grill", "smoking": "no"}}, "geometry": {"type": "Point", "coordinates": [-114.1574256, 46.2474677]}}, {"type": "Feature", "properties": {"osm_type": "node", "osm_id": 12177458092, "tags": {"amenity": "casino", "name": "Old West Casino"}}, "geometry": {"type": "Point", "coordinates": [-114.1787817, 46.0203803]}}, {"type": "Feature", "properties": {"osm_type": "node", "osm_id": 12377523464, "tags": {"amenity": "casino", "name": "Lucky Lil's Casino"}}, "geometry": {"type": "Point", "coordinates": [-114.1118127, 46.5305919]}}, {"type": "Feature", "properties": {"osm_type": "node", "osm_id": 12809957750, "tags": {"amenity": "casino", "name": "Montana Lil's Casino"}}, "geometry": {"type": "Point", "coordinates": [-108.6158375, 45.7557816]}}, {"type": "Feature", "properties": {"osm_type": "node", "osm_id": 12984935600, "tags": {"addr:city": "Miles City", "addr:housenumber": "2901", "addr:postcode": "59301-4900", "addr:state": "MT", "addr:street": "Boutelle Street", "amenity": "casino", "name": "Blue Moon Casino", "phone": "+1-406-874-4444", "smoking": "outside"}}, "geometry": {"type": "Point", "coordinates": [-105.8238519, 46.3962026]}}, {"type": "Feature", "properties": {"osm_type": "node", "osm_id": 13037866490, "tags": {"addr:city": "Miles City", "addr:housenumber": "330", "addr:postcode": "59301-9239", "addr:state": "MT", "addr:street": "Roger Lane", "addr:unit": "5", "amenity": "casino", "name": "Treasure Cove Casino", "opening_hours": "Mo-Su 08:00-02:00", "phone": "+1-406-234-4690", "smoking": "outside"}}, "geometry": {"type": "Point", "coordinates": [-105.8202031, 46.4046814]}}, {"type": "Feature", "properties": {"osm_type": "node", "osm_id": 13040658353, "tags": {"addr:city": "Miles City", "addr:housenumber": "1111", "addr:postcode": "59301-5749", "addr:state": "MT", "addr:street": "South Haynes Avenue", "amenity": "casino", "name": "Gold Dust Casino & Liquor Store", "opening_hours": "Mo-Su 08:00-02:00", "phone": "+1-406-234-2370", "smoking": "outside"}}, "geometry": {"type": "Point", "coordinates": [-105.8231127, 46.3978475]}}, {"type": "Feature", "properties": {"osm_type": "node", "osm_id": 13043446856, "tags": {"addr:city": "Miles City", "addr:housenumber": "1210", "addr:postcode": "59301-5730", "addr:state": "MT", "addr:street": "South Haynes Avenue", "amenity": "casino", "name": "Lucky Lil's Casino", "opening_hours": "Mo-Su 08:00-02:00", "operator": "Town Pump", "phone": "+1-406-232-2589", "smoking": "outside", "website": "https://www.montanasbestcasinos.com/"}}, "geometry": {"type": "Point", "coordinates": [-105.8217146, 46.396881]}}, {"type": "Feature", "properties": {"osm_type": "node", "osm_id": 13341067982, "tags": {"amenity": "casino", "name": "Lucky Lil's Casino"}}, "geometry": {"type": "Point", "coordinates": [-112.0214634, 46.6137266]}}, {"type": "Feature", "properties": {"osm_type": "node", "osm_id": 13568607189, "tags": {"amenity": "casino", "name": "Emerald City Casino", "opening_hours": "Mo-Su 08:00-02:00"}}, "geometry": {"type": "Point", "coordinates": [-114.3365098, 48.3932202]}}, {"type": "Feature", "properties": {"osm_type": "node", "osm_id": 13604034550, "tags": {"amenity": "casino", "name": "Casino 8"}}, "geometry": {"type": "Point", "coordinates": [-108.5962328, 45.7438658]}}, {"type": "Feature", "properties": {"osm_type": "node", "osm_id": 13733452691, "tags": {"addr:city": "Belgrade", "addr:housenumber": "11", "addr:postcode": "59714", "addr:state": "MT", "addr:street": "West Main Street", "addr:unit": "108", "amenity": "casino", "check_date": "2026-04-15", "currency:XBT": "yes", "gambling": "slot_machines", "name": "Rhino Casino", "opening_hours": "Mo-Su 08:00-00:00", "payment:lightning": "yes", "payment:lightning:operator": "square", "payment:lightning_contactless": "no", "payment:onchain": "no", "phone": "+1-406-388-9900"}}, "geometry": {"type": "Point", "coordinates": [-111.1773495, 45.7765548]}}, {"type": "Feature", "properties": {"osm_type": "node", "osm_id": 13778461842, "tags": {"amenity": "casino", "name": "Bliss Casino"}}, "geometry": {"type": "Point", "coordinates": [-108.6205292, 45.7547146]}}, {"type": "Feature", "properties": {"osm_type": "node", "osm_id": 13959014979, "tags": {"amenity": "casino", "name": "High Tide Casino"}}, "geometry": {"type": "Point", "coordinates": [-108.5526742, 45.7500619]}}, {"type": "Feature", "properties": {"osm_type": "node", "osm_id": 13959015033, "tags": {"amenity": "casino", "name": "Bayou Casino & Liquor Store"}}, "geometry": {"type": "Point", "coordinates": [-108.5538535, 45.7562245]}}, {"type": "Feature", "properties": {"osm_type": "node", "osm_id": 13965202224, "tags": {"amenity": "casino", "name": "Wild Jack's Casino"}}, "geometry": {"type": "Point", "coordinates": [-112.6796016, 46.9547008]}}, {"type": "Feature", "properties": {"osm_type": "node", "osm_id": 13979483167, "tags": {"amenity": "casino", "name": "Nickle Ante Casino"}}, "geometry": {"type": "Point", "coordinates": [-108.5214258, 45.7691464]}}, {"type": "Feature", "properties": {"osm_type": "node", "osm_id": 14025061875, "tags": {"amenity": "casino", "name": "Dotty's Casino"}}, "geometry": {"type": "Point", "coordinates": [-108.4726265, 45.8066945]}}, {"type": "Feature", "properties": {"osm_type": "node", "osm_id": 14025147158, "tags": {"amenity": "casino", "name": "The Warden's Legacy Casino"}}, "geometry": {"type": "Point", "coordinates": [-108.4702181, 45.8239156]}}, {"type": "Feature", "properties": {"osm_type": "node", "osm_id": 1508955811, "tags": {"amenity": "casino", "name": "Ajax Downs", "note": "OLG Slots"}}, "geometry": {"type": "Point", "coordinates": [-79.002493, 43.8717649]}}, {"type": "Feature", "properties": {"osm_type": "node", "osm_id": 4307364578, "tags": {"amenity": "casino", "name": "Mohawk Slots"}}, "geometry": {"type": "Point", "coordinates": [-79.9996954, 43.4962682]}}, {"type": "Feature", "properties": {"osm_type": "node", "osm_id": 4689774903, "tags": {"amenity": "casino", "name": "Georgian Downs", "smoking": "no", "wheelchair": "yes"}}, "geometry": {"type": "Point", "coordinates": [-79.6869691, 44.2925221]}}, {"type": "Feature", "properties": {"osm_type": "node", "osm_id": 5654351969, "tags": {"amenity": "casino", "name": "Flamboro Casino"}}, "geometry": {"type": "Point", "coordinates": [-80.0257136, 43.3006358]}}, {"type": "Feature", "properties": {"osm_type": "node", "osm_id": 6693414082, "tags": {"addr:city": "Sault Ste Marie", "addr:housenumber": "2186", "addr:postcode": "49783", "addr:state": "MI", "addr:street": "Shunk Road", "amenity": "casino", "name": "Kewadin Casinos", "phone": "+1-800-539-2346", "smoking": "separated"}}, "geometry": {"type": "Point", "coordinates": [-84.3229418, 46.4759145]}}, {"type": "Feature", "properties": {"osm_type": "node", "osm_id": 9023017151, "tags": {"amenity": "casino", "name": "Playtime Casino Hanover"}}, "geometry": {"type": "Point", "coordinates": [-81.0270075, 44.1463519]}}, {"type": "Feature", "properties": {"osm_type": "node", "osm_id": 9922602975, "tags": {"amenity": "casino", "name": "Elements Casino"}}, "geometry": {"type": "Point", "coordinates": [-80.4318945, 43.67386]}}, {"type": "Feature", "properties": {"osm_type": "node", "osm_id": 11149290583, "tags": {"addr:city": "Saint Ignace", "addr:housenumber": "3015", "addr:postcode": "49781", "addr:state": "MI", "addr:street": "Mackinac Trail", "amenity": "casino", "name": "Kewadin Casino", "phone": "+1 906 643 7071", "website": "https://kewadin.com/"}}, "geometry": {"type": "Point", "coordinates": [-84.7327477, 45.9290336]}}, {"type": "Feature", "properties": {"osm_type": "node", "osm_id": 4329935808, "tags": {"amenity": "casino"}}, "geometry": {"type": "Point", "coordinates": [-91.9606728, 30.5527479]}}, {"type": "Feature", "properties": {"osm_type": "node", "osm_id": 5246586829, "tags": {"amenity": "casino", "check_date": "2025-05-25", "name": "Katy Poker"}}, "geometry": {"type": "Point", "coordinates": [-95.7933455, 29.7845093]}}, {"type": "Feature", "properties": {"osm_type": "node", "osm_id": 5261462370, "tags": {"amenity": "casino", "name": "Big Bux Bingo"}}, "geometry": {"type": "Point", "coordinates": [-95.6693633, 29.8784195]}}, {"type": "Feature", "properties": {"osm_type": "node", "osm_id": 7431197866, "tags": {"amenity": "casino"}}, "geometry": {"type": "Point", "coordinates": [-91.1927584, 30.4594776]}}, {"type": "Feature", "properties": {"osm_type": "node", "osm_id": 7677660075, "tags": {"amenity": "casino", "check_date": "2024-04-07", "name": "The River Poker Club"}}, "geometry": {"type": "Point", "coordinates": [-95.4282975, 30.0513604]}}, {"type": "Feature", "properties": {"osm_type": "node", "osm_id": 7738031788, "tags": {"amenity": "casino", "name": "Fairgrounds Slot Machines", "operator": "Fairgrounds Racetrack and Slots"}}, "geometry": {"type": "Point", "coordinates": [-90.0789997, 29.9819937]}}, {"type": "Feature", "properties": {"osm_type": "node", "osm_id": 8519179230, "tags": {"amenity": "casino", "name": "Fair Grounds"}}, "geometry": {"type": "Point", "coordinates": [-90.3634905, 29.907542]}}, {"type": "Feature", "properties": {"osm_type": "node", "osm_id": 8521527913, "tags": {"amenity": "casino", "name": "Fair Grounds"}}, "geometry": {"type": "Point", "coordinates": [-90.3660197, 29.986786]}}, {"type": "Feature", "properties": {"osm_type": "node", "osm_id": 9953347220, "tags": {"amenity": "casino", "check_date": "2022-08-14", "name": "Lucky Dollar"}}, "geometry": {"type": "Point", "coordinates": [-90.6990103, 30.0640945]}}, {"type": "Feature", "properties": {"osm_type": "node", "osm_id": 11151037175, "tags": {"amenity": "casino", "name": "Gator Gold"}}, "geometry": {"type": "Point", "coordinates": [-92.0528956, 30.5837212]}}, {"type": "Feature", "properties": {"osm_type": "node", "osm_id": 12003574214, "tags": {"addr:city": "Charenton", "addr:housenumber": "832", "addr:postcode": "70523", "addr:state": "LA", "addr:street": "Martin Luther King Jr Road", "amenity": "casino", "name": "Cypress Bayou Casino Hotel", "phone": "+1-800-284-4386"}}, "geometry": {"type": "Point", "coordinates": [-91.5381716, 29.8722043]}}, {"type": "Feature", "properties": {"osm_type": "node", "osm_id": 12006127669, "tags": {"addr:housenumber": "1829", "addr:postcode": "70380", "amenity": "casino", "name": "Cash Magic", "opening_hours": "24/7", "phone": "+1-985-399-6533", "website": "https://www.cashmagiccasino.com/"}}, "geometry": {"type": "Point", "coordinates": [-91.2564293, 29.6858618]}}, {"type": "Feature", "properties": {"osm_type": "node", "osm_id": 12567090021, "tags": {"addr:city": "Sulphur", "addr:housenumber": "2708", "addr:postcode": "70665", "addr:state": "LA", "addr:street": "Ruth Street", "amenity": "casino", "contact:facebook": "https://www.facebook.com/jackpotjunctionsulphur/", "name": "Jackpot Junction", "phone": "+1 337-527-6613", "smoking": "yes"}}, "geometry": {"type": "Point", "coordinates": [-93.3770303, 30.2122187]}}, {"type": "Feature", "properties": {"osm_type": "node", "osm_id": 12730164415, "tags": {"amenity": "casino"}}, "geometry": {"type": "Point", "coordinates": [-93.3591047, 30.2119834]}}, {"type": "Feature", "properties": {"osm_type": "node", "osm_id": 12818559201, "tags": {"amenity": "casino", "name": "Caesars Casino"}}, "geometry": {"type": "Point", "coordinates": [-90.065464, 29.9499388]}}, {"type": "Feature", "properties": {"osm_type": "node", "osm_id": 13274936369, "tags": {"amenity": "casino", "name": "Royal Palace Casino"}}, "geometry": {"type": "Point", "coordinates": [-93.3588013, 30.2428593]}}, {"type": "Feature", "properties": {"osm_type": "node", "osm_id": 13411798090, "tags": {"amenity": "casino", "name": "Vegas Magic Casino"}}, "geometry": {"type": "Point", "coordinates": [-93.1295529, 30.2349774]}}, {"type": "Feature", "properties": {"osm_type": "node", "osm_id": 13917633490, "tags": {"addr:housenumber": "76730", "addr:street": "Garner Lane", "addr:unit": "B", "amenity": "casino", "check_date": "2026-06-07", "name": "Tiger Casino", "opening_hours": "24/7"}}, "geometry": {"type": "Point", "coordinates": [-91.4364325, 30.4170203]}}, {"type": "Feature", "properties": {"osm_type": "node", "osm_id": 13929310101, "tags": {"amenity": "casino", "check_date": "2026-06-11", "name": "Kings Casino"}}, "geometry": {"type": "Point", "coordinates": [-92.0010224, 30.5470261]}}, {"type": "Feature", "properties": {"osm_type": "node", "osm_id": 1826936199, "tags": {"amenity": "casino", "name": "Caliente"}}, "geometry": {"type": "Point", "coordinates": [-115.4479787, 32.6370756]}}, {"type": "Feature", "properties": {"osm_type": "node", "osm_id": 2573291530, "tags": {"addr:city": "Commerce", "addr:housename": "The Commerce Casino", "addr:housenumber": "6131", "addr:postcode": "90040", "addr:street": "Telegraph Road", "amenity": "casino", "name": "The Commerce Casino", "phone": "+1-323-721-2100", "website": "https://www.commercecasino.com/"}}, "geometry": {"type": "Point", "coordinates": [-118.1449294, 33.9982954]}}, {"type": "Feature", "properties": {"osm_type": "node", "osm_id": 4080934589, "tags": {"addr:housenumber": "1534", "addr:street": "Ave Lopez Mateos", "amenity": "casino", "name": "Caliente", "phone": "+52 646 172 4029", "website": "https://caliente.mx/"}}, "geometry": {"type": "Point", "coordinates": [-116.6154205, 31.8587316]}}, {"type": "Feature", "properties": {"osm_type": "node", "osm_id": 4152449342, "tags": {"amenity": "casino", "name": "Caliente"}}, "geometry": {"type": "Point", "coordinates": [-116.9335462, 32.4933059]}}, {"type": "Feature", "properties": {"osm_type": "node", "osm_id": 4261536190, "tags": {"addr:street": "Calz. Independencia", "amenity": "casino", "name": "Casino Caliente"}}, "geometry": {"type": "Point", "coordinates": [-115.4705825, 32.6388092]}}, {"type": "Feature", "properties": {"osm_type": "node", "osm_id": 4426283696, "tags": {"addr:street": "calle.escudero sandoval#231", "amenity": "casino"}}, "geometry": {"type": "Point", "coordinates": [-116.64498, 32.553162]}}, {"type": "Feature", "properties": {"osm_type": "node", "osm_id": 5402572404, "tags": {"amenity": "casino", "name": "Caliente"}}, "geometry": {"type": "Point", "coordinates": [-117.0184047, 32.5268396]}}, {"type": "Feature", "properties": {"osm_type": "node", "osm_id": 6633544885, "tags": {"addr:housenumber": "17225", "addr:postcode": "93245", "addr:street": "Jersey Avenue", "amenity": "casino", "name": "Tachi Hotel And Casino", "phone": "+1-559-924-7751", "website": "https://www.tachipalace.com"}}, "geometry": {"type": "Point", "coordinates": [-119.7654072, 36.2373709]}}, {"type": "Feature", "properties": {"osm_type": "node", "osm_id": 8936524793, "tags": {"amenity": "casino", "name": "Caliente"}}, "geometry": {"type": "Point", "coordinates": [-116.9670082, 32.4983934]}}, {"type": "Feature", "properties": {"osm_type": "node", "osm_id": 9419682759, "tags": {"amenity": "casino", "name": "Lakeside Casino"}}, "geometry": {"type": "Point", "coordinates": [-115.9584618, 36.1326498]}}, {"type": "Feature", "properties": {"osm_type": "node", "osm_id": 9647366065, "tags": {"amenity": "casino", "name": "Caliente Casino"}}, "geometry": {"type": "Point", "coordinates": [-117.0253733, 32.5369419]}}, {"type": "Feature", "properties": {"osm_type": "node", "osm_id": 9659741269, "tags": {"amenity": "casino", "name": "Caliente"}}, "geometry": {"type": "Point", "coordinates": [-116.9919956, 32.5084034]}}, {"type": "Feature", "properties": {"osm_type": "node", "osm_id": 9947873500, "tags": {"amenity": "casino", "name": "Jackpot"}}, "geometry": {"type": "Point", "coordinates": [-116.6017397, 31.8215861]}}, {"type": "Feature", "properties": {"osm_type": "node", "osm_id": 13384462301, "tags": {"addr:housenumber": "118", "addr:postcode": "93560", "addr:street": "20th Street West", "amenity": "casino", "contact:facebook": "playDJC", "contact:instagram": "diamond_jimscasino_turfclub", "name": "Diamond Jim\u2019s Casino", "opening_hours": "24/7", "phone": "+1-661-256-1400"}}, "geometry": {"type": "Point", "coordinates": [-118.166502, 34.822284]}}, {"type": "Feature", "properties": {"osm_type": "node", "osm_id": 13444336663, "tags": {"addr:city": "Hawaiian Gardens", "addr:housenumber": "11871", "addr:postcode": "90716", "addr:state": "CA", "addr:street": "Carson Street", "amenity": "casino", "name": "The Gardens Casino"}}, "geometry": {"type": "Point", "coordinates": [-118.0806274, 33.8322982]}}, {"type": "Feature", "properties": {"osm_type": "node", "osm_id": 13883692101, "tags": {"addr:housenumber": "190", "addr:postcode": "21200", "addr:street": "Calzada Justo Sierra", "amenity": "casino", "email": "arenia.marketing@gmail.com", "name": "Arenia", "opening_hours": "24/7"}}, "geometry": {"type": "Point", "coordinates": [-115.4523428, 32.6609059]}}, {"type": "Feature", "properties": {"osm_type": "node", "osm_id": 14003679786, "tags": {"addr:street": "Boulevard Adolfo L\u00f3pez Mateos", "amenity": "casino", "name": "Jackpot"}}, "geometry": {"type": "Point", "coordinates": [-115.4769676, 32.655085]}}, {"type": "Feature", "properties": {"osm_type": "node", "osm_id": 14013469996, "tags": {"amenity": "casino"}}, "geometry": {"type": "Point", "coordinates": [-115.4950847, 32.6639323]}}, {"type": "Feature", "properties": {"osm_type": "node", "osm_id": 367054910, "tags": {"addr:city": "Las Vegas", "addr:housenumber": "3131", "addr:postcode": "89109", "addr:state": "NV", "addr:street": "South Las Vegas Boulevard", "amenity": "casino", "name": "Encore Casino at Wynn"}}, "geometry": {"type": "Point", "coordinates": [-115.165362, 36.1289345]}}, {"type": "Feature", "properties": {"osm_type": "node", "osm_id": 1398028259, "tags": {"amenity": "casino"}}, "geometry": {"type": "Point", "coordinates": [-115.27992, 36.0786765]}}, {"type": "Feature", "properties": {"osm_type": "node", "osm_id": 1789171334, "tags": {"addr:city": "Albuquerque", "addr:housenumber": "145", "addr:postcode": "87108", "addr:state": "NM", "addr:street": "Louisiana Boulevard Northeast", "amenity": "casino", "name": "The Downs Racetrack & Casino", "phone": "+1 505 7677171", "website": "https://abqdowns.com/"}}, "geometry": {"type": "Point", "coordinates": [-106.5702026, 35.0806447]}}, {"type": "Feature", "properties": {"osm_type": "node", "osm_id": 2047659342, "tags": {"amenity": "casino", "building:levels": "6", "check_date": "2026-05-13", "name": "Route 66 Hotel and Casino"}}, "geometry": {"type": "Point", "coordinates": [-106.952932, 35.0281532]}}, {"type": "Feature", "properties": {"osm_type": "node", "osm_id": 2187815895, "tags": {"addr:city": "San Felipe Pueblo", "addr:housenumber": "25", "addr:postcode": "87001", "addr:state": "NM", "addr:street": "Hagen Road", "amenity": "casino", "name": "Black Mesa Casino", "old_name": "San Felipe Casino", "old_name_1": "Casino Hollywood", "operator": "San Felipe Pueblo"}}, "geometry": {"type": "Point", "coordinates": [-106.4033872, 35.4149619]}}, {"type": "Feature", "properties": {"osm_type": "node", "osm_id": 2538833850, "tags": {"addr:city": "Santa Fe", "addr:housenumber": "30", "addr:postcode": "87506", "addr:state": "NM", "addr:street": "Buffalo Thunder Trail", "amenity": "casino", "check_date": "2025-04-12", "name": "Buffalo Thunder Resort and Casino", "phone": "+1-505-455-5555", "wheelchair": "yes"}}, "geometry": {"type": "Point", "coordinates": [-105.996458, 35.8613937]}}, {"type": "Feature", "properties": {"osm_type": "node", "osm_id": 3623467361, "tags": {"addr:housenumber": "3131", "addr:postcode": "89109", "addr:street": "South Las Vegas Boulevard", "amenity": "casino", "name": "Wynn Las Vegas Casino", "opening_hours": "24/7", "phone": "+1-877-770-7000", "website": "https://www.wynnlasvegas.com/", "wheelchair": "yes"}}, "geometry": {"type": "Point", "coordinates": [-115.165818, 36.1263781]}}, {"type": "Feature", "properties": {"osm_type": "node", "osm_id": 4400314734, "tags": {"amenity": "casino", "name": "Sahara", "source": "mapillary"}}, "geometry": {"type": "Point", "coordinates": [-113.5372527, 31.3109267]}}, {"type": "Feature", "properties": {"osm_type": "node", "osm_id": 4489444687, "tags": {"amenity": "casino", "name": "Yavapai Casino"}}, "geometry": {"type": "Point", "coordinates": [-112.4448298, 34.5476698]}}, {"type": "Feature", "properties": {"osm_type": "node", "osm_id": 4884585616, "tags": {"addr:city": "Espanola", "addr:state": "NM", "amenity": "casino", "name": "Santa Claran Hotel & Casino", "tourism": "hotel"}}, "geometry": {"type": "Point", "coordinates": [-106.0672972, 35.9964671]}}, {"type": "Feature", "properties": {"osm_type": "node", "osm_id": 4890378571, "tags": {"amenity": "casino", "name": "Wild Horse Pass Hotel & Casino"}}, "geometry": {"type": "Point", "coordinates": [-111.9730555, 33.2816603]}}, {"type": "Feature", "properties": {"osm_type": "node", "osm_id": 5194684020, "tags": {"addr:city": "Yuma", "addr:housenumber": "450", "addr:postcode": "85364", "addr:state": "AZ", "addr:street": "Quechan Drive", "amenity": "casino", "name": "Paradise Casino", "opening_hours": "24/7", "operator": "Quechan Indian Tribe"}}, "geometry": {"type": "Point", "coordinates": [-114.6130499, 32.7342881]}}, {"type": "Feature", "properties": {"osm_type": "node", "osm_id": 5846910916, "tags": {"addr:city": "Santa Fe", "addr:housenumber": "10", "addr:postcode": "87506", "addr:state": "NM", "addr:street": "Cities of Gold Road", "amenity": "casino", "check_date": "2025-04-17", "name": "Cities of Gold", "operator": "Pueblo of Pojoaque"}}, "geometry": {"type": "Point", "coordinates": [-106.0201726, 35.8910839]}}, {"type": "Feature", "properties": {"osm_type": "node", "osm_id": 6340697787, "tags": {"amenity": "casino", "name": "NoMad High Limit Casino"}}, "geometry": {"type": "Point", "coordinates": [-115.1757177, 36.1046533]}}, {"type": "Feature", "properties": {"osm_type": "node", "osm_id": 6536221566, "tags": {"amenity": "casino", "check_date": "2025-04-12", "name": "Ohkay Owingeh Casino"}}, "geometry": {"type": "Point", "coordinates": [-106.0614563, 36.0357312]}}, {"type": "Feature", "properties": {"osm_type": "node", "osm_id": 6592637771, "tags": {"amenity": "casino", "name": "Santa Ana Star"}}, "geometry": {"type": "Point", "coordinates": [-106.5644074, 35.3271236]}}, {"type": "Feature", "properties": {"osm_type": "node", "osm_id": 8268352605, "tags": {"amenity": "casino", "name": "Best Western Plus Casino Royale", "opening_hours": "Mo-Su,PH 00:00+"}}, "geometry": {"type": "Point", "coordinates": [-115.1717851, 36.1203339]}}, {"type": "Feature", "properties": {"osm_type": "node", "osm_id": 8370671508, "tags": {"amenity": "casino"}}, "geometry": {"type": "Point", "coordinates": [-107.5554792, 35.0758391]}}, {"type": "Feature", "properties": {"osm_type": "node", "osm_id": 8568261456, "tags": {"amenity": "casino", "name": "Just Play", "opening_hours": "24/7"}}, "geometry": {"type": "Point", "coordinates": [-115.1737787, 36.1616233]}}, {"type": "Feature", "properties": {"osm_type": "node", "osm_id": 8595840797, "tags": {"amenity": "casino", "name": "Red Dragon Gaming & Spirits", "note": "Temporarily closed", "opening_hours": "closed"}}, "geometry": {"type": "Point", "coordinates": [-115.1882863, 36.1456816]}}, {"type": "Feature", "properties": {"osm_type": "node", "osm_id": 8747398807, "tags": {"amenity": "casino", "name": "Pat's Pub", "opening_hours": "24/7"}}, "geometry": {"type": "Point", "coordinates": [-115.2046255, 36.1449493]}}, {"type": "Feature", "properties": {"osm_type": "node", "osm_id": 8747504696, "tags": {"amenity": "casino", "name": "Dotty's", "opening_hours": "24/7"}}, "geometry": {"type": "Point", "coordinates": [-115.207654, 36.1464826]}}, {"type": "Feature", "properties": {"osm_type": "node", "osm_id": 8929265487, "tags": {"amenity": "casino", "name": "BlueWater Casino"}}, "geometry": {"type": "Point", "coordinates": [-114.2686698, 34.1669915]}}, {"type": "Feature", "properties": {"osm_type": "node", "osm_id": 9881968217, "tags": {"addr:street": "Calle Gardenias", "amenity": "casino", "name": "Loter\u00eda Zodiaco", "name:en": "Zodiaco Lottery", "name:es": "Loter\u00eda Zodiaco"}}, "geometry": {"type": "Point", "coordinates": [-106.4867283, 31.7456826]}}, {"type": "Feature", "properties": {"osm_type": "node", "osm_id": 9992465615, "tags": {"amenity": "casino"}}, "geometry": {"type": "Point", "coordinates": [-114.9186265, 35.4611792]}}, {"type": "Feature", "properties": {"osm_type": "node", "osm_id": 10054621665, "tags": {"addr:city": "Winkelman", "addr:housenumber": "777", "addr:postcode": "85192", "addr:state": "AZ", "addr:street": "Apache Sky Boulevard", "amenity": "casino", "name": "Apache Sky Casino", "operator": "San Carlos Apache Tribe", "website": "https://apacheskycasino.com"}}, "geometry": {"type": "Point", "coordinates": [-110.7030464, 32.8873214]}}, {"type": "Feature", "properties": {"osm_type": "node", "osm_id": 10720329006, "tags": {"amenity": "casino", "name": "Casino Arizona at Talking Stick Resort"}}, "geometry": {"type": "Point", "coordinates": [-111.8694188, 33.5410442]}}, {"type": "Feature", "properties": {"osm_type": "node", "osm_id": 10740248173, "tags": {"addr:city": "Henderson", "addr:housenumber": "560", "addr:postcode": "89014", "addr:state": "NV", "addr:street": "Marks Street", "amenity": "casino", "name": "Dotty's Casino", "phone": "+1 702-433-8941"}}, "geometry": {"type": "Point", "coordinates": [-115.0359666, 36.0619406]}}, {"type": "Feature", "properties": {"osm_type": "node", "osm_id": 10743602130, "tags": {"addr:city": "Henderson", "addr:housenumber": "4451", "addr:postcode": "89014", "addr:state": "NV", "addr:street": "East Sunset Road", "amenity": "casino", "name": "Wildfire Casino", "operator": "Station Casinos", "phone": "+1 702-685-2100"}}, "geometry": {"type": "Point", "coordinates": [-115.0743462, 36.0695152]}}, {"type": "Feature", "properties": {"osm_type": "node", "osm_id": 10950821110, "tags": {"amenity": "casino"}}, "geometry": {"type": "Point", "coordinates": [-105.7064833, 36.1846374]}}, {"type": "Feature", "properties": {"osm_type": "node", "osm_id": 10964370742, "tags": {"amenity": "casino", "name": "Dotty's"}}, "geometry": {"type": "Point", "coordinates": [-115.0641903, 36.110959]}}, {"type": "Feature", "properties": {"osm_type": "node", "osm_id": 10966075843, "tags": {"amenity": "casino", "indoor": "yes"}}, "geometry": {"type": "Point", "coordinates": [-114.5608816, 36.664558]}}, {"type": "Feature", "properties": {"osm_type": "node", "osm_id": 11463511334, "tags": {"addr:housenumber": "3535", "addr:street": "Las Vegas Boulevard South", "amenity": "casino", "name": "The LINQ Hotel + Experience", "phone": "+1-800-634-6441", "website": "https://caesars.com/linq"}}, "geometry": {"type": "Point", "coordinates": [-115.1710968, 36.1183434]}}, {"type": "Feature", "properties": {"osm_type": "node", "osm_id": 12398251906, "tags": {"amenity": "casino", "name": "Caesars Palace Poker Room"}}, "geometry": {"type": "Point", "coordinates": [-115.1749003, 36.117932]}}, {"type": "Feature", "properties": {"osm_type": "node", "osm_id": 12559771533, "tags": {"addr:city": "Laughlin", "addr:housenumber": "1955", "addr:postcode": "89029", "addr:state": "NV", "addr:street": "West Casino Drive", "amenity": "casino", "name": "Blue Lagoon Lounge"}}, "geometry": {"type": "Point", "coordinates": [-114.6241384, 35.1238118]}}, {"type": "Feature", "properties": {"osm_type": "node", "osm_id": 12570507662, "tags": {"addr:city": "Laughlin", "addr:housenumber": "2700", "addr:postcode": "89029", "addr:state": "NV", "addr:street": "South Casino Drive", "amenity": "casino", "name": "Dotty's"}}, "geometry": {"type": "Point", "coordinates": [-114.5742511, 35.1505876]}}, {"type": "Feature", "properties": {"osm_type": "node", "osm_id": 12570507663, "tags": {"addr:city": "Laughlin", "addr:housenumber": "2700", "addr:postcode": "89029", "addr:state": "NV", "addr:street": "South Casino Drive", "amenity": "casino", "name": "Bourbon Street Sports Bar"}}, "geometry": {"type": "Point", "coordinates": [-114.5746649, 35.1502195]}}, {"type": "Feature", "properties": {"osm_type": "node", "osm_id": 12570507664, "tags": {"addr:city": "Laughlin", "addr:housenumber": "2700", "addr:postcode": "89029", "addr:state": "NV", "addr:street": "South Casino Drive", "amenity": "casino", "name": "Red Dragon Gaming & Spirits"}}, "geometry": {"type": "Point", "coordinates": [-114.5746228, 35.1503241]}}, {"type": "Feature", "properties": {"osm_type": "node", "osm_id": 12570507665, "tags": {"addr:city": "Laughlin", "addr:housenumber": "2700", "addr:postcode": "89029", "addr:state": "NV", "addr:street": "South Casino Drive", "amenity": "casino", "name": "La Villita Gaming and Spirits"}}, "geometry": {"type": "Point", "coordinates": [-114.5743884, 35.1503783]}}, {"type": "Feature", "properties": {"osm_type": "node", "osm_id": 12585920307, "tags": {"addr:city": "Henderson", "addr:housenumber": "3720", "addr:postcode": "89120", "addr:state": "NV", "addr:street": "East Sunset Road", "addr:unit": "101", "amenity": "casino", "gambling": "slot_machines", "name": "Miz Lola's Spirits & Gaming", "opening_hours": "24/7", "phone": "+1-702-898-5652", "smoking": "yes", "website": "https://mizlolas.com/", "wheelchair": "yes"}}, "geometry": {"type": "Point", "coordinates": [-115.0940811, 36.0721512]}}, {"type": "Feature", "properties": {"osm_type": "node", "osm_id": 12586112665, "tags": {"addr:city": "Henderson", "addr:housenumber": "2823", "addr:postcode": "89014", "addr:state": "NV", "addr:street": "North Green Valley Parkway", "amenity": "casino", "name": "Dotty's"}}, "geometry": {"type": "Point", "coordinates": [-115.0839269, 36.0726645]}}, {"type": "Feature", "properties": {"osm_type": "node", "osm_id": 12599089455, "tags": {"addr:city": "Nogales", "addr:housenumber": "45", "addr:postcode": "84060", "addr:state": "SO", "addr:street": "Boulevard El Greco", "amenity": "casino", "check_date": "2025-02-18", "contact:facebook": "https://www.facebook.com/PalaceCasinoNogales/", "name": "Palace Bingo & Sport Bets Casino", "phone": "+52 631 319 2319;+52 631 319 2314;+52 631 314 8944", "website": "https://www.palacecasino.mx/casino-nogales/"}}, "geometry": {"type": "Point", "coordinates": [-110.9389921, 31.2891307]}}, {"type": "Feature", "properties": {"osm_type": "node", "osm_id": 12650878841, "tags": {"addr:city": "Laughlin", "addr:housenumber": "2700", "addr:postcode": "89029", "addr:state": "NV", "addr:street": "South Casino Drive", "amenity": "casino", "name": "Points! Casino"}}, "geometry": {"type": "Point", "coordinates": [-114.5744964, 35.150519]}}, {"type": "Feature", "properties": {"osm_type": "node", "osm_id": 12766255093, "tags": {"addr:city": "Las Vegas", "addr:housenumber": "10670", "addr:postcode": "89141", "addr:state": "NV", "addr:street": "Southern Highlands Parkway", "addr:unit": "105", "amenity": "casino", "name": "Jackpot Joanie's", "opening_hours": "24/7", "phone": "+1-702-589-9475", "website": "https://www.jackpotjoanies.com/"}}, "geometry": {"type": "Point", "coordinates": [-115.2069127, 35.9953484]}}, {"type": "Feature", "properties": {"osm_type": "node", "osm_id": 13050803601, "tags": {"amenity": "casino"}}, "geometry": {"type": "Point", "coordinates": [-106.5669691, 35.2065681]}}, {"type": "Feature", "properties": {"osm_type": "node", "osm_id": 13062673905, "tags": {"addr:city": "Las Vegas", "addr:housenumber": "3375", "addr:postcode": "89120", "addr:state": "NV", "addr:street": "East Russell Road", "amenity": "casino", "name": "Jackpot Joanie's"}}, "geometry": {"type": "Point", "coordinates": [-115.1014437, 36.0848322]}}, {"type": "Feature", "properties": {"osm_type": "node", "osm_id": 13406593268, "tags": {"amenity": "casino", "check_date": "2025-12-25", "name": "Desert Diamond Casino, Convenience Store, and Fuel"}}, "geometry": {"type": "Point", "coordinates": [-112.726431, 32.2440993]}}, {"type": "Feature", "properties": {"osm_type": "node", "osm_id": 10245961308, "tags": {"amenity": "casino"}}, "geometry": {"type": "Point", "coordinates": [-79.2944577, 34.5311599]}}, {"type": "Feature", "properties": {"osm_type": "node", "osm_id": 12708277129, "tags": {"amenity": "casino", "name": "Lady Luck Casino Black Hawk - A Caesars Rewards Destination"}}, "geometry": {"type": "Point", "coordinates": [-105.4860642, 39.7983165]}}, {"type": "Feature", "properties": {"osm_type": "node", "osm_id": 2276456328, "tags": {"addr:postcode": "98223", "amenity": "casino", "name": "Ace's Casino", "old_name": "Buzz Inn"}}, "geometry": {"type": "Point", "coordinates": [-122.1866147, 48.1528873]}}, {"type": "Feature", "properties": {"osm_type": "node", "osm_id": 3340819641, "tags": {"addr:city": "Kirkland", "addr:country": "US", "addr:housenumber": "12526", "addr:postcode": "98034", "addr:state": "WA", "addr:street": "Northeast 144th Street", "amenity": "casino", "name": "Casino Caribbean", "phone": "+1-425-821-2222", "website": "http://casino-caribbean.net/kirkland/"}}, "geometry": {"type": "Point", "coordinates": [-122.1731486, 47.7318549]}}, {"type": "Feature", "properties": {"osm_type": "node", "osm_id": 3728983600, "tags": {"addr:city": "Portland", "addr:housenumber": "8001", "addr:postcode": "97206", "addr:state": "OR", "addr:street": "Southeast Powell Boulevard", "amenity": "casino", "name": "Dotty's"}}, "geometry": {"type": "Point", "coordinates": [-122.5801484, 45.4990282]}}, {"type": "Feature", "properties": {"osm_type": "node", "osm_id": 4152464935, "tags": {"amenity": "casino", "name": "Great American Casino"}}, "geometry": {"type": "Point", "coordinates": [-122.4830978, 47.164891]}}, {"type": "Feature", "properties": {"osm_type": "node", "osm_id": 4224499295, "tags": {"amenity": "casino", "name": "Wildhorse Resort and Casino", "opening_hours": "24/7"}}, "geometry": {"type": "Point", "coordinates": [-118.6795068, 45.6474042]}}, {"type": "Feature", "properties": {"osm_type": "node", "osm_id": 4297407276, "tags": {"amenity": "casino", "name": "Wild Goose Casino"}}, "geometry": {"type": "Point", "coordinates": [-120.5830232, 47.0083313]}}, {"type": "Feature", "properties": {"osm_type": "node", "osm_id": 4384649190, "tags": {"amenity": "casino", "check_date": "2025-02-13", "name": "Imperial Palace Casino"}}, "geometry": {"type": "Point", "coordinates": [-122.2453281, 47.4601971]}}, {"type": "Feature", "properties": {"osm_type": "node", "osm_id": 4884333221, "tags": {"addr:housenumber": "201-553", "addr:postcode": "V2A 8S3", "addr:street": "Vees Drive", "amenity": "casino", "internet_access": "wlan", "name": "Cascades Casino", "name:en": "Cascades Casino", "opening_hours": "Mo-Th,Su 09:00-02:00; Fr-Sa 09:00-03:00", "phone": "+1-250-487-1280"}}, "geometry": {"type": "Point", "coordinates": [-119.6036883, 49.4938911]}}, {"type": "Feature", "properties": {"osm_type": "node", "osm_id": 5029722821, "tags": {"amenity": "casino", "name": "Seatown Gaming Center", "name:en": "Seatown Gaming Center"}}, "geometry": {"type": "Point", "coordinates": [-122.2266154, 47.4114879]}}, {"type": "Feature", "properties": {"osm_type": "node", "osm_id": 5219039000, "tags": {"addr:city": "Mountlake Terrace", "addr:housenumber": "22003", "addr:postcode": "98043", "addr:state": "WA", "addr:street": "66th Avenue West", "amenity": "casino", "check_date": "2026-03-18", "name": "Crazy Moose Casino", "website": "https://mountlakecasino.com/"}}, "geometry": {"type": "Point", "coordinates": [-122.3214386, 47.7988681]}}, {"type": "Feature", "properties": {"osm_type": "node", "osm_id": 5283367028, "tags": {"addr:city": "Mountlake Terrace", "addr:housenumber": "7016", "addr:postcode": "98043", "addr:state": "WA", "addr:street": "220th Street Southwest", "amenity": "casino", "name": "220th Street Bingo", "website": "https://www.220thbingo.com/"}}, "geometry": {"type": "Point", "coordinates": [-122.3284717, 47.7992249]}}, {"type": "Feature", "properties": {"osm_type": "node", "osm_id": 5373917427, "tags": {"amenity": "casino", "name": "Wizard's Casino"}}, "geometry": {"type": "Point", "coordinates": [-122.3364799, 47.4613284]}}, {"type": "Feature", "properties": {"osm_type": "node", "osm_id": 5605440829, "tags": {"amenity": "casino", "name": "Papa's Casino", "smoking": "outside"}}, "geometry": {"type": "Point", "coordinates": [-119.2777387, 47.1451276]}}, {"type": "Feature", "properties": {"osm_type": "node", "osm_id": 5742166314, "tags": {"amenity": "casino", "name": "Casino Slots & Gaming Floor at Hastings Racecourse", "website": "https://www.hastingsracecourse.com/slot-floor/"}}, "geometry": {"type": "Point", "coordinates": [-123.0401982, 49.2855421]}}, {"type": "Feature", "properties": {"osm_type": "node", "osm_id": 5830069909, "tags": {"amenity": "casino", "check_date": "2023-09-23", "name": "Roman Casino"}}, "geometry": {"type": "Point", "coordinates": [-122.245294, 47.496285]}}, {"type": "Feature", "properties": {"osm_type": "node", "osm_id": 6148903442, "tags": {"amenity": "casino", "name": "Dotty's"}}, "geometry": {"type": "Point", "coordinates": [-122.5598525, 45.5181186]}}, {"type": "Feature", "properties": {"osm_type": "node", "osm_id": 6148909327, "tags": {"addr:city": "Wood Village", "addr:housenumber": "2705", "addr:postcode": "97060", "addr:state": "OR", "addr:street": "Northeast 238th Drive", "amenity": "casino", "name": "Dotty's"}}, "geometry": {"type": "Point", "coordinates": [-122.4187076, 45.5423796]}}, {"type": "Feature", "properties": {"osm_type": "node", "osm_id": 6148912930, "tags": {"addr:city": "Portland", "addr:housenumber": "8227", "addr:postcode": "97220", "addr:state": "OR", "addr:street": "Northeast Sandy Boulevard", "amenity": "casino", "name": "Dotty's"}}, "geometry": {"type": "Point", "coordinates": [-122.578003, 45.5530427]}}, {"type": "Feature", "properties": {"osm_type": "node", "osm_id": 6148914663, "tags": {"addr:city": "Gresham", "addr:housenumber": "1595", "addr:postcode": "97030", "addr:state": "OR", "addr:street": "Northeast Division Street", "amenity": "casino", "name": "Dotty's"}}, "geometry": {"type": "Point", "coordinates": [-122.4156057, 45.5057467]}}, {"type": "Feature", "properties": {"osm_type": "node", "osm_id": 6148920244, "tags": {"addr:city": "Troutdale", "addr:housenumber": "2505", "addr:postcode": "97060", "addr:state": "OR", "addr:street": "Southwest Cherry Park Road", "amenity": "casino", "name": "Dotty's"}}, "geometry": {"type": "Point", "coordinates": [-122.4110536, 45.5284691]}}, {"type": "Feature", "properties": {"osm_type": "node", "osm_id": 6148927289, "tags": {"amenity": "casino", "name": "Dotty's"}}, "geometry": {"type": "Point", "coordinates": [-122.4084131, 45.4955646]}}, {"type": "Feature", "properties": {"osm_type": "node", "osm_id": 6590101497, "tags": {"addr:city": "Coos Bay", "addr:country": "US", "addr:housenumber": "3201", "addr:postcode": "97420", "addr:state": "OR", "addr:street": "Tremont Avenue", "amenity": "casino", "name": "The Mill Casino", "opening_hours": "24/7", "operator": "Coquille Indian Tribe", "phone": "+1-541-756-8800", "smoking": "separated", "website": "https://www.themillcasino.com/", "wheelchair": "yes"}}, "geometry": {"type": "Point", "coordinates": [-124.2188157, 43.3945017]}}, {"type": "Feature", "properties": {"osm_type": "node", "osm_id": 7020501778, "tags": {"amenity": "casino", "name": "High Mountain Poker"}}, "geometry": {"type": "Point", "coordinates": [-123.0970402, 44.0924423]}}, {"type": "Feature", "properties": {"osm_type": "node", "osm_id": 7313938444, "tags": {"addr:city": "Skokomish", "addr:housenumber": "19330", "addr:postcode": "98584", "addr:state": "WA", "addr:street": "North Highway 101", "amenity": "casino", "gambling": "slot_machines", "name": "Lucky Dog", "opening_hours": "Su-We 10:00-00:00; Th-Sa 10:00-02:00", "phone": "+1-360-877-5656", "website": "https://www.myluckydogcasino.com/"}}, "geometry": {"type": "Point", "coordinates": [-123.160326, 47.3375509]}}, {"type": "Feature", "properties": {"osm_type": "node", "osm_id": 9376945801, "tags": {"amenity": "casino", "name": "Crosscut Casino"}}, "geometry": {"type": "Point", "coordinates": [-115.5618006, 48.3920522]}}, {"type": "Feature", "properties": {"osm_type": "node", "osm_id": 9443689944, "tags": {"amenity": "casino", "name": "Dragonz Casino"}}, "geometry": {"type": "Point", "coordinates": [-122.2461796, 47.4967841]}}, {"type": "Feature", "properties": {"osm_type": "node", "osm_id": 10286974713, "tags": {"amenity": "casino", "branch": "Delta", "brand": "Cascades Casino", "internet_access": "wlan", "internet_access:fee": "no", "level": "1", "name": "Cascades Casino Delta", "operator": "Gateway Casinos & Entertainment Limited", "website": "https://delta.cascadescasino.ca"}}, "geometry": {"type": "Point", "coordinates": [-123.0561798, 49.109149]}}, {"type": "Feature", "properties": {"osm_type": "node", "osm_id": 10944782737, "tags": {"amenity": "casino", "name": "Harold's Casino"}}, "geometry": {"type": "Point", "coordinates": [-115.5533951, 48.3877484]}}, {"type": "Feature", "properties": {"osm_type": "node", "osm_id": 12398408776, "tags": {"amenity": "casino", "name": "Casino"}}, "geometry": {"type": "Point", "coordinates": [-117.393012, 47.736349]}}, {"type": "Feature", "properties": {"osm_type": "node", "osm_id": 13196432947, "tags": {"amenity": "casino", "check_date": "2025-10-05", "name": "Casino Caribbean"}}, "geometry": {"type": "Point", "coordinates": [-120.4761546, 46.5845264]}}, {"type": "Feature", "properties": {"osm_type": "node", "osm_id": 2444095258, "tags": {"amenity": "casino"}}, "geometry": {"type": "Point", "coordinates": [-96.7119169, 43.6073927]}}, {"type": "Feature", "properties": {"osm_type": "node", "osm_id": 2589808834, "tags": {"amenity": "casino", "name": "Beer Cave Casino", "source": "Bing"}}, "geometry": {"type": "Point", "coordinates": [-99.3265124, 43.818248]}}, {"type": "Feature", "properties": {"osm_type": "node", "osm_id": 3096419777, "tags": {"addr:street": "West 41st Street", "amenity": "casino", "name": "Empire Casino"}}, "geometry": {"type": "Point", "coordinates": [-96.7742589, 43.5150992]}}, {"type": "Feature", "properties": {"osm_type": "node", "osm_id": 3096434179, "tags": {"addr:street": "West 41st Street", "amenity": "casino", "name": "Parliament Casino"}}, "geometry": {"type": "Point", "coordinates": [-96.7693749, 43.5152591]}}, {"type": "Feature", "properties": {"osm_type": "node", "osm_id": 4060915883, "tags": {"addr:city": "Sioux Falls", "addr:housenumber": "4823", "addr:postcode": "57108", "addr:state": "SD", "addr:street": "South Louise Avenue", "amenity": "casino", "name": "Martini's Casino & Lounge"}}, "geometry": {"type": "Point", "coordinates": [-96.7729485, 43.5011214]}}, {"type": "Feature", "properties": {"osm_type": "node", "osm_id": 4066094700, "tags": {"addr:city": "Sioux Falls", "addr:housenumber": "1033", "addr:postcode": "57104", "addr:state": "SD", "addr:street": "North Minnesota Avenue", "amenity": "casino", "name": "Lucky Strike Casino"}}, "geometry": {"type": "Point", "coordinates": [-96.731931, 43.5601481]}}, {"type": "Feature", "properties": {"osm_type": "node", "osm_id": 4067815947, "tags": {"addr:city": "Sioux Falls", "addr:housenumber": "800", "addr:postcode": "57103", "addr:state": "SD", "addr:street": "East 8th Street", "amenity": "casino", "name": "Deuces Casino"}}, "geometry": {"type": "Point", "coordinates": [-96.7165623, 43.5488459]}}, {"type": "Feature", "properties": {"osm_type": "node", "osm_id": 4317709104, "tags": {"amenity": "casino", "name": "Lucky Lils"}}, "geometry": {"type": "Point", "coordinates": [-104.1650664, 47.7057081]}}, {"type": "Feature", "properties": {"osm_type": "node", "osm_id": 4866723460, "tags": {"amenity": "casino"}}, "geometry": {"type": "Point", "coordinates": [-99.3117338, 43.7734185]}}, {"type": "Feature", "properties": {"osm_type": "node", "osm_id": 4938664075, "tags": {"amenity": "casino", "name": "State Line Casino"}}, "geometry": {"type": "Point", "coordinates": [-104.0459151, 48.1378484]}}, {"type": "Feature", "properties": {"osm_type": "node", "osm_id": 4938670572, "tags": {"amenity": "casino", "name": "Colby's Casino"}}, "geometry": {"type": "Point", "coordinates": [-104.0458436, 48.1379963]}}, {"type": "Feature", "properties": {"osm_type": "node", "osm_id": 4938699364, "tags": {"amenity": "casino", "name": "Stagecoach Casino"}}, "geometry": {"type": "Point", "coordinates": [-104.5086635, 48.1485055]}}, {"type": "Feature", "properties": {"osm_type": "node", "osm_id": 5018498606, "tags": {"amenity": "casino"}}, "geometry": {"type": "Point", "coordinates": [-99.3937033, 43.8018567]}}, {"type": "Feature", "properties": {"osm_type": "node", "osm_id": 5018498607, "tags": {"amenity": "casino"}}, "geometry": {"type": "Point", "coordinates": [-99.3943658, 43.803266]}}, {"type": "Feature", "properties": {"osm_type": "node", "osm_id": 5018498871, "tags": {"amenity": "casino"}}, "geometry": {"type": "Point", "coordinates": [-99.3840688, 43.8032021]}}, {"type": "Feature", "properties": {"osm_type": "node", "osm_id": 6701039848, "tags": {"amenity": "casino", "name": "Joe's Casino"}}, "geometry": {"type": "Point", "coordinates": [-104.7710134, 47.0924261]}}, {"type": "Feature", "properties": {"osm_type": "node", "osm_id": 12033115216, "tags": {"addr:city": "Sioux Falls", "addr:housenumber": "4805", "addr:postcode": "57106", "addr:state": "SD", "addr:street": "West 12th Street", "amenity": "casino", "name": "Crown Casino"}}, "geometry": {"type": "Point", "coordinates": [-96.7854224, 43.5435462]}}, {"type": "Feature", "properties": {"osm_type": "node", "osm_id": 12290903337, "tags": {"addr:city": "Sioux Falls", "addr:housenumber": "1721", "addr:postcode": "57105", "addr:state": "SD", "addr:street": "South Minnesota Avenue", "amenity": "casino", "name": "Crown Casino"}}, "geometry": {"type": "Point", "coordinates": [-96.7316255, 43.529584]}}, {"type": "Feature", "properties": {"osm_type": "node", "osm_id": 12376417937, "tags": {"amenity": "casino"}}, "geometry": {"type": "Point", "coordinates": [-103.4794688, 43.4408049]}}, {"type": "Feature", "properties": {"osm_type": "node", "osm_id": 13184422127, "tags": {"addr:city": "Brookings", "addr:housenumber": "141", "addr:postcode": "57006", "addr:state": "SD", "addr:street": "Main Avenue South", "amenity": "casino", "name": "4 Aces Casino"}}, "geometry": {"type": "Point", "coordinates": [-96.7982305, 44.3047445]}}, {"type": "Feature", "properties": {"osm_type": "node", "osm_id": 13184422300, "tags": {"addr:city": "Brookings", "addr:housenumber": "615", "addr:postcode": "57006", "addr:state": "SD", "addr:street": "Main Avenue South", "amenity": "casino", "name": "South Main Casino & Pub"}}, "geometry": {"type": "Point", "coordinates": [-96.7980704, 44.298789]}}, {"type": "Feature", "properties": {"osm_type": "node", "osm_id": 13184422311, "tags": {"addr:city": "Brookings", "addr:housenumber": "703", "addr:postcode": "57006", "addr:state": "SD", "addr:street": "Main Avenue South", "amenity": "casino", "name": "Danny's Casino Lounge"}}, "geometry": {"type": "Point", "coordinates": [-96.7982044, 44.2982528]}}, {"type": "Feature", "properties": {"osm_type": "node", "osm_id": 14006749665, "tags": {"amenity": "casino", "check_date": "2026-07-12"}}, "geometry": {"type": "Point", "coordinates": [-104.7369543, 47.1165597]}}, {"type": "Feature", "properties": {"osm_type": "node", "osm_id": 14007725331, "tags": {"addr:city": "Rapid City", "addr:housenumber": "1565", "addr:postcode": "57701", "addr:state": "SD", "addr:street": "Haines Avenue Suit C", "amenity": "casino", "name": "Chances Casino", "phone": "+16057912414"}}, "geometry": {"type": "Point", "coordinates": [-103.222574, 44.0999937]}}]}