{"type": "FeatureCollection", "features": [{"type": "Feature", "properties": {"osm_type": "node", "osm_id": 938282906, "tags": {"leisure": "fishing", "name": "Timber Lake"}}, "geometry": {"type": "Point", "coordinates": [-86.6093981, 30.4869806]}}, {"type": "Feature", "properties": {"osm_type": "node", "osm_id": 1980640810, "tags": {"fishing": "yes", "leisure": "fishing"}}, "geometry": {"type": "Point", "coordinates": [-87.4096823, 30.368573]}}, {"type": "Feature", "properties": {"osm_type": "node", "osm_id": 5721674542, "tags": {"leisure": "fishing"}}, "geometry": {"type": "Point", "coordinates": [-95.2399987, 29.5774236]}}, {"type": "Feature", "properties": {"osm_type": "node", "osm_id": 5949884616, "tags": {"leisure": "fishing"}}, "geometry": {"type": "Point", "coordinates": [-89.9538771, 29.2617552]}}, {"type": "Feature", "properties": {"osm_type": "node", "osm_id": 5991664765, "tags": {"description": "Cement dock for the public to fish off of. ", "leisure": "fishing", "name": "Grand Chenier Public Fishing Dock"}}, "geometry": {"type": "Point", "coordinates": [-92.9752098, 29.7691935]}}, {"type": "Feature", "properties": {"osm_type": "node", "osm_id": 6196445255, "tags": {"leisure": "fishing"}}, "geometry": {"type": "Point", "coordinates": [-94.983792, 29.7421444]}}, {"type": "Feature", "properties": {"osm_type": "node", "osm_id": 6202082379, "tags": {"leisure": "fishing"}}, "geometry": {"type": "Point", "coordinates": [-91.2265962, 30.661499]}}, {"type": "Feature", "properties": {"osm_type": "node", "osm_id": 6202092506, "tags": {"leisure": "fishing"}}, "geometry": {"type": "Point", "coordinates": [-91.1992734, 30.6493839]}}, {"type": "Feature", "properties": {"osm_type": "node", "osm_id": 7978989159, "tags": {"leisure": "fishing"}}, "geometry": {"type": "Point", "coordinates": [-94.9818103, 29.7354821]}}, {"type": "Feature", "properties": {"osm_type": "node", "osm_id": 7978989160, "tags": {"leisure": "fishing"}}, "geometry": {"type": "Point", "coordinates": [-94.9821479, 29.7378529]}}, {"type": "Feature", "properties": {"osm_type": "node", "osm_id": 8185100930, "tags": {"access": "yes", "fishing": "yes", "leisure": "fishing", "name": "Fishing Pier"}}, "geometry": {"type": "Point", "coordinates": [-90.8510469, 30.4994711]}}, {"type": "Feature", "properties": {"osm_type": "node", "osm_id": 9467668201, "tags": {"leisure": "fishing", "name": "Old Brazos River Fishing Pier"}}, "geometry": {"type": "Point", "coordinates": [-95.3722734, 28.9627808]}}, {"type": "Feature", "properties": {"osm_type": "node", "osm_id": 9561850994, "tags": {"access": "yes", "fishing": "yes", "leisure": "fishing"}}, "geometry": {"type": "Point", "coordinates": [-91.0885261, 30.5346643]}}, {"type": "Feature", "properties": {"osm_type": "node", "osm_id": 9586899782, "tags": {"access": "yes", "leisure": "fishing"}}, "geometry": {"type": "Point", "coordinates": [-90.9910394, 30.4722567]}}, {"type": "Feature", "properties": {"osm_type": "node", "osm_id": 10172567301, "tags": {"leisure": "fishing"}}, "geometry": {"type": "Point", "coordinates": [-94.7997946, 29.9211047]}}, {"type": "Feature", "properties": {"osm_type": "node", "osm_id": 10572650339, "tags": {"leisure": "fishing"}}, "geometry": {"type": "Point", "coordinates": [-95.4750137, 29.6465884]}}, {"type": "Feature", "properties": {"osm_type": "node", "osm_id": 11218548093, "tags": {"fishing": "yes", "leisure": "fishing", "name": "Salt Water Fishing"}}, "geometry": {"type": "Point", "coordinates": [-94.9565548, 29.2045254]}}, {"type": "Feature", "properties": {"osm_type": "node", "osm_id": 11218548094, "tags": {"fishing": "yes", "leisure": "fishing", "name": "Salt Water Fishing", "note": "This fishing location is also a kayak launching area. Please use caution."}}, "geometry": {"type": "Point", "coordinates": [-94.9573915, 29.2049078]}}, {"type": "Feature", "properties": {"osm_type": "node", "osm_id": 11657934369, "tags": {"leisure": "fishing"}}, "geometry": {"type": "Point", "coordinates": [-93.2626218, 30.2954537]}}, {"type": "Feature", "properties": {"osm_type": "node", "osm_id": 12083778921, "tags": {"leisure": "fishing"}}, "geometry": {"type": "Point", "coordinates": [-89.9536422, 29.2616349]}}, {"type": "Feature", "properties": {"osm_type": "node", "osm_id": 13159671583, "tags": {"leisure": "fishing"}}, "geometry": {"type": "Point", "coordinates": [-93.3156423, 30.2916484]}}, {"type": "Feature", "properties": {"osm_type": "node", "osm_id": 13591844026, "tags": {"access": "yes", "description": "catch and release pond for residents", "fishing": "yes", "leisure": "fishing", "name": "catch and release pond"}}, "geometry": {"type": "Point", "coordinates": [-95.7869912, 29.6899359]}}, {"type": "Feature", "properties": {"osm_type": "node", "osm_id": 358990431, "tags": {"ele": "69", "leisure": "fishing", "name": "Brump Bayou Fishing Pier"}}, "geometry": {"type": "Point", "coordinates": [-92.0157385, 34.2345523]}}, {"type": "Feature", "properties": {"osm_type": "node", "osm_id": 4200818147, "tags": {"leisure": "fishing"}}, "geometry": {"type": "Point", "coordinates": [-88.0333074, 36.4912215]}}, {"type": "Feature", "properties": {"osm_type": "node", "osm_id": 4541528044, "tags": {"access": "yes", "leisure": "fishing", "name": "Fayetteville Old Stone Bridge", "owner": "City of Fayetteville"}}, "geometry": {"type": "Point", "coordinates": [-86.5719507, 35.140496]}}, {"type": "Feature", "properties": {"osm_type": "node", "osm_id": 5384132685, "tags": {"access": "yes", "fishing": "yes", "leisure": "fishing"}}, "geometry": {"type": "Point", "coordinates": [-88.3258081, 34.5611421]}}, {"type": "Feature", "properties": {"osm_type": "node", "osm_id": 5742355959, "tags": {"leisure": "fishing"}}, "geometry": {"type": "Point", "coordinates": [-92.920876, 35.1301217]}}, {"type": "Feature", "properties": {"osm_type": "node", "osm_id": 6336193994, "tags": {"leisure": "fishing", "name": "Fishing Dock"}}, "geometry": {"type": "Point", "coordinates": [-95.8001589, 35.8960869]}}, {"type": "Feature", "properties": {"osm_type": "node", "osm_id": 6336193997, "tags": {"leisure": "fishing"}}, "geometry": {"type": "Point", "coordinates": [-95.795119, 35.8936815]}}, {"type": "Feature", "properties": {"osm_type": "node", "osm_id": 6871896201, "tags": {"leisure": "fishing"}}, "geometry": {"type": "Point", "coordinates": [-94.1024166, 36.3354844]}}, {"type": "Feature", "properties": {"osm_type": "node", "osm_id": 6871896202, "tags": {"leisure": "fishing"}}, "geometry": {"type": "Point", "coordinates": [-94.1014461, 36.3364896]}}, {"type": "Feature", "properties": {"osm_type": "node", "osm_id": 6871896203, "tags": {"leisure": "fishing"}}, "geometry": {"type": "Point", "coordinates": [-94.0985345, 36.3393513]}}, {"type": "Feature", "properties": {"osm_type": "node", "osm_id": 6871896204, "tags": {"leisure": "fishing"}}, "geometry": {"type": "Point", "coordinates": [-94.0975578, 36.3380706]}}, {"type": "Feature", "properties": {"osm_type": "node", "osm_id": 6871896205, "tags": {"leisure": "fishing"}}, "geometry": {"type": "Point", "coordinates": [-94.0990429, 36.3369662]}}, {"type": "Feature", "properties": {"osm_type": "node", "osm_id": 6871896206, "tags": {"leisure": "fishing"}}, "geometry": {"type": "Point", "coordinates": [-94.1000173, 36.3362607]}}, {"type": "Feature", "properties": {"osm_type": "node", "osm_id": 6871896207, "tags": {"leisure": "fishing"}}, "geometry": {"type": "Point", "coordinates": [-94.0998389, 36.3362607]}}, {"type": "Feature", "properties": {"osm_type": "node", "osm_id": 6950105612, "tags": {"addr:street": "Hatchett Ridge Road", "description": "TVA public land often used for fishing.", "leisure": "fishing", "name": "TVA public land"}}, "geometry": {"type": "Point", "coordinates": [-87.0461302, 34.7111781]}}, {"type": "Feature", "properties": {"osm_type": "node", "osm_id": 7138451563, "tags": {"access": "private", "fishing": "private", "leisure": "fishing"}}, "geometry": {"type": "Point", "coordinates": [-86.6669907, 32.3602343]}}, {"type": "Feature", "properties": {"osm_type": "node", "osm_id": 7276055544, "tags": {"access": "yes", "fishing": "yes", "leisure": "fishing", "name": "Handicapped Fishing Dock"}}, "geometry": {"type": "Point", "coordinates": [-94.3630506, 36.8724131]}}, {"type": "Feature", "properties": {"osm_type": "node", "osm_id": 7276055545, "tags": {"access": "yes", "fishing": "yes", "leisure": "fishing"}}, "geometry": {"type": "Point", "coordinates": [-94.3580709, 36.8694601]}}, {"type": "Feature", "properties": {"osm_type": "node", "osm_id": 8649014065, "tags": {"leisure": "fishing"}}, "geometry": {"type": "Point", "coordinates": [-88.3292694, 34.5625662]}}, {"type": "Feature", "properties": {"osm_type": "node", "osm_id": 8649014066, "tags": {"leisure": "fishing"}}, "geometry": {"type": "Point", "coordinates": [-88.3257073, 34.5651294]}}, {"type": "Feature", "properties": {"osm_type": "node", "osm_id": 8719162536, "tags": {"leisure": "fishing"}}, "geometry": {"type": "Point", "coordinates": [-92.3573372, 34.793859]}}, {"type": "Feature", "properties": {"osm_type": "node", "osm_id": 8719162537, "tags": {"leisure": "fishing"}}, "geometry": {"type": "Point", "coordinates": [-92.3548892, 34.7937075]}}, {"type": "Feature", "properties": {"osm_type": "node", "osm_id": 8757962203, "tags": {"leisure": "fishing"}}, "geometry": {"type": "Point", "coordinates": [-91.553468, 35.9371931]}}, {"type": "Feature", "properties": {"osm_type": "node", "osm_id": 8808192514, "tags": {"leisure": "fishing"}}, "geometry": {"type": "Point", "coordinates": [-92.3981788, 34.5757863]}}, {"type": "Feature", "properties": {"osm_type": "node", "osm_id": 9053682104, "tags": {"leisure": "fishing"}}, "geometry": {"type": "Point", "coordinates": [-87.0862902, 33.9685173]}}, {"type": "Feature", "properties": {"osm_type": "node", "osm_id": 9649278733, "tags": {"access": "yes", "description": "Lots of Green Sunfish that get to be up to a pound or so. Also some Bluegill. Would recommend a jig on a long pole.", "fishing": "yes", "leisure": "fishing", "name": "Rutherford lot pond", "source": "Nathan Brunner's personal experience."}}, "geometry": {"type": "Point", "coordinates": [-86.3511553, 35.8487628]}}, {"type": "Feature", "properties": {"osm_type": "node", "osm_id": 10930112290, "tags": {"leisure": "fishing"}}, "geometry": {"type": "Point", "coordinates": [-94.5168229, 35.4464774]}}, {"type": "Feature", "properties": {"osm_type": "node", "osm_id": 11133041278, "tags": {"access": "yes", "fishing": "licence", "leisure": "fishing", "name": "Tuff Ramp Deck", "website": "https://www.fws.gov/law/general-fishing-laws"}}, "geometry": {"type": "Point", "coordinates": [-94.9732763, 35.433096]}}, {"type": "Feature", "properties": {"osm_type": "node", "osm_id": 11133073403, "tags": {"access": "yes", "fishing": "licence", "leisure": "fishing", "name": "Reeve's Slough Fishing Dock", "website": "https://www.fws.gov/law/general-fishing-laws"}}, "geometry": {"type": "Point", "coordinates": [-95.0076713, 35.4345119]}}, {"type": "Feature", "properties": {"osm_type": "node", "osm_id": 11759950528, "tags": {"leisure": "fishing"}}, "geometry": {"type": "Point", "coordinates": [-86.445224, 32.8038336]}}, {"type": "Feature", "properties": {"osm_type": "node", "osm_id": 11773595600, "tags": {"access": "private", "fishing": "yes", "leisure": "fishing"}}, "geometry": {"type": "Point", "coordinates": [-87.3940045, 35.9339087]}}, {"type": "Feature", "properties": {"osm_type": "node", "osm_id": 11866686629, "tags": {"leisure": "fishing"}}, "geometry": {"type": "Point", "coordinates": [-87.1042251, 33.9353936]}}, {"type": "Feature", "properties": {"osm_type": "node", "osm_id": 11866686644, "tags": {"leisure": "fishing"}}, "geometry": {"type": "Point", "coordinates": [-87.1040928, 33.9352609]}}, {"type": "Feature", "properties": {"osm_type": "node", "osm_id": 11866686645, "tags": {"leisure": "fishing"}}, "geometry": {"type": "Point", "coordinates": [-87.1074034, 33.9402224]}}, {"type": "Feature", "properties": {"osm_type": "node", "osm_id": 12645910970, "tags": {"access": "yes", "fishing": "yes", "leisure": "fishing"}}, "geometry": {"type": "Point", "coordinates": [-91.9960342, 35.5111863]}}, {"type": "Feature", "properties": {"osm_type": "node", "osm_id": 12646582303, "tags": {"access": "yes", "fishing": "yes", "leisure": "fishing"}}, "geometry": {"type": "Point", "coordinates": [-91.9961706, 35.5115229]}}, {"type": "Feature", "properties": {"osm_type": "node", "osm_id": 12646582304, "tags": {"access": "yes", "fishing": "yes", "leisure": "fishing"}}, "geometry": {"type": "Point", "coordinates": [-91.9957794, 35.5109551]}}, {"type": "Feature", "properties": {"osm_type": "node", "osm_id": 12815639454, "tags": {"access": "private", "leisure": "fishing"}}, "geometry": {"type": "Point", "coordinates": [-95.1852784, 32.7253648]}}, {"type": "Feature", "properties": {"osm_type": "node", "osm_id": 13042217168, "tags": {"leisure": "fishing"}}, "geometry": {"type": "Point", "coordinates": [-92.2420451, 36.2486969]}}, {"type": "Feature", "properties": {"osm_type": "node", "osm_id": 13475384664, "tags": {"leisure": "fishing"}}, "geometry": {"type": "Point", "coordinates": [-86.7287003, 33.1605032]}}, {"type": "Feature", "properties": {"osm_type": "node", "osm_id": 13478040191, "tags": {"leisure": "fishing"}}, "geometry": {"type": "Point", "coordinates": [-86.7268953, 33.1607867]}}, {"type": "Feature", "properties": {"osm_type": "node", "osm_id": 5883268095, "tags": {"leisure": "fishing"}}, "geometry": {"type": "Point", "coordinates": [-76.5686504, 36.8569452]}}, {"type": "Feature", "properties": {"osm_type": "node", "osm_id": 5886048222, "tags": {"leisure": "fishing"}}, "geometry": {"type": "Point", "coordinates": [-76.5711041, 36.8636373]}}, {"type": "Feature", "properties": {"osm_type": "node", "osm_id": 6913457891, "tags": {"leisure": "fishing"}}, "geometry": {"type": "Point", "coordinates": [-76.3218134, 36.9631652]}}, {"type": "Feature", "properties": {"osm_type": "node", "osm_id": 7885055931, "tags": {"leisure": "fishing"}}, "geometry": {"type": "Point", "coordinates": [-76.3949165, 36.9809318]}}, {"type": "Feature", "properties": {"osm_type": "node", "osm_id": 8407910531, "tags": {"leisure": "fishing"}}, "geometry": {"type": "Point", "coordinates": [-76.5652244, 36.9601476]}}, {"type": "Feature", "properties": {"osm_type": "node", "osm_id": 8478788104, "tags": {"access": "yes", "leisure": "fishing"}}, "geometry": {"type": "Point", "coordinates": [-76.562976, 36.9742935]}}, {"type": "Feature", "properties": {"osm_type": "node", "osm_id": 8513550930, "tags": {"access": "private", "leisure": "fishing"}}, "geometry": {"type": "Point", "coordinates": [-76.5038769, 36.9435221]}}, {"type": "Feature", "properties": {"osm_type": "node", "osm_id": 10261367698, "tags": {"leisure": "fishing", "name": "Swanquarter Boat Landing"}}, "geometry": {"type": "Point", "coordinates": [-76.3276588, 35.4020199]}}, {"type": "Feature", "properties": {"osm_type": "node", "osm_id": 11525115086, "tags": {"access": "yes", "fishing": "yes", "leisure": "fishing", "name": "Sea Ranch Beach, Kill Devil Hills, Outer Banks, NC"}}, "geometry": {"type": "Point", "coordinates": [-75.6669312, 36.0352379]}}, {"type": "Feature", "properties": {"osm_type": "node", "osm_id": 11525166332, "tags": {"access": "yes", "fishing": "yes", "leisure": "fishing"}}, "geometry": {"type": "Point", "coordinates": [-75.6679222, 36.0368017]}}, {"type": "Feature", "properties": {"osm_type": "node", "osm_id": 321553147, "tags": {"access": "yes", "leisure": "fishing"}}, "geometry": {"type": "Point", "coordinates": [-122.1012597, 47.6429278]}}, {"type": "Feature", "properties": {"osm_type": "node", "osm_id": 357354998, "tags": {"addr:state": "OR", "ele": "1", "gnis:feature_id": "2058200", "leisure": "fishing", "name": "Charleston Fishing Pier"}}, "geometry": {"type": "Point", "coordinates": [-124.3220887, 43.3406053]}}, {"type": "Feature", "properties": {"osm_type": "node", "osm_id": 424990406, "tags": {"leisure": "fishing"}}, "geometry": {"type": "Point", "coordinates": [-123.5384214, 48.4529831]}}, {"type": "Feature", "properties": {"osm_type": "node", "osm_id": 480624745, "tags": {"leisure": "fishing"}}, "geometry": {"type": "Point", "coordinates": [-122.4266961, 47.3203218]}}, {"type": "Feature", "properties": {"osm_type": "node", "osm_id": 667291127, "tags": {"access": "yes", "fishing": "yes", "leisure": "fishing"}}, "geometry": {"type": "Point", "coordinates": [-124.0077231, 48.8160696]}}, {"type": "Feature", "properties": {"osm_type": "node", "osm_id": 667291128, "tags": {"access": "yes", "fishing": "yes", "leisure": "fishing"}}, "geometry": {"type": "Point", "coordinates": [-124.0075505, 48.8159959]}}, {"type": "Feature", "properties": {"osm_type": "node", "osm_id": 824837159, "tags": {"leisure": "fishing"}}, "geometry": {"type": "Point", "coordinates": [-122.231155, 46.0594616]}}, {"type": "Feature", "properties": {"osm_type": "node", "osm_id": 1162804293, "tags": {"leisure": "fishing"}}, "geometry": {"type": "Point", "coordinates": [-116.5533906, 43.5352799]}}, {"type": "Feature", "properties": {"osm_type": "node", "osm_id": 1162804322, "tags": {"leisure": "fishing"}}, "geometry": {"type": "Point", "coordinates": [-116.5539941, 43.5374079]}}, {"type": "Feature", "properties": {"osm_type": "node", "osm_id": 1293601318, "tags": {"leisure": "fishing"}}, "geometry": {"type": "Point", "coordinates": [-122.359553, 47.652632]}}, {"type": "Feature", "properties": {"osm_type": "node", "osm_id": 1971062447, "tags": {"leisure": "fishing"}}, "geometry": {"type": "Point", "coordinates": [-122.6075216, 45.3730453]}}, {"type": "Feature", "properties": {"osm_type": "node", "osm_id": 1971062509, "tags": {"leisure": "fishing"}}, "geometry": {"type": "Point", "coordinates": [-122.6109878, 45.374563]}}, {"type": "Feature", "properties": {"osm_type": "node", "osm_id": 1971062608, "tags": {"leisure": "fishing"}}, "geometry": {"type": "Point", "coordinates": [-122.616609, 45.3768796]}}, {"type": "Feature", "properties": {"osm_type": "node", "osm_id": 1971062664, "tags": {"leisure": "fishing"}}, "geometry": {"type": "Point", "coordinates": [-122.6171502, 45.3771887]}}, {"type": "Feature", "properties": {"osm_type": "node", "osm_id": 2658826231, "tags": {"leisure": "fishing"}}, "geometry": {"type": "Point", "coordinates": [-119.5792102, 47.283376]}}, {"type": "Feature", "properties": {"osm_type": "node", "osm_id": 3686271976, "tags": {"leisure": "fishing"}}, "geometry": {"type": "Point", "coordinates": [-122.6810209, 45.9390177]}}, {"type": "Feature", "properties": {"osm_type": "node", "osm_id": 3699315771, "tags": {"leisure": "fishing"}}, "geometry": {"type": "Point", "coordinates": [-122.7405583, 45.9128852]}}, {"type": "Feature", "properties": {"osm_type": "node", "osm_id": 3699315817, "tags": {"leisure": "fishing"}}, "geometry": {"type": "Point", "coordinates": [-122.5600683, 45.9585574]}}, {"type": "Feature", "properties": {"osm_type": "node", "osm_id": 3777176257, "tags": {"description": "Fly Fishing Location", "leisure": "fishing"}}, "geometry": {"type": "Point", "coordinates": [-117.6320671, 49.3162474]}}, {"type": "Feature", "properties": {"osm_type": "node", "osm_id": 3777176755, "tags": {"leisure": "fishing", "name": "Fly Fishing Location"}}, "geometry": {"type": "Point", "coordinates": [-117.663282, 49.3309279]}}, {"type": "Feature", "properties": {"osm_type": "node", "osm_id": 3900743296, "tags": {"leisure": "fishing"}}, "geometry": {"type": "Point", "coordinates": [-122.6267667, 45.9361068]}}, {"type": "Feature", "properties": {"osm_type": "node", "osm_id": 4032285966, "tags": {"access": "yes", "fishing": "yes", "leisure": "fishing", "name": "Spring Pool fishing spot"}}, "geometry": {"type": "Point", "coordinates": [-124.0111099, 48.8184651]}}, {"type": "Feature", "properties": {"osm_type": "node", "osm_id": 4076145572, "tags": {"comment": "fishing from riverside rocks", "leisure": "fishing"}}, "geometry": {"type": "Point", "coordinates": [-124.8570546, 49.2749552]}}, {"type": "Feature", "properties": {"osm_type": "node", "osm_id": 4281516914, "tags": {"leisure": "fishing", "sport": "swimming"}}, "geometry": {"type": "Point", "coordinates": [-117.5182422, 47.5204084]}}, {"type": "Feature", "properties": {"osm_type": "node", "osm_id": 4395605032, "tags": {"leisure": "fishing"}}, "geometry": {"type": "Point", "coordinates": [-123.846934, 43.595518]}}, {"type": "Feature", "properties": {"osm_type": "node", "osm_id": 4761423965, "tags": {"leisure": "fishing", "name": "Fourth of July Lake", "website": "https://wdfw.wa.gov/lands/water_access/30306/"}}, "geometry": {"type": "Point", "coordinates": [-117.9673297, 47.2688485]}}, {"type": "Feature", "properties": {"osm_type": "node", "osm_id": 4840648249, "tags": {"leisure": "fishing"}}, "geometry": {"type": "Point", "coordinates": [-119.4260021, 47.5774827]}}, {"type": "Feature", "properties": {"osm_type": "node", "osm_id": 5047058894, "tags": {"leisure": "fishing"}}, "geometry": {"type": "Point", "coordinates": [-124.0066463, 48.8153558]}}, {"type": "Feature", "properties": {"osm_type": "node", "osm_id": 5111531930, "tags": {"leisure": "fishing"}}, "geometry": {"type": "Point", "coordinates": [-122.2633974, 47.7568881]}}, {"type": "Feature", "properties": {"osm_type": "node", "osm_id": 5630749150, "tags": {"leisure": "fishing", "name": "Fish Cleaning"}}, "geometry": {"type": "Point", "coordinates": [-124.3694754, 43.3311175]}}, {"type": "Feature", "properties": {"osm_type": "node", "osm_id": 5644547899, "tags": {"leisure": "fishing"}}, "geometry": {"type": "Point", "coordinates": [-123.7421181, 46.9809082]}}, {"type": "Feature", "properties": {"osm_type": "node", "osm_id": 5831054006, "tags": {"leisure": "fishing"}}, "geometry": {"type": "Point", "coordinates": [-122.6117368, 45.3586526]}}, {"type": "Feature", "properties": {"osm_type": "node", "osm_id": 5981566348, "tags": {"leisure": "fishing"}}, "geometry": {"type": "Point", "coordinates": [-122.738141, 45.8950169]}}, {"type": "Feature", "properties": {"osm_type": "node", "osm_id": 6212335149, "tags": {"addr:housenumber": "1364", "addr:street": "Bradner Road", "fishing": "private", "leisure": "fishing", "name": "Silverbrook U-catch Trout Farm", "opening_hours": "Sa,Su,PH 09:00-16:00", "tourism": "attraction", "website": "https://www.fishbctrout.com/"}}, "geometry": {"type": "Point", "coordinates": [-122.4274613, 49.0267603]}}, {"type": "Feature", "properties": {"osm_type": "node", "osm_id": 6225447609, "tags": {"leisure": "fishing"}}, "geometry": {"type": "Point", "coordinates": [-122.689214, 48.8617436]}}, {"type": "Feature", "properties": {"osm_type": "node", "osm_id": 6225465257, "tags": {"leisure": "fishing"}}, "geometry": {"type": "Point", "coordinates": [-122.6898168, 48.8585394]}}, {"type": "Feature", "properties": {"osm_type": "node", "osm_id": 6228703068, "tags": {"leisure": "fishing"}}, "geometry": {"type": "Point", "coordinates": [-122.3119534, 49.0458901]}}, {"type": "Feature", "properties": {"osm_type": "node", "osm_id": 6253178688, "tags": {"leisure": "fishing", "name": "Panther Lake Fishing Access", "website": "https://wdfw.wa.gov/places-to-go/water-access-sites/panther-lake-525"}}, "geometry": {"type": "Point", "coordinates": [-122.1875118, 47.4223566]}}, {"type": "Feature", "properties": {"osm_type": "node", "osm_id": 6765254590, "tags": {"leisure": "fishing", "tourism": "viewpoint", "wheelchair": "designated"}}, "geometry": {"type": "Point", "coordinates": [-122.8057444, 49.0167792]}}, {"type": "Feature", "properties": {"osm_type": "node", "osm_id": 6997047410, "tags": {"access": "no", "fishing": "members_only", "leisure": "fishing", "name": "Underwood White Salmon Treaty Fishing Access Site"}}, "geometry": {"type": "Point", "coordinates": [-121.5239149, 45.729644]}}, {"type": "Feature", "properties": {"osm_type": "node", "osm_id": 7127097713, "tags": {"leisure": "fishing"}}, "geometry": {"type": "Point", "coordinates": [-119.765615, 49.3351042]}}, {"type": "Feature", "properties": {"osm_type": "node", "osm_id": 7127097714, "tags": {"leisure": "fishing"}}, "geometry": {"type": "Point", "coordinates": [-119.7408512, 49.3408597]}}, {"type": "Feature", "properties": {"osm_type": "node", "osm_id": 7127097715, "tags": {"leisure": "fishing"}}, "geometry": {"type": "Point", "coordinates": [-119.7413447, 49.341074]}}, {"type": "Feature", "properties": {"osm_type": "node", "osm_id": 7176699253, "tags": {"leisure": "fishing"}}, "geometry": {"type": "Point", "coordinates": [-117.1151161, 46.0346791]}}, {"type": "Feature", "properties": {"osm_type": "node", "osm_id": 7801727855, "tags": {"leisure": "fishing"}}, "geometry": {"type": "Point", "coordinates": [-121.8311144, 47.6942128]}}, {"type": "Feature", "properties": {"osm_type": "node", "osm_id": 7833276512, "tags": {"leisure": "fishing"}}, "geometry": {"type": "Point", "coordinates": [-122.7225691, 45.8672159]}}, {"type": "Feature", "properties": {"osm_type": "node", "osm_id": 8152066367, "tags": {"leisure": "fishing"}}, "geometry": {"type": "Point", "coordinates": [-122.050383, 47.8339147]}}, {"type": "Feature", "properties": {"osm_type": "node", "osm_id": 8168894685, "tags": {"access": "yes", "fishing": "yes", "leisure": "fishing"}}, "geometry": {"type": "Point", "coordinates": [-122.8200245, 49.1793587]}}, {"type": "Feature", "properties": {"osm_type": "node", "osm_id": 8168894686, "tags": {"access": "yes", "fishing": "yes", "leisure": "fishing"}}, "geometry": {"type": "Point", "coordinates": [-122.8209701, 49.178292]}}, {"type": "Feature", "properties": {"osm_type": "node", "osm_id": 8661548895, "tags": {"leisure": "fishing"}}, "geometry": {"type": "Point", "coordinates": [-122.2788533, 47.2923323]}}, {"type": "Feature", "properties": {"osm_type": "node", "osm_id": 8677821532, "tags": {"leisure": "fishing"}}, "geometry": {"type": "Point", "coordinates": [-119.325076, 47.1039612]}}, {"type": "Feature", "properties": {"osm_type": "node", "osm_id": 8954730729, "tags": {"access": "yes", "leisure": "fishing", "note": "Fishing for juvenile/senior anglers, disabled anglers only"}}, "geometry": {"type": "Point", "coordinates": [-120.664233, 47.5889113]}}, {"type": "Feature", "properties": {"osm_type": "node", "osm_id": 9359312631, "tags": {"leisure": "fishing"}}, "geometry": {"type": "Point", "coordinates": [-119.1211311, 47.8616894]}}, {"type": "Feature", "properties": {"osm_type": "node", "osm_id": 9449220337, "tags": {"fishing": "permit", "leisure": "fishing", "name": "Oscar Hoover Water Access Site", "source": "https://wdfw.wa.gov/places-to-go/water-access-sites/30515;local knowledge"}}, "geometry": {"type": "Point", "coordinates": [-122.076672, 47.8666438]}}, {"type": "Feature", "properties": {"osm_type": "node", "osm_id": 9733749956, "tags": {"leisure": "fishing"}}, "geometry": {"type": "Point", "coordinates": [-123.0247486, 43.7894322]}}, {"type": "Feature", "properties": {"osm_type": "node", "osm_id": 10003122489, "tags": {"access": "yes", "leisure": "fishing", "name": "Skagit-Baker Confluence"}}, "geometry": {"type": "Point", "coordinates": [-121.7385095, 48.5338139]}}, {"type": "Feature", "properties": {"osm_type": "node", "osm_id": 10059851567, "tags": {"access": "customers", "fishing": "fee", "leisure": "fishing"}}, "geometry": {"type": "Point", "coordinates": [-122.3549027, 49.142084]}}, {"type": "Feature", "properties": {"osm_type": "node", "osm_id": 10288685359, "tags": {"leisure": "fishing"}}, "geometry": {"type": "Point", "coordinates": [-122.5403014, 47.1663897]}}, {"type": "Feature", "properties": {"osm_type": "node", "osm_id": 10288685360, "tags": {"leisure": "fishing"}}, "geometry": {"type": "Point", "coordinates": [-122.5411884, 47.1660034]}}, {"type": "Feature", "properties": {"osm_type": "node", "osm_id": 10573185922, "tags": {"leisure": "fishing"}}, "geometry": {"type": "Point", "coordinates": [-116.3882945, 43.6774223]}}, {"type": "Feature", "properties": {"osm_type": "node", "osm_id": 10573185927, "tags": {"leisure": "fishing"}}, "geometry": {"type": "Point", "coordinates": [-116.387713, 43.6901394]}}, {"type": "Feature", "properties": {"osm_type": "node", "osm_id": 10573185928, "tags": {"leisure": "fishing"}}, "geometry": {"type": "Point", "coordinates": [-116.3979575, 43.6873227]}}, {"type": "Feature", "properties": {"osm_type": "node", "osm_id": 10889049638, "tags": {"access": "permit", "leisure": "fishing"}}, "geometry": {"type": "Point", "coordinates": [-120.5472153, 47.5412483]}}, {"type": "Feature", "properties": {"osm_type": "node", "osm_id": 11077269617, "tags": {"leisure": "fishing"}}, "geometry": {"type": "Point", "coordinates": [-122.8455511, 45.9995805]}}, {"type": "Feature", "properties": {"osm_type": "node", "osm_id": 11186737124, "tags": {"access": "yes", "leisure": "fishing"}}, "geometry": {"type": "Point", "coordinates": [-122.1815046, 46.7193726]}}, {"type": "Feature", "properties": {"osm_type": "node", "osm_id": 11333348413, "tags": {"access": "yes", "fishing": "yes", "leisure": "fishing", "name": "South of Lisabula"}}, "geometry": {"type": "Point", "coordinates": [-122.5176167, 47.3782411]}}, {"type": "Feature", "properties": {"osm_type": "node", "osm_id": 11444270805, "tags": {"leisure": "fishing"}}, "geometry": {"type": "Point", "coordinates": [-122.0856339, 47.8608351]}}, {"type": "Feature", "properties": {"osm_type": "node", "osm_id": 11476759501, "tags": {"leisure": "fishing"}}, "geometry": {"type": "Point", "coordinates": [-122.2236911, 47.5890568]}}, {"type": "Feature", "properties": {"osm_type": "node", "osm_id": 11548183066, "tags": {"access": "yes", "leisure": "fishing"}}, "geometry": {"type": "Point", "coordinates": [-120.157771, 47.9022467]}}, {"type": "Feature", "properties": {"osm_type": "node", "osm_id": 11548183067, "tags": {"access": "yes", "leisure": "fishing"}}, "geometry": {"type": "Point", "coordinates": [-120.1574824, 47.9019977]}}, {"type": "Feature", "properties": {"osm_type": "node", "osm_id": 11548186172, "tags": {"access": "yes", "leisure": "fishing"}}, "geometry": {"type": "Point", "coordinates": [-120.1583173, 47.9027357]}}, {"type": "Feature", "properties": {"osm_type": "node", "osm_id": 11877262678, "tags": {"access": "yes", "fishing": "yes", "leisure": "fishing"}}, "geometry": {"type": "Point", "coordinates": [-122.1396986, 48.8975901]}}, {"type": "Feature", "properties": {"osm_type": "node", "osm_id": 11880625090, "tags": {"leisure": "fishing"}}, "geometry": {"type": "Point", "coordinates": [-123.8570847, 45.4830263]}}, {"type": "Feature", "properties": {"osm_type": "node", "osm_id": 11880625181, "tags": {"leisure": "fishing"}}, "geometry": {"type": "Point", "coordinates": [-123.8619189, 45.4846794]}}, {"type": "Feature", "properties": {"osm_type": "node", "osm_id": 11926865937, "tags": {"access": "yes", "fishing": "yes", "leisure": "fishing"}}, "geometry": {"type": "Point", "coordinates": [-122.1382704, 48.8994951]}}, {"type": "Feature", "properties": {"osm_type": "node", "osm_id": 11927029559, "tags": {"access": "yes", "fishing": "yes", "leisure": "fishing"}}, "geometry": {"type": "Point", "coordinates": [-122.1441113, 48.8952455]}}, {"type": "Feature", "properties": {"osm_type": "node", "osm_id": 12117617071, "tags": {"leisure": "fishing"}}, "geometry": {"type": "Point", "coordinates": [-122.5463854, 49.1317854]}}, {"type": "Feature", "properties": {"osm_type": "node", "osm_id": 12232001898, "tags": {"leisure": "fishing", "name": "Rose Lake Boat Launch"}}, "geometry": {"type": "Point", "coordinates": [-116.4584039, 47.5533232]}}, {"type": "Feature", "properties": {"osm_type": "node", "osm_id": 12242983079, "tags": {"leisure": "fishing"}}, "geometry": {"type": "Point", "coordinates": [-122.2851212, 47.3237999]}}, {"type": "Feature", "properties": {"osm_type": "node", "osm_id": 12290807361, "tags": {"access": "yes", "fishing": "yes", "leisure": "fishing", "name": "Little Beach"}}, "geometry": {"type": "Point", "coordinates": [-124.0319575, 48.8314975]}}, {"type": "Feature", "properties": {"osm_type": "node", "osm_id": 12290807366, "tags": {"leisure": "fishing"}}, "geometry": {"type": "Point", "coordinates": [-124.003016, 48.815526]}}, {"type": "Feature", "properties": {"osm_type": "node", "osm_id": 12290807367, "tags": {"leisure": "fishing"}}, "geometry": {"type": "Point", "coordinates": [-124.0017223, 48.8158796]}}, {"type": "Feature", "properties": {"osm_type": "node", "osm_id": 12290807370, "tags": {"leisure": "fishing"}}, "geometry": {"type": "Point", "coordinates": [-124.0001301, 48.8137161]}}, {"type": "Feature", "properties": {"osm_type": "node", "osm_id": 12290807374, "tags": {"leisure": "fishing"}}, "geometry": {"type": "Point", "coordinates": [-124.0031145, 48.8044864]}}, {"type": "Feature", "properties": {"osm_type": "node", "osm_id": 12290807375, "tags": {"leisure": "fishing"}}, "geometry": {"type": "Point", "coordinates": [-124.0032522, 48.8041106]}}, {"type": "Feature", "properties": {"osm_type": "node", "osm_id": 12533537090, "tags": {"leisure": "fishing"}}, "geometry": {"type": "Point", "coordinates": [-121.8549326, 47.6723306]}}, {"type": "Feature", "properties": {"osm_type": "node", "osm_id": 12621610323, "tags": {"leisure": "fishing"}}, "geometry": {"type": "Point", "coordinates": [-122.2915602, 47.2863516]}}, {"type": "Feature", "properties": {"osm_type": "node", "osm_id": 12829527060, "tags": {"leisure": "fishing"}}, "geometry": {"type": "Point", "coordinates": [-122.5620518, 47.1709831]}}, {"type": "Feature", "properties": {"osm_type": "node", "osm_id": 12849156513, "tags": {"leisure": "fishing"}}, "geometry": {"type": "Point", "coordinates": [-122.8053782, 49.0169637]}}, {"type": "Feature", "properties": {"osm_type": "node", "osm_id": 13016416310, "tags": {"leisure": "fishing"}}, "geometry": {"type": "Point", "coordinates": [-122.2191085, 47.2685839]}}, {"type": "Feature", "properties": {"osm_type": "node", "osm_id": 13042464637, "tags": {"leisure": "fishing"}}, "geometry": {"type": "Point", "coordinates": [-122.2718168, 47.3674572]}}, {"type": "Feature", "properties": {"osm_type": "node", "osm_id": 13046893805, "tags": {"leisure": "fishing"}}, "geometry": {"type": "Point", "coordinates": [-116.5534879, 43.5366089]}}, {"type": "Feature", "properties": {"osm_type": "node", "osm_id": 13290210757, "tags": {"leisure": "fishing"}}, "geometry": {"type": "Point", "coordinates": [-122.0860314, 47.2847435]}}, {"type": "Feature", "properties": {"osm_type": "node", "osm_id": 13302769200, "tags": {"access": "yes", "fishing": "yes", "leisure": "fishing", "name": "Two-bit Bar"}}, "geometry": {"type": "Point", "coordinates": [-122.4748728, 49.1677665]}}, {"type": "Feature", "properties": {"osm_type": "node", "osm_id": 13317160021, "tags": {"leisure": "fishing"}}, "geometry": {"type": "Point", "coordinates": [-123.0734921, 45.8096743]}}, {"type": "Feature", "properties": {"osm_type": "node", "osm_id": 13317160022, "tags": {"leisure": "fishing"}}, "geometry": {"type": "Point", "coordinates": [-123.0739434, 45.80976]}}, {"type": "Feature", "properties": {"osm_type": "node", "osm_id": 13320401062, "tags": {"leisure": "fishing"}}, "geometry": {"type": "Point", "coordinates": [-122.2845018, 47.1597845]}}, {"type": "Feature", "properties": {"osm_type": "node", "osm_id": 13665840241, "tags": {"leisure": "fishing"}}, "geometry": {"type": "Point", "coordinates": [-122.5325574, 47.9118674]}}, {"type": "Feature", "properties": {"osm_type": "node", "osm_id": 13665840242, "tags": {"leisure": "fishing"}}, "geometry": {"type": "Point", "coordinates": [-122.5257101, 47.912352]}}, {"type": "Feature", "properties": {"osm_type": "node", "osm_id": 13907512135, "tags": {"leisure": "fishing"}}, "geometry": {"type": "Point", "coordinates": [-121.6446177, 45.7155819]}}, {"type": "Feature", "properties": {"osm_type": "node", "osm_id": 635593858, "tags": {"leisure": "fishing"}}, "geometry": {"type": "Point", "coordinates": [-96.7721319, 46.8779554]}}, {"type": "Feature", "properties": {"osm_type": "node", "osm_id": 635593867, "tags": {"leisure": "fishing"}}, "geometry": {"type": "Point", "coordinates": [-96.7716276, 46.8804376]}}, {"type": "Feature", "properties": {"osm_type": "node", "osm_id": 5637563661, "tags": {"access": "yes", "fishing": "yes", "leisure": "fishing", "name": "FIshing Pier"}}, "geometry": {"type": "Point", "coordinates": [-96.1118209, 47.6644283]}}, {"type": "Feature", "properties": {"osm_type": "node", "osm_id": 6131762011, "tags": {"leisure": "fishing"}}, "geometry": {"type": "Point", "coordinates": [-105.428486, 46.7379302]}}, {"type": "Feature", "properties": {"osm_type": "node", "osm_id": 6131762012, "tags": {"leisure": "fishing"}}, "geometry": {"type": "Point", "coordinates": [-105.4296117, 46.7396647]}}, {"type": "Feature", "properties": {"osm_type": "node", "osm_id": 6298353589, "tags": {"access": "yes", "fishing": "yes", "leisure": "fishing", "name": "Fishing Pier"}}, "geometry": {"type": "Point", "coordinates": [-96.1132929, 47.6640899]}}, {"type": "Feature", "properties": {"osm_type": "node", "osm_id": 7573510746, "tags": {"access": "yes", "fishing": "yes", "leisure": "fishing"}}, "geometry": {"type": "Point", "coordinates": [-101.5280015, 48.0109535]}}, {"type": "Feature", "properties": {"osm_type": "node", "osm_id": 7985847283, "tags": {"leisure": "fishing", "name": "Eckroth Corner"}}, "geometry": {"type": "Point", "coordinates": [-100.5881634, 46.569942]}}, {"type": "Feature", "properties": {"osm_type": "node", "osm_id": 9024246321, "tags": {"access": "yes", "fishing": "licence", "leisure": "fishing", "name": "Fishing pier"}}, "geometry": {"type": "Point", "coordinates": [-96.1165024, 45.3282578]}}, {"type": "Feature", "properties": {"osm_type": "node", "osm_id": 11360856471, "tags": {"leisure": "fishing"}}, "geometry": {"type": "Point", "coordinates": [-97.9892457, 46.9347261]}}, {"type": "Feature", "properties": {"osm_type": "node", "osm_id": 12193006176, "tags": {"leisure": "fishing"}}, "geometry": {"type": "Point", "coordinates": [-97.9510511, 46.9208341]}}, {"type": "Feature", "properties": {"osm_type": "node", "osm_id": 12193006183, "tags": {"leisure": "fishing"}}, "geometry": {"type": "Point", "coordinates": [-97.9514247, 46.920614]}}, {"type": "Feature", "properties": {"osm_type": "node", "osm_id": 13706212610, "tags": {"leisure": "fishing"}}, "geometry": {"type": "Point", "coordinates": [-96.6461873, 45.2272929]}}, {"type": "Feature", "properties": {"osm_type": "node", "osm_id": 13706212611, "tags": {"leisure": "fishing"}}, "geometry": {"type": "Point", "coordinates": [-96.6449071, 45.2271134]}}, {"type": "Feature", "properties": {"osm_type": "node", "osm_id": 13706212612, "tags": {"leisure": "fishing"}}, "geometry": {"type": "Point", "coordinates": [-96.644096, 45.2295048]}}, {"type": "Feature", "properties": {"osm_type": "node", "osm_id": 13707716529, "tags": {"leisure": "fishing"}}, "geometry": {"type": "Point", "coordinates": [-96.4485931, 45.2967797]}}, {"type": "Feature", "properties": {"osm_type": "node", "osm_id": 13710048143, "tags": {"leisure": "fishing"}}, "geometry": {"type": "Point", "coordinates": [-96.4515518, 45.3085921]}}, {"type": "Feature", "properties": {"osm_type": "node", "osm_id": 13710048144, "tags": {"leisure": "fishing"}}, "geometry": {"type": "Point", "coordinates": [-96.4512585, 45.308802]}}, {"type": "Feature", "properties": {"osm_type": "node", "osm_id": 13710081434, "tags": {"leisure": "fishing"}}, "geometry": {"type": "Point", "coordinates": [-96.4893332, 45.3374508]}}, {"type": "Feature", "properties": {"osm_type": "node", "osm_id": 13715151849, "tags": {"leisure": "fishing"}}, "geometry": {"type": "Point", "coordinates": [-96.6895324, 45.0543418]}}, {"type": "Feature", "properties": {"osm_type": "node", "osm_id": 13725082729, "tags": {"leisure": "fishing"}}, "geometry": {"type": "Point", "coordinates": [-96.4525079, 45.302579]}}, {"type": "Feature", "properties": {"osm_type": "node", "osm_id": 13725082730, "tags": {"leisure": "fishing"}}, "geometry": {"type": "Point", "coordinates": [-96.4520286, 45.3028201]}}, {"type": "Feature", "properties": {"osm_type": "node", "osm_id": 13725082731, "tags": {"leisure": "fishing"}}, "geometry": {"type": "Point", "coordinates": [-96.4520115, 45.3033954]}}, {"type": "Feature", "properties": {"osm_type": "node", "osm_id": 13725738828, "tags": {"leisure": "fishing"}}, "geometry": {"type": "Point", "coordinates": [-96.3887825, 45.2558068]}}, {"type": "Feature", "properties": {"osm_type": "node", "osm_id": 13945157569, "tags": {"leisure": "fishing"}}, "geometry": {"type": "Point", "coordinates": [-96.5283535, 43.6791442]}}, {"type": "Feature", "properties": {"osm_type": "node", "osm_id": 13945157584, "tags": {"leisure": "fishing"}}, "geometry": {"type": "Point", "coordinates": [-96.52872, 43.6819762]}}, {"type": "Feature", "properties": {"osm_type": "node", "osm_id": 14026679753, "tags": {"access": "yes", "description": "rainbow trout fishing area", "fishing": "yes", "leisure": "fishing"}}, "geometry": {"type": "Point", "coordinates": [-102.1596417, 45.7193268]}}, {"type": "Feature", "properties": {"osm_type": "node", "osm_id": 982607113, "tags": {"leisure": "fishing"}}, "geometry": {"type": "Point", "coordinates": [-93.14366, 44.7888457]}}, {"type": "Feature", "properties": {"osm_type": "node", "osm_id": 982609618, "tags": {"leisure": "fishing"}}, "geometry": {"type": "Point", "coordinates": [-93.130647, 44.7883838]}}, {"type": "Feature", "properties": {"osm_type": "node", "osm_id": 1298576332, "tags": {"leisure": "fishing"}}, "geometry": {"type": "Point", "coordinates": [-92.7600797, 45.2175322]}}, {"type": "Feature", "properties": {"osm_type": "node", "osm_id": 1709212943, "tags": {"leisure": "fishing"}}, "geometry": {"type": "Point", "coordinates": [-93.1385735, 44.9762834]}}, {"type": "Feature", "properties": {"osm_type": "node", "osm_id": 2100391391, "tags": {"leisure": "fishing"}}, "geometry": {"type": "Point", "coordinates": [-93.2658096, 44.7419005]}}, {"type": "Feature", "properties": {"osm_type": "node", "osm_id": 2438069687, "tags": {"leisure": "fishing", "name": "Bagley Fishing Pier"}}, "geometry": {"type": "Point", "coordinates": [-87.7534399, 45.1389175]}}, {"type": "Feature", "properties": {"osm_type": "node", "osm_id": 3082162730, "tags": {"leisure": "fishing"}}, "geometry": {"type": "Point", "coordinates": [-88.4367037, 43.7971426]}}, {"type": "Feature", "properties": {"osm_type": "node", "osm_id": 3581092402, "tags": {"access": "yes", "fishing": "yes", "leisure": "fishing", "name": "Trestle Trail Fishing Point East"}}, "geometry": {"type": "Point", "coordinates": [-88.465392, 44.2026871]}}, {"type": "Feature", "properties": {"osm_type": "node", "osm_id": 3581092403, "tags": {"access": "yes", "fishing": "yes", "leisure": "fishing", "name": "Trestle Trail Fishing Point West"}}, "geometry": {"type": "Point", "coordinates": [-88.4696852, 44.2049137]}}, {"type": "Feature", "properties": {"osm_type": "node", "osm_id": 3701503668, "tags": {"leisure": "fishing"}}, "geometry": {"type": "Point", "coordinates": [-88.8051323, 44.6364915]}}, {"type": "Feature", "properties": {"osm_type": "node", "osm_id": 3707479485, "tags": {"leisure": "fishing"}}, "geometry": {"type": "Point", "coordinates": [-87.9785992, 44.5285485]}}, {"type": "Feature", "properties": {"osm_type": "node", "osm_id": 3724120746, "tags": {"leisure": "fishing"}}, "geometry": {"type": "Point", "coordinates": [-87.7666209, 44.2833401]}}, {"type": "Feature", "properties": {"osm_type": "node", "osm_id": 3735437372, "tags": {"leisure": "fishing"}}, "geometry": {"type": "Point", "coordinates": [-87.2102089, 44.9222588]}}, {"type": "Feature", "properties": {"osm_type": "node", "osm_id": 3749379470, "tags": {"leisure": "fishing"}}, "geometry": {"type": "Point", "coordinates": [-93.0697268, 44.9107574]}}, {"type": "Feature", "properties": {"osm_type": "node", "osm_id": 4636039469, "tags": {"leisure": "fishing", "name": "Crooked Lake Pier"}}, "geometry": {"type": "Point", "coordinates": [-93.3397084, 45.2091305]}}, {"type": "Feature", "properties": {"osm_type": "node", "osm_id": 4867279313, "tags": {"leisure": "fishing"}}, "geometry": {"type": "Point", "coordinates": [-93.2475744, 44.9054629]}}, {"type": "Feature", "properties": {"osm_type": "node", "osm_id": 4867280923, "tags": {"leisure": "fishing"}}, "geometry": {"type": "Point", "coordinates": [-93.2472311, 44.9049433]}}, {"type": "Feature", "properties": {"osm_type": "node", "osm_id": 4867280925, "tags": {"leisure": "fishing"}}, "geometry": {"type": "Point", "coordinates": [-93.2472002, 44.9059749]}}, {"type": "Feature", "properties": {"osm_type": "node", "osm_id": 5600471857, "tags": {"leisure": "fishing", "name": "Fishing Manitowc River"}}, "geometry": {"type": "Point", "coordinates": [-87.6571966, 44.09186]}}, {"type": "Feature", "properties": {"osm_type": "node", "osm_id": 5600481821, "tags": {"leisure": "fishing", "name": "Fishing Manitowc River"}}, "geometry": {"type": "Point", "coordinates": [-87.6556468, 44.0917516]}}, {"type": "Feature", "properties": {"osm_type": "node", "osm_id": 5639158860, "tags": {"access": "yes", "fishing": "yes", "leisure": "fishing"}}, "geometry": {"type": "Point", "coordinates": [-94.8771098, 47.4677478]}}, {"type": "Feature", "properties": {"osm_type": "node", "osm_id": 6370888364, "tags": {"leisure": "fishing"}}, "geometry": {"type": "Point", "coordinates": [-88.6442567, 43.5313684]}}, {"type": "Feature", "properties": {"osm_type": "node", "osm_id": 6371006074, "tags": {"leisure": "fishing"}}, "geometry": {"type": "Point", "coordinates": [-88.6442589, 43.5969198]}}, {"type": "Feature", "properties": {"osm_type": "node", "osm_id": 6371006804, "tags": {"leisure": "fishing"}}, "geometry": {"type": "Point", "coordinates": [-88.6836985, 43.6137789]}}, {"type": "Feature", "properties": {"osm_type": "node", "osm_id": 6617056012, "tags": {"access": "yes", "fishing": "yes", "leisure": "fishing", "name": "Fishing Dock handicapped accessible"}}, "geometry": {"type": "Point", "coordinates": [-89.6199549, 43.366119]}}, {"type": "Feature", "properties": {"osm_type": "node", "osm_id": 6617056013, "tags": {"leisure": "fishing", "name": "Fishing Dock"}}, "geometry": {"type": "Point", "coordinates": [-89.6204301, 43.3718669]}}, {"type": "Feature", "properties": {"osm_type": "node", "osm_id": 6680441554, "tags": {"dock": "yes", "leisure": "fishing", "name": "Fishing dock"}}, "geometry": {"type": "Point", "coordinates": [-93.1830989, 44.8187915]}}, {"type": "Feature", "properties": {"osm_type": "node", "osm_id": 6925093140, "tags": {"leisure": "fishing", "name": "Walleye Retreat"}}, "geometry": {"type": "Point", "coordinates": [-94.7796968, 48.831441]}}, {"type": "Feature", "properties": {"osm_type": "node", "osm_id": 6925093141, "tags": {"leisure": "fishing", "name": "Sweet's Fishing with Steve Sweet"}}, "geometry": {"type": "Point", "coordinates": [-94.7784322, 48.831814]}}, {"type": "Feature", "properties": {"osm_type": "node", "osm_id": 7470966054, "tags": {"leisure": "fishing", "name": "Paradise Outfitters"}}, "geometry": {"type": "Point", "coordinates": [-93.2644947, 48.6157853]}}, {"type": "Feature", "properties": {"osm_type": "node", "osm_id": 7539044997, "tags": {"leisure": "fishing"}}, "geometry": {"type": "Point", "coordinates": [-93.234926, 48.6016666]}}, {"type": "Feature", "properties": {"osm_type": "node", "osm_id": 7552994681, "tags": {"access": "yes", "fishing": "yes", "leisure": "fishing", "name": "Huff Street Fishing Pier"}}, "geometry": {"type": "Point", "coordinates": [-91.6501535, 44.0403466]}}, {"type": "Feature", "properties": {"osm_type": "node", "osm_id": 7553024786, "tags": {"access": "yes", "fishing": "yes", "leisure": "fishing", "name": "Franklin St. Fishing Pier", "wheelchair": "limited"}}, "geometry": {"type": "Point", "coordinates": [-91.6349789, 44.0389757]}}, {"type": "Feature", "properties": {"osm_type": "node", "osm_id": 7553024790, "tags": {"access": "yes", "fishing": "yes", "leisure": "fishing", "name": "Dacota Street Fishing Pier"}}, "geometry": {"type": "Point", "coordinates": [-91.6555879, 44.0431594]}}, {"type": "Feature", "properties": {"osm_type": "node", "osm_id": 7576148864, "tags": {"access": "yes", "leisure": "fishing"}}, "geometry": {"type": "Point", "coordinates": [-93.433454, 44.9127639]}}, {"type": "Feature", "properties": {"osm_type": "node", "osm_id": 7855865194, "tags": {"leisure": "fishing"}}, "geometry": {"type": "Point", "coordinates": [-92.9813673, 44.9047465]}}, {"type": "Feature", "properties": {"osm_type": "node", "osm_id": 7898453943, "tags": {"leisure": "fishing", "name": "Camp Long Lake Fishing Pier"}}, "geometry": {"type": "Point", "coordinates": [-88.1678888, 43.689132]}}, {"type": "Feature", "properties": {"osm_type": "node", "osm_id": 9029897634, "tags": {"leisure": "fishing"}}, "geometry": {"type": "Point", "coordinates": [-90.8746919, 47.5552046]}}, {"type": "Feature", "properties": {"osm_type": "node", "osm_id": 9883327601, "tags": {"leisure": "fishing"}}, "geometry": {"type": "Point", "coordinates": [-89.18317, 48.4519512]}}, {"type": "Feature", "properties": {"osm_type": "node", "osm_id": 9900360126, "tags": {"access": "yes", "fishing": "yes", "leisure": "fishing"}}, "geometry": {"type": "Point", "coordinates": [-94.1621238, 44.758114]}}, {"type": "Feature", "properties": {"osm_type": "node", "osm_id": 9925441482, "tags": {"leisure": "fishing"}}, "geometry": {"type": "Point", "coordinates": [-90.6474379, 46.3524814]}}, {"type": "Feature", "properties": {"osm_type": "node", "osm_id": 10010064310, "tags": {"leisure": "fishing"}}, "geometry": {"type": "Point", "coordinates": [-88.6300703, 43.4410926]}}, {"type": "Feature", "properties": {"osm_type": "node", "osm_id": 10026884176, "tags": {"fishing": "yes", "leisure": "fishing", "name": "Fishing pier"}}, "geometry": {"type": "Point", "coordinates": [-92.8885776, 44.9806083]}}, {"type": "Feature", "properties": {"osm_type": "node", "osm_id": 10052445098, "tags": {"leisure": "fishing"}}, "geometry": {"type": "Point", "coordinates": [-91.2038957, 43.7268999]}}, {"type": "Feature", "properties": {"osm_type": "node", "osm_id": 10052445099, "tags": {"leisure": "fishing"}}, "geometry": {"type": "Point", "coordinates": [-91.2046326, 43.7268058]}}, {"type": "Feature", "properties": {"osm_type": "node", "osm_id": 10297531867, "tags": {"fishing": "licence", "leisure": "fishing", "name": "South Diamond Lake Public Water Access"}}, "geometry": {"type": "Point", "coordinates": [-93.4954031, 45.1996574]}}, {"type": "Feature", "properties": {"osm_type": "node", "osm_id": 10853345658, "tags": {"leisure": "fishing", "name": "Lilac Landing", "operator": "Dakota County Parks"}}, "geometry": {"type": "Point", "coordinates": [-92.9606727, 44.5214888]}}, {"type": "Feature", "properties": {"osm_type": "node", "osm_id": 10997709104, "tags": {"leisure": "fishing"}}, "geometry": {"type": "Point", "coordinates": [-90.7526204, 47.7402852]}}, {"type": "Feature", "properties": {"osm_type": "node", "osm_id": 11081775469, "tags": {"access": "yes", "fishing": "licence", "leisure": "fishing", "name": "Puckett's Pond Pier"}}, "geometry": {"type": "Point", "coordinates": [-87.8033577, 43.4923148]}}, {"type": "Feature", "properties": {"osm_type": "node", "osm_id": 11092661565, "tags": {"fishing": "licence", "leisure": "fishing", "name": "Quarry Lake Pier"}}, "geometry": {"type": "Point", "coordinates": [-87.7945095, 43.4916365]}}, {"type": "Feature", "properties": {"osm_type": "node", "osm_id": 11264052295, "tags": {"leisure": "fishing"}}, "geometry": {"type": "Point", "coordinates": [-88.955841, 43.3262367]}}, {"type": "Feature", "properties": {"osm_type": "node", "osm_id": 11486928625, "tags": {"leisure": "fishing"}}, "geometry": {"type": "Point", "coordinates": [-93.0143272, 45.0738164]}}, {"type": "Feature", "properties": {"osm_type": "node", "osm_id": 11496018434, "tags": {"leisure": "fishing"}}, "geometry": {"type": "Point", "coordinates": [-88.2604951, 44.2757898]}}, {"type": "Feature", "properties": {"osm_type": "node", "osm_id": 11496022695, "tags": {"leisure": "fishing"}}, "geometry": {"type": "Point", "coordinates": [-88.2496525, 44.2747019]}}, {"type": "Feature", "properties": {"osm_type": "node", "osm_id": 11592953650, "tags": {"leisure": "fishing"}}, "geometry": {"type": "Point", "coordinates": [-93.0705285, 44.9097231]}}, {"type": "Feature", "properties": {"osm_type": "node", "osm_id": 11691671292, "tags": {"access": "yes", "fishing": "yes", "leisure": "fishing", "name": "Richard A. Hemp Fishery Area"}}, "geometry": {"type": "Point", "coordinates": [-89.308255, 44.4904459]}}, {"type": "Feature", "properties": {"osm_type": "node", "osm_id": 11895096887, "tags": {"leisure": "fishing", "wheelchair": "yes"}}, "geometry": {"type": "Point", "coordinates": [-90.4747013, 45.9018811]}}, {"type": "Feature", "properties": {"osm_type": "node", "osm_id": 11895218438, "tags": {"leisure": "fishing"}}, "geometry": {"type": "Point", "coordinates": [-90.155285, 45.9630455]}}, {"type": "Feature", "properties": {"osm_type": "node", "osm_id": 12118435809, "tags": {"access": "yes", "fishing": "licence", "leisure": "fishing"}}, "geometry": {"type": "Point", "coordinates": [-94.8684035, 47.4840047]}}, {"type": "Feature", "properties": {"osm_type": "node", "osm_id": 12245487364, "tags": {"access": "yes", "leisure": "fishing"}}, "geometry": {"type": "Point", "coordinates": [-93.0989437, 44.7603194]}}, {"type": "Feature", "properties": {"osm_type": "node", "osm_id": 12250392038, "tags": {"leisure": "fishing"}}, "geometry": {"type": "Point", "coordinates": [-88.3127169, 44.2750514]}}, {"type": "Feature", "properties": {"osm_type": "node", "osm_id": 12264565395, "tags": {"leisure": "fishing"}}, "geometry": {"type": "Point", "coordinates": [-93.1606682, 44.8417971]}}, {"type": "Feature", "properties": {"osm_type": "node", "osm_id": 12336613429, "tags": {"leisure": "fishing"}}, "geometry": {"type": "Point", "coordinates": [-93.4974558, 45.108169]}}, {"type": "Feature", "properties": {"osm_type": "node", "osm_id": 12399052608, "tags": {"leisure": "fishing"}}, "geometry": {"type": "Point", "coordinates": [-90.0150928, 43.5278052]}}, {"type": "Feature", "properties": {"osm_type": "node", "osm_id": 12399052610, "tags": {"leisure": "fishing"}}, "geometry": {"type": "Point", "coordinates": [-90.0156085, 43.5277589]}}, {"type": "Feature", "properties": {"osm_type": "node", "osm_id": 12399052612, "tags": {"leisure": "fishing"}}, "geometry": {"type": "Point", "coordinates": [-90.0160527, 43.52785]}}, {"type": "Feature", "properties": {"osm_type": "node", "osm_id": 12467053565, "tags": {"leisure": "fishing"}}, "geometry": {"type": "Point", "coordinates": [-89.9552985, 44.1200496]}}, {"type": "Feature", "properties": {"osm_type": "node", "osm_id": 12467053566, "tags": {"leisure": "fishing"}}, "geometry": {"type": "Point", "coordinates": [-89.9552944, 44.1199456]}}, {"type": "Feature", "properties": {"osm_type": "node", "osm_id": 12615305310, "tags": {"leisure": "fishing"}}, "geometry": {"type": "Point", "coordinates": [-93.1520111, 45.137739]}}, {"type": "Feature", "properties": {"osm_type": "node", "osm_id": 12769086650, "tags": {"access": "yes", "leisure": "fishing"}}, "geometry": {"type": "Point", "coordinates": [-93.5937322, 44.7708285]}}, {"type": "Feature", "properties": {"osm_type": "node", "osm_id": 13004851179, "tags": {"leisure": "fishing"}}, "geometry": {"type": "Point", "coordinates": [-90.4429343, 45.9388654]}}, {"type": "Feature", "properties": {"osm_type": "node", "osm_id": 13249960058, "tags": {"leisure": "fishing", "name": "Fishing Pier"}}, "geometry": {"type": "Point", "coordinates": [-93.3441003, 43.8905341]}}, {"type": "Feature", "properties": {"osm_type": "node", "osm_id": 13443082406, "tags": {"leisure": "fishing"}}, "geometry": {"type": "Point", "coordinates": [-92.6499761, 45.426544]}}, {"type": "Feature", "properties": {"osm_type": "node", "osm_id": 13640070498, "tags": {"leisure": "fishing"}}, "geometry": {"type": "Point", "coordinates": [-93.6681669, 44.8976648]}}, {"type": "Feature", "properties": {"osm_type": "node", "osm_id": 13812548996, "tags": {"leisure": "fishing"}}, "geometry": {"type": "Point", "coordinates": [-91.9406705, 44.8717798]}}, {"type": "Feature", "properties": {"osm_type": "node", "osm_id": 13890096289, "tags": {"bicycle": "no", "foot": "yes", "horse": "no", "leisure": "fishing", "man_made": "pier", "motor_vehicle": "no", "surface": "wood"}}, "geometry": {"type": "Point", "coordinates": [-93.1848713, 44.885168]}}, {"type": "Feature", "properties": {"osm_type": "node", "osm_id": 760485927, "tags": {"amenity": "parking", "fee": "no", "leisure": "fishing", "name": "Burr Pond Access Area", "parking": "surface", "url": "https://vtfishandwildlife.com/node/476"}}, "geometry": {"type": "Point", "coordinates": [-73.1823946, 43.7685116]}}, {"type": "Feature", "properties": {"osm_type": "node", "osm_id": 761310660, "tags": {"amenity": "parking", "fee": "no", "leisure": "fishing", "name": "Center Pond Access Area", "parking": "surface", "url": "https://vtfishandwildlife.com/node/476"}}, "geometry": {"type": "Point", "coordinates": [-71.9225651, 44.7143306]}}, {"type": "Feature", "properties": {"osm_type": "node", "osm_id": 761310672, "tags": {"alt_name": "ATP (Across The Pond)", "amenity": "parking", "fee": "no", "leisure": "fishing", "name": "C.C.C. Pond Access Area", "parking": "surface", "url": "https://vtfishandwildlife.com/node/476"}}, "geometry": {"type": "Point", "coordinates": [-72.3921837, 43.8160775]}}, {"type": "Feature", "properties": {"osm_type": "node", "osm_id": 761310696, "tags": {"amenity": "parking", "fee": "no", "leisure": "fishing", "name": "Brownington Pond Access Area", "parking": "surface", "url": "https://vtfishandwildlife.com/node/476"}}, "geometry": {"type": "Point", "coordinates": [-72.1514645, 44.8798601]}}, {"type": "Feature", "properties": {"osm_type": "node", "osm_id": 761310698, "tags": {"amenity": "parking", "fee": "no", "leisure": "fishing", "name": "Bristol Pond Access Area", "parking": "surface", "url": "https://vtfishandwildlife.com/node/476"}}, "geometry": {"type": "Point", "coordinates": [-73.1001534, 44.1820016]}}, {"type": "Feature", "properties": {"osm_type": "node", "osm_id": 761310955, "tags": {"amenity": "parking", "fee": "no", "leisure": "fishing", "name": "Echo Lake Plymouth Access Area", "parking": "surface", "url": "https://vtfishandwildlife.com/node/476"}}, "geometry": {"type": "Point", "coordinates": [-72.7029709, 43.4756223]}}, {"type": "Feature", "properties": {"osm_type": "node", "osm_id": 761311005, "tags": {"amenity": "parking", "capacity": "5", "fee": "no", "leisure": "fishing", "name": "East Creek 2 Access Area", "parking": "surface", "url": "https://vtfishandwildlife.com/node/476"}}, "geometry": {"type": "Point", "coordinates": [-73.3154733, 43.7910167]}}, {"type": "Feature", "properties": {"osm_type": "node", "osm_id": 761311293, "tags": {"leisure": "fishing", "name": "McCuen Slang Access Area", "short_name": "McCuen Slang", "url": "https://anrweb.vt.gov/FWD/FW/FishingAccessAreas.aspx?aa=McCuen%20Slang"}}, "geometry": {"type": "Point", "coordinates": [-73.3979033, 44.0244372]}}, {"type": "Feature", "properties": {"osm_type": "node", "osm_id": 761311444, "tags": {"amenity": "parking", "fee": "no", "leisure": "fishing", "name": "Nelson Pond Access Area", "url": "https://vtfishandwildlife.com/node/476"}}, "geometry": {"type": "Point", "coordinates": [-72.4467666, 44.4099488]}}, {"type": "Feature", "properties": {"osm_type": "node", "osm_id": 1528958738, "tags": {"leisure": "fishing"}}, "geometry": {"type": "Point", "coordinates": [-66.9456715, 47.9737299]}}, {"type": "Feature", "properties": {"osm_type": "node", "osm_id": 2919517106, "tags": {"leisure": "fishing", "name": "Roe Pond Children's Fishing Area"}}, "geometry": {"type": "Point", "coordinates": [-73.5394247, 44.0902054]}}, {"type": "Feature", "properties": {"osm_type": "node", "osm_id": 3087362174, "tags": {"leisure": "fishing", "name": "P\u00eache sportive \u00e0 gu\u00e9", "note": "P\u00eache : esturgeon jaune;barbue de rivi\u00e8re;achigan \u00e0 petite bouche;etc.", "source": "Jean-Pierre Jr Dubuc", "website": "https://docs.google.com/document/d/1cSqrdowZoV1OLTiOlTVu1zVeZEHRtPx6G5J_4WVikoU/", "wheelchair": "yes"}}, "geometry": {"type": "Point", "coordinates": [-71.2772141, 46.7434984]}}, {"type": "Feature", "properties": {"osm_type": "node", "osm_id": 3089346857, "tags": {"leisure": "fishing", "name": "P\u00eache sportive \u00e0 gu\u00e9", "note": "La p\u00eache \u00e0 gu\u00e9 pour le dor\u00e9 jaune est fructueuse en aval du pont Pierre-Laporte jusqu'\u00e0 la sortie d'eau de l'aquarium de Qu\u00e9bec.", "source": "Jean-Pierre Jr Dubuc", "website": "https://docs.google.com/document/d/1cSqrdowZoV1OLTiOlTVu1zVeZEHRtPx6G5J_4WVikoU/"}}, "geometry": {"type": "Point", "coordinates": [-71.2888961, 46.7489376]}}, {"type": "Feature", "properties": {"osm_type": "node", "osm_id": 3089646856, "tags": {"leisure": "fishing", "name": "Aire de saignage", "note": "La firme de s\u00e9curit\u00e9 rapporte qu'il y a des d\u00e9chets de poissons, et autres, sur le quai. SVP ! Saignez vos poissons dans le gazon;jetez tout reste de poisson \u00e0 l'eau;et ramassez-vous;pour \u00e9viter toute plaintes afin de pr\u00e9server l'acc\u00e8s \u00e0 ce site.", "source": "Jean-Pierre Jr Dubuc", "website": "https://docs.google.com/document/d/1cSqrdowZoV1OLTiOlTVu1zVeZEHRtPx6G5J_4WVikoU/", "wheelchair": "yes"}}, "geometry": {"type": "Point", "coordinates": [-71.2720026, 46.7552998]}}, {"type": "Feature", "properties": {"osm_type": "node", "osm_id": 3089660789, "tags": {"leisure": "fishing", "name": "P\u00eache sportive sur quai", "note": "Un des meilleurs endroits de p\u00eache familiale \u00e0 Qu\u00e9bec ! Bel ambiance, services, stationnement, cercle de p\u00eacheurs et prises assur\u00e9es : barbue de rivi\u00e8re et bleue, dor\u00e9 jaune et noir, baret, bar blanc, achigan, carpe, anguille, esturgeon, etc.", "source": "Jean-Pierre Jr Dubuc", "website": "https://docs.google.com/document/d/1cSqrdowZoV1OLTiOlTVu1zVeZEHRtPx6G5J_4WVikoU/"}}, "geometry": {"type": "Point", "coordinates": [-71.2714411, 46.7550904]}}, {"type": "Feature", "properties": {"osm_type": "node", "osm_id": 3089665606, "tags": {"leisure": "fishing", "name": "P\u00eache sportive \u00e0 gu\u00e9", "note": "P\u00eache au dor\u00e9 jaune, au printemps et \u00e0 l'automne, les 2 derni\u00e8res heures du montant et \u00e0 l'\u00e9tale haute, au jig blanc ou noir. Endroit populaire, pression de p\u00eache forte.", "source": "Jean-Pierre Jr Dubuc", "website": "https://docs.google.com/document/d/1cSqrdowZoV1OLTiOlTVu1zVeZEHRtPx6G5J_4WVikoU/"}}, "geometry": {"type": "Point", "coordinates": [-71.2718855, 46.7551857]}}, {"type": "Feature", "properties": {"osm_type": "node", "osm_id": 4169575906, "tags": {"leisure": "fishing"}}, "geometry": {"type": "Point", "coordinates": [-74.3837029, 45.5807628]}}, {"type": "Feature", "properties": {"osm_type": "node", "osm_id": 4169575907, "tags": {"leisure": "fishing"}}, "geometry": {"type": "Point", "coordinates": [-74.3798088, 45.5828176]}}, {"type": "Feature", "properties": {"osm_type": "node", "osm_id": 4468683332, "tags": {"leisure": "fishing", "name": "\u00c9tangs de p\u00eache", "shelter": "yes", "sport": "fishing"}}, "geometry": {"type": "Point", "coordinates": [-74.0778805, 45.6206714]}}, {"type": "Feature", "properties": {"osm_type": "node", "osm_id": 4777111088, "tags": {"leisure": "fishing", "name": "P\u00eache", "sport": "fishing"}}, "geometry": {"type": "Point", "coordinates": [-73.5946851, 45.4101438]}}, {"type": "Feature", "properties": {"osm_type": "node", "osm_id": 5016258723, "tags": {"leisure": "fishing", "sport": "fishing"}}, "geometry": {"type": "Point", "coordinates": [-73.5094521, 45.6014896]}}, {"type": "Feature", "properties": {"osm_type": "node", "osm_id": 5807868800, "tags": {"leisure": "fishing", "name": "Fosse 40"}}, "geometry": {"type": "Point", "coordinates": [-70.3596686, 47.7796869]}}, {"type": "Feature", "properties": {"osm_type": "node", "osm_id": 6639060664, "tags": {"leisure": "fishing"}}, "geometry": {"type": "Point", "coordinates": [-73.2776698, 45.9841123]}}, {"type": "Feature", "properties": {"osm_type": "node", "osm_id": 6737108948, "tags": {"access": "permissive", "fishing": "permissive", "leisure": "fishing", "name": "NCC Ice Fishing Launch"}}, "geometry": {"type": "Point", "coordinates": [-75.8586785, 43.9849084]}}, {"type": "Feature", "properties": {"osm_type": "node", "osm_id": 7163765022, "tags": {"leisure": "fishing", "name": "Quai de la 34e avenue"}}, "geometry": {"type": "Point", "coordinates": [-73.9393428, 45.3937297]}}, {"type": "Feature", "properties": {"osm_type": "node", "osm_id": 7228218250, "tags": {"access": "permit", "fishing": "permissive", "leisure": "fishing", "name": "Fleuve St-Laurent (dor\u00e9, brochet)"}}, "geometry": {"type": "Point", "coordinates": [-72.5665671, 46.3115431]}}, {"type": "Feature", "properties": {"osm_type": "node", "osm_id": 7228218251, "tags": {"access": "yes", "fishing": "yes", "leisure": "fishing", "name": "Rue Notre-Dame (Dor\u00e9, brochet)"}}, "geometry": {"type": "Point", "coordinates": [-72.5561781, 46.3219221]}}, {"type": "Feature", "properties": {"osm_type": "node", "osm_id": 7228219464, "tags": {"access": "yes", "fishing": "yes", "leisure": "fishing", "name": "Chemin de l'\u00eele-saint-Quentin (Dor\u00e9, brochet)"}}, "geometry": {"type": "Point", "coordinates": [-72.5165229, 46.353326]}}, {"type": "Feature", "properties": {"osm_type": "node", "osm_id": 7228226756, "tags": {"access": "yes", "fishing": "yes", "leisure": "fishing", "name": "Relais Portuaire, rue Notre-Dame E (dor\u00e9, perchaude, achigan)"}}, "geometry": {"type": "Point", "coordinates": [-72.492238, 46.3733134]}}, {"type": "Feature", "properties": {"osm_type": "node", "osm_id": 7228233699, "tags": {"access": "yes", "fishing": "yes", "leisure": "fishing", "name": "Barrage La Gabelle (dor\u00e9, achigan. perchaude)"}}, "geometry": {"type": "Point", "coordinates": [-72.7438747, 46.4482725]}}, {"type": "Feature", "properties": {"osm_type": "node", "osm_id": 7228242985, "tags": {"access": "yes", "fishing": "yes", "leisure": "fishing", "name": "Rivi\u00e8re St-Maurice (dor\u00e9 noir, truite brune)"}}, "geometry": {"type": "Point", "coordinates": [-72.5315126, 46.3621816]}}, {"type": "Feature", "properties": {"osm_type": "node", "osm_id": 7228262072, "tags": {"access": "yes", "fishing": "yes", "leisure": "fishing", "name": "Halte St-Jean Port-Joli (dor\u00e9, truite)"}}, "geometry": {"type": "Point", "coordinates": [-70.3046927, 47.1799162]}}, {"type": "Feature", "properties": {"osm_type": "node", "osm_id": 7228269334, "tags": {"access": "yes", "fishing": "yes", "leisure": "fishing", "name": "Rivi\u00e8re Shipshaw (dor\u00e9, brochet)"}}, "geometry": {"type": "Point", "coordinates": [-71.2523223, 48.5531074]}}, {"type": "Feature", "properties": {"osm_type": "node", "osm_id": 7228272420, "tags": {"access": "yes", "fishing": "yes", "leisure": "fishing", "name": "St-Jean_Port-Joli"}}, "geometry": {"type": "Point", "coordinates": [-70.2737202, 47.2140583]}}, {"type": "Feature", "properties": {"osm_type": "node", "osm_id": 7228276317, "tags": {"access": "yes", "fishing": "yes", "leisure": "fishing", "name": "Rivi\u00e8re Saguenay (dor\u00e9, perchaude)"}}, "geometry": {"type": "Point", "coordinates": [-71.2706959, 48.4639977]}}, {"type": "Feature", "properties": {"osm_type": "node", "osm_id": 7228281179, "tags": {"access": "yes", "fishing": "yes", "leisure": "fishing", "name": "Lac \u00c9douard (perchaude , omble de fontaine)"}}, "geometry": {"type": "Point", "coordinates": [-72.2752561, 47.662753]}}, {"type": "Feature", "properties": {"osm_type": "node", "osm_id": 7228282470, "tags": {"access": "yes", "fishing": "yes", "leisure": "fishing", "name": "Rivi\u00e8re Saguenay (dor\u00e9, omble de fontaine)"}}, "geometry": {"type": "Point", "coordinates": [-71.0524101, 48.4306526]}}, {"type": "Feature", "properties": {"osm_type": "node", "osm_id": 7228491173, "tags": {"access": "yes", "fishing": "yes", "leisure": "fishing", "name": "Rivi\u00e8re Shipshaw (dor\u00e9, brochet)"}}, "geometry": {"type": "Point", "coordinates": [-71.2341046, 48.5801209]}}, {"type": "Feature", "properties": {"osm_type": "node", "osm_id": 7228491345, "tags": {"access": "yes", "fishing": "yes", "leisure": "fishing", "name": "Chemin du quai (dor\u00e9, brochet)"}}, "geometry": {"type": "Point", "coordinates": [-71.4056619, 48.4893964]}}, {"type": "Feature", "properties": {"osm_type": "node", "osm_id": 7228519864, "tags": {"access": "yes", "fishing": "yes", "leisure": "fishing", "name": "Quai municipal ( dor\u00e9, brochet)"}}, "geometry": {"type": "Point", "coordinates": [-71.8668967, 48.7378329]}}, {"type": "Feature", "properties": {"osm_type": "node", "osm_id": 7228519873, "tags": {"access": "yes", "fishing": "yes", "leisure": "fishing", "name": "Restaurant Jos Bonka (dor\u00e9, brochet)"}}, "geometry": {"type": "Point", "coordinates": [-71.623563, 48.7426314]}}, {"type": "Feature", "properties": {"osm_type": "node", "osm_id": 7228528621, "tags": {"access": "yes", "fishing": "yes", "leisure": "fishing", "name": "Chute Wally (dor\u00e9, brochet)"}}, "geometry": {"type": "Point", "coordinates": [-71.7851937, 48.817598]}}, {"type": "Feature", "properties": {"osm_type": "node", "osm_id": 7228635815, "tags": {"access": "yes", "fishing": "yes", "leisure": "fishing", "name": "Lac Tchitogama (dor\u00e9, brochet)"}}, "geometry": {"type": "Point", "coordinates": [-71.4183625, 48.8372721]}}, {"type": "Feature", "properties": {"osm_type": "node", "osm_id": 7228912265, "tags": {"access": "yes", "fishing": "yes", "leisure": "fishing", "name": "Barrage Lac des commisaires (omble de fontaine)"}}, "geometry": {"type": "Point", "coordinates": [-72.2421424, 48.2025266]}}, {"type": "Feature", "properties": {"osm_type": "node", "osm_id": 7231071757, "tags": {"access": "yes", "fishing": "yes", "leisure": "fishing", "name": "Rivi\u00e8re St-Maurice (dor\u00e9, brochet)"}}, "geometry": {"type": "Point", "coordinates": [-72.9300931, 46.9056503]}}, {"type": "Feature", "properties": {"osm_type": "node", "osm_id": 7231071758, "tags": {"access": "yes", "fishing": "yes", "leisure": "fishing", "name": "Route 155, km 39 (dor\u00e9, brochet)"}}, "geometry": {"type": "Point", "coordinates": [-72.8685413, 46.8710534]}}, {"type": "Feature", "properties": {"osm_type": "node", "osm_id": 7231092112, "tags": {"access": "yes", "fishing": "yes", "leisure": "fishing", "name": "Route 155, km 28 )dor\u00e9. brochet, perchaude)"}}, "geometry": {"type": "Point", "coordinates": [-72.7626776, 46.8377805]}}, {"type": "Feature", "properties": {"osm_type": "node", "osm_id": 7231106741, "tags": {"access": "yes", "fishing": "yes", "leisure": "fishing", "name": "Barrage Grand-M\u00e8re (dor\u00e9, brochet, perchaude)"}}, "geometry": {"type": "Point", "coordinates": [-72.6726186, 46.6104247]}}, {"type": "Feature", "properties": {"osm_type": "node", "osm_id": 7231107309, "tags": {"access": "yes", "fishing": "yes", "leisure": "fishing", "name": "Camping St-Roch-de-M\u00e9kinac (dor\u00e9, brochet, perchaude)"}}, "geometry": {"type": "Point", "coordinates": [-72.7860584, 46.783732]}}, {"type": "Feature", "properties": {"osm_type": "node", "osm_id": 7231110548, "tags": {"access": "yes", "fishing": "yes", "leisure": "fishing", "name": "Grandes-Piles 9dor\u00e9, brochet, perchaude)"}}, "geometry": {"type": "Point", "coordinates": [-72.7302146, 46.6868884]}}, {"type": "Feature", "properties": {"osm_type": "node", "osm_id": 7231145411, "tags": {"access": "yes", "fishing": "yes", "leisure": "fishing", "name": "Chemin de la Baie (dor\u00e9, brochet, perchaude)"}}, "geometry": {"type": "Point", "coordinates": [-72.7817214, 46.5285713]}}, {"type": "Feature", "properties": {"osm_type": "node", "osm_id": 7231147647, "tags": {"access": "yes", "fishing": "yes", "leisure": "fishing", "name": "10e rue (dor\u00e9, brochet. perchaude)"}}, "geometry": {"type": "Point", "coordinates": [-72.6967605, 46.5713965]}}, {"type": "Feature", "properties": {"osm_type": "node", "osm_id": 7231149091, "tags": {"access": "yes", "fishing": "yes", "leisure": "fishing", "name": "Chemin Reid (dor\u00e9, brochet, perchaude)"}}, "geometry": {"type": "Point", "coordinates": [-72.7232617, 46.559422]}}, {"type": "Feature", "properties": {"osm_type": "node", "osm_id": 7231162325, "tags": {"access": "yes", "description": "dor\u00e9, brochet. perchaude", "fishing": "yes", "leisure": "fishing"}}, "geometry": {"type": "Point", "coordinates": [-72.7479583, 46.5294458]}}, {"type": "Feature", "properties": {"osm_type": "node", "osm_id": 7231175785, "tags": {"access": "yes", "fishing": "yes", "leisure": "fishing", "name": "\u00cele Melville (dor\u00e9, brochet. perchaude)"}}, "geometry": {"type": "Point", "coordinates": [-72.7536964, 46.5347365]}}, {"type": "Feature", "properties": {"osm_type": "node", "osm_id": 7231280656, "tags": {"access": "yes", "fishing": "yes", "leisure": "fishing", "name": "P\u00eache \u00e0 gu\u00e9 Lac Therrien (omble de fontaine)"}}, "geometry": {"type": "Point", "coordinates": [-70.1096787, 47.037846]}}, {"type": "Feature", "properties": {"osm_type": "node", "osm_id": 7231289811, "tags": {"access": "yes", "fishing": "yes", "leisure": "fishing", "name": "L'Islet"}}, "geometry": {"type": "Point", "coordinates": [-70.370047, 47.1342786]}}, {"type": "Feature", "properties": {"osm_type": "node", "osm_id": 7231354133, "tags": {"access": "yes", "fishing": "yes", "leisure": "fishing", "name": "Lac Gobeil (perchaude, \u00e9perlan)"}}, "geometry": {"type": "Point", "coordinates": [-69.6437622, 48.248053]}}, {"type": "Feature", "properties": {"osm_type": "node", "osm_id": 7231389455, "tags": {"access": "yes", "fishing": "yes", "leisure": "fishing", "name": "Dam-en-Terre (dor\u00e9, perchaude, brochet)"}}, "geometry": {"type": "Point", "coordinates": [-71.6638529, 48.5864522]}}, {"type": "Feature", "properties": {"osm_type": "node", "osm_id": 7231389457, "tags": {"leisure": "fishing", "name": "5002 Ave du Pont Nord (dor\u00e9, brochet)"}}, "geometry": {"type": "Point", "coordinates": [-71.6757919, 48.6269214]}}, {"type": "Feature", "properties": {"osm_type": "node", "osm_id": 7231391161, "tags": {"access": "yes", "fishing": "yes", "leisure": "fishing", "name": "Quai Municipal (perchaude, brochet)"}}, "geometry": {"type": "Point", "coordinates": [-71.7826109, 48.4073183]}}, {"type": "Feature", "properties": {"osm_type": "node", "osm_id": 7231431002, "tags": {"access": "yes", "fishing": "yes", "leisure": "fishing", "name": "Marina St-G\u00e9d\u00e9on (dor\u00e9, perchaude, brochet)"}}, "geometry": {"type": "Point", "coordinates": [-71.7947966, 48.4776141]}}, {"type": "Feature", "properties": {"osm_type": "node", "osm_id": 7231431004, "tags": {"access": "yes", "fishing": "yes", "leisure": "fishing", "name": "Marina St-G\u00e9d\u00e9on (dor\u00e9, perchaude,brochet)"}}, "geometry": {"type": "Point", "coordinates": [-71.7933322, 48.4797438]}}, {"type": "Feature", "properties": {"osm_type": "node", "osm_id": 7231436533, "tags": {"access": "yes", "fishing": "yes", "leisure": "fishing", "name": "Rang des Iles (dor\u00e9, perchaude, brochet)"}}, "geometry": {"type": "Point", "coordinates": [-71.7834604, 48.5436294]}}, {"type": "Feature", "properties": {"osm_type": "node", "osm_id": 7231446668, "tags": {"access": "yes", "fishing": "yes", "leisure": "fishing", "name": "Chemin du quai (dor\u00e9, brochet)"}}, "geometry": {"type": "Point", "coordinates": [-71.6348247, 48.5453321]}}, {"type": "Feature", "properties": {"osm_type": "node", "osm_id": 7235535152, "tags": {"access": "yes", "fishing": "yes", "leisure": "fishing", "name": "Saint-Sim\u00e9on (dor\u00e9 noir, poulamon, baret)"}}, "geometry": {"type": "Point", "coordinates": [-69.8734574, 47.8483256]}}, {"type": "Feature", "properties": {"osm_type": "node", "osm_id": 7235535153, "tags": {"access": "yes", "fishing": "yes", "leisure": "fishing", "name": "Saint-Sim\u00e9on (dor\u00e9 noir, baret, poulamon)"}}, "geometry": {"type": "Point", "coordinates": [-69.8729254, 47.8406212]}}, {"type": "Feature", "properties": {"osm_type": "node", "osm_id": 7235617841, "tags": {"access": "yes", "fishing": "yes", "leisure": "fishing", "name": "Lac de la Boule (omble de fontaine)"}}, "geometry": {"type": "Point", "coordinates": [-69.7890359, 48.1702205]}}, {"type": "Feature", "properties": {"osm_type": "node", "osm_id": 7235629532, "tags": {"access": "yes", "fishing": "yes", "leisure": "fishing", "name": "Quai de l`Anse de Roche (morue)"}}, "geometry": {"type": "Point", "coordinates": [-69.8750425, 48.2182664]}}, {"type": "Feature", "properties": {"osm_type": "node", "osm_id": 7235629534, "tags": {"access": "yes", "fishing": "yes", "leisure": "fishing", "name": "Anse-Saint-Jean (morue,omble de fontaine)"}}, "geometry": {"type": "Point", "coordinates": [-70.1792584, 48.2446576]}}, {"type": "Feature", "properties": {"osm_type": "node", "osm_id": 7235629535, "tags": {"access": "yes", "fishing": "yes", "leisure": "fishing", "name": "Petit-Saguenay (morue, omble de fontaine)"}}, "geometry": {"type": "Point", "coordinates": [-70.1020455, 48.2388077]}}, {"type": "Feature", "properties": {"osm_type": "node", "osm_id": 7235640804, "tags": {"access": "yes", "fishing": "yes", "leisure": "fishing", "name": "lac M\u00e9kinac (brochet, perchaude,maskinong\u00e9)"}}, "geometry": {"type": "Point", "coordinates": [-72.6515459, 46.9784069]}}, {"type": "Feature", "properties": {"osm_type": "node", "osm_id": 7235645017, "tags": {"access": "yes", "fishing": "yes", "leisure": "fishing", "name": "Lac du Missionnaire (touladi, perchaude)"}}, "geometry": {"type": "Point", "coordinates": [-72.6098793, 46.9656554]}}, {"type": "Feature", "properties": {"osm_type": "node", "osm_id": 7235672287, "tags": {"leisure": "fishing", "name": "Camping Lac Missionnaire (truite grise, cor\u00e9gone, catostome noir, perchaude, barbotte brune, \u00e9perlant, ouitouche)"}}, "geometry": {"type": "Point", "coordinates": [-72.5893938, 46.960676]}}, {"type": "Feature", "properties": {"osm_type": "node", "osm_id": 7235687134, "tags": {"leisure": "fishing", "name": "Rivi\u00e8re M\u00e9kinak (perchaude, brochet, ouananiche)"}}, "geometry": {"type": "Point", "coordinates": [-72.6545528, 46.9749812]}}, {"type": "Feature", "properties": {"osm_type": "node", "osm_id": 7235711778, "tags": {"access": "yes", "description": "Poissons: perchaude, dor\u00e9, brochet", "fishing": "yes", "leisure": "fishing", "name": "Baie de Vaudreuil"}}, "geometry": {"type": "Point", "coordinates": [-74.017165, 45.3919002]}}, {"type": "Feature", "properties": {"osm_type": "node", "osm_id": 7235723779, "tags": {"access": "yes", "fishing": "yes", "leisure": "fishing", "name": "Lac St-Louis (dor\u00e9, achigan, perchaude, maskinong\u00e9)"}}, "geometry": {"type": "Point", "coordinates": [-73.9276045, 45.3194716]}}, {"type": "Feature", "properties": {"osm_type": "node", "osm_id": 7235723780, "tags": {"access": "yes", "fishing": "yes", "leisure": "fishing", "name": "Parc Riverain (perchaude, brochet, maskinong\u00e9, dor\u00e9)"}}, "geometry": {"type": "Point", "coordinates": [-73.8757996, 45.3170364]}}, {"type": "Feature", "properties": {"osm_type": "node", "osm_id": 7235728683, "tags": {"access": "yes", "fishing": "yes", "leisure": "fishing", "name": "Lac St-Louis (perchaude, brochet, dor\u00e9, maskinong\u00e9)", "tourism": "information"}}, "geometry": {"type": "Point", "coordinates": [-73.8594221, 45.3193433]}}, {"type": "Feature", "properties": {"osm_type": "node", "osm_id": 7237438641, "tags": {"access": "yes", "fishing": "yes", "leisure": "fishing", "name": "Grand Lac Ha! Ha! (omble de fontaine)"}}, "geometry": {"type": "Point", "coordinates": [-70.8461182, 48.0529792]}}, {"type": "Feature", "properties": {"osm_type": "node", "osm_id": 7237469076, "tags": {"access": "customers", "fishing": "fee", "leisure": "fishing", "name": "Lac \u00c9ternit\u00e9 (Omble de fontaine, touladi)"}}, "geometry": {"type": "Point", "coordinates": [-70.552008, 48.2270252]}}, {"type": "Feature", "properties": {"osm_type": "node", "osm_id": 7243449672, "tags": {"leisure": "fishing", "name": "Maskinong\u00e9"}}, "geometry": {"type": "Point", "coordinates": [-72.4755463, 47.2540558]}}, {"type": "Feature", "properties": {"osm_type": "node", "osm_id": 7243449673, "tags": {"leisure": "fishing", "name": "Maskinong\u00e9"}}, "geometry": {"type": "Point", "coordinates": [-72.4784003, 47.2503453]}}, {"type": "Feature", "properties": {"osm_type": "node", "osm_id": 7243449674, "tags": {"leisure": "fishing", "name": "Maskinong\u00e9"}}, "geometry": {"type": "Point", "coordinates": [-72.4810577, 47.2476834]}}, {"type": "Feature", "properties": {"osm_type": "node", "osm_id": 7243507734, "tags": {"access": "customers", "fishing": "yes", "leisure": "fishing", "name": "Lac de La Digue (maskinong\u00e9)"}}, "geometry": {"type": "Point", "coordinates": [-72.478369, 47.1651331]}}, {"type": "Feature", "properties": {"osm_type": "node", "osm_id": 7243507735, "tags": {"leisure": "fishing", "name": "Makinong\u00e9"}}, "geometry": {"type": "Point", "coordinates": [-72.4642715, 47.1808495]}}, {"type": "Feature", "properties": {"osm_type": "node", "osm_id": 7243507740, "tags": {"leisure": "fishing", "name": "Perchaude, truite Moulac"}}, "geometry": {"type": "Point", "coordinates": [-72.4038678, 47.2538147]}}, {"type": "Feature", "properties": {"osm_type": "node", "osm_id": 7243524449, "tags": {"leisure": "fishing", "name": "Truite Moulac"}}, "geometry": {"type": "Point", "coordinates": [-72.4431523, 47.3460612]}}, {"type": "Feature", "properties": {"osm_type": "node", "osm_id": 7243981621, "tags": {"leisure": "fishing", "name": "Omble de fontaine"}}, "geometry": {"type": "Point", "coordinates": [-72.1892777, 46.8114078]}}, {"type": "Feature", "properties": {"osm_type": "node", "osm_id": 7243983422, "tags": {"access": "yes", "fishing": "yes", "leisure": "fishing", "name": "Achigan,Omble de fontaine, Touladi"}}, "geometry": {"type": "Point", "coordinates": [-71.6239232, 46.9042808]}}, {"type": "Feature", "properties": {"osm_type": "node", "osm_id": 7243993232, "tags": {"access": "customers", "fishing": "yes", "leisure": "fishing", "name": "Touladi"}}, "geometry": {"type": "Point", "coordinates": [-72.1024432, 46.8158121]}}, {"type": "Feature", "properties": {"osm_type": "node", "osm_id": 7244005703, "tags": {"leisure": "fishing", "name": "Omble de fontaine"}}, "geometry": {"type": "Point", "coordinates": [-72.1374604, 46.7905766]}}, {"type": "Feature", "properties": {"osm_type": "node", "osm_id": 7244019568, "tags": {"leisure": "fishing", "name": "Omble de fontaine"}}, "geometry": {"type": "Point", "coordinates": [-72.0757735, 46.7116207]}}, {"type": "Feature", "properties": {"osm_type": "node", "osm_id": 7244019571, "tags": {"leisure": "fishing", "name": "Omble de fomtaine"}}, "geometry": {"type": "Point", "coordinates": [-71.939911, 46.8394321]}}, {"type": "Feature", "properties": {"osm_type": "node", "osm_id": 7244033313, "tags": {"leisure": "fishing", "name": "Maskinong\u00e9, Achigan, Perchaude, Touladi"}}, "geometry": {"type": "Point", "coordinates": [-73.3890514, 46.3035191]}}, {"type": "Feature", "properties": {"osm_type": "node", "osm_id": 7244075585, "tags": {"access": "yes", "fishing": "yes", "leisure": "fishing", "name": "Brochet, dor\u00e9, perchaude"}}, "geometry": {"type": "Point", "coordinates": [-71.3261662, 45.8067041]}}, {"type": "Feature", "properties": {"osm_type": "node", "osm_id": 7244075586, "tags": {"leisure": "fishing", "name": "Brochet, dor\u00e9, perchaude"}}, "geometry": {"type": "Point", "coordinates": [-71.3790995, 45.7708539]}}, {"type": "Feature", "properties": {"osm_type": "node", "osm_id": 7244075588, "tags": {"access": "yes", "fishing": "yes", "leisure": "fishing", "name": "Brochet. Achigan, perchaude"}}, "geometry": {"type": "Point", "coordinates": [-71.5889234, 45.6379944]}}, {"type": "Feature", "properties": {"osm_type": "node", "osm_id": 7245725706, "tags": {"access": "yes", "fishing": "yes", "leisure": "fishing", "name": "Brochet, dor\u00e9, achigan, perchaude, ouananiche"}}, "geometry": {"type": "Point", "coordinates": [-71.2775166, 45.9467831]}}, {"type": "Feature", "properties": {"osm_type": "node", "osm_id": 7245797933, "tags": {"leisure": "fishing", "name": "Dor\u00e9"}}, "geometry": {"type": "Point", "coordinates": [-71.1716109, 45.9773494]}}, {"type": "Feature", "properties": {"osm_type": "node", "osm_id": 7245797934, "tags": {"leisure": "fishing", "name": "Brochet, dor\u00e9, perchaude, achigan, ouananiche"}}, "geometry": {"type": "Point", "coordinates": [-71.165958, 45.9399112]}}, {"type": "Feature", "properties": {"osm_type": "node", "osm_id": 7245797935, "tags": {"access": "customers", "fishing": "yes", "leisure": "fishing", "name": "Brochet, dor\u00e9, perchaude, achigan, ouananiche"}}, "geometry": {"type": "Point", "coordinates": [-71.1592861, 45.9326986]}}, {"type": "Feature", "properties": {"osm_type": "node", "osm_id": 7245797936, "tags": {"leisure": "fishing", "name": "Brochet, dor\u00e9, perchaude, achigan, ouananiche"}}, "geometry": {"type": "Point", "coordinates": [-71.157738, 45.9387278]}}, {"type": "Feature", "properties": {"osm_type": "node", "osm_id": 7245891004, "tags": {"leisure": "fishing", "name": "Brochet, dor\u00e9, perchaude, achigan. ouananiche"}}, "geometry": {"type": "Point", "coordinates": [-71.162875, 45.8130631]}}, {"type": "Feature", "properties": {"osm_type": "node", "osm_id": 7246148651, "tags": {"access": "yes", "fishing": "yes", "leisure": "fishing", "name": "perchaude, brochet , truite arc-en-ciel"}}, "geometry": {"type": "Point", "coordinates": [-71.364251, 46.9046435]}}, {"type": "Feature", "properties": {"osm_type": "node", "osm_id": 7246164069, "tags": {"leisure": "fishing", "name": "perchaude, brochet"}}, "geometry": {"type": "Point", "coordinates": [-71.3672499, 46.8835798]}}, {"type": "Feature", "properties": {"osm_type": "node", "osm_id": 7246190368, "tags": {"access": "yes", "fishing": "yes", "leisure": "fishing", "name": "P\u00eache \u00e0 gu\u00e9 (achigan, dor\u00e9)"}}, "geometry": {"type": "Point", "coordinates": [-71.2352444, 46.7627363]}}, {"type": "Feature", "properties": {"osm_type": "node", "osm_id": 7246604005, "tags": {"leisure": "fishing", "name": "Omble de fontaine, touladi"}}, "geometry": {"type": "Point", "coordinates": [-69.5859442, 47.2305912]}}, {"type": "Feature", "properties": {"osm_type": "node", "osm_id": 7246604006, "tags": {"leisure": "fishing", "name": "Omble de fonaine"}}, "geometry": {"type": "Point", "coordinates": [-70.1063344, 47.0280104]}}, {"type": "Feature", "properties": {"osm_type": "node", "osm_id": 7246610027, "tags": {"leisure": "fishing", "name": "Maskinong\u00e9, omble de fontaine"}}, "geometry": {"type": "Point", "coordinates": [-70.0016479, 46.699926]}}, {"type": "Feature", "properties": {"osm_type": "node", "osm_id": 7246618316, "tags": {"leisure": "fishing", "name": "Maskinong\u00e9, omble de fontaine"}}, "geometry": {"type": "Point", "coordinates": [-70.022426, 46.7337101]}}, {"type": "Feature", "properties": {"osm_type": "node", "osm_id": 7246628337, "tags": {"access": "yes", "fishing": "yes", "leisure": "fishing", "name": "Omble de fontaine"}}, "geometry": {"type": "Point", "coordinates": [-70.2499936, 46.7706851]}}, {"type": "Feature", "properties": {"osm_type": "node", "osm_id": 7246628339, "tags": {"access": "yes", "fishing": "yes", "leisure": "fishing", "name": "Omble de fontaine"}}, "geometry": {"type": "Point", "coordinates": [-70.3878697, 46.9278992]}}, {"type": "Feature", "properties": {"osm_type": "node", "osm_id": 7246630245, "tags": {"access": "yes", "fishing": "yes", "leisure": "fishing", "name": "Omble de Fontaine"}}, "geometry": {"type": "Point", "coordinates": [-69.5986123, 47.4313177]}}, {"type": "Feature", "properties": {"osm_type": "node", "osm_id": 7246630255, "tags": {"leisure": "fishing", "name": "Omble de fontaine"}}, "geometry": {"type": "Point", "coordinates": [-69.4931375, 47.3895316]}}, {"type": "Feature", "properties": {"osm_type": "node", "osm_id": 7246687793, "tags": {"leisure": "fishing", "name": "Omble de fontaine"}}, "geometry": {"type": "Point", "coordinates": [-69.4505718, 47.4583917]}}, {"type": "Feature", "properties": {"osm_type": "node", "osm_id": 7246700528, "tags": {"leisure": "fishing", "name": "Omble de fontaine"}}, "geometry": {"type": "Point", "coordinates": [-69.26837, 47.6195179]}}, {"type": "Feature", "properties": {"osm_type": "node", "osm_id": 7248392547, "tags": {"leisure": "fishing", "name": "Omble de fontaine"}}, "geometry": {"type": "Point", "coordinates": [-72.2335894, 47.1896317]}}, {"type": "Feature", "properties": {"osm_type": "node", "osm_id": 7248392548, "tags": {"leisure": "fishing", "name": "Omble de fontaine"}}, "geometry": {"type": "Point", "coordinates": [-72.2309397, 47.1909968]}}, {"type": "Feature", "properties": {"osm_type": "node", "osm_id": 7248392549, "tags": {"leisure": "fishing", "name": "Touladi"}}, "geometry": {"type": "Point", "coordinates": [-72.2308534, 47.1905864]}}, {"type": "Feature", "properties": {"osm_type": "node", "osm_id": 7248392550, "tags": {"leisure": "fishing", "name": "Touladi"}}, "geometry": {"type": "Point", "coordinates": [-72.2279591, 47.1893024]}}, {"type": "Feature", "properties": {"osm_type": "node", "osm_id": 7248392551, "tags": {"leisure": "fishing", "name": "Touladi"}}, "geometry": {"type": "Point", "coordinates": [-72.2257654, 47.185257]}}, {"type": "Feature", "properties": {"osm_type": "node", "osm_id": 7248392563, "tags": {"leisure": "fishing", "name": "Perchaude"}}, "geometry": {"type": "Point", "coordinates": [-72.2267423, 47.1825868]}}, {"type": "Feature", "properties": {"osm_type": "node", "osm_id": 7248392575, "tags": {"leisure": "fishing", "name": "Omble de fontaine"}}, "geometry": {"type": "Point", "coordinates": [-72.4598261, 47.2033186]}}, {"type": "Feature", "properties": {"osm_type": "node", "osm_id": 7248397806, "tags": {"access": "yes", "fishing": "yes", "leisure": "fishing", "name": "Omble de fontaine"}}, "geometry": {"type": "Point", "coordinates": [-69.1933549, 47.7703589]}}, {"type": "Feature", "properties": {"osm_type": "node", "osm_id": 7248429083, "tags": {"leisure": "fishing", "name": "Omble de fontaine"}}, "geometry": {"type": "Point", "coordinates": [-72.2762654, 47.2470182]}}, {"type": "Feature", "properties": {"osm_type": "node", "osm_id": 7248429084, "tags": {"leisure": "fishing", "name": "Omble de fontaine"}}, "geometry": {"type": "Point", "coordinates": [-72.2726852, 47.2453182]}}, {"type": "Feature", "properties": {"osm_type": "node", "osm_id": 7248437654, "tags": {"access": "customers", "fishing": "yes", "leisure": "fishing", "name": "Truite Moulac"}}, "geometry": {"type": "Point", "coordinates": [-72.1248005, 47.1641413]}}, {"type": "Feature", "properties": {"osm_type": "node", "osm_id": 7248437655, "tags": {"access": "customers", "fishing": "yes", "leisure": "fishing", "name": "Omble de fontaine"}}, "geometry": {"type": "Point", "coordinates": [-72.1298757, 47.1613969]}}, {"type": "Feature", "properties": {"osm_type": "node", "osm_id": 7248437656, "tags": {"access": "customers", "fishing": "yes", "leisure": "fishing", "name": "Omble de fontaine"}}, "geometry": {"type": "Point", "coordinates": [-72.123983, 47.162057]}}, {"type": "Feature", "properties": {"osm_type": "node", "osm_id": 7248437657, "tags": {"access": "customers", "fishing": "yes", "leisure": "fishing", "name": "Omble de fontaine"}}, "geometry": {"type": "Point", "coordinates": [-72.1298757, 47.1662255]}}, {"type": "Feature", "properties": {"osm_type": "node", "osm_id": 7248437658, "tags": {"access": "customers", "fishing": "yes", "leisure": "fishing", "name": "Omble de fontaine"}}, "geometry": {"type": "Point", "coordinates": [-72.1285643, 47.1649866]}}, {"type": "Feature", "properties": {"osm_type": "node", "osm_id": 7248437659, "tags": {"access": "customers", "fishing": "yes", "leisure": "fishing", "name": "Omble de fontaine"}}, "geometry": {"type": "Point", "coordinates": [-72.1275935, 47.1704285]}}, {"type": "Feature", "properties": {"osm_type": "node", "osm_id": 7248441285, "tags": {"leisure": "fishing", "name": "Omble de fontaine"}}, "geometry": {"type": "Point", "coordinates": [-72.2672075, 47.2408291]}}, {"type": "Feature", "properties": {"osm_type": "node", "osm_id": 7248441286, "tags": {"leisure": "fishing", "name": "Omble de fontaine"}}, "geometry": {"type": "Point", "coordinates": [-72.2702202, 47.2381594]}}, {"type": "Feature", "properties": {"osm_type": "node", "osm_id": 7248441719, "tags": {"leisure": "fishing", "name": "Omble de fontaine"}}, "geometry": {"type": "Point", "coordinates": [-72.2752293, 47.2276865]}}, {"type": "Feature", "properties": {"osm_type": "node", "osm_id": 7248441720, "tags": {"leisure": "fishing", "name": "Omble de fontaine"}}, "geometry": {"type": "Point", "coordinates": [-72.2752964, 47.2289542]}}, {"type": "Feature", "properties": {"osm_type": "node", "osm_id": 7248442382, "tags": {"access": "customers", "fishing": "yes", "leisure": "fishing", "name": "Omble de fontaine"}}, "geometry": {"type": "Point", "coordinates": [-72.2699455, 47.2328368]}}, {"type": "Feature", "properties": {"osm_type": "node", "osm_id": 7248474292, "tags": {"access": "customers", "fishing": "yes", "leisure": "fishing", "name": "Omble de fontaine"}}, "geometry": {"type": "Point", "coordinates": [-72.1205556, 47.1536878]}}, {"type": "Feature", "properties": {"osm_type": "node", "osm_id": 7248474293, "tags": {"access": "customers", "fishing": "yes", "leisure": "fishing", "name": "Omble de fontaine"}}, "geometry": {"type": "Point", "coordinates": [-72.1195318, 47.1510109]}}, {"type": "Feature", "properties": {"osm_type": "node", "osm_id": 7248508003, "tags": {"access": "customers", "fishing": "yes", "leisure": "fishing", "name": "Omble de fontaine"}}, "geometry": {"type": "Point", "coordinates": [-72.2837735, 47.2336511]}}, {"type": "Feature", "properties": {"osm_type": "node", "osm_id": 7248508004, "tags": {"access": "customers", "fishing": "yes", "leisure": "fishing", "name": "Omble de fontaine"}}, "geometry": {"type": "Point", "coordinates": [-72.2827968, 47.2335472]}}, {"type": "Feature", "properties": {"osm_type": "node", "osm_id": 7248508005, "tags": {"leisure": "fishing", "name": "Omble de fontaine"}}, "geometry": {"type": "Point", "coordinates": [-72.2831499, 47.2282893]}}, {"type": "Feature", "properties": {"osm_type": "node", "osm_id": 7248573218, "tags": {"access": "customers", "fishing": "yes", "leisure": "fishing", "name": "Omble de fontaine"}}, "geometry": {"type": "Point", "coordinates": [-72.4562206, 47.3471302]}}, {"type": "Feature", "properties": {"osm_type": "node", "osm_id": 7248573219, "tags": {"leisure": "fishing", "name": "Omble de fontaine"}}, "geometry": {"type": "Point", "coordinates": [-72.4571502, 47.3448698]}}, {"type": "Feature", "properties": {"osm_type": "node", "osm_id": 7248573220, "tags": {"access": "customers", "fishing": "yes", "leisure": "fishing", "name": "Omble de fontaine"}}, "geometry": {"type": "Point", "coordinates": [-72.4538494, 47.3452286]}}, {"type": "Feature", "properties": {"osm_type": "node", "osm_id": 7248573221, "tags": {"leisure": "fishing", "name": "Omble de fontaine"}}, "geometry": {"type": "Point", "coordinates": [-72.4638899, 47.3444495]}}, {"type": "Feature", "properties": {"osm_type": "node", "osm_id": 7248573222, "tags": {"leisure": "fishing", "name": "Omble de fontaine"}}, "geometry": {"type": "Point", "coordinates": [-72.4679262, 47.3404566]}}, {"type": "Feature", "properties": {"osm_type": "node", "osm_id": 7248573223, "tags": {"access": "customers", "fishing": "yes", "leisure": "fishing", "name": "Moulac"}}, "geometry": {"type": "Point", "coordinates": [-72.464503, 47.3393717]}}, {"type": "Feature", "properties": {"osm_type": "node", "osm_id": 7248573224, "tags": {"access": "customers", "fishing": "yes", "leisure": "fishing", "name": "Moulac"}}, "geometry": {"type": "Point", "coordinates": [-72.4687608, 47.3372481]}}, {"type": "Feature", "properties": {"osm_type": "node", "osm_id": 7248573225, "tags": {"access": "customers", "fishing": "yes", "leisure": "fishing", "name": "Omble de fontaine"}}, "geometry": {"type": "Point", "coordinates": [-72.4658996, 47.3380214]}}, {"type": "Feature", "properties": {"osm_type": "node", "osm_id": 7248573227, "tags": {"access": "customers", "fishing": "yes", "leisure": "fishing", "name": "Omble de fontaine"}}, "geometry": {"type": "Point", "coordinates": [-72.4747238, 47.2254106]}}, {"type": "Feature", "properties": {"osm_type": "node", "osm_id": 7248589117, "tags": {"access": "customers", "fishing": "yes", "leisure": "fishing", "name": "Omble de fontaine"}}, "geometry": {"type": "Point", "coordinates": [-72.0814155, 47.1507634]}}, {"type": "Feature", "properties": {"osm_type": "node", "osm_id": 7248589118, "tags": {"access": "customers", "fishing": "yes", "leisure": "fishing", "name": "Omble de fontaine"}}, "geometry": {"type": "Point", "coordinates": [-72.0794713, 47.1490343]}}, {"type": "Feature", "properties": {"osm_type": "node", "osm_id": 7251541768, "tags": {"leisure": "fishing", "name": "Omble de fontaine"}}, "geometry": {"type": "Point", "coordinates": [-72.0194256, 47.1673278]}}, {"type": "Feature", "properties": {"osm_type": "node", "osm_id": 7251541769, "tags": {"access": "customers", "fishing": "yes", "leisure": "fishing", "name": "Omble de fontaine"}}, "geometry": {"type": "Point", "coordinates": [-72.0200761, 47.1656918]}}, {"type": "Feature", "properties": {"osm_type": "node", "osm_id": 7251588446, "tags": {"access": "customers", "fishing": "yes", "leisure": "fishing", "name": "Omble de fontaine"}}, "geometry": {"type": "Point", "coordinates": [-72.0854617, 47.1853676]}}, {"type": "Feature", "properties": {"osm_type": "node", "osm_id": 7251588450, "tags": {"access": "customers", "fishing": "yes", "leisure": "fishing", "name": "Omble de fontaine"}}, "geometry": {"type": "Point", "coordinates": [-72.0769752, 47.1862065]}}, {"type": "Feature", "properties": {"osm_type": "node", "osm_id": 7251588456, "tags": {"access": "customers", "fishing": "yes", "leisure": "fishing", "name": "Omble de fontaine"}}, "geometry": {"type": "Point", "coordinates": [-72.0809173, 47.1811805]}}, {"type": "Feature", "properties": {"osm_type": "node", "osm_id": 7251588457, "tags": {"access": "customers", "fishing": "yes", "leisure": "fishing", "name": "Omble de fontaine"}}, "geometry": {"type": "Point", "coordinates": [-72.0794696, 47.1837534]}}, {"type": "Feature", "properties": {"osm_type": "node", "osm_id": 7251588458, "tags": {"access": "customers", "fishing": "yes", "leisure": "fishing", "name": "Omble de fontaine"}}, "geometry": {"type": "Point", "coordinates": [-72.0823748, 47.1834742]}}, {"type": "Feature", "properties": {"osm_type": "node", "osm_id": 7251588468, "tags": {"access": "customers", "fishing": "yes", "leisure": "fishing", "name": "Omble de fontaine"}}, "geometry": {"type": "Point", "coordinates": [-72.0863514, 47.1313651]}}, {"type": "Feature", "properties": {"osm_type": "node", "osm_id": 7251619184, "tags": {"access": "customers", "fishing": "yes", "leisure": "fishing", "name": "Omble de fontaine"}}, "geometry": {"type": "Point", "coordinates": [-72.0711395, 47.1185643]}}, {"type": "Feature", "properties": {"osm_type": "node", "osm_id": 7251627585, "tags": {"access": "customers", "fishing": "yes", "leisure": "fishing", "name": "Omble de fontaine"}}, "geometry": {"type": "Point", "coordinates": [-72.0724918, 47.1211889]}}, {"type": "Feature", "properties": {"osm_type": "node", "osm_id": 7251627586, "tags": {"access": "customers", "fishing": "yes", "leisure": "fishing", "name": "Omble de fontaine"}}, "geometry": {"type": "Point", "coordinates": [-72.071831, 47.1232975]}}, {"type": "Feature", "properties": {"osm_type": "node", "osm_id": 7251627606, "tags": {"access": "customers", "fishing": "yes", "leisure": "fishing", "name": "Omble de fontaine"}}, "geometry": {"type": "Point", "coordinates": [-72.1382426, 47.1387876]}}, {"type": "Feature", "properties": {"osm_type": "node", "osm_id": 7251627607, "tags": {"access": "customers", "fishing": "yes", "leisure": "fishing", "name": "Omble de fontaine"}}, "geometry": {"type": "Point", "coordinates": [-72.1391782, 47.1393633]}}, {"type": "Feature", "properties": {"osm_type": "node", "osm_id": 7251627608, "tags": {"access": "customers", "fishing": "yes", "leisure": "fishing", "name": "Omble de fontaine"}}, "geometry": {"type": "Point", "coordinates": [-72.1374238, 47.1415155]}}, {"type": "Feature", "properties": {"osm_type": "node", "osm_id": 7251631308, "tags": {"access": "customers", "fishing": "yes", "leisure": "fishing", "name": "Omble de fontaine"}}, "geometry": {"type": "Point", "coordinates": [-72.0474593, 47.1730822]}}, {"type": "Feature", "properties": {"osm_type": "node", "osm_id": 7251631309, "tags": {"access": "customers", "fishing": "yes", "leisure": "fishing", "name": "Omble de fontaine"}}, "geometry": {"type": "Point", "coordinates": [-72.0482908, 47.1740194]}}, {"type": "Feature", "properties": {"osm_type": "node", "osm_id": 7251631310, "tags": {"leisure": "fishing", "name": "Omble de fontaine"}}, "geometry": {"type": "Point", "coordinates": [-72.0470462, 47.1755035]}}, {"type": "Feature", "properties": {"osm_type": "node", "osm_id": 7251631311, "tags": {"access": "customers", "fishing": "yes", "leisure": "fishing", "name": "Omble de fontaine"}}, "geometry": {"type": "Point", "coordinates": [-72.0475612, 47.1778409]}}, {"type": "Feature", "properties": {"osm_type": "node", "osm_id": 7251631313, "tags": {"access": "customers", "fishing": "yes", "leisure": "fishing", "name": "Omble de fontaine"}}, "geometry": {"type": "Point", "coordinates": [-72.0507618, 47.1321877]}}, {"type": "Feature", "properties": {"osm_type": "node", "osm_id": 7251631314, "tags": {"access": "customers", "fishing": "yes", "leisure": "fishing", "name": "Omble de fontaine"}}, "geometry": {"type": "Point", "coordinates": [-72.0535412, 47.1328215]}}, {"type": "Feature", "properties": {"osm_type": "node", "osm_id": 7251631315, "tags": {"access": "customers", "fishing": "yes", "leisure": "fishing", "name": "Omble de fontaine"}}, "geometry": {"type": "Point", "coordinates": [-72.0541157, 47.1318286]}}, {"type": "Feature", "properties": {"osm_type": "node", "osm_id": 7251642515, "tags": {"leisure": "fishing", "name": "Omble de fontaine"}}, "geometry": {"type": "Point", "coordinates": [-72.0263914, 47.1535603]}}, {"type": "Feature", "properties": {"osm_type": "node", "osm_id": 7251642516, "tags": {"access": "customers", "fishing": "yes", "leisure": "fishing", "name": "Omble de fontaine"}}, "geometry": {"type": "Point", "coordinates": [-72.0276523, 47.1532396]}}, {"type": "Feature", "properties": {"osm_type": "node", "osm_id": 7251642517, "tags": {"leisure": "fishing", "name": "Omble de fontaine"}}, "geometry": {"type": "Point", "coordinates": [-72.0278158, 47.1519343]}}, {"type": "Feature", "properties": {"osm_type": "node", "osm_id": 7251642518, "tags": {"leisure": "fishing", "name": "Omble de fontaine"}}, "geometry": {"type": "Point", "coordinates": [-72.0288292, 47.1522201]}}, {"type": "Feature", "properties": {"osm_type": "node", "osm_id": 7251642519, "tags": {"access": "customers", "fishing": "yes", "leisure": "fishing", "name": "Omble de fontaine"}}, "geometry": {"type": "Point", "coordinates": [-72.0301414, 47.1521471]}}, {"type": "Feature", "properties": {"osm_type": "node", "osm_id": 7251642520, "tags": {"leisure": "fishing", "name": "Omble de fontaine"}}, "geometry": {"type": "Point", "coordinates": [-72.0280265, 47.180822]}}, {"type": "Feature", "properties": {"osm_type": "node", "osm_id": 7251642521, "tags": {"access": "customers", "fishing": "yes", "leisure": "fishing", "name": "Omble de fontaine"}}, "geometry": {"type": "Point", "coordinates": [-72.0293112, 47.179164]}}, {"type": "Feature", "properties": {"osm_type": "node", "osm_id": 7251677695, "tags": {"leisure": "fishing", "name": "Omble de fontaine"}}, "geometry": {"type": "Point", "coordinates": [-72.0310401, 47.1717024]}}, {"type": "Feature", "properties": {"osm_type": "node", "osm_id": 7251677696, "tags": {"access": "customers", "fishing": "yes", "leisure": "fishing", "name": "Omble de fontaine"}}, "geometry": {"type": "Point", "coordinates": [-72.0317857, 47.1713159]}}, {"type": "Feature", "properties": {"osm_type": "node", "osm_id": 7251677697, "tags": {"access": "customers", "fishing": "yes", "leisure": "fishing", "name": "Omble de fontaine"}}, "geometry": {"type": "Point", "coordinates": [-72.0335453, 47.1726105]}}, {"type": "Feature", "properties": {"osm_type": "node", "osm_id": 7251677698, "tags": {"access": "customers", "fishing": "yes", "leisure": "fishing", "name": "Omble de fontaine"}}, "geometry": {"type": "Point", "coordinates": [-72.0319842, 47.1729022]}}, {"type": "Feature", "properties": {"osm_type": "node", "osm_id": 7251677699, "tags": {"access": "customers", "fishing": "yes", "leisure": "fishing", "name": "Omble de fontaine"}}, "geometry": {"type": "Point", "coordinates": [-72.0331376, 47.1719869]}}, {"type": "Feature", "properties": {"osm_type": "node", "osm_id": 7251677704, "tags": {"leisure": "fishing", "name": "Omble de fontaine"}}, "geometry": {"type": "Point", "coordinates": [-72.0289972, 47.1569954]}}, {"type": "Feature", "properties": {"osm_type": "node", "osm_id": 7251677705, "tags": {"access": "customers", "fishing": "yes", "leisure": "fishing", "name": "Omble de fontaine"}}, "geometry": {"type": "Point", "coordinates": [-72.0273304, 47.1578303]}}, {"type": "Feature", "properties": {"osm_type": "node", "osm_id": 7251677706, "tags": {"access": "customers", "fishing": "yes", "leisure": "fishing", "name": "Omble de fontaine"}}, "geometry": {"type": "Point", "coordinates": [-72.0253871, 47.1594945]}}, {"type": "Feature", "properties": {"osm_type": "node", "osm_id": 7251677707, "tags": {"access": "customers", "fishing": "yes", "leisure": "fishing", "name": "Omble de fontaine"}}, "geometry": {"type": "Point", "coordinates": [-72.0262978, 47.16086]}}, {"type": "Feature", "properties": {"osm_type": "node", "osm_id": 7251677708, "tags": {"access": "customers", "fishing": "yes", "leisure": "fishing", "name": "Omble de fontaine"}}, "geometry": {"type": "Point", "coordinates": [-72.0230047, 47.1614184]}}, {"type": "Feature", "properties": {"osm_type": "node", "osm_id": 7251677709, "tags": {"access": "customers", "fishing": "yes", "leisure": "fishing", "name": "Omble de fontaine"}}, "geometry": {"type": "Point", "coordinates": [-72.0251594, 47.1632262]}}, {"type": "Feature", "properties": {"osm_type": "node", "osm_id": 7251677710, "tags": {"access": "customers", "fishing": "yes", "leisure": "fishing", "name": "Omble de fontaine"}}, "geometry": {"type": "Point", "coordinates": [-72.0231429, 47.1640168]}}, {"type": "Feature", "properties": {"osm_type": "node", "osm_id": 7251677711, "tags": {"access": "customers", "fishing": "yes", "leisure": "fishing", "name": "Omble de fontaine"}}, "geometry": {"type": "Point", "coordinates": [-72.0240536, 47.1645309]}}, {"type": "Feature", "properties": {"osm_type": "node", "osm_id": 7251677712, "tags": {"access": "customers", "fishing": "yes", "leisure": "fishing", "name": "Omble de fontaine"}}, "geometry": {"type": "Point", "coordinates": [-72.0253952, 47.1672894]}}, {"type": "Feature", "properties": {"osm_type": "node", "osm_id": 7251677713, "tags": {"access": "customers", "fishing": "yes", "leisure": "fishing", "name": "Omble de fontaine"}}, "geometry": {"type": "Point", "coordinates": [-72.0257936, 47.1694121]}}, {"type": "Feature", "properties": {"osm_type": "node", "osm_id": 7251688138, "tags": {"access": "customers", "fishing": "yes", "leisure": "fishing", "name": "Omble de fontaine"}}, "geometry": {"type": "Point", "coordinates": [-72.08538, 47.1739362]}}, {"type": "Feature", "properties": {"osm_type": "node", "osm_id": 7251688139, "tags": {"access": "customers", "fishing": "yes", "leisure": "fishing", "name": "Omble de fontaine"}}, "geometry": {"type": "Point", "coordinates": [-72.0834052, 47.1749715]}}, {"type": "Feature", "properties": {"osm_type": "node", "osm_id": 7251688141, "tags": {"leisure": "fishing", "name": "Omble de fontaine"}}, "geometry": {"type": "Point", "coordinates": [-72.0498058, 47.1546921]}}, {"type": "Feature", "properties": {"osm_type": "node", "osm_id": 7251688142, "tags": {"access": "customers", "fishing": "yes", "leisure": "fishing", "name": "Omble de fontaine"}}, "geometry": {"type": "Point", "coordinates": [-72.0488438, 47.1549271]}}, {"type": "Feature", "properties": {"osm_type": "node", "osm_id": 7252052833, "tags": {"leisure": "fishing", "name": "Brochet"}}, "geometry": {"type": "Point", "coordinates": [-71.1706358, 45.9777705]}}, {"type": "Feature", "properties": {"osm_type": "node", "osm_id": 7252052834, "tags": {"access": "yes", "fishing": "yes", "leisure": "fishing", "name": "Brochet"}}, "geometry": {"type": "Point", "coordinates": [-71.1731063, 45.9792938]}}, {"type": "Feature", "properties": {"osm_type": "node", "osm_id": 7252052835, "tags": {"access": "yes", "fishing": "yes", "leisure": "fishing", "name": "Brochet"}}, "geometry": {"type": "Point", "coordinates": [-71.1824082, 45.9685939]}}, {"type": "Feature", "properties": {"osm_type": "node", "osm_id": 7252052836, "tags": {"access": "yes", "fishing": "yes", "leisure": "fishing", "name": "Brocchet"}}, "geometry": {"type": "Point", "coordinates": [-71.1977769, 45.9387362]}}, {"type": "Feature", "properties": {"osm_type": "node", "osm_id": 7252052837, "tags": {"leisure": "fishing", "name": "Brochet"}}, "geometry": {"type": "Point", "coordinates": [-71.1808533, 45.9286332]}}, {"type": "Feature", "properties": {"osm_type": "node", "osm_id": 7252052838, "tags": {"leisure": "fishing", "name": "Brochet"}}, "geometry": {"type": "Point", "coordinates": [-71.1788044, 45.924372]}}, {"type": "Feature", "properties": {"osm_type": "node", "osm_id": 7252052839, "tags": {"leisure": "fishing", "name": "Brochet"}}, "geometry": {"type": "Point", "coordinates": [-71.1780873, 45.927151]}}, {"type": "Feature", "properties": {"osm_type": "node", "osm_id": 7252052840, "tags": {"leisure": "fishing", "name": "Brochet"}}, "geometry": {"type": "Point", "coordinates": [-71.1450596, 45.9344188]}}, {"type": "Feature", "properties": {"osm_type": "node", "osm_id": 7252052841, "tags": {"leisure": "fishing", "name": "Dor\u00e9"}}, "geometry": {"type": "Point", "coordinates": [-71.1531549, 45.8785156]}}, {"type": "Feature", "properties": {"osm_type": "node", "osm_id": 7252052842, "tags": {"leisure": "fishing", "name": "Dor\u00e9"}}, "geometry": {"type": "Point", "coordinates": [-71.1470707, 45.8774942]}}, {"type": "Feature", "properties": {"osm_type": "node", "osm_id": 7252052843, "tags": {"leisure": "fishing", "name": "Dor\u00e9"}}, "geometry": {"type": "Point", "coordinates": [-71.1546808, 45.8756691]}}, {"type": "Feature", "properties": {"osm_type": "node", "osm_id": 7252052844, "tags": {"leisure": "fishing", "name": "Dor\u00e9"}}, "geometry": {"type": "Point", "coordinates": [-71.1494574, 45.8746066]}}, {"type": "Feature", "properties": {"osm_type": "node", "osm_id": 7252052845, "tags": {"leisure": "fishing", "name": "Ouananiche"}}, "geometry": {"type": "Point", "coordinates": [-71.138594, 45.852455]}}, {"type": "Feature", "properties": {"osm_type": "node", "osm_id": 7252052846, "tags": {"leisure": "fishing", "name": "Ouananiche"}}, "geometry": {"type": "Point", "coordinates": [-71.1438174, 45.8598535]}}, {"type": "Feature", "properties": {"osm_type": "node", "osm_id": 7252052847, "tags": {"leisure": "fishing", "name": "Ouananiche"}}, "geometry": {"type": "Point", "coordinates": [-71.1513298, 45.8652757]}}, {"type": "Feature", "properties": {"osm_type": "node", "osm_id": 7252052848, "tags": {"leisure": "fishing", "name": "Ouananiche"}}, "geometry": {"type": "Point", "coordinates": [-71.1431719, 45.845151]}}, {"type": "Feature", "properties": {"osm_type": "node", "osm_id": 7252052849, "tags": {"leisure": "fishing", "name": "Ouananiche"}}, "geometry": {"type": "Point", "coordinates": [-71.1498821, 45.8449738]}}, {"type": "Feature", "properties": {"osm_type": "node", "osm_id": 7252052850, "tags": {"leisure": "fishing", "name": "Ouananiche"}}, "geometry": {"type": "Point", "coordinates": [-71.1347987, 45.8432294]}}, {"type": "Feature", "properties": {"osm_type": "node", "osm_id": 7252052851, "tags": {"leisure": "fishing", "name": "Ouananiche"}}, "geometry": {"type": "Point", "coordinates": [-71.1273646, 45.8381185]}}, {"type": "Feature", "properties": {"osm_type": "node", "osm_id": 7252052852, "tags": {"leisure": "fishing", "name": "Ouananiche"}}, "geometry": {"type": "Point", "coordinates": [-71.1195392, 45.8295448]}}, {"type": "Feature", "properties": {"osm_type": "node", "osm_id": 7252052853, "tags": {"leisure": "fishing", "name": "Ouananiche"}}, "geometry": {"type": "Point", "coordinates": [-71.1100314, 45.8196064]}}, {"type": "Feature", "properties": {"osm_type": "node", "osm_id": 7252052854, "tags": {"leisure": "fishing", "name": "Ouananiche"}}, "geometry": {"type": "Point", "coordinates": [-71.1052188, 45.8214606]}}, {"type": "Feature", "properties": {"osm_type": "node", "osm_id": 7252052855, "tags": {"leisure": "fishing", "name": "Ouananiche"}}, "geometry": {"type": "Point", "coordinates": [-71.109464, 45.8289041]}}, {"type": "Feature", "properties": {"osm_type": "node", "osm_id": 7252052856, "tags": {"leisure": "fishing", "name": "Ouananiche"}}, "geometry": {"type": "Point", "coordinates": [-71.1132007, 45.8410897]}}, {"type": "Feature", "properties": {"osm_type": "node", "osm_id": 7252052857, "tags": {"leisure": "fishing", "name": "Brochet"}}, "geometry": {"type": "Point", "coordinates": [-71.1495495, 45.838323]}}, {"type": "Feature", "properties": {"osm_type": "node", "osm_id": 7252052858, "tags": {"leisure": "fishing", "name": "Ouananiche"}}, "geometry": {"type": "Point", "coordinates": [-71.1546556, 45.8414577]}}, {"type": "Feature", "properties": {"osm_type": "node", "osm_id": 7252052859, "tags": {"leisure": "fishing", "name": "Dor\u00e9"}}, "geometry": {"type": "Point", "coordinates": [-71.166961, 45.8265321]}}, {"type": "Feature", "properties": {"osm_type": "node", "osm_id": 7252052860, "tags": {"leisure": "fishing", "name": "Achigan"}}, "geometry": {"type": "Point", "coordinates": [-71.1673718, 45.8262459]}}, {"type": "Feature", "properties": {"osm_type": "node", "osm_id": 7252052861, "tags": {"leisure": "fishing", "name": "Brochet"}}, "geometry": {"type": "Point", "coordinates": [-71.1683109, 45.818393]}}, {"type": "Feature", "properties": {"osm_type": "node", "osm_id": 7252052862, "tags": {"leisure": "fishing", "name": "Brochet"}}, "geometry": {"type": "Point", "coordinates": [-71.1555751, 45.8157342]}}, {"type": "Feature", "properties": {"osm_type": "node", "osm_id": 7252052863, "tags": {"leisure": "fishing", "name": "Brochet"}}, "geometry": {"type": "Point", "coordinates": [-71.1519558, 45.8127071]}}, {"type": "Feature", "properties": {"osm_type": "node", "osm_id": 7252052864, "tags": {"leisure": "fishing", "name": "Brochet"}}, "geometry": {"type": "Point", "coordinates": [-71.1504299, 45.809789]}}, {"type": "Feature", "properties": {"osm_type": "node", "osm_id": 7252052865, "tags": {"leisure": "fishing", "name": "Achigan"}}, "geometry": {"type": "Point", "coordinates": [-71.1489039, 45.8047978]}}, {"type": "Feature", "properties": {"osm_type": "node", "osm_id": 7252052866, "tags": {"leisure": "fishing", "name": "Achigan"}}, "geometry": {"type": "Point", "coordinates": [-71.1447174, 45.8029021]}}, {"type": "Feature", "properties": {"osm_type": "node", "osm_id": 7252052867, "tags": {"leisure": "fishing", "name": "Achigan"}}, "geometry": {"type": "Point", "coordinates": [-71.1475149, 45.800829]}}, {"type": "Feature", "properties": {"osm_type": "node", "osm_id": 7252052868, "tags": {"leisure": "fishing", "name": "Achigan"}}, "geometry": {"type": "Point", "coordinates": [-71.1514863, 45.8035431]}}, {"type": "Feature", "properties": {"osm_type": "node", "osm_id": 7252052869, "tags": {"leisure": "fishing", "name": "Brochet"}}, "geometry": {"type": "Point", "coordinates": [-71.1414307, 45.7905854]}}, {"type": "Feature", "properties": {"osm_type": "node", "osm_id": 7252057246, "tags": {"leisure": "fishing", "name": "Dor\u00e9"}}, "geometry": {"type": "Point", "coordinates": [-71.1858593, 45.7977739]}}, {"type": "Feature", "properties": {"osm_type": "node", "osm_id": 7252057247, "tags": {"leisure": "fishing", "name": "Dor\u00e9"}}, "geometry": {"type": "Point", "coordinates": [-71.1839225, 45.7989469]}}, {"type": "Feature", "properties": {"osm_type": "node", "osm_id": 7252057248, "tags": {"leisure": "fishing", "name": "Brochet"}}, "geometry": {"type": "Point", "coordinates": [-71.1773492, 45.7943912]}}, {"type": "Feature", "properties": {"osm_type": "node", "osm_id": 7252057249, "tags": {"leisure": "fishing", "name": "Brochet"}}, "geometry": {"type": "Point", "coordinates": [-71.1905154, 45.7957961]}}, {"type": "Feature", "properties": {"osm_type": "node", "osm_id": 7252057250, "tags": {"leisure": "fishing", "name": "Brochet"}}, "geometry": {"type": "Point", "coordinates": [-71.1914544, 45.794132]}}, {"type": "Feature", "properties": {"osm_type": "node", "osm_id": 7252057251, "tags": {"leisure": "fishing", "name": "Achigan"}}, "geometry": {"type": "Point", "coordinates": [-71.1824161, 45.7915676]}}, {"type": "Feature", "properties": {"osm_type": "node", "osm_id": 7252057252, "tags": {"leisure": "fishing", "name": "Dor\u00e9"}}, "geometry": {"type": "Point", "coordinates": [-71.1833552, 45.7911038]}}, {"type": "Feature", "properties": {"osm_type": "node", "osm_id": 7252057253, "tags": {"leisure": "fishing", "name": "Dor\u00e9"}}, "geometry": {"type": "Point", "coordinates": [-71.1828661, 45.7896851]}}, {"type": "Feature", "properties": {"osm_type": "node", "osm_id": 7252057254, "tags": {"leisure": "fishing", "name": "Dor\u00e9"}}, "geometry": {"type": "Point", "coordinates": [-71.1857223, 45.7904353]}}, {"type": "Feature", "properties": {"osm_type": "node", "osm_id": 7252057255, "tags": {"leisure": "fishing", "name": "Dor\u00e9"}}, "geometry": {"type": "Point", "coordinates": [-71.1852528, 45.7893031]}}, {"type": "Feature", "properties": {"osm_type": "node", "osm_id": 7252057256, "tags": {"leisure": "fishing", "name": "Dor\u00e9"}}, "geometry": {"type": "Point", "coordinates": [-71.1899676, 45.7879389]}}, {"type": "Feature", "properties": {"osm_type": "node", "osm_id": 7252057257, "tags": {"leisure": "fishing", "name": "Dor\u00e9"}}, "geometry": {"type": "Point", "coordinates": [-71.1929021, 45.7903535]}}, {"type": "Feature", "properties": {"osm_type": "node", "osm_id": 7252057258, "tags": {"leisure": "fishing", "name": "Dor\u00e9"}}, "geometry": {"type": "Point", "coordinates": [-71.1963649, 45.7935045]}}, {"type": "Feature", "properties": {"osm_type": "node", "osm_id": 7252057259, "tags": {"leisure": "fishing", "name": "Brochet"}}, "geometry": {"type": "Point", "coordinates": [-71.2021556, 45.7939683]}}, {"type": "Feature", "properties": {"osm_type": "node", "osm_id": 7252057260, "tags": {"leisure": "fishing", "name": "Brochet"}}, "geometry": {"type": "Point", "coordinates": [-71.2059509, 45.7939683]}}, {"type": "Feature", "properties": {"osm_type": "node", "osm_id": 7252057261, "tags": {"leisure": "fishing", "name": "Achigan"}}, "geometry": {"type": "Point", "coordinates": [-71.1857203, 45.812741]}}, {"type": "Feature", "properties": {"osm_type": "node", "osm_id": 7252057262, "tags": {"leisure": "fishing", "name": "Achigan"}}, "geometry": {"type": "Point", "coordinates": [-71.187185, 45.813845]}}, {"type": "Feature", "properties": {"osm_type": "node", "osm_id": 7252057263, "tags": {"leisure": "fishing", "name": "Brochet"}}, "geometry": {"type": "Point", "coordinates": [-71.1871679, 45.8135245]}}, {"type": "Feature", "properties": {"osm_type": "node", "osm_id": 7252057264, "tags": {"leisure": "fishing", "name": "Dor\u00e9"}}, "geometry": {"type": "Point", "coordinates": [-71.1890754, 45.8137975]}}, {"type": "Feature", "properties": {"osm_type": "node", "osm_id": 7252057308, "tags": {"leisure": "fishing", "name": "Achigan"}}, "geometry": {"type": "Point", "coordinates": [-71.1850036, 45.8219343]}}, {"type": "Feature", "properties": {"osm_type": "node", "osm_id": 7252057309, "tags": {"leisure": "fishing", "name": "Achigan"}}, "geometry": {"type": "Point", "coordinates": [-71.1845039, 45.8208452]}}, {"type": "Feature", "properties": {"osm_type": "node", "osm_id": 7252057310, "tags": {"leisure": "fishing", "name": "Brochet"}}, "geometry": {"type": "Point", "coordinates": [-71.1847997, 45.8206133]}}, {"type": "Feature", "properties": {"osm_type": "node", "osm_id": 7252057311, "tags": {"leisure": "fishing", "name": "Achigan"}}, "geometry": {"type": "Point", "coordinates": [-71.1830743, 45.8223138]}}, {"type": "Feature", "properties": {"osm_type": "node", "osm_id": 7252057312, "tags": {"leisure": "fishing", "name": "Brochet"}}, "geometry": {"type": "Point", "coordinates": [-71.1833331, 45.8219875]}}, {"type": "Feature", "properties": {"osm_type": "node", "osm_id": 7252072707, "tags": {"leisure": "fishing", "name": "Achigan"}}, "geometry": {"type": "Point", "coordinates": [-71.1862047, 45.8167482]}}, {"type": "Feature", "properties": {"osm_type": "node", "osm_id": 7252072708, "tags": {"leisure": "fishing", "name": "Brochet"}}, "geometry": {"type": "Point", "coordinates": [-71.1864635, 45.8165334]}}, {"type": "Feature", "properties": {"osm_type": "node", "osm_id": 7252072709, "tags": {"leisure": "fishing", "name": "Achigan"}}, "geometry": {"type": "Point", "coordinates": [-71.1874494, 45.8156401]}}, {"type": "Feature", "properties": {"osm_type": "node", "osm_id": 7252072710, "tags": {"leisure": "fishing", "name": "Brochet"}}, "geometry": {"type": "Point", "coordinates": [-71.1875234, 45.8152622]}}, {"type": "Feature", "properties": {"osm_type": "node", "osm_id": 7252075803, "tags": {"leisure": "fishing", "name": "Brochet"}}, "geometry": {"type": "Point", "coordinates": [-71.1918019, 45.8536151]}}, {"type": "Feature", "properties": {"osm_type": "node", "osm_id": 7252075804, "tags": {"leisure": "fishing", "name": "Brochet"}}, "geometry": {"type": "Point", "coordinates": [-71.1940713, 45.8530428]}}, {"type": "Feature", "properties": {"osm_type": "node", "osm_id": 7252075805, "tags": {"leisure": "fishing", "name": "Achigan"}}, "geometry": {"type": "Point", "coordinates": [-71.1909313, 45.8528248]}}, {"type": "Feature", "properties": {"osm_type": "node", "osm_id": 7252075806, "tags": {"leisure": "fishing", "name": "Achigan"}}, "geometry": {"type": "Point", "coordinates": [-71.1926725, 45.8525795]}}, {"type": "Feature", "properties": {"osm_type": "node", "osm_id": 7252075807, "tags": {"leisure": "fishing", "name": "Achigan"}}, "geometry": {"type": "Point", "coordinates": [-71.1945799, 45.8525659]}}, {"type": "Feature", "properties": {"osm_type": "node", "osm_id": 7252075808, "tags": {"leisure": "fishing", "name": "Achigan"}}, "geometry": {"type": "Point", "coordinates": [-71.1917236, 45.8507059]}}, {"type": "Feature", "properties": {"osm_type": "node", "osm_id": 7252075809, "tags": {"leisure": "fishing", "name": "Achigan"}}, "geometry": {"type": "Point", "coordinates": [-71.1900314, 45.8505219]}}, {"type": "Feature", "properties": {"osm_type": "node", "osm_id": 7252075810, "tags": {"leisure": "fishing", "name": "Achigan"}}, "geometry": {"type": "Point", "coordinates": [-71.1879479, 45.8497793]}}, {"type": "Feature", "properties": {"osm_type": "node", "osm_id": 7252075811, "tags": {"leisure": "fishing", "name": "Brochet"}}, "geometry": {"type": "Point", "coordinates": [-71.1857861, 45.8514008]}}, {"type": "Feature", "properties": {"osm_type": "node", "osm_id": 7258909130, "tags": {"access": "customers", "fishing": "yes", "leisure": "fishing", "name": "Omble de fontaine"}}, "geometry": {"type": "Point", "coordinates": [-70.9182958, 47.4574107]}}, {"type": "Feature", "properties": {"osm_type": "node", "osm_id": 7258931382, "tags": {"access": "customers", "fishing": "yes", "leisure": "fishing", "name": "Omble de fontaine"}}, "geometry": {"type": "Point", "coordinates": [-70.9115545, 47.4620186]}}, {"type": "Feature", "properties": {"osm_type": "node", "osm_id": 7258931383, "tags": {"access": "customers", "fishing": "yes", "leisure": "fishing", "name": "Omble de fontaine"}}, "geometry": {"type": "Point", "coordinates": [-70.9155229, 47.4641099]}}, {"type": "Feature", "properties": {"osm_type": "node", "osm_id": 7258931384, "tags": {"access": "customers", "fishing": "yes", "leisure": "fishing", "name": "Omble de fontaine"}}, "geometry": {"type": "Point", "coordinates": [-70.9208962, 47.4662095]}}, {"type": "Feature", "properties": {"osm_type": "node", "osm_id": 7258953885, "tags": {"access": "customers", "fishing": "yes", "leisure": "fishing", "name": "Omble de fontaine"}}, "geometry": {"type": "Point", "coordinates": [-70.9255794, 47.4595856]}}, {"type": "Feature", "properties": {"osm_type": "node", "osm_id": 7258953886, "tags": {"access": "customers", "fishing": "yes", "leisure": "fishing", "name": "Omble de fontaine"}}, "geometry": {"type": "Point", "coordinates": [-70.9283647, 47.4581773]}}, {"type": "Feature", "properties": {"osm_type": "node", "osm_id": 7258953887, "tags": {"access": "customers", "fishing": "yes", "leisure": "fishing", "name": "Omble de fontaine"}}, "geometry": {"type": "Point", "coordinates": [-70.9286358, 47.4568108]}}, {"type": "Feature", "properties": {"osm_type": "node", "osm_id": 7258953937, "tags": {"leisure": "fishing", "name": "Omble de fontaine"}}, "geometry": {"type": "Point", "coordinates": [-70.9367944, 47.4468436]}}, {"type": "Feature", "properties": {"osm_type": "node", "osm_id": 7258953938, "tags": {"leisure": "fishing", "name": "Omble de fontaine"}}, "geometry": {"type": "Point", "coordinates": [-70.9374969, 47.4437097]}}, {"type": "Feature", "properties": {"osm_type": "node", "osm_id": 7258953939, "tags": {"access": "customers", "fishing": "yes", "leisure": "fishing", "name": "Omble de fontaine"}}, "geometry": {"type": "Point", "coordinates": [-70.9392963, 47.440684]}}, {"type": "Feature", "properties": {"osm_type": "node", "osm_id": 7258959525, "tags": {"access": "customers", "fishing": "yes", "leisure": "fishing", "name": "Omble de fontaine"}}, "geometry": {"type": "Point", "coordinates": [-70.9399524, 47.4387135]}}, {"type": "Feature", "properties": {"osm_type": "node", "osm_id": 7258978817, "tags": {"access": "customers", "fishing": "yes", "leisure": "fishing", "name": "Omble de fontaine"}}, "geometry": {"type": "Point", "coordinates": [-70.8125382, 47.5854877]}}, {"type": "Feature", "properties": {"osm_type": "node", "osm_id": 7258978818, "tags": {"access": "customers", "fishing": "yes", "leisure": "fishing", "name": "Omble de fontaine"}}, "geometry": {"type": "Point", "coordinates": [-70.8080398, 47.5827153]}}, {"type": "Feature", "properties": {"osm_type": "node", "osm_id": 7258978819, "tags": {"access": "customers", "fishing": "yes", "leisure": "fishing", "name": "Omble de fontaine"}}, "geometry": {"type": "Point", "coordinates": [-70.8071278, 47.5815473]}}, {"type": "Feature", "properties": {"osm_type": "node", "osm_id": 7258978820, "tags": {"access": "customers", "fishing": "yes", "leisure": "fishing", "name": "Omble de fontaine"}}, "geometry": {"type": "Point", "coordinates": [-70.8071648, 47.5804832]}}, {"type": "Feature", "properties": {"osm_type": "node", "osm_id": 7258978821, "tags": {"access": "customers", "fishing": "yes", "leisure": "fishing", "name": "Omble de fontaine"}}, "geometry": {"type": "Point", "coordinates": [-70.8053038, 47.5822539]}}, {"type": "Feature", "properties": {"osm_type": "node", "osm_id": 7258978822, "tags": {"access": "customers", "fishing": "yes", "leisure": "fishing", "name": "Omble de fontaine"}}, "geometry": {"type": "Point", "coordinates": [-70.8043301, 47.5811441]}}, {"type": "Feature", "properties": {"osm_type": "node", "osm_id": 7258978823, "tags": {"access": "customers", "fishing": "yes", "leisure": "fishing", "name": "Omble de fontaine"}}, "geometry": {"type": "Point", "coordinates": [-70.8037755, 47.580504]}}, {"type": "Feature", "properties": {"osm_type": "node", "osm_id": 7258978824, "tags": {"access": "customers", "fishing": "yes", "leisure": "fishing", "name": "Omble de fontaine"}}, "geometry": {"type": "Point", "coordinates": [-70.805199, 47.5796477]}}, {"type": "Feature", "properties": {"osm_type": "node", "osm_id": 7259005792, "tags": {"access": "customers", "fishing": "yes", "leisure": "fishing", "name": "Omble de fontaine"}}, "geometry": {"type": "Point", "coordinates": [-70.9027425, 47.4735507]}}, {"type": "Feature", "properties": {"osm_type": "node", "osm_id": 7259005793, "tags": {"leisure": "fishing", "name": "Omble de fontaine"}}, "geometry": {"type": "Point", "coordinates": [-70.9049978, 47.4711265]}}, {"type": "Feature", "properties": {"osm_type": "node", "osm_id": 7259005794, "tags": {"leisure": "fishing", "name": "Omble de fontaine"}}, "geometry": {"type": "Point", "coordinates": [-70.9023727, 47.4716263]}}, {"type": "Feature", "properties": {"osm_type": "node", "osm_id": 7259005795, "tags": {"access": "customers", "fishing": "yes", "leisure": "fishing", "name": "Omble de fontaine"}}, "geometry": {"type": "Point", "coordinates": [-70.8999325, 47.4711015]}}, {"type": "Feature", "properties": {"osm_type": "node", "osm_id": 7259023443, "tags": {"leisure": "fishing", "name": "Omble de fontaine"}}, "geometry": {"type": "Point", "coordinates": [-70.8439353, 47.5400326]}}, {"type": "Feature", "properties": {"osm_type": "node", "osm_id": 7259023444, "tags": {"access": "customers", "fishing": "yes", "leisure": "fishing", "name": "Omble de fontaine"}}, "geometry": {"type": "Point", "coordinates": [-70.8396653, 47.5388665]}}, {"type": "Feature", "properties": {"osm_type": "node", "osm_id": 7259023445, "tags": {"access": "customers", "fishing": "yes", "leisure": "fishing", "name": "Omble de fontaine"}}, "geometry": {"type": "Point", "coordinates": [-70.8373478, 47.5395835]}}, {"type": "Feature", "properties": {"osm_type": "node", "osm_id": 7259023446, "tags": {"access": "customers", "fishing": "yes", "leisure": "fishing", "name": "Omble de fontaine"}}, "geometry": {"type": "Point", "coordinates": [-70.8354274, 47.5382436]}}, {"type": "Feature", "properties": {"osm_type": "node", "osm_id": 7259023447, "tags": {"access": "customers", "fishing": "yes", "leisure": "fishing", "name": "Omble de fontaine"}}, "geometry": {"type": "Point", "coordinates": [-70.8374122, 47.5372658]}}, {"type": "Feature", "properties": {"osm_type": "node", "osm_id": 7259023448, "tags": {"access": "customers", "fishing": "yes", "leisure": "fishing", "name": "Omble de fontaine"}}, "geometry": {"type": "Point", "coordinates": [-70.8433131, 47.5379901]}}, {"type": "Feature", "properties": {"osm_type": "node", "osm_id": 7259036908, "tags": {"leisure": "fishing", "name": "Omble de fontaine"}}, "geometry": {"type": "Point", "coordinates": [-70.9564568, 47.4836502]}}, {"type": "Feature", "properties": {"osm_type": "node", "osm_id": 7259036909, "tags": {"leisure": "fishing", "name": "Omble de fontaine"}}, "geometry": {"type": "Point", "coordinates": [-70.9580357, 47.4855854]}}, {"type": "Feature", "properties": {"osm_type": "node", "osm_id": 7259050676, "tags": {"access": "customers", "fishing": "yes", "leisure": "fishing", "name": "Omble de fontaine"}}, "geometry": {"type": "Point", "coordinates": [-71.6960083, 47.9392975]}}, {"type": "Feature", "properties": {"osm_type": "node", "osm_id": 7259050677, "tags": {"access": "customers", "fishing": "yes", "leisure": "fishing", "name": "Omble de fontaine"}}, "geometry": {"type": "Point", "coordinates": [-71.6992281, 47.9333817]}}, {"type": "Feature", "properties": {"osm_type": "node", "osm_id": 7259050678, "tags": {"access": "customers", "fishing": "yes", "leisure": "fishing", "name": "Omble de fontaine"}}, "geometry": {"type": "Point", "coordinates": [-71.6993745, 47.9246647]}}, {"type": "Feature", "properties": {"osm_type": "node", "osm_id": 7259050679, "tags": {"access": "customers", "fishing": "yes", "leisure": "fishing", "name": "Omble de fontaine"}}, "geometry": {"type": "Point", "coordinates": [-71.7044807, 47.9268332]}}, {"type": "Feature", "properties": {"osm_type": "node", "osm_id": 7259050680, "tags": {"access": "customers", "fishing": "yes", "leisure": "fishing", "name": "Omble de fontaine"}}, "geometry": {"type": "Point", "coordinates": [-71.7085787, 47.923357]}}, {"type": "Feature", "properties": {"osm_type": "node", "osm_id": 7259050681, "tags": {"access": "customers", "fishing": "yes", "leisure": "fishing", "name": "Omble de fontaine"}}, "geometry": {"type": "Point", "coordinates": [-71.7120425, 47.917156]}}, {"type": "Feature", "properties": {"osm_type": "node", "osm_id": 7259051000, "tags": {"access": "customers", "fishing": "yes", "leisure": "fishing", "name": "Omble de fontaine"}}, "geometry": {"type": "Point", "coordinates": [-70.8118688, 47.5423634]}}, {"type": "Feature", "properties": {"osm_type": "node", "osm_id": 7259051001, "tags": {"access": "customers", "fishing": "yes", "leisure": "fishing", "name": "Omble de fontaine"}}, "geometry": {"type": "Point", "coordinates": [-70.8096228, 47.5434337]}}, {"type": "Feature", "properties": {"osm_type": "node", "osm_id": 7259191221, "tags": {"leisure": "fishing", "name": "Omble de fontaine"}}, "geometry": {"type": "Point", "coordinates": [-71.5800145, 47.8614072]}}, {"type": "Feature", "properties": {"osm_type": "node", "osm_id": 7259191222, "tags": {"access": "customers", "fishing": "yes", "leisure": "fishing", "name": "Omble de fontaine"}}, "geometry": {"type": "Point", "coordinates": [-71.5789416, 47.8559074]}}, {"type": "Feature", "properties": {"osm_type": "node", "osm_id": 7259191223, "tags": {"access": "customers", "fishing": "yes", "leisure": "fishing", "name": "Omble d efontaine"}}, "geometry": {"type": "Point", "coordinates": [-71.5720752, 47.8537909]}}, {"type": "Feature", "properties": {"osm_type": "node", "osm_id": 7259191224, "tags": {"leisure": "fishing", "name": "Omble de fontaine"}}, "geometry": {"type": "Point", "coordinates": [-71.5850156, 47.8426913]}}, {"type": "Feature", "properties": {"osm_type": "node", "osm_id": 7259191225, "tags": {"leisure": "fishing", "name": "Omble de fontaine"}}, "geometry": {"type": "Point", "coordinates": [-71.5872759, 47.8401901]}}, {"type": "Feature", "properties": {"osm_type": "node", "osm_id": 7259196012, "tags": {"leisure": "fishing", "name": "Omble de fontaine"}}, "geometry": {"type": "Point", "coordinates": [-71.7375834, 47.9118221]}}, {"type": "Feature", "properties": {"osm_type": "node", "osm_id": 7259196013, "tags": {"access": "customers", "fishing": "yes", "leisure": "fishing", "name": "Omble de fontaine"}}, "geometry": {"type": "Point", "coordinates": [-71.7533118, 47.9243477]}}, {"type": "Feature", "properties": {"osm_type": "node", "osm_id": 7259196014, "tags": {"access": "customers", "fishing": "yes", "leisure": "fishing", "name": "Omble de fontaine"}}, "geometry": {"type": "Point", "coordinates": [-71.7469818, 47.9263895]}}, {"type": "Feature", "properties": {"osm_type": "node", "osm_id": 7259196015, "tags": {"leisure": "fishing", "name": "Omble de fontaine"}}, "geometry": {"type": "Point", "coordinates": [-71.7414672, 47.8980993]}}, {"type": "Feature", "properties": {"osm_type": "node", "osm_id": 7259196016, "tags": {"leisure": "fishing", "name": "Omble de fontaine"}}, "geometry": {"type": "Point", "coordinates": [-71.7279489, 47.8921431]}}, {"type": "Feature", "properties": {"osm_type": "node", "osm_id": 7259196017, "tags": {"leisure": "fishing", "name": "Omble de fontaine"}}, "geometry": {"type": "Point", "coordinates": [-71.7385275, 47.8864163]}}, {"type": "Feature", "properties": {"osm_type": "node", "osm_id": 7259196018, "tags": {"leisure": "fishing", "name": "Omble de fontaine"}}, "geometry": {"type": "Point", "coordinates": [-71.728142, 47.8852076]}}, {"type": "Feature", "properties": {"osm_type": "node", "osm_id": 7259196019, "tags": {"leisure": "fishing", "name": "Omble de fontaine"}}, "geometry": {"type": "Point", "coordinates": [-71.7307598, 47.8801421]}}, {"type": "Feature", "properties": {"osm_type": "node", "osm_id": 7259196020, "tags": {"access": "customers", "fishing": "yes", "leisure": "fishing", "name": "Omble de fontaine"}}, "geometry": {"type": "Point", "coordinates": [-71.7237217, 47.87368]}}, {"type": "Feature", "properties": {"osm_type": "node", "osm_id": 7259196021, "tags": {"access": "customers", "fishing": "yes", "leisure": "fishing", "name": "Omble de fontaine"}}, "geometry": {"type": "Point", "coordinates": [-71.6755818, 47.9412223]}}, {"type": "Feature", "properties": {"osm_type": "node", "osm_id": 7259196022, "tags": {"access": "customers", "fishing": "yes", "leisure": "fishing", "name": "Omble de fontaine"}}, "geometry": {"type": "Point", "coordinates": [-71.6777478, 47.9379504]}}, {"type": "Feature", "properties": {"osm_type": "node", "osm_id": 7259196023, "tags": {"access": "customers", "fishing": "yes", "leisure": "fishing", "name": "Omble de fontaine"}}, "geometry": {"type": "Point", "coordinates": [-71.6692933, 47.92884]}}, {"type": "Feature", "properties": {"osm_type": "node", "osm_id": 7259196024, "tags": {"access": "customers", "fishing": "yes", "leisure": "fishing", "name": "Omble d efontaine"}}, "geometry": {"type": "Point", "coordinates": [-71.671292, 47.9228067]}}, {"type": "Feature", "properties": {"osm_type": "node", "osm_id": 7259209684, "tags": {"access": "customers", "fishing": "yes", "leisure": "fishing", "name": "Omble de fontaine"}}, "geometry": {"type": "Point", "coordinates": [-71.5424792, 47.7274101]}}, {"type": "Feature", "properties": {"osm_type": "node", "osm_id": 7259236368, "tags": {"access": "customers", "fishing": "yes", "leisure": "fishing", "name": "Omble de fontaine"}}, "geometry": {"type": "Point", "coordinates": [-71.5954051, 47.8579572]}}, {"type": "Feature", "properties": {"osm_type": "node", "osm_id": 7259236369, "tags": {"access": "customers", "fishing": "yes", "leisure": "fishing", "name": "Omble de fonatine"}}, "geometry": {"type": "Point", "coordinates": [-71.5930126, 47.8613672]}}, {"type": "Feature", "properties": {"osm_type": "node", "osm_id": 7259236370, "tags": {"access": "customers", "fishing": "yes", "leisure": "fishing", "name": "Omble de fonatine"}}, "geometry": {"type": "Point", "coordinates": [-71.585736, 47.8575868]}}, {"type": "Feature", "properties": {"osm_type": "node", "osm_id": 7259236371, "tags": {"access": "customers", "fishing": "yes", "leisure": "fishing", "name": "Omble de fontaine"}}, "geometry": {"type": "Point", "coordinates": [-71.709763, 47.8129424]}}, {"type": "Feature", "properties": {"osm_type": "node", "osm_id": 7259236372, "tags": {"access": "customers", "fishing": "yes", "leisure": "fishing", "name": "Omble de fontaine"}}, "geometry": {"type": "Point", "coordinates": [-71.7091098, 47.8168073]}}, {"type": "Feature", "properties": {"osm_type": "node", "osm_id": 7259236373, "tags": {"access": "customers", "fishing": "yes", "leisure": "fishing", "name": "Omble de fontaine"}}, "geometry": {"type": "Point", "coordinates": [-71.7103299, 47.8203161]}}, {"type": "Feature", "properties": {"osm_type": "node", "osm_id": 7259236374, "tags": {"access": "customers", "fishing": "yes", "leisure": "fishing", "name": "Omble de fontaine"}}, "geometry": {"type": "Point", "coordinates": [-71.7157032, 47.8231627]}}, {"type": "Feature", "properties": {"osm_type": "node", "osm_id": 7259318175, "tags": {"leisure": "fishing", "name": "Omble de fontaine"}}, "geometry": {"type": "Point", "coordinates": [-71.5998733, 47.7896737]}}, {"type": "Feature", "properties": {"osm_type": "node", "osm_id": 7259318176, "tags": {"access": "customers", "fishing": "yes", "leisure": "fishing", "name": "Omble de fontaine"}}, "geometry": {"type": "Point", "coordinates": [-71.5999058, 47.7882424]}}, {"type": "Feature", "properties": {"osm_type": "node", "osm_id": 7259368316, "tags": {"access": "customers", "fishing": "yes", "leisure": "fishing", "name": "Omble de fontaine"}}, "geometry": {"type": "Point", "coordinates": [-71.7264871, 48.1605387]}}, {"type": "Feature", "properties": {"osm_type": "node", "osm_id": 7259368317, "tags": {"access": "customers", "fishing": "yes", "leisure": "fishing", "name": "Omble de fontaine"}}, "geometry": {"type": "Point", "coordinates": [-71.7176111, 48.1579436]}}, {"type": "Feature", "properties": {"osm_type": "node", "osm_id": 7261514727, "tags": {"access": "customers", "fishing": "yes", "leisure": "fishing", "name": "Omble de fontaine"}}, "geometry": {"type": "Point", "coordinates": [-71.7030323, 48.096662]}}, {"type": "Feature", "properties": {"osm_type": "node", "osm_id": 7261514728, "tags": {"access": "customers", "fishing": "yes", "leisure": "fishing", "name": "Omble de fontaine"}}, "geometry": {"type": "Point", "coordinates": [-71.7013371, 48.0968268]}}, {"type": "Feature", "properties": {"osm_type": "node", "osm_id": 7261626727, "tags": {"leisure": "fishing", "name": "Omble de fontaine"}}, "geometry": {"type": "Point", "coordinates": [-71.6300701, 48.1398479]}}, {"type": "Feature", "properties": {"osm_type": "node", "osm_id": 7261626728, "tags": {"access": "customers", "fishing": "yes", "leisure": "fishing", "name": "Omble de fontaine"}}, "geometry": {"type": "Point", "coordinates": [-71.6284636, 48.138539]}}, {"type": "Feature", "properties": {"osm_type": "node", "osm_id": 7261626729, "tags": {"access": "customers", "fishing": "yes", "leisure": "fishing", "name": "Omble de fontaine"}}, "geometry": {"type": "Point", "coordinates": [-71.6271, 48.1376414]}}, {"type": "Feature", "properties": {"osm_type": "node", "osm_id": 7261626732, "tags": {"access": "customers", "fishing": "yes", "leisure": "fishing", "name": "Omble de fontaine"}}, "geometry": {"type": "Point", "coordinates": [-71.6495196, 48.1984491]}}, {"type": "Feature", "properties": {"osm_type": "node", "osm_id": 7261626733, "tags": {"access": "customers", "fishing": "yes", "leisure": "fishing", "name": "Omble de fontaine"}}, "geometry": {"type": "Point", "coordinates": [-71.6507335, 48.1982724]}}, {"type": "Feature", "properties": {"osm_type": "node", "osm_id": 7261802041, "tags": {"access": "customers", "fishing": "yes", "leisure": "fishing", "name": "Omble de fontaine"}}, "geometry": {"type": "Point", "coordinates": [-71.7287522, 48.2362373]}}, {"type": "Feature", "properties": {"osm_type": "node", "osm_id": 7261802042, "tags": {"access": "customers", "fishing": "yes", "leisure": "fishing", "name": "Omble de fontaine"}}, "geometry": {"type": "Point", "coordinates": [-71.7259974, 48.2360544]}}, {"type": "Feature", "properties": {"osm_type": "node", "osm_id": 7261802043, "tags": {"access": "customers", "fishing": "yes", "leisure": "fishing", "name": "Omble de fontaine"}}, "geometry": {"type": "Point", "coordinates": [-71.7071233, 48.2219452]}}, {"type": "Feature", "properties": {"osm_type": "node", "osm_id": 7261802044, "tags": {"access": "customers", "fishing": "yes", "leisure": "fishing", "name": "Omble de fontaine"}}, "geometry": {"type": "Point", "coordinates": [-71.6933154, 48.2198932]}}, {"type": "Feature", "properties": {"osm_type": "node", "osm_id": 7261802045, "tags": {"access": "customers", "fishing": "yes", "leisure": "fishing", "name": "Omble de fontaine"}}, "geometry": {"type": "Point", "coordinates": [-71.6911034, 48.2173852]}}, {"type": "Feature", "properties": {"osm_type": "node", "osm_id": 7261802046, "tags": {"access": "customers", "fishing": "yes", "leisure": "fishing", "name": "Omble de fontaine"}}, "geometry": {"type": "Point", "coordinates": [-71.6876755, 48.2157648]}}, {"type": "Feature", "properties": {"osm_type": "node", "osm_id": 7261802047, "tags": {"access": "customers", "fishing": "yes", "leisure": "fishing", "name": "Omble de fontaine"}}, "geometry": {"type": "Point", "coordinates": [-71.6847391, 48.2174283]}}, {"type": "Feature", "properties": {"osm_type": "node", "osm_id": 7261802048, "tags": {"access": "customers", "fishing": "yes", "leisure": "fishing", "name": "Omble de fontaine"}}, "geometry": {"type": "Point", "coordinates": [-71.7577085, 48.2495121]}}, {"type": "Feature", "properties": {"osm_type": "node", "osm_id": 7261802049, "tags": {"access": "customers", "fishing": "yes", "leisure": "fishing", "name": "Omble de fontaine"}}, "geometry": {"type": "Point", "coordinates": [-71.7606691, 48.2520318]}}, {"type": "Feature", "properties": {"osm_type": "node", "osm_id": 7261802050, "tags": {"access": "customers", "fishing": "yes", "leisure": "fishing", "name": "Omble de fontaine"}}, "geometry": {"type": "Point", "coordinates": [-71.7620808, 48.2541728]}}, {"type": "Feature", "properties": {"osm_type": "node", "osm_id": 7261802051, "tags": {"access": "customers", "fishing": "yes", "leisure": "fishing", "name": "Omble de fontaine"}}, "geometry": {"type": "Point", "coordinates": [-71.7650414, 48.2557133]}}, {"type": "Feature", "properties": {"osm_type": "node", "osm_id": 7261831358, "tags": {"access": "customers", "fishing": "yes", "leisure": "fishing", "name": "Omble de fontaine"}}, "geometry": {"type": "Point", "coordinates": [-71.6669971, 48.2039195]}}, {"type": "Feature", "properties": {"osm_type": "node", "osm_id": 7261831359, "tags": {"access": "customers", "fishing": "yes", "leisure": "fishing", "name": "Omble de fontaine"}}, "geometry": {"type": "Point", "coordinates": [-71.6665662, 48.202348]}}, {"type": "Feature", "properties": {"osm_type": "node", "osm_id": 7261831360, "tags": {"access": "customers", "fishing": "yes", "leisure": "fishing", "name": "Omble de fontaine"}}, "geometry": {"type": "Point", "coordinates": [-71.6673549, 48.2013833]}}, {"type": "Feature", "properties": {"osm_type": "node", "osm_id": 7261847306, "tags": {"leisure": "fishing", "name": "Omble de fontaine"}}, "geometry": {"type": "Point", "coordinates": [-71.7933148, 48.2379681]}}, {"type": "Feature", "properties": {"osm_type": "node", "osm_id": 7261847307, "tags": {"leisure": "fishing", "name": "Omble de fontaine"}}, "geometry": {"type": "Point", "coordinates": [-71.793212, 48.2370287]}}, {"type": "Feature", "properties": {"osm_type": "node", "osm_id": 7261912603, "tags": {"access": "customers", "fishing": "yes", "leisure": "fishing", "name": "Omble de fontaine"}}, "geometry": {"type": "Point", "coordinates": [-71.572963, 48.2046487]}}, {"type": "Feature", "properties": {"osm_type": "node", "osm_id": 7261912604, "tags": {"access": "customers", "fishing": "yes", "leisure": "fishing", "name": "Omble d efontaine"}}, "geometry": {"type": "Point", "coordinates": [-71.5731293, 48.1999184]}}, {"type": "Feature", "properties": {"osm_type": "node", "osm_id": 7261912605, "tags": {"access": "customers", "fishing": "yes", "leisure": "fishing", "name": "Omble de fontaine"}}, "geometry": {"type": "Point", "coordinates": [-71.5742719, 48.1983201]}}, {"type": "Feature", "properties": {"osm_type": "node", "osm_id": 7261912606, "tags": {"access": "customers", "fishing": "yes", "leisure": "fishing", "name": "Omble de fontaine"}}, "geometry": {"type": "Point", "coordinates": [-71.5756023, 48.1973547]}}, {"type": "Feature", "properties": {"osm_type": "node", "osm_id": 7261912616, "tags": {"leisure": "fishing", "name": "Chaloupe Sepaq"}}, "geometry": {"type": "Point", "coordinates": [-71.5813775, 48.1962324]}}, {"type": "Feature", "properties": {"osm_type": "node", "osm_id": 7261947607, "tags": {"access": "customers", "fishing": "yes", "leisure": "fishing", "name": "Omble de fontaine"}}, "geometry": {"type": "Point", "coordinates": [-71.612484, 48.1871164]}}, {"type": "Feature", "properties": {"osm_type": "node", "osm_id": 7261947619, "tags": {"access": "customers", "fishing": "yes", "leisure": "fishing", "name": "Omble de fontaine"}}, "geometry": {"type": "Point", "coordinates": [-71.5577132, 48.0022541]}}, {"type": "Feature", "properties": {"osm_type": "node", "osm_id": 7261962178, "tags": {"access": "customers", "fishing": "yes", "leisure": "fishing", "name": "Omble de fontaine"}}, "geometry": {"type": "Point", "coordinates": [-71.5843274, 48.0744164]}}, {"type": "Feature", "properties": {"osm_type": "node", "osm_id": 7261962179, "tags": {"leisure": "fishing", "name": "Omble d fontaine"}}, "geometry": {"type": "Point", "coordinates": [-71.5790225, 48.067745]}}, {"type": "Feature", "properties": {"osm_type": "node", "osm_id": 7261962180, "tags": {"access": "customers", "fishing": "yes", "leisure": "fishing", "name": "Omble d fontaine"}}, "geometry": {"type": "Point", "coordinates": [-71.5751697, 48.0701805]}}, {"type": "Feature", "properties": {"osm_type": "node", "osm_id": 7261962181, "tags": {"access": "customers", "fishing": "yes", "leisure": "fishing", "name": "Omble de fontaine"}}, "geometry": {"type": "Point", "coordinates": [-71.5723586, 48.0692843]}}, {"type": "Feature", "properties": {"osm_type": "node", "osm_id": 7261962182, "tags": {"access": "customers", "fishing": "yes", "leisure": "fishing", "name": "Omble de fontaine"}}, "geometry": {"type": "Point", "coordinates": [-71.5751819, 48.0611976]}}, {"type": "Feature", "properties": {"osm_type": "node", "osm_id": 7262008768, "tags": {"access": "customers", "fishing": "yes", "leisure": "fishing", "name": "Omble de fontaine"}}, "geometry": {"type": "Point", "coordinates": [-71.6829476, 48.2077575]}}, {"type": "Feature", "properties": {"osm_type": "node", "osm_id": 7262008769, "tags": {"access": "customers", "fishing": "yes", "leisure": "fishing", "name": "Omble de fontaine"}}, "geometry": {"type": "Point", "coordinates": [-71.6815046, 48.2072499]}}, {"type": "Feature", "properties": {"osm_type": "node", "osm_id": 7262008770, "tags": {"access": "customers", "fishing": "yes", "leisure": "fishing", "name": "Omble de fontaine"}}, "geometry": {"type": "Point", "coordinates": [-71.6804209, 48.2064097]}}, {"type": "Feature", "properties": {"osm_type": "node", "osm_id": 7262008782, "tags": {"access": "customers", "fishing": "yes", "leisure": "fishing", "name": "Omble de fontaine"}}, "geometry": {"type": "Point", "coordinates": [-71.5482758, 47.9870187]}}, {"type": "Feature", "properties": {"osm_type": "node", "osm_id": 7262033063, "tags": {"leisure": "fishing", "name": "Omble de fontaine"}}, "geometry": {"type": "Point", "coordinates": [-71.5757205, 48.0201965]}}, {"type": "Feature", "properties": {"osm_type": "node", "osm_id": 7262033064, "tags": {"leisure": "fishing", "name": "Omble de fontaine"}}, "geometry": {"type": "Point", "coordinates": [-71.5708711, 48.0227798]}}, {"type": "Feature", "properties": {"osm_type": "node", "osm_id": 7262070986, "tags": {"access": "customers", "fishing": "yes", "leisure": "fishing", "name": "Omble de fontaine"}}, "geometry": {"type": "Point", "coordinates": [-71.5781099, 48.0249567]}}, {"type": "Feature", "properties": {"osm_type": "node", "osm_id": 7262072259, "tags": {"leisure": "fishing", "name": "Omble de fontaine"}}, "geometry": {"type": "Point", "coordinates": [-71.4557238, 48.0307521]}}, {"type": "Feature", "properties": {"osm_type": "node", "osm_id": 7262072260, "tags": {"leisure": "fishing", "name": "Omble de fontaine"}}, "geometry": {"type": "Point", "coordinates": [-71.4529755, 48.0331998]}}, {"type": "Feature", "properties": {"osm_type": "node", "osm_id": 7262072261, "tags": {"leisure": "fishing", "name": "Omble de fontaine"}}, "geometry": {"type": "Point", "coordinates": [-71.4514843, 48.0370318]}}, {"type": "Feature", "properties": {"osm_type": "node", "osm_id": 7262072262, "tags": {"leisure": "fishing", "name": "Omble de fontaine"}}, "geometry": {"type": "Point", "coordinates": [-71.4370896, 48.0301752]}}, {"type": "Feature", "properties": {"osm_type": "node", "osm_id": 7262072263, "tags": {"leisure": "fishing", "name": "Omble de fontaine"}}, "geometry": {"type": "Point", "coordinates": [-71.4439542, 48.0282961]}}, {"type": "Feature", "properties": {"osm_type": "node", "osm_id": 7264194030, "tags": {"access": "customers", "fishing": "yes", "leisure": "fishing", "name": "Omble de fontaine"}}, "geometry": {"type": "Point", "coordinates": [-71.2810321, 47.8669452]}}, {"type": "Feature", "properties": {"osm_type": "node", "osm_id": 7264194031, "tags": {"access": "customers", "fishing": "yes", "leisure": "fishing", "name": "Omble de fontaine"}}, "geometry": {"type": "Point", "coordinates": [-71.2763803, 47.8684905]}}, {"type": "Feature", "properties": {"osm_type": "node", "osm_id": 7264194032, "tags": {"access": "customers", "fishing": "yes", "leisure": "fishing", "name": "Omble de fontaine"}}, "geometry": {"type": "Point", "coordinates": [-71.2758972, 47.8667492]}}, {"type": "Feature", "properties": {"osm_type": "node", "osm_id": 7264220424, "tags": {"leisure": "fishing", "name": "Omble de fontaine"}}, "geometry": {"type": "Point", "coordinates": [-71.9579667, 47.6609031]}}, {"type": "Feature", "properties": {"osm_type": "node", "osm_id": 7264220425, "tags": {"access": "customers", "fishing": "yes", "leisure": "fishing", "name": "Omble de fontaine"}}, "geometry": {"type": "Point", "coordinates": [-71.9578543, 47.6600442]}}, {"type": "Feature", "properties": {"osm_type": "node", "osm_id": 7264298773, "tags": {"access": "customers", "fishing": "yes", "leisure": "fishing", "name": "Omble de fonatine"}}, "geometry": {"type": "Point", "coordinates": [-71.9755121, 47.6654216]}}, {"type": "Feature", "properties": {"osm_type": "node", "osm_id": 7264298774, "tags": {"access": "customers", "fishing": "yes", "leisure": "fishing", "name": "Omble de fontaine"}}, "geometry": {"type": "Point", "coordinates": [-71.9754378, 47.6679478]}}, {"type": "Feature", "properties": {"osm_type": "node", "osm_id": 7264298775, "tags": {"access": "customers", "fishing": "yes", "leisure": "fishing", "name": "Omble de fontaine"}}, "geometry": {"type": "Point", "coordinates": [-71.9783001, 47.6695454]}}, {"type": "Feature", "properties": {"osm_type": "node", "osm_id": 7264463922, "tags": {"access": "customers", "fishing": "yes", "leisure": "fishing", "name": "Omble de fontaine"}}, "geometry": {"type": "Point", "coordinates": [-71.9872082, 47.6616165]}}, {"type": "Feature", "properties": {"osm_type": "node", "osm_id": 7264463935, "tags": {"access": "customers", "fishing": "yes", "leisure": "fishing", "name": "Omble de fontaine"}}, "geometry": {"type": "Point", "coordinates": [-71.9791407, 47.6527327]}}, {"type": "Feature", "properties": {"osm_type": "node", "osm_id": 7264463936, "tags": {"leisure": "fishing", "name": "Omble de fontaine"}}, "geometry": {"type": "Point", "coordinates": [-71.9767165, 47.6463115]}}, {"type": "Feature", "properties": {"osm_type": "node", "osm_id": 7264463937, "tags": {"leisure": "fishing", "name": "Omble de fontaine"}}, "geometry": {"type": "Point", "coordinates": [-71.9710798, 47.6291368]}}, {"type": "Feature", "properties": {"osm_type": "node", "osm_id": 7264463938, "tags": {"access": "customers", "fishing": "yes", "leisure": "fishing", "name": "Omble de fonatine"}}, "geometry": {"type": "Point", "coordinates": [-71.9563114, 47.6271462]}}, {"type": "Feature", "properties": {"osm_type": "node", "osm_id": 7264463939, "tags": {"leisure": "fishing", "name": "Omble de fontaine"}}, "geometry": {"type": "Point", "coordinates": [-71.9591827, 47.6234582]}}, {"type": "Feature", "properties": {"osm_type": "node", "osm_id": 7264463940, "tags": {"leisure": "fishing", "name": "Omble de fontaine"}}, "geometry": {"type": "Point", "coordinates": [-71.9528753, 47.6253379]}}, {"type": "Feature", "properties": {"osm_type": "node", "osm_id": 7264463953, "tags": {"access": "customers", "fishing": "yes", "leisure": "fishing", "name": "omble de fontaine"}}, "geometry": {"type": "Point", "coordinates": [-71.963611, 47.6767337]}}, {"type": "Feature", "properties": {"osm_type": "node", "osm_id": 7264496045, "tags": {"access": "customers", "fishing": "yes", "leisure": "fishing", "name": "Omble de fontaine"}}, "geometry": {"type": "Point", "coordinates": [-71.9028562, 47.5881045]}}, {"type": "Feature", "properties": {"osm_type": "node", "osm_id": 7264496046, "tags": {"access": "customers", "fishing": "yes", "leisure": "fishing", "name": "Omble de fontaine"}}, "geometry": {"type": "Point", "coordinates": [-71.907322, 47.5905071]}}, {"type": "Feature", "properties": {"osm_type": "node", "osm_id": 7264501810, "tags": {"access": "customers", "fishing": "yes", "leisure": "fishing", "name": "Omble d efontaine"}}, "geometry": {"type": "Point", "coordinates": [-71.9568983, 47.610943]}}, {"type": "Feature", "properties": {"osm_type": "node", "osm_id": 7264501811, "tags": {"access": "customers", "fishing": "yes", "leisure": "fishing", "name": "Omble de fontaine"}}, "geometry": {"type": "Point", "coordinates": [-71.9493049, 47.6104078]}}, {"type": "Feature", "properties": {"osm_type": "node", "osm_id": 7264501812, "tags": {"access": "customers", "fishing": "yes", "leisure": "fishing", "name": "Omble de fontaine"}}, "geometry": {"type": "Point", "coordinates": [-71.9483989, 47.6088021]}}, {"type": "Feature", "properties": {"osm_type": "node", "osm_id": 7264593950, "tags": {"access": "customers", "fishing": "yes", "leisure": "fishing", "name": "Omble de fontaine"}}, "geometry": {"type": "Point", "coordinates": [-71.945592, 47.6432826]}}, {"type": "Feature", "properties": {"osm_type": "node", "osm_id": 7264593951, "tags": {"access": "customers", "fishing": "yes", "leisure": "fishing", "name": "Omble de fontaine"}}, "geometry": {"type": "Point", "coordinates": [-71.9500277, 47.6411156]}}, {"type": "Feature", "properties": {"osm_type": "node", "osm_id": 7264593952, "tags": {"access": "customers", "fishing": "yes", "leisure": "fishing", "name": "Omble de fontaine"}}, "geometry": {"type": "Point", "coordinates": [-71.9358006, 47.6448272]}}, {"type": "Feature", "properties": {"osm_type": "node", "osm_id": 7264593953, "tags": {"access": "customers", "fishing": "yes", "leisure": "fishing", "name": "Omble d fontaine"}}, "geometry": {"type": "Point", "coordinates": [-71.9293617, 47.6415585]}}, {"type": "Feature", "properties": {"osm_type": "node", "osm_id": 7264641821, "tags": {"access": "customers", "fishing": "yes", "leisure": "fishing", "name": "Omble de fontaine"}}, "geometry": {"type": "Point", "coordinates": [-71.9893137, 47.6258252]}}, {"type": "Feature", "properties": {"osm_type": "node", "osm_id": 7264641822, "tags": {"access": "customers", "fishing": "yes", "leisure": "fishing", "name": "Omble de fontaine"}}, "geometry": {"type": "Point", "coordinates": [-71.9900162, 47.626666]}}, {"type": "Feature", "properties": {"osm_type": "node", "osm_id": 7264641823, "tags": {"access": "customers", "fishing": "yes", "leisure": "fishing", "name": "Omble de fontaine"}}, "geometry": {"type": "Point", "coordinates": [-71.9882961, 47.6265741]}}, {"type": "Feature", "properties": {"osm_type": "node", "osm_id": 7264641824, "tags": {"access": "customers", "fishing": "yes", "leisure": "fishing", "name": "Omble de fontaine"}}, "geometry": {"type": "Point", "coordinates": [-71.9888027, 47.6273977]}}, {"type": "Feature", "properties": {"osm_type": "node", "osm_id": 7264641825, "tags": {"access": "customers", "fishing": "yes", "leisure": "fishing", "name": "Omble de fontaine"}}, "geometry": {"type": "Point", "coordinates": [-71.9934745, 47.6226146]}}, {"type": "Feature", "properties": {"osm_type": "node", "osm_id": 7264641826, "tags": {"access": "customers", "fishing": "yes", "leisure": "fishing", "name": "Omble de fontaine"}}, "geometry": {"type": "Point", "coordinates": [-71.9930016, 47.6316357]}}, {"type": "Feature", "properties": {"osm_type": "node", "osm_id": 7264660817, "tags": {"access": "customers", "fishing": "yes", "leisure": "fishing", "name": "Omble de fontaine"}}, "geometry": {"type": "Point", "coordinates": [-71.9059274, 47.6439144]}}, {"type": "Feature", "properties": {"osm_type": "node", "osm_id": 7264660818, "tags": {"access": "customers", "fishing": "yes", "leisure": "fishing", "name": "Omble de fontaine"}}, "geometry": {"type": "Point", "coordinates": [-71.9023865, 47.6464714]}}, {"type": "Feature", "properties": {"osm_type": "node", "osm_id": 7264660819, "tags": {"access": "customers", "fishing": "yes", "leisure": "fishing", "name": "Omble de fontaine"}}, "geometry": {"type": "Point", "coordinates": [-71.8998628, 47.6483231]}}, {"type": "Feature", "properties": {"osm_type": "node", "osm_id": 7264687159, "tags": {"access": "customers", "fishing": "yes", "leisure": "fishing", "name": "Omble de fontaine"}}, "geometry": {"type": "Point", "coordinates": [-71.9458767, 47.6628997]}}, {"type": "Feature", "properties": {"osm_type": "node", "osm_id": 7264687160, "tags": {"access": "customers", "fishing": "yes", "leisure": "fishing", "name": "Omble de fontaine"}}, "geometry": {"type": "Point", "coordinates": [-71.9441842, 47.6626173]}}, {"type": "Feature", "properties": {"osm_type": "node", "osm_id": 7264687161, "tags": {"access": "customers", "fishing": "yes", "leisure": "fishing", "name": "Omble de fontaine"}}, "geometry": {"type": "Point", "coordinates": [-71.9428488, 47.6622931]}}, {"type": "Feature", "properties": {"osm_type": "node", "osm_id": 7275035834, "tags": {"access": "customers", "fishing": "yes", "leisure": "fishing", "name": "Omble de fontaine"}}, "geometry": {"type": "Point", "coordinates": [-71.8124057, 47.3929388]}}, {"type": "Feature", "properties": {"osm_type": "node", "osm_id": 7275035836, "tags": {"leisure": "fishing", "name": "Omble de fontaine"}}, "geometry": {"type": "Point", "coordinates": [-71.8152302, 47.3937947]}}, {"type": "Feature", "properties": {"osm_type": "node", "osm_id": 7275035838, "tags": {"access": "customers", "fishing": "yes", "leisure": "fishing", "name": "Omble de fontaine"}}, "geometry": {"type": "Point", "coordinates": [-71.8114181, 47.3988046]}}, {"type": "Feature", "properties": {"osm_type": "node", "osm_id": 7275035839, "tags": {"leisure": "fishing", "name": "Ombledefonatine"}}, "geometry": {"type": "Point", "coordinates": [-71.8062065, 47.403291]}}, {"type": "Feature", "properties": {"osm_type": "node", "osm_id": 7275035840, "tags": {"leisure": "fishing", "name": "Omble de fontaine"}}, "geometry": {"type": "Point", "coordinates": [-71.8063782, 47.4043777]}}, {"type": "Feature", "properties": {"osm_type": "node", "osm_id": 7275035841, "tags": {"access": "customers", "fishing": "yes", "leisure": "fishing", "name": "Omble de fontaine"}}, "geometry": {"type": "Point", "coordinates": [-71.8083358, 47.408515]}}, {"type": "Feature", "properties": {"osm_type": "node", "osm_id": 7275035842, "tags": {"access": "customers", "fishing": "yes", "leisure": "fishing", "name": "Omble de fonatine"}}, "geometry": {"type": "Point", "coordinates": [-71.8032272, 47.4129832]}}, {"type": "Feature", "properties": {"osm_type": "node", "osm_id": 7275035843, "tags": {"access": "customers", "fishing": "yes", "leisure": "fishing", "name": "Omble de fontaine"}}, "geometry": {"type": "Point", "coordinates": [-71.7899782, 47.402126]}}, {"type": "Feature", "properties": {"osm_type": "node", "osm_id": 7275035844, "tags": {"access": "customers", "fishing": "yes", "leisure": "fishing", "name": "Omble de fontaine"}}, "geometry": {"type": "Point", "coordinates": [-71.7709368, 47.4008639]}}, {"type": "Feature", "properties": {"osm_type": "node", "osm_id": 7275035845, "tags": {"leisure": "fishing", "name": "Omble de fonatine"}}, "geometry": {"type": "Point", "coordinates": [-71.7644955, 47.3951014]}}, {"type": "Feature", "properties": {"osm_type": "node", "osm_id": 7275035846, "tags": {"leisure": "fishing", "name": "Omble de fontaine"}}, "geometry": {"type": "Point", "coordinates": [-71.7599753, 47.3954329]}}, {"type": "Feature", "properties": {"osm_type": "node", "osm_id": 7275035847, "tags": {"leisure": "fishing", "name": "Omble de fontaine"}}, "geometry": {"type": "Point", "coordinates": [-71.7583932, 47.3932272]}}, {"type": "Feature", "properties": {"osm_type": "node", "osm_id": 7275035848, "tags": {"leisure": "fishing", "name": "Omble de fontaine"}}, "geometry": {"type": "Point", "coordinates": [-71.7566039, 47.3910851]}}, {"type": "Feature", "properties": {"osm_type": "node", "osm_id": 7275035849, "tags": {"leisure": "fishing", "name": "Omble d efonatine"}}, "geometry": {"type": "Point", "coordinates": [-71.7633843, 47.389708]}}, {"type": "Feature", "properties": {"osm_type": "node", "osm_id": 7275035850, "tags": {"leisure": "fishing", "name": "Omble de fontaine"}}, "geometry": {"type": "Point", "coordinates": [-71.750803, 47.3866222]}}, {"type": "Feature", "properties": {"osm_type": "node", "osm_id": 7275089097, "tags": {"access": "customers", "fishing": "yes", "leisure": "fishing", "name": "Omble de fonatine"}}, "geometry": {"type": "Point", "coordinates": [-71.784203, 47.4184056]}}, {"type": "Feature", "properties": {"osm_type": "node", "osm_id": 7275089098, "tags": {"access": "customers", "fishing": "yes", "leisure": "fishing", "name": "Omble de fontaine"}}, "geometry": {"type": "Point", "coordinates": [-71.7880378, 47.4226295]}}, {"type": "Feature", "properties": {"osm_type": "node", "osm_id": 7275089099, "tags": {"leisure": "fishing", "name": "Omble de fontaine"}}, "geometry": {"type": "Point", "coordinates": [-71.8047776, 47.4311749]}}, {"type": "Feature", "properties": {"osm_type": "node", "osm_id": 7275089100, "tags": {"leisure": "fishing", "name": "Omble de fontaine"}}, "geometry": {"type": "Point", "coordinates": [-71.7998548, 47.431018]}}, {"type": "Feature", "properties": {"osm_type": "node", "osm_id": 7275089101, "tags": {"leisure": "fishing", "name": "Omble de fontaine"}}, "geometry": {"type": "Point", "coordinates": [-71.7947535, 47.4297511]}}, {"type": "Feature", "properties": {"osm_type": "node", "osm_id": 7275089102, "tags": {"leisure": "fishing", "name": "Omble de fontaine"}}, "geometry": {"type": "Point", "coordinates": [-71.8087373, 47.4304509]}}, {"type": "Feature", "properties": {"osm_type": "node", "osm_id": 7275089106, "tags": {"access": "customers", "fishing": "yes", "leisure": "fishing", "name": "Omble de fontaine"}}, "geometry": {"type": "Point", "coordinates": [-71.8199564, 47.4357839]}}, {"type": "Feature", "properties": {"osm_type": "node", "osm_id": 7275522810, "tags": {"leisure": "fishing", "name": "Omble de fontaine"}}, "geometry": {"type": "Point", "coordinates": [-71.2047658, 47.9206435]}}, {"type": "Feature", "properties": {"osm_type": "node", "osm_id": 7275522811, "tags": {"leisure": "fishing", "name": "Omble d efontaine"}}, "geometry": {"type": "Point", "coordinates": [-71.2017123, 47.9197279]}}, {"type": "Feature", "properties": {"osm_type": "node", "osm_id": 7275522812, "tags": {"leisure": "fishing", "name": "Omble de fontaine"}}, "geometry": {"type": "Point", "coordinates": [-71.1985956, 47.9192964]}}, {"type": "Feature", "properties": {"osm_type": "node", "osm_id": 7275522813, "tags": {"leisure": "fishing", "name": "Omble de fontaine"}}, "geometry": {"type": "Point", "coordinates": [-71.1948727, 47.9190052]}}, {"type": "Feature", "properties": {"osm_type": "node", "osm_id": 7275522814, "tags": {"leisure": "fishing", "name": "Omble de fontaine"}}, "geometry": {"type": "Point", "coordinates": [-71.1919276, 47.9189729]}}, {"type": "Feature", "properties": {"osm_type": "node", "osm_id": 7275522815, "tags": {"leisure": "fishing", "name": "Omble de fontaine"}}, "geometry": {"type": "Point", "coordinates": [-71.1910647, 47.9139638]}}, {"type": "Feature", "properties": {"osm_type": "node", "osm_id": 7275522816, "tags": {"leisure": "fishing", "name": "Omble de fontaine"}}, "geometry": {"type": "Point", "coordinates": [-71.1959758, 47.9148419]}}, {"type": "Feature", "properties": {"osm_type": "node", "osm_id": 7275522817, "tags": {"leisure": "fishing", "name": "Omble de fontaine"}}, "geometry": {"type": "Point", "coordinates": [-71.1996866, 47.9159967]}}, {"type": "Feature", "properties": {"osm_type": "node", "osm_id": 7275522818, "tags": {"leisure": "fishing", "name": "Omble de fontaine"}}, "geometry": {"type": "Point", "coordinates": [-71.2034232, 47.9177268]}}, {"type": "Feature", "properties": {"osm_type": "node", "osm_id": 7275534006, "tags": {"leisure": "fishing", "name": "Omble de fontaine"}}, "geometry": {"type": "Point", "coordinates": [-71.3261372, 48.0910225]}}, {"type": "Feature", "properties": {"osm_type": "node", "osm_id": 7285710799, "tags": {"access": "customers", "fishing": "yes", "leisure": "fishing", "name": "Omble de fontaine"}}, "geometry": {"type": "Point", "coordinates": [-71.2868206, 48.1666617]}}, {"type": "Feature", "properties": {"osm_type": "node", "osm_id": 7285710800, "tags": {"access": "customers", "fishing": "yes", "leisure": "fishing", "name": "Omble de fontaine"}}, "geometry": {"type": "Point", "coordinates": [-71.2855752, 48.1661675]}}, {"type": "Feature", "properties": {"osm_type": "node", "osm_id": 7285710801, "tags": {"access": "customers", "fishing": "yes", "leisure": "fishing", "name": "Omble de fontaine"}}, "geometry": {"type": "Point", "coordinates": [-71.2832736, 48.1659677]}}, {"type": "Feature", "properties": {"osm_type": "node", "osm_id": 7285735932, "tags": {"access": "customers", "fishing": "yes", "leisure": "fishing", "name": "Omble de fontaine"}}, "geometry": {"type": "Point", "coordinates": [-71.2681996, 48.1596194]}}, {"type": "Feature", "properties": {"osm_type": "node", "osm_id": 7285736486, "tags": {"access": "customers", "fishing": "yes", "leisure": "fishing", "name": "Omble de fontaine"}}, "geometry": {"type": "Point", "coordinates": [-71.3614505, 48.1534969]}}, {"type": "Feature", "properties": {"osm_type": "node", "osm_id": 7285758749, "tags": {"access": "customers", "fishing": "yes", "leisure": "fishing", "name": "Omble de fontaine"}}, "geometry": {"type": "Point", "coordinates": [-71.321889, 48.109247]}}, {"type": "Feature", "properties": {"osm_type": "node", "osm_id": 7285758750, "tags": {"access": "customers", "fishing": "yes", "leisure": "fishing", "name": "Omble de fontaine"}}, "geometry": {"type": "Point", "coordinates": [-71.3246688, 48.1076524]}}, {"type": "Feature", "properties": {"osm_type": "node", "osm_id": 7285758751, "tags": {"access": "customers", "fishing": "yes", "leisure": "fishing", "name": "Omble d efontaine"}}, "geometry": {"type": "Point", "coordinates": [-71.3219221, 48.1076966]}}, {"type": "Feature", "properties": {"osm_type": "node", "osm_id": 7285758752, "tags": {"access": "customers", "fishing": "yes", "leisure": "fishing", "name": "Omble de fontaine"}}, "geometry": {"type": "Point", "coordinates": [-71.3230031, 48.10696]}}, {"type": "Feature", "properties": {"osm_type": "node", "osm_id": 7285763230, "tags": {"access": "customers", "fishing": "yes", "leisure": "fishing", "name": "Omble de fontaine"}}, "geometry": {"type": "Point", "coordinates": [-71.2816804, 48.1157386]}}, {"type": "Feature", "properties": {"osm_type": "node", "osm_id": 7285763231, "tags": {"access": "customers", "fishing": "yes", "leisure": "fishing", "name": "Omble de fontaine"}}, "geometry": {"type": "Point", "coordinates": [-71.2839868, 48.1157976]}}, {"type": "Feature", "properties": {"osm_type": "node", "osm_id": 7285763232, "tags": {"access": "customers", "fishing": "yes", "leisure": "fishing", "name": "Omble de fontaine"}}, "geometry": {"type": "Point", "coordinates": [-71.2836333, 48.114535]}}, {"type": "Feature", "properties": {"osm_type": "node", "osm_id": 7285763233, "tags": {"access": "customers", "fishing": "yes", "leisure": "fishing", "name": "Omble de fontaine"}}, "geometry": {"type": "Point", "coordinates": [-71.2827143, 48.1123225]}}, {"type": "Feature", "properties": {"osm_type": "node", "osm_id": 7285763234, "tags": {"access": "customers", "fishing": "yes", "leisure": "fishing", "name": "Omble de fontaine"}}, "geometry": {"type": "Point", "coordinates": [-71.2813887, 48.1119508]}}, {"type": "Feature", "properties": {"osm_type": "node", "osm_id": 7285763235, "tags": {"access": "customers", "fishing": "yes", "leisure": "fishing", "name": "Omble de fontaine"}}, "geometry": {"type": "Point", "coordinates": [-71.2807437, 48.1131367]}}, {"type": "Feature", "properties": {"osm_type": "node", "osm_id": 7285763236, "tags": {"access": "customers", "fishing": "yes", "leisure": "fishing", "name": "Omble de fontaine"}}, "geometry": {"type": "Point", "coordinates": [-71.2826524, 48.1097264]}}, {"type": "Feature", "properties": {"osm_type": "node", "osm_id": 7285930202, "tags": {"access": "customers", "fishing": "yes", "leisure": "fishing", "name": "Omble de fonatine"}}, "geometry": {"type": "Point", "coordinates": [-71.2051937, 48.0481696]}}, {"type": "Feature", "properties": {"osm_type": "node", "osm_id": 7285930203, "tags": {"access": "customers", "fishing": "yes", "leisure": "fishing", "name": "Omble de fontaine"}}, "geometry": {"type": "Point", "coordinates": [-71.2029232, 48.047338]}}, {"type": "Feature", "properties": {"osm_type": "node", "osm_id": 7285930204, "tags": {"access": "customers", "fishing": "yes", "leisure": "fishing", "name": "Omble de fontaine"}}, "geometry": {"type": "Point", "coordinates": [-71.2005736, 48.0470476]}}, {"type": "Feature", "properties": {"osm_type": "node", "osm_id": 7285930205, "tags": {"access": "customers", "fishing": "yes", "leisure": "fishing", "name": "Omble de fontaine"}}, "geometry": {"type": "Point", "coordinates": [-71.2000603, 48.0457937]}}, {"type": "Feature", "properties": {"osm_type": "node", "osm_id": 7285930206, "tags": {"access": "customers", "fishing": "yes", "leisure": "fishing", "name": "Omble de fontaine"}}, "geometry": {"type": "Point", "coordinates": [-71.2013041, 48.0443549]}}, {"type": "Feature", "properties": {"osm_type": "node", "osm_id": 7285930207, "tags": {"access": "customers", "fishing": "yes", "leisure": "fishing", "name": "Omble de fontaine"}}, "geometry": {"type": "Point", "coordinates": [-71.2039893, 48.0446057]}}, {"type": "Feature", "properties": {"osm_type": "node", "osm_id": 7285930208, "tags": {"access": "customers", "fishing": "yes", "leisure": "fishing", "name": "Omble de fontaine"}}, "geometry": {"type": "Point", "coordinates": [-71.2049963, 48.0465329]}}, {"type": "Feature", "properties": {"osm_type": "node", "osm_id": 7285930699, "tags": {"access": "customers", "fishing": "yes", "leisure": "fishing", "name": "Omble de fontaine"}}, "geometry": {"type": "Point", "coordinates": [-71.2586229, 48.1302727]}}, {"type": "Feature", "properties": {"osm_type": "node", "osm_id": 7285930700, "tags": {"access": "customers", "fishing": "yes", "leisure": "fishing", "name": "Omble de fontaine"}}, "geometry": {"type": "Point", "coordinates": [-71.2582529, 48.1275808]}}, {"type": "Feature", "properties": {"osm_type": "node", "osm_id": 7285990770, "tags": {"access": "customers", "fishing": "yes", "leisure": "fishing", "name": "Omble de fontaine"}}, "geometry": {"type": "Point", "coordinates": [-71.2637553, 48.1274752]}}, {"type": "Feature", "properties": {"osm_type": "node", "osm_id": 7286002977, "tags": {"leisure": "fishing", "name": "Omble de fontaine"}}, "geometry": {"type": "Point", "coordinates": [-71.3119352, 48.1236606]}}, {"type": "Feature", "properties": {"osm_type": "node", "osm_id": 7286022494, "tags": {"access": "customers", "fishing": "yes", "leisure": "fishing", "name": "Omble de fontaine"}}, "geometry": {"type": "Point", "coordinates": [-71.2894016, 48.1218636]}}, {"type": "Feature", "properties": {"osm_type": "node", "osm_id": 7286022495, "tags": {"access": "customers", "fishing": "yes", "leisure": "fishing", "name": "Omble de fontaine"}}, "geometry": {"type": "Point", "coordinates": [-71.2894962, 48.1214166]}}, {"type": "Feature", "properties": {"osm_type": "node", "osm_id": 7286031540, "tags": {"access": "customers", "fishing": "yes", "leisure": "fishing", "name": "Omble de fontaine"}}, "geometry": {"type": "Point", "coordinates": [-71.2035269, 47.9315251]}}, {"type": "Feature", "properties": {"osm_type": "node", "osm_id": 7286031541, "tags": {"access": "customers", "fishing": "yes", "leisure": "fishing", "name": "Omble de fontaine"}}, "geometry": {"type": "Point", "coordinates": [-71.2008544, 47.9319476]}}, {"type": "Feature", "properties": {"osm_type": "node", "osm_id": 7286031542, "tags": {"access": "customers", "fishing": "yes", "leisure": "fishing", "name": "Omble de fontaine"}}, "geometry": {"type": "Point", "coordinates": [-71.201515, 47.9309316]}}, {"type": "Feature", "properties": {"osm_type": "node", "osm_id": 7286031543, "tags": {"access": "customers", "fishing": "yes", "leisure": "fishing", "name": "Omble de fontaine"}}, "geometry": {"type": "Point", "coordinates": [-71.2008694, 47.930167]}}, {"type": "Feature", "properties": {"osm_type": "node", "osm_id": 7286920256, "tags": {"access": "customers", "fishing": "yes", "leisure": "fishing", "name": "Omble de fontaine"}}, "geometry": {"type": "Point", "coordinates": [-71.2886889, 48.1263103]}}, {"type": "Feature", "properties": {"osm_type": "node", "osm_id": 7286920257, "tags": {"access": "customers", "fishing": "yes", "leisure": "fishing", "name": "Omble de fontaine"}}, "geometry": {"type": "Point", "coordinates": [-71.286523, 48.1279654]}}, {"type": "Feature", "properties": {"osm_type": "node", "osm_id": 7286920258, "tags": {"access": "customers", "fishing": "yes", "leisure": "fishing", "name": "Omble de fontaine"}}, "geometry": {"type": "Point", "coordinates": [-71.286364, 48.1265054]}}, {"type": "Feature", "properties": {"osm_type": "node", "osm_id": 7286985094, "tags": {"leisure": "fishing", "name": "Omble de fontaine"}}, "geometry": {"type": "Point", "coordinates": [-71.2791238, 48.1631018]}}, {"type": "Feature", "properties": {"osm_type": "node", "osm_id": 7286985095, "tags": {"access": "customers", "fishing": "yes", "leisure": "fishing", "name": "Omble de fontaine"}}, "geometry": {"type": "Point", "coordinates": [-71.2791573, 48.1626417]}}, {"type": "Feature", "properties": {"osm_type": "node", "osm_id": 7286985096, "tags": {"access": "customers", "fishing": "yes", "leisure": "fishing", "name": "Omble de fontaine"}}, "geometry": {"type": "Point", "coordinates": [-71.2788358, 48.1622798]}}, {"type": "Feature", "properties": {"osm_type": "node", "osm_id": 7292737853, "tags": {"access": "customers", "fishing": "yes", "leisure": "fishing", "name": "Omble de fontaine"}}, "geometry": {"type": "Point", "coordinates": [-71.2987236, 48.1292514]}}, {"type": "Feature", "properties": {"osm_type": "node", "osm_id": 7292737854, "tags": {"access": "customers", "fishing": "yes", "leisure": "fishing", "name": "Omble de fontaine"}}, "geometry": {"type": "Point", "coordinates": [-71.2967897, 48.1296577]}}, {"type": "Feature", "properties": {"osm_type": "node", "osm_id": 7292782697, "tags": {"access": "customers", "fishing": "yes", "leisure": "fishing", "name": "Omble de fontaine"}}, "geometry": {"type": "Point", "coordinates": [-71.2865564, 48.0269501]}}, {"type": "Feature", "properties": {"osm_type": "node", "osm_id": 7292782698, "tags": {"access": "customers", "fishing": "yes", "leisure": "fishing", "name": "Omble de fontaine"}}, "geometry": {"type": "Point", "coordinates": [-71.2857839, 48.0261572]}}, {"type": "Feature", "properties": {"osm_type": "node", "osm_id": 7292782699, "tags": {"access": "customers", "fishing": "yes", "leisure": "fishing", "name": "Omble de fontaine"}}, "geometry": {"type": "Point", "coordinates": [-71.2852045, 48.0247149]}}, {"type": "Feature", "properties": {"osm_type": "node", "osm_id": 7292782700, "tags": {"access": "customers", "fishing": "yes", "leisure": "fishing", "name": "Omble de fontaine"}}, "geometry": {"type": "Point", "coordinates": [-71.2852636, 48.0235058]}}, {"type": "Feature", "properties": {"osm_type": "node", "osm_id": 7292782701, "tags": {"access": "customers", "fishing": "yes", "leisure": "fishing", "name": "Omble de fonatine"}}, "geometry": {"type": "Point", "coordinates": [-71.285285, 48.0228276]}}, {"type": "Feature", "properties": {"osm_type": "node", "osm_id": 7292806714, "tags": {"access": "customers", "fishing": "yes", "leisure": "fishing", "name": "Omble de fontaine"}}, "geometry": {"type": "Point", "coordinates": [-71.2799536, 47.9390961]}}, {"type": "Feature", "properties": {"osm_type": "node", "osm_id": 7292806715, "tags": {"access": "customers", "fishing": "yes", "leisure": "fishing", "name": "Omble de fontaine"}}, "geometry": {"type": "Point", "coordinates": [-71.279442, 47.9386916]}}, {"type": "Feature", "properties": {"osm_type": "node", "osm_id": 7292806716, "tags": {"access": "customers", "fishing": "yes", "leisure": "fishing", "name": "Omble de fontaine"}}, "geometry": {"type": "Point", "coordinates": [-71.2801717, 47.9385117]}}, {"type": "Feature", "properties": {"osm_type": "node", "osm_id": 7292817950, "tags": {"access": "customers", "fishing": "yes", "leisure": "fishing", "name": "Omble de fontaine"}}, "geometry": {"type": "Point", "coordinates": [-71.263171, 48.1201591]}}, {"type": "Feature", "properties": {"osm_type": "node", "osm_id": 7292817951, "tags": {"access": "customers", "fishing": "yes", "leisure": "fishing", "name": "Omble de fontaine"}}, "geometry": {"type": "Point", "coordinates": [-71.2628681, 48.1182654]}}, {"type": "Feature", "properties": {"osm_type": "node", "osm_id": 7292850806, "tags": {"access": "customers", "fishing": "yes", "leisure": "fishing", "name": "Omble de fontaine"}}, "geometry": {"type": "Point", "coordinates": [-71.3322673, 48.115147]}}, {"type": "Feature", "properties": {"osm_type": "node", "osm_id": 7292850807, "tags": {"access": "customers", "fishing": "yes", "leisure": "fishing", "name": "Omble de fontaine"}}, "geometry": {"type": "Point", "coordinates": [-71.328399, 48.1148173]}}, {"type": "Feature", "properties": {"osm_type": "node", "osm_id": 7292850808, "tags": {"access": "customers", "fishing": "yes", "leisure": "fishing", "name": "Omble de fontaine"}}, "geometry": {"type": "Point", "coordinates": [-71.3258439, 48.114685]}}, {"type": "Feature", "properties": {"osm_type": "node", "osm_id": 7292850809, "tags": {"access": "customers", "fishing": "yes", "leisure": "fishing", "name": "Omble de fontaine"}}, "geometry": {"type": "Point", "coordinates": [-71.3281521, 48.1131538]}}, {"type": "Feature", "properties": {"osm_type": "node", "osm_id": 7293026301, "tags": {"access": "customers", "fishing": "yes", "leisure": "fishing", "name": "Omble de fonatine"}}, "geometry": {"type": "Point", "coordinates": [-71.3247757, 48.0967129]}}, {"type": "Feature", "properties": {"osm_type": "node", "osm_id": 7293026302, "tags": {"access": "customers", "fishing": "yes", "leisure": "fishing", "name": "Omble de fontaine"}}, "geometry": {"type": "Point", "coordinates": [-71.3238822, 48.0948158]}}, {"type": "Feature", "properties": {"osm_type": "node", "osm_id": 7293026303, "tags": {"access": "customers", "fishing": "yes", "leisure": "fishing", "name": "Omble de fontaine"}}, "geometry": {"type": "Point", "coordinates": [-71.3224923, 48.0959983]}}, {"type": "Feature", "properties": {"osm_type": "node", "osm_id": 7293033804, "tags": {"access": "customers", "fishing": "yes", "leisure": "fishing", "name": "Omble de fontaine"}}, "geometry": {"type": "Point", "coordinates": [-71.3520257, 48.1561091]}}, {"type": "Feature", "properties": {"osm_type": "node", "osm_id": 7293033805, "tags": {"access": "customers", "fishing": "yes", "leisure": "fishing", "name": "Omble de fonatine"}}, "geometry": {"type": "Point", "coordinates": [-71.3522046, 48.1568359]}}, {"type": "Feature", "properties": {"osm_type": "node", "osm_id": 7293033806, "tags": {"access": "customers", "fishing": "yes", "leisure": "fishing", "name": "Omble de fontaine"}}, "geometry": {"type": "Point", "coordinates": [-71.3504564, 48.1554039]}}, {"type": "Feature", "properties": {"osm_type": "node", "osm_id": 7293033807, "tags": {"access": "customers", "fishing": "yes", "leisure": "fishing", "name": "Omble de fonatine"}}, "geometry": {"type": "Point", "coordinates": [-71.34944, 48.1552873]}}, {"type": "Feature", "properties": {"osm_type": "node", "osm_id": 7293033808, "tags": {"access": "customers", "fishing": "yes", "leisure": "fishing", "name": "Omble de fontaine"}}, "geometry": {"type": "Point", "coordinates": [-71.3512817, 48.1579994]}}, {"type": "Feature", "properties": {"osm_type": "node", "osm_id": 7293052577, "tags": {"access": "customers", "fishing": "yes", "leisure": "fishing", "name": "Omble de fontaine"}}, "geometry": {"type": "Point", "coordinates": [-71.2675761, 48.1106523]}}, {"type": "Feature", "properties": {"osm_type": "node", "osm_id": 7293052578, "tags": {"access": "customers", "fishing": "yes", "leisure": "fishing", "name": "Omble de fontaine"}}, "geometry": {"type": "Point", "coordinates": [-71.2675854, 48.1100629]}}, {"type": "Feature", "properties": {"osm_type": "node", "osm_id": 7293052579, "tags": {"access": "customers", "fishing": "yes", "leisure": "fishing", "name": "Omble de fonatine"}}, "geometry": {"type": "Point", "coordinates": [-71.2666701, 48.107824]}}, {"type": "Feature", "properties": {"osm_type": "node", "osm_id": 7293052580, "tags": {"access": "customers", "fishing": "yes", "leisure": "fishing", "name": "Omble de fontaine"}}, "geometry": {"type": "Point", "coordinates": [-71.2667121, 48.1073437]}}, {"type": "Feature", "properties": {"osm_type": "node", "osm_id": 7293072297, "tags": {"access": "customers", "fishing": "yes", "leisure": "fishing", "name": "Omble de fontaine"}}, "geometry": {"type": "Point", "coordinates": [-71.2934594, 48.123765]}}, {"type": "Feature", "properties": {"osm_type": "node", "osm_id": 7293072298, "tags": {"access": "customers", "fishing": "yes", "leisure": "fishing", "name": "Omble d e fontaine"}}, "geometry": {"type": "Point", "coordinates": [-71.295285, 48.1236252]}}, {"type": "Feature", "properties": {"osm_type": "node", "osm_id": 7293072314, "tags": {"access": "customers", "fishing": "yes", "leisure": "fishing", "name": "Omble de fontaine"}}, "geometry": {"type": "Point", "coordinates": [-71.1753519, 47.9590528]}}, {"type": "Feature", "properties": {"osm_type": "node", "osm_id": 7293072315, "tags": {"access": "customers", "fishing": "yes", "leisure": "fishing", "name": "Omble de fontaine"}}, "geometry": {"type": "Point", "coordinates": [-71.1734438, 47.9579966]}}, {"type": "Feature", "properties": {"osm_type": "node", "osm_id": 7294648156, "tags": {"access": "customers", "fishing": "yes", "leisure": "fishing", "name": "Omble de fontaine"}}, "geometry": {"type": "Point", "coordinates": [-71.2784828, 48.1276079]}}, {"type": "Feature", "properties": {"osm_type": "node", "osm_id": 7294735848, "tags": {"access": "customers", "fishing": "yes", "leisure": "fishing", "name": "Omble de fontaine"}}, "geometry": {"type": "Point", "coordinates": [-71.1705216, 47.9756749]}}, {"type": "Feature", "properties": {"osm_type": "node", "osm_id": 7294735849, "tags": {"access": "customers", "fishing": "yes", "leisure": "fishing", "name": "Omble de fontaine"}}, "geometry": {"type": "Point", "coordinates": [-71.1743081, 47.9767962]}}, {"type": "Feature", "properties": {"osm_type": "node", "osm_id": 7294751031, "tags": {"access": "customers", "fishing": "yes", "leisure": "fishing", "name": "Omble de fontaine"}}, "geometry": {"type": "Point", "coordinates": [-71.1556547, 47.9762372]}}, {"type": "Feature", "properties": {"osm_type": "node", "osm_id": 7294751036, "tags": {"access": "customers", "fishing": "yes", "leisure": "fishing", "name": "Omble de fonatine"}}, "geometry": {"type": "Point", "coordinates": [-71.2153096, 47.911181]}}, {"type": "Feature", "properties": {"osm_type": "node", "osm_id": 7294751037, "tags": {"access": "customers", "fishing": "yes", "leisure": "fishing", "name": "Omble de fontaine"}}, "geometry": {"type": "Point", "coordinates": [-71.2191682, 47.9129281]}}, {"type": "Feature", "properties": {"osm_type": "node", "osm_id": 7294751038, "tags": {"access": "customers", "fishing": "yes", "leisure": "fishing", "name": "Omble de fonatine"}}, "geometry": {"type": "Point", "coordinates": [-71.2168987, 47.9157209]}}, {"type": "Feature", "properties": {"osm_type": "node", "osm_id": 7294751859, "tags": {"access": "customers", "fishing": "yes", "leisure": "fishing", "name": "Omble de fontaine"}}, "geometry": {"type": "Point", "coordinates": [-71.3460277, 48.1536193]}}, {"type": "Feature", "properties": {"osm_type": "node", "osm_id": 7294751860, "tags": {"access": "customers", "fishing": "yes", "leisure": "fishing", "name": "Omble de fontaine"}}, "geometry": {"type": "Point", "coordinates": [-71.3475163, 48.1529572]}}, {"type": "Feature", "properties": {"osm_type": "node", "osm_id": 7294792625, "tags": {"leisure": "fishing", "name": "Omble de fontaine"}}, "geometry": {"type": "Point", "coordinates": [-71.6854683, 47.4368464]}}, {"type": "Feature", "properties": {"osm_type": "node", "osm_id": 7294792626, "tags": {"access": "customers", "fishing": "yes", "leisure": "fishing", "name": "Omble de fontaine"}}, "geometry": {"type": "Point", "coordinates": [-71.6884781, 47.4403637]}}, {"type": "Feature", "properties": {"osm_type": "node", "osm_id": 7294792627, "tags": {"access": "customers", "fishing": "yes", "leisure": "fishing", "name": "Omble de fontaine"}}, "geometry": {"type": "Point", "coordinates": [-71.6909862, 47.4393685]}}, {"type": "Feature", "properties": {"osm_type": "node", "osm_id": 7294792628, "tags": {"access": "customers", "fishing": "yes", "leisure": "fishing", "name": "Omble de fontaine"}}, "geometry": {"type": "Point", "coordinates": [-71.6970225, 47.4403411]}}, {"type": "Feature", "properties": {"osm_type": "node", "osm_id": 7294792629, "tags": {"access": "customers", "fishing": "yes", "leisure": "fishing", "name": "Omble de fontaine"}}, "geometry": {"type": "Point", "coordinates": [-71.6977415, 47.4457693]}}, {"type": "Feature", "properties": {"osm_type": "node", "osm_id": 7294792630, "tags": {"access": "customers", "fishing": "yes", "leisure": "fishing", "name": "Omble de fontaine"}}, "geometry": {"type": "Point", "coordinates": [-71.6862207, 47.4145417]}}, {"type": "Feature", "properties": {"osm_type": "node", "osm_id": 7294792631, "tags": {"access": "customers", "fishing": "yes", "leisure": "fishing", "name": "Omble de fontaine"}}, "geometry": {"type": "Point", "coordinates": [-71.6884521, 47.4176017]}}, {"type": "Feature", "properties": {"osm_type": "node", "osm_id": 7294792632, "tags": {"access": "customers", "fishing": "yes", "leisure": "fishing", "name": "Omble de fontaine"}}, "geometry": {"type": "Point", "coordinates": [-71.6895777, 47.4208486]}}, {"type": "Feature", "properties": {"osm_type": "node", "osm_id": 7294792633, "tags": {"access": "customers", "fishing": "yes", "leisure": "fishing", "name": "Omble de fontaine"}}, "geometry": {"type": "Point", "coordinates": [-71.6869711, 47.4226924]}}, {"type": "Feature", "properties": {"osm_type": "node", "osm_id": 7294792634, "tags": {"access": "customers", "fishing": "yes", "leisure": "fishing", "name": "Omble de fontaine"}}, "geometry": {"type": "Point", "coordinates": [-71.6924806, 47.4233605]}}, {"type": "Feature", "properties": {"osm_type": "node", "osm_id": 7294792635, "tags": {"access": "customers", "fishing": "yes", "leisure": "fishing", "name": "Omble de fonatine"}}, "geometry": {"type": "Point", "coordinates": [-71.6901899, 47.4253111]}}, {"type": "Feature", "properties": {"osm_type": "node", "osm_id": 7294792636, "tags": {"access": "customers", "fishing": "yes", "leisure": "fishing", "name": "Omble de fontaine"}}, "geometry": {"type": "Point", "coordinates": [-71.6935865, 47.4260325]}}, {"type": "Feature", "properties": {"osm_type": "node", "osm_id": 7294792644, "tags": {"access": "customers", "fishing": "yes", "leisure": "fishing", "name": "Omble de fonatine"}}, "geometry": {"type": "Point", "coordinates": [-71.2443284, 47.2418602]}}, {"type": "Feature", "properties": {"osm_type": "node", "osm_id": 7294792645, "tags": {"access": "customers", "fishing": "yes", "leisure": "fishing", "name": "Omble de fontaine"}}, "geometry": {"type": "Point", "coordinates": [-71.2467879, 47.2419058]}}, {"type": "Feature", "properties": {"osm_type": "node", "osm_id": 7294792646, "tags": {"access": "customers", "fishing": "yes", "leisure": "fishing", "name": "Omble de fonatine"}}, "geometry": {"type": "Point", "coordinates": [-71.2391745, 47.2516808]}}, {"type": "Feature", "properties": {"osm_type": "node", "osm_id": 7294792647, "tags": {"access": "customers", "fishing": "yes", "leisure": "fishing", "name": "Omble de fontaine"}}, "geometry": {"type": "Point", "coordinates": [-71.2342442, 47.2586239]}}, {"type": "Feature", "properties": {"osm_type": "node", "osm_id": 7294910492, "tags": {"access": "customers", "fishing": "yes", "leisure": "fishing", "name": "Omble de fontaine"}}, "geometry": {"type": "Point", "coordinates": [-71.3010095, 47.3775872]}}, {"type": "Feature", "properties": {"osm_type": "node", "osm_id": 7294910493, "tags": {"access": "customers", "fishing": "yes", "leisure": "fishing", "name": "Omble de fontaine"}}, "geometry": {"type": "Point", "coordinates": [-71.2919045, 47.3784105]}}, {"type": "Feature", "properties": {"osm_type": "node", "osm_id": 7294910494, "tags": {"access": "customers", "fishing": "yes", "leisure": "fishing", "name": "Omble de fontaine"}}, "geometry": {"type": "Point", "coordinates": [-71.2925677, 47.376689]}}, {"type": "Feature", "properties": {"osm_type": "node", "osm_id": 7294910495, "tags": {"access": "customers", "fishing": "yes", "leisure": "fishing", "name": "Omble de fonatine"}}, "geometry": {"type": "Point", "coordinates": [-71.283386, 47.3617785]}}, {"type": "Feature", "properties": {"osm_type": "node", "osm_id": 7294910496, "tags": {"access": "customers", "fishing": "yes", "leisure": "fishing", "name": "Omble de fontaine"}}, "geometry": {"type": "Point", "coordinates": [-71.2871835, 47.3578362]}}, {"type": "Feature", "properties": {"osm_type": "node", "osm_id": 7294919561, "tags": {"access": "customers", "fishing": "yes", "leisure": "fishing", "name": "Omble de fontaine"}}, "geometry": {"type": "Point", "coordinates": [-71.2267621, 47.2262143]}}, {"type": "Feature", "properties": {"osm_type": "node", "osm_id": 7294919562, "tags": {"access": "customers", "fishing": "yes", "leisure": "fishing", "name": "Omble de fontaine"}}, "geometry": {"type": "Point", "coordinates": [-71.2269899, 47.2231654]}}, {"type": "Feature", "properties": {"osm_type": "node", "osm_id": 7294919824, "tags": {"access": "customers", "fishing": "yes", "leisure": "fishing", "name": "Omble de fontaine"}}, "geometry": {"type": "Point", "coordinates": [-71.2163038, 47.2404112]}}, {"type": "Feature", "properties": {"osm_type": "node", "osm_id": 7294919825, "tags": {"leisure": "fishing", "name": "Omble de fontaine"}}, "geometry": {"type": "Point", "coordinates": [-71.2188474, 47.2355853]}}, {"type": "Feature", "properties": {"osm_type": "node", "osm_id": 7294919826, "tags": {"access": "customers", "fishing": "yes", "leisure": "fishing", "name": "Omble de fontaine"}}, "geometry": {"type": "Point", "coordinates": [-71.2180895, 47.233876]}}, {"type": "Feature", "properties": {"osm_type": "node", "osm_id": 7294919827, "tags": {"access": "customers", "fishing": "yes", "leisure": "fishing", "name": "Omble de fontaine"}}, "geometry": {"type": "Point", "coordinates": [-71.2156592, 47.2289193]}}, {"type": "Feature", "properties": {"osm_type": "node", "osm_id": 7294925178, "tags": {"leisure": "fishing", "name": "Omble de fontaine"}}, "geometry": {"type": "Point", "coordinates": [-71.0556083, 47.3250141]}}, {"type": "Feature", "properties": {"osm_type": "node", "osm_id": 7294925182, "tags": {"access": "customers", "fishing": "yes", "leisure": "fishing", "name": "Omble de fontaine"}}, "geometry": {"type": "Point", "coordinates": [-71.1265398, 47.3999202]}}, {"type": "Feature", "properties": {"osm_type": "node", "osm_id": 7294925184, "tags": {"access": "customers", "fishing": "yes", "leisure": "fishing", "name": "Omble de fontaine"}}, "geometry": {"type": "Point", "coordinates": [-71.1241167, 47.3962561]}}, {"type": "Feature", "properties": {"osm_type": "node", "osm_id": 7294943102, "tags": {"access": "customers", "fishing": "yes", "leisure": "fishing", "name": "Omble de fontaine"}}, "geometry": {"type": "Point", "coordinates": [-71.1641824, 47.4504829]}}, {"type": "Feature", "properties": {"osm_type": "node", "osm_id": 7294943103, "tags": {"access": "customers", "fishing": "yes", "leisure": "fishing", "name": "Omble de fontaine"}}, "geometry": {"type": "Point", "coordinates": [-71.1630325, 47.4537997]}}, {"type": "Feature", "properties": {"osm_type": "node", "osm_id": 7294943104, "tags": {"access": "customers", "fishing": "yes", "leisure": "fishing", "name": "Omble de fontaine"}}, "geometry": {"type": "Point", "coordinates": [-71.1629161, 47.4532535]}}, {"type": "Feature", "properties": {"osm_type": "node", "osm_id": 7294943105, "tags": {"access": "customers", "fishing": "yes", "leisure": "fishing", "name": "Omble de fontaine"}}, "geometry": {"type": "Point", "coordinates": [-71.1636147, 47.4530025]}}, {"type": "Feature", "properties": {"osm_type": "node", "osm_id": 7294943106, "tags": {"access": "customers", "fishing": "yes", "leisure": "fishing", "name": "Omble de fontaine"}}, "geometry": {"type": "Point", "coordinates": [-71.163753, 47.4535635]}}, {"type": "Feature", "properties": {"osm_type": "node", "osm_id": 7294943107, "tags": {"access": "customers", "fishing": "yes", "leisure": "fishing", "name": "Omble de fontaine"}}, "geometry": {"type": "Point", "coordinates": [-71.1616462, 47.4563856]}}, {"type": "Feature", "properties": {"osm_type": "node", "osm_id": 7294950514, "tags": {"access": "customers", "fishing": "yes", "leisure": "fishing", "name": "Omble de fontaine"}}, "geometry": {"type": "Point", "coordinates": [-71.2031465, 47.2578577]}}, {"type": "Feature", "properties": {"osm_type": "node", "osm_id": 7294950515, "tags": {"access": "customers", "fishing": "yes", "leisure": "fishing", "name": "Omble de fontaine"}}, "geometry": {"type": "Point", "coordinates": [-71.2046322, 47.2591637]}}, {"type": "Feature", "properties": {"osm_type": "node", "osm_id": 7294950516, "tags": {"access": "customers", "fishing": "yes", "leisure": "fishing", "name": "Omble de fontaine"}}, "geometry": {"type": "Point", "coordinates": [-71.2031348, 47.2602275]}}, {"type": "Feature", "properties": {"osm_type": "node", "osm_id": 7294950517, "tags": {"access": "customers", "fishing": "yes", "leisure": "fishing", "name": "Omble de fontaine"}}, "geometry": {"type": "Point", "coordinates": [-71.2015088, 47.2593145]}}, {"type": "Feature", "properties": {"osm_type": "node", "osm_id": 7295064094, "tags": {"access": "customers", "fishing": "yes", "leisure": "fishing", "name": "Omble de fontaine"}}, "geometry": {"type": "Point", "coordinates": [-71.1708793, 47.3403764]}}, {"type": "Feature", "properties": {"osm_type": "node", "osm_id": 7295064095, "tags": {"access": "customers", "fishing": "yes", "leisure": "fishing", "name": "Omble de fontaine"}}, "geometry": {"type": "Point", "coordinates": [-71.1707804, 47.342445]}}, {"type": "Feature", "properties": {"osm_type": "node", "osm_id": 7295064136, "tags": {"access": "customers", "fishing": "yes", "leisure": "fishing", "name": "Omble de fontaine"}}, "geometry": {"type": "Point", "coordinates": [-71.166403, 47.3487923]}}, {"type": "Feature", "properties": {"osm_type": "node", "osm_id": 7295064137, "tags": {"access": "customers", "fishing": "yes", "leisure": "fishing", "name": "Omble de fontaine"}}, "geometry": {"type": "Point", "coordinates": [-71.1663911, 47.3511499]}}, {"type": "Feature", "properties": {"osm_type": "node", "osm_id": 7295082998, "tags": {"access": "customers", "fishing": "yes", "leisure": "fishing", "name": "Omble de fontaine"}}, "geometry": {"type": "Point", "coordinates": [-71.1964435, 47.230121]}}, {"type": "Feature", "properties": {"osm_type": "node", "osm_id": 7295082999, "tags": {"access": "customers", "fishing": "yes", "leisure": "fishing", "name": "Omble de fontaine"}}, "geometry": {"type": "Point", "coordinates": [-71.1961212, 47.2290996]}}, {"type": "Feature", "properties": {"osm_type": "node", "osm_id": 7295104170, "tags": {"access": "customers", "fishing": "yes", "leisure": "fishing", "name": "Omble de fontaine"}}, "geometry": {"type": "Point", "coordinates": [-71.1782939, 47.3564899]}}, {"type": "Feature", "properties": {"osm_type": "node", "osm_id": 7295104171, "tags": {"access": "customers", "fishing": "yes", "leisure": "fishing", "name": "Omble de fontaine"}}, "geometry": {"type": "Point", "coordinates": [-71.1787845, 47.3582777]}}, {"type": "Feature", "properties": {"osm_type": "node", "osm_id": 7295104172, "tags": {"access": "customers", "fishing": "yes", "leisure": "fishing", "name": "Omble de fontaine"}}, "geometry": {"type": "Point", "coordinates": [-71.1775307, 47.3577884]}}, {"type": "Feature", "properties": {"osm_type": "node", "osm_id": 7295104173, "tags": {"access": "customers", "fishing": "yes", "leisure": "fishing", "name": "Omble d efontaine"}}, "geometry": {"type": "Point", "coordinates": [-71.1771537, 47.3573884]}}, {"type": "Feature", "properties": {"osm_type": "node", "osm_id": 7295114574, "tags": {"access": "customers", "fishing": "yes", "leisure": "fishing", "name": "Omble de fontaine"}}, "geometry": {"type": "Point", "coordinates": [-71.0300219, 47.3781679]}}, {"type": "Feature", "properties": {"osm_type": "node", "osm_id": 7295116123, "tags": {"access": "customers", "fishing": "yes", "leisure": "fishing", "name": "Omble de fontaine"}}, "geometry": {"type": "Point", "coordinates": [-71.1827849, 47.2773911]}}, {"type": "Feature", "properties": {"osm_type": "node", "osm_id": 7295116124, "tags": {"access": "customers", "fishing": "yes", "leisure": "fishing", "name": "Omble de fontaine"}}, "geometry": {"type": "Point", "coordinates": [-71.1837517, 47.2777016]}}, {"type": "Feature", "properties": {"osm_type": "node", "osm_id": 7295116125, "tags": {"access": "customers", "fishing": "yes", "leisure": "fishing", "name": "Omble de fontaine"}}, "geometry": {"type": "Point", "coordinates": [-71.1849332, 47.2780724]}}, {"type": "Feature", "properties": {"osm_type": "node", "osm_id": 7295130456, "tags": {"access": "customers", "fishing": "yes", "leisure": "fishing", "name": "Omble de fontaine"}}, "geometry": {"type": "Point", "coordinates": [-71.1441127, 47.4683983]}}, {"type": "Feature", "properties": {"osm_type": "node", "osm_id": 7295130457, "tags": {"access": "customers", "fishing": "yes", "leisure": "fishing", "name": "Omble de fontaine"}}, "geometry": {"type": "Point", "coordinates": [-71.1443962, 47.4633611]}}, {"type": "Feature", "properties": {"osm_type": "node", "osm_id": 7295130458, "tags": {"access": "customers", "fishing": "yes", "leisure": "fishing", "name": "Omble de fontaine"}}, "geometry": {"type": "Point", "coordinates": [-71.1457515, 47.464078]}}, {"type": "Feature", "properties": {"osm_type": "node", "osm_id": 7295130459, "tags": {"access": "customers", "fishing": "yes", "leisure": "fishing", "name": "Omble de fontaine"}}, "geometry": {"type": "Point", "coordinates": [-71.1475604, 47.4612871]}}, {"type": "Feature", "properties": {"osm_type": "node", "osm_id": 7295164785, "tags": {"access": "customers", "fishing": "yes", "leisure": "fishing", "name": "Omble de fontaine"}}, "geometry": {"type": "Point", "coordinates": [-71.0535799, 47.3453117]}}, {"type": "Feature", "properties": {"osm_type": "node", "osm_id": 7295164786, "tags": {"access": "customers", "fishing": "yes", "leisure": "fishing", "name": "Omble d efontaine"}}, "geometry": {"type": "Point", "coordinates": [-71.0546701, 47.3469195]}}, {"type": "Feature", "properties": {"osm_type": "node", "osm_id": 7295184544, "tags": {"access": "customers", "fishing": "yes", "leisure": "fishing", "name": "Omble de fopntaine"}}, "geometry": {"type": "Point", "coordinates": [-71.0981348, 47.4203395]}}, {"type": "Feature", "properties": {"osm_type": "node", "osm_id": 7295184545, "tags": {"access": "customers", "fishing": "yes", "leisure": "fishing", "name": "Omble de fontaine"}}, "geometry": {"type": "Point", "coordinates": [-71.0972115, 47.4225896]}}, {"type": "Feature", "properties": {"osm_type": "node", "osm_id": 7295184565, "tags": {"access": "customers", "fishing": "yes", "leisure": "fishing", "name": "Omble defontaine"}}, "geometry": {"type": "Point", "coordinates": [-71.0155335, 47.3552171]}}, {"type": "Feature", "properties": {"osm_type": "node", "osm_id": 7295184566, "tags": {"access": "customers", "fishing": "yes", "leisure": "fishing", "name": "Omble de fontaine"}}, "geometry": {"type": "Point", "coordinates": [-71.0138192, 47.3550262]}}, {"type": "Feature", "properties": {"osm_type": "node", "osm_id": 7295199338, "tags": {"access": "customers", "fishing": "yes", "leisure": "fishing", "name": "Omble de fontaine"}}, "geometry": {"type": "Point", "coordinates": [-71.1393574, 47.4205805]}}, {"type": "Feature", "properties": {"osm_type": "node", "osm_id": 7295199339, "tags": {"access": "customers", "fishing": "yes", "leisure": "fishing", "name": "Omble de fontaine"}}, "geometry": {"type": "Point", "coordinates": [-71.1425384, 47.4210109]}}, {"type": "Feature", "properties": {"osm_type": "node", "osm_id": 7295199340, "tags": {"access": "customers", "fishing": "yes", "leisure": "fishing", "name": "Omble de fontaine"}}, "geometry": {"type": "Point", "coordinates": [-71.1425518, 47.4197059]}}, {"type": "Feature", "properties": {"osm_type": "node", "osm_id": 7295200485, "tags": {"access": "customers", "fishing": "yes", "leisure": "fishing", "name": "Omble de fontaine"}}, "geometry": {"type": "Point", "coordinates": [-71.1069131, 47.3767827]}}, {"type": "Feature", "properties": {"osm_type": "node", "osm_id": 7295200486, "tags": {"access": "customers", "fishing": "yes", "leisure": "fishing", "name": "Omble de fontaine"}}, "geometry": {"type": "Point", "coordinates": [-71.1048795, 47.3765469]}}, {"type": "Feature", "properties": {"osm_type": "node", "osm_id": 7295200487, "tags": {"access": "customers", "fishing": "yes", "leisure": "fishing", "name": "Omble de fontaine"}}, "geometry": {"type": "Point", "coordinates": [-71.1058809, 47.3750196]}}, {"type": "Feature", "properties": {"osm_type": "node", "osm_id": 7295200488, "tags": {"access": "customers", "fishing": "yes", "leisure": "fishing", "name": "Omble de fonatine"}}, "geometry": {"type": "Point", "coordinates": [-71.1064694, 47.3735215]}}, {"type": "Feature", "properties": {"osm_type": "node", "osm_id": 7295200489, "tags": {"access": "customers", "fishing": "yes", "leisure": "fishing", "name": "Omble de fontaine"}}, "geometry": {"type": "Point", "coordinates": [-71.1075169, 47.3740932]}}, {"type": "Feature", "properties": {"osm_type": "node", "osm_id": 7295200490, "tags": {"access": "customers", "fishing": "yes", "leisure": "fishing", "name": "Omble de fontaine"}}, "geometry": {"type": "Point", "coordinates": [-71.1074831, 47.3755705]}}, {"type": "Feature", "properties": {"osm_type": "node", "osm_id": 7295231629, "tags": {"access": "customers", "fishing": "yes", "leisure": "fishing", "name": "Omble de fontaine"}}, "geometry": {"type": "Point", "coordinates": [-71.1101751, 47.4809912]}}, {"type": "Feature", "properties": {"osm_type": "node", "osm_id": 7295231630, "tags": {"access": "customers", "fishing": "yes", "leisure": "fishing", "name": "Omble de fontaine"}}, "geometry": {"type": "Point", "coordinates": [-71.1093705, 47.480396]}}, {"type": "Feature", "properties": {"osm_type": "node", "osm_id": 7295238437, "tags": {"access": "customers", "fishing": "yes", "leisure": "fishing", "name": "Omble de fontaine"}}, "geometry": {"type": "Point", "coordinates": [-71.1605809, 47.4020342]}}, {"type": "Feature", "properties": {"osm_type": "node", "osm_id": 7295238438, "tags": {"access": "customers", "fishing": "yes", "leisure": "fishing", "name": "Omble de fontaine"}}, "geometry": {"type": "Point", "coordinates": [-71.1569065, 47.4019166]}}, {"type": "Feature", "properties": {"osm_type": "node", "osm_id": 7295238439, "tags": {"access": "customers", "fishing": "yes", "leisure": "fishing", "name": "Omble de fontaine"}}, "geometry": {"type": "Point", "coordinates": [-71.1580281, 47.4044172]}}, {"type": "Feature", "properties": {"osm_type": "node", "osm_id": 7295241332, "tags": {"access": "customers", "fishing": "yes", "leisure": "fishing", "name": "Omble de fontaine"}}, "geometry": {"type": "Point", "coordinates": [-71.1241536, 47.4691576]}}, {"type": "Feature", "properties": {"osm_type": "node", "osm_id": 7295241333, "tags": {"access": "customers", "fishing": "yes", "leisure": "fishing", "name": "Omble de fontaine"}}, "geometry": {"type": "Point", "coordinates": [-71.1240563, 47.4680044]}}, {"type": "Feature", "properties": {"osm_type": "node", "osm_id": 7295241334, "tags": {"access": "customers", "fishing": "yes", "leisure": "fishing", "name": "Omble de fontaine"}}, "geometry": {"type": "Point", "coordinates": [-71.1156909, 47.4694965]}}, {"type": "Feature", "properties": {"osm_type": "node", "osm_id": 7295275788, "tags": {"access": "customers", "fishing": "yes", "leisure": "fishing", "name": "Omble de fontaine"}}, "geometry": {"type": "Point", "coordinates": [-71.1881988, 47.2925986]}}, {"type": "Feature", "properties": {"osm_type": "node", "osm_id": 7295275789, "tags": {"access": "customers", "fishing": "yes", "leisure": "fishing", "name": "Omble de fontaine"}}, "geometry": {"type": "Point", "coordinates": [-71.188835, 47.2944415]}}, {"type": "Feature", "properties": {"osm_type": "node", "osm_id": 7295275790, "tags": {"access": "customers", "fishing": "yes", "leisure": "fishing", "name": "Omble de fontaine"}}, "geometry": {"type": "Point", "coordinates": [-71.1887758, 47.2979099]}}, {"type": "Feature", "properties": {"osm_type": "node", "osm_id": 7299278460, "tags": {"access": "customers", "fishing": "yes", "leisure": "fishing", "name": "Omble de fontaine"}}, "geometry": {"type": "Point", "coordinates": [-71.6030119, 47.5684621]}}, {"type": "Feature", "properties": {"osm_type": "node", "osm_id": 7299278461, "tags": {"access": "customers", "fishing": "yes", "leisure": "fishing", "name": "Omble de fontaine"}}, "geometry": {"type": "Point", "coordinates": [-71.601355, 47.578646]}}, {"type": "Feature", "properties": {"osm_type": "node", "osm_id": 7299286469, "tags": {"access": "customers", "fishing": "yes", "leisure": "fishing", "name": "Omble d efontaine"}}, "geometry": {"type": "Point", "coordinates": [-71.745759, 47.5239097]}}, {"type": "Feature", "properties": {"osm_type": "node", "osm_id": 7299286470, "tags": {"access": "customers", "fishing": "yes", "leisure": "fishing", "name": "Omble de fontaine"}}, "geometry": {"type": "Point", "coordinates": [-71.7422637, 47.521176]}}, {"type": "Feature", "properties": {"osm_type": "node", "osm_id": 7299286471, "tags": {"access": "customers", "fishing": "yes", "leisure": "fishing", "name": "Omble de fontaine"}}, "geometry": {"type": "Point", "coordinates": [-71.7396175, 47.5185221]}}, {"type": "Feature", "properties": {"osm_type": "node", "osm_id": 7299286472, "tags": {"access": "customers", "fishing": "yes", "leisure": "fishing", "name": "Omble de fontaine"}}, "geometry": {"type": "Point", "coordinates": [-71.7375835, 47.5161614]}}, {"type": "Feature", "properties": {"osm_type": "node", "osm_id": 7299286473, "tags": {"access": "customers", "fishing": "yes", "leisure": "fishing", "name": "Omble de fontaine"}}, "geometry": {"type": "Point", "coordinates": [-71.7316395, 47.5161881]}}, {"type": "Feature", "properties": {"osm_type": "node", "osm_id": 7299286474, "tags": {"access": "customers", "fishing": "yes", "leisure": "fishing", "name": "Omble d efontaine"}}, "geometry": {"type": "Point", "coordinates": [-71.7322912, 47.5129338]}}, {"type": "Feature", "properties": {"osm_type": "node", "osm_id": 7299286475, "tags": {"access": "customers", "fishing": "yes", "leisure": "fishing", "name": "Omble de fontaine"}}, "geometry": {"type": "Point", "coordinates": [-71.7361617, 47.5095191]}}, {"type": "Feature", "properties": {"osm_type": "node", "osm_id": 7299286476, "tags": {"access": "customers", "fishing": "yes", "leisure": "fishing", "name": "Omble de fontaine"}}, "geometry": {"type": "Point", "coordinates": [-71.7437052, 47.5080785]}}, {"type": "Feature", "properties": {"osm_type": "node", "osm_id": 7299286477, "tags": {"access": "customers", "fishing": "yes", "leisure": "fishing", "name": "Omble de fontaine"}}, "geometry": {"type": "Point", "coordinates": [-71.7461737, 47.5101061]}}, {"type": "Feature", "properties": {"osm_type": "node", "osm_id": 7299286478, "tags": {"access": "customers", "fishing": "yes", "leisure": "fishing", "name": "Omble de fontaine"}}, "geometry": {"type": "Point", "coordinates": [-71.7479312, 47.5119334]}}, {"type": "Feature", "properties": {"osm_type": "node", "osm_id": 7299290880, "tags": {"access": "customers", "fishing": "yes", "leisure": "fishing", "name": "Omble de fontaine"}}, "geometry": {"type": "Point", "coordinates": [-71.6603065, 47.5433907]}}, {"type": "Feature", "properties": {"osm_type": "node", "osm_id": 7299290881, "tags": {"access": "customers", "fishing": "yes", "leisure": "fishing", "name": "Omble de fontaine"}}, "geometry": {"type": "Point", "coordinates": [-71.6574054, 47.5419238]}}, {"type": "Feature", "properties": {"osm_type": "node", "osm_id": 7299314281, "tags": {"access": "customers", "fishing": "yes", "leisure": "fishing", "name": "Omble de fontaine"}}, "geometry": {"type": "Point", "coordinates": [-71.7618405, 47.6041468]}}, {"type": "Feature", "properties": {"osm_type": "node", "osm_id": 7299314282, "tags": {"access": "customers", "fishing": "yes", "leisure": "fishing", "name": "Omble de fontaine"}}, "geometry": {"type": "Point", "coordinates": [-71.760092, 47.6035406]}}, {"type": "Feature", "properties": {"osm_type": "node", "osm_id": 7299314283, "tags": {"access": "customers", "fishing": "yes", "leisure": "fishing", "name": "Omble de fontaine"}}, "geometry": {"type": "Point", "coordinates": [-71.7576357, 47.6028199]}}, {"type": "Feature", "properties": {"osm_type": "node", "osm_id": 7299324658, "tags": {"access": "customers", "fishing": "yes", "leisure": "fishing", "name": "Omble de fontaine"}}, "geometry": {"type": "Point", "coordinates": [-71.6322604, 47.6078277]}}, {"type": "Feature", "properties": {"osm_type": "node", "osm_id": 7299324666, "tags": {"access": "customers", "fishing": "yes", "leisure": "fishing", "name": "Ommble d efontaine"}}, "geometry": {"type": "Point", "coordinates": [-71.6722114, 47.5805624]}}, {"type": "Feature", "properties": {"osm_type": "node", "osm_id": 7299324667, "tags": {"access": "customers", "fishing": "yes", "leisure": "fishing", "name": "Omble d efontaine"}}, "geometry": {"type": "Point", "coordinates": [-71.6715235, 47.5797758]}}, {"type": "Feature", "properties": {"osm_type": "node", "osm_id": 7299324668, "tags": {"access": "customers", "fishing": "yes", "leisure": "fishing", "name": "Omble de fontaine"}}, "geometry": {"type": "Point", "coordinates": [-71.5638437, 47.5466724]}}, {"type": "Feature", "properties": {"osm_type": "node", "osm_id": 7299324670, "tags": {"access": "customers", "fishing": "yes", "leisure": "fishing", "name": "Omble de fontaine"}}, "geometry": {"type": "Point", "coordinates": [-71.6803043, 47.5458229]}}, {"type": "Feature", "properties": {"osm_type": "node", "osm_id": 7299324671, "tags": {"access": "customers", "fishing": "yes", "leisure": "fishing", "name": "Omble de fontaine"}}, "geometry": {"type": "Point", "coordinates": [-71.6735953, 47.5455305]}}, {"type": "Feature", "properties": {"osm_type": "node", "osm_id": 7299324672, "tags": {"access": "customers", "fishing": "yes", "leisure": "fishing", "name": "Omble d efontaine"}}, "geometry": {"type": "Point", "coordinates": [-71.6729574, 47.5425421]}}, {"type": "Feature", "properties": {"osm_type": "node", "osm_id": 7299324673, "tags": {"access": "customers", "fishing": "yes", "leisure": "fishing", "name": "Omble de fonatine"}}, "geometry": {"type": "Point", "coordinates": [-71.6474771, 47.5356772]}}, {"type": "Feature", "properties": {"osm_type": "node", "osm_id": 7299324674, "tags": {"access": "private", "fishing": "yes", "leisure": "fishing", "name": "Omble d efontaine"}}, "geometry": {"type": "Point", "coordinates": [-71.6405174, 47.5337977]}}, {"type": "Feature", "properties": {"osm_type": "node", "osm_id": 7299324675, "tags": {"access": "customers", "fishing": "yes", "leisure": "fishing", "name": "Omble d efontaine"}}, "geometry": {"type": "Point", "coordinates": [-71.6369409, 47.5323619]}}, {"type": "Feature", "properties": {"osm_type": "node", "osm_id": 7299325285, "tags": {"access": "customers", "fishing": "yes", "leisure": "fishing", "name": "Omble de fontaine"}}, "geometry": {"type": "Point", "coordinates": [-71.6392835, 47.5437316]}}, {"type": "Feature", "properties": {"osm_type": "node", "osm_id": 7299325286, "tags": {"access": "customers", "fishing": "yes", "leisure": "fishing", "name": "Omble de fontaine"}}, "geometry": {"type": "Point", "coordinates": [-71.6390095, 47.5452939]}}, {"type": "Feature", "properties": {"osm_type": "node", "osm_id": 7299325287, "tags": {"access": "customers", "fishing": "yes", "leisure": "fishing", "name": "Omble de fontaine"}}, "geometry": {"type": "Point", "coordinates": [-71.6389396, 47.5459747]}}, {"type": "Feature", "properties": {"osm_type": "node", "osm_id": 7299340294, "tags": {"access": "customers", "fishing": "yes", "leisure": "fishing", "name": "Omble de fontaine"}}, "geometry": {"type": "Point", "coordinates": [-71.5742146, 47.6099282]}}, {"type": "Feature", "properties": {"osm_type": "node", "osm_id": 7299340295, "tags": {"access": "customers", "fishing": "yes", "leisure": "fishing", "name": "Omble de fontaine"}}, "geometry": {"type": "Point", "coordinates": [-71.5736743, 47.6088563]}}, {"type": "Feature", "properties": {"osm_type": "node", "osm_id": 7299340296, "tags": {"access": "customers", "fishing": "yes", "leisure": "fishing", "name": "Omble de fontaine"}}, "geometry": {"type": "Point", "coordinates": [-71.5729333, 47.6075659]}}, {"type": "Feature", "properties": {"osm_type": "node", "osm_id": 7299340297, "tags": {"access": "customers", "fishing": "yes", "leisure": "fishing", "name": "Omble de fontaine"}}, "geometry": {"type": "Point", "coordinates": [-71.573628, 47.6118118]}}, {"type": "Feature", "properties": {"osm_type": "node", "osm_id": 7299340298, "tags": {"access": "customers", "fishing": "yes", "leisure": "fishing", "name": "Omble de fontaine"}}, "geometry": {"type": "Point", "coordinates": [-71.5729333, 47.6096993]}}, {"type": "Feature", "properties": {"osm_type": "node", "osm_id": 7299340299, "tags": {"access": "customers", "fishing": "yes", "leisure": "fishing", "name": "Omble de fontaine"}}, "geometry": {"type": "Point", "coordinates": [-71.5360001, 47.6514159]}}, {"type": "Feature", "properties": {"osm_type": "node", "osm_id": 7299358671, "tags": {"access": "customers", "fishing": "yes", "leisure": "fishing", "name": "Omble de fontaine"}}, "geometry": {"type": "Point", "coordinates": [-71.5863619, 47.5547167]}}, {"type": "Feature", "properties": {"osm_type": "node", "osm_id": 7299422375, "tags": {"access": "customers", "fishing": "yes", "leisure": "fishing", "name": "Omble de fontaine"}}, "geometry": {"type": "Point", "coordinates": [-71.6608573, 47.5905533]}}, {"type": "Feature", "properties": {"osm_type": "node", "osm_id": 7299422991, "tags": {"access": "customers", "fishing": "yes", "leisure": "fishing", "name": "Omble de fontaine"}}, "geometry": {"type": "Point", "coordinates": [-71.7582219, 47.6115488]}}, {"type": "Feature", "properties": {"osm_type": "node", "osm_id": 7299422992, "tags": {"access": "customers", "fishing": "yes", "leisure": "fishing", "name": "Omble de fontaine"}}, "geometry": {"type": "Point", "coordinates": [-71.7596906, 47.6114456]}}, {"type": "Feature", "properties": {"osm_type": "node", "osm_id": 7299435055, "tags": {"access": "customers", "fishing": "yes", "leisure": "fishing", "name": "Omble de fontaine"}}, "geometry": {"type": "Point", "coordinates": [-71.6064751, 47.6281684]}}, {"type": "Feature", "properties": {"osm_type": "node", "osm_id": 7299435056, "tags": {"access": "customers", "fishing": "yes", "leisure": "fishing", "name": "Omble d efontaine"}}, "geometry": {"type": "Point", "coordinates": [-71.6022925, 47.6298905]}}, {"type": "Feature", "properties": {"osm_type": "node", "osm_id": 7299435057, "tags": {"access": "customers", "fishing": "yes", "leisure": "fishing", "name": "Omble de fontaine"}}, "geometry": {"type": "Point", "coordinates": [-71.600894, 47.6295135]}}, {"type": "Feature", "properties": {"osm_type": "node", "osm_id": 7299437121, "tags": {"access": "customers", "fishing": "yes", "leisure": "fishing", "name": "Omble de fontaine"}}, "geometry": {"type": "Point", "coordinates": [-71.6261052, 47.488614]}}, {"type": "Feature", "properties": {"osm_type": "node", "osm_id": 7299437122, "tags": {"access": "customers", "fishing": "yes", "leisure": "fishing", "name": "Omble de fontaine"}}, "geometry": {"type": "Point", "coordinates": [-71.6175794, 47.4892947]}}, {"type": "Feature", "properties": {"osm_type": "node", "osm_id": 7299437123, "tags": {"access": "customers", "fishing": "yes", "leisure": "fishing", "name": "Omble de fontaine"}}, "geometry": {"type": "Point", "coordinates": [-71.6093893, 47.4871768]}}, {"type": "Feature", "properties": {"osm_type": "node", "osm_id": 7299437124, "tags": {"access": "customers", "fishing": "yes", "leisure": "fishing", "name": "Omble de fontaine"}}, "geometry": {"type": "Point", "coordinates": [-71.6032705, 47.4868295]}}, {"type": "Feature", "properties": {"osm_type": "node", "osm_id": 7299443655, "tags": {"access": "customers", "fishing": "yes", "leisure": "fishing", "name": "Omble de fontaine"}}, "geometry": {"type": "Point", "coordinates": [-71.6284188, 47.6005542]}}, {"type": "Feature", "properties": {"osm_type": "node", "osm_id": 7299443656, "tags": {"leisure": "fishing", "name": "Omble de fontaine"}}, "geometry": {"type": "Point", "coordinates": [-71.6286828, 47.5995617]}}, {"type": "Feature", "properties": {"osm_type": "node", "osm_id": 7299443657, "tags": {"access": "customers", "fishing": "yes", "leisure": "fishing", "name": "Omble de fontaine"}}, "geometry": {"type": "Point", "coordinates": [-71.6309261, 47.5981037]}}, {"type": "Feature", "properties": {"osm_type": "node", "osm_id": 7299443658, "tags": {"access": "customers", "fishing": "yes", "leisure": "fishing", "name": "Omble d efontaine"}}, "geometry": {"type": "Point", "coordinates": [-71.630378, 47.6004104]}}, {"type": "Feature", "properties": {"osm_type": "node", "osm_id": 7299453873, "tags": {"access": "customers", "fishing": "yes", "leisure": "fishing", "name": "Omble d efontaine"}}, "geometry": {"type": "Point", "coordinates": [-71.6403025, 47.5813548]}}, {"type": "Feature", "properties": {"osm_type": "node", "osm_id": 7299453874, "tags": {"access": "customers", "fishing": "yes", "leisure": "fishing", "name": "Omble de fontaine"}}, "geometry": {"type": "Point", "coordinates": [-71.6386844, 47.5838584]}}, {"type": "Feature", "properties": {"osm_type": "node", "osm_id": 7299453875, "tags": {"access": "customers", "fishing": "yes", "leisure": "fishing", "name": "Omble de fontaine"}}, "geometry": {"type": "Point", "coordinates": [-71.6106984, 47.5645963]}}, {"type": "Feature", "properties": {"osm_type": "node", "osm_id": 7299453876, "tags": {"access": "customers", "fishing": "yes", "leisure": "fishing", "name": "Omble de fontaine"}}, "geometry": {"type": "Point", "coordinates": [-71.6191736, 47.5620906]}}, {"type": "Feature", "properties": {"osm_type": "node", "osm_id": 7299453877, "tags": {"access": "customers", "fishing": "yes", "leisure": "fishing", "name": "Omble de fontaine"}}, "geometry": {"type": "Point", "coordinates": [-71.6265142, 47.5647007]}}, {"type": "Feature", "properties": {"osm_type": "node", "osm_id": 7299459470, "tags": {"access": "customers", "fishing": "yes", "leisure": "fishing", "name": "Omble de fontaine"}}, "geometry": {"type": "Point", "coordinates": [-71.5759073, 47.5737883]}}, {"type": "Feature", "properties": {"osm_type": "node", "osm_id": 7299500864, "tags": {"access": "customers", "fishing": "yes", "leisure": "fishing", "name": "Omble de fontaine"}}, "geometry": {"type": "Point", "coordinates": [-71.5565337, 47.5397368]}}, {"type": "Feature", "properties": {"osm_type": "node", "osm_id": 7299500865, "tags": {"access": "customers", "fishing": "yes", "leisure": "fishing", "name": "Omble de fontaine"}}, "geometry": {"type": "Point", "coordinates": [-71.5601542, 47.5392512]}}, {"type": "Feature", "properties": {"osm_type": "node", "osm_id": 7299500866, "tags": {"access": "customers", "fishing": "yes", "leisure": "fishing", "name": "Omble de fontaine"}}, "geometry": {"type": "Point", "coordinates": [-71.5590033, 47.5376002]}}, {"type": "Feature", "properties": {"osm_type": "node", "osm_id": 7299517841, "tags": {"access": "customers", "fishing": "yes", "leisure": "fishing", "name": "Omble de fontaine"}}, "geometry": {"type": "Point", "coordinates": [-71.5255912, 47.6497782]}}, {"type": "Feature", "properties": {"osm_type": "node", "osm_id": 7299529356, "tags": {"access": "customers", "fishing": "yes", "leisure": "fishing", "name": "Omble de fontaine"}}, "geometry": {"type": "Point", "coordinates": [-71.7084167, 47.5572875]}}, {"type": "Feature", "properties": {"osm_type": "node", "osm_id": 7299531326, "tags": {"access": "customers", "fishing": "yes", "leisure": "fishing", "name": "Omble de fontaine"}}, "geometry": {"type": "Point", "coordinates": [-71.6176149, 47.5726751]}}, {"type": "Feature", "properties": {"osm_type": "node", "osm_id": 7299531327, "tags": {"access": "customers", "fishing": "yes", "leisure": "fishing", "name": "Omble de fontaine"}}, "geometry": {"type": "Point", "coordinates": [-71.7186991, 47.599781]}}, {"type": "Feature", "properties": {"osm_type": "node", "osm_id": 7299531328, "tags": {"access": "customers", "fishing": "yes", "leisure": "fishing", "name": "Omble d efontaine"}}, "geometry": {"type": "Point", "coordinates": [-71.703138, 47.5834799]}}, {"type": "Feature", "properties": {"osm_type": "node", "osm_id": 7299531329, "tags": {"access": "customers", "fishing": "yes", "leisure": "fishing", "name": "Omble de fontaine"}}, "geometry": {"type": "Point", "coordinates": [-71.7057052, 47.5823344]}}, {"type": "Feature", "properties": {"osm_type": "node", "osm_id": 7299531330, "tags": {"access": "customers", "fishing": "yes", "leisure": "fishing", "name": "Omble de fontaine"}}, "geometry": {"type": "Point", "coordinates": [-71.7113727, 47.5902194]}}, {"type": "Feature", "properties": {"osm_type": "node", "osm_id": 7299531331, "tags": {"access": "customers", "fishing": "yes", "leisure": "fishing", "name": "Omble de fontaine"}}, "geometry": {"type": "Point", "coordinates": [-71.7098127, 47.5871428]}}, {"type": "Feature", "properties": {"osm_type": "node", "osm_id": 7299577691, "tags": {"access": "customers", "fishing": "yes", "leisure": "fishing", "name": "Omble de fontaine"}}, "geometry": {"type": "Point", "coordinates": [-71.6067585, 47.6161513]}}, {"type": "Feature", "properties": {"osm_type": "node", "osm_id": 7299577692, "tags": {"access": "customers", "fishing": "yes", "leisure": "fishing", "name": "Omble de fontaine"}}, "geometry": {"type": "Point", "coordinates": [-71.60895, 47.6128213]}}, {"type": "Feature", "properties": {"osm_type": "node", "osm_id": 7299577693, "tags": {"access": "customers", "fishing": "yes", "leisure": "fishing", "name": "Omble d efontaine"}}, "geometry": {"type": "Point", "coordinates": [-71.6199784, 47.6124639]}}, {"type": "Feature", "properties": {"osm_type": "node", "osm_id": 7299577694, "tags": {"access": "customers", "fishing": "yes", "leisure": "fishing", "name": "Omble de fontaine"}}, "geometry": {"type": "Point", "coordinates": [-71.5506607, 47.5923197]}}, {"type": "Feature", "properties": {"osm_type": "node", "osm_id": 7299813601, "tags": {"access": "customers", "fishing": "yes", "leisure": "fishing", "name": "Omble de fontaine"}}, "geometry": {"type": "Point", "coordinates": [-71.0118506, 47.5337032]}}, {"type": "Feature", "properties": {"osm_type": "node", "osm_id": 7299813603, "tags": {"access": "customers", "fishing": "yes", "leisure": "fishing", "name": "Touladi"}}, "geometry": {"type": "Point", "coordinates": [-71.0156654, 47.5191959]}}, {"type": "Feature", "properties": {"osm_type": "node", "osm_id": 7299813604, "tags": {"access": "customers", "fishing": "yes", "leisure": "fishing", "name": "Touladi"}}, "geometry": {"type": "Point", "coordinates": [-71.0173267, 47.5167131]}}, {"type": "Feature", "properties": {"osm_type": "node", "osm_id": 7299813605, "tags": {"access": "customers", "fishing": "yes", "leisure": "fishing", "name": "Touladi"}}, "geometry": {"type": "Point", "coordinates": [-71.0188644, 47.5136691]}}, {"type": "Feature", "properties": {"osm_type": "node", "osm_id": 7299813606, "tags": {"access": "customers", "fishing": "yes", "leisure": "fishing", "name": "Omble de fontaine"}}, "geometry": {"type": "Point", "coordinates": [-71.0250435, 47.4928908]}}, {"type": "Feature", "properties": {"osm_type": "node", "osm_id": 7299813607, "tags": {"access": "customers", "fishing": "yes", "leisure": "fishing", "name": "Omble de fontaine"}}, "geometry": {"type": "Point", "coordinates": [-71.0249263, 47.4954348]}}, {"type": "Feature", "properties": {"osm_type": "node", "osm_id": 7299813608, "tags": {"access": "customers", "fishing": "yes", "leisure": "fishing", "name": "Omble de fontaine"}}, "geometry": {"type": "Point", "coordinates": [-71.0245615, 47.4975209]}}, {"type": "Feature", "properties": {"osm_type": "node", "osm_id": 7299813609, "tags": {"access": "customers", "fishing": "yes", "leisure": "fishing", "name": "Touladi"}}, "geometry": {"type": "Point", "coordinates": [-71.0243917, 47.5003479]}}, {"type": "Feature", "properties": {"osm_type": "node", "osm_id": 7299813610, "tags": {"access": "customers", "fishing": "yes", "leisure": "fishing", "name": "Touladi"}}, "geometry": {"type": "Point", "coordinates": [-71.0238465, 47.5032082]}}, {"type": "Feature", "properties": {"osm_type": "node", "osm_id": 7299813611, "tags": {"access": "customers", "fishing": "yes", "leisure": "fishing", "name": "Touladi"}}, "geometry": {"type": "Point", "coordinates": [-71.023047, 47.5051355]}}, {"type": "Feature", "properties": {"osm_type": "node", "osm_id": 7299813612, "tags": {"access": "customers", "fishing": "yes", "leisure": "fishing", "name": "Touladi"}}, "geometry": {"type": "Point", "coordinates": [-71.0304791, 47.5002743]}}, {"type": "Feature", "properties": {"osm_type": "node", "osm_id": 7299813613, "tags": {"access": "customers", "fishing": "yes", "leisure": "fishing", "name": "Touladi"}}, "geometry": {"type": "Point", "coordinates": [-71.0280986, 47.482839]}}, {"type": "Feature", "properties": {"osm_type": "node", "osm_id": 7299813614, "tags": {"access": "customers", "fishing": "yes", "leisure": "fishing", "name": "Touladi"}}, "geometry": {"type": "Point", "coordinates": [-71.028462, 47.4808127]}}, {"type": "Feature", "properties": {"osm_type": "node", "osm_id": 7299813615, "tags": {"access": "customers", "fishing": "yes", "leisure": "fishing", "name": "Touladi"}}, "geometry": {"type": "Point", "coordinates": [-71.0291344, 47.4784425]}}, {"type": "Feature", "properties": {"osm_type": "node", "osm_id": 7299813616, "tags": {"access": "customers", "fishing": "yes", "leisure": "fishing", "name": "Omble de fontaine"}}, "geometry": {"type": "Point", "coordinates": [-71.0289527, 47.4824092]}}, {"type": "Feature", "properties": {"osm_type": "node", "osm_id": 7299813617, "tags": {"access": "customers", "fishing": "yes", "leisure": "fishing", "name": "Omble de fontaine"}}, "geometry": {"type": "Point", "coordinates": [-71.0291707, 47.4804443]}}, {"type": "Feature", "properties": {"osm_type": "node", "osm_id": 7299813618, "tags": {"access": "customers", "fishing": "yes", "leisure": "fishing", "name": "Omble de fontaine"}}, "geometry": {"type": "Point", "coordinates": [-71.0300611, 47.4780004]}}, {"type": "Feature", "properties": {"osm_type": "node", "osm_id": 7299813619, "tags": {"access": "customers", "fishing": "yes", "leisure": "fishing", "name": "Touladi"}}, "geometry": {"type": "Point", "coordinates": [-71.0380383, 47.4759002]}}, {"type": "Feature", "properties": {"osm_type": "node", "osm_id": 7299813620, "tags": {"access": "customers", "fishing": "yes", "leisure": "fishing", "name": "Omble de fontaine"}}, "geometry": {"type": "Point", "coordinates": [-71.0367845, 47.4707415]}}, {"type": "Feature", "properties": {"osm_type": "node", "osm_id": 7299813621, "tags": {"access": "customers", "fishing": "yes", "leisure": "fishing", "name": "Omble de fontaine"}}, "geometry": {"type": "Point", "coordinates": [-71.0407458, 47.4684568]}}, {"type": "Feature", "properties": {"osm_type": "node", "osm_id": 7299813622, "tags": {"access": "customers", "fishing": "yes", "leisure": "fishing", "name": "Omble de fontaine"}}, "geometry": {"type": "Point", "coordinates": [-71.034822, 47.4662948]}}, {"type": "Feature", "properties": {"osm_type": "node", "osm_id": 7299813623, "tags": {"access": "customers", "fishing": "yes", "leisure": "fishing", "name": "Omble de fontaine"}}, "geometry": {"type": "Point", "coordinates": [-71.0466697, 47.451183]}}, {"type": "Feature", "properties": {"osm_type": "node", "osm_id": 7299813624, "tags": {"access": "customers", "fishing": "yes", "leisure": "fishing", "name": "Touladi"}}, "geometry": {"type": "Point", "coordinates": [-71.0451433, 47.4499296]}}, {"type": "Feature", "properties": {"osm_type": "node", "osm_id": 7299813625, "tags": {"access": "customers", "fishing": "yes", "leisure": "fishing", "name": "Omble de fontaine"}}, "geometry": {"type": "Point", "coordinates": [-71.0458156, 47.4355015]}}, {"type": "Feature", "properties": {"osm_type": "node", "osm_id": 7299813626, "tags": {"access": "customers", "fishing": "yes", "leisure": "fishing", "name": "Touladi"}}, "geometry": {"type": "Point", "coordinates": [-71.0449252, 47.4362513]}}, {"type": "Feature", "properties": {"osm_type": "node", "osm_id": 7299813627, "tags": {"access": "customers", "fishing": "yes", "leisure": "fishing", "name": "Touladi"}}, "geometry": {"type": "Point", "coordinates": [-71.0529206, 47.4286916]}}, {"type": "Feature", "properties": {"osm_type": "node", "osm_id": 7299818830, "tags": {"access": "customers", "fishing": "yes", "leisure": "fishing", "name": "Omble de fontaine"}}, "geometry": {"type": "Point", "coordinates": [-71.0675665, 47.4573988]}}, {"type": "Feature", "properties": {"osm_type": "node", "osm_id": 7299818831, "tags": {"access": "customers", "fishing": "yes", "leisure": "fishing", "name": "Omble de fontaine"}}, "geometry": {"type": "Point", "coordinates": [-71.0676187, 47.4558641]}}, {"type": "Feature", "properties": {"osm_type": "node", "osm_id": 7299872415, "tags": {"access": "customers", "fishing": "yes", "leisure": "fishing", "name": "Omble de fontaine"}}, "geometry": {"type": "Point", "coordinates": [-71.0497501, 47.5239344]}}, {"type": "Feature", "properties": {"osm_type": "node", "osm_id": 7299872416, "tags": {"access": "customers", "fishing": "yes", "leisure": "fishing", "name": "Omble de fontaine"}}, "geometry": {"type": "Point", "coordinates": [-71.0421173, 47.5282718]}}, {"type": "Feature", "properties": {"osm_type": "node", "osm_id": 7299872417, "tags": {"access": "customers", "fishing": "yes", "leisure": "fishing", "name": "Omble de fontaine"}}, "geometry": {"type": "Point", "coordinates": [-71.0469147, 47.5273645]}}, {"type": "Feature", "properties": {"osm_type": "node", "osm_id": 7299872418, "tags": {"leisure": "fishing", "name": "Omble de fontaine"}}, "geometry": {"type": "Point", "coordinates": [-71.0375216, 47.5309666]}}, {"type": "Feature", "properties": {"osm_type": "node", "osm_id": 7299872419, "tags": {"access": "customers", "fishing": "yes", "leisure": "fishing", "name": "Omble de fontaine"}}, "geometry": {"type": "Point", "coordinates": [-71.0401688, 47.5333347]}}, {"type": "Feature", "properties": {"osm_type": "node", "osm_id": 7299872420, "tags": {"access": "customers", "fishing": "yes", "leisure": "fishing", "name": "Omble de fontaine"}}, "geometry": {"type": "Point", "coordinates": [-71.0366481, 47.5348589]}}, {"type": "Feature", "properties": {"osm_type": "node", "osm_id": 7299872479, "tags": {"access": "customers", "fishing": "yes", "leisure": "fishing", "name": "Omble de fontaine"}}, "geometry": {"type": "Point", "coordinates": [-71.0917358, 47.4776528]}}, {"type": "Feature", "properties": {"osm_type": "node", "osm_id": 7299872481, "tags": {"access": "customers", "fishing": "yes", "leisure": "fishing", "name": "Omble de fontaine"}}, "geometry": {"type": "Point", "coordinates": [-71.0975932, 47.4763405]}}, {"type": "Feature", "properties": {"osm_type": "node", "osm_id": 7299872482, "tags": {"access": "customers", "fishing": "yes", "leisure": "fishing", "name": "Omble de fontaine"}}, "geometry": {"type": "Point", "coordinates": [-71.0947624, 47.4761585]}}, {"type": "Feature", "properties": {"osm_type": "node", "osm_id": 7299872483, "tags": {"access": "customers", "fishing": "yes", "leisure": "fishing", "name": "Omble de fontaine"}}, "geometry": {"type": "Point", "coordinates": [-71.0906426, 47.4752597]}}, {"type": "Feature", "properties": {"osm_type": "node", "osm_id": 7299872484, "tags": {"access": "customers", "fishing": "yes", "leisure": "fishing", "name": "Omble de fontaine"}}, "geometry": {"type": "Point", "coordinates": [-71.0931389, 47.4737323]}}, {"type": "Feature", "properties": {"osm_type": "node", "osm_id": 7299879422, "tags": {"access": "customers", "fishing": "yes", "leisure": "fishing", "name": "Omble de fontaine"}}, "geometry": {"type": "Point", "coordinates": [-70.969984, 47.4178758]}}, {"type": "Feature", "properties": {"osm_type": "node", "osm_id": 7299879423, "tags": {"access": "customers", "fishing": "yes", "leisure": "fishing", "name": "Omble de fontaine"}}, "geometry": {"type": "Point", "coordinates": [-70.9676955, 47.4196299]}}, {"type": "Feature", "properties": {"osm_type": "node", "osm_id": 7299879424, "tags": {"access": "customers", "fishing": "yes", "leisure": "fishing", "name": "Omble de fontaine"}}, "geometry": {"type": "Point", "coordinates": [-70.9672147, 47.4170378]}}, {"type": "Feature", "properties": {"osm_type": "node", "osm_id": 7299879431, "tags": {"access": "customers", "fishing": "yes", "leisure": "fishing", "name": "Omble de fontaine"}}, "geometry": {"type": "Point", "coordinates": [-71.0792412, 47.4273892]}}, {"type": "Feature", "properties": {"osm_type": "node", "osm_id": 7299879432, "tags": {"access": "customers", "fishing": "yes", "leisure": "fishing", "name": "Omble de fontaine"}}, "geometry": {"type": "Point", "coordinates": [-71.0794753, 47.4284043]}}, {"type": "Feature", "properties": {"osm_type": "node", "osm_id": 7299879433, "tags": {"access": "customers", "fishing": "yes", "leisure": "fishing", "name": "Omble de fontaine"}}, "geometry": {"type": "Point", "coordinates": [-71.0783091, 47.4282884]}}, {"type": "Feature", "properties": {"osm_type": "node", "osm_id": 7299904772, "tags": {"access": "customers", "fishing": "yes", "leisure": "fishing", "name": "Omble de fontaine"}}, "geometry": {"type": "Point", "coordinates": [-71.4492722, 47.9986983]}}, {"type": "Feature", "properties": {"osm_type": "node", "osm_id": 7299904773, "tags": {"access": "customers", "fishing": "yes", "leisure": "fishing", "name": "Omble de fontaine"}}, "geometry": {"type": "Point", "coordinates": [-71.4485817, 48.0020842]}}, {"type": "Feature", "properties": {"osm_type": "node", "osm_id": 7299904774, "tags": {"access": "customers", "fishing": "yes", "leisure": "fishing", "name": "Omble de fontaine"}}, "geometry": {"type": "Point", "coordinates": [-71.447169, 48.0010934]}}, {"type": "Feature", "properties": {"osm_type": "node", "osm_id": 7299904775, "tags": {"access": "customers", "fishing": "yes", "leisure": "fishing", "name": "Omble de fontaine"}}, "geometry": {"type": "Point", "coordinates": [-71.4460107, 48.0002302]}}, {"type": "Feature", "properties": {"osm_type": "node", "osm_id": 7299941274, "tags": {"access": "customers", "fishing": "yes", "leisure": "fishing", "name": "Omble de fontaine"}}, "geometry": {"type": "Point", "coordinates": [-71.6038821, 48.0365762]}}, {"type": "Feature", "properties": {"osm_type": "node", "osm_id": 7299941275, "tags": {"access": "customers", "fishing": "yes", "leisure": "fishing", "name": "Omble de fontaine"}}, "geometry": {"type": "Point", "coordinates": [-71.601982, 48.0351411]}}, {"type": "Feature", "properties": {"osm_type": "node", "osm_id": 7299941276, "tags": {"access": "customers", "fishing": "yes", "leisure": "fishing", "name": "Omble de fontaine"}}, "geometry": {"type": "Point", "coordinates": [-71.6002434, 48.0351308]}}, {"type": "Feature", "properties": {"osm_type": "node", "osm_id": 7299941277, "tags": {"access": "customers", "fishing": "yes", "leisure": "fishing", "name": "Omble de fontaine"}}, "geometry": {"type": "Point", "coordinates": [-71.6008896, 48.0341226]}}, {"type": "Feature", "properties": {"osm_type": "node", "osm_id": 7299941278, "tags": {"access": "customers", "fishing": "yes", "leisure": "fishing", "name": "Omble de fontaine"}}, "geometry": {"type": "Point", "coordinates": [-71.6024359, 48.0340248]}}, {"type": "Feature", "properties": {"osm_type": "node", "osm_id": 7299945157, "tags": {"access": "customers", "fishing": "yes", "leisure": "fishing", "name": "Omble de fontaine"}}, "geometry": {"type": "Point", "coordinates": [-71.4655918, 47.9146221]}}, {"type": "Feature", "properties": {"osm_type": "node", "osm_id": 7299994925, "tags": {"access": "customers", "fishing": "yes", "leisure": "fishing", "name": "Omble de fontaine"}}, "geometry": {"type": "Point", "coordinates": [-71.5261632, 48.090944]}}, {"type": "Feature", "properties": {"osm_type": "node", "osm_id": 7299994926, "tags": {"access": "customers", "fishing": "yes", "leisure": "fishing", "name": "Omble de fontaine"}}, "geometry": {"type": "Point", "coordinates": [-71.5297871, 48.0901846]}}, {"type": "Feature", "properties": {"osm_type": "node", "osm_id": 7300083760, "tags": {"access": "customers", "fishing": "yes", "leisure": "fishing", "name": "Omble de fontaine"}}, "geometry": {"type": "Point", "coordinates": [-71.4990679, 48.0048686]}}, {"type": "Feature", "properties": {"osm_type": "node", "osm_id": 7300083761, "tags": {"access": "customers", "fishing": "yes", "leisure": "fishing", "name": "Omble de fontaine"}}, "geometry": {"type": "Point", "coordinates": [-71.5013206, 48.0035467]}}, {"type": "Feature", "properties": {"osm_type": "node", "osm_id": 7300083762, "tags": {"access": "customers", "fishing": "yes", "leisure": "fishing", "name": "Omble de fontaine"}}, "geometry": {"type": "Point", "coordinates": [-71.5067941, 48.0005781]}}, {"type": "Feature", "properties": {"osm_type": "node", "osm_id": 7300083763, "tags": {"access": "customers", "fishing": "yes", "leisure": "fishing", "name": "Omble de fontaine"}}, "geometry": {"type": "Point", "coordinates": [-71.5053743, 47.9997687]}}, {"type": "Feature", "properties": {"osm_type": "node", "osm_id": 7300083817, "tags": {"access": "customers", "fishing": "yes", "leisure": "fishing", "name": "Omble de fontaine"}}, "geometry": {"type": "Point", "coordinates": [-71.5258544, 48.0674454]}}, {"type": "Feature", "properties": {"osm_type": "node", "osm_id": 7300083818, "tags": {"access": "customers", "fishing": "yes", "leisure": "fishing", "name": "Omble de fontaine"}}, "geometry": {"type": "Point", "coordinates": [-71.5242066, 48.0665452]}}, {"type": "Feature", "properties": {"osm_type": "node", "osm_id": 7300083819, "tags": {"access": "customers", "fishing": "yes", "leisure": "fishing", "name": "Omble de fontaine"}}, "geometry": {"type": "Point", "coordinates": [-71.5290175, 48.0592387]}}, {"type": "Feature", "properties": {"osm_type": "node", "osm_id": 7300083820, "tags": {"access": "customers", "fishing": "yes", "leisure": "fishing", "name": "Omble de fontaine"}}, "geometry": {"type": "Point", "coordinates": [-71.5293302, 48.0561518]}}, {"type": "Feature", "properties": {"osm_type": "node", "osm_id": 7300083852, "tags": {"access": "customers", "fishing": "yes", "leisure": "fishing", "name": "Omble de fontaine"}}, "geometry": {"type": "Point", "coordinates": [-71.7445737, 48.0964328]}}, {"type": "Feature", "properties": {"osm_type": "node", "osm_id": 7300083853, "tags": {"access": "customers", "fishing": "yes", "leisure": "fishing", "name": "Omble de fontaine"}}, "geometry": {"type": "Point", "coordinates": [-71.7473739, 48.0929697]}}, {"type": "Feature", "properties": {"osm_type": "node", "osm_id": 7300107841, "tags": {"access": "customers", "fishing": "yes", "leisure": "fishing", "name": "Omble d efontaine"}}, "geometry": {"type": "Point", "coordinates": [-71.6384924, 48.008924]}}, {"type": "Feature", "properties": {"osm_type": "node", "osm_id": 7300188819, "tags": {"access": "customers", "fishing": "yes", "leisure": "fishing", "name": "Omble de fontaine"}}, "geometry": {"type": "Point", "coordinates": [-71.6369206, 47.9189588]}}, {"type": "Feature", "properties": {"osm_type": "node", "osm_id": 7300188820, "tags": {"access": "customers", "fishing": "yes", "leisure": "fishing", "name": "Omble de fontaine"}}, "geometry": {"type": "Point", "coordinates": [-71.6370677, 47.9171003]}}, {"type": "Feature", "properties": {"osm_type": "node", "osm_id": 7300189449, "tags": {"access": "customers", "fishing": "yes", "leisure": "fishing", "name": "Omble de fontaine"}}, "geometry": {"type": "Point", "coordinates": [-71.4819066, 48.0110446]}}, {"type": "Feature", "properties": {"osm_type": "node", "osm_id": 7300201416, "tags": {"access": "customers", "fishing": "yes", "leisure": "fishing", "name": "Omble de fontaine"}}, "geometry": {"type": "Point", "coordinates": [-71.555563, 48.0091085]}}, {"type": "Feature", "properties": {"osm_type": "node", "osm_id": 7300201417, "tags": {"access": "customers", "fishing": "yes", "leisure": "fishing", "name": "Omble de fontaine"}}, "geometry": {"type": "Point", "coordinates": [-71.5453602, 48.0127857]}}, {"type": "Feature", "properties": {"osm_type": "node", "osm_id": 7302482597, "tags": {"access": "customers", "fishing": "yes", "leisure": "fishing", "name": "Omble de fontaine"}}, "geometry": {"type": "Point", "coordinates": [-71.7230172, 48.0734524]}}, {"type": "Feature", "properties": {"osm_type": "node", "osm_id": 7302482598, "tags": {"access": "customers", "fishing": "yes", "leisure": "fishing", "name": "Omble d efontaine"}}, "geometry": {"type": "Point", "coordinates": [-71.7225183, 48.0747105]}}, {"type": "Feature", "properties": {"osm_type": "node", "osm_id": 7302482599, "tags": {"access": "customers", "fishing": "yes", "leisure": "fishing", "name": "Omble de fontaine"}}, "geometry": {"type": "Point", "coordinates": [-71.7221749, 48.075836]}}, {"type": "Feature", "properties": {"osm_type": "node", "osm_id": 7302482600, "tags": {"access": "customers", "fishing": "yes", "leisure": "fishing", "name": "Omble de fontaine"}}, "geometry": {"type": "Point", "coordinates": [-71.7217243, 48.0777393]}}, {"type": "Feature", "properties": {"osm_type": "node", "osm_id": 7304216039, "tags": {"access": "customers", "fishing": "yes", "leisure": "fishing", "name": "Omble de fontaine"}}, "geometry": {"type": "Point", "coordinates": [-71.5340594, 48.0855692]}}, {"type": "Feature", "properties": {"osm_type": "node", "osm_id": 7304216040, "tags": {"access": "customers", "fishing": "yes", "leisure": "fishing", "name": "Omble de fontaine"}}, "geometry": {"type": "Point", "coordinates": [-71.5309418, 48.0794013]}}, {"type": "Feature", "properties": {"osm_type": "node", "osm_id": 7304216041, "tags": {"access": "customers", "fishing": "yes", "leisure": "fishing", "name": "Omble de fontaine"}}, "geometry": {"type": "Point", "coordinates": [-71.5337873, 48.0749024]}}, {"type": "Feature", "properties": {"osm_type": "node", "osm_id": 7304228161, "tags": {"access": "customers", "fishing": "yes", "leisure": "fishing", "name": "Omble de fontaine"}}, "geometry": {"type": "Point", "coordinates": [-71.5671839, 47.9134504]}}, {"type": "Feature", "properties": {"osm_type": "node", "osm_id": 7304322542, "tags": {"access": "customers", "fishing": "yes", "leisure": "fishing", "name": "Omble de fontaine"}}, "geometry": {"type": "Point", "coordinates": [-71.2422943, 47.9296315]}}, {"type": "Feature", "properties": {"osm_type": "node", "osm_id": 7304322543, "tags": {"access": "customers", "fishing": "yes", "leisure": "fishing", "name": "Omble de fontaine"}}, "geometry": {"type": "Point", "coordinates": [-71.236632, 47.9340189]}}, {"type": "Feature", "properties": {"osm_type": "node", "osm_id": 7304322544, "tags": {"access": "customers", "fishing": "yes", "leisure": "fishing", "name": "Omble de fontaine"}}, "geometry": {"type": "Point", "coordinates": [-71.2384549, 47.9354381]}}, {"type": "Feature", "properties": {"osm_type": "node", "osm_id": 7304322545, "tags": {"access": "customers", "fishing": "yes", "leisure": "fishing", "name": "Omble de fontaine"}}, "geometry": {"type": "Point", "coordinates": [-71.2429868, 47.9340667]}}, {"type": "Feature", "properties": {"osm_type": "node", "osm_id": 7304366513, "tags": {"access": "customers", "fishing": "yes", "leisure": "fishing", "name": "Omble de fontaine"}}, "geometry": {"type": "Point", "coordinates": [-71.2224971, 47.9315052]}}, {"type": "Feature", "properties": {"osm_type": "node", "osm_id": 7304366515, "tags": {"access": "customers", "fishing": "yes", "leisure": "fishing", "name": "Omble de fontaine"}}, "geometry": {"type": "Point", "coordinates": [-71.2238481, 47.9322858]}}, {"type": "Feature", "properties": {"osm_type": "node", "osm_id": 7304374058, "tags": {"access": "customers", "fishing": "yes", "leisure": "fishing", "name": "Omble de fontaine"}}, "geometry": {"type": "Point", "coordinates": [-71.5791861, 47.920913]}}, {"type": "Feature", "properties": {"osm_type": "node", "osm_id": 7304374064, "tags": {"access": "customers", "fishing": "yes", "leisure": "fishing", "name": "Omble de fontaine"}}, "geometry": {"type": "Point", "coordinates": [-71.4496443, 47.9144664]}}, {"type": "Feature", "properties": {"osm_type": "node", "osm_id": 7309238800, "tags": {"access": "customers", "fishing": "yes", "leisure": "fishing", "name": "Omble de fontaine"}}, "geometry": {"type": "Point", "coordinates": [-70.7317852, 47.5833488]}}, {"type": "Feature", "properties": {"osm_type": "node", "osm_id": 7309238801, "tags": {"access": "customers", "fishing": "yes", "leisure": "fishing", "name": "Omble de fontaine"}}, "geometry": {"type": "Point", "coordinates": [-70.7299302, 47.5861371]}}, {"type": "Feature", "properties": {"osm_type": "node", "osm_id": 7309238802, "tags": {"access": "customers", "fishing": "yes", "leisure": "fishing", "name": "Omble de fontaine"}}, "geometry": {"type": "Point", "coordinates": [-70.7291685, 47.5889294]}}, {"type": "Feature", "properties": {"osm_type": "node", "osm_id": 7309404947, "tags": {"access": "customers", "fishing": "yes", "leisure": "fishing", "name": "Omble de fontaine"}}, "geometry": {"type": "Point", "coordinates": [-70.7395269, 47.6177793]}}, {"type": "Feature", "properties": {"osm_type": "node", "osm_id": 7309404948, "tags": {"access": "customers", "fishing": "yes", "leisure": "fishing", "name": "Omble de fontaine"}}, "geometry": {"type": "Point", "coordinates": [-70.7362617, 47.6202107]}}, {"type": "Feature", "properties": {"osm_type": "node", "osm_id": 7309404949, "tags": {"access": "customers", "fishing": "yes", "leisure": "fishing", "name": "Omble de fontaine"}}, "geometry": {"type": "Point", "coordinates": [-70.7351697, 47.6211178]}}, {"type": "Feature", "properties": {"osm_type": "node", "osm_id": 7309500183, "tags": {"access": "customers", "fishing": "yes", "leisure": "fishing", "name": "Omble de fontaine"}}, "geometry": {"type": "Point", "coordinates": [-70.7119181, 47.6059394]}}, {"type": "Feature", "properties": {"osm_type": "node", "osm_id": 7309500184, "tags": {"access": "customers", "fishing": "yes", "leisure": "fishing", "name": "Omble de fontaine"}}, "geometry": {"type": "Point", "coordinates": [-70.7067443, 47.6063988]}}, {"type": "Feature", "properties": {"osm_type": "node", "osm_id": 7310009675, "tags": {"access": "customers", "fishing": "yes", "leisure": "fishing", "name": "Omble de fontaine"}}, "geometry": {"type": "Point", "coordinates": [-70.7379655, 47.6035004]}}, {"type": "Feature", "properties": {"osm_type": "node", "osm_id": 7310009676, "tags": {"access": "permissive", "fishing": "yes", "leisure": "fishing", "name": "Omble de fontaine"}}, "geometry": {"type": "Point", "coordinates": [-70.7357752, 47.6045586]}}, {"type": "Feature", "properties": {"osm_type": "node", "osm_id": 7310009677, "tags": {"access": "yes", "fishing": "permissive", "leisure": "fishing", "name": "Omble de fontaine"}}, "geometry": {"type": "Point", "coordinates": [-70.7359649, 47.6026282]}}, {"type": "Feature", "properties": {"osm_type": "node", "osm_id": 7310009678, "tags": {"access": "customers", "fishing": "yes", "leisure": "fishing", "name": "Omble de fontaine"}}, "geometry": {"type": "Point", "coordinates": [-70.7251511, 47.6052563]}}, {"type": "Feature", "properties": {"osm_type": "node", "osm_id": 7310009679, "tags": {"access": "customers", "fishing": "yes", "leisure": "fishing", "name": "Omble de fontaine"}}, "geometry": {"type": "Point", "coordinates": [-70.7202012, 47.6070355]}}, {"type": "Feature", "properties": {"osm_type": "node", "osm_id": 7310009680, "tags": {"access": "customers", "fishing": "yes", "leisure": "fishing", "name": "Omble de fontaine"}}, "geometry": {"type": "Point", "coordinates": [-70.7168381, 47.608768]}}, {"type": "Feature", "properties": {"osm_type": "node", "osm_id": 7310083757, "tags": {"access": "customers", "fishing": "yes", "leisure": "fishing", "name": "Omble de fontaine"}}, "geometry": {"type": "Point", "coordinates": [-70.8349053, 47.5582182]}}, {"type": "Feature", "properties": {"osm_type": "node", "osm_id": 7310085896, "tags": {"access": "customers", "fishing": "yes", "leisure": "fishing", "name": "Omble de fontaine"}}, "geometry": {"type": "Point", "coordinates": [-70.8500284, 47.5354851]}}, {"type": "Feature", "properties": {"osm_type": "node", "osm_id": 7310085897, "tags": {"access": "customers", "fishing": "yes", "leisure": "fishing", "name": "Omble de fontaine"}}, "geometry": {"type": "Point", "coordinates": [-70.8479958, 47.5304261]}}, {"type": "Feature", "properties": {"osm_type": "node", "osm_id": 7310085898, "tags": {"access": "customers", "fishing": "yes", "leisure": "fishing", "name": "Omble de fontaine"}}, "geometry": {"type": "Point", "coordinates": [-70.8533359, 47.5298089]}}, {"type": "Feature", "properties": {"osm_type": "node", "osm_id": 7310111137, "tags": {"access": "customers", "fishing": "yes", "leisure": "fishing", "name": "Omble d efontaine"}}, "geometry": {"type": "Point", "coordinates": [-70.8312595, 47.5604701]}}, {"type": "Feature", "properties": {"osm_type": "node", "osm_id": 7310111138, "tags": {"access": "customers", "fishing": "yes", "leisure": "fishing", "name": "Omble de fontaine"}}, "geometry": {"type": "Point", "coordinates": [-70.8328293, 47.5586745]}}, {"type": "Feature", "properties": {"osm_type": "node", "osm_id": 7310111142, "tags": {"access": "customers", "fishing": "yes", "leisure": "fishing", "name": "Omble de fontaine"}}, "geometry": {"type": "Point", "coordinates": [-70.7689558, 47.5617537]}}, {"type": "Feature", "properties": {"osm_type": "node", "osm_id": 7310111143, "tags": {"access": "customers", "fishing": "yes", "leisure": "fishing", "name": "Omble d efontaine"}}, "geometry": {"type": "Point", "coordinates": [-70.7673539, 47.5620783]}}, {"type": "Feature", "properties": {"osm_type": "node", "osm_id": 7310111144, "tags": {"access": "customers", "fishing": "yes", "leisure": "fishing", "name": "Omble de fontaine"}}, "geometry": {"type": "Point", "coordinates": [-70.7664386, 47.562573]}}, {"type": "Feature", "properties": {"osm_type": "node", "osm_id": 7310111145, "tags": {"access": "customers", "fishing": "yes", "leisure": "fishing", "name": "Omble de fontaine"}}, "geometry": {"type": "Point", "coordinates": [-70.7688017, 47.5625793]}}, {"type": "Feature", "properties": {"osm_type": "node", "osm_id": 7310111146, "tags": {"access": "customers", "fishing": "yes", "leisure": "fishing", "name": "Omble de fontaine"}}, "geometry": {"type": "Point", "coordinates": [-70.7677509, 47.5630331]}}, {"type": "Feature", "properties": {"osm_type": "node", "osm_id": 7310111147, "tags": {"access": "customers", "fishing": "yes", "leisure": "fishing", "name": "Omble de fontaine"}}, "geometry": {"type": "Point", "coordinates": [-70.7667374, 47.56326]}}, {"type": "Feature", "properties": {"osm_type": "node", "osm_id": 7319839215, "tags": {"access": "customers", "fishing": "yes", "leisure": "fishing", "name": "Omble de fontaine"}}, "geometry": {"type": "Point", "coordinates": [-71.595344, 47.4874771]}}, {"type": "Feature", "properties": {"osm_type": "node", "osm_id": 7319839216, "tags": {"access": "customers", "fishing": "yes", "leisure": "fishing", "name": "Omble de fontaine"}}, "geometry": {"type": "Point", "coordinates": [-71.5916706, 47.4889158]}}, {"type": "Feature", "properties": {"osm_type": "node", "osm_id": 7319978554, "tags": {"access": "customers", "fishing": "yes", "leisure": "fishing", "name": "Omble de fontaine"}}, "geometry": {"type": "Point", "coordinates": [-71.8713469, 47.7872583]}}, {"type": "Feature", "properties": {"osm_type": "node", "osm_id": 7319989411, "tags": {"access": "customers", "fishing": "yes", "leisure": "fishing", "name": "Omble de fontaine"}}, "geometry": {"type": "Point", "coordinates": [-71.604265, 47.5023673]}}, {"type": "Feature", "properties": {"osm_type": "node", "osm_id": 7319989412, "tags": {"access": "customers", "fishing": "yes", "leisure": "fishing", "name": "Omble de fontaine"}}, "geometry": {"type": "Point", "coordinates": [-71.6043824, 47.5008228]}}, {"type": "Feature", "properties": {"osm_type": "node", "osm_id": 7319989413, "tags": {"access": "customers", "fishing": "yes", "leisure": "fishing", "name": "Omble de fontaine"}}, "geometry": {"type": "Point", "coordinates": [-71.6049917, 47.4997579]}}, {"type": "Feature", "properties": {"osm_type": "node", "osm_id": 7325797066, "tags": {"access": "customers", "fishing": "yes", "leisure": "fishing", "name": "Omble de fontaine"}}, "geometry": {"type": "Point", "coordinates": [-71.8827491, 47.7905576]}}, {"type": "Feature", "properties": {"osm_type": "node", "osm_id": 7325797067, "tags": {"access": "customers", "fishing": "yes", "leisure": "fishing", "name": "Ombnle de fontaine"}}, "geometry": {"type": "Point", "coordinates": [-71.8912439, 47.7819138]}}, {"type": "Feature", "properties": {"osm_type": "node", "osm_id": 7325797068, "tags": {"access": "customers", "fishing": "yes", "leisure": "fishing", "name": "Omble de fontaine"}}, "geometry": {"type": "Point", "coordinates": [-71.8865559, 47.7768587]}}, {"type": "Feature", "properties": {"osm_type": "node", "osm_id": 7325797069, "tags": {"access": "customers", "fishing": "yes", "leisure": "fishing", "name": "Omble de fontaine"}}, "geometry": {"type": "Point", "coordinates": [-71.8850114, 47.7760955]}}, {"type": "Feature", "properties": {"osm_type": "node", "osm_id": 7325797070, "tags": {"access": "customers", "fishing": "yes", "leisure": "fishing", "name": "Omble de fontaine"}}, "geometry": {"type": "Point", "coordinates": [-71.8752265, 47.8070964]}}, {"type": "Feature", "properties": {"osm_type": "node", "osm_id": 7325797071, "tags": {"access": "customers", "fishing": "yes", "leisure": "fishing", "name": "Omble de fontaine"}}, "geometry": {"type": "Point", "coordinates": [-71.879433, 47.8161448]}}, {"type": "Feature", "properties": {"osm_type": "node", "osm_id": 7325797072, "tags": {"access": "customers", "fishing": "yes", "leisure": "fishing", "name": "Omble de fontaine"}}, "geometry": {"type": "Point", "coordinates": [-71.874496, 47.8316293]}}, {"type": "Feature", "properties": {"osm_type": "node", "osm_id": 7325797073, "tags": {"access": "customers", "fishing": "yes", "leisure": "fishing", "name": "Omble de fontaine"}}, "geometry": {"type": "Point", "coordinates": [-71.8656974, 47.8390748]}}, {"type": "Feature", "properties": {"osm_type": "node", "osm_id": 7325920618, "tags": {"access": "customers", "fishing": "yes", "leisure": "fishing", "name": "Omble de fontaine"}}, "geometry": {"type": "Point", "coordinates": [-71.9186875, 47.7679099]}}, {"type": "Feature", "properties": {"osm_type": "node", "osm_id": 7325920629, "tags": {"access": "customers", "fishing": "yes", "leisure": "fishing", "name": "Omble de fontaine"}}, "geometry": {"type": "Point", "coordinates": [-71.8589985, 47.7893796]}}, {"type": "Feature", "properties": {"osm_type": "node", "osm_id": 7325920630, "tags": {"access": "customers", "fishing": "yes", "leisure": "fishing", "name": "Omble de fontaine"}}, "geometry": {"type": "Point", "coordinates": [-71.8545008, 47.7873105]}}, {"type": "Feature", "properties": {"osm_type": "node", "osm_id": 7326292844, "tags": {"access": "customers", "fishing": "yes", "leisure": "fishing", "name": "Omble de fontaine"}}, "geometry": {"type": "Point", "coordinates": [-71.7688146, 47.7589418]}}, {"type": "Feature", "properties": {"osm_type": "node", "osm_id": 7326292845, "tags": {"access": "customers", "fishing": "yes", "leisure": "fishing", "name": "Omble de fontaine"}}, "geometry": {"type": "Point", "coordinates": [-71.765809, 47.7650156]}}, {"type": "Feature", "properties": {"osm_type": "node", "osm_id": 7326292846, "tags": {"access": "customers", "fishing": "yes", "leisure": "fishing", "name": "Omble de fontaine"}}, "geometry": {"type": "Point", "coordinates": [-71.8045062, 47.7927778]}}, {"type": "Feature", "properties": {"osm_type": "node", "osm_id": 7326292847, "tags": {"access": "customers", "fishing": "yes", "leisure": "fishing", "name": "Omble de fontaine"}}, "geometry": {"type": "Point", "coordinates": [-71.801583, 47.7934006]}}, {"type": "Feature", "properties": {"osm_type": "node", "osm_id": 7326292860, "tags": {"access": "customers", "fishing": "yes", "leisure": "fishing", "name": "Omble de fontaine"}}, "geometry": {"type": "Point", "coordinates": [-71.8781007, 47.7624186]}}, {"type": "Feature", "properties": {"osm_type": "node", "osm_id": 7326292861, "tags": {"access": "customers", "fishing": "yes", "leisure": "fishing", "name": "Omble de fontaine"}}, "geometry": {"type": "Point", "coordinates": [-71.881596, 47.7673221]}}, {"type": "Feature", "properties": {"osm_type": "node", "osm_id": 7326301720, "tags": {"access": "customers", "fishing": "yes", "leisure": "fishing", "name": "Omble de fontaine"}}, "geometry": {"type": "Point", "coordinates": [-71.8545753, 47.7548968]}}, {"type": "Feature", "properties": {"osm_type": "node", "osm_id": 7326301721, "tags": {"access": "customers", "fishing": "yes", "leisure": "fishing", "name": "Omble de fontaine"}}, "geometry": {"type": "Point", "coordinates": [-71.8685023, 47.7510681]}}, {"type": "Feature", "properties": {"osm_type": "node", "osm_id": 7326301722, "tags": {"access": "customers", "fishing": "yes", "leisure": "fishing", "name": "Omble de fontaine"}}, "geometry": {"type": "Point", "coordinates": [-71.865243, 47.7500088]}}, {"type": "Feature", "properties": {"osm_type": "node", "osm_id": 7326390826, "tags": {"access": "customers", "fishing": "yes", "leisure": "fishing", "name": "Omble de fontaine"}}, "geometry": {"type": "Point", "coordinates": [-71.8365178, 47.7801029]}}, {"type": "Feature", "properties": {"osm_type": "node", "osm_id": 7326390827, "tags": {"access": "customers", "fishing": "yes", "leisure": "fishing", "name": "Omble de fontaine"}}, "geometry": {"type": "Point", "coordinates": [-71.8342383, 47.7781906]}}, {"type": "Feature", "properties": {"osm_type": "node", "osm_id": 7326390828, "tags": {"access": "customers", "fishing": "yes", "leisure": "fishing", "name": "Omble de fontaine"}}, "geometry": {"type": "Point", "coordinates": [-71.8324686, 47.7847836]}}, {"type": "Feature", "properties": {"osm_type": "node", "osm_id": 7329638667, "tags": {"access": "customers", "fishing": "yes", "leisure": "fishing", "name": "Omble de fontaine"}}, "geometry": {"type": "Point", "coordinates": [-71.8575091, 47.8267568]}}, {"type": "Feature", "properties": {"osm_type": "node", "osm_id": 7329638668, "tags": {"access": "customers", "fishing": "yes", "leisure": "fishing", "name": "Omble de fontaine"}}, "geometry": {"type": "Point", "coordinates": [-71.8331779, 47.8465173]}}, {"type": "Feature", "properties": {"osm_type": "node", "osm_id": 7329638669, "tags": {"access": "customers", "fishing": "yes", "leisure": "fishing", "name": "Omble de fontaine"}}, "geometry": {"type": "Point", "coordinates": [-71.8227674, 47.8474576]}}, {"type": "Feature", "properties": {"osm_type": "node", "osm_id": 7329638670, "tags": {"access": "customers", "fishing": "yes", "leisure": "fishing", "name": "Omble de fontaine"}}, "geometry": {"type": "Point", "coordinates": [-71.8159762, 47.8455509]}}, {"type": "Feature", "properties": {"osm_type": "node", "osm_id": 7329638671, "tags": {"access": "customers", "fishing": "yes", "leisure": "fishing", "name": "Omble de fontaine"}}, "geometry": {"type": "Point", "coordinates": [-71.8079396, 47.8469352]}}, {"type": "Feature", "properties": {"osm_type": "node", "osm_id": 7329755212, "tags": {"access": "customers", "fishing": "yes", "leisure": "fishing", "name": "Omble de fontaine"}}, "geometry": {"type": "Point", "coordinates": [-71.848374, 47.7395103]}}, {"type": "Feature", "properties": {"osm_type": "node", "osm_id": 7329755213, "tags": {"access": "customers", "fishing": "yes", "leisure": "fishing", "name": "Omble de fontaine"}}, "geometry": {"type": "Point", "coordinates": [-71.8491772, 47.7361565]}}, {"type": "Feature", "properties": {"osm_type": "node", "osm_id": 7329871655, "tags": {"access": "customers", "fishing": "yes", "leisure": "fishing", "name": "Omble de fontaine"}}, "geometry": {"type": "Point", "coordinates": [-71.8856753, 47.8331147]}}, {"type": "Feature", "properties": {"osm_type": "node", "osm_id": 7329871656, "tags": {"access": "customers", "fishing": "yes", "leisure": "fishing", "name": "Omble de fontaine"}}, "geometry": {"type": "Point", "coordinates": [-71.8880695, 47.8337542]}}, {"type": "Feature", "properties": {"osm_type": "node", "osm_id": 7329952694, "tags": {"access": "customers", "fishing": "yes", "leisure": "fishing", "name": "Omble de fontaine"}}, "geometry": {"type": "Point", "coordinates": [-71.9513434, 47.8005607]}}, {"type": "Feature", "properties": {"osm_type": "node", "osm_id": 7329952695, "tags": {"access": "customers", "fishing": "yes", "leisure": "fishing", "name": "Omble de fontaine"}}, "geometry": {"type": "Point", "coordinates": [-71.9687417, 47.8379621]}}, {"type": "Feature", "properties": {"osm_type": "node", "osm_id": 7329952696, "tags": {"access": "customers", "fishing": "yes", "leisure": "fishing", "name": "Omble de fonatine"}}, "geometry": {"type": "Point", "coordinates": [-71.9661298, 47.839642]}}, {"type": "Feature", "properties": {"osm_type": "node", "osm_id": 7329952697, "tags": {"access": "customers", "fishing": "yes", "leisure": "fishing", "name": "Omble de fontaine"}}, "geometry": {"type": "Point", "coordinates": [-71.9648943, 47.8442701]}}, {"type": "Feature", "properties": {"osm_type": "node", "osm_id": 7329966793, "tags": {"access": "customers", "fishing": "yes", "leisure": "fishing", "name": "Omble de fontaine"}}, "geometry": {"type": "Point", "coordinates": [-71.9108304, 47.7361257]}}, {"type": "Feature", "properties": {"osm_type": "node", "osm_id": 7329966794, "tags": {"access": "customers", "fishing": "yes", "leisure": "fishing", "name": "Omble de fontaine"}}, "geometry": {"type": "Point", "coordinates": [-71.9293182, 47.7124561]}}, {"type": "Feature", "properties": {"osm_type": "node", "osm_id": 7329966795, "tags": {"access": "customers", "fishing": "yes", "leisure": "fishing", "name": "Omble de fontaine"}}, "geometry": {"type": "Point", "coordinates": [-71.9302523, 47.7074719]}}, {"type": "Feature", "properties": {"osm_type": "node", "osm_id": 7332092333, "tags": {"access": "customers", "fishing": "yes", "leisure": "fishing", "name": "Omble de fontaine"}}, "geometry": {"type": "Point", "coordinates": [-71.1342531, 47.6829069]}}, {"type": "Feature", "properties": {"osm_type": "node", "osm_id": 7332092334, "tags": {"access": "customers", "fishing": "yes", "leisure": "fishing", "name": "Omble de fontaine"}}, "geometry": {"type": "Point", "coordinates": [-71.1349397, 47.686094]}}, {"type": "Feature", "properties": {"osm_type": "node", "osm_id": 7332150316, "tags": {"access": "customers", "fishing": "yes", "leisure": "fishing", "name": "Omble de fontaine"}}, "geometry": {"type": "Point", "coordinates": [-71.0841996, 47.7188638]}}, {"type": "Feature", "properties": {"osm_type": "node", "osm_id": 7332150317, "tags": {"access": "customers", "fishing": "yes", "leisure": "fishing", "name": "Omble de fontaine"}}, "geometry": {"type": "Point", "coordinates": [-71.0775836, 47.7174831]}}, {"type": "Feature", "properties": {"osm_type": "node", "osm_id": 7332150318, "tags": {"access": "customers", "fishing": "yes", "leisure": "fishing", "name": "Omble de fontaine"}}, "geometry": {"type": "Point", "coordinates": [-71.0782865, 47.7155727]}}, {"type": "Feature", "properties": {"osm_type": "node", "osm_id": 7332150319, "tags": {"access": "customers", "fishing": "yes", "leisure": "fishing", "name": "Omble de fontaine"}}, "geometry": {"type": "Point", "coordinates": [-71.0739477, 47.7142172]}}, {"type": "Feature", "properties": {"osm_type": "node", "osm_id": 7332150320, "tags": {"access": "customers", "fishing": "yes", "leisure": "fishing", "name": "Omble de fontaine"}}, "geometry": {"type": "Point", "coordinates": [-71.0689904, 47.7146333]}}, {"type": "Feature", "properties": {"osm_type": "node", "osm_id": 7332150321, "tags": {"access": "customers", "fishing": "yes", "leisure": "fishing", "name": "Omble de fontaine"}}, "geometry": {"type": "Point", "coordinates": [-71.0662634, 47.7127796]}}, {"type": "Feature", "properties": {"osm_type": "node", "osm_id": 7332150322, "tags": {"access": "customers", "fishing": "yes", "leisure": "fishing", "name": "Omble de fontaine"}}, "geometry": {"type": "Point", "coordinates": [-71.0651857, 47.7150999]}}, {"type": "Feature", "properties": {"osm_type": "node", "osm_id": 7332150323, "tags": {"access": "customers", "fishing": "yes", "leisure": "fishing", "name": "Omble d efontaine"}}, "geometry": {"type": "Point", "coordinates": [-71.0676035, 47.716985]}}, {"type": "Feature", "properties": {"osm_type": "node", "osm_id": 7332150324, "tags": {"access": "permissive", "fishing": "yes", "leisure": "fishing", "name": "Omble de fontaine"}}, "geometry": {"type": "Point", "coordinates": [-71.0705647, 47.7181766]}}, {"type": "Feature", "properties": {"osm_type": "node", "osm_id": 7335682439, "tags": {"access": "customers", "fishing": "yes", "leisure": "fishing", "name": "Omble de fontaine"}}, "geometry": {"type": "Point", "coordinates": [-71.2402141, 47.8081013]}}, {"type": "Feature", "properties": {"osm_type": "node", "osm_id": 7335901689, "tags": {"access": "customers", "fishing": "yes", "leisure": "fishing", "name": "Omble de fontaine"}}, "geometry": {"type": "Point", "coordinates": [-71.0072507, 47.6307798]}}, {"type": "Feature", "properties": {"osm_type": "node", "osm_id": 7335901690, "tags": {"access": "customers", "fishing": "yes", "leisure": "fishing", "name": "Omble de fontaine"}}, "geometry": {"type": "Point", "coordinates": [-71.0145432, 47.621074]}}, {"type": "Feature", "properties": {"osm_type": "node", "osm_id": 7335916221, "tags": {"access": "customers", "fishing": "yes", "leisure": "fishing", "name": "Omble de fontaine"}}, "geometry": {"type": "Point", "coordinates": [-71.1746556, 47.8249125]}}, {"type": "Feature", "properties": {"osm_type": "node", "osm_id": 7335916222, "tags": {"access": "customers", "fishing": "yes", "leisure": "fishing", "name": "Omble de fontaine"}}, "geometry": {"type": "Point", "coordinates": [-71.1739991, 47.8241005]}}, {"type": "Feature", "properties": {"osm_type": "node", "osm_id": 7335916223, "tags": {"access": "customers", "fishing": "yes", "leisure": "fishing", "name": "Omble de fontaine"}}, "geometry": {"type": "Point", "coordinates": [-71.1768326, 47.8217538]}}, {"type": "Feature", "properties": {"osm_type": "node", "osm_id": 7335932673, "tags": {"access": "customers", "fishing": "yes", "leisure": "fishing", "name": "Omble de fontaine"}}, "geometry": {"type": "Point", "coordinates": [-71.5047067, 47.7067028]}}, {"type": "Feature", "properties": {"osm_type": "node", "osm_id": 7335945880, "tags": {"access": "customers", "fishing": "yes", "leisure": "fishing", "name": "Omble de fontaine"}}, "geometry": {"type": "Point", "coordinates": [-71.0489482, 47.6258104]}}, {"type": "Feature", "properties": {"osm_type": "node", "osm_id": 7335945881, "tags": {"access": "customers", "fishing": "yes", "leisure": "fishing", "name": "Omble de fontaine"}}, "geometry": {"type": "Point", "coordinates": [-71.0477997, 47.6290294]}}, {"type": "Feature", "properties": {"osm_type": "node", "osm_id": 7335945882, "tags": {"access": "customers", "fishing": "yes", "leisure": "fishing", "name": "Omble de fontaine"}}, "geometry": {"type": "Point", "coordinates": [-71.0401794, 47.6228492]}}, {"type": "Feature", "properties": {"osm_type": "node", "osm_id": 7335945883, "tags": {"access": "customers", "fishing": "yes", "leisure": "fishing", "name": "Omble de fontaine"}}, "geometry": {"type": "Point", "coordinates": [-71.0784754, 47.5980641]}}, {"type": "Feature", "properties": {"osm_type": "node", "osm_id": 7335945884, "tags": {"access": "customers", "fishing": "yes", "leisure": "fishing", "name": "Omble de fontaine"}}, "geometry": {"type": "Point", "coordinates": [-71.0870338, 47.6011376]}}, {"type": "Feature", "properties": {"osm_type": "node", "osm_id": 7336538090, "tags": {"access": "customers", "fishing": "yes", "leisure": "fishing", "name": "Omble de fontaine"}}, "geometry": {"type": "Point", "coordinates": [-71.0777827, 47.5835146]}}, {"type": "Feature", "properties": {"osm_type": "node", "osm_id": 7336538091, "tags": {"access": "customers", "fishing": "yes", "leisure": "fishing", "name": "Omble de fontaine"}}, "geometry": {"type": "Point", "coordinates": [-71.0795641, 47.5883071]}}, {"type": "Feature", "properties": {"osm_type": "node", "osm_id": 7340779055, "tags": {"access": "customers", "fishing": "yes", "leisure": "fishing", "name": "Omble de fontaine"}}, "geometry": {"type": "Point", "coordinates": [-71.1423248, 47.769106]}}, {"type": "Feature", "properties": {"osm_type": "node", "osm_id": 7340779056, "tags": {"access": "customers", "fishing": "yes", "leisure": "fishing", "name": "Omble de fontaine"}}, "geometry": {"type": "Point", "coordinates": [-71.1409864, 47.775232]}}, {"type": "Feature", "properties": {"osm_type": "node", "osm_id": 7340779057, "tags": {"access": "customers", "fishing": "yes", "leisure": "fishing", "name": "Omble de fontaine"}}, "geometry": {"type": "Point", "coordinates": [-71.1259205, 47.7859773]}}, {"type": "Feature", "properties": {"osm_type": "node", "osm_id": 7340779058, "tags": {"access": "customers", "fishing": "yes", "leisure": "fishing", "name": "Omble de fontaine"}}, "geometry": {"type": "Point", "coordinates": [-71.1297495, 47.7894919]}}, {"type": "Feature", "properties": {"osm_type": "node", "osm_id": 7340779059, "tags": {"access": "customers", "fishing": "yes", "leisure": "fishing", "name": "Omble de fontaine"}}, "geometry": {"type": "Point", "coordinates": [-71.1288361, 47.7922214]}}, {"type": "Feature", "properties": {"osm_type": "node", "osm_id": 7340779060, "tags": {"access": "customers", "fishing": "yes", "leisure": "fishing", "name": "Omble de fontaine"}}, "geometry": {"type": "Point", "coordinates": [-71.1421904, 47.8013115]}}, {"type": "Feature", "properties": {"osm_type": "node", "osm_id": 7340779061, "tags": {"access": "customers", "fishing": "yes", "leisure": "fishing", "name": "Omble de fontaine"}}, "geometry": {"type": "Point", "coordinates": [-71.1419949, 47.8047393]}}, {"type": "Feature", "properties": {"osm_type": "node", "osm_id": 7340779062, "tags": {"access": "customers", "fishing": "yes", "leisure": "fishing", "name": "Omble de fontaine"}}, "geometry": {"type": "Point", "coordinates": [-71.1220183, 47.7995656]}}, {"type": "Feature", "properties": {"osm_type": "node", "osm_id": 7340779063, "tags": {"access": "customers", "fishing": "yes", "leisure": "fishing", "name": "Omble de fontaine"}}, "geometry": {"type": "Point", "coordinates": [-71.1105904, 47.8032523]}}, {"type": "Feature", "properties": {"osm_type": "node", "osm_id": 7340779064, "tags": {"access": "customers", "fishing": "yes", "leisure": "fishing", "name": "Omble de fontaine"}}, "geometry": {"type": "Point", "coordinates": [-71.1128792, 47.8099653]}}, {"type": "Feature", "properties": {"osm_type": "node", "osm_id": 7340779065, "tags": {"access": "customers", "fishing": "yes", "leisure": "fishing", "name": "Omble de fontaine"}}, "geometry": {"type": "Point", "coordinates": [-71.1125746, 47.8133889]}}, {"type": "Feature", "properties": {"osm_type": "node", "osm_id": 7340779066, "tags": {"access": "customers", "fishing": "yes", "leisure": "fishing", "name": "Omble de fontaine"}}, "geometry": {"type": "Point", "coordinates": [-71.1183549, 47.8140328]}}, {"type": "Feature", "properties": {"osm_type": "node", "osm_id": 7340779067, "tags": {"access": "customers", "fishing": "yes", "leisure": "fishing", "name": "Omble de fontaine"}}, "geometry": {"type": "Point", "coordinates": [-71.1165199, 47.817183]}}, {"type": "Feature", "properties": {"osm_type": "node", "osm_id": 7340779068, "tags": {"access": "customers", "fishing": "yes", "leisure": "fishing", "name": "Omble de fontaine"}}, "geometry": {"type": "Point", "coordinates": [-71.1126591, 47.8264373]}}, {"type": "Feature", "properties": {"osm_type": "node", "osm_id": 7340779069, "tags": {"access": "customers", "fishing": "yes", "leisure": "fishing", "name": "Omble de fontaine"}}, "geometry": {"type": "Point", "coordinates": [-71.1089477, 47.8309635]}}, {"type": "Feature", "properties": {"osm_type": "node", "osm_id": 7340779070, "tags": {"access": "customers", "fishing": "yes", "leisure": "fishing", "name": "Omble de fontaine"}}, "geometry": {"type": "Point", "coordinates": [-71.1066395, 47.8344917]}}, {"type": "Feature", "properties": {"osm_type": "node", "osm_id": 7340779071, "tags": {"access": "customers", "fishing": "yes", "leisure": "fishing", "name": "Omble de fontaine"}}, "geometry": {"type": "Point", "coordinates": [-71.1089477, 47.8372115]}}, {"type": "Feature", "properties": {"osm_type": "node", "osm_id": 7340779072, "tags": {"access": "customers", "fishing": "yes", "leisure": "fishing", "name": "Omble de fontaine"}}, "geometry": {"type": "Point", "coordinates": [-71.1120945, 47.8401875]}}, {"type": "Feature", "properties": {"osm_type": "node", "osm_id": 7340779073, "tags": {"access": "customers", "fishing": "yes", "leisure": "fishing", "name": "Omble de fontaine"}}, "geometry": {"type": "Point", "coordinates": [-71.1093628, 47.8442165]}}, {"type": "Feature", "properties": {"osm_type": "node", "osm_id": 7340779074, "tags": {"access": "customers", "fishing": "yes", "leisure": "fishing", "name": "Omble de fontaine"}}, "geometry": {"type": "Point", "coordinates": [-71.1070994, 47.8494986]}}, {"type": "Feature", "properties": {"osm_type": "node", "osm_id": 7340779075, "tags": {"access": "customers", "fishing": "yes", "leisure": "fishing", "name": "Omble de fontaine"}}, "geometry": {"type": "Point", "coordinates": [-71.1088409, 47.8506006]}}, {"type": "Feature", "properties": {"osm_type": "node", "osm_id": 7340779076, "tags": {"access": "customers", "fishing": "yes", "leisure": "fishing", "name": "Omble de fontaine"}}, "geometry": {"type": "Point", "coordinates": [-71.1108982, 47.8504432]}}, {"type": "Feature", "properties": {"osm_type": "node", "osm_id": 7342954972, "tags": {"access": "customers", "fishing": "yes", "leisure": "fishing", "name": "Omble de fontaine"}}, "geometry": {"type": "Point", "coordinates": [-71.0055105, 47.6360725]}}, {"type": "Feature", "properties": {"osm_type": "node", "osm_id": 7342954973, "tags": {"leisure": "fishing", "name": "Omble de fontaine"}}, "geometry": {"type": "Point", "coordinates": [-71.0049701, 47.6369075]}}, {"type": "Feature", "properties": {"osm_type": "node", "osm_id": 7347235930, "tags": {"access": "customers", "fishing": "yes", "leisure": "fishing", "name": "Omble de fontaine"}}, "geometry": {"type": "Point", "coordinates": [-71.1118758, 47.7768815]}}, {"type": "Feature", "properties": {"osm_type": "node", "osm_id": 7347235931, "tags": {"access": "customers", "fishing": "yes", "leisure": "fishing", "name": "Omble de fontaine"}}, "geometry": {"type": "Point", "coordinates": [-71.1160602, 47.7787432]}}, {"type": "Feature", "properties": {"osm_type": "node", "osm_id": 7347235932, "tags": {"access": "customers", "fishing": "yes", "leisure": "fishing", "name": "Omble de fontaine"}}, "geometry": {"type": "Point", "coordinates": [-71.1128244, 47.7788832]}}, {"type": "Feature", "properties": {"osm_type": "node", "osm_id": 7347235933, "tags": {"access": "customers", "fishing": "yes", "leisure": "fishing", "name": "Omble de fontaine"}}, "geometry": {"type": "Point", "coordinates": [-71.1092517, 47.7780372]}}, {"type": "Feature", "properties": {"osm_type": "node", "osm_id": 7347235934, "tags": {"access": "customers", "fishing": "yes", "leisure": "fishing", "name": "Omble de fontaine"}}, "geometry": {"type": "Point", "coordinates": [-71.1073147, 47.7768189]}}, {"type": "Feature", "properties": {"osm_type": "node", "osm_id": 7347235935, "tags": {"access": "customers", "fishing": "yes", "leisure": "fishing", "name": "Omble de fontaine"}}, "geometry": {"type": "Point", "coordinates": [-71.107297, 47.7745848]}}, {"type": "Feature", "properties": {"osm_type": "node", "osm_id": 7347235936, "tags": {"access": "customers", "fishing": "yes", "leisure": "fishing", "name": "Omble de fontaine"}}, "geometry": {"type": "Point", "coordinates": [-71.1072925, 47.7732532]}}, {"type": "Feature", "properties": {"osm_type": "node", "osm_id": 7347235937, "tags": {"access": "customers", "fishing": "yes", "leisure": "fishing", "name": "Omble de fontaine"}}, "geometry": {"type": "Point", "coordinates": [-71.1099166, 47.7747278]}}, {"type": "Feature", "properties": {"osm_type": "node", "osm_id": 7347716807, "tags": {"access": "customers", "fishing": "yes", "leisure": "fishing", "name": "Omble de fontaine"}}, "geometry": {"type": "Point", "coordinates": [-71.0866963, 47.40272]}}, {"type": "Feature", "properties": {"osm_type": "node", "osm_id": 7351391658, "tags": {"access": "customers", "fishing": "yes", "leisure": "fishing", "name": "Omble de fontaine"}}, "geometry": {"type": "Point", "coordinates": [-71.1062515, 47.3760254]}}, {"type": "Feature", "properties": {"osm_type": "node", "osm_id": 7352032961, "tags": {"access": "customers", "fishing": "yes", "leisure": "fishing", "name": "Omble de fontaine"}}, "geometry": {"type": "Point", "coordinates": [-70.9380722, 47.5211982]}}, {"type": "Feature", "properties": {"osm_type": "node", "osm_id": 7352032962, "tags": {"access": "customers", "fishing": "yes", "leisure": "fishing", "name": "Omble de fontaine"}}, "geometry": {"type": "Point", "coordinates": [-70.9370063, 47.5204544]}}, {"type": "Feature", "properties": {"osm_type": "node", "osm_id": 7352032963, "tags": {"access": "customers", "fishing": "yes", "leisure": "fishing", "name": "Omble de fontaine"}}, "geometry": {"type": "Point", "coordinates": [-70.9355548, 47.5197689]}}, {"type": "Feature", "properties": {"osm_type": "node", "osm_id": 7352032964, "tags": {"access": "customers", "fishing": "yes", "leisure": "fishing", "name": "Omble de fontaine"}}, "geometry": {"type": "Point", "coordinates": [-70.939549, 47.518415]}}, {"type": "Feature", "properties": {"osm_type": "node", "osm_id": 7352039526, "tags": {"access": "customers", "fishing": "yes", "leisure": "fishing", "name": "Omble de fontaine"}}, "geometry": {"type": "Point", "coordinates": [-70.9763473, 47.4665473]}}, {"type": "Feature", "properties": {"osm_type": "node", "osm_id": 7352039527, "tags": {"access": "customers", "fishing": "yes", "leisure": "fishing", "name": "Omble de fontaine"}}, "geometry": {"type": "Point", "coordinates": [-70.9758806, 47.4670877]}}, {"type": "Feature", "properties": {"osm_type": "node", "osm_id": 7352039528, "tags": {"access": "customers", "fishing": "yes", "leisure": "fishing", "name": "Omble de fontaine"}}, "geometry": {"type": "Point", "coordinates": [-70.9726244, 47.4687939]}}, {"type": "Feature", "properties": {"osm_type": "node", "osm_id": 7352039529, "tags": {"access": "customers", "fishing": "yes", "leisure": "fishing", "name": "Omble de fontaine"}}, "geometry": {"type": "Point", "coordinates": [-70.9750652, 47.4662318]}}, {"type": "Feature", "properties": {"osm_type": "node", "osm_id": 7352039539, "tags": {"access": "customers", "fishing": "yes", "leisure": "fishing", "name": "Omble de fontaine"}}, "geometry": {"type": "Point", "coordinates": [-70.9701942, 47.4731133]}}, {"type": "Feature", "properties": {"osm_type": "node", "osm_id": 7352247986, "tags": {"access": "customers", "fishing": "yes", "leisure": "fishing", "name": "Omble de fontaine"}}, "geometry": {"type": "Point", "coordinates": [-71.2945334, 47.5946112]}}, {"type": "Feature", "properties": {"osm_type": "node", "osm_id": 7352247987, "tags": {"access": "customers", "fishing": "yes", "leisure": "fishing", "name": "Omble de fontaine"}}, "geometry": {"type": "Point", "coordinates": [-71.2880737, 47.5948793]}}, {"type": "Feature", "properties": {"osm_type": "node", "osm_id": 7352247988, "tags": {"access": "customers", "fishing": "yes", "leisure": "fishing", "name": "Omble de fontaine"}}, "geometry": {"type": "Point", "coordinates": [-71.2942936, 47.5847233]}}, {"type": "Feature", "properties": {"osm_type": "node", "osm_id": 7352247989, "tags": {"access": "customers", "fishing": "yes", "leisure": "fishing", "name": "Omble de fontaine"}}, "geometry": {"type": "Point", "coordinates": [-71.2904804, 47.5854781]}}, {"type": "Feature", "properties": {"osm_type": "node", "osm_id": 7352247990, "tags": {"access": "customers", "fishing": "yes", "leisure": "fishing", "name": "Omble de fontaine"}}, "geometry": {"type": "Point", "coordinates": [-71.28751, 47.5865404]}}, {"type": "Feature", "properties": {"osm_type": "node", "osm_id": 7352512963, "tags": {"access": "customers", "fishing": "yes", "leisure": "fishing", "name": "Omble de fontaine"}}, "geometry": {"type": "Point", "coordinates": [-71.0616751, 47.7863327]}}, {"type": "Feature", "properties": {"osm_type": "node", "osm_id": 7352512964, "tags": {"access": "customers", "fishing": "yes", "leisure": "fishing", "name": "Omble de fontaine"}}, "geometry": {"type": "Point", "coordinates": [-71.0608446, 47.7839145]}}, {"type": "Feature", "properties": {"osm_type": "node", "osm_id": 7352512965, "tags": {"access": "customers", "fishing": "yes", "leisure": "fishing", "name": "Omble de fontaine"}}, "geometry": {"type": "Point", "coordinates": [-71.0642359, 47.7847283]}}, {"type": "Feature", "properties": {"osm_type": "node", "osm_id": 7352512966, "tags": {"access": "customers", "fishing": "yes", "leisure": "fishing", "name": "Omble de fontaine"}}, "geometry": {"type": "Point", "coordinates": [-71.0549616, 47.7865768]}}, {"type": "Feature", "properties": {"osm_type": "node", "osm_id": 7352512967, "tags": {"access": "customers", "fishing": "yes", "leisure": "fishing", "name": "Omble de fontaine"}}, "geometry": {"type": "Point", "coordinates": [-71.0577127, 47.7892274]}}, {"type": "Feature", "properties": {"osm_type": "node", "osm_id": 7352512968, "tags": {"access": "customers", "fishing": "yes", "leisure": "fishing", "name": "Omble de fontaine"}}, "geometry": {"type": "Point", "coordinates": [-71.0533697, 47.7896808]}}, {"type": "Feature", "properties": {"osm_type": "node", "osm_id": 7352512969, "tags": {"access": "customers", "fishing": "yes", "leisure": "fishing", "name": "Omble de fontaine"}}, "geometry": {"type": "Point", "coordinates": [-71.0549789, 47.792773]}}, {"type": "Feature", "properties": {"osm_type": "node", "osm_id": 7352623250, "tags": {"access": "customers", "fishing": "yes", "leisure": "fishing", "name": "Omble de fontaine"}}, "geometry": {"type": "Point", "coordinates": [-71.3334744, 47.6936539]}}, {"type": "Feature", "properties": {"osm_type": "node", "osm_id": 7352623251, "tags": {"access": "customers", "fishing": "yes", "leisure": "fishing", "name": "Omble de fontaine"}}, "geometry": {"type": "Point", "coordinates": [-71.3321088, 47.695241]}}, {"type": "Feature", "properties": {"osm_type": "node", "osm_id": 7352623252, "tags": {"access": "customers", "fishing": "yes", "leisure": "fishing", "name": "Omble de fontaine"}}, "geometry": {"type": "Point", "coordinates": [-71.3335878, 47.6964228]}}, {"type": "Feature", "properties": {"osm_type": "node", "osm_id": 7352623253, "tags": {"access": "customers", "fishing": "yes", "leisure": "fishing", "name": "Omble de fontaine"}}, "geometry": {"type": "Point", "coordinates": [-71.335826, 47.6952144]}}, {"type": "Feature", "properties": {"osm_type": "node", "osm_id": 7352623254, "tags": {"access": "customers", "fishing": "yes", "leisure": "fishing", "name": "Omble de fontaine"}}, "geometry": {"type": "Point", "coordinates": [-71.3321878, 47.688746]}}, {"type": "Feature", "properties": {"osm_type": "node", "osm_id": 7352623255, "tags": {"access": "customers", "fishing": "yes", "leisure": "fishing", "name": "Omble de fontaine"}}, "geometry": {"type": "Point", "coordinates": [-71.3256233, 47.6847741]}}, {"type": "Feature", "properties": {"osm_type": "node", "osm_id": 7356620277, "tags": {"access": "customers", "fishing": "yes", "leisure": "fishing", "name": "Touladi"}}, "geometry": {"type": "Point", "coordinates": [-71.2276576, 47.6187232]}}, {"type": "Feature", "properties": {"osm_type": "node", "osm_id": 7356620278, "tags": {"access": "customers", "fishing": "yes", "leisure": "fishing", "name": "Touladi"}}, "geometry": {"type": "Point", "coordinates": [-71.2313246, 47.6148765]}}, {"type": "Feature", "properties": {"osm_type": "node", "osm_id": 7356620279, "tags": {"access": "customers", "fishing": "yes", "leisure": "fishing", "name": "Touladi"}}, "geometry": {"type": "Point", "coordinates": [-71.2343838, 47.6120343]}}, {"type": "Feature", "properties": {"osm_type": "node", "osm_id": 7356620280, "tags": {"access": "customers", "fishing": "yes", "leisure": "fishing", "name": "Touladi"}}, "geometry": {"type": "Point", "coordinates": [-71.2189698, 47.58339]}}, {"type": "Feature", "properties": {"osm_type": "node", "osm_id": 7356620281, "tags": {"access": "customers", "fishing": "yes", "leisure": "fishing", "name": "Touladi"}}, "geometry": {"type": "Point", "coordinates": [-71.2188206, 47.5896138]}}, {"type": "Feature", "properties": {"osm_type": "node", "osm_id": 7356620282, "tags": {"access": "customers", "fishing": "yes", "leisure": "fishing", "name": "Touladi"}}, "geometry": {"type": "Point", "coordinates": [-71.2211648, 47.5919709]}}, {"type": "Feature", "properties": {"osm_type": "node", "osm_id": 7356620283, "tags": {"access": "permissive", "fishing": "yes", "leisure": "fishing", "name": "Touladi"}}, "geometry": {"type": "Point", "coordinates": [-71.2348038, 47.5922584]}}, {"type": "Feature", "properties": {"osm_type": "node", "osm_id": 7356620284, "tags": {"access": "customers", "fishing": "yes", "leisure": "fishing", "name": "Touladi"}}, "geometry": {"type": "Point", "coordinates": [-71.2335891, 47.5881047]}}, {"type": "Feature", "properties": {"osm_type": "node", "osm_id": 7356647485, "tags": {"access": "customers", "fishing": "yes", "leisure": "fishing", "name": "Touladi"}}, "geometry": {"type": "Point", "coordinates": [-71.2305416, 47.5842668]}}, {"type": "Feature", "properties": {"osm_type": "node", "osm_id": 7356647486, "tags": {"access": "customers", "fishing": "yes", "leisure": "fishing", "name": "Omble de fontaine"}}, "geometry": {"type": "Point", "coordinates": [-71.2063323, 47.5825275]}}, {"type": "Feature", "properties": {"osm_type": "node", "osm_id": 7356647487, "tags": {"access": "customers", "fishing": "yes", "leisure": "fishing", "name": "Touladi"}}, "geometry": {"type": "Point", "coordinates": [-71.2187993, 47.5644696]}}, {"type": "Feature", "properties": {"osm_type": "node", "osm_id": 7356647488, "tags": {"access": "customers", "fishing": "yes", "leisure": "fishing", "name": "Touladi"}}, "geometry": {"type": "Point", "coordinates": [-71.2142387, 47.5597959]}}, {"type": "Feature", "properties": {"osm_type": "node", "osm_id": 7356647489, "tags": {"leisure": "fishing", "name": "Touladi"}}, "geometry": {"type": "Point", "coordinates": [-71.2133224, 47.5709257]}}, {"type": "Feature", "properties": {"osm_type": "node", "osm_id": 7356647490, "tags": {"access": "permissive", "fishing": "yes", "leisure": "fishing", "name": "Touladi"}}, "geometry": {"type": "Point", "coordinates": [-71.2112339, 47.5669716]}}, {"type": "Feature", "properties": {"osm_type": "node", "osm_id": 7356647491, "tags": {"access": "customers", "fishing": "yes", "leisure": "fishing", "name": "Touladi"}}, "geometry": {"type": "Point", "coordinates": [-71.216242, 47.5516125]}}, {"type": "Feature", "properties": {"osm_type": "node", "osm_id": 7356647492, "tags": {"access": "customers", "fishing": "yes", "leisure": "fishing", "name": "Touladi"}}, "geometry": {"type": "Point", "coordinates": [-71.2112339, 47.5558698]}}, {"type": "Feature", "properties": {"osm_type": "node", "osm_id": 7356647493, "tags": {"access": "customers", "fishing": "yes", "leisure": "fishing", "name": "Omble de  fontaine"}}, "geometry": {"type": "Point", "coordinates": [-71.2069291, 47.5518714]}}, {"type": "Feature", "properties": {"osm_type": "node", "osm_id": 7356647496, "tags": {"access": "customers", "fishing": "yes", "leisure": "fishing", "name": "Touladi"}}, "geometry": {"type": "Point", "coordinates": [-71.2166469, 47.545528]}}, {"type": "Feature", "properties": {"osm_type": "node", "osm_id": 7359371165, "tags": {"access": "customers", "fishing": "yes", "leisure": "fishing", "name": "Omble de fontaine"}}, "geometry": {"type": "Point", "coordinates": [-71.1806811, 47.8397358]}}, {"type": "Feature", "properties": {"osm_type": "node", "osm_id": 7359371170, "tags": {"access": "customers", "fishing": "yes", "leisure": "fishing", "name": "Omble de fontaine"}}, "geometry": {"type": "Point", "coordinates": [-71.1772764, 47.8425218]}}, {"type": "Feature", "properties": {"osm_type": "node", "osm_id": 7359371171, "tags": {"access": "customers", "fishing": "yes", "leisure": "fishing", "name": "Omble de fontaine"}}, "geometry": {"type": "Point", "coordinates": [-71.1779643, 47.8440126]}}, {"type": "Feature", "properties": {"osm_type": "node", "osm_id": 7359371172, "tags": {"access": "customers", "fishing": "yes", "leisure": "fishing", "name": "Omble de fontaine"}}, "geometry": {"type": "Point", "coordinates": [-71.1790545, 47.8448578]}}, {"type": "Feature", "properties": {"osm_type": "node", "osm_id": 7359371173, "tags": {"access": "customers", "fishing": "yes", "leisure": "fishing", "name": "Omble de fontaine"}}, "geometry": {"type": "Point", "coordinates": [-71.1822941, 47.8494188]}}, {"type": "Feature", "properties": {"osm_type": "node", "osm_id": 7359396309, "tags": {"access": "customers", "fishing": "yes", "leisure": "fishing", "name": "Omble de fontaine"}}, "geometry": {"type": "Point", "coordinates": [-71.0230298, 47.7643221]}}, {"type": "Feature", "properties": {"osm_type": "node", "osm_id": 7363431856, "tags": {"access": "customers", "fishing": "yes", "leisure": "fishing", "name": "Omble de fontaine"}}, "geometry": {"type": "Point", "coordinates": [-71.1318218, 47.8193425]}}, {"type": "Feature", "properties": {"osm_type": "node", "osm_id": 7363431857, "tags": {"access": "customers", "fishing": "yes", "leisure": "fishing", "name": "Omble de fontaine"}}, "geometry": {"type": "Point", "coordinates": [-71.134681, 47.8202726]}}, {"type": "Feature", "properties": {"osm_type": "node", "osm_id": 7363431858, "tags": {"access": "customers", "fishing": "yes", "leisure": "fishing", "name": "Omble de fontaine"}}, "geometry": {"type": "Point", "coordinates": [-71.1363566, 47.8217781]}}, {"type": "Feature", "properties": {"osm_type": "node", "osm_id": 7363431859, "tags": {"access": "customers", "fishing": "yes", "leisure": "fishing", "name": "Omble de fontaine"}}, "geometry": {"type": "Point", "coordinates": [-71.1369919, 47.8240091]}}, {"type": "Feature", "properties": {"osm_type": "node", "osm_id": 7363465181, "tags": {"access": "customers", "fishing": "yes", "leisure": "fishing", "name": "Omble de fontaine"}}, "geometry": {"type": "Point", "coordinates": [-71.0349197, 47.7719384]}}, {"type": "Feature", "properties": {"osm_type": "node", "osm_id": 7363465183, "tags": {"access": "customers", "fishing": "yes", "leisure": "fishing", "name": "Omble de fontaine"}}, "geometry": {"type": "Point", "coordinates": [-71.0336071, 47.773017]}}, {"type": "Feature", "properties": {"osm_type": "node", "osm_id": 7363465184, "tags": {"access": "customers", "fishing": "yes", "leisure": "fishing", "name": "Omble de fontaine"}}, "geometry": {"type": "Point", "coordinates": [-71.0331631, 47.7668117]}}, {"type": "Feature", "properties": {"osm_type": "node", "osm_id": 7363478885, "tags": {"access": "customers", "fishing": "yes", "leisure": "fishing", "name": "Omble de fonatine"}}, "geometry": {"type": "Point", "coordinates": [-71.0329535, 47.7675291]}}, {"type": "Feature", "properties": {"osm_type": "node", "osm_id": 7363478886, "tags": {"access": "customers", "fishing": "yes", "leisure": "fishing", "name": "Omble de fontaine"}}, "geometry": {"type": "Point", "coordinates": [-71.0324985, 47.7680925]}}, {"type": "Feature", "properties": {"osm_type": "node", "osm_id": 7363488039, "tags": {"access": "customers", "fishing": "yes", "leisure": "fishing", "name": "Omble de fontaine"}}, "geometry": {"type": "Point", "coordinates": [-71.0132568, 47.7580454]}}, {"type": "Feature", "properties": {"osm_type": "node", "osm_id": 7363488040, "tags": {"access": "customers", "fishing": "yes", "leisure": "fishing", "name": "Omble de fontaine"}}, "geometry": {"type": "Point", "coordinates": [-71.0169958, 47.760638]}}, {"type": "Feature", "properties": {"osm_type": "node", "osm_id": 7363544763, "tags": {"access": "customers", "fishing": "yes", "leisure": "fishing", "name": "Omble de fontaine"}}, "geometry": {"type": "Point", "coordinates": [-71.0130332, 47.7714709]}}, {"type": "Feature", "properties": {"osm_type": "node", "osm_id": 7363546128, "tags": {"access": "customers", "fishing": "yes", "leisure": "fishing", "name": "Omble de fontaine"}}, "geometry": {"type": "Point", "coordinates": [-71.0117091, 47.774916]}}, {"type": "Feature", "properties": {"osm_type": "node", "osm_id": 7363546129, "tags": {"access": "customers", "fishing": "yes", "leisure": "fishing", "name": "Omble de fontaine"}}, "geometry": {"type": "Point", "coordinates": [-71.0115983, 47.7759498]}}, {"type": "Feature", "properties": {"osm_type": "node", "osm_id": 7363546130, "tags": {"access": "customers", "fishing": "yes", "leisure": "fishing", "name": "Omble de fontaine"}}, "geometry": {"type": "Point", "coordinates": [-71.0109933, 47.7767364]}}, {"type": "Feature", "properties": {"osm_type": "node", "osm_id": 7363546131, "tags": {"access": "customers", "fishing": "yes", "leisure": "fishing", "name": "Omble de fontaine"}}, "geometry": {"type": "Point", "coordinates": [-71.0076242, 47.7785142]}}, {"type": "Feature", "properties": {"osm_type": "node", "osm_id": 7363571399, "tags": {"access": "customers", "fishing": "yes", "leisure": "fishing", "name": "Omble de fontaine"}}, "geometry": {"type": "Point", "coordinates": [-71.0285481, 47.7563697]}}, {"type": "Feature", "properties": {"osm_type": "node", "osm_id": 7363571421, "tags": {"access": "customers", "fishing": "yes", "leisure": "fishing", "name": "Omble de fontaine"}}, "geometry": {"type": "Point", "coordinates": [-71.026222, 47.7138998]}}, {"type": "Feature", "properties": {"osm_type": "node", "osm_id": 7363571422, "tags": {"access": "customers", "fishing": "yes", "leisure": "fishing", "name": "Omble de fontaine"}}, "geometry": {"type": "Point", "coordinates": [-71.027187, 47.7131577]}}, {"type": "Feature", "properties": {"osm_type": "node", "osm_id": 7363571423, "tags": {"access": "customers", "fishing": "yes", "leisure": "fishing", "name": "Omble de fontaine"}}, "geometry": {"type": "Point", "coordinates": [-71.02627, 47.7125931]}}, {"type": "Feature", "properties": {"osm_type": "node", "osm_id": 7363963201, "tags": {"access": "customers", "fishing": "yes", "leisure": "fishing", "name": "Omble de fontaine"}}, "geometry": {"type": "Point", "coordinates": [-71.1246837, 47.7535793]}}, {"type": "Feature", "properties": {"osm_type": "node", "osm_id": 7363963202, "tags": {"access": "customers", "fishing": "yes", "leisure": "fishing", "name": "Omble de fontaine"}}, "geometry": {"type": "Point", "coordinates": [-71.1296192, 47.7587478]}}, {"type": "Feature", "properties": {"osm_type": "node", "osm_id": 7363963203, "tags": {"access": "customers", "fishing": "yes", "leisure": "fishing", "name": "Omble de fontatine"}}, "geometry": {"type": "Point", "coordinates": [-71.1363185, 47.7607576]}}, {"type": "Feature", "properties": {"osm_type": "node", "osm_id": 7363963204, "tags": {"leisure": "fishing", "name": "Omble de fontaine"}}, "geometry": {"type": "Point", "coordinates": [-71.1344281, 47.7622304]}}, {"type": "Feature", "properties": {"osm_type": "node", "osm_id": 7363963205, "tags": {"access": "customers", "fishing": "yes", "leisure": "fishing", "name": "Omble de fontaine"}}, "geometry": {"type": "Point", "coordinates": [-71.1393952, 47.7628365]}}, {"type": "Feature", "properties": {"osm_type": "node", "osm_id": 7364561515, "tags": {"access": "customers", "fishing": "yes", "leisure": "fishing", "name": "Omble de fontaine"}}, "geometry": {"type": "Point", "coordinates": [-71.0352966, 47.8080786]}}, {"type": "Feature", "properties": {"osm_type": "node", "osm_id": 7364561516, "tags": {"access": "customers", "fishing": "yes", "leisure": "fishing", "name": "Omble de fontaine"}}, "geometry": {"type": "Point", "coordinates": [-71.2093205, 47.6848035]}}, {"type": "Feature", "properties": {"osm_type": "node", "osm_id": 7364648276, "tags": {"access": "customers", "fishing": "yes", "leisure": "fishing", "name": "Omble de fontaine"}}, "geometry": {"type": "Point", "coordinates": [-71.2823312, 47.8142907]}}, {"type": "Feature", "properties": {"osm_type": "node", "osm_id": 7364648277, "tags": {"access": "customers", "fishing": "yes", "leisure": "fishing", "name": "Omble de fontaine"}}, "geometry": {"type": "Point", "coordinates": [-71.2843032, 47.8160899]}}, {"type": "Feature", "properties": {"osm_type": "node", "osm_id": 7364648278, "tags": {"access": "customers", "fishing": "yes", "leisure": "fishing", "name": "Omble de fontaine"}}, "geometry": {"type": "Point", "coordinates": [-71.284477, 47.8179776]}}, {"type": "Feature", "properties": {"osm_type": "node", "osm_id": 7364648279, "tags": {"access": "customers", "fishing": "yes", "leisure": "fishing", "name": "Omble de fontaine"}}, "geometry": {"type": "Point", "coordinates": [-71.2797301, 47.8160645]}}, {"type": "Feature", "properties": {"osm_type": "node", "osm_id": 7364648280, "tags": {"access": "customers", "fishing": "yes", "leisure": "fishing", "name": "Omble de fontaine"}}, "geometry": {"type": "Point", "coordinates": [-71.2738378, 47.8216833]}}, {"type": "Feature", "properties": {"osm_type": "node", "osm_id": 7364648281, "tags": {"access": "customers", "fishing": "yes", "leisure": "fishing", "name": "Omble de fontaine"}}, "geometry": {"type": "Point", "coordinates": [-71.2774048, 47.8225224]}}, {"type": "Feature", "properties": {"osm_type": "node", "osm_id": 7364682995, "tags": {"access": "customers", "fishing": "yes", "leisure": "fishing", "name": "Omble de fontaine"}}, "geometry": {"type": "Point", "coordinates": [-71.2701484, 47.7547991]}}, {"type": "Feature", "properties": {"osm_type": "node", "osm_id": 7364682996, "tags": {"access": "customers", "fishing": "yes", "leisure": "fishing", "name": "Omble de fontaine"}}, "geometry": {"type": "Point", "coordinates": [-71.2700244, 47.7541348]}}, {"type": "Feature", "properties": {"osm_type": "node", "osm_id": 7364683059, "tags": {"access": "customers", "fishing": "yes", "leisure": "fishing", "name": "Omble de fontaine"}}, "geometry": {"type": "Point", "coordinates": [-71.1705917, 47.8174862]}}, {"type": "Feature", "properties": {"osm_type": "node", "osm_id": 7364683060, "tags": {"access": "customers", "fishing": "yes", "leisure": "fishing", "name": "Omble de fontaine"}}, "geometry": {"type": "Point", "coordinates": [-71.1650119, 47.8143866]}}, {"type": "Feature", "properties": {"osm_type": "node", "osm_id": 7364683061, "tags": {"access": "customers", "fishing": "yes", "leisure": "fishing", "name": "Omble de fontaine"}}, "geometry": {"type": "Point", "coordinates": [-71.1504684, 47.8115473]}}, {"type": "Feature", "properties": {"osm_type": "node", "osm_id": 7364748495, "tags": {"access": "customers", "fishing": "yes", "leisure": "fishing", "name": "Omble de fontaine"}}, "geometry": {"type": "Point", "coordinates": [-71.2469512, 48.0135592]}}, {"type": "Feature", "properties": {"osm_type": "node", "osm_id": 7364748496, "tags": {"access": "customers", "fishing": "yes", "leisure": "fishing", "name": "Omble de fontaine"}}, "geometry": {"type": "Point", "coordinates": [-71.2473321, 48.0148834]}}, {"type": "Feature", "properties": {"osm_type": "node", "osm_id": 7365539927, "tags": {"access": "customers", "fishing": "yes", "leisure": "fishing", "name": "Omble de fontaine"}}, "geometry": {"type": "Point", "coordinates": [-71.2139828, 48.0031727]}}, {"type": "Feature", "properties": {"osm_type": "node", "osm_id": 7366833783, "tags": {"access": "customers", "fishing": "yes", "leisure": "fishing", "name": "Omble de fontaine"}}, "geometry": {"type": "Point", "coordinates": [-71.2117428, 48.0036664]}}, {"type": "Feature", "properties": {"osm_type": "node", "osm_id": 7366833784, "tags": {"leisure": "fishing", "name": "Omble de fontaine"}}, "geometry": {"type": "Point", "coordinates": [-71.210784, 48.004231]}}, {"type": "Feature", "properties": {"osm_type": "node", "osm_id": 7366844785, "tags": {"leisure": "fishing", "name": "Omble d efontaine"}}, "geometry": {"type": "Point", "coordinates": [-71.2070506, 48.0075388]}}, {"type": "Feature", "properties": {"osm_type": "node", "osm_id": 7366844786, "tags": {"access": "customers", "fishing": "yes", "leisure": "fishing", "name": "Omble de fontaine"}}, "geometry": {"type": "Point", "coordinates": [-71.2050182, 48.0079467]}}, {"type": "Feature", "properties": {"osm_type": "node", "osm_id": 7366844787, "tags": {"access": "customers", "fishing": "yes", "leisure": "fishing", "name": "Omble de fontaine"}}, "geometry": {"type": "Point", "coordinates": [-71.2095115, 48.0086325]}}, {"type": "Feature", "properties": {"osm_type": "node", "osm_id": 7366844788, "tags": {"access": "customers", "fishing": "yes", "leisure": "fishing", "name": "Omble de fontaine"}}, "geometry": {"type": "Point", "coordinates": [-71.2043113, 48.0110326]}}, {"type": "Feature", "properties": {"osm_type": "node", "osm_id": 7366844813, "tags": {"access": "customers", "fishing": "yes", "leisure": "fishing", "name": "Omble de fontaine"}}, "geometry": {"type": "Point", "coordinates": [-71.4269592, 47.8300703]}}, {"type": "Feature", "properties": {"osm_type": "node", "osm_id": 7366844814, "tags": {"access": "customers", "fishing": "yes", "leisure": "fishing", "name": "Omble de fontaine"}}, "geometry": {"type": "Point", "coordinates": [-71.4286732, 47.8303169]}}, {"type": "Feature", "properties": {"osm_type": "node", "osm_id": 7366844815, "tags": {"access": "customers", "fishing": "yes", "leisure": "fishing", "name": "Omble de fontaine"}}, "geometry": {"type": "Point", "coordinates": [-71.4293652, 47.8298254]}}, {"type": "Feature", "properties": {"osm_type": "node", "osm_id": 7366844816, "tags": {"access": "customers", "fishing": "yes", "leisure": "fishing", "name": "Omble de fontaine"}}, "geometry": {"type": "Point", "coordinates": [-71.4290406, 47.8290385]}}, {"type": "Feature", "properties": {"osm_type": "node", "osm_id": 7366918494, "tags": {"access": "customers", "fishing": "yes", "leisure": "fishing", "name": "Omble de fontaine"}}, "geometry": {"type": "Point", "coordinates": [-71.237188, 47.7482586]}}, {"type": "Feature", "properties": {"osm_type": "node", "osm_id": 7366918495, "tags": {"access": "customers", "fishing": "yes", "leisure": "fishing", "name": "Omble de fontaine"}}, "geometry": {"type": "Point", "coordinates": [-71.2397545, 47.7461563]}}, {"type": "Feature", "properties": {"osm_type": "node", "osm_id": 7366918496, "tags": {"access": "customers", "fishing": "yes", "leisure": "fishing", "name": "Omble de fontaine"}}, "geometry": {"type": "Point", "coordinates": [-71.2366865, 47.7465976]}}, {"type": "Feature", "properties": {"osm_type": "node", "osm_id": 7366918497, "tags": {"access": "customers", "fishing": "yes", "leisure": "fishing", "name": "Omble de fontaine"}}, "geometry": {"type": "Point", "coordinates": [-71.2408705, 47.7430898]}}, {"type": "Feature", "properties": {"osm_type": "node", "osm_id": 7366918531, "tags": {"access": "customers", "fishing": "yes", "leisure": "fishing", "name": "Omble de fontaine"}}, "geometry": {"type": "Point", "coordinates": [-71.0895256, 47.6279566]}}, {"type": "Feature", "properties": {"osm_type": "node", "osm_id": 7366918532, "tags": {"access": "customers", "fishing": "yes", "leisure": "fishing", "name": "Omble de fontaine"}}, "geometry": {"type": "Point", "coordinates": [-71.0949539, 47.6263904]}}, {"type": "Feature", "properties": {"osm_type": "node", "osm_id": 7366918533, "tags": {"access": "customers", "fishing": "yes", "leisure": "fishing", "name": "Omble de fontaine"}}, "geometry": {"type": "Point", "coordinates": [-71.4563032, 47.7538064]}}, {"type": "Feature", "properties": {"osm_type": "node", "osm_id": 7366918534, "tags": {"access": "customers", "fishing": "yes", "leisure": "fishing", "name": "Omble de fontaine"}}, "geometry": {"type": "Point", "coordinates": [-71.4561824, 47.7550072]}}, {"type": "Feature", "properties": {"osm_type": "node", "osm_id": 7366918535, "tags": {"access": "customers", "fishing": "yes", "leisure": "fishing", "name": "Omble de fontaine"}}, "geometry": {"type": "Point", "coordinates": [-71.4557566, 47.7561311]}}, {"type": "Feature", "properties": {"osm_type": "node", "osm_id": 7366934188, "tags": {"access": "customers", "fishing": "yes", "leisure": "fishing", "name": "Omble de fontaine"}}, "geometry": {"type": "Point", "coordinates": [-71.44455, 47.7311285]}}, {"type": "Feature", "properties": {"osm_type": "node", "osm_id": 7366934189, "tags": {"access": "customers", "fishing": "yes", "leisure": "fishing", "name": "Omble de fontaine"}}, "geometry": {"type": "Point", "coordinates": [-71.4456929, 47.7328697]}}, {"type": "Feature", "properties": {"osm_type": "node", "osm_id": 7366934190, "tags": {"access": "customers", "fishing": "yes", "leisure": "fishing", "name": "Omble de fontaine"}}, "geometry": {"type": "Point", "coordinates": [-71.4468152, 47.7340367]}}, {"type": "Feature", "properties": {"osm_type": "node", "osm_id": 7366934191, "tags": {"access": "customers", "fishing": "yes", "leisure": "fishing", "name": "Omble de fontaine"}}, "geometry": {"type": "Point", "coordinates": [-71.4421608, 47.7337311]}}, {"type": "Feature", "properties": {"osm_type": "node", "osm_id": 7366934192, "tags": {"access": "customers", "fishing": "yes", "leisure": "fishing", "name": "Omble de fontaine"}}, "geometry": {"type": "Point", "coordinates": [-71.4451972, 47.7388942]}}, {"type": "Feature", "properties": {"osm_type": "node", "osm_id": 7366934193, "tags": {"access": "customers", "fishing": "yes", "leisure": "fishing", "name": "Omble de fontaine"}}, "geometry": {"type": "Point", "coordinates": [-71.4419405, 47.7403389]}}, {"type": "Feature", "properties": {"osm_type": "node", "osm_id": 7367278384, "tags": {"access": "customers", "fishing": "yes", "leisure": "fishing", "name": "Omble de fontaine"}}, "geometry": {"type": "Point", "coordinates": [-71.4494411, 47.7452037]}}, {"type": "Feature", "properties": {"osm_type": "node", "osm_id": 7367284285, "tags": {"access": "customers", "fishing": "yes", "leisure": "fishing", "name": "Omble de fontaine"}}, "geometry": {"type": "Point", "coordinates": [-71.4454808, 47.742423]}}, {"type": "Feature", "properties": {"osm_type": "node", "osm_id": 7367315257, "tags": {"access": "customers", "fishing": "yes", "leisure": "fishing", "name": "Omble de fontaine"}}, "geometry": {"type": "Point", "coordinates": [-71.0529798, 47.889832]}}, {"type": "Feature", "properties": {"osm_type": "node", "osm_id": 7367315258, "tags": {"access": "customers", "fishing": "yes", "leisure": "fishing", "name": "Omble de fontaine"}}, "geometry": {"type": "Point", "coordinates": [-71.0476579, 47.8952899]}}, {"type": "Feature", "properties": {"osm_type": "node", "osm_id": 7367315259, "tags": {"access": "customers", "fishing": "yes", "leisure": "fishing", "name": "Omble de fontaine"}}, "geometry": {"type": "Point", "coordinates": [-71.0451813, 47.8947326]}}, {"type": "Feature", "properties": {"osm_type": "node", "osm_id": 7367315260, "tags": {"access": "customers", "fishing": "yes", "leisure": "fishing", "name": "Omble de fontaine"}}, "geometry": {"type": "Point", "coordinates": [-71.04301, 47.8940616]}}, {"type": "Feature", "properties": {"osm_type": "node", "osm_id": 7367315261, "tags": {"access": "customers", "fishing": "yes", "leisure": "fishing", "name": "Omble de fontaine"}}, "geometry": {"type": "Point", "coordinates": [-71.0450456, 47.8922872]}}, {"type": "Feature", "properties": {"osm_type": "node", "osm_id": 7367315262, "tags": {"access": "customers", "fishing": "yes", "leisure": "fishing", "name": "Omble de fontaine"}}, "geometry": {"type": "Point", "coordinates": [-71.0383113, 47.8913659]}}, {"type": "Feature", "properties": {"osm_type": "node", "osm_id": 7367315263, "tags": {"access": "customers", "fishing": "yes", "leisure": "fishing", "name": "Omble de fontaine"}}, "geometry": {"type": "Point", "coordinates": [-71.0404995, 47.8893185]}}, {"type": "Feature", "properties": {"osm_type": "node", "osm_id": 7367318515, "tags": {"access": "customers", "fishing": "yes", "leisure": "fishing", "name": "Omble de fontaine"}}, "geometry": {"type": "Point", "coordinates": [-71.4283174, 47.7332962]}}, {"type": "Feature", "properties": {"osm_type": "node", "osm_id": 7367318516, "tags": {"access": "customers", "fishing": "yes", "leisure": "fishing", "name": "Omble de fontaine"}}, "geometry": {"type": "Point", "coordinates": [-71.4313683, 47.7337675]}}, {"type": "Feature", "properties": {"osm_type": "node", "osm_id": 7367318517, "tags": {"access": "customers", "fishing": "yes", "leisure": "fishing", "name": "Omble de fontaine"}}, "geometry": {"type": "Point", "coordinates": [-71.4319842, 47.7348482]}}, {"type": "Feature", "properties": {"osm_type": "node", "osm_id": 7367318518, "tags": {"access": "customers", "fishing": "yes", "leisure": "fishing", "name": "Omble de fontaine"}}, "geometry": {"type": "Point", "coordinates": [-71.4238365, 47.7364479]}}, {"type": "Feature", "properties": {"osm_type": "node", "osm_id": 7367318519, "tags": {"access": "customers", "fishing": "yes", "leisure": "fishing", "name": "Omble de fontaine"}}, "geometry": {"type": "Point", "coordinates": [-71.4263481, 47.7351269]}}, {"type": "Feature", "properties": {"osm_type": "node", "osm_id": 7367318520, "tags": {"access": "customers", "fishing": "yes", "leisure": "fishing", "name": "Omble de fontaine"}}, "geometry": {"type": "Point", "coordinates": [-71.4277794, 47.7367518]}}, {"type": "Feature", "properties": {"osm_type": "node", "osm_id": 7367318521, "tags": {"access": "customers", "fishing": "yes", "leisure": "fishing", "name": "Omble de fontaine"}}, "geometry": {"type": "Point", "coordinates": [-71.4286727, 47.7378577]}}, {"type": "Feature", "properties": {"osm_type": "node", "osm_id": 7367318522, "tags": {"access": "customers", "fishing": "yes", "leisure": "fishing", "name": "Omble de fontaine"}}, "geometry": {"type": "Point", "coordinates": [-71.4303679, 47.7395507]}}, {"type": "Feature", "properties": {"osm_type": "node", "osm_id": 7367318523, "tags": {"access": "customers", "fishing": "yes", "leisure": "fishing", "name": "Omble de fontaine"}}, "geometry": {"type": "Point", "coordinates": [-71.4314236, 47.7391752]}}, {"type": "Feature", "properties": {"osm_type": "node", "osm_id": 7367354575, "tags": {"access": "customers", "fishing": "yes", "leisure": "fishing", "name": "Omble de fontaine"}}, "geometry": {"type": "Point", "coordinates": [-71.4436751, 47.7813503]}}, {"type": "Feature", "properties": {"osm_type": "node", "osm_id": 7367354576, "tags": {"access": "customers", "fishing": "yes", "leisure": "fishing", "name": "Omble de fontaine"}}, "geometry": {"type": "Point", "coordinates": [-71.4421252, 47.7819804]}}, {"type": "Feature", "properties": {"osm_type": "node", "osm_id": 7367354577, "tags": {"access": "customers", "fishing": "yes", "leisure": "fishing", "name": "Omble de fontaine"}}, "geometry": {"type": "Point", "coordinates": [-71.4469249, 47.7853702]}}, {"type": "Feature", "properties": {"osm_type": "node", "osm_id": 7367354578, "tags": {"access": "customers", "fishing": "yes", "leisure": "fishing", "name": "Omble de fontaine"}}, "geometry": {"type": "Point", "coordinates": [-71.4527837, 47.7628487]}}, {"type": "Feature", "properties": {"osm_type": "node", "osm_id": 7367354579, "tags": {"access": "customers", "fishing": "yes", "leisure": "fishing", "name": "Omble de fontaine"}}, "geometry": {"type": "Point", "coordinates": [-71.4506673, 47.7621049]}}, {"type": "Feature", "properties": {"osm_type": "node", "osm_id": 7367409656, "tags": {"access": "customers", "fishing": "yes", "leisure": "fishing", "name": "Omble de fontaine"}}, "geometry": {"type": "Point", "coordinates": [-71.2975765, 47.7023364]}}, {"type": "Feature", "properties": {"osm_type": "node", "osm_id": 7367409657, "tags": {"access": "customers", "fishing": "yes", "leisure": "fishing", "name": "Omble de fontaine"}}, "geometry": {"type": "Point", "coordinates": [-71.2957868, 47.7035256]}}, {"type": "Feature", "properties": {"osm_type": "node", "osm_id": 7367409658, "tags": {"access": "customers", "fishing": "yes", "leisure": "fishing", "name": "Omble de fontaine"}}, "geometry": {"type": "Point", "coordinates": [-71.295437, 47.7014774]}}, {"type": "Feature", "properties": {"osm_type": "node", "osm_id": 7367412230, "tags": {"access": "customers", "fishing": "yes", "leisure": "fishing", "name": "Omble de fontaine"}}, "geometry": {"type": "Point", "coordinates": [-71.3193646, 47.7754524]}}, {"type": "Feature", "properties": {"osm_type": "node", "osm_id": 7367412231, "tags": {"access": "customers", "fishing": "yes", "leisure": "fishing", "name": "Omble de fontaine"}}, "geometry": {"type": "Point", "coordinates": [-71.3218949, 47.7767109]}}, {"type": "Feature", "properties": {"osm_type": "node", "osm_id": 7367412232, "tags": {"access": "customers", "fishing": "yes", "leisure": "fishing", "name": "Omble de fontaine"}}, "geometry": {"type": "Point", "coordinates": [-71.329883, 47.778044]}}, {"type": "Feature", "properties": {"osm_type": "node", "osm_id": 7367412241, "tags": {"access": "customers", "fishing": "yes", "leisure": "fishing", "name": "Omble de fontaine"}}, "geometry": {"type": "Point", "coordinates": [-71.3169425, 47.7816452]}}, {"type": "Feature", "properties": {"osm_type": "node", "osm_id": 7367412242, "tags": {"access": "customers", "fishing": "yes", "leisure": "fishing", "name": "Omble de fontaine"}}, "geometry": {"type": "Point", "coordinates": [-71.3154491, 47.7824023]}}, {"type": "Feature", "properties": {"osm_type": "node", "osm_id": 7618493985, "tags": {"leisure": "fishing"}}, "geometry": {"type": "Point", "coordinates": [-72.6113375, 45.4350721]}}, {"type": "Feature", "properties": {"osm_type": "node", "osm_id": 7632334263, "tags": {"access": "yes", "leisure": "fishing"}}, "geometry": {"type": "Point", "coordinates": [-75.6462714, 45.0169382]}}, {"type": "Feature", "properties": {"osm_type": "node", "osm_id": 7828068330, "tags": {"access": "yes", "leisure": "fishing", "name": "Black Pond Access Point"}}, "geometry": {"type": "Point", "coordinates": [-73.2268529, 43.7039844]}}, {"type": "Feature", "properties": {"osm_type": "node", "osm_id": 7834734878, "tags": {"access": "yes", "fishing": "license", "leisure": "fishing"}}, "geometry": {"type": "Point", "coordinates": [-73.8593865, 44.3544324]}}, {"type": "Feature", "properties": {"osm_type": "node", "osm_id": 7870441926, "tags": {"access": "customers", "fishing": "fee", "leisure": "fishing", "name": "Quai du lac Taku"}}, "geometry": {"type": "Point", "coordinates": [-75.4572019, 45.9412218]}}, {"type": "Feature", "properties": {"osm_type": "node", "osm_id": 8194756492, "tags": {"leisure": "fishing", "name": "Heinburg Bridge Fishing Access Pier"}}, "geometry": {"type": "Point", "coordinates": [-73.2573309, 44.5240929]}}, {"type": "Feature", "properties": {"osm_type": "node", "osm_id": 8677285448, "tags": {"leisure": "fishing", "name": "Brook Trout"}}, "geometry": {"type": "Point", "coordinates": [-76.2117331, 44.4326817]}}, {"type": "Feature", "properties": {"osm_type": "node", "osm_id": 8677294186, "tags": {"leisure": "fishing", "name": "Brook Trout"}}, "geometry": {"type": "Point", "coordinates": [-76.4618621, 44.35021]}}, {"type": "Feature", "properties": {"osm_type": "node", "osm_id": 8719768967, "tags": {"leisure": "fishing"}}, "geometry": {"type": "Point", "coordinates": [-73.2753513, 44.2256333]}}, {"type": "Feature", "properties": {"osm_type": "node", "osm_id": 8773517686, "tags": {"leisure": "fishing"}}, "geometry": {"type": "Point", "coordinates": [-75.1161479, 45.0092561]}}, {"type": "Feature", "properties": {"osm_type": "node", "osm_id": 8984265131, "tags": {"amenity": "parking", "fee": "no", "leisure": "fishing", "name": "West Hill Pond Access Area", "parking": "surface", "url": "https://vtfishandwildlife.com/node/476"}}, "geometry": {"type": "Point", "coordinates": [-72.3425031, 44.4142122]}}, {"type": "Feature", "properties": {"osm_type": "node", "osm_id": 8984265161, "tags": {"amenity": "parking", "fee": "no", "leisure": "fishing", "name": "Lake Carmi Access Area", "parking": "surface", "url": "https://vtfishandwildlife.com/node/476"}}, "geometry": {"type": "Point", "coordinates": [-72.8717981, 44.9904444]}}, {"type": "Feature", "properties": {"osm_type": "node", "osm_id": 9124643973, "tags": {"leisure": "fishing"}}, "geometry": {"type": "Point", "coordinates": [-76.2650189, 45.4595689]}}, {"type": "Feature", "properties": {"osm_type": "node", "osm_id": 9131042758, "tags": {"leisure": "fishing"}}, "geometry": {"type": "Point", "coordinates": [-72.1937934, 44.8118885]}}, {"type": "Feature", "properties": {"osm_type": "node", "osm_id": 9152673839, "tags": {"access": "yes", "fishing": "fly", "leisure": "fishing"}}, "geometry": {"type": "Point", "coordinates": [-71.6773174, 44.1613607]}}, {"type": "Feature", "properties": {"osm_type": "node", "osm_id": 9937776464, "tags": {"leisure": "fishing", "name": "Domaine Chez Albert"}}, "geometry": {"type": "Point", "coordinates": [-71.5330905, 45.4047724]}}, {"type": "Feature", "properties": {"osm_type": "node", "osm_id": 10152080255, "tags": {"leisure": "fishing"}}, "geometry": {"type": "Point", "coordinates": [-71.3906249, 45.048984]}}, {"type": "Feature", "properties": {"osm_type": "node", "osm_id": 10154983192, "tags": {"leisure": "fishing"}}, "geometry": {"type": "Point", "coordinates": [-71.2089372, 45.1183003]}}, {"type": "Feature", "properties": {"osm_type": "node", "osm_id": 10577922431, "tags": {"access": "yes", "fishing": "licence", "leisure": "fishing", "name": "Connecticut River Streambank Fishing Access"}}, "geometry": {"type": "Point", "coordinates": [-71.4293757, 45.0489309]}}, {"type": "Feature", "properties": {"osm_type": "node", "osm_id": 11711567541, "tags": {"access": "yes", "fishing": "licence", "leisure": "fishing", "name": "Sand Bar Access Area", "website": "https://anrweb.vt.gov/FWD/FW/FishingAccessAreas.aspx?ID=146"}}, "geometry": {"type": "Point", "coordinates": [-73.2134246, 44.6231158]}}, {"type": "Feature", "properties": {"osm_type": "node", "osm_id": 11916837298, "tags": {"leisure": "fishing"}}, "geometry": {"type": "Point", "coordinates": [-75.6425419, 45.1501749]}}, {"type": "Feature", "properties": {"osm_type": "node", "osm_id": 12007839346, "tags": {"leisure": "fishing"}}, "geometry": {"type": "Point", "coordinates": [-75.8322708, 45.1892662]}}, {"type": "Feature", "properties": {"osm_type": "node", "osm_id": 12050045599, "tags": {"leisure": "fishing"}}, "geometry": {"type": "Point", "coordinates": [-66.9029621, 44.9539607]}}, {"type": "Feature", "properties": {"osm_type": "node", "osm_id": 12050045600, "tags": {"leisure": "fishing"}}, "geometry": {"type": "Point", "coordinates": [-66.9023643, 44.9540828]}}, {"type": "Feature", "properties": {"osm_type": "node", "osm_id": 12050045601, "tags": {"leisure": "fishing"}}, "geometry": {"type": "Point", "coordinates": [-66.9015941, 44.9542572]}}, {"type": "Feature", "properties": {"osm_type": "node", "osm_id": 12050045602, "tags": {"leisure": "fishing"}}, "geometry": {"type": "Point", "coordinates": [-66.9009409, 44.9543968]}}, {"type": "Feature", "properties": {"osm_type": "node", "osm_id": 12186477851, "tags": {"access": "yes", "fishing": "yes", "leisure": "fishing", "name": "North Branch Salmon River-County Route 17", "operator": "NYS Department of Environmental Conservation"}}, "geometry": {"type": "Point", "coordinates": [-75.8483189, 43.5873208]}}, {"type": "Feature", "properties": {"osm_type": "node", "osm_id": 12337515675, "tags": {"leisure": "fishing"}}, "geometry": {"type": "Point", "coordinates": [-71.3228644, 43.3072865]}}, {"type": "Feature", "properties": {"osm_type": "node", "osm_id": 12668731061, "tags": {"access": "yes", "addr:housenumber": "940", "addr:state": "VT", "addr:street": "Tyler Bridge Road", "fishing": "licence", "leisure": "fishing", "name": "Tyler Bridge Fishing Access", "ref:vcgi:esiteid": "753592"}}, "geometry": {"type": "Point", "coordinates": [-73.0815081, 44.2771072]}}, {"type": "Feature", "properties": {"osm_type": "node", "osm_id": 13091746936, "tags": {"leisure": "fishing"}}, "geometry": {"type": "Point", "coordinates": [-71.1639548, 45.8150679]}}, {"type": "Feature", "properties": {"osm_type": "node", "osm_id": 13423791116, "tags": {"leisure": "fishing"}}, "geometry": {"type": "Point", "coordinates": [-73.2412621, 44.6260259]}}, {"type": "Feature", "properties": {"osm_type": "node", "osm_id": 13433114378, "tags": {"access": "yes", "fishing": "yes", "leisure": "fishing"}}, "geometry": {"type": "Point", "coordinates": [-73.8381227, 44.5960143]}}, {"type": "Feature", "properties": {"osm_type": "node", "osm_id": 13433114379, "tags": {"access": "yes", "fishing": "yes", "leisure": "fishing"}}, "geometry": {"type": "Point", "coordinates": [-73.8754346, 44.5925094]}}, {"type": "Feature", "properties": {"osm_type": "node", "osm_id": 13433114380, "tags": {"access": "yes", "fishing": "yes", "leisure": "fishing"}}, "geometry": {"type": "Point", "coordinates": [-73.8757649, 44.5921079]}}, {"type": "Feature", "properties": {"osm_type": "node", "osm_id": 13433114381, "tags": {"access": "yes", "fishing": "yes", "leisure": "fishing", "name": "Separator"}}, "geometry": {"type": "Point", "coordinates": [-73.8051273, 44.605227]}}, {"type": "Feature", "properties": {"osm_type": "node", "osm_id": 13720005580, "tags": {"leisure": "fishing"}}, "geometry": {"type": "Point", "coordinates": [-71.3098801, 47.29339]}}]}