lon,lat
-124.78455,49.289
-124.77895,49.2903
-124.77447,49.26859
-124.42506,43.09291
-124.39403,43.17885
-124.39091,43.19864
-124.3905,43.21765
-124.39016,43.18808
-124.38566,43.17828
-124.38359,43.19644
-124.37158,42.54508
-124.36716,43.32254
-124.21059,42.05381
-124.19923,43.2912
-124.19534,48.82442
-124.16872,40.75864
-124.13111,43.05426
-124.13014,43.69933
-124.11083,44.002
-124.10601,40.56148
-124.09926,41.83445
-124.09336,40.96018
-124.08663,43.99165
-124.0693,40.02502
-124.06757,44.41145
-124.05327,44.66676
-124.05317,46.53082
-124.05083,46.37461
-124.04941,46.52788
-124.04908,40.84601
-124.02734,44.88686
-123.98823,49.19375
-123.98656,49.20092
-123.97903,45.10883
-123.97785,49.17565
-123.93228,45.97561
-123.92563,46.04095
-123.92544,46.105
-123.92466,46.04432
-123.92045,46.03272
-123.90312,49.04088
-123.86638,49.0548
-123.85921,45.51095
-123.84193,45.47986
-123.83621,46.14906
-123.83125,49.15394
-123.78478,40.06834
-123.78415,39.27198
-123.76724,46.94707
-123.7478,48.80976
-123.7274,46.96425
-123.72673,46.65375
-123.71385,48.38738
-123.7128,48.91085
-123.65052,42.17751
-123.64152,48.64964
-123.62729,40.95352
-123.5293,48.38912
-123.52517,48.86839
-123.52208,48.39951
-123.51832,48.39355
-123.4621,48.63526
-123.45974,48.44733
-123.4555,47.00137
-123.40334,43.26859
-123.38755,39.44049
-123.37695,48.53063
-123.37269,48.53529
-123.37148,43.22207
-123.37103,43.22174
-123.36836,42.55144
-123.36009,46.19878
-123.35021,48.48173
-123.34669,48.89406
-123.34622,42.39346
-123.34557,48.45484
-123.34381,43.39187
-123.31816,48.83399
-123.31258,48.45658
-123.3115,48.80534
-123.30942,48.45069
-123.30794,44.97817
-123.30008,44.2725
-123.29537,44.54293
-123.27377,44.91986
-123.26734,43.01404
-123.24477,44.57169
-123.24015,45.84685
-123.22854,44.58981
-123.21463,45.22026
-123.2044,44.14115
-123.1949,49.22364
-123.19155,49.16068
-123.18503,49.22435
-123.18062,44.1729
-123.17763,48.12013
-123.17563,49.14669
-123.16844,49.21987
-123.16324,48.11238
-123.16172,44.9376
-123.15975,48.10946
-123.15971,49.21701
-123.15951,49.21733
-123.14559,49.29402
-123.12489,49.1289
-123.11127,49.22091
-123.1093,49.23891
-123.10898,47.11957
-123.10521,44.6644
-123.10461,44.91001
-123.10211,44.06903
-123.1021,44.64349
-123.10096,45.56503
-123.08739,44.06653
-123.08359,49.14253
-123.07212,44.91613
-123.06717,44.02606
-123.06685,49.17941
-123.06399,49.02832
-123.06335,49.15092
-123.06328,43.80562
-123.0632,49.16074
-123.06117,49.02096
-123.05119,49.20848
-123.0487,49.21274
-123.04711,45.48025
-123.0313,49.27164
-123.02823,48.50089
-123.02343,46.78844
-123.02133,38.31324
-123.0195,45.52979
-123.01855,49.06396
-123.01848,47.08402
-123.0157,49.22345
-123.0072,45.5255
-123.00164,45.61615
-122.99663,49.20216
-122.99425,38.47854
-122.99407,43.9232
-122.99036,46.67439
-122.99026,43.99264
-122.98125,46.16621
-122.9783,49.27719
-122.95721,46.16339
-122.94531,45.48258
-122.94233,49.26525
-122.94077,47.08153
-122.93332,46.91298
-122.93061,49.11832
-122.92998,40.71779
-122.92362,45.55985
-122.9221,45.48587
-122.91458,46.97179
-122.90811,46.12048
-122.90214,45.1584
-122.89612,47.00327
-122.894,49.09785
-122.8898,46.60888
-122.88116,45.55404
-122.87897,45.67807
-122.87812,49.25271
-122.87052,49.2316
-122.86888,49.23141
-122.8654,42.30888
-122.85591,38.61608
-122.84725,42.30598
-122.84474,38.43533
-122.84352,48.06028
-122.84321,42.30925
-122.84286,42.44115
-122.8335,45.54741
-122.83256,49.07056
-122.82456,42.30263
-122.8227,45.06282
-122.81839,44.82517
-122.81535,49.09908
-122.81005,38.52909
-122.80557,38.43317
-122.8004,44.51612
-122.78445,42.42115
-122.78237,48.93972
-122.7805,48.96248
-122.77527,45.45895
-122.77489,48.11774
-122.77264,46.98332
-122.77196,45.39217
-122.77186,45.27493
-122.76654,45.2749
-122.76096,45.47518
-122.75598,39.00161
-122.75589,49.02148
-122.75388,49.01055
-122.75249,47.51693
-122.7474,49.14057
-122.73376,38.5292
-122.72512,38.8495
-122.72055,44.08781
-122.71888,49.01229
-122.71845,38.82243
-122.71579,38.49121
-122.71509,48.95674
-122.70316,45.60436
-122.70269,45.60181
-122.70214,38.42933
-122.69979,45.30991
-122.69876,49.1056
-122.69649,49.25196
-122.69644,45.72286
-122.69409,48.31894
-122.6928,49.09289
-122.69187,48.28826
-122.688,45.39927
-122.68685,45.83379
-122.68666,45.41975
-122.68298,45.2849
-122.67967,48.80484
-122.66869,45.72429
-122.66691,49.22561
-122.66276,47.10717
-122.66201,47.08851
-122.66123,45.934
-122.66008,38.42261
-122.6554,42.18043
-122.65437,48.97462
-122.65283,45.45201
-122.64752,48.3858
-122.64708,48.92424
-122.64637,45.59551
-122.64294,49.20896
-122.63982,45.58563
-122.63976,38.10983
-122.6294,47.30521
-122.6275,49.07977
-122.62233,49.28613
-122.61758,46.94023
-122.61708,49.16897
-122.61664,47.62078
-122.61644,49.29702
-122.61642,37.96966
-122.61642,49.29305
-122.61559,38.21821
-122.61249,45.62679
-122.61027,38.26194
-122.60634,45.37491
-122.59391,49.15582
-122.59262,45.67532
-122.59262,49.17908
-122.59153,49.15293
-122.58907,45.36655
-122.58825,38.58521
-122.58717,45.19979
-122.58667,45.56819
-122.57882,45.64954
-122.57642,48.45643
-122.57536,47.20658
-122.57509,47.14098
-122.57255,45.21881
-122.57069,47.29445
-122.56936,45.29939
-122.56936,47.18283
-122.55913,49.2257
-122.55783,45.44032
-122.54769,45.31731
-122.54389,48.03067
-122.53552,47.13381
-122.5346,37.91253
-122.53134,49.06948
-122.52768,45.39705
-122.52131,47.23357
-122.52041,45.71408
-122.52026,38.0218
-122.51788,45.53004
-122.51653,48.38167
-122.51518,47.19574
-122.50912,47.128
-122.50504,37.76833
-122.5045,38.31166
-122.49799,49.1439
-122.49716,48.82513
-122.49273,48.77905
-122.49238,37.71043
-122.49163,37.72181
-122.4861,37.62545
-122.48184,48.00195
-122.4817,38.65771
-122.47778,37.7097
-122.4755,37.6989
-122.47268,47.23913
-122.47155,48.22136
-122.47006,48.22716
-122.46852,38.52473
-122.46654,37.79163
-122.46649,37.99221
-122.45541,43.75747
-122.44159,45.62388
-122.44106,37.64867
-122.44035,47.11707
-122.43971,48.77416
-122.4387,48.70158
-122.43512,37.62799
-122.43433,37.80248
-122.43119,47.38455
-122.42213,45.46581
-122.42004,37.71512
-122.41806,44.80286
-122.41707,49.19776
-122.41119,38.49354
-122.40947,37.60363
-122.40851,45.53495
-122.40737,45.50885
-122.40489,47.95496
-122.3975,40.59792
-122.39597,41.42842
-122.38877,45.41553
-122.383,37.55609
-122.38151,45.42236
-122.37818,47.64361
-122.37779,47.64531
-122.37443,40.52493
-122.37029,47.55924
-122.36824,40.5476
-122.36526,37.59402
-122.36252,47.06371
-122.36097,47.73779
-122.35896,49.14448
-122.35464,37.59051
-122.34908,40.63285
-122.34895,45.248
-122.34794,37.98933
-122.34242,38.2607
-122.34012,48.14082
-122.32987,48.53509
-122.32956,47.81507
-122.32782,48.71706
-122.32376,37.54167
-122.32373,45.58026
-122.32261,37.58451
-122.32239,47.7814
-122.32181,41.28356
-122.32046,48.01329
-122.32021,49.07914
-122.31987,40.50577
-122.31852,47.50601
-122.31807,47.72942
-122.31659,47.88155
-122.309,47.50251
-122.30876,47.566
-122.30798,47.56826
-122.30488,47.56658
-122.30397,40.48539
-122.30177,37.93264
-122.29776,47.65974
-122.28968,47.63553
-122.28237,37.57316
-122.27802,48.40107
-122.27592,38.2652
-122.274,47.68664
-122.26689,47.3814
-122.26663,47.3829
-122.2649,37.45379
-122.26345,47.19427
-122.26161,47.37973
-122.26134,38.35141
-122.26025,47.48051
-122.25936,40.21917
-122.25452,47.74763
-122.2456,38.21617
-122.24204,37.88936
-122.24164,38.31606
-122.24102,38.31833
-122.23718,37.44755
-122.23656,38.21423
-122.233,48.05368
-122.23246,47.62651
-122.23243,37.73796
-122.23057,49.07382
-122.23016,49.03315
-122.22785,40.14609
-122.22524,40.55652
-122.22247,47.88297
-122.22081,39.58425
-122.22012,38.00519
-122.21193,39.87085
-122.21025,47.94526
-122.21016,44.18028
-122.20884,37.8189
-122.20703,47.33533
-122.20622,47.49487
-122.20129,47.61704
-122.20004,48.01191
-122.19985,47.67752
-122.19921,37.36881
-122.19743,38.12141
-122.19389,37.893
-122.18883,38.12049
-122.1846,37.69607
-122.17794,37.6866
-122.17362,37.37628
-122.16731,38.25695
-122.1627,47.6117
-122.15667,47.37958
-122.14841,47.65653
-122.14408,47.69676
-122.14201,47.53399
-122.14091,39.00841
-122.13685,41.23885
-122.13648,48.06795
-122.13575,47.71755
-122.13503,37.76511
-122.13272,37.66303
-122.1313,38.7377
-122.12674,47.62144
-122.12133,37.74193
-122.11891,37.45741
-122.09937,37.95149
-122.09763,37.94863
-122.09684,47.62534
-122.08945,49.11971
-122.08381,37.73108
-122.0711,37.86708
-122.06649,49.12572
-122.06458,37.30964
-122.06412,47.3299
-122.06227,37.98009
-122.06024,37.32012
-122.05519,47.63514
-122.054,37.28361
-122.04594,37.62545
-122.0414,37.42287
-122.02847,47.92278
-122.02087,36.99576
-122.02028,38.01499
-122.0114,37.35602
-122.00221,37.64596
-122.00207,47.60535
-122.00123,37.926
-122.00075,36.99751
-122.0007,39.19293
-121.99684,37.00501
-121.9937,49.14119
-121.98752,45.63851
-121.98205,47.95316
-121.97545,37.2551
-121.96973,37.42272
-121.96771,36.57881
-121.96668,37.83888
-121.96664,49.07268
-121.96505,37.33248
-121.9567,37.5528
-121.95652,47.19284
-121.95648,47.58561
-121.95559,36.59803
-121.95532,36.58507
-121.95228,46.53148
-121.95009,36.57184
-121.94774,36.60168
-121.94749,49.1208
-121.94597,49.25502
-121.93885,38.3739
-121.92863,36.63086
-121.9254,47.62581
-121.92469,38.32534
-121.91788,42.18767
-121.90829,45.68713
-121.89989,49.18688
-121.89067,37.64017
-121.88811,37.37718
-121.88373,37.66304
-121.8815,37.45542
-121.87797,37.45633
-121.87571,47.5589
-121.875,38.67895
-121.87306,36.58557
-121.86416,37.32232
-121.86256,37.23322
-121.86168,36.59055
-121.86007,47.5384
-121.85492,37.45197
-121.85375,37.69653
-121.85342,37.34596
-121.83635,37.69781
-121.83335,36.56037
-121.83232,37.30179
-121.82856,37.69682
-121.82219,37.38593
-121.82112,36.63229
-121.82085,36.62758
-121.80894,37.97348
-121.80388,45.72953
-121.80066,36.51725
-121.7955,42.18663
-121.79438,47.51699
-121.78795,49.27638
-121.78787,36.57151
-121.78378,39.76869
-121.77848,37.21833
-121.77531,37.22
-121.77527,39.70883
-121.77452,36.57582
-121.77407,39.76954
-121.77213,38.58656
-121.77006,38.58407
-121.75691,49.17989
-121.75668,36.9809
-121.75555,36.87099
-121.75477,37.6307
-121.75002,37.29007
-121.74884,37.17059
-121.74627,36.9777
-121.7275,36.56761
-121.70948,37.19834
-121.70514,39.71534
-121.69919,37.19457
-121.68573,38.54406
-121.68435,37.65242
-121.6708,42.19415
-121.63397,36.74716
-121.63324,37.0673
-121.63217,38.02396
-121.62716,39.49392
-121.62368,37.01569
-121.6191,36.69619
-121.61725,38.69718
-121.61353,36.66914
-121.60692,37.00065
-121.60573,38.87902
-121.60279,39.44207
-121.59206,45.66734
-121.58955,37.115
-121.56512,36.967
-121.56308,39.03408
-121.56138,41.99471
-121.54159,39.14327
-121.53969,45.68735
-121.53148,38.60752
-121.49877,38.50218
-121.49724,38.53943
-121.49693,38.45462
-121.49573,43.75812
-121.48315,44.29905
-121.46346,36.819
-121.44136,38.4125
-121.43921,43.8602
-121.43781,43.85552
-121.437,43.85965
-121.41641,37.79989
-121.40834,38.70949
-121.40356,38.63231
-121.39836,38.71892
-121.38761,38.6215
-121.37969,39.10733
-121.3616,37.9737
-121.36017,44.03224
-121.35678,37.9634
-121.35241,38.3687
-121.34973,38.63654
-121.3475,38.53622
-121.34451,38.00939
-121.33767,38.56892
-121.33737,38.49075
-121.32784,38.05369
-121.32707,37.99265
-121.32453,38.69172
-121.31701,44.08304
-121.31616,44.08
-121.3151,44.0805
-121.31449,38.60943
-121.31402,43.99165
-121.31147,38.47749
-121.31092,44.01322
-121.31034,44.07803
-121.3093,36.77752
-121.30822,37.92148
-121.30637,38.16199
-121.29509,38.79066
-121.29207,38.76388
-121.28793,38.77003
-121.28788,38.21381
-121.28673,38.65992
-121.28665,38.24398
-121.28642,38.66006
-121.2762,44.26463
-121.27258,38.07304
-121.26921,37.99306
-121.25867,38.89262
-121.25744,44.25653
-121.25659,38.54971
-121.25581,44.26112
-121.25503,44.25552
-121.25273,44.25332
-121.24359,37.80275
-121.24241,37.83779
-121.24196,38.82793
-121.24086,37.83082
-121.24037,44.42525
-121.21555,45.65352
-121.20573,40.24113
-121.20237,44.23963
-121.19859,44.24099
-121.19853,44.24257
-121.19561,44.22943
-121.19542,39.22428
-121.19331,38.72477
-121.18677,38.80231
-121.16726,44.85647
-121.1512,44.2936
-121.1498,40.25044
-121.14645,44.65372
-121.14452,39.00681
-121.10783,38.68618
-121.07218,38.9461
-121.07111,38.96527
-121.06939,38.65963
-121.05307,39.23077
-121.052,47.18815
-121.04995,44.15434
-121.04932,44.1557
-121.04721,44.1555
-121.04718,38.98927
-121.04183,38.94741
-121.03091,37.10162
-121.0151,37.93266
-121.00946,37.74655
-121.00779,38.70362
-121.00195,37.62534
-120.99933,37.80793
-120.99181,37.56405
-120.98436,38.66823
-120.95118,38.35783
-120.93925,37.64894
-120.93444,37.61272
-120.91301,40.08795
-120.88107,38.74382
-120.85661,35.31482
-120.85517,44.29662
-120.85384,35.31375
-120.85011,37.52397
-120.83872,35.35221
-120.8335,45.84244
-120.83104,37.44159
-120.82143,38.18048
-120.81228,37.78254
-120.76716,38.72324
-120.75664,44.30065
-120.73232,35.33681
-120.71298,38.75172
-120.70969,38.74966
-120.69717,35.26025
-120.68857,43.24412
-120.67988,35.65045
-120.65166,39.79453
-120.64934,40.36556
-120.64363,35.47277
-120.64244,37.91708
-120.63357,35.12574
-120.6319,39.78847
-120.62723,35.21506
-120.62517,39.7761
-120.62383,47.02025
-120.62102,35.64885
-120.6131,35.67962
-120.60518,39.76518
-120.586,46.63741
-120.5823,37.34372
-120.56202,41.50326
-120.5606,46.58903
-120.5556,34.79026
-120.55258,35.03348
-120.53599,38.4531
-120.5209,46.6442
-120.48319,34.87144
-120.46355,34.91232
-120.4559,34.71279
-120.45251,37.38197
-120.44727,34.91011
-120.43543,46.59822
-120.41852,39.84392
-120.41756,42.19036
-120.35816,38.25174
-120.35309,37.63481
-120.32854,38.25442
-120.31281,46.33684
-120.23532,47.36769
-120.23416,38.03522
-120.22964,37.11976
-120.21866,36.73813
-120.20554,39.33307
-120.19692,34.60908
-120.18989,45.70731
-120.18456,47.71947
-120.17426,46.34086
-120.14571,39.16925
-120.14474,34.57352
-120.13669,34.58646
-120.13118,48.45786
-120.12695,47.83468
-120.12362,36.98925
-120.06983,37.02907
-120.02578,47.85282
-120.01341,38.87022
-120.01026,38.8537
-119.99725,47.20555
-119.96494,38.94111
-119.95212,46.29839
-119.94356,38.96794
-119.93938,39.09704
-119.90639,34.42638
-119.90411,36.84494
-119.89095,39.63047
-119.8819,34.44503
-119.87687,34.54832
-119.85677,36.85026
-119.84272,39.10051
-119.83775,36.8533
-119.83428,34.43741
-119.81765,39.0491
-119.81725,39.49685
-119.79663,36.88306
-119.78482,39.19195
-119.78262,36.85783
-119.77744,39.52179
-119.76948,37.196
-119.76697,39.56166
-119.76115,36.8848
-119.75641,34.43129
-119.73768,34.43376
-119.72631,39.59411
-119.72485,39.48584
-119.71194,39.17537
-119.70619,36.77724
-119.70138,37.36935
-119.68893,36.72583
-119.68003,36.75565
-119.67377,36.42307
-119.66006,34.44611
-119.65676,37.5356
-119.65674,34.42514
-119.65166,48.06673
-119.64141,36.7471
-119.60699,34.43228
-119.59395,49.16169
-119.57688,47.28732
-119.57292,45.36934
-119.5688,36.56506
-119.56258,46.88487
-119.52972,49.19852
-119.50979,47.37367
-119.50469,47.37457
-119.50316,36.51706
-119.48859,49.02404
-119.47917,48.95452
-119.45121,36.73999
-119.43493,36.53882
-119.42971,49.04066
-119.38918,35.60514
-119.38814,47.59312
-119.38348,36.32031
-119.35496,46.96745
-119.35376,47.10785
-119.34527,46.96775
-119.3216,36.16025
-119.32085,36.33568
-119.31018,46.2969
-119.29574,45.91555
-119.28376,45.92135
-119.25983,46.26334
-119.25906,34.4361
-119.23845,35.7574
-119.23266,34.44271
-119.21371,34.47348
-119.213,34.47307
-119.20961,46.79281
-119.2074,34.24012
-119.16583,34.85354
-119.16409,38.9671
-119.15888,46.22236
-119.1564,34.2838
-119.15106,36.29631
-119.14556,46.21203
-119.14027,46.25433
-119.13345,46.93369
-119.11249,35.51917
-119.09184,34.23032
-119.083,35.3485
-119.07552,43.5665
-119.06501,34.33724
-119.00186,36.06609
-118.99811,44.41598
-118.98495,44.05908
-118.93907,35.39169
-118.89761,34.30212
-118.88823,49.04244
-118.88475,34.13212
-118.88348,34.17798
-118.86585,34.31157
-118.86096,36.10108
-118.85772,35.43734
-118.85197,34.09409
-118.84819,34.26699
-118.81264,34.24759
-118.81213,39.48501
-118.81121,34.14948
-118.81009,35.1656
-118.79677,45.56513
-118.79509,34.25726
-118.78997,34.15611
-118.73402,34.31376
-118.71659,47.76646
-118.70433,47.32952
-118.69075,34.2934
-118.68683,34.03318
-118.67119,45.6548
-118.66404,38.54341
-118.65978,46.06205
-118.65771,34.14093
-118.64431,35.0899
-118.56405,34.38605
-118.55019,34.14366
-118.53477,34.15391
-118.50271,46.05852
-118.50221,34.04531
-118.49714,34.17302
-118.49501,34.17507
-118.48975,34.18403
-118.48944,34.19121
-118.48899,34.17097
-118.48845,34.19029
-118.48044,34.04713
-118.4712,34.40502
-118.46444,34.06497
-118.46128,34.00605
-118.42452,35.73968
-118.42197,34.07027
-118.41415,34.31223
-118.41263,34.0484
-118.40907,33.9569
-118.40891,34.41081
-118.40488,34.04805
-118.40016,33.75473
-118.39978,37.34146
-118.39923,45.93507
-118.39378,33.91214
-118.38714,33.89875
-118.37571,33.7983
-118.3508,34.14452
-118.35061,46.04217
-118.34517,33.72901
-118.34231,33.82067
-118.33951,33.88241
-118.33408,46.08165
-118.3328,33.3546
-118.33177,33.33587
-118.32955,34.26848
-118.32686,33.72553
-118.31347,33.92022
-118.31277,33.94745
-118.30204,34.20701
-118.29024,34.12017
-118.28749,33.786
-118.28397,34.14191
-118.27555,34.12131
-118.27053,33.85204
-118.27052,34.12511
-118.25479,47.47242
-118.23285,34.197
-118.20501,49.01905
-118.20252,49.01962
-118.20228,34.17264
-118.20226,33.82709
-118.19842,34.15969
-118.19635,33.83787
-118.18525,33.89436
-118.18357,33.94394
-118.17674,34.14747
-118.16214,34.05793
-118.16131,33.93728
-118.15451,33.95585
-118.14888,33.95532
-118.13884,34.60914
-118.13792,33.81701
-118.13449,33.77896
-118.13311,34.02918
-118.133,34.0318
-118.11954,34.1827
-118.11377,33.76994
-118.11306,34.08891
-118.10624,33.87954
-118.10345,33.83118
-118.09549,34.10837
-118.08208,34.16622
-118.08152,33.76669
-118.06447,33.77847
-118.06207,36.57744
-118.06197,34.60018
-118.05935,34.01991
-118.05676,33.90707
-118.04276,45.33382
-118.03747,34.13362
-118.03405,33.92909
-118.02944,33.71908
-118.0256,34.74211
-118.01788,34.10304
-118.01641,34.10479
-118.01573,33.67954
-117.99926,33.90632
-117.99421,46.31862
-117.99231,33.9614
-117.97699,33.88676
-117.968,33.8369
-117.96772,33.91092
-117.9488,33.72876
-117.94815,33.9609
-117.94363,34.14079
-117.94229,35.12763
-117.9372,33.6823
-117.93666,34.90809
-117.92897,34.02229
-117.92709,33.66331
-117.92574,34.01975
-117.92121,33.90281
-117.9115,33.75259
-117.91017,33.91079
-117.90332,33.89579
-117.89229,33.77042
-117.89138,33.98959
-117.88873,33.66574
-117.88353,33.61645
-117.87432,48.54038
-117.86834,33.91589
-117.86579,34.11579
-117.85692,45.19784
-117.84604,34.47356
-117.84522,44.76368
-117.84328,33.82405
-117.84129,34.04334
-117.8409,34.04367
-117.83326,33.66401
-117.82139,34.01105
-117.82073,34.12922
-117.81726,33.90641
-117.79978,33.64683
-117.78526,49.06764
-117.78379,33.74015
-117.78108,34.13835
-117.78003,34.08414
-117.77188,33.6803
-117.76794,34.04483
-117.76779,33.96604
-117.76608,33.8435
-117.75064,34.14772
-117.74439,33.5137
-117.7292,49.16296
-117.7277,33.60151
-117.72576,33.61574
-117.71802,34.11249
-117.71303,33.50877
-117.70689,33.96768
-117.701,33.96968
-117.6897,33.62211
-117.66183,33.95004
-117.6366,49.27416
-117.63462,35.66167
-117.62516,34.11276
-117.62439,33.60757
-117.60322,34.02643
-117.59673,33.61791
-117.59671,33.61842
-117.59659,33.61785
-117.59627,33.61828
-117.5962,33.61775
-117.5958,33.61767
-117.59563,33.46886
-117.59469,33.46138
-117.59349,47.09317
-117.5917,34.07643
-117.59054,34.07643
-117.58628,46.46831
-117.58557,33.45101
-117.58264,33.59542
-117.56635,33.62951
-117.54864,47.58089
-117.54026,33.8059
-117.53031,33.96321
-117.51998,49.15843
-117.51965,33.91526
-117.51051,34.02374
-117.50276,33.81494
-117.47357,47.64938
-117.46684,47.68477
-117.45252,47.96752
-117.44497,34.14389
-117.43864,33.97499
-117.43758,47.76746
-117.43205,34.02609
-117.41414,47.6085
-117.40367,47.76454
-117.39833,47.78376
-117.39462,47.60981
-117.37851,34.00002
-117.37767,47.54124
-117.36265,47.79398
-117.36234,33.19514
-117.35999,33.96188
-117.35957,34.07331
-117.35361,34.57608
-117.3446,46.90391
-117.32996,33.27058
-117.32988,35.82476
-117.32783,33.21336
-117.32427,34.15279
-117.31989,33.25567
-117.31934,33.18849
-117.31147,33.64914
-117.29818,33.12979
-117.29555,45.43354
-117.29354,33.12396
-117.28676,33.14823
-117.28218,33.13844
-117.28047,33.87496
-117.27466,34.15271
-117.26679,32.83847
-117.26395,33.92183
-117.26354,33.16013
-117.26082,49.16414
-117.25793,32.85313
-117.24898,32.90871
-117.24802,33.04122
-117.24765,32.89714
-117.24338,33.00181
-117.24059,34.05037
-117.23539,33.16651
-117.2257,33.49671
-117.22299,34.25614
-117.22141,33.20918
-117.21749,32.97956
-117.21708,33.12096
-117.21691,32.79892
-117.21104,32.9427
-117.2105,33.02549
-117.20899,32.94454
-117.2089,32.94385
-117.20524,32.9448
-117.2037,32.94644
-117.19762,33.71548
-117.1976,32.93881
-117.19636,32.75653
-117.19614,32.69257
-117.19393,33.24465
-117.19319,32.97702
-117.19098,32.84913
-117.1896,32.89197
-117.18712,32.789
-117.18647,32.79073
-117.17761,32.76293
-117.17635,32.9891
-117.16856,32.68521
-117.1667,32.68339
-117.16311,33.31829
-117.15935,33.03145
-117.158,38.69703
-117.15729,33.16345
-117.14821,32.88374
-117.14764,34.02304
-117.14324,33.23022
-117.14087,46.73672
-117.13804,32.73
-117.13601,32.72203
-117.12992,33.46631
-117.12352,33.73871
-117.12327,32.68886
-117.11682,33.51482
-117.10524,33.21645
-117.10107,47.66333
-117.09338,32.44285
-117.09231,32.80377
-117.08441,32.66678
-117.08136,32.91232
-117.08019,47.65851
-117.07947,32.9995
-117.07864,46.41718
-117.07297,32.99639
-117.07254,33.00132
-117.07005,33.00269
-117.06895,33.0318
-117.0689,33.00857
-117.068,33.00594
-117.06793,34.03821
-117.06532,32.61967
-117.06447,33.06635
-117.06216,47.21918
-117.05667,33.03698
-117.055,33.03166
-117.05416,33.03486
-117.05187,33.03431
-117.04927,33.07049
-117.04684,32.65527
-117.03578,32.79649
-117.03313,32.66358
-117.02583,33.03832
-117.02518,33.21121
-117.02512,33.2096
-117.02389,46.38092
-117.02331,46.72132
-117.01798,33.21031
-117.01336,32.84044
-117.01317,32.68103
-117.01233,33.20679
-117.0051,32.50934
-117.00056,33.95435
-116.98518,33.7398
-116.98107,33.82688
-116.96968,47.76622
-116.96832,44.26204
-116.96509,33.7243
-116.96272,40.61991
-116.96232,32.64683
-116.96107,33.01502
-116.95622,43.64465
-116.95272,34.87969
-116.94546,48.1826
-116.94327,46.72471
-116.93846,33.91762
-116.93577,33.92214
-116.93536,32.86209
-116.93388,33.79475
-116.91545,32.74646
-116.91304,33.74565
-116.90536,44.0996
-116.89471,32.74408
-116.89418,32.74384
-116.8934,32.744
-116.88435,32.77828
-116.88063,32.77828
-116.8776,32.78008
-116.87232,32.94681
-116.87215,36.45872
-116.8115,33.00113
-116.76212,47.76248
-116.75706,47.66606
-116.75005,47.68344
-116.6929,43.65837
-116.62082,43.55043
-116.60501,32.50468
-116.55091,33.82778
-116.54278,48.29285
-116.53956,47.31376
-116.5377,43.85211
-116.53769,43.6043
-116.53586,33.78726
-116.53123,33.78966
-116.52556,33.79804
-116.52392,43.60461
-116.49695,49.04822
-116.49374,33.91071
-116.48371,33.82499
-116.48221,33.92681
-116.45972,34.12081
-116.45149,33.92645
-116.44459,46.49594
-116.42211,43.70445
-116.42189,33.73484
-116.41688,33.76395
-116.41484,33.7047
-116.41273,33.7762
-116.41136,33.76051
-116.39078,33.28994
-116.38164,33.76556
-116.37567,33.76884
-116.36481,33.76533
-116.36245,33.73679
-116.35689,33.2327
-116.35619,33.24458
-116.35044,33.76524
-116.34721,43.59622
-116.34665,33.72527
-116.29904,33.72749
-116.2939,43.74496
-116.26692,43.55731
-116.2656,43.67233
-116.23073,47.53526
-116.2254,43.66257
-116.21941,46.446
-116.19031,33.54379
-116.18693,33.74128
-116.16921,43.595
-116.16361,47.53514
-116.16035,45.91224
-116.08748,34.25278
-116.06389,47.52564
-116.05766,44.51206
-115.84731,43.04569
-115.75947,40.85621
-115.75946,40.85621
-115.69609,32.76554
-115.67214,43.14115
-115.54626,32.76916
-115.52048,33.0089
-115.49683,44.96227
-115.44938,32.57662
-115.41782,32.80061
-115.39655,33.7398
-115.34001,36.1017
-115.32743,36.35579
-115.29702,36.17186
-115.28383,36.18131
-115.28258,36.17367
-115.28244,36.22283
-115.27435,36.09505
-115.26889,43.58736
-115.19925,36.18467
-115.17664,36.07948
-115.1698,36.06873
-115.16481,36.10656
-115.15979,36.12588
-115.13574,36.21587
-115.11082,35.97626
-115.1063,36.25798
-115.10242,35.95453
-115.10202,36.17035
-115.0864,47.28718
-115.08142,36.03559
-115.07816,36.06137
-115.05696,36.14638
-115.05027,48.93038
-115.04827,36.12261
-115.04762,36.21587
-114.97386,41.09983
-114.93276,36.80466
-114.93068,36.08454
-114.92506,36.10977
-114.90651,31.13284
-114.90479,31.13493
-114.90286,48.76178
-114.90237,31.13172
-114.8994,31.13797
-114.89929,31.13448
-114.89744,31.13284
-114.89663,31.13433
-114.89551,31.13668
-114.89502,31.13519
-114.89418,31.13856
-114.89395,31.14115
-114.89362,31.13437
-114.89161,31.14174
-114.89128,31.13903
-114.89055,31.13749
-114.88977,31.13795
-114.88758,35.97705
-114.85786,39.26944
-114.85684,35.95838
-114.70486,32.60047
-114.66071,41.98925
-114.65714,32.71098
-114.6485,35.02354
-114.63729,32.66038
-114.63525,32.66756
-114.61163,32.6735
-114.60435,35.08233
-114.60059,34.8419
-114.58872,34.96066
-114.57452,35.10826
-114.53625,35.13561
-114.53255,35.13823
-114.53205,35.13879
-114.53143,35.13757
-114.53084,35.13764
-114.52916,35.13683
-114.52839,35.139
-114.49429,42.55704
-114.47791,42.60331
-114.46727,42.60724
-114.46213,32.66902
-114.43594,42.69863
-114.40232,32.67401
-114.39314,32.62809
-114.38519,32.63082
-114.38054,32.64661
-114.38047,32.64665
-114.36718,43.69606
-114.35548,43.70205
-114.35392,34.45595
-114.34927,48.44195
-114.34499,43.70436
-114.3443,34.46743
-114.34282,48.44918
-114.33156,43.67664
-114.31567,48.2162
-114.24843,47.01384
-114.24368,44.49961
-114.13232,47.69586
-114.12939,32.67671
-114.12224,47.69921
-114.1056,47.59285
-114.10492,46.22025
-114.10039,36.79472
-114.09447,46.22217
-114.05803,46.82292
-114.05751,36.83685
-114.04992,46.83667
-114.04484,46.84206
-114.04081,36.81491
-113.99966,46.82951
-113.99923,48.50254
-113.99164,46.84473
-113.93121,36.8983
-113.88872,49.08029
-113.86759,45.1627
-113.76232,42.53565
-113.70623,42.60703
-113.65132,37.15464
-113.63356,37.10613
-113.63296,37.15114
-113.62168,37.03075
-113.62099,43.90907
-113.6093,37.05443
-113.60536,37.02458
-113.59639,37.12732
-113.56512,31.32366
-113.46107,47.15059
-113.44984,37.15409
-113.32568,37.09562
-113.32566,37.09994
-113.32477,37.10067
-113.32447,37.10108
-113.32379,37.10077
-113.32249,37.11453
-113.32206,37.10066
-113.32203,37.10038
-113.32186,37.1144
-113.32182,37.10586
-113.32175,37.11283
-113.32046,37.10197
-113.31955,49.18433
-113.31931,37.11363
-113.31917,37.10956
-113.31736,37.10413
-113.31472,37.10616
-113.31459,37.1122
-113.3136,37.10876
-113.31349,37.10946
-112.93349,46.13382
-112.86049,42.78188
-112.85075,32.45008
-112.83606,46.11258
-112.8335,42.95049
-112.79605,34.03184
-112.77608,46.38845
-112.74007,40.21858
-112.68401,37.22311
-112.62438,33.6653
-112.62244,33.66558
-112.62099,33.6622
-112.61659,45.22902
-112.60669,38.27893
-112.56918,34.76456
-112.52524,45.9777
-112.51754,39.37548
-112.50154,34.53275
-112.4944,45.97307
-112.45222,37.58182
-112.44459,33.64447
-112.43924,33.33226
-112.42378,42.83544
-112.42015,42.9079
-112.389,33.55516
-112.38845,33.38312
-112.38045,33.67576
-112.37075,33.63703
-112.36686,33.64231
-112.3483,33.6642
-112.34607,48.62275
-112.34145,43.21498
-112.34116,34.56781
-112.33383,33.65373
-112.32835,38.98542
-112.32555,33.76138
-112.32245,40.57948
-112.30994,33.65432
-112.29792,40.63865
-112.27551,40.53596
-112.27101,33.52503
-112.26891,33.65195
-112.26707,34.55711
-112.26438,33.6217
-112.24625,34.55715
-112.2462,33.53021
-112.19079,33.49822
-112.18438,41.71772
-112.18109,33.38478
-112.16321,47.81898
-112.16037,43.40021
-112.14367,33.69603
-112.1402,33.36784
-112.10491,33.61827
-112.10183,40.7154
-112.09833,41.14994
-112.09776,33.47522
-112.09585,41.11281
-112.08929,33.08211
-112.08895,33.52937
-112.08408,33.93659
-112.08077,49.14653
-112.07575,33.50971
-112.06996,46.62052
-112.05988,33.4845
-112.05122,41.16627
-112.04473,41.32655
-112.03996,34.75131
-112.0378,43.53993
-112.03656,46.61062
-112.02628,33.07645
-112.0232,42.60147
-112.02141,33.51754
-112.01966,41.26965
-112.01874,43.5075
-112.005,33.65149
-112.0009,41.49523
-111.99855,33.69589
-111.99221,33.78967
-111.98885,43.44549
-111.98833,33.26992
-111.98831,33.32979
-111.98172,33.76025
-111.98079,47.60355
-111.97712,41.18631
-111.97677,33.41941
-111.97656,48.17185
-111.97574,33.36601
-111.97304,33.85062
-111.97246,40.37379
-111.97168,33.367
-111.96975,41.18627
-111.96592,34.72401
-111.96276,33.52641
-111.96269,33.52713
-111.96027,33.45783
-111.95648,33.48506
-111.95365,41.11801
-111.95363,40.59386
-111.95121,33.50666
-111.94657,33.56602
-111.94549,33.4442
-111.94463,41.11164
-111.9399,41.23546
-111.93741,40.79391
-111.93663,33.62129
-111.93616,41.20425
-111.93589,33.35646
-111.93578,33.62506
-111.93434,33.62885
-111.93238,40.80268
-111.92883,40.6675
-111.9245,41.07322
-111.92189,40.67969
-111.92181,40.51678
-111.91725,40.63399
-111.91684,33.5709
-111.91596,41.00219
-111.91589,33.64015
-111.91583,40.58048
-111.91572,41.02166
-111.91446,33.47731
-111.91421,40.62375
-111.91213,33.77885
-111.91167,40.56176
-111.91128,40.70245
-111.9111,33.48764
-111.91103,33.504
-111.90811,48.43056
-111.90403,33.59381
-111.90394,33.53084
-111.90348,40.42757
-111.90345,33.59154
-111.90311,33.59493
-111.90063,33.82193
-111.89928,46.65385
-111.89927,33.41417
-111.89884,33.636
-111.89866,40.32287
-111.88917,43.69578
-111.8844,33.21172
-111.87614,33.54102
-111.87415,40.71019
-111.8735,40.66015
-111.87046,33.85483
-111.86559,33.73455
-111.86437,33.54601
-111.86255,40.71673
-111.85887,40.58908
-111.85828,40.86123
-111.85582,33.85538
-111.85099,33.38789
-111.84752,33.21144
-111.84713,32.88498
-111.84677,41.71098
-111.84508,33.44041
-111.84399,33.85
-111.84112,40.6509
-111.83426,40.535
-111.83229,33.22595
-111.82832,40.71671
-111.82566,33.86281
-111.82515,34.91573
-111.82206,40.74572
-111.81996,33.21234
-111.81901,33.74868
-111.81295,43.84233
-111.81197,41.836
-111.81076,39.71541
-111.80548,43.8315
-111.80295,40.63914
-111.79187,41.74617
-111.78669,40.40258
-111.78003,40.42627
-111.77534,34.84479
-111.77229,32.91611
-111.76005,33.32824
-111.75438,33.41884
-111.7409,33.32028
-111.73662,40.30595
-111.73548,40.30596
-111.73194,40.04233
-111.71038,33.47
-111.71018,35.17389
-111.70541,35.10237
-111.70442,33.40017
-111.70244,32.8878
-111.69565,33.74902
-111.69341,33.58799
-111.69264,33.48729
-111.69128,40.00794
-111.6845,33.30543
-111.68287,33.31422
-111.67066,33.48214
-111.66369,39.21315
-111.66298,40.2718
-111.65185,33.43137
-111.64808,40.20394
-111.64786,33.4269
-111.64517,33.43103
-111.64046,42.65882
-111.63933,35.15923
-111.62772,41.04343
-111.6115,32.76653
-111.59246,33.37055
-111.57761,32.86136
-111.57675,35.20243
-111.57648,35.20565
-111.56874,33.15701
-111.55905,33.38251
-111.55606,40.68659
-111.5548,33.21302
-111.55373,40.68867
-111.55046,33.39049
-111.54014,45.89489
-111.52217,40.73978
-111.51211,40.16083
-111.49986,40.67718
-111.4947,40.48635
-111.49146,46.33614
-111.46423,33.36012
-111.46273,33.36295
-111.46008,45.31997
-111.45736,33.38644
-111.45527,40.72489
-111.4519,40.7482
-111.4496,33.36667
-111.44932,33.36679
-111.44918,33.3666
-111.44912,33.36672
-111.44904,33.37071
-111.44897,33.36647
-111.44894,33.37092
-111.44892,33.37103
-111.44892,33.37158
-111.44891,33.37123
-111.44883,33.37181
-111.44882,33.36585
-111.44875,33.36532
-111.44875,33.36565
-111.44871,33.36548
-111.4485,33.36523
-111.44838,33.36394
-111.44808,33.36372
-111.44782,33.36403
-111.44768,33.3639
-111.44758,33.36605
-111.44735,33.36727
-111.44733,33.36705
-111.44731,33.36339
-111.44724,33.36325
-111.44724,33.36341
-111.44724,33.3674
-111.44709,33.3634
-111.4469,33.36746
-111.44678,33.36281
-111.44674,33.36295
-111.44673,33.36789
-111.44655,33.3662
-111.44653,33.3685
-111.44632,33.36929
-111.44631,33.36631
-111.44627,33.36913
-111.44618,33.36623
-111.44616,33.36462
-111.44596,33.36532
-111.44596,33.36626
-111.44577,33.36636
-111.44263,33.37479
-111.44047,33.37695
-111.43701,40.90847
-111.41502,42.00504
-111.4139,39.60214
-111.39522,41.89815
-111.39377,45.23191
-111.37507,40.51535
-111.36566,45.25546
-111.36409,40.6248
-111.33017,47.49898
-111.32277,44.04476
-111.32015,47.48658
-111.31873,44.52062
-111.30466,40.59865
-111.30233,45.26414
-111.30198,45.26673
-111.29184,33.30196
-111.29052,42.33163
-111.28239,34.2431
-111.26641,47.52717
-111.25138,47.51882
-111.21787,45.67412
-111.17356,43.73764
-111.15511,45.69021
-111.12119,43.73284
-111.11011,43.57674
-111.10128,32.36118
-111.08889,32.1216
-111.08623,32.19288
-111.06929,45.72893
-111.06143,45.72751
-111.05597,32.37489
-111.05312,32.32874
-111.04003,32.21073
-111.03201,43.73692
-111.0309,45.65361
-111.02312,32.36252
-111.02185,32.27125
-111.00809,31.83434
-111.00431,32.40438
-110.99142,32.39127
-110.98208,41.27053
-110.97633,42.96427
-110.9763,32.31148
-110.97003,42.97367
-110.97003,42.97375
-110.95979,42.98797
-110.94731,42.97081
-110.92941,42.70353
-110.91388,32.21431
-110.90958,33.05
-110.90275,46.53752
-110.89623,32.52811
-110.87302,32.53612
-110.86775,32.17521
-110.86476,39.6418
-110.85549,32.54775
-110.85535,32.26174
-110.84808,43.52368
-110.82981,43.57495
-110.82904,32.09103
-110.82796,33.42267
-110.81216,32.16879
-110.75327,43.56732
-110.75123,43.56479
-110.69762,32.06699
-110.67504,33.36591
-110.65805,32.63275
-110.54334,45.66154
-110.53839,41.80688
-110.31437,31.5422
-110.28926,31.98009
-110.19653,34.92125
-110.00303,34.3523
-109.98217,34.36502
-109.94339,31.34372
-109.92958,45.83106
-109.92078,34.10817
-109.90634,34.1101
-109.8815,42.8607
-109.87486,34.10982
-109.83665,46.44356
-109.82819,32.23574
-109.77123,32.80689
-109.66398,43.55206
-109.62713,34.42736
-109.53936,31.37327
-109.53869,41.56735
-109.48563,40.45046
-109.48061,38.53436
-109.40183,47.05581
-109.39726,47.07918
-109.34837,37.85997
-109.24972,48.61552
-109.24365,45.62739
-109.24261,41.64385
-109.19055,32.90447
-109.10763,33.81248
-108.81432,45.67892
-108.75524,40.08425
-108.72252,42.81862
-108.71055,39.13434
-108.67946,44.79534
-108.6703,39.07824
-108.66903,39.07755
-108.66445,45.80544
-108.62131,39.05544
-108.60188,45.77939
-108.60187,45.78014
-108.56886,49.21973
-108.5629,45.76614
-108.55759,46.45889
-108.54986,37.37115
-108.54614,39.11085
-108.54419,39.07538
-108.53672,45.79306
-108.50826,39.03754
-108.49865,45.83322
-108.43026,44.81142
-108.41519,45.90388
-108.37237,36.75314
-108.2626,32.73853
-108.24539,37.39309
-108.24373,37.39355
-108.24304,37.39347
-108.21351,43.66268
-108.19995,36.75069
-108.17556,36.76513
-108.1302,36.78385
-108.05331,44.40407
-108.03163,39.4493
-108.02389,36.80067
-107.94586,43.97172
-107.92971,40.02179
-107.90939,35.18522
-107.88198,38.4399
-107.85934,37.28436
-107.85003,38.4781
-107.84826,38.45687
-107.8002,35.14217
-107.79657,38.19149
-107.77453,39.61031
-107.76544,39.61264
-107.72986,32.26259
-107.52281,40.49925
-107.51807,39.58401
-107.34878,39.56492
-107.25463,33.14429
-107.19143,41.79397
-107.01937,44.79383
-107.01902,39.35672
-106.9972,44.8001
-106.9632,38.5247
-106.95617,39.631
-106.92911,39.21991
-106.91117,34.06938
-106.91001,40.50233
-106.86602,32.31424
-106.84176,39.2005
-106.81594,40.42476
-106.81438,39.63048
-106.80217,40.46874
-106.7985,41.44539
-106.77715,41.44595
-106.74978,34.81645
-106.74423,32.42373
-106.73168,34.63854
-106.73082,32.28611
-106.72694,34.63364
-106.72296,46.24793
-106.71331,35.12028
-106.71325,39.89735
-106.71223,39.89605
-106.71185,39.8945
-106.71047,44.35354
-106.695,39.68843
-106.69055,39.61865
-106.68976,35.19613
-106.67975,39.68556
-106.67373,35.09022
-106.67123,34.93794
-106.65437,39.68963
-106.64989,32.0211
-106.64221,48.23174
-106.63656,45.91204
-106.63494,37.68465
-106.63329,35.03677
-106.62075,35.09724
-106.61362,35.13221
-106.61099,35.06211
-106.59846,32.01758
-106.59197,35.16354
-106.59107,31.83632
-106.5678,35.14168
-106.56397,35.20839
-106.56025,35.33542
-106.55728,35.33598
-106.5483,35.3544
-106.54152,35.08365
-106.52756,35.02116
-106.52447,39.62114
-106.52397,31.81114
-106.51763,31.84832
-106.49356,39.61854
-106.49339,32.37249
-106.47537,39.61751
-106.40915,31.72487
-106.40911,31.75342
-106.40092,31.95688
-106.36632,31.7893
-106.36079,39.24104
-106.35118,35.6691
-106.34709,42.84124
-106.33593,31.82587
-106.32309,42.82709
-106.26209,42.81949
-106.20869,31.69008
-106.15806,37.58363
-106.10946,28.63659
-106.07637,35.67553
-106.05578,35.62997
-106.05092,35.95685
-106.04254,35.75384
-106.0071,38.53806
-105.99665,39.58192
-105.99393,35.86622
-105.94327,39.60755
-105.9379,40.07094
-105.92734,35.64239
-105.89695,40.06334
-105.87597,42.85252
-105.87521,37.4839
-105.86104,40.25215
-105.85362,33.6397
-105.84154,46.39596
-105.76117,37.98949
-105.69978,33.29566
-105.67247,33.34988
-105.67095,33.33939
-105.66563,41.28712
-105.66525,33.40233
-105.66302,33.35828
-105.65594,36.3578
-105.6535,32.88237
-105.64936,33.39737
-105.614,33.41007
-105.57794,40.79369
-105.57269,48.0912
-105.55099,41.31712
-105.51527,49.10507
-105.50726,40.37915
-105.50273,43.74548
-105.49854,40.36134
-105.4727,44.26648
-105.45937,45.46077
-105.43711,48.78295
-105.41133,35.81756
-105.36806,42.73503
-105.35105,39.67302
-105.3348,39.6296
-105.29383,36.3725
-105.2335,38.40663
-105.22099,40.10438
-105.2209,40.01097
-105.21585,35.61043
-105.17732,39.75808
-105.16494,38.46739
-105.15664,39.76543
-105.15461,39.87281
-105.14409,40.17783
-105.13349,39.66041
-105.13347,39.66962
-105.13343,39.66042
-105.12901,39.59157
-105.12851,39.64986
-105.12536,39.56952
-105.12508,40.16956
-105.11993,39.90008
-105.11117,40.58455
-105.10899,39.64997
-105.10852,40.42509
-105.10239,40.41944
-105.09826,39.64593
-105.09652,38.37079
-105.09275,39.64792
-105.09034,39.64341
-105.08648,39.83267
-105.0823,39.45338
-105.07842,39.61346
-105.07575,39.02367
-105.07383,40.19624
-105.07094,39.72946
-105.06736,39.91027
-105.06583,40.16733
-105.05109,40.52517
-105.0486,40.62376
-105.04857,39.78741
-105.04856,40.53432
-105.04527,39.8737
-105.04499,39.95234
-105.04058,39.95483
-105.03873,39.94675
-105.03681,39.94943
-105.03305,39.59972
-105.01469,39.64702
-105.01367,37.49408
-105.00573,39.62346
-104.99668,39.68488
-104.99606,40.62637
-104.99248,39.26355
-104.98588,39.98816
-104.98569,39.98791
-104.97849,39.67249
-104.97569,39.93677
-104.97125,39.58917
-104.96756,39.64342
-104.96625,39.71493
-104.95832,42.04131
-104.95384,40.53012
-104.95123,40.29928
-104.95028,39.75259
-104.94787,39.65664
-104.94558,40.12741
-104.94382,39.65895
-104.93464,39.57131
-104.93202,40.4575
-104.93187,40.12388
-104.93154,40.12369
-104.92519,39.46809
-104.92413,39.5571
-104.9106,39.26608
-104.90971,39.46943
-104.90609,39.47073
-104.90438,39.44897
-104.89665,39.5386
-104.88127,39.66894
-104.87972,39.70406
-104.87385,39.71395
-104.8732,39.93414
-104.87165,39.65028
-104.86754,39.64957
-104.86539,39.58927
-104.86478,39.57307
-104.8642,39.65711
-104.86193,39.00346
-104.86017,39.70736
-104.85816,41.11861
-104.85417,31.02749
-104.85249,39.59138
-104.84872,38.78187
-104.8461,41.16164
-104.84149,38.76991
-104.84043,39.71485
-104.83774,39.10561
-104.83506,37.94975
-104.82881,39.66311
-104.8265,37.61239
-104.82608,37.95333
-104.82365,38.77852
-104.8236,39.64924
-104.82345,37.95401
-104.82279,39.02235
-104.80737,38.72103
-104.80709,44.36047
-104.80191,38.85881
-104.7918,39.11739
-104.79177,39.02247
-104.79154,40.08388
-104.78834,38.87436
-104.78057,37.5329
-104.77713,39.73304
-104.77516,41.15164
-104.77465,39.52132
-104.76945,38.82183
-104.76814,40.4017
-104.74984,39.78871
-104.74687,38.3195
-104.74089,47.13138
-104.73961,42.25445
-104.71441,38.86063
-104.70443,38.84245
-104.70219,40.5497
-104.69681,38.81582
-104.65519,38.25508
-104.65442,38.25935
-104.64632,38.72667
-104.64513,34.95172
-104.62295,38.30282
-104.58714,44.67955
-104.58147,38.31442
-104.57451,39.48415
-104.56991,39.48499
-104.56598,33.39631
-104.56443,48.7833
-104.54919,33.39817
-104.53179,33.41965
-104.51589,37.15618
-104.49194,33.42256
-104.47819,42.75791
-104.46875,36.88955
-104.45589,37.19179
-104.4343,32.85347
-104.36528,44.40696
-104.26587,46.34976
-104.2512,32.44739
-104.22945,43.84771
-104.21322,42.05659
-104.21225,32.43093
-104.19567,47.71754
-104.19227,35.37101
-104.03138,38.13545
-103.99465,30.32747
-103.86377,44.6451
-103.8225,40.2832
-103.81866,41.97594
-103.81465,44.2706
-103.7981,35.15804
-103.74598,48.43555
-103.73011,38.04239
-103.69835,39.24044
-103.68291,41.83975
-103.68086,41.89796
-103.66171,48.1858
-103.66036,30.36832
-103.64617,40.26489
-103.61397,41.22504
-103.60992,48.2045
-103.53418,46.87396
-103.51801,35.34148
-103.50318,25.57086
-103.50158,31.39234
-103.49422,39.14758
-103.49263,25.54767
-103.42342,42.68092
-103.41041,25.52337
-103.39443,46.14527
-103.38386,34.18132
-103.37231,25.51479
-103.36255,25.51638
-103.36005,25.63805
-103.32858,41.7768
-103.32643,34.40085
-103.32633,41.21938
-103.31448,32.93629
-103.30002,44.02102
-103.29631,48.97863
-103.27655,44.06206
-103.26817,44.05229
-103.25354,40.62056
-103.24074,47.81025
-103.23797,43.97535
-103.23718,44.08689
-103.23607,32.46326
-103.21354,38.0779
-103.20979,31.83264
-103.20175,32.76986
-103.20153,32.69275
-103.2,44.04751
-103.19623,32.12776
-103.19257,32.10014
-103.18275,34.40751
-103.1717,40.62778
-103.16697,48.33792
-103.16058,36.44674
-103.14786,46.1517
-103.10464,41.58955
-103.05701,39.28205
-103.04943,48.15849
-103.02124,42.8035
-103.00623,49.12283
-102.99003,41.128
-102.98784,46.87166
-102.97765,49.10877
-102.95805,48.41118
-102.90943,30.90747
-102.90896,31.61052
-102.9023,46.54928
-102.8263,46.8639
-102.82359,46.87004
-102.81191,33.04849
-102.81098,42.06777
-102.79169,38.48165
-102.77294,48.90377
-102.75531,40.64358
-102.74206,47.38422
-102.74043,34.6333
-102.71187,34.2297
-102.71152,40.12848
-102.65849,32.69631
-102.64899,32.835
-102.63524,32.70971
-102.62947,48.55744
-102.61388,39.62461
-102.61233,38.04319
-102.61192,39.30402
-102.60354,45.95551
-102.55733,36.04197
-102.55466,45.51644
-102.54645,49.00289
-102.53548,32.32747
-102.49625,33.46127
-102.48619,36.73905
-102.47118,42.71177
-102.46175,41.08035
-102.40917,31.94551
-102.40054,34.80909
-102.38991,34.81401
-102.38534,48.32341
-102.37261,33.57085
-102.35763,31.92633
-102.35633,31.42854
-102.34545,38.82563
-102.31874,31.86477
-102.31666,31.88846
-102.30282,46.37449
-102.28327,31.89166
-102.28155,31.9125
-102.27826,31.90403
-102.2751,41.01608
-102.2746,31.9101
-102.27281,40.41959
-102.26461,39.33341
-102.25347,43.97641
-102.23263,40.0924
-102.22562,42.80368
-102.21382,31.11327
-102.20322,49.30146
-102.17048,32.00443
-102.15635,31.99262
-102.14285,34.13804
-102.13395,47.94413
-102.1173,45.91675
-102.09574,48.69264
-102.0957,32.06298
-102.09488,32.06415
-102.06717,32.04173
-102.06198,32.03167
-102.03313,33.583
-101.97392,35.00845
-101.97045,32.73089
-101.95659,35.93041
-101.94781,33.59881
-101.94509,35.14924
-101.93683,33.56699
-101.93264,34.99123
-101.93232,32.70941
-101.91805,35.1136
-101.91757,35.21726
-101.917,30.92232
-101.90996,33.45711
-101.90059,35.23908
-101.89342,33.60052
-101.89199,33.49289
-101.89051,35.23167
-101.89051,35.23171
-101.88966,35.2383
-101.88875,35.20962
-101.88828,41.24911
-101.88791,36.99842
-101.88271,33.63939
-101.84279,35.24363
-101.83937,33.63318
-101.83598,39.76402
-101.83323,46.40487
-101.83165,46.8226
-101.83073,33.59957
-101.81893,33.17791
-101.80351,35.16514
-101.79243,49.18793
-101.78695,39.34735
-101.78117,47.25093
-101.75716,38.478
-101.75312,38.87936
-101.74978,37.96409
-101.73939,37.57918
-101.73795,34.17931
-101.73002,40.89108
-101.72274,43.1776
-101.71596,41.9971
-101.6546,40.51611
-101.65262,44.07249
-101.63912,36.58938
-101.63357,48.98228
-101.593,47.29601
-101.49124,48.80957
-101.48924,40.07558
-101.47665,32.21381
-101.43698,31.18899
-101.43567,31.18944
-101.43376,32.20914
-101.42367,46.8511
-101.42166,48.2953
-101.41035,26.90132
-101.40335,35.68606
-101.3994,48.25891
-101.39902,37.17445
-101.39347,47.64288
-101.39043,35.33622
-101.36892,33.88437
-101.36052,47.51405
-101.33562,38.4836
-101.33279,37.56408
-101.32587,48.22521
-101.28445,37.94035
-101.27642,41.85182
-101.27526,41.85766
-101.27457,41.84651
-101.27448,41.8464
-101.27445,41.84628
-101.27409,41.84642
-101.27389,41.84781
-101.27379,41.84786
-101.27374,41.84749
-101.27371,41.84566
-101.27357,41.84591
-101.27356,41.84739
-101.27275,41.86394
-101.27241,41.85451
-101.27175,41.86631
-101.27115,41.854
-101.26922,41.8502
-101.26907,41.85748
-101.26905,41.85014
-101.26893,41.85611
-101.26885,41.84584
-101.2688,41.84662
-101.26725,41.84602
-101.26705,41.84576
-101.26457,41.85009
-101.26384,48.19674
-101.26381,41.85019
-101.263,41.84876
-101.262,41.8491
-101.26188,41.84978
-101.26185,41.8497
-101.26182,41.85044
-101.26083,41.85685
-101.25778,41.85326
-101.25767,41.85343
-101.25213,47.09364
-101.23461,46.44805
-101.21871,36.86681
-101.19197,30.72153
-101.18977,27.89191
-101.14898,47.45165
-101.10058,41.87034
-101.04204,39.81903
-101.03154,39.406
-101.03022,40.18748
-100.99966,49.27036
-100.97899,31.83477
-100.975,48.91172
-100.95233,47.24916
-100.95034,37.05328
-100.94315,35.59122
-100.93976,35.55607
-100.9336,32.75315
-100.93304,48.0707
-100.92794,37.05964
-100.91493,32.67996
-100.90535,46.81824
-100.90407,38.4947
-100.89822,35.0215
-100.88407,29.37293
-100.86993,37.87923
-100.8647,39.1215
-100.85122,46.80826
-100.84571,46.89832
-100.8291,32.4125
-100.80676,46.78923
-100.80052,46.8187
-100.79669,41.10244
-100.79576,36.37847
-100.79418,29.3455
-100.7865,47.19696
-100.78574,41.03179
-100.76856,41.15319
-100.76126,46.83491
-100.75624,46.83961
-100.73475,41.11189
-100.65784,43.27766
-100.65474,40.20336
-100.64843,46.80521
-100.64592,30.58596
-100.61277,35.24435
-100.60958,25.70418
-100.60875,30.86035
-100.58743,37.26851
-100.52433,42.88994
-100.51161,41.23415
-100.50781,28.70187
-100.50514,40.6315
-100.47912,31.89552
-100.47328,31.48694
-100.45604,32.85232
-100.45444,39.35166
-100.44819,31.45962
-100.44801,31.46092
-100.44787,31.46262
-100.44715,31.38756
-100.44588,31.45722
-100.44208,37.5908
-100.42932,29.29248
-100.42319,45.56165
-100.4181,48.86205
-100.41048,49.15208
-100.40198,48.35134
-100.39785,32.49424
-100.39441,31.46447
-100.38525,44.38778
-100.38341,25.66768
-100.37596,35.94041
-100.37592,48.98585
-100.36567,44.90098
-100.35424,37.81222
-100.3486,37.26855
-100.34636,25.64209
-100.34532,25.64489
-100.29967,44.34861
-100.278,34.00337
-100.27092,25.5718
-100.26732,25.56709
-100.25268,35.20112
-100.24864,46.26448
-100.23141,25.56287
-100.23128,25.56545
-100.23035,25.56228
-100.22594,25.56761
-100.22063,25.56642
-100.21979,25.56047
-100.21953,25.56155
-100.21851,25.56154
-100.19488,25.52035
-100.19472,40.95533
-100.1939,25.51971
-100.19372,25.51939
-100.1936,25.51962
-100.19316,25.51743
-100.19303,25.5172
-100.18714,41.4053
-100.18623,34.42317
-100.16706,32.87044
-100.16669,40.28832
-100.16309,40.94559
-100.11446,25.79544
-100.11421,25.80125
-100.11048,25.79816
-100.05513,49.21052
-100.04657,37.76928
-100.04563,48.83794
-100.04085,25.75833
-99.99195,42.563
-99.98816,46.85267
-99.98775,31.74019
-99.96883,48.35791
-99.95261,40.84855
-99.94773,45.01851
-99.89779,38.54546
-99.89169,47.7913
-99.88989,32.74784
-99.87669,39.81673
-99.84541,43.36638
-99.83999,40.67507
-99.8304,39.37006
-99.82991,28.52756
-99.82618,33.40634
-99.81733,32.4274
-99.80085,48.64068
-99.79532,45.25872
-99.77755,29.20527
-99.77436,37.19722
-99.76228,46.51988
-99.74134,42.82864
-99.73806,32.4067
-99.73799,32.48014
-99.73751,32.39578
-99.73686,32.39514
-99.73239,32.40756
-99.71502,34.33222
-99.70942,49.19634
-99.7032,32.47259
-99.69405,32.40517
-99.69213,29.53135
-99.68358,48.89666
-99.67108,27.66168
-99.67084,41.40731
-99.6364,40.52111
-99.63332,40.25834
-99.62118,47.65732
-99.60839,45.77617
-99.59356,40.74673
-99.58403,46.25514
-99.58289,42.57178
-99.57059,33.41765
-99.55131,38.93095
-99.50695,34.90392
-99.49657,27.45333
-99.47755,37.19529
-99.46114,49.27675
-99.45418,48.28684
-99.45225,27.5369
-99.45042,32.40371
-99.41546,43.81153
-99.40956,43.23046
-99.4043,35.3634
-99.39121,37.88565
-99.3874,40.45464
-99.38382,49.09032
-99.37691,40.09957
-99.37617,36.42167
-99.34935,31.14966
-99.34598,38.86424
-99.34326,38.89334
-99.34071,37.24666
-99.31982,34.16667
-99.31356,36.45095
-99.31237,43.18097
-99.31215,39.7581
-99.3011,32.73441
-99.3006,39.30315
-99.28899,34.64104
-99.28611,34.66736
-99.27967,37.60439
-99.27262,26.89744
-99.2492,44.55583
-99.19861,48.4975
-99.18825,41.82374
-99.1791,45.03208
-99.16235,29.35441
-99.16162,31.55317
-99.14646,46.58473
-99.13448,30.01876
-99.13251,47.70584
-99.12692,40.70612
-99.12365,30.05657
-99.12287,47.47121
-99.11598,29.98941
-99.11508,47.43904
-99.10597,40.70429
-99.09427,40.59641
-99.08881,38.19011
-99.07984,40.88052
-99.05955,40.7447
-99.04725,40.77316
-99.0461,29.70932
-99.0431,45.44566
-99.03805,35.28587
-99.03094,34.40253
-99.00092,42.54169
-98.98701,46.27
-98.98624,44.5441
-98.98317,41.28457
-98.96905,40.09985
-98.9541,35.52217
-98.94855,40.51246
-98.94175,41.60864
-98.92602,29.36014
-98.92226,48.08258
-98.91697,30.24317
-98.91504,41.03687
-98.90405,34.0879
-98.89177,29.97787
-98.88959,43.38794
-98.86497,49.19574
-98.83924,38.88864
-98.83353,40.81327
-98.8285,32.41315
-98.8144,31.80494
-98.78112,39.71719
-98.76068,29.40208
-98.7583,29.38518
-98.75424,33.34763
-98.74057,29.62068
-98.74049,29.62374
-98.72388,39.43597
-98.71416,46.37432
-98.71161,37.93797
-98.69803,39.47164
-98.68736,31.20519
-98.68045,29.46059
-98.67666,46.90403
-98.67406,29.45243
-98.67109,35.56026
-98.66309,42.46192
-98.64814,46.8724
-98.63471,29.60645
-98.63342,33.58372
-98.61691,45.54266
-98.60835,29.39514
-98.60594,29.84286
-98.60551,29.85685
-98.59909,36.15555
-98.59666,41.00995
-98.59441,29.59464
-98.56957,29.50231
-98.55233,37.27298
-98.5461,39.57165
-98.54309,49.23334
-98.52629,43.06967
-98.52511,45.94819
-98.51912,29.45808
-98.51254,33.86601
-98.51063,45.46955
-98.50264,33.88234
-98.50158,45.47757
-98.49975,33.96086
-98.4965,38.53234
-98.49252,29.69507
-98.48693,29.49541
-98.48669,34.05559
-98.48296,28.98347
-98.48121,29.29463
-98.47814,29.45098
-98.47753,40.09984
-98.47648,29.45803
-98.47604,29.49867
-98.45701,29.46471
-98.4526,34.61262
-98.45239,29.56582
-98.44387,35.17234
-98.44146,40.33924
-98.43791,40.54628
-98.43358,29.42669
-98.4322,29.46791
-98.42878,29.42861
-98.42779,35.93198
-98.42739,30.66633
-98.42259,35.86071
-98.42096,29.50826
-98.41816,45.50966
-98.41777,39.50631
-98.41397,26.24667
-98.41085,29.56074
-98.40952,34.5689
-98.40951,40.89226
-98.40876,26.14623
-98.40205,29.67374
-98.39731,34.68151
-98.3966,29.6572
-98.39022,40.63699
-98.38322,38.33126
-98.38271,30.52576
-98.38045,30.04098
-98.37788,29.5177
-98.37483,46.45883
-98.37021,29.91387
-98.36912,30.54004
-98.36654,26.21761
-98.35628,48.78654
-98.34939,40.89139
-98.33784,34.37398
-98.33552,40.57898
-98.3312,48.03095
-98.32555,40.29002
-98.31188,36.11093
-98.30712,40.95589
-98.27055,26.2378
-98.26807,26.23446
-98.26277,26.1795
-98.2186,38.72317
-98.20411,38.33595
-98.20367,32.21329
-98.20125,26.19611
-98.19613,44.36802
-98.1955,32.23058
-98.17694,28.40201
-98.17604,47.77168
-98.17237,26.28596
-98.16139,33.24659
-98.13626,27.23693
-98.13227,37.65542
-98.1314,47.4505
-98.1294,49.18598
-98.12913,48.026
-98.09762,30.40957
-98.09592,46.16974
-98.08657,45.44687
-98.08556,39.46264
-98.06491,40.19469
-98.06222,32.814
-98.05914,40.06401
-98.05807,27.77226
-98.05721,34.50914
-98.05636,40.53029
-98.05516,34.51397
-98.05421,37.17203
-98.03874,43.73914
-98.0333,48.91716
-98.03219,27.76814
-98.03084,42.75433
-98.03067,43.73317
-98.02406,43.70647
-98.02071,41.687
-98.01897,46.9051
-98.00921,26.11907
-97.99585,30.12747
-97.98751,36.11452
-97.987,46.9317
-97.98572,30.33875
-97.98471,35.52701
-97.98229,29.5444
-97.97486,29.55473
-97.97346,34.5714
-97.97138,34.62895
-97.96769,34.57301
-97.96418,49.18114
-97.96196,34.52856
-97.95688,41.39101
-97.95481,35.01855
-97.95003,38.16752
-97.94389,30.29557
-97.94085,34.47491
-97.9323,30.34081
-97.93106,26.13318
-97.92556,36.45248
-97.92499,36.45032
-97.92467,36.45181
-97.92144,36.41559
-97.92055,35.85692
-97.9184,38.02485
-97.9134,42.99339
-97.91331,30.18638
-97.91315,26.21357
-97.91167,35.05947
-97.90694,32.70353
-97.90406,35.07033
-97.89855,29.88714
-97.89784,42.72795
-97.89412,42.46249
-97.88716,30.02194
-97.88525,30.53652
-97.88261,31.12893
-97.87917,30.01845
-97.87628,30.27089
-97.86675,42.36255
-97.86007,30.29155
-97.86003,30.29302
-97.85766,30.37004
-97.85471,30.2836
-97.85106,40.6008
-97.85053,30.27925
-97.84702,38.09352
-97.84301,36.39306
-97.83745,27.56141
-97.836,27.48186
-97.81705,31.14786
-97.81357,39.36175
-97.8093,40.77375
-97.80488,30.43579
-97.79759,32.73068
-97.79751,30.3429
-97.7971,30.34059
-97.79286,35.27084
-97.78962,30.64803
-97.78881,30.44023
-97.78866,47.32278
-97.78552,37.63916
-97.7831,26.45775
-97.78019,41.75149
-97.7785,30.2886
-97.77024,30.50356
-97.77003,28.39943
-97.76952,30.39902
-97.76726,30.3937
-97.76691,30.40289
-97.76605,38.065
-97.7635,30.40238
-97.75981,38.24105
-97.75969,32.44282
-97.75649,30.26261
-97.75604,48.77258
-97.74757,48.40378
-97.74545,30.72847
-97.74511,32.45946
-97.73597,33.77717
-97.73453,30.71655
-97.72723,43.14234
-97.72612,30.72198
-97.72558,30.2989
-97.71857,35.39346
-97.7174,30.39822
-97.71655,30.39843
-97.70768,26.17031
-97.70652,30.23671
-97.70498,35.066
-97.69828,29.85154
-97.69398,39.11594
-97.68935,30.28782
-97.68858,32.36597
-97.68838,26.14831
-97.68632,46.44998
-97.68522,32.35826
-97.6823,32.35262
-97.68097,32.36064
-97.68067,32.35894
-97.68059,31.08363
-97.68052,31.08938
-97.68042,32.35252
-97.67287,32.36824
-97.67149,32.35986
-97.67033,32.3684
-97.67027,32.36453
-97.66981,32.3535
-97.66939,38.46756
-97.66932,39.56289
-97.6687,32.35977
-97.66797,32.36303
-97.66752,32.76047
-97.66708,32.36764
-97.66674,32.35492
-97.6665,32.36392
-97.66597,32.3527
-97.659,30.29409
-97.65836,32.36648
-97.65607,38.46025
-97.65313,38.35497
-97.64727,27.86502
-97.64142,38.56188
-97.6384,31.89311
-97.62114,46.60661
-97.62102,47.7276
-97.6202,40.53698
-97.61936,39.81781
-97.60925,40.86111
-97.60441,35.5505
-97.5961,35.60068
-97.59597,41.95646
-97.59391,35.32176
-97.59296,40.15058
-97.59259,32.60644
-97.58337,30.5093
-97.58168,35.60062
-97.58129,35.46867
-97.57904,33.26193
-97.57785,30.46924
-97.57649,35.35581
-97.57265,38.80898
-97.57208,38.84528
-97.56916,38.82074
-97.56736,49.02383
-97.56558,32.87993
-97.56063,26.03389
-97.56029,33.06521
-97.55923,26.04042
-97.55715,26.04241
-97.55567,41.18067
-97.55548,26.04323
-97.55513,25.75391
-97.5543,35.399
-97.55323,35.54066
-97.55307,26.03698
-97.553,35.39967
-97.55238,26.04111
-97.5495,26.03315
-97.54486,26.03831
-97.54319,31.58185
-97.5345,35.60284
-97.52815,28.06888
-97.5264,45.33832
-97.52283,32.71229
-97.50757,35.3161
-97.50625,32.72697
-97.50548,32.72507
-97.50143,35.59087
-97.50043,35.58558
-97.49748,25.96388
-97.49631,25.96407
-97.49559,32.65998
-97.49352,25.88608
-97.49176,35.87435
-97.48912,32.95057
-97.48364,35.8743
-97.47511,41.69036
-97.47276,35.22945
-97.47125,35.47499
-97.46917,35.43894
-97.46825,46.25918
-97.46803,34.20914
-97.46792,35.18321
-97.45881,41.84009
-97.45769,40.81965
-97.45681,37.6835
-97.45599,35.66355
-97.45482,35.51139
-97.4483,30.15994
-97.44811,30.16719
-97.44797,37.6577
-97.44471,27.76673
-97.43865,37.72063
-97.4386,41.96378
-97.43401,35.6854
-97.43088,35.29451
-97.43013,35.1893
-97.42628,32.31193
-97.42149,35.16385
-97.42022,32.75264
-97.41906,32.71667
-97.41621,35.58383
-97.4161,37.26436
-97.41538,30.55548
-97.41529,38.13785
-97.41456,42.05278
-97.41366,35.4314
-97.40853,42.90323
-97.40701,32.01961
-97.40227,28.66114
-97.40151,35.17152
-97.39924,31.10409
-97.39852,43.7196
-97.39403,47.93616
-97.39381,41.47865
-97.39082,35.47392
-97.38979,35.4733
-97.38926,48.42038
-97.38745,35.63927
-97.3865,35.87525
-97.38518,41.48028
-97.38447,32.75079
-97.38224,42.8971
-97.37972,42.89515
-97.37893,34.98393
-97.37763,33.75868
-97.37549,35.45573
-97.37538,41.42055
-97.37354,31.1004
-97.37068,32.71913
-97.36941,32.77319
-97.36777,32.48784
-97.36693,37.70059
-97.36311,42.37327
-97.35661,31.99622
-97.35258,39.59425
-97.35176,49.36141
-97.34805,47.50534
-97.34711,27.71379
-97.33513,41.40744
-97.31441,32.76436
-97.3138,32.53268
-97.31089,37.57537
-97.29708,32.74
-97.29598,35.48923
-97.29597,35.48961
-97.29593,36.30787
-97.29429,32.55604
-97.29427,33.02071
-97.29115,32.54889
-97.29104,32.5508
-97.28939,37.70268
-97.28566,33.01781
-97.27946,40.64625
-97.27521,29.08398
-97.27434,42.62394
-97.27099,27.68764
-97.25818,46.65412
-97.25476,32.82426
-97.25059,31.60883
-97.24558,48.96018
-97.24537,41.69603
-97.24005,37.70471
-97.2387,32.7527
-97.23496,38.9336
-97.23413,32.7678
-97.22756,34.7072
-97.21671,46.89569
-97.20864,38.34395
-97.20747,41.94237
-97.20606,37.73688
-97.20439,32.92336
-97.20282,26.06526
-97.2011,32.98747
-97.19222,32.96922
-97.19026,32.71871
-97.18665,48.05332
-97.18325,32.72109
-97.18259,32.62348
-97.18105,44.01069
-97.1804,29.45076
-97.17206,32.72308
-97.16685,31.50532
-97.15989,49.13698
-97.15597,32.76933
-97.15544,33.20188
-97.15029,31.50335
-97.14827,34.21797
-97.14335,32.89705
-97.14222,32.8971
-97.13869,46.0738
-97.13761,34.22111
-97.13194,29.30145
-97.1274,36.10677
-97.12609,39.34839
-97.12435,41.24411
-97.12178,33.74866
-97.11197,32.7662
-97.11117,32.81501
-97.11081,32.58231
-97.10414,40.92236
-97.10121,32.78007
-97.09348,42.42022
-97.0934,27.79763
-97.09223,31.5353
-97.09165,32.7308
-97.09162,31.53608
-97.09023,32.78638
-97.08806,33.15341
-97.08521,27.80031
-97.08279,47.91646
-97.07761,33.18093
-97.07627,32.56104
-97.06797,39.34213
-97.06737,47.41288
-97.06674,41.43462
-97.06523,36.1776
-97.06478,36.1702
-97.0607,32.80411
-97.05963,40.76679
-97.059,47.86626
-97.05794,32.86006
-97.04478,36.71592
-97.04462,39.76083
-97.04404,47.95063
-97.03611,36.14792
-97.03519,38.97453
-97.03448,37.09561
-97.02698,35.99154
-97.02698,36.86392
-97.02631,36.73306
-97.02495,47.90188
-97.02267,49.48182
-97.02222,44.71456
-97.01934,28.81759
-97.01791,32.56513
-97.01688,37.21961
-97.01295,42.2509
-97.01237,49.46337
-97.01229,42.2525
-97.00941,33.069
-97.00908,37.07419
-97.00436,28.85266
-97.00399,47.84952
-97.00219,33.07009
-96.99304,32.68415
-96.99281,37.21043
-96.98069,32.69966
-96.98018,32.69972
-96.97996,43.93955
-96.97757,34.51758
-96.96972,35.37267
-96.96821,32.8623
-96.96578,37.69356
-96.94959,32.95807
-96.94554,38.65012
-96.94547,40.61549
-96.94224,29.45649
-96.94032,32.85806
-96.93905,33.02572
-96.93815,33.03099
-96.93561,33.00353
-96.9352,33.09998
-96.9348,35.36597
-96.9268,48.76686
-96.92458,33.09603
-96.92304,32.8884
-96.91955,44.31368
-96.91884,33.08826
-96.91439,32.79275
-96.91281,33.18319
-96.91231,43.34902
-96.91024,33.04065
-96.90891,35.74594
-96.90737,32.7352
-96.89993,33.03675
-96.89824,31.54018
-96.89161,46.81468
-96.88623,29.89226
-96.88422,48.44794
-96.88373,33.0704
-96.88335,33.07062
-96.88147,39.08535
-96.8731,33.17085
-96.87097,32.96415
-96.86671,32.83152
-96.86641,32.4112
-96.86232,39.36912
-96.86059,33.207
-96.85898,32.96249
-96.85728,33.11083
-96.85622,39.02634
-96.85072,32.75846
-96.84992,33.2068
-96.84926,33.03726
-96.84915,32.66761
-96.84682,33.04158
-96.84674,42.26189
-96.84354,33.03642
-96.83556,37.83712
-96.82773,46.85052
-96.82093,41.90671
-96.8204,47.61241
-96.81819,46.75906
-96.81791,32.49744
-96.81471,33.11734
-96.81414,32.98404
-96.81388,33.1155
-96.81361,33.11658
-96.81181,43.97506
-96.81178,46.81179
-96.81036,32.96129
-96.80784,33.15103
-96.79998,32.83817
-96.79848,40.23767
-96.79383,32.72334
-96.79322,48.86946
-96.79265,32.93319
-96.78857,41.45876
-96.78509,46.83845
-96.77935,46.89664
-96.77249,43.53167
-96.77238,43.44633
-96.76935,46.89957
-96.76703,46.92686
-96.76688,46.92929
-96.76621,43.52481
-96.76578,44.28921
-96.76491,32.57886
-96.76355,44.28617
-96.7612,32.85952
-96.75998,32.8925
-96.75946,43.58526
-96.75722,43.57234
-96.75355,48.20426
-96.74618,32.99927
-96.74588,32.86946
-96.74569,32.81241
-96.73838,33.19623
-96.73309,40.23913
-96.73034,32.799
-96.72965,39.6883
-96.72901,33.19
-96.72699,33.18448
-96.72635,32.71595
-96.72402,42.14694
-96.72296,33.14105
-96.71808,33.10837
-96.71778,42.59324
-96.71601,33.19512
-96.71444,39.36611
-96.71143,33.20235
-96.70935,33.66208
-96.70799,32.75473
-96.70275,33.18428
-96.69711,33.07623
-96.6896,32.98716
-96.68929,44.74851
-96.68917,44.74854
-96.68891,33.18997
-96.68829,33.81969
-96.68758,33.18165
-96.68542,40.11958
-96.68244,49.547
-96.68134,33.1851
-96.68066,34.25764
-96.67806,35.48999
-96.67467,49.54137
-96.67451,32.93882
-96.67381,42.6782
-96.6735,42.6782
-96.66476,36.58403
-96.66361,35.23926
-96.66249,32.54439
-96.65819,33.12329
-96.65697,35.77822
-96.65631,34.77387
-96.65538,33.17752
-96.6506,33.17934
-96.64699,34.00467
-96.64482,32.84428
-96.63741,33.01427
-96.63015,35.98899
-96.62995,39.15377
-96.62941,33.17135
-96.62485,39.18489
-96.62374,39.8438
-96.62057,43.53484
-96.61875,33.61318
-96.61868,33.22646
-96.61857,47.78685
-96.61329,40.84546
-96.61269,32.83933
-96.60517,49.55207
-96.60412,43.45798
-96.60049,46.28
-96.59555,46.28218
-96.59539,33.13786
-96.59377,32.80854
-96.5921,33.13637
-96.59077,33.14591
-96.59072,33.37609
-96.58042,30.88514
-96.56717,39.1989
-96.55963,42.81901
-96.55867,32.98545
-96.55802,29.70261
-96.5552,33.69663
-96.55458,43.30321
-96.55266,45.77793
-96.5449,41.61555
-96.53434,41.41259
-96.53402,32.95108
-96.51357,48.58481
-96.51026,48.58457
-96.50918,32.12662
-96.50875,41.39771
-96.50577,38.66123
-96.5031,47.29216
-96.50305,41.45843
-96.50159,43.4956
-96.494,49.52119
-96.48503,32.95131
-96.48021,42.50182
-96.47659,41.8352
-96.47537,32.89954
-96.46552,42.99426
-96.46239,44.76343
-96.45646,28.75017
-96.4505,45.32235
-96.44863,42.48143
-96.44835,44.50824
-96.44764,32.6258
-96.44498,32.61874
-96.44483,32.62456
-96.44206,45.55003
-96.43722,42.51714
-96.43612,42.41175
-96.42172,42.45916
-96.41321,43.45283
-96.4115,35.83214
-96.40446,42.53835
-96.40354,42.53907
-96.39763,41.00446
-96.39081,30.61104
-96.38531,30.60076
-96.37572,42.58002
-96.37538,42.46934
-96.3711,41.14298
-96.36314,41.32938
-96.3566,30.20688
-96.35626,46.6579
-96.35593,42.4257
-96.33894,29.58885
-96.3362,30.66227
-96.32957,30.61749
-96.31209,32.9569
-96.31128,46.87379
-96.30869,46.87112
-96.30841,37.83692
-96.30639,29.23302
-96.30607,30.67324
-96.30482,43.19531
-96.30432,43.98878
-96.30202,42.62015
-96.30158,32.7558
-96.28764,47.52691
-96.28695,35.4307
-96.27852,41.01387
-96.27242,40.87687
-96.26683,47.87791
-96.26288,42.81146
-96.25873,28.72505
-96.24614,32.40387
-96.23453,30.56765
-96.23428,42.23622
-96.22927,41.29685
-96.22867,41.30068
-96.22742,41.26901
-96.22488,41.29952
-96.22277,41.29748
-96.20513,41.24138
-96.2036,45.00746
-96.19147,38.85305
-96.19129,40.66438
-96.19088,48.69725
-96.18921,37.13925
-96.18752,38.32446
-96.1788,41.25469
-96.17695,39.50413
-96.16657,43.64407
-96.1639,41.58394
-96.15525,34.40039
-96.15316,33.59892
-96.14639,44.28782
-96.14367,38.12315
-96.14024,43.21111
-96.13401,35.99175
-96.12917,41.28907
-96.12864,41.2861
-96.11759,30.36437
-96.11486,41.289
-96.11403,41.28607
-96.11232,41.23145
-96.11039,41.19979
-96.11011,42.01248
-96.10809,33.31454
-96.10542,29.81539
-96.1007,41.19681
-96.09682,41.2709
-96.0948,41.27217
-96.0888,41.2959
-96.08744,33.11657
-96.08421,46.80149
-96.08277,46.58768
-96.08015,39.84592
-96.07979,33.0677
-96.07448,41.26755
-96.07367,41.26714
-96.06857,41.24259
-96.06791,29.30601
-96.06693,41.19683
-96.06615,44.93334
-96.06288,41.29414
-96.06113,42.49417
-96.05718,41.2379
-96.05325,41.17257
-96.05165,39.19112
-96.04432,43.00842
-96.04361,36.06462
-96.03841,46.24599
-96.03803,41.15476
-96.03618,29.7556
-96.02571,28.85696
-96.02136,41.30818
-96.02066,36.06437
-96.01775,41.30318
-96.01587,28.97732
-96.0158,41.3313
-96.01514,41.33133
-96.01513,41.14992
-96.01427,42.99268
-96.01323,41.20685
-96.01143,45.20744
-96.01022,41.25242
-96.01004,32.90753
-96.00728,36.16616
-96.00721,46.5613
-96.00702,36.04053
-96.00305,43.26057
-95.99831,40.19356
-95.99737,28.92291
-95.99645,41.15634
-95.99054,41.15923
-95.98923,36.02828
-95.98449,42.81184
-95.97929,41.08739
-95.97772,47.66295
-95.97375,44.56157
-95.97265,42.5847
-95.96912,41.24338
-95.9691,41.24699
-95.9645,41.04748
-95.95074,41.31587
-95.94264,41.12388
-95.93989,47.3164
-95.9384,43.6263
-95.93773,41.22132
-95.93293,30.00062
-95.93241,30.41547
-95.92906,40.67136
-95.92854,46.83414
-95.92617,41.29166
-95.92277,46.83642
-95.91778,36.08264
-95.91272,41.25633
-95.90954,41.25179
-95.90457,29.97971
-95.90283,29.25229
-95.89458,40.68804
-95.89309,35.9974
-95.88659,46.75786
-95.88355,46.76408
-95.8803,40.67099
-95.87531,46.00319
-95.87379,36.04272
-95.87198,42.5429
-95.87121,42.38024
-95.8669,32.58899
-95.86568,32.19299
-95.86242,36.28181
-95.86202,44.23654
-95.86126,45.54614
-95.85021,41.21536
-95.84932,38.98886
-95.84203,46.87395
-95.84024,30.10311
-95.83567,30.10408
-95.83553,30.10082
-95.83548,41.59561
-95.83527,38.61238
-95.83088,35.99017
-95.83077,37.51218
-95.82964,46.19534
-95.82149,39.02545
-95.82116,36.26973
-95.82009,43.20895
-95.8118,39.92297
-95.80482,42.80991
-95.80475,44.4389
-95.79856,42.16743
-95.7966,39.02733
-95.79113,29.711
-95.79031,30.31375
-95.78563,39.02164
-95.78061,47.59011
-95.77826,42.48403
-95.7714,46.75187
-95.77068,36.08427
-95.76827,36.16767
-95.75934,38.19709
-95.75665,44.00329
-95.7502,34.90582
-95.74891,37.86998
-95.74782,39.32184
-95.74258,35.96619
-95.74187,44.93569
-95.73439,45.84335
-95.73296,43.40062
-95.72732,41.05744
-95.72573,38.98957
-95.72492,38.98201
-95.71533,37.25621
-95.71101,29.9897
-95.69427,38.93895
-95.69134,39.01879
-95.68951,29.63702
-95.68923,44.61056
-95.68221,46.73556
-95.67748,29.82712
-95.67747,29.8271
-95.67631,42.98481
-95.6687,43.17466
-95.6656,39.0116
-95.65817,40.06817
-95.65502,39.09319
-95.64941,29.78671
-95.64838,42.62924
-95.64821,46.37407
-95.64542,36.7009
-95.64376,37.06191
-95.64152,40.71871
-95.64094,30.27613
-95.63783,29.82924
-95.63635,41.4429
-95.62924,29.52907
-95.62803,30.42142
-95.62739,31.79333
-95.62727,36.0701
-95.62412,43.62746
-95.62342,30.44304
-95.61782,35.15749
-95.61457,45.32366
-95.61416,43.08684
-95.60075,41.84853
-95.59845,29.61518
-95.59767,35.38567
-95.59726,41.22849
-95.59123,35.85308
-95.58923,29.61129
-95.58724,43.87519
-95.58359,30.08301
-95.58263,40.99133
-95.58206,29.76183
-95.58159,29.93686
-95.57816,29.89203
-95.57581,44.23531
-95.57184,46.61459
-95.56632,30.03893
-95.56478,30.69964
-95.55923,42.75948
-95.55687,29.82852
-95.55235,29.573
-95.5495,32.48117
-95.54767,29.57743
-95.54294,29.68433
-95.53969,39.83739
-95.53821,42.47876
-95.53645,30.1599
-95.53639,30.39661
-95.53546,29.88328
-95.53505,30.12465
-95.52654,30.18935
-95.52212,33.1401
-95.5217,29.67698
-95.5208,39.22665
-95.52078,29.9681
-95.52076,30.67303
-95.51976,30.19032
-95.5197,30.12054
-95.51384,39.68412
-95.50945,40.40694
-95.50572,32.66903
-95.50028,46.32378
-95.49981,44.04733
-95.4981,30.31895
-95.49305,37.67882
-95.4889,29.76538
-95.48389,29.04368
-95.48288,33.70979
-95.48175,43.13739
-95.46051,32.4746
-95.45544,32.47833
-95.45362,32.4715
-95.44936,32.47861
-95.44133,37.82206
-95.43824,32.1208
-95.4344,42.15664
-95.43139,42.71845
-95.42813,29.75619
-95.41887,29.65651
-95.41821,45.66208
-95.41715,29.64449
-95.41604,35.73683
-95.40527,45.92793
-95.39686,37.94887
-95.39529,28.97364
-95.39121,40.44846
-95.3903,41.32091
-95.38932,47.53003
-95.38647,29.71448
-95.38057,29.97788
-95.37809,29.8769
-95.37489,40.74688
-95.36705,35.70305
-95.36423,29.58957
-95.3604,29.29267
-95.36024,29.75229
-95.35653,37.92582
-95.35419,32.31934
-95.35265,32.32129
-95.34814,43.4368
-95.34746,43.43661
-95.34133,42.0012
-95.33616,40.84179
-95.3358,32.35508
-95.33103,30.03758
-95.33064,41.49196
-95.33052,41.64297
-95.3282,41.72874
-95.32483,37.33717
-95.32395,30.13322
-95.32341,32.17354
-95.32148,29.65541
-95.31904,38.92271
-95.31892,35.77937
-95.31199,45.9036
-95.31155,42.6712
-95.31079,45.93578
-95.29673,42.66942
-95.27384,38.96038
-95.2721,37.3593
-95.2652,29.92335
-95.26475,42.6652
-95.26439,32.42798
-95.26311,29.91864
-95.26203,29.91543
-95.26043,32.42504
-95.25648,30.019
-95.25362,35.81644
-95.25278,38.6254
-95.24858,37.59935
-95.24551,30.94871
-95.24184,29.56371
-95.23988,49.0081
-95.23746,38.29567
-95.23299,45.02298
-95.2329,40.15156
-95.20831,31.97163
-95.19792,38.77086
-95.1953,30.03589
-95.19443,30.03973
-95.19437,30.03208
-95.19005,30.03304
-95.18978,47.03478
-95.18964,41.01219
-95.18574,43.40927
-95.18219,39.52579
-95.18219,41.90315
-95.17662,29.61666
-95.1761,43.15213
-95.17488,42.62822
-95.16874,43.68717
-95.15746,43.42604
-95.15565,43.8874
-95.14381,44.21172
-95.14379,30.65389
-95.14345,42.31364
-95.1427,29.47378
-95.13914,35.26809
-95.13705,29.6978
-95.13674,29.82314
-95.13665,43.35832
-95.13424,43.39009
-95.13308,45.86126
-95.12048,41.24844
-95.12032,43.33522
-95.11692,46.7943
-95.11614,45.49367
-95.11576,44.54913
-95.11324,29.97989
-95.11154,32.15622
-95.10996,38.96197
-95.10614,47.02557
-95.09807,43.54892
-95.08096,29.43616
-95.07904,29.47833
-95.06823,49.3475
-95.05066,46.85294
-95.04101,46.95248
-95.03696,46.09173
-95.03238,45.29324
-95.03045,45.15439
-95.02968,29.48025
-95.02377,29.63857
-95.02037,41.38579
-95.01544,45.11846
-95.00025,35.84473
-94.99805,42.41026
-94.99766,43.63328
-94.9973,42.6097
-94.99688,38.53061
-94.98978,41.39875
-94.98546,32.26814
-94.9837,44.77015
-94.98221,33.19214
-94.98149,46.91703
-94.97108,29.41498
-94.971,42.18521
-94.97084,35.88195
-94.96543,35.88386
-94.96402,35.88006
-94.9635,38.96915
-94.96076,35.88167
-94.95982,38.98448
-94.95689,32.69584
-94.95574,45.75163
-94.95102,45.28027
-94.95079,43.94145
-94.94708,33.00308
-94.94167,41.71876
-94.93937,45.77707
-94.93239,38.8442
-94.93133,44.49739
-94.92911,32.45313
-94.9208,39.28358
-94.91073,39.16509
-94.90465,39.26441
-94.89747,40.3476
-94.87529,39.16855
-94.87388,43.39959
-94.86766,39.10379
-94.86754,29.26266
-94.86632,38.5903
-94.86406,42.08782
-94.86401,42.84618
-94.86076,32.37743
-94.85961,29.8761
-94.85026,45.96552
-94.84955,45.96572
-94.8485,42.59263
-94.84805,38.94408
-94.84782,32.49052
-94.84435,36.56905
-94.84105,47.40806
-94.84067,38.75658
-94.83647,47.54431
-94.83191,39.06904
-94.82785,42.0595
-94.82595,39.83267
-94.82187,45.66274
-94.82005,39.77284
-94.81866,38.95194
-94.81728,39.95268
-94.81361,39.74426
-94.81314,37.50994
-94.80557,38.12811
-94.79642,45.13261
-94.79607,33.88475
-94.79003,38.99719
-94.7889,46.40728
-94.78279,43.35471
-94.77312,41.43691
-94.77205,31.1888
-94.7715,32.56356
-94.77111,32.56701
-94.76959,31.19913
-94.76945,36.14988
-94.76901,32.56685
-94.76635,40.35762
-94.76614,32.5445
-94.76576,39.04554
-94.76109,39.16714
-94.75508,38.82737
-94.75374,38.79279
-94.7516,47.60808
-94.75139,43.22987
-94.75102,44.29384
-94.75088,39.70937
-94.74974,37.38666
-94.74024,44.48164
-94.73353,38.89262
-94.73218,34.2042
-94.73163,44.45197
-94.72926,31.36407
-94.728,39.36174
-94.72596,45.36583
-94.72441,38.37481
-94.72432,40.9839
-94.72403,38.37428
-94.72343,43.66921
-94.72312,40.68935
-94.72144,37.81153
-94.71919,42.2711
-94.71918,31.27489
-94.71896,38.90372
-94.71731,43.67131
-94.71436,37.42236
-94.7118,38.87879
-94.70806,48.79758
-94.70506,47.47893
-94.70451,32.5349
-94.70192,32.48964
-94.69824,32.53525
-94.68884,38.93842
-94.68842,35.03619
-94.68512,31.53977
-94.67882,43.12403
-94.67671,39.00408
-94.67571,42.93422
-94.67225,41.86517
-94.66177,38.59561
-94.65189,42.74021
-94.64807,38.93665
-94.64721,38.93661
-94.64267,35.02562
-94.63503,38.85095
-94.63352,29.83355
-94.63157,47.16992
-94.62918,47.16147
-94.62568,47.37405
-94.6231,39.00299
-94.62088,39.02155
-94.61202,39.02913
-94.60703,38.84592
-94.59934,38.89793
-94.58363,47.07734
-94.58262,47.73324
-94.57897,38.92188
-94.56315,37.06687
-94.56298,45.62502
-94.55692,44.81137
-94.5537,37.08834
-94.55327,38.94567
-94.55279,40.89983
-94.55191,39.43068
-94.55148,39.42329
-94.5514,38.83575
-94.54925,39.42787
-94.54765,39.42137
-94.54721,39.42309
-94.54645,39.42561
-94.54314,37.15476
-94.5427,37.14851
-94.54208,37.16132
-94.53796,45.11779
-94.52892,42.80717
-94.5278,38.99194
-94.52731,42.53721
-94.52689,40.2161
-94.52605,38.99118
-94.52521,38.98026
-94.52388,38.98633
-94.52229,38.98939
-94.5204,36.19347
-94.51331,39.26566
-94.50291,36.55578
-94.49399,39.25329
-94.4811,41.67946
-94.47882,39.2528
-94.47297,37.10767
-94.46817,43.59969
-94.46612,43.60663
-94.4625,39.55583
-94.45847,44.29032
-94.45833,39.03364
-94.4569,38.91865
-94.45394,38.92222
-94.4532,46.48953
-94.44863,42.94605
-94.4473,41.49323
-94.44383,30.5345
-94.43965,38.96283
-94.4356,44.29633
-94.42785,44.04419
-94.42431,46.72222
-94.42043,45.46279
-94.41132,41.70755
-94.40662,40.49016
-94.40541,38.95361
-94.3982,39.06208
-94.39819,36.84738
-94.39708,44.90681
-94.39316,41.03915
-94.38747,41.07454
-94.38015,41.99551
-94.37956,35.35292
-94.37872,39.12508
-94.37705,45.96022
-94.37693,35.32217
-94.37629,43.63185
-94.37569,46.39182
-94.37428,35.31273
-94.37421,44.51222
-94.36985,37.82144
-94.36656,38.86354
-94.36176,35.31622
-94.35598,38.73198
-94.35448,46.37755
-94.35157,46.38602
-94.3503,39.37154
-94.34506,35.45284
-94.34369,38.73795
-94.34316,46.13932
-94.34197,46.03552
-94.34132,37.1717
-94.33769,33.45711
-94.33385,38.24505
-94.32569,30.16138
-94.3247,46.4012
-94.31915,38.67182
-94.31882,46.62702
-94.31877,37.80386
-94.30573,32.17008
-94.30394,40.25918
-94.29703,45.29575
-94.29684,37.47541
-94.28535,42.27099
-94.28351,42.05835
-94.28247,46.56748
-94.27399,42.03272
-94.25294,43.07502
-94.25187,34.56781
-94.25182,42.72972
-94.24797,39.72816
-94.24326,36.45989
-94.24316,36.24613
-94.24143,39.01988
-94.24108,45.65935
-94.23688,46.65713
-94.23623,36.34425
-94.23362,36.34066
-94.22897,45.63056
-94.22787,35.20105
-94.22739,40.70595
-94.22195,43.10651
-94.22148,45.57249
-94.21183,42.53461
-94.21154,42.50617
-94.21128,45.54627
-94.2092,43.29572
-94.20756,45.54405
-94.20657,41.03707
-94.20546,46.60949
-94.20084,36.1883
-94.19983,39.33343
-94.19779,30.03106
-94.19777,33.10894
-94.19284,42.93005
-94.18795,42.58376
-94.18786,30.03056
-94.18276,36.3002
-94.17954,30.15921
-94.17429,32.48585
-94.16753,36.29294
-94.16345,37.08581
-94.15925,36.02614
-94.15911,36.10118
-94.15891,29.96882
-94.15148,35.49127
-94.1492,36.36277
-94.14887,45.51903
-94.14067,44.76371
-94.12488,36.11668
-94.12102,36.25195
-94.11134,38.98827
-94.10883,33.49776
-94.1088,33.49776
-94.1041,44.19227
-94.10375,30.13242
-94.09505,46.67379
-94.08412,43.51809
-94.0774,40.84262
-94.07719,30.04314
-94.07715,30.03457
-94.07458,42.25522
-94.0718,45.24997
-94.06725,45.58777
-94.06475,44.14878
-94.06438,46.75832
-94.06193,33.4823
-94.05891,44.91006
-94.0555,45.07509
-94.04775,45.18295
-94.04002,45.56469
-94.03779,37.8698
-94.03768,39.75298
-94.03636,49.45756
-94.03344,33.39581
-94.02288,40.28706
-94.01947,33.40268
-94.01793,33.40617
-94.01189,33.71787
-93.98994,41.62986
-93.974,44.19238
-93.96753,37.3882
-93.95175,39.26669
-93.94661,42.66583
-93.9351,43.28673
-93.93418,42.74435
-93.92898,41.84612
-93.92714,43.0915
-93.92577,36.90891
-93.9244,44.3145
-93.92352,40.61098
-93.90295,42.0206
-93.89884,45.6555
-93.88959,46.48199
-93.88384,44.4249
-93.88295,41.59501
-93.88015,45.14806
-93.87073,45.1617
-93.8467,36.63502
-93.82974,44.97606
-93.82906,42.47725
-93.8189,45.31029
-93.81864,41.59386
-93.81437,45.30741
-93.81337,41.56275
-93.80716,32.48071
-93.80489,37.11404
-93.8016,42.42746
-93.80048,43.10925
-93.79822,41.53586
-93.7978,37.68373
-93.79077,41.77883
-93.78358,47.3625
-93.77767,32.50551
-93.77266,44.95254
-93.76993,36.49045
-93.76509,45.39106
-93.76205,38.7643
-93.76128,40.74146
-93.76044,30.11525
-93.75644,41.02506
-93.75243,44.99129
-93.75075,44.86374
-93.74942,38.74246
-93.74806,44.99412
-93.74792,41.69383
-93.74142,41.63478
-93.73004,32.4728
-93.72822,32.4017
-93.724,43.73676
-93.72261,32.33989
-93.72244,32.6534
-93.72243,41.61827
-93.71786,32.41441
-93.71208,44.12886
-93.71184,37.05435
-93.70994,38.38336
-93.70763,41.69213
-93.69626,44.7721
-93.68933,41.48965
-93.68884,41.59641
-93.68845,41.4351
-93.68777,32.50021
-93.68232,40.37964
-93.67957,42.79184
-93.67819,45.29256
-93.66638,39.06681
-93.66429,44.9753
-93.65774,41.67868
-93.65773,45.77066
-93.6545,42.0743
-93.65077,42.03838
-93.65012,41.4786
-93.644,42.31499
-93.64292,41.72723
-93.6401,41.55183
-93.6313,45.30107
-93.62585,43.25326
-93.62224,42.01261
-93.61722,41.51737
-93.61629,40.06348
-93.61506,41.98212
-93.61505,41.98212
-93.61369,36.52349
-93.60833,42.04541
-93.60607,44.63998
-93.60427,45.48457
-93.60263,42.99849
-93.59754,44.83713
-93.59669,45.33259
-93.59447,42.84587
-93.59167,43.1095
-93.59108,46.97684
-93.5866,38.73806
-93.58262,42.19134
-93.58077,44.89343
-93.57728,44.45359
-93.57576,41.75326
-93.57339,45.55773
-93.57262,47.2042
-93.56899,44.5367
-93.5604,44.97543
-93.55633,41.6187
-93.55549,39.80909
-93.549,44.82269
-93.5479,45.14727
-93.54527,39.81342
-93.54291,44.97407
-93.53736,45.0528
-93.53483,44.82448
-93.53432,45.08408
-93.53117,44.98088
-93.52513,44.74817
-93.52237,45.09836
-93.51528,44.75469
-93.51359,45.09954
-93.50969,44.56177
-93.50883,40.8794
-93.50777,43.38381
-93.50769,39.38151
-93.50653,44.84238
-93.50356,38.54329
-93.49782,45.21902
-93.49742,38.9748
-93.48592,37.08027
-93.48478,44.10073
-93.48113,42.6546
-93.48061,44.72884
-93.48015,44.9924
-93.47706,45.161
-93.47462,43.5151
-93.46461,44.89373
-93.45892,32.95983
-93.45687,48.5758
-93.45543,41.37467
-93.44695,41.97772
-93.43642,41.59081
-93.43483,47.27566
-93.43072,41.64048
-93.4293,37.60894
-93.42143,45.06103
-93.42092,42.31488
-93.41749,43.13833
-93.41696,45.05972
-93.41593,38.25173
-93.41277,45.27807
-93.41262,44.93862
-93.41173,45.27391
-93.40317,37.86635
-93.40163,45.21044
-93.3998,48.65393
-93.38926,30.23103
-93.38571,44.86778
-93.38565,44.97907
-93.38527,43.11373
-93.38332,45.05841
-93.37832,33.82085
-93.37754,44.91505
-93.37718,42.94804
-93.36958,44.98915
-93.36863,36.98337
-93.3681,44.92399
-93.36794,43.66844
-93.36239,42.76202
-93.36152,44.79719
-93.35699,44.63368
-93.35447,44.82094
-93.34599,37.58347
-93.34444,44.90854
-93.34383,45.10373
-93.34341,46.70731
-93.33649,37.17246
-93.33331,41.01695
-93.33162,32.02546
-93.3291,44.55692
-93.32739,30.83675
-93.32643,44.94302
-93.32455,44.93951
-93.32328,44.80119
-93.31728,36.68777
-93.31601,45.05351
-93.3111,44.68754
-93.30999,40.75151
-93.29878,45.34971
-93.29786,44.31255
-93.29436,38.69675
-93.28801,45.07129
-93.28791,45.07196
-93.28544,42.29775
-93.28496,45.19963
-93.28305,37.13361
-93.27939,30.1713
-93.27144,30.17372
-93.26682,30.2009
-93.26567,41.37997
-93.26254,37.25278
-93.26219,32.62531
-93.26087,44.77751
-93.25616,41.66452
-93.25612,37.25454
-93.25592,42.51643
-93.25378,45.02789
-93.25056,43.13005
-93.24942,45.22068
-93.24579,44.06602
-93.24577,38.66899
-93.2426,45.62505
-93.24033,44.92078
-93.23643,44.24862
-93.22991,44.97423
-93.2267,42.88605
-93.22104,45.15355
-93.22092,37.09928
-93.21937,45.1772
-93.21657,45.07961
-93.2164,37.11378
-93.21478,31.05414
-93.21423,42.51996
-93.21405,45.17929
-93.21362,41.87053
-93.21264,30.16461
-93.21173,45.01184
-93.21058,45.17335
-93.20919,43.22526
-93.20805,33.19395
-93.20354,45.62532
-93.2012,36.56408
-93.20116,47.32917
-93.19885,44.94934
-93.19722,42.77828
-93.19651,36.5768
-93.19634,44.95203
-93.19612,45.00307
-93.19463,42.98273
-93.19456,44.88673
-93.19229,44.99449
-93.19033,43.2878
-93.18859,38.45615
-93.18421,43.17381
-93.17947,36.55948
-93.17466,44.85806
-93.16958,39.10813
-93.16397,44.10432
-93.16192,44.91613
-93.16189,44.91069
-93.15943,30.25059
-93.15917,45.01193
-93.15886,44.77159
-93.15605,30.20732
-93.14568,34.25481
-93.14561,33.87344
-93.14397,37.58508
-93.13999,45.05589
-93.13989,35.33948
-93.13843,44.45298
-93.13361,44.87996
-93.13148,44.67676
-93.12874,36.26359
-93.12741,32.95828
-93.12253,36.26979
-93.12245,44.89499
-93.12183,42.01152
-93.12154,44.62697
-93.11576,41.52087
-93.11574,31.73885
-93.11144,44.90169
-93.10357,45.16061
-93.09524,45.08427
-93.09041,34.15024
-93.08531,41.3081
-93.07741,43.92309
-93.07545,44.84072
-93.07542,44.88571
-93.07207,44.88056
-93.0717,42.37251
-93.06929,42.247
-93.0616,32.77896
-93.06083,44.98775
-93.049,42.54688
-93.04835,45.87036
-93.04831,44.82566
-93.04498,34.66744
-93.04418,44.82185
-93.03583,39.79129
-93.03477,34.47907
-93.01775,45.00009
-93.01527,40.52324
-92.99986,45.03937
-92.99643,45.67694
-92.9913,45.22509
-92.99029,45.12713
-92.98919,45.12739
-92.98703,44.92487
-92.98542,45.80289
-92.9829,40.47404
-92.97602,45.50544
-92.97448,44.28165
-92.96921,45.09385
-92.96865,39.7061
-92.96615,44.73667
-92.96487,43.72124
-92.96421,44.46396
-92.96421,44.46402
-92.96358,44.46403
-92.96316,44.46269
-92.96277,44.46222
-92.96242,44.46292
-92.96234,44.4629
-92.96164,43.71192
-92.96121,44.46356
-92.95979,44.46392
-92.95968,44.464
-92.95346,32.53073
-92.95085,42.01439
-92.95047,45.25465
-92.95022,32.53343
-92.94322,44.95677
-92.94172,43.38481
-92.93493,42.42971
-92.93315,42.02447
-92.93153,47.38053
-92.9313,44.51687
-92.93079,47.43369
-92.93073,40.88203
-92.92704,42.03288
-92.9244,43.67791
-92.9183,46.00943
-92.91789,36.43981
-92.91674,46.00401
-92.91393,41.42112
-92.9044,43.88149
-92.89618,45.04569
-92.89546,42.58191
-92.89421,39.58048
-92.89115,44.79019
-92.89111,40.74784
-92.88898,42.09701
-92.88771,37.35312
-92.88061,44.95944
-92.87959,45.07395
-92.87848,44.03748
-92.87384,33.58267
-92.87376,46.13439
-92.87298,34.64251
-92.87171,44.97228
-92.87104,45.06674
-92.87076,45.25493
-92.86824,45.03985
-92.86721,42.21887
-92.8614,34.64974
-92.84959,45.36861
-92.83893,44.65952
-92.83796,44.64954
-92.82965,44.95347
-92.82246,43.25628
-92.81962,41.72073
-92.81882,45.07167
-92.81778,42.90568
-92.81342,38.46771
-92.81215,30.55984
-92.81095,44.5681
-92.80426,38.00149
-92.79813,37.98859
-92.7905,38.65152
-92.78712,41.56804
-92.7859,42.5832
-92.78526,41.03178
-92.78269,42.35274
-92.77317,44.30128
-92.77197,35.16365
-92.76384,42.57398
-92.74914,43.56543
-92.74588,44.78953
-92.7438,44.8406
-92.73993,33.22557
-92.73914,44.89902
-92.7388,33.61549
-92.73152,37.76427
-92.73081,44.06049
-92.72904,45.0915
-92.72733,37.68889
-92.72064,41.75823
-92.71884,47.73173
-92.69537,38.94434
-92.69307,43.06302
-92.68922,38.19133
-92.68906,36.95238
-92.68815,38.12481
-92.68765,45.7743
-92.67752,38.13115
-92.67741,44.31318
-92.6715,32.53207
-92.6654,42.75558
-92.66438,41.28065
-92.66415,45.3142
-92.66361,47.89784
-92.66124,33.24018
-92.65815,38.19342
-92.65642,41.27861
-92.64712,46.00227
-92.64457,44.88787
-92.64329,46.00584
-92.64302,33.24088
-92.64083,30.21613
-92.63989,43.04187
-92.63974,36.56094
-92.63837,45.14815
-92.63605,42.33718
-92.63603,44.04732
-92.63367,41.27344
-92.6267,44.19922
-92.61606,45.39648
-92.59496,44.98334
-92.59454,38.32893
-92.5941,44.85971
-92.58991,38.14894
-92.58681,43.84479
-92.58662,43.84769
-92.58139,38.64007
-92.57679,34.8583
-92.57389,45.12072
-92.56992,45.07539
-92.56713,40.1717
-92.56156,45.12344
-92.55361,47.53494
-92.55206,40.51539
-92.54848,43.36619
-92.54567,41.58081
-92.54491,44.55425
-92.53903,31.30619
-92.53653,42.93846
-92.5312,44.07249
-92.52944,48.12408
-92.5284,34.60344
-92.52828,31.32013
-92.52439,48.12237
-92.52221,35.10293
-92.51984,42.56582
-92.5187,47.42655
-92.51702,35.10099
-92.51666,35.10397
-92.51598,35.10609
-92.5101,44.01829
-92.50912,32.57366
-92.50852,35.10583
-92.5078,35.10237
-92.50117,35.10442
-92.50028,40.01699
-92.49996,39.42979
-92.49978,44.05497
-92.49819,43.86053
-92.49661,43.92265
-92.49379,46.65162
-92.4872,42.53132
-92.48592,43.94796
-92.48482,35.08883
-92.48376,44.54986
-92.4832,43.86567
-92.48245,46.72358
-92.48224,39.75161
-92.48203,43.94873
-92.48078,44.75378
-92.47976,46.67302
-92.47964,42.71547
-92.47612,34.77822
-92.46773,44.01033
-92.46418,42.70493
-92.46288,45.56041
-92.46272,42.20176
-92.46074,45.47329
-92.46072,45.64619
-92.4568,42.41003
-92.45644,31.2892
-92.44732,44.00924
-92.44592,35.58695
-92.43743,44.07669
-92.43396,45.77367
-92.43349,44.98505
-92.42794,43.24583
-92.42593,34.67706
-92.42576,44.25429
-92.41892,45.74309
-92.41705,38.96981
-92.41488,41.08092
-92.40623,44.00626
-92.39764,41.04044
-92.39676,40.7524
-92.39342,44.51054
-92.39199,43.62442
-92.38785,42.47122
-92.3878,41.04694
-92.38461,42.462
-92.38439,41.72217
-92.37884,30.19574
-92.37746,43.89569
-92.37379,47.45758
-92.37218,34.63309
-92.37117,42.48012
-92.36947,42.55228
-92.36803,39.27875
-92.36713,38.97644
-92.36266,45.91237
-92.36122,38.91093
-92.35306,36.34734
-92.35295,34.71082
-92.35221,36.35068
-92.34791,47.82012
-92.34752,38.93243
-92.34199,32.72631
-92.32499,42.43943
-92.32355,42.52353
-92.32281,42.67374
-92.32148,34.77489
-92.31971,34.7806
-92.31765,42.51658
-92.30936,47.58931
-92.30623,34.79172
-92.3024,42.20857
-92.30193,38.95834
-92.29817,44.46573
-92.29598,47.54353
-92.29419,44.4424
-92.28956,34.83023
-92.28499,37.12773
-92.28311,46.86183
-92.27931,30.77016
-92.27607,46.714
-92.27587,46.7152
-92.26631,41.90281
-92.26459,38.57985
-92.26301,38.69613
-92.253,45.25763
-92.25109,35.62316
-92.25104,44.84221
-92.24913,35.62167
-92.24697,35.62079
-92.24644,35.62431
-92.24601,42.79869
-92.24598,35.62622
-92.24573,35.6175
-92.24489,43.05793
-92.2381,43.9848
-92.23522,38.96703
-92.22876,34.82212
-92.22433,46.73969
-92.2243,46.73971
-92.21166,42.96784
-92.21058,41.34237
-92.20941,34.91079
-92.20616,40.23348
-92.18564,31.69066
-92.18463,37.15454
-92.18314,38.54519
-92.18246,44.40781
-92.1727,44.1534
-92.17214,44.99845
-92.17175,34.94878
-92.1699,43.83563
-92.16989,38.60576
-92.16942,42.31415
-92.15437,29.98932
-92.14341,43.34622
-92.13868,37.81241
-92.1342,42.66029
-92.13253,46.78014
-92.13118,42.00523
-92.12847,32.52474
-92.12084,34.74955
-92.11475,39.21267
-92.11387,47.52478
-92.11379,38.59457
-92.1058,46.84781
-92.10399,42.85533
-92.10094,43.68298
-92.09846,35.87762
-92.09648,38.70683
-92.09559,46.53455
-92.09437,32.55064
-92.08919,41.52115
-92.08612,38.005
-92.08079,34.89309
-92.07927,42.4791
-92.06874,37.73498
-92.06765,41.76481
-92.05809,35.02054
-92.05702,45.5517
-92.05155,43.9579
-92.04983,32.63859
-92.04974,46.83014
-92.04868,30.25904
-92.04623,43.95793
-92.0456,39.72085
-92.04202,44.35521
-92.04119,34.24175
-92.0383,43.71017
-92.03784,43.1117
-92.03765,30.57884
-92.03735,31.13566
-92.03668,35.52529
-92.03164,35.02771
-92.02649,32.51313
-92.0251,30.2641
-92.01522,34.54003
-92.01486,41.65549
-92.00952,42.17429
-92.00455,30.23658
-92.00319,43.55758
-91.99805,30.13854
-91.99645,46.84929
-91.98904,34.25116
-91.983,34.9324
-91.98034,47.71381
-91.97624,30.21958
-91.97471,43.70942
-91.97304,40.73023
-91.96597,47.7135
-91.96532,44.61452
-91.96251,39.45461
-91.96094,38.88642
-91.95554,37.00165
-91.95357,40.99784
-91.94769,30.09162
-91.94497,30.09337
-91.94292,44.84606
-91.94173,41.3649
-91.93963,44.89839
-91.93852,46.24737
-91.938,38.85776
-91.93211,41.01399
-91.9309,39.18157
-91.9296,46.09471
-91.92854,42.48179
-91.92452,32.7966
-91.92166,42.65189
-91.9177,37.32175
-91.90963,41.81404
-91.90948,43.18848
-91.9043,44.86034
-91.90143,42.64976
-91.89384,30.08272
-91.88035,36.73558
-91.87894,43.98061
-91.87472,47.89329
-91.87259,42.45252
-91.86681,45.39782
-91.86372,38.48677
-91.85667,39.16569
-91.8458,36.75638
-91.83173,41.46922
-91.81693,33.59157
-91.81264,45.2681
-91.80558,32.46961
-91.8046,42.20908
-91.80401,43.3375
-91.78984,42.94787
-91.78191,42.84441
-91.78016,35.23244
-91.77334,43.13689
-91.77188,45.49412
-91.75655,43.52478
-91.74372,46.49243
-91.73751,43.31006
-91.73708,44.9502
-91.7293,45.54481
-91.72925,42.50561
-91.72107,43.78438
-91.71344,38.28067
-91.71212,41.45678
-91.70177,37.9616
-91.69892,35.26244
-91.69762,41.27536
-91.69756,45.74237
-91.69574,41.99813
-91.68266,36.99561
-91.68138,46.50643
-91.67689,44.05684
-91.67628,32.17292
-91.6701,40.40836
-91.6593,42.03888
-91.65891,47.03305
-91.65623,42.99106
-91.6493,41.94705
-91.64911,42.01807
-91.63893,44.58382
-91.63682,45.35479
-91.63168,35.7561
-91.62455,42.0019
-91.62248,41.88648
-91.61235,41.73411
-91.60626,44.01183
-91.59814,37.98044
-91.59332,42.04561
-91.59039,48.75349
-91.58886,35.31531
-91.58557,40.97897
-91.58486,35.74435
-91.57692,40.6441
-91.57201,30.95733
-91.57093,36.56182
-91.5696,44.83262
-91.56917,41.70095
-91.56866,45.62064
-91.56733,41.66126
-91.56421,44.83983
-91.55859,37.65126
-91.55587,42.00771
-91.55514,41.81889
-91.55074,41.67659
-91.54677,37.65003
-91.53119,39.79128
-91.53054,41.49978
-91.5275,34.4826
-91.51665,41.61317
-91.5138,42.20594
-91.51144,40.08001
-91.50154,43.61628
-91.49659,46.0196
-91.49294,45.98444
-91.48531,32.54888
-91.48246,42.50956
-91.47922,39.68279
-91.47863,41.80566
-91.47744,44.25288
-91.47586,43.07578
-91.47553,45.09974
-91.47458,44.77316
-91.47115,43.26539
-91.4677,41.67609
-91.45369,38.74636
-91.45279,44.84498
-91.45098,44.87835
-91.4442,41.1304
-91.44285,44.71326
-91.43908,46.58813
-91.43596,44.03315
-91.42649,43.75877
-91.41691,40.88866
-91.41076,40.4046
-91.40624,42.63982
-91.40583,41.91416
-91.40434,42.87
-91.40331,39.99205
-91.40154,39.70035
-91.3968,44.96151
-91.39439,45.99172
-91.3942,40.42813
-91.38989,31.54051
-91.38972,41.26854
-91.38149,39.72032
-91.37655,44.55845
-91.37212,39.92267
-91.37194,44.94043
-91.36854,43.83691
-91.36335,39.90855
-91.36158,39.9208
-91.36122,41.67954
-91.35314,40.46778
-91.35308,39.96965
-91.35239,37.15552
-91.35074,33.6033
-91.33818,40.40752
-91.32656,44.37177
-91.31367,47.27491
-91.31344,40.70295
-91.29598,29.66601
-91.28209,30.38702
-91.28191,42.09423
-91.28114,45.77784
-91.2809,44.03124
-91.27764,41.55906
-91.27011,33.36021
-91.26281,42.11361
-91.26103,35.59889
-91.2578,44.16812
-91.25364,30.28377
-91.25053,46.0995
-91.23863,46.18247
-91.2278,41.12115
-91.22592,43.91834
-91.21792,35.60455
-91.21745,46.03654
-91.21492,44.57316
-91.20899,43.81677
-91.20398,32.35426
-91.202,43.88599
-91.19961,42.63547
-91.19022,43.86211
-91.1861,30.66647
-91.18401,30.4001
-91.18381,42.24644
-91.18362,30.66686
-91.18357,30.64055
-91.1785,43.89016
-91.17688,38.81573
-91.17659,44.94042
-91.16945,30.56097
-91.16935,30.56946
-91.16738,30.43141
-91.15133,38.76339
-91.15038,40.42408
-91.14991,40.42553
-91.14553,38.21744
-91.14484,41.7639
-91.14478,43.09129
-91.13694,30.43445
-91.12488,45.23692
-91.12161,42.82351
-91.12131,40.864
-91.11858,43.83734
-91.11793,40.8401
-91.11145,37.73126
-91.10997,39.4045
-91.10782,45.26043
-91.09726,42.49067
-91.0943,30.424
-91.09302,42.47418
-91.07523,41.70852
-91.0721,40.02991
-91.06726,43.00624
-91.06487,40.02382
-91.04411,41.47536
-91.03907,38.50402
-91.03552,33.35088
-91.03259,29.96084
-91.02526,38.76891
-91.0112,42.06685
-90.99244,33.49509
-90.97704,40.58782
-90.95428,41.60171
-90.9327,30.44335
-90.92562,30.49916
-90.92382,38.50707
-90.92245,37.92058
-90.92151,33.40518
-90.91622,41.85714
-90.9138,38.31759
-90.91192,46.67724
-90.91055,42.3263
-90.8986,39.35133
-90.88078,42.3857
-90.88051,40.5559
-90.87949,38.62655
-90.87614,43.53985
-90.86416,44.30358
-90.86336,39.12978
-90.86041,43.6941
-90.80839,38.7763
-90.80372,29.63356
-90.80192,42.51068
-90.7946,29.77735
-90.79311,43.94688
-90.79244,43.95007
-90.78543,41.83218
-90.77536,35.00473
-90.77156,34.79055
-90.76622,39.61033
-90.76409,35.05876
-90.76166,40.00805
-90.74847,41.15967
-90.74488,38.75703
-90.74408,42.53532
-90.73945,29.62602
-90.73628,33.75848
-90.73243,33.75203
-90.73165,40.43735
-90.72863,35.23878
-90.72347,29.57338
-90.71916,32.36472
-90.7182,47.64193
-90.7141,35.17869
-90.71387,38.74507
-90.70321,42.83715
-90.70199,38.74096
-90.69851,42.5121
-90.69036,42.05885
-90.6886,40.48178
-90.68674,38.72305
-90.68605,35.83209
-90.6846,42.4853
-90.68244,40.48743
-90.68216,35.79417
-90.68186,37.18376
-90.67897,46.35934
-90.6754,38.69404
-90.67076,33.44892
-90.66727,34.57852
-90.66313,40.47554
-90.65843,43.0356
-90.6551,42.05096
-90.64416,41.54737
-90.63277,34.53441
-90.62864,38.7566
-90.62454,42.4854
-90.62444,40.9065
-90.62203,40.92945
-90.62007,41.42286
-90.61937,38.53365
-90.6191,42.54908
-90.61425,37.89259
-90.61363,37.59124
-90.6098,38.531
-90.60599,41.5841
-90.58258,38.67079
-90.58122,40.11312
-90.58057,44.55455
-90.57943,38.37814
-90.57671,34.22738
-90.5749,44.9464
-90.57125,41.64748
-90.57019,36.40846
-90.56196,38.61637
-90.54572,37.93115
-90.54461,38.60394
-90.54271,41.47507
-90.53537,38.77954
-90.53514,36.03456
-90.53476,29.68711
-90.53317,41.40235
-90.5299,44.02856
-90.5264,41.5439
-90.51968,41.7214
-90.51718,38.50508
-90.51071,41.43259
-90.49692,40.5468
-90.4946,30.09421
-90.49286,44.00445
-90.49216,41.54454
-90.485,30.08871
-90.48432,38.66287
-90.47514,38.56645
-90.47383,38.72525
-90.47288,38.56678
-90.47079,42.75121
-90.47017,41.60088
-90.46329,30.47372
-90.46287,41.49258
-90.4513,36.73405
-90.4501,38.57335
-90.44988,41.56236
-90.44745,37.82942
-90.44628,42.44827
-90.44299,37.8177
-90.44107,42.31518
-90.43983,31.61124
-90.43938,30.78447
-90.4389,38.53257
-90.4367,36.72683
-90.43582,41.50681
-90.43534,38.66503
-90.4325,38.64472
-90.43011,45.94892
-90.42374,38.7598
-90.4207,34.81343
-90.41978,41.44451
-90.41275,29.95996
-90.41162,32.24452
-90.41001,42.60229
-90.40898,41.58151
-90.4082,32.24956
-90.40573,38.52225
-90.40341,43.33038
-90.40247,30.52049
-90.39896,42.07522
-90.39844,38.76391
-90.39778,38.53286
-90.39455,37.90319
-90.38594,38.29206
-90.38438,38.61832
-90.38244,38.4679
-90.38139,38.58013
-90.38135,41.55282
-90.38093,38.7339
-90.37958,44.01862
-90.37526,38.64983
-90.37372,38.63847
-90.37313,38.59028
-90.37189,40.989
-90.36911,29.97717
-90.36641,38.47496
-90.36551,39.12714
-90.36471,41.38867
-90.35829,40.8657
-90.35243,38.67001
-90.34141,39.12709
-90.34129,42.38678
-90.33698,45.13277
-90.33402,42.39795
-90.33142,38.15264
-90.32911,38.56797
-90.32776,38.56681
-90.32774,42.37647
-90.32354,47.79042
-90.32066,42.40465
-90.31737,38.69756
-90.31731,45.11717
-90.30258,34.8523
-90.3013,41.60927
-90.29986,34.82864
-90.29969,38.69899
-90.29908,38.93979
-90.28988,32.42547
-90.28429,38.72225
-90.28274,45.54399
-90.28155,38.80535
-90.27436,33.5296
-90.27435,41.83197
-90.27218,41.48727
-90.26922,43.68531
-90.25225,39.74896
-90.24838,38.78669
-90.2434,38.46978
-90.23695,38.4731
-90.23612,38.46841
-90.23143,38.62617
-90.21488,39.69942
-90.21474,32.32385
-90.21385,44.66123
-90.21312,38.95039
-90.21066,35.14163
-90.21002,39.71659
-90.20965,46.4652
-90.20918,29.93187
-90.20712,38.4807
-90.20517,35.19398
-90.20384,35.20094
-90.20346,42.87804
-90.20255,42.16742
-90.20175,38.29555
-90.1997,38.35102
-90.19776,36.39527
-90.18959,41.28944
-90.1808,38.5543
-90.17278,38.45221
-90.17061,35.89481
-90.16157,38.9097
-90.15473,33.50687
-90.15395,42.66426
-90.15029,42.33723
-90.15003,32.54667
-90.1493,32.5419
-90.14788,38.36477
-90.1459,41.4759
-90.14465,38.65839
-90.14374,37.94061
-90.14241,38.47998
-90.14131,41.88486
-90.13913,32.44825
-90.13893,32.44801
-90.13591,42.8983
-90.13278,38.93389
-90.13271,29.97717
-90.13151,38.34202
-90.12977,41.42976
-90.12969,40.20608
-90.12722,29.92981
-90.11918,46.46713
-90.11767,29.97736
-90.10848,38.90324
-90.10593,32.27232
-90.10511,38.59781
-90.10028,38.92613
-90.09916,32.31613
-90.0973,32.39573
-90.09414,46.16347
-90.09293,32.13473
-90.09227,38.65689
-90.09223,30.00586
-90.09104,30.01468
-90.09023,38.65515
-90.0898,38.53879
-90.08407,38.7234
-90.07925,35.10267
-90.07719,43.83482
-90.07423,41.67087
-90.06897,43.16993
-90.06807,46.52609
-90.05349,38.56054
-90.04762,38.87007
-90.04416,43.27478
-90.04389,43.13789
-90.03973,35.01075
-90.03357,38.71061
-90.03075,35.09008
-90.02962,36.23103
-90.01517,42.32432
-90.01424,35.68849
-90.00486,29.90856
-90.00426,38.21582
-90.00235,29.87609
-90.00138,41.80602
-89.99509,32.34259
-89.99148,35.08327
-89.99045,32.60857
-89.98014,36.59573
-89.97931,41.19688
-89.9768,34.98914
-89.97452,36.59612
-89.97226,39.44367
-89.96511,38.8044
-89.95846,35.11949
-89.95483,30.54983
-89.95134,29.90541
-89.94825,35.14361
-89.94571,30.53983
-89.93813,34.57526
-89.9363,41.25449
-89.93615,35.12908
-89.93527,36.87451
-89.93499,34.30098
-89.92881,35.10168
-89.92395,35.95748
-89.91745,35.11135
-89.91458,35.95192
-89.91018,43.00226
-89.90717,40.16508
-89.89675,34.95228
-89.89292,44.41468
-89.88151,42.72102
-89.87906,37.71484
-89.87157,35.06623
-89.87082,39.98202
-89.85939,39.27209
-89.85814,35.34267
-89.85747,37.93615
-89.85549,38.55242
-89.85512,34.95621
-89.8539,35.2379
-89.85154,44.19161
-89.84958,44.3667
-89.84807,30.78559
-89.8449,31.62253
-89.83851,43.97708
-89.83683,38.83514
-89.83663,38.83313
-89.83033,31.26581
-89.82376,38.60622
-89.81029,39.207
-89.81022,40.07331
-89.80371,34.4355
-89.80346,44.9497
-89.79983,39.44448
-89.7993,43.63296
-89.79854,33.75552
-89.79559,31.90271
-89.79374,44.35587
-89.79213,48.29152
-89.77903,43.6619
-89.77745,35.04199
-89.77597,35.19473
-89.76642,30.30898
-89.75731,43.52708
-89.75102,39.78406
-89.74811,39.5609
-89.74276,45.8225
-89.73664,43.45135
-89.73648,35.06111
-89.73287,41.33638
-89.72356,40.62763
-89.72045,35.07452
-89.71965,43.6495
-89.71887,43.31199
-89.71881,45.5198
-89.7179,46.0259
-89.71775,43.00642
-89.7175,38.11551
-89.71295,40.20606
-89.68391,39.79229
-89.68379,44.9324
-89.6829,40.70652
-89.67761,39.86167
-89.67495,42.29746
-89.67295,36.17188
-89.67264,45.16908
-89.66688,44.80036
-89.65877,40.74789
-89.65743,46.14566
-89.656,42.283
-89.65488,44.33182
-89.65254,40.78192
-89.64552,40.78186
-89.64348,37.36367
-89.63495,39.77083
-89.63494,40.68514
-89.63432,39.17036
-89.63086,35.53445
-89.63054,42.58884
-89.62922,40.83695
-89.62902,41.82657
-89.62688,40.71414
-89.62363,39.87765
-89.61955,40.54011
-89.61924,43.41715
-89.6123,40.58814
-89.61009,40.56559
-89.61,44.99026
-89.60954,39.79997
-89.60841,33.06656
-89.60334,40.92467
-89.60195,37.26713
-89.60028,31.67916
-89.59955,38.00762
-89.59907,42.79576
-89.59758,40.78309
-89.59214,39.74763
-89.58778,44.47065
-89.58656,40.57484
-89.58645,34.35647
-89.58187,39.32329
-89.5779,42.53687
-89.57779,43.05526
-89.57501,45.07207
-89.5671,40.65723
-89.56479,36.90489
-89.56375,43.01461
-89.56177,40.73964
-89.55974,36.89328
-89.55927,44.54467
-89.55865,39.81733
-89.5575,45.92592
-89.55637,37.35576
-89.55499,45.91871
-89.54599,43.0357
-89.54414,38.44222
-89.54332,43.02374
-89.54259,36.58462
-89.54126,43.31632
-89.53978,41.93445
-89.53373,44.518
-89.53281,34.38971
-89.51919,44.88427
-89.51756,41.28233
-89.51108,41.36643
-89.5097,35.24037
-89.50914,35.75067
-89.50202,40.70803
-89.50104,37.33287
-89.49127,41.86998
-89.4882,45.61121
-89.48749,45.61236
-89.47722,43.04452
-89.47589,39.17399
-89.46917,31.32792
-89.46728,43.19924
-89.46468,40.66945
-89.46261,43.04497
-89.45869,43.07854
-89.43953,42.05766
-89.437,43.04255
-89.43653,40.70126
-89.43608,43.05873
-89.42063,43.02326
-89.41316,48.36724
-89.41008,35.99934
-89.40942,42.91813
-89.40647,45.66051
-89.40427,40.13974
-89.39108,31.3269
-89.39061,43.4008
-89.38201,31.35303
-89.3791,41.91586
-89.37481,38.90586
-89.37288,42.91026
-89.37195,43.11781
-89.37134,41.02642
-89.36838,38.34745
-89.36751,43.15577
-89.36272,43.5534
-89.35931,48.45293
-89.35607,31.15035
-89.35261,43.20904
-89.35095,42.06058
-89.35076,30.33404
-89.34515,43.11558
-89.32613,48.48519
-89.3211,43.06572
-89.32036,42.01078
-89.3194,48.32173
-89.30311,43.16319
-89.30076,36.92397
-89.29996,40.47676
-89.29427,42.79862
-89.2937,42.3109
-89.28956,46.87327
-89.28461,40.71657
-89.28405,40.9125
-89.28103,37.75209
-89.27875,36.11574
-89.27423,43.10115
-89.27264,48.41597
-89.26545,48.39421
-89.25888,42.1131
-89.25678,43.03735
-89.25444,39.49438
-89.25359,37.75459
-89.25108,44.06834
-89.24995,45.92952
-89.24372,45.13771
-89.23926,37.44842
-89.23626,43.22045
-89.23445,43.08144
-89.22498,40.27301
-89.22461,37.63078
-89.21967,44.03724
-89.21844,42.65731
-89.21789,32.77145
-89.21598,32.02239
-89.21139,41.15165
-89.20707,45.85943
-89.20567,32.76435
-89.19047,41.36216
-89.18902,37.1424
-89.1834,46.57292
-89.17999,42.47529
-89.17844,43.11243
-89.17782,48.47488
-89.17293,46.2876
-89.17139,41.54333
-89.16468,35.77494
-89.16018,36.54572
-89.15785,30.869
-89.15507,31.69622
-89.15279,42.27297
-89.15065,36.35067
-89.1442,36.35334
-89.14114,40.94157
-89.13818,30.38012
-89.13393,44.12478
-89.13264,38.48662
-89.1211,41.30445
-89.12103,44.83004
-89.10755,39.16183
-89.10182,42.91846
-89.09441,38.53706
-89.09055,37.75617
-89.08812,32.41846
-89.08704,42.44661
-89.08617,32.76033
-89.07715,42.43834
-89.07583,42.89146
-89.07468,39.37772
-89.07103,42.30507
-89.06466,44.35532
-89.06445,41.91518
-89.06184,30.42035
-89.06163,36.46072
-89.06029,42.28137
-89.05701,42.69477
-89.05677,30.42007
-89.05558,42.83648
-89.05425,42.39046
-89.05259,42.22729
-89.04845,39.62179
-89.04763,42.52062
-89.04604,42.29983
-89.04496,42.71163
-89.04362,42.60919
-89.03832,41.3507
-89.03123,42.53701
-89.02573,41.30367
-89.02505,43.32506
-89.01809,40.6567
-89.01564,42.2784
-89.0097,35.28158
-89.00815,30.54466
-89.00626,42.9977
-89.00542,40.52388
-89.00439,44.36922
-89.00429,36.69006
-88.99935,40.46147
-88.99907,40.44574
-88.99858,43.84161
-88.99766,35.15756
-88.99633,42.67369
-88.99408,40.67786
-88.99057,38.38211
-88.98988,39.80399
-88.98985,42.29146
-88.98552,33.88805
-88.98087,36.37792
-88.97692,31.35547
-88.97668,30.43663
-88.9749,40.46874
-88.973,42.44109
-88.96946,39.91842
-88.96897,40.4851
-88.9637,39.80562
-88.96105,37.75458
-88.96095,37.01668
-88.95984,43.94392
-88.95672,44.28059
-88.95154,37.6149
-88.94855,46.07826
-88.94516,43.84042
-88.93731,38.61308
-88.93119,38.33407
-88.93104,42.79077
-88.92873,30.40717
-88.9277,38.07331
-88.91607,45.36195
-88.91578,34.73057
-88.91545,41.58808
-88.91023,40.45428
-88.90685,42.87154
-88.90618,43.06861
-88.90281,43.57219
-88.89942,30.65172
-88.89209,42.32066
-88.88354,39.84146
-88.88248,42.65023
-88.87815,38.01752
-88.87359,42.3662
-88.87178,46.88926
-88.86595,36.34805
-88.8655,33.44338
-88.86487,41.75754
-88.86182,39.04779
-88.85916,33.44124
-88.85306,41.14492
-88.84943,36.49918
-88.84782,43.49659
-88.84542,41.30172
-88.83792,35.67509
-88.83788,38.32892
-88.83599,30.43157
-88.83349,41.14581
-88.82868,42.30975
-88.82729,37.01462
-88.8125,41.3802
-88.80602,33.41405
-88.79754,42.71487
-88.79632,35.68586
-88.79585,36.23168
-88.79256,42.99922
-88.79164,41.06583
-88.79069,33.46363
-88.78157,34.29
-88.77599,43.45121
-88.77498,44.93601
-88.77273,35.61854
-88.7724,44.63329
-88.76914,41.91379
-88.76697,42.88908
-88.76622,43.64656
-88.76211,42.43562
-88.7592,35.50864
-88.74905,42.81546
-88.73904,40.33566
-88.73807,41.95534
-88.73521,33.48266
-88.73349,41.95632
-88.73029,43.22669
-88.72873,44.03639
-88.72592,34.28409
-88.72322,32.13846
-88.71814,41.45019
-88.70408,37.0495
-88.70262,39.48666
-88.6989,37.18796
-88.697,32.03279
-88.69645,45.55982
-88.69027,34.30827
-88.67674,39.54552
-88.6745,43.20079
-88.67031,41.98341
-88.66729,44.20248
-88.66558,32.46845
-88.66519,33.61231
-88.65927,43.97467
-88.65874,44.12019
-88.65747,36.74838
-88.65518,42.62039
-88.64626,46.06933
-88.64607,37.03336
-88.64224,44.34237
-88.64053,39.14303
-88.64022,43.42528
-88.6339,40.2499
-88.63162,30.46021
-88.62829,37.06097
-88.62097,35.1785
-88.61846,39.15261
-88.61823,33.5795
-88.60247,42.62395
-88.5918,39.57166
-88.58458,40.02317
-88.58187,33.1136
-88.58174,42.5385
-88.57849,44.23985
-88.57401,44.23806
-88.57253,42.53434
-88.57242,40.94185
-88.57224,42.36567
-88.57046,33.82945
-88.56421,38.09387
-88.56175,40.43479
-88.55788,42.76191
-88.55747,42.19688
-88.54937,44.19603
-88.54564,44.20222
-88.54261,38.66056
-88.54129,42.18777
-88.53677,43.4943
-88.53465,30.35052
-88.53399,44.83221
-88.53304,42.46317
-88.53051,41.65038
-88.5294,44.26947
-88.528,43.96312
-88.52316,47.09455
-88.52085,43.14475
-88.5195,37.72726
-88.51867,43.9453
-88.50644,33.97304
-88.50467,43.81208
-88.50103,33.97653
-88.49977,33.9732
-88.49872,41.75398
-88.49621,45.29567
-88.49314,43.08862
-88.48943,41.36014
-88.48903,37.82665
-88.48779,41.35778
-88.48364,41.36009
-88.48269,43.74799
-88.48124,41.36084
-88.4807,41.36368
-88.48001,42.96742
-88.47526,41.08509
-88.47439,44.27182
-88.4721,34.00179
-88.47138,36.11019
-88.46998,42.55713
-88.46624,43.11669
-88.46098,44.2476
-88.45741,44.2601
-88.45522,44.82071
-88.45497,41.86591
-88.45321,42.85356
-88.44898,47.21087
-88.44617,39.46514
-88.44534,43.22076
-88.43505,41.8301
-88.434,46.71974
-88.43052,42.7382
-88.42791,42.24138
-88.42347,42.62045
-88.42233,33.57966
-88.42035,42.24338
-88.41905,41.77896
-88.4176,42.17915
-88.4132,41.68614
-88.41273,47.3149
-88.41143,43.75457
-88.40967,44.31821
-88.40883,42.30355
-88.40581,43.59133
-88.40531,33.52459
-88.40194,43.24495
-88.40006,42.31069
-88.39378,42.60922
-88.39173,43.29975
-88.38835,44.24808
-88.38547,41.87262
-88.38463,42.22472
-88.38302,41.6863
-88.38231,41.8736
-88.38172,42.56733
-88.38113,41.77303
-88.37786,40.48398
-88.37741,40.20347
-88.37735,41.77617
-88.37652,39.68959
-88.37623,38.38756
-88.37062,41.61175
-88.36516,43.13935
-88.36205,43.05878
-88.35912,36.84332
-88.3577,39.52578
-88.35615,41.74077
-88.35537,39.41782
-88.35489,43.33697
-88.35466,44.52614
-88.35423,41.74874
-88.35266,43.33308
-88.35229,42.08063
-88.3503,44.25773
-88.35026,42.22287
-88.34862,42.02848
-88.34409,42.1136
-88.33867,44.2015
-88.33297,42.31056
-88.32814,44.39403
-88.32754,41.69288
-88.32672,44.39558
-88.32481,36.63955
-88.32357,37.02202
-88.32203,46.10256
-88.32087,40.07319
-88.31845,41.88545
-88.31722,43.05416
-88.31623,41.92401
-88.31123,42.29794
-88.31029,32.50834
-88.30399,42.01685
-88.30249,41.93835
-88.30082,42.05002
-88.30072,42.47617
-88.29898,42.52779
-88.29873,42.27491
-88.29362,41.87533
-88.29211,42.98344
-88.29052,41.73741
-88.28055,43.1321
-88.27679,44.35376
-88.27083,43.05307
-88.2686,42.90297
-88.2684,41.94736
-88.26251,40.10267
-88.26115,42.33665
-88.26014,37.26527
-88.25815,43.17547
-88.2577,42.68805
-88.25541,42.1096
-88.25327,43.29835
-88.25228,41.88716
-88.25077,44.17717
-88.25022,36.34396
-88.24453,36.8808
-88.24446,42.27033
-88.24402,42.19686
-88.24197,35.04716
-88.24185,42.26535
-88.24146,42.36293
-88.23662,39.5002
-88.2361,43.40377
-88.23519,39.49466
-88.23493,42.53408
-88.22611,44.25654
-88.22556,39.49376
-88.22467,42.77279
-88.22341,42.86554
-88.21907,42.22821
-88.21786,41.30589
-88.21586,42.36212
-88.21443,43.51511
-88.21038,38.07256
-88.20902,41.80815
-88.20887,40.13115
-88.20863,43.25455
-88.20842,41.4298
-88.20693,45.05957
-88.2056,41.56935
-88.2033,32.60315
-88.20187,41.92478
-88.20184,43.24363
-88.19615,41.9979
-88.19372,42.43376
-88.1932,44.0545
-88.19236,41.27727
-88.19165,41.72907
-88.18997,42.43236
-88.18975,42.34173
-88.1894,42.02464
-88.18804,41.91962
-88.1879,32.0882
-88.18416,44.36359
-88.17331,43.11083
-88.17223,43.12564
-88.17218,45.90268
-88.16858,30.70148
-88.16729,42.16159
-88.16638,41.78935
-88.16486,42.19456
-88.16125,41.68523
-88.1584,41.51829
-88.15569,41.84894
-88.15372,42.99495
-88.15317,41.66002
-88.14852,41.84121
-88.14532,34.46461
-88.14514,41.59846
-88.14404,44.52426
-88.14394,42.15958
-88.14338,41.89744
-88.14139,44.5496
-88.13911,42.20287
-88.13797,30.68987
-88.13411,41.59339
-88.13408,40.29858
-88.1337,41.89685
-88.13361,43.1958
-88.13355,41.82428
-88.13226,42.05039
-88.13165,40.33782
-88.12979,30.64183
-88.12938,42.04525
-88.12786,42.31206
-88.12718,42.70893
-88.12669,43.22666
-88.12661,30.612
-88.12397,41.77938
-88.12207,42.22277
-88.1216,42.0601
-88.11764,42.6462
-88.11621,41.84549
-88.11404,42.39917
-88.11302,44.53854
-88.1109,42.93528
-88.10811,42.14219
-88.1018,43.02917
-88.10033,42.20488
-88.09922,38.77055
-88.09615,43.42213
-88.09604,41.94549
-88.09568,41.91201
-88.09549,44.54873
-88.09383,42.97153
-88.09314,36.43071
-88.09237,42.52105
-88.09225,40.51254
-88.09143,45.82244
-88.09,37.32462
-88.08932,37.06258
-88.08851,42.86689
-88.08581,41.59177
-88.0856,44.7806
-88.08526,42.07319
-88.08494,45.23554
-88.08193,42.11594
-88.07931,41.76617
-88.07828,41.78739
-88.07709,45.83811
-88.07622,43.1563
-88.07538,41.78014
-88.07312,43.00186
-88.07244,42.03485
-88.07131,43.3134
-88.07125,42.87738
-88.06968,41.85327
-88.06456,42.37141
-88.06225,43.01338
-88.05913,41.7114
-88.05857,42.28209
-88.05819,41.95109
-88.05675,42.06449
-88.05672,42.06451
-88.05583,43.16812
-88.05543,42.2626
-88.05539,42.06454
-88.05427,41.49949
-88.05348,42.13245
-88.05308,42.01694
-88.0527,44.7912
-88.04831,41.83533
-88.0482,41.61576
-88.0459,42.01753
-88.04479,41.96505
-88.0445,44.34779
-88.04381,42.01922
-88.0425,41.80123
-88.0417,43.06942
-88.04122,41.87774
-88.04081,44.34568
-88.03924,42.20615
-88.03722,45.2654
-88.03706,41.96005
-88.03641,42.91945
-88.03583,42.26473
-88.0335,41.63766
-88.03083,38.76084
-88.03024,41.58717
-88.0302,41.58413
-88.02994,41.58662
-88.02974,43.10362
-88.02946,41.58619
-88.02613,41.74707
-88.02584,43.80133
-88.01942,41.74909
-88.01672,42.10466
-88.01603,42.55993
-88.01487,41.57632
-88.01398,42.29688
-88.01083,41.94366
-88.00967,41.5366
-88.00918,43.14695
-88.00916,42.34949
-88.00541,42.17268
-88.00508,41.97403
-88.00503,42.16765
-88.005,42.89436
-88.0,40.68545
-87.99913,42.18634
-87.99819,42.06347
-87.99795,44.44274
-87.99751,42.14584
-87.99699,42.20476
-87.99598,41.98699
-87.99362,44.42716
-87.99156,43.15231
-87.98959,42.29001
-87.98814,43.39494
-87.98597,41.78256
-87.98489,42.57303
-87.98325,39.30731
-87.98289,43.75756
-87.98276,41.9453
-87.98235,43.26103
-87.98225,33.3766
-87.98167,41.76836
-87.97693,41.83669
-87.97628,43.44633
-87.97394,35.37696
-87.97332,42.15567
-87.97306,45.23455
-87.97145,41.82072
-87.97035,43.15235
-87.96914,43.21782
-87.96805,42.21839
-87.96618,42.86451
-87.96525,41.87246
-87.96301,42.33497
-87.96012,43.74755
-87.95886,44.44471
-87.95878,43.74932
-87.9563,41.80672
-87.95543,41.63271
-87.95483,42.05565
-87.9538,41.9155
-87.9529,43.34137
-87.95236,41.52131
-87.95219,42.09177
-87.95201,41.67647
-87.952,42.3484
-87.95142,43.1533
-87.94885,42.76052
-87.94806,41.6731
-87.94659,41.94056
-87.94522,43.21424
-87.94122,41.77806
-87.94011,41.84038
-87.93976,32.85552
-87.93963,42.26944
-87.93419,41.65741
-87.93273,41.84063
-87.93096,43.35396
-87.92968,41.93538
-87.92535,42.15651
-87.92376,45.16186
-87.92221,43.25321
-87.92135,43.10832
-87.92116,41.55186
-87.92028,42.62215
-87.91985,42.1929
-87.91893,45.77249
-87.91774,45.75681
-87.91419,43.03838
-87.91399,41.84054
-87.91334,41.83046
-87.91235,44.4928
-87.91193,47.45774
-87.91138,42.85535
-87.90934,44.90859
-87.90799,41.85116
-87.90692,44.2492
-87.89794,42.01269
-87.89448,42.05441
-87.89387,37.08357
-87.89198,41.76505
-87.88968,41.75277
-87.88966,41.75277
-87.88909,42.22991
-87.88694,30.57352
-87.88611,42.0583
-87.88555,42.17858
-87.88252,42.27432
-87.88127,41.79752
-87.878,42.48807
-87.87792,42.32647
-87.87785,37.69
-87.87768,41.6209
-87.87667,42.49849
-87.87632,43.75717
-87.87491,42.12072
-87.87439,42.84795
-87.87326,44.4058
-87.87167,43.06774
-87.86723,42.65036
-87.86575,42.13293
-87.86544,42.43912
-87.86373,32.50126
-87.86329,42.28483
-87.86277,42.02602
-87.86262,45.57941
-87.86254,43.99014
-87.85955,42.39866
-87.85872,41.56299
-87.85764,42.25323
-87.85242,42.4239
-87.84914,42.24257
-87.8474,41.64879
-87.84735,42.94673
-87.84637,42.913
-87.84417,41.9411
-87.84202,41.18103
-87.83969,42.29951
-87.83949,41.10439
-87.83898,42.59889
-87.83871,39.01599
-87.83815,42.16176
-87.83606,44.55692
-87.83529,42.39397
-87.83511,42.02115
-87.83508,41.4207
-87.83247,42.21264
-87.83099,42.65824
-87.83042,42.74221
-87.8291,42.09345
-87.82753,43.83721
-87.8272,41.71469
-87.82696,42.08587
-87.82667,41.62098
-87.82653,44.11439
-87.82646,41.91918
-87.82433,42.06939
-87.82317,42.12121
-87.8199,42.74231
-87.81577,42.11093
-87.81455,43.73655
-87.81338,36.85936
-87.8132,42.19311
-87.81107,42.17582
-87.81059,43.7103
-87.80822,36.8568
-87.80724,41.51899
-87.8065,42.16958
-87.80448,41.22532
-87.80397,41.49541
-87.80341,41.69851
-87.80202,45.05565
-87.79511,42.1135
-87.79414,42.16062
-87.79302,43.79389
-87.79284,41.96473
-87.79147,43.78649
-87.79054,41.67849
-87.7884,42.07545
-87.78754,41.5403
-87.78491,41.08453
-87.78278,42.05896
-87.78153,38.43816
-87.78039,43.72449
-87.77856,30.7873
-87.77602,42.05204
-87.77153,42.08344
-87.77111,41.70841
-87.77097,43.76835
-87.77069,41.87411
-87.77062,44.13799
-87.7689,46.48193
-87.76613,42.14858
-87.7659,42.1275
-87.76471,41.5973
-87.76331,40.07628
-87.76211,42.77864
-87.75802,41.59592
-87.75003,42.05127
-87.74723,41.63009
-87.74475,41.12183
-87.74028,42.03737
-87.73794,42.06544
-87.73617,41.06594
-87.73573,37.40681
-87.73464,43.84985
-87.73388,42.09043
-87.73376,42.00089
-87.73287,39.02342
-87.72572,43.69284
-87.72428,38.72779
-87.71696,44.00663
-87.71342,41.46011
-87.71017,44.55613
-87.70744,41.76852
-87.70212,30.27108
-87.70145,34.72199
-87.69895,41.5462
-87.69745,41.66649
-87.69258,41.70257
-87.69088,41.67052
-87.68939,40.39886
-87.6859,41.51805
-87.68493,41.7355
-87.68478,42.00259
-87.682,30.35624
-87.67885,30.35755
-87.67465,41.56272
-87.67276,34.5698
-87.67089,41.53523
-87.6706,41.92052
-87.67036,41.57513
-87.66611,41.43546
-87.66001,41.54246
-87.65983,44.22236
-87.6592,41.51329
-87.65497,40.14744
-87.65239,41.9779
-87.65234,44.23288
-87.65221,40.17358
-87.65078,41.65301
-87.6474,44.12003
-87.64422,45.11129
-87.64284,41.95645
-87.63944,33.29592
-87.63229,45.03969
-87.63147,32.69581
-87.6306,41.52524
-87.62738,34.85563
-87.62458,41.8998
-87.61817,40.16859
-87.61757,41.3993
-87.61743,45.43335
-87.6135,37.96538
-87.61115,45.27018
-87.61055,41.53579
-87.60754,37.99186
-87.60674,34.27819
-87.5871,41.69442
-87.58662,38.39356
-87.58006,37.8579
-87.57967,40.1049
-87.57872,41.78461
-87.57382,41.59876
-87.57312,41.22004
-87.56904,41.38854
-87.56458,33.15856
-87.56373,41.77093
-87.5522,37.87596
-87.54992,38.03411
-87.54764,34.84945
-87.54656,45.1977
-87.5446,33.23008
-87.54148,34.81085
-87.53887,33.25648
-87.53851,37.87364
-87.53702,30.39984
-87.53285,41.63617
-87.53271,38.00248
-87.52492,37.36468
-87.52389,41.55157
-87.51134,37.98908
-87.50229,41.53176
-87.50118,37.29064
-87.50103,41.66473
-87.49706,33.29681
-87.49362,38.68101
-87.49352,36.83631
-87.49344,38.67822
-87.48407,41.41426
-87.48334,41.64203
-87.48165,37.31156
-87.47599,41.56157
-87.46245,41.4138
-87.44925,44.87059
-87.44393,41.12638
-87.44202,41.49697
-87.43554,30.30663
-87.42825,39.6918
-87.42642,46.52581
-87.42503,41.35245
-87.42393,46.53609
-87.41826,39.10476
-87.41157,45.77366
-87.40559,39.67836
-87.40131,39.42327
-87.39211,40.1273
-87.39105,41.4167
-87.38546,39.10335
-87.38526,39.10021
-87.38394,41.36586
-87.38208,39.39068
-87.37149,38.00716
-87.37069,46.34663
-87.36445,35.2415
-87.36019,41.49479
-87.35965,44.88941
-87.35608,38.33015
-87.34985,41.49806
-87.34554,41.55778
-87.344,44.77569
-87.34095,45.69169
-87.3398,46.45588
-87.33769,46.45753
-87.33743,36.09111
-87.32935,38.76274
-87.32886,40.61573
-87.32509,32.61654
-87.32395,30.6123
-87.32368,40.86237
-87.323,34.80985
-87.31826,34.42731
-87.30631,41.42783
-87.30328,39.48135
-87.29213,46.48138
-87.29062,39.49607
-87.28968,30.44205
-87.28918,36.53183
-87.2838,33.9091
-87.27723,30.47809
-87.27051,30.57989
-87.26616,36.08817
-87.26481,41.54779
-87.26422,30.38868
-87.2634,34.91791
-87.2625,38.48547
-87.25969,45.06495
-87.25802,45.0563
-87.2514,41.50161
-87.25011,40.51348
-87.24816,40.93168
-87.24758,40.93158
-87.24344,40.27987
-87.23945,39.79099
-87.21801,45.72796
-87.19461,35.50402
-87.19262,45.15086
-87.18894,37.79728
-87.18612,45.14638
-87.17995,30.45464
-87.16715,45.79953
-87.16425,38.66244
-87.1592,36.81467
-87.15692,41.16607
-87.14534,45.18543
-87.14337,37.30173
-87.13874,41.56076
-87.13623,45.04393
-87.13575,32.97248
-87.12121,39.03448
-87.11657,39.51134
-87.10374,37.73523
-87.09536,41.47619
-87.09509,41.59483
-87.07755,37.7288
-87.07462,45.72978
-87.07366,41.48626
-87.07248,38.65949
-87.07197,35.59552
-87.07021,31.14751
-87.06772,40.41383
-87.06772,40.41385
-87.06247,33.74333
-87.05784,45.83243
-87.04573,36.3277
-87.04447,39.5311
-87.04012,32.40961
-87.0388,41.52761
-87.03694,45.89622
-87.02053,30.73033
-87.01664,34.55628
-87.0018,37.80649
-86.99898,33.03736
-86.99189,33.36665
-86.97772,32.35067
-86.97751,32.35028
-86.97345,33.32612
-86.97277,38.29485
-86.96822,34.56506
-86.96668,40.47155
-86.95379,36.02527
-86.94514,36.05648
-86.94078,35.93603
-86.93476,34.52275
-86.93272,30.43498
-86.93174,34.49097
-86.93026,30.43448
-86.93026,38.40302
-86.92924,30.43863
-86.92854,40.43528
-86.92819,40.44527
-86.92771,30.43436
-86.92628,45.36725
-86.92571,38.40646
-86.92521,30.43138
-86.92322,30.44075
-86.92279,38.72014
-86.92233,30.43285
-86.92096,30.43855
-86.90142,40.49725
-86.90107,36.02186
-86.89792,38.40174
-86.89213,34.22575
-86.89187,41.58028
-86.88861,40.40093
-86.88594,31.43404
-86.88277,40.02482
-86.88234,36.05642
-86.88034,33.41684
-86.87978,33.3924
-86.87874,33.10453
-86.87787,33.39038
-86.87702,39.682
-86.87454,36.81868
-86.87089,34.87741
-86.87024,36.0838
-86.86575,36.12093
-86.86359,36.09526
-86.86247,39.66405
-86.86228,37.45293
-86.86008,41.72115
-86.84674,36.13878
-86.84606,41.74333
-86.84037,35.95122
-86.83975,35.9449
-86.83893,35.8935
-86.83008,33.3386
-86.82804,34.10438
-86.82721,33.33886
-86.82706,33.34338
-86.82634,33.34636
-86.82631,33.34179
-86.82509,33.33487
-86.82471,33.34518
-86.82304,33.35034
-86.82197,36.04973
-86.8196,33.40079
-86.81717,39.504
-86.81654,33.35019
-86.81642,33.3524
-86.81332,33.3542
-86.81182,39.30237
-86.80694,33.52976
-86.80686,33.52981
-86.80332,36.01939
-86.80214,36.40405
-86.80134,40.52449
-86.7938,33.75872
-86.79317,41.77076
-86.78868,35.959
-86.78231,33.66374
-86.77796,36.17902
-86.77789,36.17806
-86.77754,33.45173
-86.77746,34.65624
-86.7749,33.51117
-86.76993,40.77506
-86.766,33.49579
-86.76285,41.76539
-86.75182,35.44458
-86.74106,34.69646
-86.73946,33.49401
-86.7379,35.97547
-86.73717,36.1657
-86.73677,41.20621
-86.73571,36.16489
-86.73349,40.66944
-86.73139,37.95343
-86.73089,36.17501
-86.73007,35.81661
-86.72372,38.92733
-86.71467,33.5808
-86.7136,41.81586
-86.6998,35.58482
-86.69955,41.59568
-86.69036,39.29088
-86.68459,31.89703
-86.68166,30.43122
-86.68021,36.21956
-86.67861,35.82734
-86.67582,33.49257
-86.67551,33.49669
-86.67435,36.26935
-86.67057,40.59452
-86.66891,34.73893
-86.66803,34.73772
-86.66788,34.73764
-86.66773,34.73756
-86.66368,45.837
-86.66277,41.84316
-86.66223,34.69723
-86.65037,33.52449
-86.64687,36.24848
-86.64216,36.22754
-86.64129,33.64384
-86.6367,33.44985
-86.63547,45.85397
-86.63525,31.84591
-86.63511,38.57212
-86.63261,40.29761
-86.63154,35.85588
-86.63002,38.55374
-86.62619,30.45947
-86.62576,30.45673
-86.62415,30.46181
-86.62331,33.45907
-86.61786,30.4616
-86.6171,30.46259
-86.61276,33.61336
-86.61143,33.43596
-86.60816,32.82502
-86.60252,33.16983
-86.59967,40.43269
-86.59736,40.4279
-86.58472,46.42715
-86.58183,35.72333
-86.5813,38.98231
-86.57694,41.37834
-86.57198,36.75997
-86.5643,36.75806
-86.56425,36.34773
-86.56241,41.95252
-86.56125,45.79691
-86.55605,37.5825
-86.5527,30.44711
-86.54941,34.66063
-86.54404,39.13085
-86.54216,36.6907
-86.5421,39.20242
-86.53937,40.93124
-86.5364,41.93924
-86.52043,41.70637
-86.51595,39.03131
-86.51214,39.74879
-86.50677,39.03035
-86.50675,40.29527
-86.50597,39.18622
-86.50282,41.94472
-86.49234,41.53968
-86.492,36.34771
-86.48499,36.34544
-86.48413,36.33836
-86.48411,30.52675
-86.48395,36.3893
-86.48378,39.86575
-86.48052,39.6583
-86.47189,42.08458
-86.47154,36.12458
-86.47143,38.34463
-86.46881,43.69104
-86.46854,38.33748
-86.46814,38.33329
-86.46579,40.06655
-86.46546,43.98745
-86.46378,37.76969
-86.4619,42.12457
-86.46155,37.01218
-86.46146,43.97502
-86.45127,30.53007
-86.45081,30.52395
-86.45065,39.87596
-86.45047,30.53238
-86.44599,30.52421
-86.44428,30.52549
-86.4425,39.69253
-86.44202,30.52149
-86.44177,30.53052
-86.43741,30.39153
-86.43604,37.01663
-86.43485,39.86483
-86.43419,36.97656
-86.43117,30.47075
-86.43088,30.47364
-86.43025,43.4106
-86.42937,30.46563
-86.42788,30.46931
-86.42738,30.46745
-86.42713,41.39595
-86.42625,34.10751
-86.42621,36.97085
-86.42601,30.48426
-86.42319,36.9687
-86.42135,42.10853
-86.42004,33.12344
-86.4187,35.85141
-86.4155,35.87564
-86.41489,36.00513
-86.41137,35.45702
-86.41122,33.92976
-86.40822,43.90082
-86.40723,43.35775
-86.40426,36.97026
-86.40242,43.98693
-86.40022,39.92562
-86.39988,36.99341
-86.39587,41.22021
-86.39446,32.44473
-86.39421,32.44807
-86.3941,33.32764
-86.3932,39.47327
-86.39271,35.79429
-86.39258,36.90938
-86.3916,41.2207
-86.38966,39.45216
-86.38628,43.69727
-86.38543,32.44319
-86.38336,41.17874
-86.38295,41.18094
-86.38155,43.54796
-86.3815,36.90914
-86.38083,32.52171
-86.37956,35.922
-86.37839,34.16959
-86.37586,43.82279
-86.36712,39.93755
-86.36471,42.16075
-86.36332,33.33364
-86.36316,43.64165
-86.36271,43.53681
-86.3529,41.68088
-86.3437,44.23906
-86.34055,30.74972
-86.33989,30.74749
-86.33921,41.82149
-86.33849,30.74605
-86.33062,41.72172
-86.32875,41.83102
-86.32561,39.85683
-86.32025,39.86196
-86.32005,43.39843
-86.31977,30.40135
-86.31846,39.85566
-86.314,44.18227
-86.3127,43.21017
-86.30816,41.36947
-86.30752,36.22194
-86.30429,43.33701
-86.30307,39.80375
-86.30229,40.03801
-86.29919,41.36964
-86.29864,39.62393
-86.29645,46.00658
-86.29591,36.23368
-86.29522,42.03806
-86.29501,44.17769
-86.28852,45.93326
-86.28711,43.34502
-86.28358,31.27789
-86.28144,42.1968
-86.27848,42.1936
-86.27282,40.75206
-86.27112,31.69854
-86.27072,41.80814
-86.26281,39.959
-86.26046,35.20545
-86.25884,43.12916
-86.25634,41.8436
-86.25485,37.40511
-86.25135,33.56176
-86.25095,40.6698
-86.2453,39.64819
-86.24519,39.57918
-86.24196,44.45663
-86.2411,41.65279
-86.23955,39.77377
-86.23954,41.63201
-86.23923,30.3567
-86.22664,44.70064
-86.22623,41.71257
-86.2246,42.4624
-86.22391,39.70864
-86.22384,39.8461
-86.22159,39.85724
-86.22158,32.56557
-86.21752,39.63791
-86.21478,39.93228
-86.21377,44.43749
-86.21305,39.65252
-86.21208,39.63769
-86.21169,39.64389
-86.21136,42.99552
-86.21071,41.68372
-86.21043,44.34046
-86.20872,35.38985
-86.20756,43.30407
-86.2048,39.85003
-86.20471,39.19244
-86.20375,36.7462
-86.20291,41.06669
-86.19912,39.80152
-86.19904,34.29636
-86.19715,42.38343
-86.19549,39.79583
-86.19509,39.82173
-86.19323,39.94857
-86.19273,34.39322
-86.19136,43.24831
-86.18551,39.93139
-86.18486,39.4056
-86.18368,39.82287
-86.1835,38.00136
-86.18326,39.85018
-86.18159,39.40414
-86.17804,42.89878
-86.17607,43.16762
-86.17186,35.35374
-86.16983,41.04564
-86.16853,43.08609
-86.16393,39.5867
-86.16304,40.42203
-86.16234,40.42799
-86.16142,39.88062
-86.15993,40.42105
-86.15921,30.48532
-86.15871,40.42889
-86.15604,39.61799
-86.15596,41.71599
-86.15562,40.40755
-86.15371,40.42506
-86.15169,43.24324
-86.15008,34.17267
-86.1486,44.48717
-86.14797,42.6715
-86.14368,38.59813
-86.14325,40.46224
-86.1413,30.72733
-86.14124,44.41172
-86.13985,43.33108
-86.13967,41.91931
-86.13964,32.4186
-86.13859,40.6718
-86.13416,42.85104
-86.13332,39.80798
-86.13279,32.41974
-86.12746,34.64014
-86.12591,42.87889
-86.12353,42.75072
-86.12239,40.45872
-86.12032,39.9516
-86.11797,34.35269
-86.11643,40.75658
-86.11602,39.7269
-86.10621,40.01784
-86.1058,38.20336
-86.10185,41.97904
-86.10178,38.31343
-86.10154,37.24013
-86.10148,40.01483
-86.09824,34.00926
-86.09658,39.63974
-86.09427,35.17074
-86.09032,42.95375
-86.08031,41.98031
-86.08024,40.05592
-86.07912,43.0696
-86.07576,39.60741
-86.07554,39.60741
-86.07531,39.60797
-86.07387,44.62855
-86.07359,39.60819
-86.07291,39.60566
-86.07272,38.85453
-86.0716,44.63896
-86.06099,36.86509
-86.05939,39.77775
-86.05634,37.11185
-86.05341,40.0864
-86.05117,39.91612
-86.04957,40.11989
-86.04639,34.63772
-86.03847,30.49265
-86.03817,43.00853
-86.03668,30.48961
-86.03512,30.49759
-86.0337,30.48329
-86.03158,30.49498
-86.03127,44.6395
-86.03091,30.48393
-86.02875,30.4862
-86.02665,40.06575
-86.02654,30.49536
-86.02606,42.88142
-86.02561,30.48823
-86.02343,39.4877
-86.02203,39.67227
-86.01775,39.18798
-86.01349,33.97363
-86.01309,30.29764
-86.01028,39.96282
-86.01004,39.86772
-86.00926,42.11102
-86.00834,38.07711
-86.00608,42.34401
-86.00501,35.5433
-86.00471,41.90072
-86.00467,39.95905
-86.00233,39.43148
-86.00143,41.79261
-85.9976,44.51663
-85.99637,37.80457
-85.99465,42.76325
-85.99447,43.50391
-85.99032,41.9093
-85.98545,39.76935
-85.98405,44.80457
-85.97866,41.70767
-85.97759,39.7934
-85.97691,39.73629
-85.97674,30.28552
-85.97571,32.7864
-85.97494,30.2815
-85.97463,42.21305
-85.97414,30.28167
-85.97057,31.77728
-85.96658,37.88963
-85.96606,44.91867
-85.96166,39.49338
-85.95719,44.23025
-85.95626,43.19685
-85.95162,40.10629
-85.94618,33.95924
-85.94303,43.44787
-85.93952,41.67116
-85.92794,33.8804
-85.92744,43.47515
-85.92332,43.84705
-85.92308,42.43926
-85.91988,39.69404
-85.91672,43.23091
-85.8984,42.96785
-85.89777,39.21221
-85.89375,40.96001
-85.89293,38.97438
-85.88899,42.67019
-85.88846,37.23498
-85.88652,38.31827
-85.88504,38.10231
-85.88109,41.22347
-85.87901,44.7415
-85.87449,32.8806
-85.87371,46.22893
-85.87133,39.23621
-85.86805,30.21542
-85.86793,33.72656
-85.86711,30.2153
-85.85692,41.67081
-85.85568,43.40558
-85.85477,40.82783
-85.85382,42.40096
-85.85104,38.96399
-85.84697,42.17689
-85.84429,43.02024
-85.84322,30.21145
-85.84071,30.21788
-85.83995,30.21702
-85.83669,41.71369
-85.83666,38.1262
-85.83641,42.25708
-85.83473,43.01823
-85.83247,41.506
-85.82454,41.60731
-85.82429,44.90985
-85.82417,31.35826
-85.82182,42.69391
-85.82177,30.18758
-85.82083,38.29926
-85.82061,35.9719
-85.82004,38.19646
-85.81982,30.18879
-85.81938,37.63835
-85.81889,38.27231
-85.81876,30.18622
-85.81535,33.64856
-85.81096,44.91337
-85.80522,34.481
-85.80148,30.18559
-85.80069,33.72356
-85.79974,42.92241
-85.79838,30.18987
-85.79806,39.21752
-85.79627,33.27485
-85.79581,38.43931
-85.79575,30.17658
-85.79532,30.18938
-85.79403,39.23782
-85.79371,42.88286
-85.79309,44.66389
-85.79181,38.51329
-85.78959,38.16952
-85.77217,39.56483
-85.77178,39.17053
-85.77062,38.33771
-85.76421,41.34336
-85.76044,42.48192
-85.75709,42.84518
-85.7567,39.98724
-85.7533,42.29888
-85.75147,45.02457
-85.75041,39.77937
-85.7494,33.59384
-85.74571,42.86524
-85.73524,38.31664
-85.7339,43.03741
-85.73337,39.86732
-85.73176,42.82503
-85.73164,41.43345
-85.72817,44.24699
-85.72604,38.36616
-85.72357,38.20004
-85.72304,35.05262
-85.72165,38.07915
-85.71866,42.87453
-85.71704,43.25455
-85.71668,37.51904
-85.71658,42.96031
-85.71331,36.9211
-85.71259,42.44767
-85.70725,40.11364
-85.70669,41.38886
-85.70408,33.6668
-85.70088,38.35376
-85.6998,40.07973
-85.69922,41.65832
-85.69699,31.35645
-85.69665,34.46495
-85.69407,36.68527
-85.69373,42.87704
-85.69076,44.40077
-85.69018,41.41519
-85.68656,40.12501
-85.68635,43.07981
-85.68337,38.2872
-85.6806,41.00673
-85.67886,40.58545
-85.67782,44.77094
-85.6778,38.26126
-85.67493,38.27778
-85.67428,38.23526
-85.66927,44.93631
-85.66862,37.99158
-85.66847,43.17125
-85.66631,42.08828
-85.65956,42.03771
-85.6565,34.81771
-85.65648,42.29012
-85.65488,42.99491
-85.65356,43.79946
-85.65063,38.23075
-85.64668,40.1535
-85.6431,43.08004
-85.64154,40.57671
-85.63513,30.25102
-85.63494,42.31384
-85.6342,30.2526
-85.63058,30.24818
-85.63056,42.2073
-85.63052,30.25382
-85.62915,38.16934
-85.6282,40.62945
-85.62736,38.1041
-85.62689,30.24806
-85.626,42.834
-85.62491,44.74097
-85.62378,30.25383
-85.62226,45.13484
-85.61724,42.60511
-85.61633,38.1736
-85.6106,38.2452
-85.60879,30.23836
-85.60879,30.23837
-85.60864,42.25615
-85.6067,39.04084
-85.60401,38.22696
-85.60358,42.382
-85.60316,36.1068
-85.60277,38.40262
-85.59752,42.79375
-85.59554,38.29107
-85.59225,38.23987
-85.58841,42.11772
-85.58841,43.06897
-85.58207,39.23823
-85.57546,30.57243
-85.57537,42.95198
-85.57379,43.3486
-85.57103,44.7097
-85.56964,38.12541
-85.56937,42.29246
-85.56886,40.89004
-85.56805,42.98097
-85.56735,42.24871
-85.56343,45.15095
-85.56254,38.17386
-85.56196,43.03839
-85.56079,38.38008
-85.55874,44.60273
-85.55652,42.44029
-85.55321,34.84319
-85.55275,38.33171
-85.54678,41.79476
-85.54338,42.10748
-85.53514,40.49877
-85.53094,42.66546
-85.53088,38.27376
-85.53002,36.22447
-85.52694,43.32678
-85.52256,39.81937
-85.51916,40.05761
-85.51696,46.30858
-85.51554,32.53253
-85.51328,32.53704
-85.51245,39.32867
-85.51178,38.24061
-85.51072,45.71394
-85.51053,42.33636
-85.50982,32.53397
-85.50958,32.54675
-85.50533,43.16734
-85.50303,43.68404
-85.49875,42.18321
-85.49819,43.0114
-85.48908,44.19565
-85.48748,41.26139
-85.48519,42.88213
-85.48447,36.16356
-85.4829,42.56934
-85.48181,38.70459
-85.48064,43.22768
-85.4804,42.29214
-85.47633,43.65957
-85.47572,38.2297
-85.47173,41.9142
-85.47096,38.24258
-85.4693,44.22728
-85.46776,40.82543
-85.46246,42.90503
-85.45974,41.77739
-85.45798,37.80099
-85.45663,40.04984
-85.45651,41.16222
-85.45615,41.15966
-85.45566,44.2419
-85.45524,43.87646
-85.4519,46.10458
-85.45065,41.15418
-85.44856,41.15959
-85.44845,32.58294
-85.44718,44.41432
-85.44685,44.10755
-85.44511,38.39269
-85.44332,42.79815
-85.4423,38.2601
-85.44081,38.28488
-85.44076,32.62234
-85.43788,39.78362
-85.43474,41.65149
-85.43473,38.28962
-85.43472,35.91597
-85.43268,38.28327
-85.43033,37.7897
-85.42939,38.28952
-85.42933,44.75717
-85.42808,42.39957
-85.42409,38.26987
-85.42342,39.92179
-85.42216,32.68048
-85.42102,44.20491
-85.4195,44.30466
-85.41788,31.22208
-85.41496,44.08064
-85.41193,39.66684
-85.4107,31.11667
-85.40876,44.22834
-85.40816,38.74016
-85.39297,33.12456
-85.39191,44.90047
-85.39152,42.36565
-85.39062,40.1593
-85.38968,40.1651
-85.3889,39.95059
-85.38244,43.68163
-85.3817,42.36714
-85.38099,38.76605
-85.37888,37.36706
-85.3724,42.63924
-85.37113,38.37988
-85.36712,43.00515
-85.36273,41.74585
-85.36021,38.21555
-85.35838,34.9678
-85.35516,35.64626
-85.35474,35.64784
-85.35449,45.17027
-85.34876,37.08042
-85.34548,40.15108
-85.34495,45.02492
-85.3395,35.04491
-85.33704,45.02697
-85.33446,35.14744
-85.33437,42.8023
-85.33284,42.37999
-85.33209,39.33069
-85.33147,42.37209
-85.32759,40.18791
-85.32642,42.3619
-85.32502,43.56424
-85.32089,43.60482
-85.31846,41.44261
-85.31522,38.02603
-85.31464,41.18186
-85.311,42.38734
-85.30755,43.60629
-85.30727,43.27323
-85.30625,35.13517
-85.30505,35.13251
-85.30439,35.12918
-85.30194,38.58474
-85.29817,42.66457
-85.29644,29.74718
-85.29528,42.34332
-85.29305,43.5727
-85.2924,40.16224
-85.28962,36.66081
-85.28368,34.69138
-85.27766,41.44061
-85.27239,42.27763
-85.26901,43.05328
-85.26331,35.10077
-85.26227,37.59922
-85.2551,43.10942
-85.25278,37.55447
-85.25196,33.98234
-85.2501,34.04528
-85.24464,43.06151
-85.24347,45.32543
-85.24167,42.24836
-85.24145,37.56654
-85.23705,41.82989
-85.23407,35.17881
-85.23309,35.17785
-85.23263,35.17886
-85.22937,35.17796
-85.22788,43.17775
-85.2234,39.30413
-85.2211,34.92491
-85.22026,38.22797
-85.22018,44.26288
-85.21963,38.18005
-85.21934,35.01858
-85.21647,42.40639
-85.21604,37.75601
-85.21554,45.34143
-85.21522,32.87236
-85.21281,35.14783
-85.2089,42.28011
-85.20733,35.15543
-85.20377,34.99556
-85.20346,34.99487
-85.20098,42.86958
-85.19747,35.01051
-85.19721,41.12143
-85.1963,41.01277
-85.19601,39.32702
-85.1943,35.00789
-85.18706,41.1536
-85.18529,34.25173
-85.18511,44.94341
-85.18447,42.29851
-85.18383,35.17742
-85.18371,40.77564
-85.18317,44.96274
-85.18056,35.01155
-85.17991,44.95328
-85.17733,45.07601
-85.17369,40.9947
-85.17301,40.76782
-85.17216,31.8853
-85.17199,39.64601
-85.17168,45.14327
-85.16848,42.38479
-85.16177,41.04352
-85.16041,44.99448
-85.15532,42.23663
-85.15438,45.30142
-85.15004,44.9589
-85.14892,44.73797
-85.14797,44.94943
-85.14252,43.90573
-85.14149,39.79725
-85.14123,34.23229
-85.13989,39.91425
-85.13906,41.02053
-85.13664,41.01853
-85.13204,44.93431
-85.12853,33.01975
-85.12676,41.35604
-85.12276,41.18721
-85.12088,42.11441
-85.11962,37.01207
-85.11809,34.91078
-85.11722,39.12304
-85.10886,31.99192
-85.10843,35.19728
-85.10536,41.12715
-85.10531,45.24416
-85.10181,41.04883
-85.09873,41.05302
-85.09787,33.56258
-85.09451,41.14435
-85.09211,41.15388
-85.08943,41.08096
-85.07924,44.76012
-85.07301,45.36361
-85.07097,43.12243
-85.06477,45.36231
-85.05836,44.70809
-85.05638,43.41089
-85.05604,45.36245
-85.05364,43.23158
-85.05037,34.83961
-85.04938,36.96946
-85.04681,35.08759
-85.04466,42.96835
-85.03849,45.46717
-85.03626,31.6683
-85.03329,41.38382
-85.03174,41.12871
-85.03093,32.5058
-85.0309,41.14301
-85.0206,41.98152
-85.01768,41.62969
-85.0163,45.35635
-85.01287,41.67689
-85.01068,45.4358
-85.00882,41.08281
-85.0074,35.89135
-85.00646,32.53681
-85.00536,38.53375
-85.00199,33.03849
-84.9974,42.3558
-84.99091,41.67922
-84.99082,45.51492
-84.98637,32.50402
-84.98543,38.61533
-84.98476,35.24436
-84.98439,40.15576
-84.97611,43.89656
-84.97369,41.81411
-84.97265,35.55013
-84.97223,42.18077
-84.96206,45.4356
-84.96072,42.74513
-84.96037,32.49171
-84.95901,42.25732
-84.95894,32.39554
-84.95643,42.7475
-84.95595,40.84822
-84.95582,45.15857
-84.9557,40.84981
-84.95457,45.15545
-84.9532,45.28795
-84.95177,40.84658
-84.95047,43.2585
-84.94951,34.80445
-84.94899,40.84072
-84.9488,40.84648
-84.94747,40.84235
-84.94734,40.60114
-84.94472,40.83595
-84.93028,45.49287
-84.93021,45.47299
-84.9274,45.49674
-84.92608,31.35366
-84.92516,33.79587
-84.92516,42.22805
-84.92426,33.53078
-84.92379,45.47904
-84.92275,39.65328
-84.91951,45.38504
-84.91627,38.84698
-84.90924,34.5449
-84.9061,41.5541
-84.89925,35.37301
-84.89776,39.79862
-84.89048,38.18695
-84.89006,41.92318
-84.88808,45.39705
-84.88796,42.46918
-84.88764,41.61843
-84.88671,35.99935
-84.88417,42.91868
-84.88374,36.03685
-84.88273,45.48021
-84.87934,42.8131
-84.87504,30.97066
-84.8749,43.8521
-84.87464,39.87791
-84.87446,38.77876
-84.86752,35.10297
-84.86703,44.91667
-84.8663,39.80321
-84.8591,36.84573
-84.85712,32.83933
-84.85643,36.84571
-84.85245,45.24849
-84.8494,32.54865
-84.84869,32.83348
-84.84611,34.55299
-84.84505,38.9594
-84.84227,43.02673
-84.83393,34.09341
-84.83218,34.80327
-84.83071,45.7081
-84.83055,34.23162
-84.82977,39.30171
-84.82775,42.5761
-84.82672,43.58744
-84.82278,38.21177
-84.8072,34.21467
-84.80413,44.86586
-84.80229,42.75906
-84.79618,44.87675
-84.79055,39.13167
-84.78897,47.9897
-84.78652,44.32406
-84.78477,35.16741
-84.78455,39.86256
-84.78428,44.11111
-84.78275,43.96299
-84.78119,45.03832
-84.77829,45.50401
-84.77541,43.62217
-84.7751,42.38365
-84.77327,42.05249
-84.77163,38.01328
-84.76979,41.03683
-84.76536,39.23106
-84.76438,41.61326
-84.76275,34.07273
-84.7617,39.51307
-84.76074,34.05471
-84.75959,43.54786
-84.75866,43.87763
-84.75408,39.09336
-84.75268,39.56111
-84.75109,45.50409
-84.75028,33.73625
-84.74686,38.88394
-84.74266,45.85467
-84.74225,37.65383
-84.7385,44.29496
-84.73785,45.03192
-84.7369,45.7165
-84.73663,39.25471
-84.73499,33.99263
-84.73462,43.61428
-84.73112,35.44953
-84.72687,33.9936
-84.72545,33.71634
-84.72487,42.7299
-84.71674,39.21505
-84.71615,43.62646
-84.71416,44.65441
-84.71313,44.9608
-84.7121,44.04368
-84.70662,42.16725
-84.70648,44.38282
-84.70636,33.7949
-84.69737,31.2193
-84.6961,39.0272
-84.69608,39.12209
-84.69359,44.57304
-84.69087,39.15659
-84.69035,39.45762
-84.69015,39.45926
-84.6893,39.02898
-84.68874,39.45904
-84.68824,38.93238
-84.68818,38.05262
-84.68739,39.45773
-84.68723,38.92969
-84.68243,43.51629
-84.6817,43.37938
-84.67848,44.39797
-84.67725,44.96413
-84.67618,34.05117
-84.6703,40.1187
-84.66935,39.29558
-84.66766,44.96571
-84.66589,44.29505
-84.65951,41.97448
-84.65843,38.21457
-84.6572,45.03212
-84.65593,41.89422
-84.65253,35.86969
-84.65198,45.04632
-84.64942,42.45594
-84.64733,39.00762
-84.64692,44.94539
-84.64295,45.86626
-84.64133,39.73996
-84.64036,45.18011
-84.63951,39.13725
-84.63897,39.12404
-84.63842,39.24661
-84.63458,45.87014
-84.63356,42.15485
-84.63201,37.55392
-84.63036,44.49709
-84.63034,43.4166
-84.6276,30.61195
-84.62749,44.93861
-84.62706,42.56389
-84.62705,33.85082
-84.62697,38.7614
-84.62276,45.85082
-84.62271,34.30785
-84.62092,43.62113
-84.6193,33.56394
-84.61912,40.10218
-84.61858,33.55805
-84.61704,45.42309
-84.61559,42.77576
-84.61499,33.56095
-84.61458,41.89502
-84.61272,42.7832
-84.61223,34.29355
-84.61063,33.56053
-84.60877,38.11629
-84.60847,46.41787
-84.60777,33.55977
-84.60741,34.31214
-84.60614,33.55772
-84.60499,34.30663
-84.60449,34.29767
-84.60281,43.31219
-84.60275,36.97502
-84.59987,45.03213
-84.59802,33.61556
-84.59714,45.09976
-84.59635,39.44988
-84.5955,42.28477
-84.59462,36.94576
-84.58879,42.57636
-84.58869,38.21646
-84.58722,30.85786
-84.58616,40.69993
-84.58514,38.03339
-84.5851,39.39408
-84.5839,33.3735
-84.5822,42.71635
-84.57783,39.35533
-84.57764,39.2676
-84.57732,40.85353
-84.5769,40.82777
-84.57157,33.51458
-84.56992,39.01591
-84.5696,43.22285
-84.56929,42.65531
-84.56912,37.14239
-84.56796,35.92166
-84.56697,43.11001
-84.56636,39.2137
-84.56592,40.44416
-84.56409,45.23912
-84.56227,42.83236
-84.56189,29.90221
-84.55863,33.94191
-84.55752,39.2462
-84.55703,35.51614
-84.55609,35.51615
-84.55587,37.92651
-84.55357,39.05659
-84.55082,41.55028
-84.5498,39.27783
-84.54806,39.37333
-84.54549,39.31376
-84.54064,44.58942
-84.54001,34.07807
-84.5393,39.27187
-84.53784,42.60584
-84.53767,33.67258
-84.53677,38.12379
-84.53298,40.56723
-84.53157,41.58857
-84.52963,44.5909
-84.52959,33.66769
-84.52953,38.0385
-84.52807,34.29716
-84.52765,42.80581
-84.5265,42.74892
-84.52606,38.08337
-84.52103,44.59032
-84.51843,39.26937
-84.51634,45.65887
-84.51604,43.97712
-84.51438,37.97769
-84.51375,39.31809
-84.51357,39.84116
-84.5129,46.50199
-84.51287,45.56939
-84.51203,33.89612
-84.50923,33.89603
-84.50378,39.32387
-84.50199,39.32618
-84.50167,33.89755
-84.49951,42.70792
-84.49573,35.84929
-84.49548,42.77983
-84.49543,35.8493
-84.49113,42.7914
-84.49022,39.04354
-84.48791,42.70814
-84.48748,42.22935
-84.48742,37.88468
-84.4874,39.20528
-84.48462,38.0915
-84.48342,38.09034
-84.48331,39.26891
-84.47999,39.22257
-84.47961,42.21966
-84.4793,40.5477
-84.47809,39.16059
-84.47443,34.22888
-84.47383,38.22979
-84.47356,42.8403
-84.472,43.40035
-84.47115,39.18192
-84.47067,42.79604
-84.47063,42.09763
-84.47033,37.98381
-84.46728,38.93899
-84.46661,44.35191
-84.46656,33.65338
-84.46652,40.178
-84.46619,38.02763
-84.46607,39.42437
-84.46259,33.70969
-84.46104,39.05879
-84.46044,39.28
-84.45976,46.27455
-84.45501,42.69732
-84.45016,41.2045
-84.44956,42.1847
-84.44831,42.55222
-84.44823,33.73007
-84.44263,42.22286
-84.43921,34.76087
-84.43779,33.70613
-84.43754,39.18337
-84.43752,39.18337
-84.43437,38.08103
-84.43139,46.03501
-84.43137,42.77961
-84.43105,44.11174
-84.42933,33.93544
-84.42901,42.04761
-84.42794,33.79955
-84.42745,37.9954
-84.42653,33.82332
-84.42534,39.31624
-84.42406,42.21472
-84.4234,42.75112
-84.4217,34.10215
-84.4185,39.0675
-84.41706,37.97751
-84.41331,46.48059
-84.41311,34.4496
-84.41198,39.51344
-84.41043,39.11182
-84.40326,42.16197
-84.40301,33.78749
-84.40262,33.81659
-84.4011,39.56185
-84.39975,39.4268
-84.39877,34.07946
-84.39101,33.86845
-84.3886,39.18503
-84.38722,40.37831
-84.38679,39.27879
-84.38401,42.75109
-84.3828,38.0234
-84.3824,45.9911
-84.37812,38.88455
-84.37519,42.18262
-84.37502,42.19336
-84.37466,33.68463
-84.37084,33.96759
-84.37069,46.57213
-84.37007,37.88834
-84.36678,35.7562
-84.36653,33.9856
-84.36502,33.99419
-84.36425,39.52088
-84.36314,34.1271
-84.36256,40.90688
-84.36232,30.13206
-84.3608,39.37955
-84.36064,43.79393
-84.36018,38.75709
-84.35996,39.13373
-84.35803,45.52654
-84.35778,34.48201
-84.35722,43.37178
-84.35608,46.19055
-84.35337,39.26081
-84.35289,44.26949
-84.35173,34.22849
-84.35043,39.37886
-84.34923,33.86504
-84.33757,33.76828
-84.33753,44.28335
-84.33729,41.87284
-84.33684,41.29537
-84.33578,42.89421
-84.33531,42.39291
-84.33491,39.618
-84.3347,39.17917
-84.33077,34.14841
-84.33019,39.83013
-84.32876,39.22737
-84.32871,33.78072
-84.32838,35.97598
-84.32773,42.28055
-84.32698,46.57137
-84.32496,35.02543
-84.32361,44.82
-84.32344,34.92309
-84.32325,33.8833
-84.3223,30.41727
-84.32051,33.2558
-84.32012,42.10162
-84.31908,41.37327
-84.31799,39.96694
-84.31612,46.57487
-84.31284,32.86519
-84.31267,39.45938
-84.31264,33.74278
-84.31224,39.04787
-84.31177,42.18666
-84.31111,44.81444
-84.31111,44.81944
-84.31111,44.825
-84.30955,44.81202
-84.3091,34.1901
-84.30892,46.48331
-84.30832,34.0449
-84.30737,34.04525
-84.30522,38.95758
-84.30244,33.74237
-84.30148,33.53195
-84.29977,42.04875
-84.29967,33.69261
-84.29922,39.83696
-84.29906,33.53355
-84.29725,42.04823
-84.29706,42.66969
-84.29649,39.56682
-84.2963,33.68637
-84.29609,38.17703
-84.29558,38.71937
-84.29536,39.15772
-84.29491,30.40172
-84.2942,34.19174
-84.29339,42.23032
-84.2926,39.54809
-84.29186,33.53378
-84.2892,42.69454
-84.28871,39.34911
-84.28452,39.45419
-84.28308,34.1399
-84.28099,42.00808
-84.28082,31.57372
-84.27839,39.62953
-84.27664,37.57886
-84.27515,46.50282
-84.27471,40.16463
-84.27468,38.3882
-84.27299,45.41749
-84.2727,33.2361
-84.27215,30.42603
-84.27176,34.26002
-84.26938,34.13559
-84.26633,34.13835
-84.26546,45.41598
-84.26537,45.41299
-84.26478,34.12893
-84.26413,34.13984
-84.26401,43.61938
-84.26303,38.89016
-84.2613,34.13138
-84.26086,35.62807
-84.26085,34.13892
-84.25683,30.57351
-84.25578,31.60594
-84.25508,37.73128
-84.25423,39.82325
-84.25417,39.95486
-84.25371,43.60953
-84.24775,33.30143
-84.24726,41.76394
-84.24724,30.41967
-84.24634,33.49258
-84.24323,33.30079
-84.2425,38.21251
-84.24132,42.11476
-84.24094,33.30678
-84.24093,35.56935
-84.24073,42.78894
-84.24058,34.37411
-84.24053,43.62966
-84.23983,39.79455
-84.23463,33.3116
-84.23451,43.73091
-84.23383,42.29889
-84.23346,33.3146
-84.23302,34.00939
-84.23198,39.72858
-84.23192,30.59685
-84.23165,42.44299
-84.22814,33.31041
-84.22766,30.60097
-84.22697,39.35768
-84.22636,30.59643
-84.22447,40.01339
-84.22387,34.00892
-84.22336,30.89796
-84.2214,30.40235
-84.21889,44.28127
-84.21849,40.18186
-84.21835,32.04949
-84.21809,42.9301
-84.21758,40.70362
-84.21635,39.56462
-84.21329,30.52454
-84.20886,44.30791
-84.20742,40.62282
-84.20532,33.87798
-84.20524,34.18248
-84.20345,46.56466
-84.20313,34.18545
-84.20311,34.18337
-84.20003,39.429
-84.19899,34.175
-84.19752,39.68502
-84.19745,39.60107
-84.19536,41.02905
-84.19526,42.33926
-84.19366,39.67639
-84.19249,35.87334
-84.19051,35.87685
-84.18986,39.5994
-84.18912,37.97792
-84.18893,35.8614
-84.18891,34.0015
-84.18884,45.08572
-84.18776,36.8266
-84.18758,39.71044
-84.18717,40.03571
-84.18641,39.72076
-84.18641,45.35253
-84.18522,33.83584
-84.1816,42.00318
-84.17548,39.62872
-84.17547,43.4108
-84.17443,40.74713
-84.17229,39.88369
-84.17207,39.12254
-84.17145,42.67782
-84.16565,33.95071
-84.16082,43.30266
-84.1608,39.34345
-84.16071,41.54048
-84.15801,43.66335
-84.15695,40.71338
-84.15585,41.39805
-84.1542,39.3435
-84.15403,42.05199
-84.15372,33.77008
-84.15298,33.69534
-84.15151,31.16108
-84.14998,33.77393
-84.14802,40.29959
-84.14772,33.77147
-84.14751,41.38548
-84.1468,41.38508
-84.14028,33.77628
-84.13755,35.91383
-84.13695,42.08254
-84.13653,33.76106
-84.13621,43.19758
-84.13395,42.97828
-84.13255,33.77408
-84.13018,33.77452
-84.12943,31.61509
-84.12802,40.34256
-84.12486,39.75258
-84.12401,35.86445
-84.11852,34.15485
-84.11614,39.50212
-84.11497,41.64333
-84.11466,32.0093
-84.11433,44.72132
-84.11323,39.19146
-84.11134,37.0952
-84.11047,35.91908
-84.10989,41.92391
-84.10801,39.66795
-84.10742,43.40559
-84.10715,39.65127
-84.10653,43.47421
-84.10584,33.9711
-84.10076,40.79921
-84.10059,43.42374
-84.09931,39.73335
-84.09556,31.60855
-84.09477,43.40992
-84.08081,42.92356
-84.07293,41.06073
-84.07109,41.91629
-84.06772,40.73533
-84.06234,43.45825
-84.05953,34.3024
-84.04669,43.51738
-84.04599,39.80719
-84.04464,38.35047
-84.04447,43.52775
-84.04098,43.63314
-84.03517,34.18254
-84.03253,44.79116
-84.03166,39.66063
-84.03103,37.08541
-84.02995,44.06517
-84.02981,40.75508
-84.02504,33.59163
-84.0245,34.30449
-84.02419,34.18133
-84.02408,38.94896
-84.02294,41.85067
-84.02266,33.5907
-84.02218,39.96127
-84.02197,32.29885
-84.02122,34.18183
-84.01982,34.1763
-84.01515,42.29969
-84.0048,42.38175
-84.003,43.41157
-84.00218,34.0189
-84.00132,43.41747
-84.0006,35.7855
-84.0001,42.92154
-83.99539,34.39745
-83.99355,42.47612
-83.99306,34.40851
-83.99237,34.40226
-83.99212,31.3025
-83.98995,35.93435
-83.98921,34.05549
-83.98864,34.4062
-83.98696,43.74602
-83.98542,40.81461
-83.98531,34.40181
-83.9837,40.81251
-83.98176,34.40428
-83.97731,43.78604
-83.9737,42.46908
-83.97298,42.71919
-83.97114,42.4713
-83.96888,42.47152
-83.96486,34.87902
-83.96291,33.04491
-83.96208,43.45638
-83.96159,34.50383
-83.96051,42.95861
-83.95858,39.79673
-83.95763,30.81636
-83.9538,37.67972
-83.95062,35.93499
-83.95051,33.31982
-83.95022,43.53014
-83.94924,42.818
-83.9472,36.06652
-83.94443,43.66955
-83.94215,40.59718
-83.93931,41.98277
-83.93722,38.87697
-83.93314,40.8664
-83.92817,42.65959
-83.92604,44.27164
-83.92429,34.76525
-83.92336,38.03712
-83.92081,42.01101
-83.91693,39.70649
-83.91641,34.06068
-83.9155,39.46728
-83.91328,31.87384
-83.90855,36.01602
-83.90801,33.58976
-83.90683,42.36136
-83.90606,34.06371
-83.9058,34.05782
-83.90205,31.96689
-83.90082,43.14312
-83.89951,34.05691
-83.89762,41.49439
-83.89704,43.98662
-83.89546,40.73601
-83.89487,42.11212
-83.89352,36.05793
-83.89019,36.05974
-83.88786,42.60429
-83.88449,30.88559
-83.88384,35.74864
-83.8828,42.48009
-83.88138,35.97402
-83.86852,41.58464
-83.86636,34.35058
-83.86538,39.00924
-83.86079,30.5634
-83.85934,32.58464
-83.85512,42.59422
-83.84802,39.93058
-83.84766,31.02586
-83.84765,34.24184
-83.8476,34.24163
-83.84288,36.08614
-83.84245,35.99276
-83.84225,33.36975
-83.8409,39.86455
-83.83901,42.47307
-83.82693,43.05873
-83.82675,42.27636
-83.82534,42.27085
-83.82421,43.32963
-83.82081,38.63801
-83.82077,42.34302
-83.81996,42.62715
-83.81816,38.60724
-83.8178,44.45006
-83.81743,34.10496
-83.81648,39.96455
-83.81638,39.65586
-83.81468,39.65555
-83.8142,34.99863
-83.81299,39.95709
-83.80636,38.59925
-83.80625,35.66857
-83.80458,42.53869
-83.7988,41.10428
-83.79095,33.78242
-83.79055,42.96871
-83.78885,42.23183
-83.78871,42.19504
-83.78751,31.13694
-83.78664,39.45628
-83.78639,38.64351
-83.7837,43.19554
-83.77679,42.76089
-83.77487,42.82995
-83.7746,42.49079
-83.77153,40.30334
-83.77062,39.45628
-83.77041,39.96954
-83.76892,42.73318
-83.76838,42.21421
-83.76686,42.65125
-83.76677,42.32613
-83.76659,33.90604
-83.76531,44.04464
-83.76451,42.21047
-83.75918,45.34829
-83.7581,39.89983
-83.75678,42.44494
-83.75223,43.02564
-83.75102,40.42993
-83.75092,37.17368
-83.7502,43.32468
-83.749,38.44133
-83.74765,42.26242
-83.74761,36.03655
-83.74527,42.25855
-83.74327,46.01051
-83.74326,42.39784
-83.74167,41.72567
-83.73958,39.84194
-83.73952,41.76753
-83.73931,34.50919
-83.73782,41.79227
-83.73649,34.55382
-83.73562,32.95066
-83.73412,42.84704
-83.73166,36.61613
-83.72976,33.76957
-83.72675,42.24283
-83.7245,35.88624
-83.72155,41.53232
-83.72139,41.48123
-83.72017,41.71423
-83.71961,39.35125
-83.71947,44.55303
-83.71934,37.55366
-83.71443,39.35439
-83.71287,32.86729
-83.71286,34.70974
-83.71208,42.47141
-83.71056,42.62652
-83.70899,46.02261
-83.70362,43.44141
-83.70343,36.73931
-83.70039,41.58736
-83.69971,41.89162
-83.69898,40.33753
-83.69843,43.13221
-83.6979,42.37851
-83.69561,42.26876
-83.69228,33.96988
-83.68998,42.65338
-83.68747,43.17291
-83.68274,41.70574
-83.68113,33.31915
-83.68087,41.70937
-83.67724,41.17076
-83.675,42.52021
-83.67272,41.79696
-83.66929,41.79858
-83.66824,42.99304
-83.66649,41.07702
-83.66573,32.50217
-83.66509,40.92498
-83.66505,32.50435
-83.66497,35.96098
-83.66356,43.31433
-83.66102,41.75865
-83.65979,42.28369
-83.65957,43.01459
-83.65948,41.38148
-83.65916,39.93056
-83.65912,42.83291
-83.6578,41.38403
-83.65735,42.24004
-83.65704,42.96433
-83.65505,40.14417
-83.65285,42.17677
-83.65215,41.43165
-83.65015,41.64646
-83.64962,41.0089
-83.64911,42.954
-83.63961,41.60366
-83.63509,41.07124
-83.63339,41.94891
-83.63326,39.19453
-83.63311,42.52665
-83.63117,41.59363
-83.62986,38.02563
-83.62832,42.20569
-83.62663,43.05943
-83.62659,38.70904
-83.61994,41.04299
-83.61752,41.73107
-83.61584,42.44375
-83.61074,42.22398
-83.60955,33.66114
-83.60837,42.49485
-83.60552,44.07394
-83.60517,30.95338
-83.60505,41.5913
-83.60476,32.57864
-83.60338,42.42201
-83.60198,42.92854
-83.60112,41.66684
-83.59768,42.45893
-83.59756,41.73015
-83.59744,33.93419
-83.59633,42.36232
-83.5956,41.59551
-83.59412,42.40141
-83.58994,43.03739
-83.58915,32.60641
-83.5874,41.48163
-83.58648,41.57975
-83.58554,42.68328
-83.58461,41.73253
-83.58164,31.451
-83.58078,41.05556
-83.58035,32.61001
-83.5795,40.63658
-83.57658,41.79081
-83.57524,44.13936
-83.57516,40.63991
-83.57402,32.57057
-83.57337,42.25957
-83.57025,30.75967
-83.56973,42.47618
-83.5697,42.51509
-83.56952,42.96518
-83.56655,31.5878
-83.56589,32.85954
-83.56143,43.40602
-83.55624,42.38844
-83.55233,41.52199
-83.5521,42.32397
-83.54688,34.87617
-83.54683,34.87956
-83.54345,42.46073
-83.54124,35.78404
-83.53963,42.94319
-83.53828,44.35468
-83.53546,42.19962
-83.53474,44.30913
-83.53311,42.74781
-83.53272,41.02509
-83.53064,38.79547
-83.52916,40.09958
-83.52669,42.80318
-83.52236,41.05958
-83.52091,42.55386
-83.51933,42.7769
-83.51896,43.0016
-83.51709,42.5888
-83.51378,44.75281
-83.51357,42.91394
-83.51294,32.3307
-83.50499,42.36831
-83.49745,41.91922
-83.4952,43.31202
-83.48832,34.35788
-83.48806,42.69775
-83.48621,41.69796
-83.48268,42.06149
-83.48229,41.66232
-83.48202,36.0595
-83.48004,41.69414
-83.47517,42.39336
-83.47456,33.9282
-83.47375,33.02329
-83.46931,45.09053
-83.46611,33.92488
-83.46399,35.17453
-83.46388,43.04273
-83.46067,42.73013
-83.46009,34.702
-83.45852,34.63592
-83.45368,42.58862
-83.45144,42.60189
-83.45082,42.65365
-83.44823,39.38071
-83.44733,42.43498
-83.44668,39.52789
-83.44344,31.49919
-83.44274,42.28737
-83.44243,42.58144
-83.44241,41.11307
-83.43903,30.46811
-83.43612,41.14315
-83.43238,42.572
-83.42665,41.98133
-83.41752,44.83336
-83.41647,42.30824
-83.41224,44.7846
-83.40918,42.43607
-83.40735,36.04141
-83.40705,33.97836
-83.40606,39.92401
-83.40431,47.8504
-83.40211,42.42968
-83.40149,35.22876
-83.40124,36.04428
-83.4004,36.04221
-83.3989,40.16905
-83.39835,42.94344
-83.39711,41.47956
-83.39505,42.40043
-83.38904,42.72242
-83.38834,41.5992
-83.38729,33.31317
-83.38246,40.20052
-83.38087,43.49561
-83.38074,41.13189
-83.37839,40.21819
-83.3768,41.94166
-83.37668,42.63585
-83.37599,43.48621
-83.37591,42.12033
-83.37569,42.07154
-83.37172,43.0278
-83.37136,44.51542
-83.37104,41.97616
-83.36991,42.74112
-83.36782,33.91265
-83.36629,34.85849
-83.36179,41.67922
-83.3545,42.30687
-83.35424,42.56231
-83.35418,35.18452
-83.35337,42.51828
-83.35296,40.17545
-83.34349,39.93721
-83.34263,42.59704
-83.33761,42.68455
-83.33578,35.43173
-83.33437,32.36049
-83.3328,42.29346
-83.329,40.30302
-83.32661,42.54751
-83.32573,36.2161
-83.32534,42.51829
-83.32466,42.90482
-83.31941,32.40604
-83.31912,36.19081
-83.31845,44.60094
-83.31573,43.89024
-83.31406,44.64024
-83.31285,35.1534
-83.31214,43.30209
-83.3116,42.1558
-83.30829,30.89084
-83.30618,32.91703
-83.30057,37.91667
-83.30026,42.39461
-83.29998,42.34664
-83.29527,42.45019
-83.29088,42.41045
-83.28825,42.70093
-83.28396,41.4673
-83.28346,33.09764
-83.28274,42.25887
-83.27969,42.20522
-83.27756,42.01197
-83.27571,42.4414
-83.27467,42.30299
-83.27379,42.07095
-83.27318,42.8804
-83.27283,36.33702
-83.26931,40.83088
-83.26436,40.16789
-83.26426,42.45347
-83.25743,42.5853
-83.25666,41.22122
-83.25472,31.61895
-83.25455,33.41224
-83.25382,39.2452
-83.25285,42.37541
-83.25221,39.65035
-83.25022,42.32
-83.24774,42.53423
-83.24764,43.66119
-83.24344,42.59004
-83.24342,42.80585
-83.23834,31.68775
-83.23703,42.5336
-83.23588,42.47957
-83.23339,33.39302
-83.2322,39.87926
-83.2306,43.95606
-83.22352,33.1376
-83.22273,33.45176
-83.22217,33.42313
-83.21974,43.21055
-83.21695,30.97529
-83.21525,40.83664
-83.21411,42.56347
-83.21363,30.9791
-83.21336,42.20329
-83.21031,30.98009
-83.20963,33.42503
-83.20872,42.86021
-83.20563,42.67824
-83.20543,33.41334
-83.20532,42.16878
-83.20503,42.6658
-83.20474,33.44288
-83.20429,33.47736
-83.20069,42.05748
-83.19691,43.08114
-83.19276,40.26704
-83.19202,42.62501
-83.19052,42.732
-83.19015,41.34575
-83.18793,42.82042
-83.18539,36.65472
-83.17904,42.55672
-83.17743,42.52162
-83.17693,42.73513
-83.17681,39.96963
-83.17538,40.08817
-83.17079,42.12432
-83.16995,43.61362
-83.16835,34.30339
-83.16686,43.82094
-83.16595,41.05998
-83.16578,35.08672
-83.16427,42.12228
-83.16357,42.141
-83.15958,35.10945
-83.15835,40.53906
-83.15773,42.77257
-83.15355,42.19136
-83.1532,42.68936
-83.15239,35.08728
-83.15034,39.90865
-83.14579,40.51832
-83.14329,43.10159
-83.13949,35.14417
-83.13882,35.13958
-83.13803,35.12319
-83.13647,39.76471
-83.1363,42.50906
-83.13533,35.14391
-83.13483,42.60346
-83.13159,42.7516
-83.13065,41.49993
-83.12615,35.1212
-83.12521,40.19834
-83.12435,42.42189
-83.12167,35.37773
-83.11918,42.64484
-83.11915,38.37025
-83.11685,41.13418
-83.10866,39.99387
-83.10296,42.72052
-83.10148,42.14078
-83.10135,39.99234
-83.10092,42.619
-83.09943,40.18493
-83.09721,35.10621
-83.08861,35.11872
-83.08853,42.87727
-83.08781,40.30181
-83.08321,42.25197
-83.08069,40.34101
-83.07989,42.21958
-83.07498,35.09025
-83.07487,40.00329
-83.07446,41.34248
-83.07275,35.08573
-83.072,35.08376
-83.07183,35.0922
-83.06444,40.09674
-83.06336,34.54286
-83.05881,39.17314
-83.05854,35.21992
-83.05715,35.12345
-83.05677,40.03459
-83.05351,42.79412
-83.05146,39.36946
-83.05001,35.11606
-83.04847,40.50904
-83.04831,42.82737
-83.04357,39.77424
-83.02829,35.11749
-83.02806,34.82506
-83.02665,38.20432
-83.02518,35.11342
-83.02428,40.11483
-83.02313,42.21681
-83.02189,42.67681
-83.02034,46.18775
-83.01754,42.21184
-83.01536,38.80656
-83.01419,39.387
-83.01181,42.5428
-83.00986,39.33824
-83.00615,42.25079
-83.00396,42.20864
-83.00256,39.19998
-82.99944,42.20793
-82.99878,42.1448
-82.99755,40.16247
-82.99417,42.57065
-82.99317,44.0168
-82.98255,42.57825
-82.98185,35.10769
-82.98101,39.05605
-82.98054,36.38628
-82.9804,36.97093
-82.97756,42.39736
-82.97582,35.51708
-82.97512,34.65294
-82.97479,42.34547
-82.96941,41.27762
-82.96271,42.34777
-82.96214,42.10476
-82.9615,43.11425
-82.95969,42.79318
-82.95927,42.54746
-82.95644,34.3276
-82.95502,35.13762
-82.95447,40.81597
-82.9515,42.1433
-82.94726,44.05803
-82.9472,40.2458
-82.9448,42.6903
-82.94128,42.58129
-82.94092,40.11254
-82.93776,30.4065
-82.93736,40.04941
-82.9371,35.12009
-82.93414,43.03577
-82.93276,29.4931
-82.92776,42.18594
-82.92748,42.30471
-82.92431,43.71556
-82.92119,34.32405
-82.91706,40.72969
-82.91569,38.67106
-82.91275,39.36584
-82.91104,39.59771
-82.90863,43.35441
-82.90614,39.98084
-82.90033,40.26686
-82.89919,39.67121
-82.89877,42.43909
-82.89876,41.33945
-82.89817,40.28296
-82.89662,42.41758
-82.89441,32.59792
-82.89351,43.80673
-82.89172,32.52368
-82.89132,43.80914
-82.88879,40.16688
-82.88463,42.66002
-82.88451,42.65513
-82.88256,42.64793
-82.87996,40.02528
-82.87979,40.22974
-82.87912,41.99446
-82.87798,39.84701
-82.87422,41.52562
-82.87218,42.66994
-82.8696,42.78449
-82.86836,36.07989
-82.86574,34.86207
-82.86525,36.13267
-82.86427,39.9715
-82.8641,39.80063
-82.86306,39.99288
-82.86208,34.90452
-82.86072,42.5856
-82.85945,36.09628
-82.85715,34.08484
-82.85645,31.49039
-82.85206,34.6745
-82.85205,41.26539
-82.85114,42.31633
-82.84892,41.6787
-82.84847,39.99555
-82.84813,42.68076
-82.84189,43.42772
-82.8412,40.32966
-82.84084,32.9488
-82.83857,42.28491
-82.83657,38.79157
-82.83607,38.49216
-82.83554,27.85822
-82.82918,39.83412
-82.82567,31.52576
-82.82212,27.88408
-82.81902,41.68537
-82.81817,42.9278
-82.8171,43.18941
-82.81206,40.54213
-82.80812,40.70746
-82.80548,27.92928
-82.80496,39.55742
-82.80262,27.91138
-82.80107,39.94088
-82.79516,40.77954
-82.79383,27.90568
-82.79253,27.90574
-82.79163,39.92099
-82.7909,40.21786
-82.79048,42.26961
-82.78713,40.0666
-82.77996,42.80155
-82.77993,27.97368
-82.7795,27.97176
-82.77541,34.61461
-82.77513,37.80569
-82.76956,42.68218
-82.76909,42.04086
-82.7672,27.90785
-82.7645,27.83323
-82.76406,30.06231
-82.76367,28.13344
-82.7598,27.97601
-82.75771,38.52264
-82.75759,38.52246
-82.75238,42.72742
-82.75171,27.90617
-82.74736,27.86123
-82.74504,37.68012
-82.74278,42.70207
-82.73872,38.61578
-82.73664,28.0041
-82.73367,41.36004
-82.73083,41.43735
-82.73034,41.10779
-82.72932,40.93715
-82.72898,37.60508
-82.72869,42.75817
-82.72728,28.17503
-82.72708,42.16937
-82.72443,38.40746
-82.72169,27.75087
-82.72136,28.03213
-82.7199,27.70859
-82.71838,28.08291
-82.71698,28.08023
-82.71562,42.23425
-82.71553,27.52367
-82.71382,28.03121
-82.71232,39.79196
-82.71038,38.46607
-82.70976,27.71502
-82.70694,28.02864
-82.70692,36.31261
-82.70685,42.74757
-82.70213,28.14095
-82.70136,28.10168
-82.70069,40.13469
-82.69726,30.19844
-82.69713,28.05341
-82.69695,38.49067
-82.69614,28.1442
-82.69555,38.0718
-82.69491,39.9659
-82.69477,28.06106
-82.69462,28.07701
-82.69407,28.08113
-82.69334,33.7017
-82.69332,30.19885
-82.69012,28.08257
-82.68916,28.16836
-82.68778,28.06779
-82.68696,27.74654
-82.68667,27.85996
-82.68553,28.09326
-82.68301,42.07911
-82.68228,40.23367
-82.67882,36.8854
-82.67845,30.16081
-82.67549,40.00773
-82.6738,30.16501
-82.67364,30.16422
-82.67222,30.16913
-82.67176,40.07214
-82.67006,30.17084
-82.66955,30.16487
-82.66896,30.16974
-82.66795,42.54045
-82.66276,27.7325
-82.65287,37.17658
-82.64279,41.4152
-82.63995,41.39969
-82.63427,42.29738
-82.62319,27.37765
-82.6223,27.83339
-82.62117,27.4526
-82.62053,40.11572
-82.61426,40.64094
-82.61111,39.68266
-82.61102,38.99763
-82.61095,38.99759
-82.60808,27.46672
-82.60781,27.48832
-82.6063,35.32587
-82.60553,28.03457
-82.60471,40.79417
-82.60456,37.53376
-82.60196,42.79265
-82.60073,36.35946
-82.59703,41.4121
-82.59625,28.47137
-82.59562,40.86133
-82.59513,40.73001
-82.59278,39.77121
-82.59162,28.87205
-82.58641,42.6075
-82.58473,31.88691
-82.5841,27.53706
-82.5825,34.46116
-82.58182,39.78036
-82.57954,28.55828
-82.57716,42.02023
-82.57443,46.37473
-82.57191,39.07701
-82.57173,41.36848
-82.57075,36.51405
-82.57002,28.54087
-82.56677,30.69057
-82.56452,36.50641
-82.56368,27.45918
-82.563,41.36725
-82.56257,40.14124
-82.56246,43.46937
-82.56206,36.65469
-82.56185,27.4197
-82.56182,42.98206
-82.56015,41.3734
-82.55994,27.45834
-82.55974,40.14419
-82.55922,43.2636
-82.55852,40.06459
-82.55743,28.50445
-82.55652,40.14264
-82.55649,40.14306
-82.55621,40.14381
-82.55598,43.27101
-82.55499,28.70511
-82.55477,27.97789
-82.54594,35.61693
-82.54551,27.40134
-82.54437,28.74809
-82.54171,28.74739
-82.54163,28.34187
-82.54154,28.74251
-82.53753,40.78374
-82.53558,35.53138
-82.53525,40.64833
-82.53375,28.73538
-82.53364,28.74396
-82.52859,28.73223
-82.52852,39.74616
-82.52817,28.74523
-82.52768,28.74785
-82.52605,35.69723
-82.52439,27.48379
-82.52433,28.46815
-82.51581,40.61286
-82.51527,34.62457
-82.51517,40.72379
-82.51441,28.16154
-82.51292,33.43302
-82.51235,28.16075
-82.5116,28.16627
-82.51155,28.16443
-82.51011,28.15818
-82.51002,28.7234
-82.50944,28.72758
-82.5086,42.92223
-82.50855,28.16491
-82.50762,40.72202
-82.50738,28.16168
-82.50725,27.49155
-82.50723,28.1689
-82.50689,28.72552
-82.50571,28.16534
-82.50524,28.16748
-82.50459,28.73151
-82.50024,27.30223
-82.49772,27.92883
-82.49491,42.81464
-82.49379,27.40854
-82.4906,40.77389
-82.48946,27.40518
-82.48933,28.94494
-82.48806,27.36605
-82.48608,27.34492
-82.48469,35.30383
-82.48132,43.00359
-82.47978,42.89223
-82.47927,27.58046
-82.47887,27.40116
-82.47864,28.68558
-82.4785,27.36451
-82.47825,27.35673
-82.47801,27.36064
-82.47793,27.83816
-82.47787,28.94167
-82.47769,27.20723
-82.47735,36.50474
-82.47716,27.40851
-82.47707,27.8283
-82.4764,27.19975
-82.47635,27.36423
-82.47634,27.20128
-82.4759,27.21813
-82.47561,28.26884
-82.47555,28.98794
-82.47459,27.36345
-82.47457,27.21493
-82.47455,27.40971
-82.47444,28.27726
-82.47391,28.26714
-82.47387,27.39386
-82.47213,39.69583
-82.47204,27.35615
-82.47146,35.28149
-82.47072,27.21325
-82.47072,27.36461
-82.4705,43.00669
-82.47046,43.01278
-82.4701,28.26452
-82.46991,28.26909
-82.4698,27.36149
-82.46946,27.36803
-82.46805,28.28013
-82.46724,27.40413
-82.46644,27.36572
-82.46639,27.36028
-82.46573,27.39793
-82.46509,27.40597
-82.4643,27.37095
-82.46415,27.67915
-82.46393,27.68093
-82.46336,35.09433
-82.46264,29.1009
-82.46238,28.90046
-82.46155,27.36504
-82.46147,40.4075
-82.46027,27.36789
-82.4602,27.68101
-82.45964,27.37284
-82.45928,45.87813
-82.45895,27.68177
-82.45763,35.13164
-82.45741,27.36982
-82.45646,38.33056
-82.45595,45.87494
-82.45528,39.97895
-82.45347,42.84266
-82.45327,38.30733
-82.45306,42.23695
-82.45295,27.68293
-82.45056,27.45127
-82.45007,27.15958
-82.44985,27.44419
-82.44977,27.45623
-82.44914,27.68351
-82.44863,27.44405
-82.44751,36.95814
-82.44679,27.45289
-82.44595,43.02959
-82.44515,27.68205
-82.44416,35.25545
-82.44405,42.09658
-82.44372,27.2448
-82.44214,27.16223
-82.44165,27.06877
-82.44086,27.41152
-82.44034,39.93673
-82.43956,28.93434
-82.43941,27.11142
-82.43931,27.24451
-82.43693,27.54047
-82.43424,40.76779
-82.43231,28.16588
-82.43057,28.20475
-82.4305,28.50081
-82.42999,34.73072
-82.42952,28.46828
-82.42914,28.20784
-82.42776,28.20249
-82.42764,28.02172
-82.42654,28.20937
-82.42411,36.55971
-82.42306,28.21008
-82.42304,28.20308
-82.42237,28.20835
-82.41931,27.2949
-82.41851,33.2179
-82.41743,27.41142
-82.41667,27.1211
-82.41614,27.2893
-82.41587,27.08525
-82.41495,27.09111
-82.4147,27.12086
-82.41347,27.08158
-82.41311,27.12654
-82.41277,27.34947
-82.41262,27.08323
-82.41248,42.9896
-82.41141,27.40398
-82.41132,41.07712
-82.4113,27.11629
-82.41073,27.12518
-82.41012,41.40181
-82.40986,27.09074
-82.40978,27.09297
-82.40961,27.27844
-82.40956,27.08559
-82.40894,27.12673
-82.40866,27.28079
-82.40824,27.27637
-82.40727,28.07475
-82.40669,27.1243
-82.40564,27.0797
-82.40523,27.40533
-82.40432,27.29156
-82.40404,27.10973
-82.40263,28.5013
-82.40186,27.09148
-82.40126,27.08856
-82.40123,27.08263
-82.4003,33.02229
-82.39937,42.99416
-82.39698,27.08956
-82.39664,27.08434
-82.39644,28.50126
-82.39545,27.08738
-82.39532,27.06906
-82.39444,40.85677
-82.39357,42.99409
-82.38876,27.2862
-82.38701,35.34807
-82.38685,27.46327
-82.38477,27.40567
-82.38396,39.51559
-82.38388,28.08982
-82.38241,27.41757
-82.38185,32.22691
-82.38143,27.39386
-82.38103,27.05207
-82.37772,29.59399
-82.37741,29.59318
-82.37636,27.40648
-82.37456,34.81658
-82.37408,27.08453
-82.37372,27.40846
-82.3725,27.09083
-82.37151,29.58911
-82.37065,27.09195
-82.36965,36.29467
-82.36928,29.5934
-82.36902,29.58506
-82.36901,29.59159
-82.36875,27.09001
-82.36823,29.64755
-82.36785,29.59072
-82.36622,27.08657
-82.36602,27.08096
-82.36544,27.7083
-82.36469,40.63426
-82.36417,27.0812
-82.36359,27.08414
-82.36312,27.03486
-82.36311,27.43514
-82.36148,27.08184
-82.3608,27.08329
-82.35983,40.44603
-82.35978,28.25342
-82.35766,28.25138
-82.35753,28.12225
-82.35727,28.87924
-82.35725,27.70024
-82.35245,27.71924
-82.35211,41.39627
-82.34896,27.72365
-82.34839,27.7181
-82.34783,36.29953
-82.34652,28.56795
-82.34644,27.7223
-82.34522,27.7178
-82.34492,27.73196
-82.34274,27.40385
-82.3414,36.34338
-82.34102,33.75552
-82.33989,40.87623
-82.339,27.73327
-82.33821,27.73293
-82.3381,27.73733
-82.33486,35.62757
-82.33461,28.31472
-82.33457,28.30575
-82.3341,28.31755
-82.33358,28.30777
-82.33332,27.93037
-82.3331,34.89054
-82.33301,38.41635
-82.33251,28.31076
-82.33209,28.31974
-82.33045,28.30615
-82.33023,28.30299
-82.33007,36.22881
-82.32958,28.3041
-82.32868,28.30901
-82.32759,28.31434
-82.32703,28.32092
-82.32677,28.30736
-82.32669,27.01207
-82.32353,36.52683
-82.32257,27.79567
-82.31819,27.3141
-82.31728,42.97732
-82.31281,26.92555
-82.31264,26.92328
-82.31202,26.99785
-82.31077,26.92236
-82.31052,26.88843
-82.31048,26.87945
-82.30946,26.87746
-82.30932,26.88394
-82.30844,29.02314
-82.30652,29.03014
-82.30597,27.79878
-82.30584,29.03033
-82.30543,38.47058
-82.30523,26.92536
-82.30347,41.0545
-82.30165,36.51742
-82.30047,40.85354
-82.30014,28.14865
-82.29758,29.695
-82.29411,26.90105
-82.29284,26.85974
-82.29265,26.85967
-82.29222,26.88399
-82.2916,26.88673
-82.29151,26.86433
-82.29144,42.96479
-82.29037,42.98847
-82.29034,26.88173
-82.29015,26.85868
-82.2891,26.88905
-82.28762,26.90058
-82.28758,26.88475
-82.28734,26.8559
-82.2848,26.8556
-82.28423,26.90007
-82.28132,26.89594
-82.28126,26.90632
-82.28124,26.88903
-82.28108,26.88762
-82.28004,38.4
-82.27351,41.18114
-82.27316,42.48084
-82.273,35.33875
-82.27217,29.09744
-82.27005,29.09743
-82.26892,26.87789
-82.26654,37.29158
-82.2664,36.32121
-82.2661,29.09761
-82.26595,29.10239
-82.26507,29.10091
-82.26478,29.0976
-82.26473,26.91204
-82.2635,26.90793
-82.26344,43.02017
-82.26318,29.10437
-82.26267,26.8965
-82.26244,26.88035
-82.26109,29.10245
-82.26047,29.10117
-82.26019,34.85693
-82.25924,26.8957
-82.25761,29.10476
-82.2568,34.7383
-82.25665,29.09365
-82.25552,35.21664
-82.25527,28.34986
-82.25502,26.89781
-82.25497,29.10258
-82.25443,29.09357
-82.25388,29.10031
-82.25344,29.09661
-82.25262,26.89571
-82.25213,39.76724
-82.25212,26.88306
-82.25136,28.34253
-82.24819,27.90694
-82.24724,27.9097
-82.24653,28.33838
-82.24551,40.99812
-82.24361,26.92912
-82.24323,28.33823
-82.24203,28.23626
-82.24171,28.24133
-82.24089,26.92812
-82.2405,28.23294
-82.239,28.23421
-82.23876,27.96206
-82.23844,27.90122
-82.23805,41.43037
-82.23779,41.28336
-82.23442,34.38841
-82.23272,28.53661
-82.23193,28.53326
-82.23184,28.53485
-82.23148,40.08805
-82.22785,28.21661
-82.2278,31.28408
-82.22694,28.53429
-82.22663,36.5418
-82.22542,27.04871
-82.22499,28.53079
-82.22432,31.13424
-82.22404,28.53457
-82.22259,26.97495
-82.22178,26.98002
-82.221,28.53162
-82.22078,31.27548
-82.2204,26.98334
-82.21923,41.35112
-82.21853,26.9756
-82.21728,27.07094
-82.21648,26.98107
-82.21585,33.51981
-82.21447,27.06751
-82.21441,27.06898
-82.21178,27.07501
-82.21175,27.07222
-82.21167,29.22797
-82.21056,36.9492
-82.2083,29.22551
-82.20759,29.22365
-82.2055,27.88817
-82.20533,29.22923
-82.2032,28.24668
-82.20187,28.25809
-82.19923,26.55126
-82.19801,34.28447
-82.18788,34.73549
-82.18689,37.63076
-82.17707,45.74467
-82.17582,38.82946
-82.17467,39.96534
-82.17286,28.51702
-82.17271,28.29464
-82.17235,26.48495
-82.17207,26.48898
-82.17198,42.37864
-82.17168,28.51958
-82.17147,26.49325
-82.17142,28.52074
-82.1711,35.01782
-82.17088,43.04239
-82.17078,26.48379
-82.16865,26.48691
-82.16767,29.40749
-82.16698,35.4565
-82.16511,26.47704
-82.16242,28.22316
-82.16201,26.47801
-82.15753,39.31199
-82.15551,42.37363
-82.15469,42.37519
-82.15434,27.04937
-82.15256,27.04747
-82.15069,33.50654
-82.15059,40.67333
-82.1499,27.05114
-82.14877,27.04699
-82.14337,42.87381
-82.14209,29.26691
-82.1411,35.20675
-82.14094,43.04759
-82.14079,33.38294
-82.13898,42.86879
-82.13859,42.87265
-82.13612,42.7932
-82.13583,32.08919
-82.13265,40.77332
-82.12967,41.32045
-82.12877,35.0597
-82.12627,43.02574
-82.12593,41.33102
-82.12074,36.58883
-82.1187,39.33575
-82.11684,29.27885
-82.1064,42.48109
-82.09679,41.39562
-82.09665,39.3203
-82.0964,41.3918
-82.09419,39.31932
-82.09369,41.29588
-82.0928,29.19001
-82.09246,34.28989
-82.07815,41.24189
-82.07515,42.26292
-82.07403,33.19592
-82.07053,36.63963
-82.07044,35.89074
-82.06857,29.94704
-82.06754,29.94295
-82.06676,29.94527
-82.06577,29.94107
-82.06512,33.54839
-82.06507,29.94451
-82.06443,41.30832
-82.06155,46.21694
-82.06116,46.21727
-82.05978,29.78768
-82.05831,29.09161
-82.05566,29.7846
-82.05555,29.78554
-82.05477,33.47476
-82.05442,29.78519
-82.05417,29.78602
-82.05374,29.78496
-82.05355,26.43384
-82.05231,26.45425
-82.05126,26.99789
-82.05124,29.78207
-82.05068,34.33833
-82.05058,26.45792
-82.04952,29.78298
-82.0492,34.15854
-82.04468,28.79301
-82.04414,33.46353
-82.04189,38.90408
-82.04176,28.79699
-82.04161,41.3335
-82.03727,33.41512
-82.03718,37.97469
-82.03589,29.16154
-82.03438,40.03405
-82.03347,28.97247
-82.03343,39.90261
-82.03152,26.68465
-82.02982,39.97431
-82.02844,33.06475
-82.02543,28.97233
-82.02306,28.80851
-82.02285,33.50095
-82.02148,28.82309
-82.02087,28.81521
-82.02084,30.83941
-82.02046,28.81187
-82.02003,28.80608
-82.01821,33.4891
-82.01814,28.91407
-82.0177,41.46079
-82.01571,27.00742
-82.01568,33.52572
-82.0155,28.85363
-82.01531,33.52549
-82.01467,35.09996
-82.01442,28.9204
-82.01439,28.88403
-82.01225,41.42801
-82.01124,28.85985
-82.01119,28.88886
-82.01107,28.78599
-82.01084,34.77839
-82.01076,28.79303
-82.00883,28.78966
-82.00759,28.88784
-82.00747,28.79576
-82.0073,28.04826
-82.00664,43.08678
-82.00568,39.02344
-82.00544,29.02986
-82.00531,41.4655
-82.00484,41.49049
-82.00471,29.01959
-82.0046,28.12155
-82.00438,41.4658
-82.00432,29.02871
-82.00412,28.93043
-82.00408,34.91792
-82.00366,28.18471
-82.00254,40.00357
-82.00246,40.0062
-82.00199,29.03496
-82.00175,28.92995
-82.00136,41.48948
-81.99994,29.03543
-81.999,26.61586
-81.99779,28.86875
-81.99714,28.87576
-81.99668,29.02162
-81.99526,43.16745
-81.99508,39.04352
-81.99475,28.86808
-81.99422,29.03153
-81.99099,28.90081
-81.99094,41.42543
-81.99006,28.81681
-81.98769,41.31854
-81.98495,28.89906
-81.98477,28.94986
-81.9842,41.34743
-81.98359,28.96183
-81.98291,35.23243
-81.97687,28.86744
-81.97549,35.3031
-81.97499,41.42593
-81.97463,28.78601
-81.97375,28.74887
-81.97361,28.74822
-81.97304,41.46217
-81.9725,28.9249
-81.97189,28.74792
-81.97169,34.20692
-81.96949,34.21012
-81.96843,26.63445
-81.96745,38.45221
-81.96346,42.32725
-81.96254,38.5454
-81.96132,33.4836
-81.95937,28.83729
-81.95777,40.81562
-81.95745,27.92468
-81.95562,41.44921
-81.95212,41.43025
-81.95,28.94858
-81.94991,28.93571
-81.94962,28.94978
-81.94827,40.81112
-81.94765,28.933
-81.94665,28.82462
-81.9466,28.95077
-81.94617,28.92957
-81.94572,28.82272
-81.94477,28.95457
-81.94412,33.27589
-81.94367,28.92958
-81.94326,28.95676
-81.94205,28.92574
-81.94112,35.88705
-81.94026,36.12501
-81.93816,27.68008
-81.93662,28.95172
-81.93656,28.94501
-81.93244,28.95059
-81.93141,28.94723
-81.93115,28.9476
-81.92943,27.66765
-81.92936,28.94975
-81.92893,28.94919
-81.92869,26.7701
-81.92701,40.81204
-81.92418,41.02743
-81.92287,28.93053
-81.92238,40.81043
-81.92002,28.93334
-81.91936,26.63292
-81.91901,39.97977
-81.91797,41.29415
-81.91407,26.77008
-81.91272,27.98684
-81.91145,26.65078
-81.91093,26.69381
-81.90963,41.39996
-81.90717,40.54518
-81.90654,26.53499
-81.90347,41.02247
-81.90121,40.55173
-81.90041,40.49486
-81.90006,26.72317
-81.89868,28.03189
-81.89744,30.23764
-81.89703,26.72076
-81.8969,32.11568
-81.89549,36.15641
-81.89547,41.23384
-81.8936,26.72173
-81.89337,26.52604
-81.89324,26.72086
-81.89273,28.72939
-81.89218,28.73431
-81.89068,41.0915
-81.88995,28.72875
-81.88861,26.57602
-81.88671,28.72033
-81.88528,28.73007
-81.88525,31.56235
-81.88524,42.41786
-81.88515,28.72372
-81.88438,41.31634
-81.88362,28.73921
-81.88319,28.71814
-81.88252,28.72529
-81.88229,26.52303
-81.88224,28.71923
-81.88182,28.74119
-81.88169,28.72322
-81.88097,28.73924
-81.88059,28.72697
-81.88031,28.73712
-81.88025,28.72006
-81.87996,28.7169
-81.87929,28.70721
-81.87865,26.61239
-81.87793,35.33617
-81.87749,28.70152
-81.87712,28.71821
-81.87541,28.7398
-81.87525,28.7166
-81.87375,28.65625
-81.87354,28.65855
-81.87313,28.73971
-81.87231,28.7387
-81.87177,36.05985
-81.87121,26.50569
-81.87113,28.70364
-81.86863,34.94303
-81.86861,41.46764
-81.86839,28.70338
-81.8672,28.92401
-81.86717,28.7062
-81.86625,28.92642
-81.8662,28.92669
-81.86586,41.23425
-81.86568,28.7002
-81.86503,28.71789
-81.86487,32.71663
-81.86482,28.7012
-81.86472,40.29671
-81.86347,28.92081
-81.86328,28.91882
-81.86172,34.91146
-81.86119,28.92334
-81.85983,28.91859
-81.85974,28.92366
-81.859,28.92172
-81.85869,28.92097
-81.85754,28.92007
-81.85682,28.92073
-81.8561,28.92551
-81.85479,28.92085
-81.85431,36.1321
-81.85326,28.9245
-81.85325,28.9247
-81.85251,28.92733
-81.85211,26.68761
-81.85206,35.16089
-81.85202,26.68538
-81.85159,30.16165
-81.84523,27.24196
-81.84214,38.35081
-81.841,41.44015
-81.83913,41.09853
-81.83779,26.58129
-81.8371,26.57779
-81.83619,26.42232
-81.83607,26.42155
-81.83558,26.41559
-81.83527,26.42006
-81.83505,41.44548
-81.83353,26.58108
-81.83326,36.76958
-81.8328,27.60505
-81.8326,26.41394
-81.83223,26.41789
-81.83148,26.57763
-81.83141,28.5424
-81.83138,27.60591
-81.83077,26.42609
-81.83066,26.58671
-81.83043,26.42826
-81.82973,26.58435
-81.82959,28.54082
-81.82903,26.41481
-81.82838,26.59034
-81.82812,26.58292
-81.82799,41.44676
-81.82735,28.53703
-81.82674,28.53072
-81.82655,28.53159
-81.82557,26.58821
-81.8251,28.52754
-81.82504,26.48022
-81.82485,26.59625
-81.82478,28.53932
-81.82401,38.01061
-81.82358,41.18911
-81.82297,28.53079
-81.82285,26.59631
-81.82234,26.42461
-81.82221,41.16642
-81.822,28.5368
-81.82154,27.49572
-81.82066,26.59695
-81.8196,27.89678
-81.81926,26.42854
-81.8192,26.4238
-81.81797,40.81763
-81.81764,26.61777
-81.8158,26.4123
-81.81335,26.62628
-81.81302,41.07158
-81.81086,40.99208
-81.8099,26.27716
-81.80968,26.30615
-81.80967,26.38716
-81.80931,26.60539
-81.80866,26.6053
-81.80833,29.98099
-81.80795,26.23673
-81.80717,29.98088
-81.80712,26.2222
-81.80591,38.45945
-81.80556,26.60813
-81.80514,34.91756
-81.80432,26.17836
-81.80417,26.61028
-81.80287,26.15871
-81.80246,33.92671
-81.80152,26.32133
-81.80029,26.55645
-81.7995,26.55906
-81.79947,26.32239
-81.79556,28.73354
-81.79545,28.73364
-81.79543,26.32856
-81.79477,26.18622
-81.79459,26.40543
-81.79234,26.32283
-81.79208,28.63532
-81.7913,26.40576
-81.79112,26.32886
-81.79081,26.3212
-81.79026,26.32128
-81.79018,26.40514
-81.78954,26.40397
-81.78774,28.73808
-81.78756,26.19046
-81.78743,26.18077
-81.78722,26.40693
-81.78404,28.58494
-81.784,26.40797
-81.78144,33.57217
-81.778,28.72349
-81.77782,28.71952
-81.77781,26.26688
-81.7773,28.58912
-81.77708,41.26286
-81.77706,30.75747
-81.7761,26.10311
-81.77579,26.29431
-81.77529,26.1705
-81.77487,26.10002
-81.77439,26.59698
-81.77341,30.75352
-81.77115,26.31967
-81.77096,28.93345
-81.77058,26.30311
-81.76808,40.7928
-81.76745,30.75603
-81.76707,26.43056
-81.76635,26.31771
-81.76221,36.87405
-81.75952,26.17113
-81.75766,26.5791
-81.75573,28.76949
-81.75535,26.17486
-81.75436,40.03009
-81.75287,26.32212
-81.74983,28.8788
-81.7496,40.25515
-81.74926,26.28453
-81.74789,26.29719
-81.7471,30.28798
-81.74627,26.29739
-81.74496,25.95825
-81.74481,26.6951
-81.74446,26.28371
-81.74246,24.57497
-81.74145,36.17391
-81.74083,26.28882
-81.7399,26.69867
-81.73987,26.28102
-81.73968,26.29408
-81.73894,26.28944
-81.73872,28.50672
-81.73766,28.50897
-81.7376,26.70303
-81.7348,41.27039
-81.73439,26.69655
-81.73202,26.28467
-81.7318,26.28099
-81.73123,26.7052
-81.72978,26.2949
-81.72942,28.50645
-81.72896,41.10618
-81.728,26.22894
-81.72612,41.3876
-81.72535,28.50569
-81.72493,26.32927
-81.7238,28.50529
-81.72227,26.11485
-81.7222,28.51076
-81.72213,26.14686
-81.71895,26.11137
-81.71851,28.51808
-81.7185,28.1059
-81.71746,28.51328
-81.71643,28.51618
-81.71632,28.52145
-81.71625,41.26373
-81.715,28.50636
-81.7149,28.50336
-81.71483,28.50816
-81.71378,28.50272
-81.71325,28.64536
-81.71264,26.26873
-81.71159,25.94697
-81.71045,28.50429
-81.7102,28.52073
-81.70893,26.26369
-81.70817,28.55733
-81.70715,28.51684
-81.70623,28.55676
-81.70618,41.06033
-81.7058,28.55604
-81.70571,26.05709
-81.70504,38.90767
-81.70402,26.12778
-81.70367,28.06121
-81.70261,41.26809
-81.7016,41.29006
-81.70085,40.27974
-81.70058,34.68853
-81.70056,35.12656
-81.69829,26.03116
-81.69819,28.0887
-81.69573,28.09087
-81.6923,26.13183
-81.69137,26.17712
-81.68654,26.94812
-81.68337,26.69704
-81.68191,41.23702
-81.67555,38.51389
-81.675,37.64908
-81.67195,26.44285
-81.67139,41.29853
-81.67074,27.94588
-81.66664,36.21117
-81.6641,26.26116
-81.66326,26.32444
-81.66297,28.78556
-81.66262,41.45638
-81.6605,26.32088
-81.66004,26.31809
-81.65895,28.09772
-81.6587,26.32009
-81.65869,27.94114
-81.65818,28.78436
-81.65532,28.95349
-81.65447,28.26831
-81.65374,27.9545
-81.65282,28.26721
-81.6525,40.94586
-81.65215,34.30632
-81.65214,28.78517
-81.65114,26.58688
-81.65074,28.01719
-81.65058,28.01674
-81.65011,39.315
-81.64998,29.63101
-81.6474,26.25088
-81.64635,39.16357
-81.64539,29.63037
-81.64523,29.62744
-81.64518,41.4041
-81.64508,36.19639
-81.64501,27.97161
-81.6404,38.37389
-81.63957,28.28028
-81.63925,28.21749
-81.63549,28.28311
-81.63288,41.05946
-81.63277,26.02436
-81.63077,28.7877
-81.6307,37.10513
-81.63038,35.03216
-81.62889,34.68565
-81.62829,28.78889
-81.62813,26.01106
-81.62801,28.82236
-81.62649,40.96119
-81.62479,28.44171
-81.62268,28.1867
-81.62163,31.8802
-81.62142,40.53067
-81.62058,28.82817
-81.62047,28.82752
-81.61942,41.3057
-81.6191,30.81466
-81.61908,28.82846
-81.61875,28.82416
-81.61815,30.23922
-81.61804,28.82473
-81.61674,28.8235
-81.61671,28.82824
-81.61371,28.8261
-81.6137,28.82784
-81.61061,28.82471
-81.60886,30.1118
-81.60419,34.50851
-81.6037,39.55049
-81.60352,28.28176
-81.59998,39.54991
-81.5945,28.27487
-81.59415,40.78889
-81.59336,28.26506
-81.59245,41.12563
-81.58798,28.39632
-81.58641,41.07819
-81.58274,38.39552
-81.58144,38.39198
-81.57796,41.09572
-81.57685,26.29057
-81.574,28.72127
-81.57351,28.72213
-81.57336,41.05315
-81.57332,26.2799
-81.56974,39.24143
-81.56952,28.85125
-81.56685,27.73015
-81.5621,39.97763
-81.55903,27.86804
-81.55517,39.32385
-81.55271,30.61317
-81.55267,41.10854
-81.54892,30.61255
-81.54882,39.33917
-81.54873,41.47121
-81.54835,30.04568
-81.54809,28.21012
-81.54722,30.0466
-81.54458,33.93778
-81.54338,33.86085
-81.54105,41.37871
-81.53971,36.82799
-81.53926,30.60064
-81.53783,41.37857
-81.53649,28.35276
-81.53631,28.60679
-81.53506,28.60045
-81.53384,35.81019
-81.5314,28.0154
-81.53111,40.97816
-81.53105,30.59954
-81.53082,27.44843
-81.53045,27.44969
-81.52961,28.48449
-81.52956,28.01287
-81.52885,27.44572
-81.52877,27.54678
-81.52871,27.53714
-81.52701,30.60046
-81.52683,39.17156
-81.52639,28.01383
-81.5261,28.0161
-81.52591,27.52193
-81.52519,27.54701
-81.52501,41.45788
-81.52449,27.44579
-81.52412,28.0157
-81.52357,27.44926
-81.52307,35.9102
-81.52269,41.47031
-81.52183,27.5414
-81.52146,27.52451
-81.52088,27.53023
-81.52047,30.26348
-81.52031,31.28083
-81.52024,27.53316
-81.51992,27.53376
-81.51959,27.44775
-81.51951,40.11244
-81.51927,27.45017
-81.51883,29.96222
-81.51835,27.53529
-81.51719,30.8898
-81.51674,27.45017
-81.51645,27.45492
-81.51639,27.45343
-81.51597,39.28183
-81.51567,40.89111
-81.51566,41.60664
-81.51515,27.45071
-81.51419,27.64138
-81.514,27.54418
-81.51305,28.33059
-81.51254,27.64015
-81.51191,27.47783
-81.50913,30.05379
-81.50781,41.0078
-81.50772,41.46151
-81.50736,27.47378
-81.50669,41.51095
-81.50664,28.34268
-81.5062,27.47689
-81.50568,27.64115
-81.50531,41.01703
-81.50459,30.25525
-81.50435,27.48117
-81.50429,30.04645
-81.50408,27.4766
-81.50374,30.25641
-81.50319,27.63475
-81.50294,30.25406
-81.50278,27.63824
-81.50266,35.29275
-81.50258,30.25672
-81.502,33.73247
-81.50197,27.47989
-81.50158,27.47555
-81.49971,35.33666
-81.49922,27.47507
-81.49488,40.84906
-81.48761,27.554
-81.48368,27.51725
-81.48235,41.31368
-81.48132,40.98643
-81.48126,37.33358
-81.47584,27.56977
-81.47469,41.57333
-81.47315,27.45755
-81.47255,27.46844
-81.47108,27.45584
-81.47057,29.98741
-81.4699,27.45927
-81.46986,27.46945
-81.46877,41.45846
-81.46868,27.46598
-81.46824,40.84402
-81.46796,27.45691
-81.46771,30.6015
-81.46697,27.45925
-81.46674,41.16908
-81.46671,31.22206
-81.46665,27.45698
-81.4664,27.45593
-81.4655,30.5993
-81.46535,41.2503
-81.46353,28.43605
-81.46333,28.4369
-81.46138,30.6041
-81.4612,30.60021
-81.45949,28.70601
-81.45802,41.12683
-81.458,34.23319
-81.45628,30.60376
-81.45609,30.60353
-81.45514,41.22596
-81.45492,40.82291
-81.45474,41.48594
-81.45374,30.60347
-81.4522,30.6169
-81.45195,30.59581
-81.45137,30.55496
-81.45095,30.6078
-81.44951,30.6146
-81.44921,40.51571
-81.44891,30.60632
-81.44857,40.63778
-81.44831,41.43142
-81.44814,30.60041
-81.44773,30.55971
-81.44766,30.60063
-81.44759,30.53091
-81.44745,30.52937
-81.44734,30.60602
-81.44693,30.60928
-81.44652,30.6083
-81.44632,30.59413
-81.4461,30.61371
-81.44592,30.61018
-81.4459,30.59867
-81.44586,30.54946
-81.44518,30.56658
-81.44491,30.53933
-81.44482,30.53714
-81.44451,41.48302
-81.44372,40.96932
-81.44288,30.5535
-81.44257,40.94867
-81.44247,30.53795
-81.44246,30.55114
-81.442,30.54732
-81.44115,40.96133
-81.43989,37.6325
-81.43407,41.01646
-81.43266,41.5959
-81.43206,41.01709
-81.43145,27.54204
-81.43126,41.27489
-81.4309,28.40083
-81.42982,27.54151
-81.42808,39.32398
-81.42555,27.54029
-81.42485,26.31997
-81.42482,40.60078
-81.4246,40.81223
-81.42365,26.31235
-81.42268,39.40381
-81.41921,38.8389
-81.41758,33.39085
-81.41592,39.41049
-81.41582,36.41127
-81.41447,31.06816
-81.41218,40.5196
-81.41003,31.14614
-81.40954,30.38647
-81.40821,40.8645
-81.4079,28.7088
-81.40687,41.18485
-81.40526,31.14555
-81.40415,27.2632
-81.40359,27.25539
-81.40285,28.70745
-81.40229,27.25842
-81.40216,30.28265
-81.40198,27.26327
-81.40019,27.25804
-81.39969,27.26115
-81.3991,40.82124
-81.39905,27.25488
-81.39633,41.36673
-81.39193,26.76711
-81.38944,41.67654
-81.38745,40.72131
-81.38153,26.76795
-81.37727,28.68968
-81.37598,41.62962
-81.37568,39.07239
-81.37389,28.68846
-81.37262,41.19025
-81.37128,31.70955
-81.37095,40.42594
-81.3673,41.09271
-81.36485,31.26266
-81.36379,35.24723
-81.36264,31.259
-81.36156,41.01667
-81.36138,28.75169
-81.36069,40.84176
-81.35625,35.39408
-81.35511,31.28461
-81.3537,40.39459
-81.35339,40.39866
-81.353,31.28292
-81.35291,31.28412
-81.3527,40.39647
-81.35254,31.28222
-81.35024,31.28267
-81.34916,31.28648
-81.34851,41.41935
-81.34666,31.29181
-81.34625,31.28536
-81.34431,35.76068
-81.34127,41.189
-81.33962,40.82374
-81.33891,40.88288
-81.33564,28.66801
-81.33552,27.79693
-81.33513,28.66532
-81.335,28.77605
-81.33444,41.04529
-81.33155,28.66711
-81.33134,28.66522
-81.33128,41.04872
-81.33012,28.6663
-81.32916,27.45413
-81.32895,31.56118
-81.32723,40.95838
-81.32706,27.45379
-81.32616,28.66684
-81.3259,28.66126
-81.32492,27.45609
-81.32491,40.97479
-81.32462,27.45449
-81.32456,41.04633
-81.32179,27.43464
-81.32137,28.66063
-81.32111,27.45174
-81.32057,27.44607
-81.3198,28.70132
-81.31963,28.66499
-81.31936,41.71713
-81.31909,27.43698
-81.318,28.7811
-81.31766,27.44871
-81.31674,41.2531
-81.31455,27.44329
-81.31382,27.44137
-81.3138,28.71067
-81.31176,28.70815
-81.31101,34.13953
-81.30989,27.44534
-81.30941,27.4467
-81.30763,39.90989
-81.30603,40.95046
-81.30553,28.65587
-81.30546,41.14917
-81.30287,35.65587
-81.30101,28.66003
-81.29562,40.7678
-81.29089,32.08298
-81.29025,33.94559
-81.28941,41.52655
-81.28863,31.9113
-81.27987,40.94587
-81.27597,37.22966
-81.27446,41.51113
-81.26779,28.9432
-81.26467,28.93912
-81.26441,28.94035
-81.2625,35.01887
-81.25979,41.59154
-81.25604,29.48725
-81.24884,40.77365
-81.2451,41.56472
-81.24314,29.53839
-81.24061,29.61687
-81.24056,37.79123
-81.23614,37.24584
-81.23553,29.48666
-81.23239,26.785
-81.23225,26.77775
-81.2321,26.78009
-81.2315,26.78318
-81.22912,29.61382
-81.22286,37.16515
-81.22005,41.17372
-81.21933,41.45184
-81.21827,41.70397
-81.21478,41.58762
-81.21457,41.58757
-81.21358,35.55683
-81.2088,35.91162
-81.20713,41.53628
-81.20649,41.56929
-81.20079,27.76656
-81.1991,29.56835
-81.1972,40.6747
-81.188,41.48157
-81.18744,29.59984
-81.18504,41.4968
-81.17862,29.57397
-81.17798,35.23799
-81.17767,40.93495
-81.17401,39.42734
-81.17273,36.53656
-81.17186,28.84004
-81.16938,38.14034
-81.16522,37.76716
-81.16316,29.39724
-81.16072,29.39438
-81.16,29.37619
-81.15579,29.38635
-81.15499,29.38923
-81.15325,28.19366
-81.15174,29.38917
-81.15151,29.3699
-81.14933,29.3643
-81.14788,31.9685
-81.14781,41.38746
-81.14737,41.38877
-81.1458,35.20897
-81.14568,29.3943
-81.14403,28.19648
-81.14264,37.32863
-81.14115,28.84763
-81.14106,29.38319
-81.13954,29.39712
-81.13911,34.71544
-81.13882,40.76723
-81.13882,40.7675
-81.13729,29.38525
-81.13538,28.1956
-81.13268,32.00395
-81.13192,32.09583
-81.13061,33.83827
-81.12624,40.83853
-81.10771,36.93909
-81.10499,41.50352
-81.10238,32.88751
-81.10182,41.49884
-81.09911,33.90112
-81.09795,36.35878
-81.09499,40.89122
-81.09286,41.29809
-81.08903,34.14913
-81.08784,37.76588
-81.08777,32.01061
-81.08504,40.72086
-81.08468,35.23032
-81.08329,24.70792
-81.0808,32.09097
-81.08008,36.35003
-81.08005,37.72877
-81.07678,39.8641
-81.07605,34.04544
-81.07575,40.58701
-81.07498,41.539
-81.073,40.89272
-81.07197,33.9191
-81.06808,41.81855
-81.06625,39.21295
-81.06542,35.3188
-81.06448,32.06733
-81.05855,29.2568
-81.05341,29.14566
-81.05028,31.98324
-81.04217,31.95484
-81.0379,41.73125
-81.03697,34.11346
-81.02677,32.00879
-81.02651,41.83516
-81.02582,41.68732
-81.02469,33.96255
-81.02298,41.76661
-81.02041,24.72316
-81.01699,29.18623
-81.00994,34.94099
-81.00982,39.55356
-81.00531,32.59724
-81.00524,40.99032
-80.99882,37.52895
-80.99411,34.22541
-80.99155,32.00213
-80.98754,40.25179
-80.98211,29.16933
-80.97818,37.54641
-80.97816,36.30751
-80.97263,41.13003
-80.9711,34.10339
-80.97019,41.08489
-80.96465,35.30379
-80.96143,34.03047
-80.95388,26.7432
-80.95201,32.28946
-80.94556,41.85499
-80.94485,35.15367
-80.94287,35.76308
-80.9424,29.03368
-80.94095,36.28551
-80.93991,29.10082
-80.93959,40.068
-80.9387,32.1522
-80.93786,41.22626
-80.93457,34.99771
-80.93137,34.18407
-80.9279,39.91197
-80.92239,33.99518
-80.92228,41.72563
-80.92114,40.79361
-80.92044,32.28106
-80.91955,41.15355
-80.91237,34.10883
-80.91208,35.17216
-80.91154,32.18544
-80.91067,32.33307
-80.90273,33.51158
-80.90204,36.68103
-80.90087,40.95647
-80.89891,35.21743
-80.89752,32.2966
-80.89458,35.56835
-80.886,35.30675
-80.88537,39.62476
-80.88529,35.08887
-80.88375,35.0902
-80.87933,35.20931
-80.87214,32.09013
-80.87171,28.69479
-80.8702,36.21776
-80.86527,41.41089
-80.86009,36.71109
-80.85934,41.80504
-80.85583,32.35377
-80.85509,32.28743
-80.85322,40.38467
-80.85203,32.32767
-80.84987,40.30337
-80.84842,33.95667
-80.84776,33.52453
-80.84682,32.26711
-80.84594,32.13277
-80.84284,40.87191
-80.84255,27.36331
-80.84234,35.11406
-80.84122,40.45061
-80.8402,41.08364
-80.83987,35.50413
-80.83973,41.28786
-80.83931,28.65615
-80.83806,27.36511
-80.83648,28.65663
-80.83184,27.36351
-80.83134,32.23474
-80.82938,35.17517
-80.82936,38.3187
-80.82878,35.77331
-80.82782,38.95461
-80.82643,41.29612
-80.82456,35.77469
-80.82382,27.20527
-80.82352,40.99839
-80.82313,39.86939
-80.81982,32.32599
-80.81841,35.09952
-80.81819,32.2281
-80.81739,35.7912
-80.81691,32.23149
-80.81552,36.9961
-80.81447,32.23362
-80.81438,32.25141
-80.80603,37.64574
-80.80205,35.32899
-80.79902,32.29035
-80.79824,39.89768
-80.79392,35.09695
-80.78924,35.228
-80.78587,37.96574
-80.78498,34.68363
-80.78306,32.29956
-80.7742,41.24217
-80.77393,28.39513
-80.76923,35.2881
-80.76794,35.34911
-80.7655,32.69366
-80.75911,41.0787
-80.75627,41.71071
-80.74869,28.33456
-80.74842,40.17891
-80.74779,40.38562
-80.74352,35.31708
-80.74269,32.17036
-80.73944,37.08317
-80.73581,40.15829
-80.73528,39.94153
-80.72746,41.29829
-80.72384,41.02085
-80.7225,37.31955
-80.71916,41.24236
-80.71761,41.03625
-80.71585,41.23291
-80.71524,41.35189
-80.7119,26.70274
-80.7108,40.89165
-80.69979,41.03078
-80.69838,26.70611
-80.69762,41.03916
-80.6954,41.22683
-80.69278,35.22136
-80.69275,41.92228
-80.69255,41.08713
-80.69094,35.36631
-80.68688,40.18222
-80.68384,32.30959
-80.68361,35.16298
-80.68199,41.15806
-80.6796,40.35929
-80.67563,40.09478
-80.67081,40.05883
-80.66573,40.05775
-80.66349,28.14972
-80.65691,40.10331
-80.65488,41.22371
-80.65441,40.10919
-80.64985,35.07093
-80.64907,40.11611
-80.64757,41.13468
-80.64485,40.98047
-80.64409,40.10686
-80.63957,37.30543
-80.63306,35.39568
-80.63274,41.14649
-80.63155,41.2188
-80.62967,28.07508
-80.62761,40.97079
-80.62593,40.71628
-80.62414,40.47588
-80.61965,36.5385
-80.6158,34.26719
-80.60954,28.21973
-80.59843,40.41009
-80.59361,34.53059
-80.59033,41.16099
-80.58611,37.15977
-80.58367,35.12777
-80.58328,40.48479
-80.58197,32.43207
-80.57159,35.02353
-80.57073,40.551
-80.56715,41.13199
-80.56669,41.59418
-80.5638,40.65035
-80.56345,41.06455
-80.56093,41.48647
-80.5596,41.8744
-80.55936,27.95854
-80.55579,40.69095
-80.54505,41.64215
-80.54195,40.26972
-80.54186,40.26971
-80.54097,41.17015
-80.53977,40.77446
-80.53901,41.23109
-80.533,33.97085
-80.52944,27.88966
-80.52912,34.27114
-80.52484,41.07972
-80.52241,35.77904
-80.51997,40.25494
-80.518,36.69144
-80.51646,39.27671
-80.5151,38.27
-80.51055,41.17508
-80.51023,35.65757
-80.51012,34.9691
-80.5013,38.94643
-80.49434,27.81305
-80.49159,41.2443
-80.49154,33.48588
-80.49051,41.10914
-80.48407,40.25784
-80.48299,27.712
-80.47641,27.03468
-80.47393,25.54134
-80.46966,36.36585
-80.46478,27.54745
-80.45962,39.08258
-80.4563,40.82644
-80.45067,41.19333
-80.44672,25.44584
-80.44542,27.75755
-80.44515,40.48855
-80.44488,39.04033
-80.4448,41.49951
-80.44258,41.00055
-80.44257,37.07841
-80.44199,36.00967
-80.44172,27.74728
-80.43851,27.74107
-80.43405,40.09684
-80.43329,37.22677
-80.43241,35.62832
-80.43069,36.6642
-80.42885,27.33237
-80.42822,27.31019
-80.42782,40.66626
-80.42686,34.17967
-80.42564,41.30814
-80.42296,41.23298
-80.42151,27.30495
-80.42117,40.71195
-80.42082,27.32276
-80.42046,27.33538
-80.42015,37.81829
-80.41343,40.73917
-80.4104,40.76396
-80.41002,34.72713
-80.40971,35.99156
-80.40938,41.54389
-80.4073,25.67817
-80.40608,38.50744
-80.40581,36.01711
-80.40391,26.10654
-80.39749,37.22378
-80.39485,35.07864
-80.38643,41.48404
-80.38625,39.26201
-80.38579,27.54975
-80.38316,27.53214
-80.38129,39.22287
-80.37609,33.89919
-80.37458,27.36324
-80.37093,27.35519
-80.36883,27.36321
-80.36805,26.11663
-80.36726,41.12858
-80.36643,26.12348
-80.36594,41.05593
-80.3637,39.24214
-80.36134,27.50236
-80.35836,27.6387
-80.35391,27.63927
-80.35278,33.95876
-80.34976,41.98514
-80.34874,27.50305
-80.3425,25.8197
-80.33603,27.21745
-80.33481,27.22625
-80.33129,27.21585
-80.32709,27.22442
-80.32453,40.79705
-80.32241,37.77905
-80.32238,37.78031
-80.32207,25.94889
-80.32194,27.43192
-80.32143,27.22763
-80.32047,26.00164
-80.32039,26.1249
-80.31944,40.73
-80.31796,25.91767
-80.31721,37.78934
-80.31494,25.94872
-80.31111,27.26339
-80.3111,27.25174
-80.30556,27.2482
-80.30224,40.96747
-80.30021,40.1122
-80.29976,36.1012
-80.29807,27.24515
-80.29759,27.24375
-80.2934,40.3888
-80.29304,41.63025
-80.29301,27.31498
-80.29158,27.31601
-80.29076,25.30102
-80.29034,27.32169
-80.28978,25.81341
-80.28952,27.31291
-80.28925,27.24414
-80.2888,27.32387
-80.28872,27.31427
-80.2884,27.31966
-80.28792,26.25112
-80.28761,26.01881
-80.28657,25.31729
-80.28586,37.82109
-80.28338,27.17961
-80.2795,39.31429
-80.27928,25.73949
-80.27649,25.3264
-80.27641,39.18481
-80.27627,40.83389
-80.2756,25.75099
-80.27421,27.23104
-80.27367,26.26587
-80.27335,40.83184
-80.27221,40.34606
-80.27172,26.11271
-80.27149,26.09737
-80.27122,36.92964
-80.27102,36.13247
-80.26932,36.1267
-80.26821,26.05904
-80.26633,26.21667
-80.26066,26.172
-80.25867,26.0771
-80.25722,26.09249
-80.25574,36.01581
-80.25515,27.17957
-80.25459,36.18534
-80.25143,27.12013
-80.24888,26.15896
-80.24855,35.79525
-80.2438,26.37074
-80.24309,33.11127
-80.24088,26.1153
-80.23911,39.4449
-80.23715,40.2085
-80.23238,26.96302
-80.2299,26.23842
-80.22985,40.18851
-80.22834,26.1886
-80.22725,26.18474
-80.22588,33.03516
-80.22547,41.63339
-80.22546,26.82369
-80.22544,38.96782
-80.22453,26.1692
-80.22439,26.18657
-80.22117,39.00862
-80.2188,26.81859
-80.21837,27.07891
-80.21468,27.12413
-80.21373,42.06706
-80.21327,41.97921
-80.21298,27.11927
-80.21252,27.17816
-80.21214,26.1137
-80.20985,40.60609
-80.20915,25.93323
-80.20875,27.15913
-80.20865,42.05426
-80.20858,26.14821
-80.20848,26.38391
-80.20727,27.12243
-80.20638,27.1189
-80.20563,36.0879
-80.2056,26.37905
-80.20538,42.06241
-80.20467,26.9789
-80.20308,33.68108
-80.19942,36.12279
-80.19914,26.70094
-80.19901,32.99645
-80.19875,27.1057
-80.19648,40.47737
-80.19547,26.03902
-80.19358,26.59667
-80.19133,26.38727
-80.18915,26.65813
-80.1888,39.47865
-80.18821,40.48085
-80.18394,26.0389
-80.18046,25.8707
-80.17999,26.21435
-80.1795,26.58513
-80.17849,27.20806
-80.17845,27.14853
-80.17817,42.01743
-80.17792,26.34548
-80.17746,26.22402
-80.17674,26.25023
-80.17597,32.56039
-80.17548,39.40096
-80.17393,26.32387
-80.1715,26.00315
-80.16915,40.58407
-80.16751,26.3982
-80.16518,26.62837
-80.16414,37.94455
-80.16314,26.93733
-80.16311,26.21999
-80.16266,26.40216
-80.16194,40.56181
-80.16181,27.09172
-80.16087,26.40568
-80.16026,32.7567
-80.16009,26.39678
-80.15984,26.93937
-80.1596,26.6592
-80.15924,26.83788
-80.15878,27.07904
-80.1578,25.71611
-80.15734,25.93892
-80.15631,26.83808
-80.15604,36.00435
-80.15531,27.1122
-80.15429,26.62417
-80.15428,27.08369
-80.15381,42.0911
-80.15376,26.45194
-80.15258,40.51877
-80.15184,26.2247
-80.15161,26.57633
-80.14909,42.04124
-80.14837,26.82491
-80.14825,32.59594
-80.14676,41.66831
-80.14611,41.87488
-80.14598,27.0457
-80.14509,32.59577
-80.14271,26.7967
-80.14243,26.87289
-80.14094,40.72813
-80.14062,32.61633
-80.14033,40.84041
-80.13915,26.86731
-80.13849,27.04863
-80.13807,26.86964
-80.13789,27.04997
-80.13788,26.87881
-80.13784,26.01633
-80.13748,25.85752
-80.13641,25.87889
-80.13598,26.31206
-80.13593,40.29861
-80.13571,25.80227
-80.13488,40.72872
-80.13474,26.56089
-80.13431,40.34234
-80.13344,26.98129
-80.13339,26.02652
-80.13303,25.96054
-80.13241,26.87734
-80.13196,40.24743
-80.13149,41.69324
-80.12799,25.83517
-80.12665,26.26475
-80.12469,26.9842
-80.12364,32.5918
-80.12346,26.88854
-80.12309,41.76772
-80.12283,26.97651
-80.12272,40.3669
-80.1199,42.05381
-80.11956,41.77747
-80.1188,26.49865
-80.11739,41.98647
-80.11695,41.16452
-80.11577,26.40115
-80.11516,26.45499
-80.11512,41.14706
-80.1151,27.05729
-80.11441,35.39694
-80.114,40.31109
-80.11381,26.9641
-80.11317,26.51935
-80.11227,39.89099
-80.11222,26.18004
-80.11207,38.20437
-80.11165,26.76883
-80.10821,26.25103
-80.10785,26.88118
-80.1052,42.03633
-80.10326,35.89997
-80.10317,39.92959
-80.10015,26.67139
-80.09977,40.80348
-80.09949,40.43403
-80.09888,26.90416
-80.09875,26.66636
-80.09871,40.70249
-80.09573,44.37059
-80.09508,26.44917
-80.09487,43.18757
-80.08924,39.10385
-80.08761,26.86201
-80.0875,26.87573
-80.08611,43.77209
-80.08557,32.60763
-80.08371,32.63385
-80.08152,26.34485
-80.081,40.33215
-80.08064,40.6438
-80.08046,26.56522
-80.07974,43.64617
-80.07956,33.00635
-80.07766,40.18215
-80.07703,26.69018
-80.07636,40.33684
-80.0762,42.09482
-80.07519,43.25569
-80.06998,43.21212
-80.06884,43.29462
-80.06627,37.29769
-80.0654,43.24948
-80.06369,26.64944
-80.06357,26.82758
-80.06313,32.90398
-80.06219,43.89557
-80.06171,40.51314
-80.05862,43.62004
-80.05628,44.1171
-80.05491,36.31593
-80.05389,42.89605
-80.05357,32.61407
-80.05125,26.86298
-80.05119,41.81832
-80.05025,43.97689
-80.04981,40.27702
-80.04784,43.74664
-80.04741,43.97899
-80.04712,26.62522
-80.04677,37.25864
-80.04662,43.26931
-80.0462,43.97008
-80.04569,43.93777
-80.04538,34.94578
-80.03994,26.56959
-80.03946,26.69752
-80.03859,26.74363
-80.03852,26.63209
-80.03517,40.12123
-80.03484,39.69819
-80.03248,43.1981
-80.03059,42.00203
-80.03044,37.27502
-80.03027,37.29347
-80.02897,35.96566
-80.02757,38.40304
-80.02556,42.15738
-80.02447,40.37113
-80.02344,32.61154
-80.02167,40.60544
-80.01775,43.17672
-80.01648,32.86936
-80.0163,32.8702
-80.01547,41.03813
-80.01515,33.15159
-80.01438,40.35296
-80.01349,40.05799
-80.01202,43.17303
-80.01174,43.35973
-80.00697,44.05089
-80.00586,43.02395
-80.00443,43.17195
-79.99606,32.75445
-79.99209,40.92925
-79.99073,44.51353
-79.99033,37.29765
-79.98727,40.45032
-79.98601,40.35763
-79.98568,40.69246
-79.98541,42.06153
-79.98063,43.26672
-79.97846,44.52621
-79.97694,32.92611
-79.9739,43.21659
-79.97322,37.86934
-79.97123,43.41546
-79.97102,42.01058
-79.97032,43.41436
-79.97027,39.30428
-79.96987,44.52958
-79.96971,40.68976
-79.96888,44.22832
-79.96565,32.76208
-79.96447,44.72707
-79.96304,43.41229
-79.96251,42.17224
-79.96151,40.87048
-79.95802,37.34516
-79.95799,43.8394
-79.9546,43.38207
-79.95302,37.33294
-79.9516,41.98396
-79.95094,43.54963
-79.95065,43.13306
-79.94876,40.65658
-79.94753,41.59703
-79.94548,40.73662
-79.94187,40.92823
-79.94069,43.54113
-79.93976,43.56095
-79.93944,40.92973
-79.93902,40.78537
-79.93833,40.43744
-79.93742,40.65436
-79.93645,43.30537
-79.93637,42.14359
-79.93528,32.95076
-79.93342,40.75034
-79.93246,40.23548
-79.93003,43.18753
-79.92974,43.19326
-79.9288,44.74455
-79.92808,43.78421
-79.92789,40.75391
-79.92772,36.41448
-79.92608,43.63704
-79.92533,37.47654
-79.92431,43.41793
-79.92104,35.72592
-79.91802,40.76685
-79.91796,43.87806
-79.91779,40.18375
-79.91573,37.3097
-79.9138,33.38025
-79.91291,43.15026
-79.91279,43.44646
-79.91266,42.93183
-79.91253,43.24923
-79.91055,43.66854
-79.90981,35.6361
-79.90822,43.24915
-79.90786,39.49771
-79.90782,37.31123
-79.90705,39.66598
-79.9043,36.06333
-79.90229,43.16358
-79.90219,43.24881
-79.9019,33.66945
-79.90044,43.42237
-79.89816,43.29993
-79.89692,43.39616
-79.89633,32.79175
-79.89628,35.85858
-79.89514,42.08679
-79.8921,44.71261
-79.89198,41.46463
-79.8908,37.23018
-79.88734,36.01306
-79.88643,40.51574
-79.88378,43.3904
-79.88344,43.37576
-79.88324,40.37766
-79.8829,36.15113
-79.88288,40.60164
-79.88219,36.40551
-79.88018,40.67617
-79.87861,40.52386
-79.87847,42.20296
-79.87667,44.29704
-79.87386,36.94659
-79.8721,42.8803
-79.87181,36.16536
-79.87026,43.42985
-79.87017,37.95095
-79.86885,36.16624
-79.86486,38.86697
-79.86055,40.47809
-79.86016,39.54158
-79.86008,44.33446
-79.85522,39.67116
-79.85484,36.07662
-79.85357,43.57065
-79.85081,40.40084
-79.84904,42.21104
-79.84642,40.23498
-79.84633,40.48664
-79.84614,36.20915
-79.84565,43.34961
-79.84208,34.30426
-79.83693,36.65288
-79.83442,44.02245
-79.83017,43.31223
-79.83011,40.4293
-79.82885,43.66431
-79.82625,32.8867
-79.82587,36.25804
-79.82367,41.8569
-79.82278,38.00342
-79.82129,32.87762
-79.82057,35.68482
-79.81927,42.18403
-79.81821,41.49135
-79.81662,40.26526
-79.81593,44.46614
-79.81496,44.32974
-79.81451,43.39768
-79.81274,44.15972
-79.81242,43.47733
-79.81217,44.0898
-79.8115,41.42549
-79.81034,43.09315
-79.81031,43.40152
-79.80961,43.21479
-79.80804,36.6668
-79.80676,43.39355
-79.80666,40.8179
-79.80663,43.78591
-79.80599,44.16017
-79.80595,43.38816
-79.80549,44.16391
-79.80519,43.69094
-79.80472,40.47785
-79.80466,43.58966
-79.80433,43.39958
-79.80334,34.25826
-79.80133,40.18666
-79.80118,36.0956
-79.80116,43.20852
-79.79918,34.17976
-79.79737,43.39045
-79.79714,43.91647
-79.79685,43.45357
-79.79671,44.16153
-79.79655,43.54122
-79.79532,43.03774
-79.7931,43.53714
-79.79213,44.61918
-79.79187,33.87261
-79.79163,37.82273
-79.79085,40.72963
-79.78956,43.78964
-79.7861,43.92152
-79.78573,43.64492
-79.7844,43.48255
-79.78282,33.87123
-79.78245,41.499
-79.7816,45.24341
-79.78093,36.04698
-79.777,39.91572
-79.77607,43.74623
-79.77561,39.90357
-79.77465,43.72383
-79.77363,44.42194
-79.77333,43.7473
-79.76909,40.3944
-79.76822,43.52996
-79.76549,43.6232
-79.76439,41.65442
-79.76387,43.19716
-79.76025,42.26305
-79.7586,32.80281
-79.75845,43.68658
-79.75659,44.32311
-79.75562,44.33796
-79.75252,36.48565
-79.74782,36.47956
-79.74639,42.06045
-79.74605,44.79712
-79.74355,41.41395
-79.73905,43.41845
-79.73529,43.50208
-79.73259,41.35362
-79.73129,40.62696
-79.72982,43.13806
-79.72811,42.06367
-79.72688,32.81318
-79.72519,43.66799
-79.72256,37.13335
-79.72193,45.11534
-79.72183,39.88376
-79.71691,43.45273
-79.7163,32.90367
-79.71497,43.06991
-79.71436,43.66502
-79.71346,43.64351
-79.70859,41.43523
-79.70675,40.3663
-79.70223,40.59051
-79.7015,43.45613
-79.69986,41.56525
-79.6989,44.54426
-79.69721,34.14901
-79.6971,40.06866
-79.69349,40.50418
-79.69321,44.42572
-79.68879,40.50695
-79.6884,40.65754
-79.68568,34.62851
-79.68249,40.44689
-79.67892,41.14852
-79.6785,44.55624
-79.67833,40.68842
-79.67798,43.77076
-79.67642,44.55365
-79.6755,44.54983
-79.67524,44.55767
-79.67472,40.45291
-79.67405,44.55413
-79.6735,40.23394
-79.6728,43.21636
-79.67263,36.33894
-79.67197,43.76758
-79.66976,44.55517
-79.66962,44.55617
-79.66931,44.5508
-79.66581,44.5475
-79.66563,44.54905
-79.6654,44.55327
-79.665,39.14816
-79.66488,40.74311
-79.66439,44.5517
-79.66366,37.10217
-79.6634,44.46668
-79.6624,44.32453
-79.66156,44.33942
-79.6589,39.84647
-79.65768,39.84367
-79.6554,44.20979
-79.6538,44.323
-79.65022,43.93385
-79.64989,45.16829
-79.6498,44.42158
-79.64882,41.94811
-79.64877,43.73301
-79.64665,44.69461
-79.64621,36.15904
-79.64585,35.97982
-79.64335,45.17783
-79.64142,44.69066
-79.64072,43.54982
-79.63616,43.85936
-79.63613,43.61859
-79.63482,45.03131
-79.62664,42.84568
-79.62597,35.7894
-79.6254,43.55344
-79.62272,41.94041
-79.61978,40.56897
-79.61862,43.77317
-79.61849,37.02059
-79.61155,45.13083
-79.61019,44.4304
-79.60481,44.00927
-79.603,43.79694
-79.59987,43.81857
-79.5984,43.65008
-79.59712,43.79873
-79.59672,43.79191
-79.59549,45.1164
-79.59318,43.69184
-79.5909,40.58907
-79.58949,43.79818
-79.58924,33.43443
-79.58813,40.3938
-79.58688,43.68221
-79.58471,43.55275
-79.5779,44.09133
-79.57509,34.59101
-79.57412,43.8087
-79.57396,36.01016
-79.57241,37.09555
-79.56965,44.04063
-79.56866,40.30272
-79.56671,43.62388
-79.56066,43.58862
-79.55792,40.79724
-79.5573,44.59636
-79.55553,43.59324
-79.55413,44.59416
-79.55203,41.29526
-79.54973,44.38459
-79.54661,45.16987
-79.54468,42.34513
-79.54443,43.72739
-79.54313,37.37563
-79.54276,44.22929
-79.54256,40.06947
-79.54026,43.70408
-79.5396,41.19012
-79.53388,43.65357
-79.53258,44.29645
-79.53081,40.32655
-79.53056,43.67472
-79.52436,44.39968
-79.52072,40.74078
-79.52004,42.37585
-79.5191,43.73202
-79.51835,43.73376
-79.51158,40.3589
-79.51137,43.99756
-79.50931,34.69182
-79.50912,44.14135
-79.50697,43.66919
-79.50624,42.1597
-79.50431,35.19848
-79.50424,43.68175
-79.50188,41.47548
-79.50161,41.4792
-79.50068,39.46203
-79.50054,41.474
-79.49892,40.58959
-79.49836,43.98032
-79.49821,35.26337
-79.49591,41.4726
-79.49466,43.86726
-79.48955,36.09061
-79.48878,43.67615
-79.48833,43.89116
-79.48816,45.07234
-79.48582,44.49846
-79.48517,40.19612
-79.47973,44.25903
-79.47798,44.29475
-79.47428,44.03522
-79.47155,43.92789
-79.46898,35.21569
-79.46878,42.19924
-79.46831,35.18706
-79.46284,37.77129
-79.46176,42.24262
-79.46073,35.19171
-79.46026,35.18078
-79.45885,44.02554
-79.45858,35.18733
-79.45665,45.21355
-79.45445,44.03188
-79.45409,36.55599
-79.45232,39.03115
-79.45137,42.17832
-79.4508,35.19074
-79.44922,43.97675
-79.44914,43.83403
-79.44789,44.63061
-79.44377,43.92021
-79.44201,36.55595
-79.43908,43.82489
-79.43752,43.92394
-79.43611,36.55966
-79.43489,43.81996
-79.43288,36.67113
-79.43136,42.87487
-79.43086,42.87966
-79.4304,36.04507
-79.42845,40.23393
-79.42572,45.05717
-79.42537,44.62217
-79.42528,43.96484
-79.42335,44.00159
-79.42328,40.23644
-79.42205,36.89151
-79.41913,35.09545
-79.41861,43.97846
-79.41755,42.07335
-79.41668,43.74752
-79.41472,43.96116
-79.41386,43.82082
-79.41209,34.7545
-79.4116,43.1217
-79.41037,40.12736
-79.40918,35.20593
-79.40914,44.31135
-79.40634,35.19437
-79.40614,43.70527
-79.40593,43.9801
-79.40553,43.99126
-79.40546,44.09668
-79.40123,44.82283
-79.39706,35.15923
-79.39613,35.19176
-79.39348,35.16118
-79.39212,43.73645
-79.38976,35.15962
-79.38771,44.90362
-79.38768,44.72858
-79.38678,42.16152
-79.38647,42.99075
-79.38475,41.19035
-79.37906,36.55132
-79.37644,42.46535
-79.37491,44.31545
-79.37398,44.0919
-79.37316,40.27387
-79.37294,44.728
-79.37265,34.17469
-79.37173,40.33907
-79.36987,43.09421
-79.36873,44.9542
-79.36801,43.95525
-79.36779,42.43174
-79.36753,42.43825
-79.36725,36.00626
-79.36204,43.96229
-79.36195,43.70596
-79.35802,44.31927
-79.35732,43.9955
-79.35119,44.31555
-79.34943,43.9625
-79.34802,43.93788
-79.34698,35.20956
-79.34561,45.04531
-79.34514,44.2567
-79.34482,40.974
-79.34341,43.04782
-79.34171,42.06842
-79.34086,42.88176
-79.33993,43.75024
-79.33658,43.0478
-79.33418,42.97231
-79.33205,36.06939
-79.32975,44.20122
-79.32973,42.34117
-79.32902,40.08507
-79.32709,43.88264
-79.32533,43.89692
-79.32438,43.71969
-79.32096,44.00283
-79.32028,43.12188
-79.31931,43.92965
-79.31859,44.95817
-79.31831,43.90818
-79.3138,43.12522
-79.31203,44.0086
-79.30773,37.29521
-79.30546,36.1642
-79.30332,44.01012
-79.30083,42.9839
-79.29971,43.05744
-79.29597,43.78915
-79.29288,43.96721
-79.29187,44.04926
-79.29065,42.97429
-79.28947,44.04409
-79.28892,43.69769
-79.28879,45.20815
-79.28792,44.04814
-79.28747,43.85228
-79.28226,42.97858
-79.2808,44.05247
-79.27976,40.02416
-79.27974,44.0503
-79.27823,44.04711
-79.276,39.50925
-79.27447,37.3815
-79.27361,43.6822
-79.27331,45.1024
-79.26983,37.35022
-79.26514,41.91179
-79.26116,43.98156
-79.26087,44.19846
-79.25949,42.04378
-79.25208,37.45865
-79.24646,42.12635
-79.24525,43.09397
-79.24357,40.04899
-79.24336,43.99873
-79.24329,38.68113
-79.24177,43.86215
-79.23957,43.848
-79.23659,40.22795
-79.23614,44.05565
-79.23518,40.85206
-79.23196,43.15191
-79.22773,44.07696
-79.22553,44.00331
-79.22534,42.52793
-79.22524,43.83678
-79.22113,43.07504
-79.221,43.15634
-79.2197,43.01458
-79.21955,40.43686
-79.21894,43.0754
-79.21851,42.87607
-79.21796,43.9451
-79.21632,44.07855
-79.21386,35.39859
-79.21313,43.75287
-79.21194,42.87791
-79.20949,44.33441
-79.18924,43.9254
-79.18125,43.17891
-79.17706,42.9079
-79.17672,43.02456
-79.17534,43.14402
-79.17417,35.51626
-79.17038,43.17763
-79.16892,43.10496
-79.16765,43.10203
-79.16693,42.18799
-79.16259,44.0478
-79.15587,41.91251
-79.15543,41.90883
-79.15528,43.0828
-79.15392,44.40235
-79.15069,33.45278
-79.14639,43.87801
-79.135,43.04483
-79.13158,43.03636
-79.13035,40.6359
-79.12657,42.9985
-79.12213,37.33646
-79.11859,42.54993
-79.11715,34.95703
-79.11711,43.96017
-79.11261,43.02116
-79.11008,35.41132
-79.10856,33.49536
-79.10817,41.96855
-79.10341,42.46163
-79.10129,44.10833
-79.09872,43.15565
-79.09833,44.5109
-79.09814,44.10156
-79.0962,43.13839
-79.0951,43.06098
-79.09404,43.06363
-79.09316,43.97889
-79.08996,43.94883
-79.08074,43.16302
-79.07882,43.26025
-79.07622,34.63208
-79.07597,43.04452
-79.07321,44.53737
-79.07245,42.6351
-79.06991,42.89801
-79.06987,43.86604
-79.06882,43.12864
-79.0682,43.89034
-79.06665,39.99894
-79.06514,33.57869
-79.0604,34.88052
-79.05972,36.06408
-79.05395,35.28736
-79.05038,44.00722
-79.04832,44.00189
-79.03768,35.84733
-79.03657,40.13955
-79.03644,34.58562
-79.03558,43.93968
-79.0339,38.18679
-79.03358,43.96557
-79.03323,43.048
-79.03287,44.0331
-79.02734,45.24162
-79.02475,42.95421
-79.02469,43.90903
-79.0228,43.19623
-79.02003,35.90031
-79.01922,33.78027
-79.01823,41.95703
-79.0175,43.97248
-79.01538,43.10612
-79.01501,33.7883
-79.01205,33.74165
-79.01067,33.78488
-79.00983,38.1731
-79.00841,43.99431
-79.00798,33.73712
-79.00747,33.78939
-79.00702,40.5991
-79.00674,39.00643
-79.00664,33.7911
-79.0051,39.4179
-79.00372,33.75226
-79.00134,43.26643
-78.99732,33.77459
-78.99601,33.60422
-78.99556,43.94432
-78.99224,40.95178
-78.98673,35.14296
-78.98331,43.84415
-78.98272,33.80476
-78.98171,43.84975
-78.98123,39.33985
-78.9757,42.90882
-78.96878,42.17435
-78.96679,35.12597
-78.96666,33.79741
-78.96616,33.79194
-78.96554,33.7864
-78.96374,33.77351
-78.96355,44.07821
-78.96019,44.25258
-78.95806,43.93373
-78.95663,40.45493
-78.95163,44.1192
-78.95112,35.99016
-78.94943,35.08091
-78.94816,44.11926
-78.94759,42.92341
-78.94397,40.32482
-78.93858,36.02202
-78.93674,43.95725
-78.93631,42.93303
-78.93451,35.84213
-78.93356,40.29029
-78.93288,43.9641
-78.92691,36.73673
-78.92474,36.75177
-78.92257,33.66038
-78.91944,43.98978
-78.918,39.64206
-78.91606,33.68134
-78.91208,42.7357
-78.91062,35.04383
-78.91047,43.92404
-78.90958,33.73535
-78.90846,43.02796
-78.90819,36.21325
-78.90642,42.51464
-78.90073,42.98664
-78.88438,33.69264
-78.8842,42.74058
-78.88381,43.96299
-78.87956,44.04858
-78.87812,38.42796
-78.87707,43.9084
-78.87463,37.33587
-78.87307,40.28127
-78.87205,33.71391
-78.87192,33.71393
-78.86561,35.12708
-78.86507,33.70542
-78.86474,44.34277
-78.86194,42.74795
-78.85767,42.93576
-78.85689,35.14507
-78.85284,40.03394
-78.85028,34.08674
-78.84996,34.09413
-78.84657,33.73476
-78.8458,44.73298
-78.84437,43.00695
-78.83765,43.04076
-78.83427,35.8793
-78.8342,42.6023
-78.8338,38.42867
-78.83374,35.8786
-78.83103,34.05565
-78.83026,42.83016
-78.82918,43.12868
-78.82853,41.17193
-78.82508,33.74481
-78.82247,43.89044
-78.81935,43.88911
-78.81406,35.71136
-78.8136,44.51317
-78.8122,35.36552
-78.81139,43.93211
-78.81048,42.71063
-78.80889,43.07108
-78.80885,42.95677
-78.79926,33.76325
-78.79909,42.84221
-78.79328,35.74126
-78.78016,33.77747
-78.77945,35.78485
-78.77859,40.28443
-78.77731,40.2854
-78.7727,44.28192
-78.77246,35.98215
-78.77054,44.2854
-78.77002,42.98862
-78.76888,42.99563
-78.76855,35.72285
-78.76087,33.99063
-78.76017,40.30389
-78.75984,33.79833
-78.75904,35.40273
-78.75869,33.81773
-78.7585,44.22363
-78.75811,33.8155
-78.75731,41.41819
-78.75662,41.66871
-78.75646,33.7989
-78.75641,44.52969
-78.7562,42.97382
-78.75347,33.79955
-78.75333,33.81976
-78.75288,33.80173
-78.75168,34.00796
-78.75153,33.81111
-78.75103,33.81484
-78.74869,41.13585
-78.74866,38.41339
-78.74809,38.46652
-78.74653,42.20614
-78.74523,41.21736
-78.74351,41.25377
-78.74218,43.18414
-78.73926,42.7542
-78.73826,41.18563
-78.73478,41.1936
-78.73334,43.07943
-78.73221,41.18711
-78.731,41.19394
-78.72676,39.66047
-78.7261,40.6592
-78.72595,41.12061
-78.72289,42.94956
-78.72162,42.9727
-78.71914,33.92368
-78.71898,34.36799
-78.71892,41.8635
-78.71826,44.33667
-78.71713,44.93667
-78.7148,43.94546
-78.71447,38.40896
-78.71447,38.40898
-78.71296,43.04796
-78.71072,41.15439
-78.71018,42.92865
-78.70824,43.29401
-78.70781,41.16004
-78.70774,33.81591
-78.70756,41.15698
-78.70618,42.8067
-78.70555,38.409
-78.70455,43.01376
-78.70436,41.15526
-78.70432,43.94943
-78.7041,41.15825
-78.70188,41.15222
-78.7014,40.49265
-78.70121,45.0463
-78.69412,42.77271
-78.69289,43.98087
-78.68938,42.48362
-78.68903,44.47872
-78.68886,35.90946
-78.68884,42.95697
-78.68575,44.47928
-78.68562,43.20721
-78.68517,33.89488
-78.68234,42.94484
-78.68019,35.29479
-78.67923,35.75813
-78.67192,43.21054
-78.66911,43.977
-78.66879,38.63636
-78.66825,42.78887
-78.66785,38.63873
-78.66608,42.98396
-78.66422,43.0809
-78.66311,42.25836
-78.66171,44.99646
-78.66008,43.18375
-78.65921,43.16828
-78.6581,35.8216
-78.65662,42.54794
-78.6516,33.87959
-78.65101,39.69707
-78.65055,35.6753
-78.64117,42.91907
-78.63942,33.88022
-78.63464,33.87109
-78.63023,40.50654
-78.62737,33.85528
-78.62501,42.88952
-78.61783,41.90178
-78.61424,43.89985
-78.61306,35.88262
-78.61259,44.52965
-78.61122,43.90001
-78.60963,35.88245
-78.60944,45.10964
-78.60839,43.9009
-78.60696,44.47548
-78.60687,43.90014
-78.60628,42.63225
-78.60115,42.94173
-78.6011,33.87716
-78.60072,33.9259
-78.59816,35.77611
-78.59297,42.82283
-78.58435,42.95076
-78.57863,33.9347
-78.57014,40.47049
-78.57013,36.00466
-78.56971,45.01798
-78.56014,43.03763
-78.55625,43.94108
-78.55238,35.96439
-78.55147,43.93445
-78.55001,41.42528
-78.54779,45.01713
-78.54757,35.80486
-78.54666,35.80997
-78.54529,33.90443
-78.54346,38.04161
-78.5422,41.44857
-78.53892,34.65486
-78.5382,33.89397
-78.53477,43.00926
-78.53387,34.64974
-78.53373,33.88407
-78.53322,40.30139
-78.53298,42.98832
-78.53282,35.22652
-78.52926,43.20867
-78.52739,42.09016
-78.52473,43.01582
-78.52178,35.98221
-78.51681,39.98869
-78.51634,35.48939
-78.51208,33.92164
-78.50165,44.57544
-78.49828,40.00731
-78.49223,34.98351
-78.48886,33.93822
-78.48813,42.58797
-78.485,39.13219
-78.48473,43.05469
-78.48439,37.07296
-78.4788,42.08515
-78.47649,40.99498
-78.47488,40.24925
-78.47289,42.92731
-78.46438,41.81508
-78.46361,44.39777
-78.45344,38.05198
-78.45178,42.78136
-78.43608,37.35604
-78.4323,36.80255
-78.43058,42.54645
-78.43031,42.51671
-78.41809,43.2175
-78.41696,40.38699
-78.41663,42.09431
-78.40655,37.24536
-78.40497,33.90945
-78.40262,40.46301
-78.39519,42.89666
-78.39478,44.26591
-78.38996,44.50776
-78.38843,40.44134
-78.38732,35.77017
-78.38508,44.23622
-78.38219,37.2901
-78.37434,42.76634
-78.36974,33.96236
-78.36955,34.99761
-78.36111,42.65379
-78.36061,38.01252
-78.35757,44.28604
-78.35346,40.01177
-78.35013,40.54857
-78.33031,42.84544
-78.31733,43.9403
-78.31113,43.94333
-78.30346,44.33175
-78.29801,44.30811
-78.29645,40.49649
-78.29585,39.51191
-78.2941,42.86715
-78.28739,42.36895
-78.27354,40.59687
-78.27264,44.459
-78.26641,43.98484
-78.25182,43.99248
-78.24398,44.24243
-78.22142,38.65962
-78.2152,39.18188
-78.21308,37.993
-78.21121,39.10522
-78.20015,40.90081
-78.19904,42.03952
-78.19617,43.34684
-78.18932,38.98904
-78.18324,41.43776
-78.18213,43.97892
-78.15442,44.0038
-78.1467,39.17077
-78.14503,36.58039
-78.14233,43.00059
-78.13096,35.98599
-78.12991,38.99225
-78.12788,44.58989
-78.12515,38.29263
-78.12393,43.03012
-78.12265,44.53858
-78.1221,38.98719
-78.12026,36.38783
-78.11085,37.16735
-78.10385,36.95068
-78.09841,43.2356
-78.09471,44.26153
-78.06794,36.74358
-78.06625,33.9057
-78.04904,40.47838
-78.03695,37.04654
-78.03466,42.70105
-78.02641,34.16802
-78.01226,42.87663
-78.00184,43.99684
-78.00111,43.23784
-78.00083,43.99628
-78.00079,40.83235
-77.99935,43.9975
-77.9983,35.36211
-77.99695,38.01505
-77.99616,44.01448
-77.99521,39.89126
-77.99292,44.34994
-77.98924,43.23691
-77.98783,34.12175
-77.97747,40.53146
-77.97148,35.25513
-77.97042,42.9824
-77.96524,42.13277
-77.96485,37.35238
-77.9519,35.96349
-77.95034,43.34664
-77.94428,35.68347
-77.94012,39.51102
-77.92867,34.74662
-77.92632,44.81026
-77.92569,37.49913
-77.92488,37.49383
-77.92367,37.5069
-77.92313,37.5033
-77.92145,37.49349
-77.9199,34.21686
-77.90597,43.10994
-77.90254,34.55155
-77.90107,34.1869
-77.89781,34.18749
-77.89747,43.11006
-77.8875,36.55694
-77.88366,40.78639
-77.88329,43.20223
-77.88028,40.78904
-77.87842,40.79081
-77.87688,35.68293
-77.87366,35.71268
-77.87188,45.07315
-77.8675,43.20408
-77.86688,43.21733
-77.86595,43.24843
-77.85882,38.98062
-77.85541,43.24959
-77.85504,43.20181
-77.85483,43.21734
-77.83775,42.97152
-77.83724,42.67798
-77.83053,37.59259
-77.82909,44.20444
-77.82867,43.03835
-77.82278,40.36563
-77.82199,40.793
-77.81934,43.20098
-77.81777,35.9811
-77.81537,39.31209
-77.81489,34.2314
-77.79919,43.04398
-77.79888,35.98854
-77.79459,36.11995
-77.78729,39.1211
-77.77727,38.34681
-77.77461,42.80161
-77.77076,43.05607
-77.76348,43.23056
-77.76246,42.88419
-77.76179,34.28634
-77.76082,34.28634
-77.75941,40.78421
-77.7585,34.29268
-77.75536,34.28688
-77.75447,34.28466
-77.74634,39.80838
-77.74336,44.01241
-77.74271,37.61181
-77.73871,39.80339
-77.72952,39.13273
-77.72729,43.20938
-77.72358,43.03693
-77.71704,37.51087
-77.70574,39.63926
-77.70439,37.65524
-77.70437,37.64404
-77.70176,43.1338
-77.70016,44.07532
-77.69805,44.14752
-77.69413,42.54982
-77.68521,42.99967
-77.68166,37.60729
-77.68112,42.72279
-77.67526,34.38574
-77.67098,35.78048
-77.66794,39.64536
-77.6618,39.61096
-77.65624,42.35096
-77.6553,37.52469
-77.65434,43.10865
-77.65191,42.80925
-77.65169,34.39577
-77.65078,43.11257
-77.64902,40.92674
-77.64861,42.982
-77.6486,37.27307
-77.64854,38.77813
-77.64798,38.78166
-77.64394,37.28239
-77.64218,44.03748
-77.6419,38.87956
-77.64099,37.27618
-77.6401,39.57648
-77.634,42.32086
-77.63287,40.56324
-77.62986,38.74763
-77.62853,38.82042
-77.62776,43.26595
-77.62188,36.4207
-77.6218,43.26184
-77.62159,37.71068
-77.61798,35.40203
-77.61447,42.94329
-77.61225,37.57098
-77.61054,38.99392
-77.60955,37.52546
-77.60671,42.87302
-77.60106,35.28138
-77.59727,44.19804
-77.59642,42.87156
-77.59578,37.78818
-77.59362,34.70646
-77.59205,44.10212
-77.58974,35.28969
-77.58973,39.73593
-77.58965,39.96009
-77.58567,35.60849
-77.58532,39.10007
-77.57193,43.23288
-77.5714,38.4371
-77.5616,37.48186
-77.56115,43.08727
-77.55489,39.16237
-77.55478,39.85695
-77.55405,44.2606
-77.55118,39.86621
-77.55065,39.49465
-77.55035,35.89637
-77.54577,35.87019
-77.54402,39.9147
-77.54399,39.85366
-77.53983,37.80153
-77.53929,43.11022
-77.53901,38.99233
-77.53471,38.70885
-77.53446,38.00578
-77.53261,43.1131
-77.52993,43.11191
-77.52986,37.57187
-77.52885,38.70495
-77.52743,39.47798
-77.52717,39.43098
-77.52601,39.7603
-77.52566,43.10765
-77.51776,38.90946
-77.51198,39.84053
-77.51051,38.90551
-77.50948,38.89671
-77.50849,38.90595
-77.5083,42.98493
-77.50521,37.5401
-77.50088,34.85875
-77.49935,34.85237
-77.4986,44.49919
-77.49404,34.85583
-77.49386,37.40042
-77.49322,41.11826
-77.4921,43.09335
-77.4919,34.85349
-77.48492,43.12367
-77.48253,39.09444
-77.47942,38.23701
-77.47791,37.57754
-77.47773,39.09827
-77.4776,41.93151
-77.47594,38.44255
-77.47585,38.8882
-77.47508,39.09334
-77.47408,39.09315
-77.4735,39.08918
-77.47215,43.1519
-77.47212,39.73388
-77.47193,39.90132
-77.4699,37.62619
-77.46976,43.14704
-77.46656,43.11759
-77.46627,37.44737
-77.46326,37.61563
-77.46251,39.64707
-77.45775,41.06245
-77.4555,43.04526
-77.44719,39.01363
-77.44667,39.05242
-77.44562,39.05221
-77.44504,43.15257
-77.44486,44.14108
-77.44077,37.66132
-77.43819,44.13823
-77.43755,37.55952
-77.43458,38.83817
-77.43268,34.51059
-77.43229,43.11776
-77.42932,38.26347
-77.42503,42.93352
-77.42006,43.00567
-77.41585,39.11904
-77.41434,42.59598
-77.40355,35.58187
-77.40346,38.22931
-77.40188,42.96745
-77.39959,42.96423
-77.39921,38.82857
-77.39879,38.88897
-77.39739,39.17932
-77.39701,43.24697
-77.39505,42.96314
-77.39259,42.9915
-77.39236,37.167
-77.39194,44.25014
-77.38984,35.46073
-77.38496,34.71614
-77.38376,42.96549
-77.38354,44.25211
-77.38101,42.98613
-77.37984,39.32503
-77.37818,39.75699
-77.37654,34.77445
-77.37564,34.77365
-77.37479,39.05787
-77.37386,43.95724
-77.37337,39.42945
-77.37173,43.1009
-77.37153,38.46905
-77.37066,37.94792
-77.36864,38.47106
-77.36634,43.95355
-77.35804,39.80194
-77.3556,43.05108
-77.35335,38.54344
-77.34832,38.68597
-77.34815,39.0548
-77.34428,38.695
-77.3424,39.29179
-77.33962,41.72965
-77.32885,39.52467
-77.32812,35.58501
-77.3245,43.12575
-77.32035,38.69218
-77.31815,39.98932
-77.31795,38.87492
-77.31718,42.92
-77.31564,38.8773
-77.31478,39.38529
-77.31174,40.62084
-77.30961,43.15843
-77.29768,39.365
-77.29708,39.287
-77.29608,42.65186
-77.29604,42.34337
-77.29425,36.3537
-77.2877,39.01707
-77.28234,40.17451
-77.27812,38.85605
-77.27703,43.21488
-77.26962,44.45968
-77.26576,42.96203
-77.26469,38.23935
-77.26302,39.79358
-77.25843,39.18502
-77.25806,42.96119
-77.2546,42.86841
-77.25131,38.91455
-77.25043,37.13563
-77.24695,40.21644
-77.2236,38.77632
-77.21773,39.38653
-77.21508,38.87975
-77.21293,42.0943
-77.20012,39.03505
-77.19892,38.68098
-77.19873,39.77999
-77.19423,39.34193
-77.19208,37.70607
-77.18873,39.76615
-77.17861,38.99441
-77.1779,38.98317
-77.16713,44.79616
-77.16541,38.82645
-77.16494,40.20415
-77.1543,42.09162
-77.15217,39.0159
-77.15091,38.99794
-77.14806,40.1817
-77.14653,44.03025
-77.14346,39.19227
-77.14231,44.22869
-77.13994,39.06259
-77.13959,40.47451
-77.13904,39.11829
-77.13811,42.94072
-77.13756,44.02989
-77.13135,40.23908
-77.12491,39.20513
-77.1239,38.9108
-77.11491,38.97341
-77.11308,39.18888
-77.11299,39.40983
-77.10755,39.03256
-77.10283,42.46917
-77.09532,39.1386
-77.09391,34.73524
-77.0921,35.0787
-77.08538,39.10096
-77.08383,38.97289
-77.08371,39.79094
-77.07713,38.85521
-77.07449,37.54019
-77.07306,40.25598
-77.07019,39.10661
-77.06863,39.13202
-77.06699,34.69596
-77.06207,42.63544
-77.05798,34.70318
-77.0567,39.60639
-77.05188,39.09692
-77.04756,40.10492
-77.04138,38.96652
-77.03024,38.87531
-77.02648,38.86767
-77.0247,41.79382
-77.02455,38.87286
-77.02431,38.8713
-77.01524,35.02038
-77.01426,38.93492
-77.0131,38.7185
-77.01173,42.12358
-77.01013,39.63077
-77.00948,38.54327
-77.0039,39.58734
-77.00356,39.87242
-76.99468,37.47052
-76.99466,39.7738
-76.99273,37.48038
-76.99145,43.25042
-76.98273,42.81913
-76.97985,39.89341
-76.97649,42.83387
-76.96711,42.90782
-76.96555,39.31586
-76.96049,40.26264
-76.95843,42.26526
-76.95531,38.99479
-76.95174,35.97421
-76.94991,35.07134
-76.94745,41.25213
-76.94645,42.12835
-76.93976,42.12881
-76.9395,40.25243
-76.93919,44.24247
-76.93672,43.09329
-76.93539,39.00567
-76.92777,40.17499
-76.92606,34.96569
-76.92139,39.08961
-76.91682,38.57253
-76.90348,40.56964
-76.9016,40.35
-76.89344,42.39621
-76.89334,34.94451
-76.89154,42.12787
-76.88733,38.78749
-76.87536,42.34932
-76.86796,42.67229
-76.85883,39.63447
-76.85425,35.00214
-76.85047,38.3825
-76.84844,38.384
-76.84749,40.34352
-76.84657,41.04244
-76.84582,42.89536
-76.84543,42.08929
-76.84365,40.83449
-76.84036,39.47121
-76.83526,39.86839
-76.83296,42.13784
-76.83154,42.20715
-76.83024,39.5786
-76.8261,37.56102
-76.81707,38.92846
-76.81646,34.97879
-76.81038,39.98178
-76.8094,40.33556
-76.80806,40.22921
-76.80793,39.98417
-76.80462,34.97445
-76.80415,44.28799
-76.79648,38.92982
-76.7948,38.75521
-76.79044,44.18902
-76.78659,39.16937
-76.78471,44.18304
-76.78152,40.1574
-76.7781,45.2764
-76.77688,39.33357
-76.77659,40.01011
-76.77312,39.32827
-76.76822,39.20513
-76.76226,38.99479
-76.76123,35.85531
-76.7593,42.90762
-76.75675,42.89246
-76.74966,37.38822
-76.74807,34.7449
-76.74767,41.23051
-76.74573,39.3843
-76.74213,39.9298
-76.73652,38.84658
-76.72493,39.2565
-76.72097,45.27246
-76.71716,40.29991
-76.71677,39.37444
-76.71658,42.95208
-76.71511,40.17457
-76.70219,40.08434
-76.69776,44.50984
-76.69615,37.26093
-76.68937,37.25964
-76.68519,37.22559
-76.68407,43.32918
-76.68051,40.39205
-76.67822,38.91913
-76.67537,39.5007
-76.67231,39.95278
-76.67096,39.93524
-76.67095,39.04484
-76.67066,42.53158
-76.66695,38.85513
-76.6623,39.44346
-76.66022,40.30207
-76.65543,39.1604
-76.65457,42.66276
-76.6532,44.23274
-76.65211,38.8162
-76.6501,39.27475
-76.64294,34.76411
-76.64237,37.24459
-76.6376,44.28356
-76.63634,40.28955
-76.63542,39.95015
-76.63351,40.29651
-76.63295,37.22491
-76.63008,39.37323
-76.62988,40.84186
-76.62457,39.44284
-76.62345,39.2745
-76.61881,39.46359
-76.617,42.46764
-76.61388,36.72662
-76.61066,44.26136
-76.60824,42.46767
-76.59874,39.09366
-76.59868,41.41461
-76.59623,42.0147
-76.59252,37.28167
-76.58917,44.22271
-76.58905,39.38555
-76.58645,43.39349
-76.58475,39.01564
-76.5839,38.9797
-76.58244,38.91617
-76.57978,38.92139
-76.57356,40.97202
-76.57156,37.94248
-76.5714,38.91942
-76.56728,38.91665
-76.55888,42.01339
-76.55341,39.49837
-76.55196,42.0061
-76.54721,39.62303
-76.54607,39.7777
-76.54446,40.01772
-76.5437,39.02619
-76.54078,39.02766
-76.53445,36.01316
-76.53425,44.22726
-76.53363,42.94183
-76.53312,37.39924
-76.5312,42.9051
-76.52892,43.41162
-76.52626,42.90707
-76.5259,37.18486
-76.51905,42.90137
-76.51514,40.86973
-76.51508,39.04578
-76.50777,40.08925
-76.50633,42.45577
-76.50412,37.05799
-76.50197,39.25713
-76.49932,41.01435
-76.49593,43.44043
-76.4931,43.43506
-76.49018,40.21537
-76.48984,42.22573
-76.48948,36.90218
-76.48764,44.38146
-76.47803,43.02448
-76.47659,39.04471
-76.47197,39.25189
-76.47061,39.25778
-76.47045,39.25781
-76.46936,39.25858
-76.46721,39.04457
-76.46707,38.99664
-76.46676,44.67248
-76.46053,40.31278
-76.45666,42.86073
-76.45583,43.47878
-76.44958,44.25087
-76.44088,42.93235
-76.43712,43.36074
-76.4348,40.28653
-76.4249,41.77119
-76.41339,39.25294
-76.4115,42.68852
-76.40876,40.31789
-76.40621,40.06988
-76.40506,37.06857
-76.40389,39.47893
-76.40118,40.03659
-76.40051,40.46057
-76.40033,44.97778
-76.40031,37.68118
-76.39663,39.65851
-76.39386,38.30106
-76.39327,36.81536
-76.38469,40.26976
-76.38075,39.52474
-76.37335,42.0167
-76.37155,40.11945
-76.37102,36.8306
-76.37017,36.83274
-76.36961,37.09119
-76.36959,44.27607
-76.36438,45.01002
-76.36028,39.47016
-76.36022,44.1654
-76.36004,37.0421
-76.35914,44.67174
-76.35612,40.02608
-76.35452,38.90976
-76.35241,40.49734
-76.34971,43.88202
-76.33868,36.80214
-76.3371,38.86998
-76.33628,43.03291
-76.33617,42.55987
-76.32864,37.02739
-76.32728,41.02393
-76.31955,36.883
-76.31641,43.29044
-76.3142,42.18438
-76.31376,40.07984
-76.31371,36.95312
-76.31289,44.34046
-76.31215,42.97727
-76.3094,43.01605
-76.30497,41.04589
-76.29823,44.86593
-76.29474,43.19743
-76.29351,40.40189
-76.29307,39.41158
-76.29089,39.99215
-76.28807,36.92365
-76.28587,43.36122
-76.27397,40.61454
-76.26903,43.17983
-76.26679,44.89815
-76.26553,43.03348
-76.26427,43.16349
-76.2626,41.06554
-76.25669,42.54966
-76.25491,42.0509
-76.25103,36.94635
-76.2403,42.93956
-76.23847,36.33146
-76.22701,38.80965
-76.21899,42.84198
-76.21826,36.31176
-76.21448,40.0195
-76.20592,45.11557
-76.20483,39.85578
-76.20426,43.29066
-76.20383,43.53741
-76.19923,39.26534
-76.1986,39.79847
-76.19567,38.9191
-76.19353,42.56195
-76.18994,43.0238
-76.18869,42.62385
-76.18728,44.31833
-76.1871,42.9103
-76.18579,43.03944
-76.18558,39.54556
-76.18037,44.35165
-76.17786,36.69004
-76.17538,40.98273
-76.17264,38.98635
-76.1705,42.01186
-76.1693,36.84331
-76.16917,39.48313
-76.16742,42.09361
-76.16683,43.6679
-76.16445,41.2309
-76.15126,36.92041
-76.14358,44.08077
-76.13932,43.2096
-76.13871,40.22042
-76.13654,38.95957
-76.13054,39.53802
-76.12995,45.17185
-76.12464,38.58141
-76.12422,40.6482
-76.12256,40.42769
-76.12111,40.79196
-76.11881,40.48433
-76.11616,43.06048
-76.11434,43.91586
-76.11395,43.91248
-76.11288,43.51151
-76.10805,42.31653
-76.10479,43.01595
-76.10146,43.02275
-76.09694,43.0239
-76.09558,38.72309
-76.08695,45.30238
-76.08675,40.94215
-76.08455,45.01273
-76.08432,39.18809
-76.08347,42.08792
-76.07953,44.20378
-76.07621,43.2856
-76.07606,42.81352
-76.07586,40.10252
-76.07546,36.75624
-76.07494,44.23615
-76.07064,40.99792
-76.06975,43.01575
-76.06202,44.83628
-76.05896,44.83184
-76.05353,43.17335
-76.05056,43.19694
-76.04987,38.56033
-76.0475,40.2887
-76.04677,36.89222
-76.04507,44.35758
-76.04381,40.99062
-76.03998,40.98843
-76.03776,43.03361
-76.03359,44.85589
-76.03262,40.81072
-76.0304,42.91384
-76.02758,36.79737
-76.02515,43.12685
-76.01891,42.11688
-76.01674,43.82251
-76.0159,42.14739
-76.01439,41.91133
-76.00962,45.21164
-76.00665,40.38829
-76.0059,42.12397
-76.00167,45.19966
-75.99986,43.00484
-75.99737,43.10474
-75.99083,42.12518
-75.98919,39.6634
-75.98647,43.06819
-75.98521,44.2435
-75.98413,42.12297
-75.97875,36.79836
-75.97299,40.2555
-75.97216,41.11724
-75.97212,41.03267
-75.97208,39.91367
-75.97084,41.35785
-75.96865,40.25682
-75.96849,40.25766
-75.96627,43.04603
-75.96475,40.25765
-75.95683,44.6394
-75.95013,40.36146
-75.94215,42.19558
-75.94211,42.05009
-75.93799,45.13793
-75.93558,41.21531
-75.93483,43.96012
-75.92299,42.12185
-75.92275,43.14782
-75.92179,45.26943
-75.91727,42.55341
-75.91722,41.54906
-75.91055,43.04254
-75.90974,41.3939
-75.90914,44.02654
-75.9054,40.76775
-75.9031,44.34044
-75.89908,45.28872
-75.89464,43.0247
-75.88894,40.07646
-75.88795,44.04855
-75.88697,43.95859
-75.87627,40.48018
-75.87246,41.53186
-75.87016,42.16689
-75.86617,41.45623
-75.86158,41.2537
-75.85888,41.83985
-75.85857,39.99858
-75.85759,44.6442
-75.85076,40.30395
-75.85005,41.51476
-75.84976,41.26391
-75.84571,40.49892
-75.84331,42.21653
-75.84272,42.90144
-75.84173,45.16956
-75.83,41.32605
-75.82411,42.08835
-75.82309,40.49708
-75.81913,37.65564
-75.81876,36.11516
-75.81876,36.32767
-75.8163,39.74236
-75.81299,42.72001
-75.81146,41.3338
-75.80772,39.62182
-75.80721,39.619
-75.807,42.27941
-75.80415,42.02247
-75.80311,40.15147
-75.80289,41.18726
-75.7867,40.15021
-75.78535,40.80367
-75.7817,43.08966
-75.77823,40.0265
-75.7756,39.84789
-75.76866,39.68911
-75.76664,40.00039
-75.75969,40.30825
-75.75962,39.50065
-75.75485,41.05212
-75.75109,39.71958
-75.74992,44.62498
-75.73857,41.60391
-75.73533,40.67764
-75.73403,36.10818
-75.73166,38.34272
-75.73046,45.18052
-75.72729,39.41665
-75.72232,41.48089
-75.71964,39.6631
-75.71902,38.10928
-75.7176,41.39586
-75.71533,44.59372
-75.71479,44.57926
-75.71402,43.13929
-75.71056,39.86681
-75.70726,41.51345
-75.70331,44.52137
-75.70123,41.51723
-75.69581,41.35064
-75.68911,43.27173
-75.67896,40.01164
-75.67756,45.03616
-75.67435,39.69875
-75.67321,45.04758
-75.66966,41.65374
-75.66863,40.02558
-75.66641,39.69917
-75.66613,39.74522
-75.66446,40.0464
-75.6633,41.16821
-75.65962,45.19862
-75.65891,39.70559
-75.65529,44.62204
-75.64798,41.09479
-75.64722,40.23058
-75.63745,41.54669
-75.63714,39.79824
-75.63385,38.63205
-75.62985,40.80942
-75.62722,38.63807
-75.62445,40.25445
-75.62332,39.9173
-75.62128,45.29221
-75.62116,40.29821
-75.62042,40.29636
-75.61394,39.9691
-75.61201,41.5238
-75.61119,43.06052
-75.60999,43.0656
-75.6089,45.25829
-75.59947,39.81482
-75.59926,38.72076
-75.59843,39.79534
-75.5973,42.45231
-75.59699,43.10882
-75.58607,39.1504
-75.58356,38.35867
-75.58276,43.11855
-75.58182,39.75889
-75.58138,44.63075
-75.57851,40.21379
-75.57591,40.32481
-75.57555,38.44296
-75.57447,43.10901
-75.57416,40.18529
-75.57258,40.29759
-75.5711,40.15226
-75.57091,43.09767
-75.57064,38.44052
-75.56973,40.18752
-75.56942,39.17494
-75.56861,40.03895
-75.56795,41.10828
-75.56745,39.79288
-75.56575,39.78293
-75.56478,40.04203
-75.56426,40.24784
-75.56414,40.65157
-75.56208,39.91009
-75.56154,40.3988
-75.56031,40.28409
-75.55947,39.79002
-75.55947,41.58146
-75.55478,40.52497
-75.5528,41.50409
-75.54957,41.35172
-75.54576,45.04563
-75.54406,39.88829
-75.54292,41.60231
-75.54088,39.81632
-75.54025,42.56312
-75.53829,40.59886
-75.53801,41.63416
-75.53774,40.22765
-75.53684,43.25095
-75.53682,39.77282
-75.53634,41.64802
-75.53569,42.82683
-75.5339,43.09509
-75.53205,40.00207
-75.52902,40.20406
-75.52472,40.22347
-75.52443,41.64878
-75.51934,40.10068
-75.51905,43.86901
-75.51416,41.40002
-75.51182,39.559
-75.51091,40.77874
-75.51069,40.54884
-75.50851,40.90853
-75.50622,44.71933
-75.50366,39.92026
-75.4989,45.26065
-75.49152,40.1554
-75.48817,38.35027
-75.48626,40.0989
-75.48601,39.862
-75.4834,42.94091
-75.48133,40.00364
-75.48071,44.94773
-75.47662,39.11486
-75.47544,40.25074
-75.47489,39.09182
-75.47345,39.09262
-75.47212,39.69988
-75.46879,40.02776
-75.46699,40.36223
-75.4656,40.38133
-75.46443,40.66612
-75.45709,44.30642
-75.45246,40.07422
-75.43905,44.98304
-75.43834,43.27046
-75.43543,42.68663
-75.43223,39.97525
-75.43015,41.0941
-75.42532,43.08515
-75.42119,40.12579
-75.42112,41.81462
-75.41913,39.52908
-75.41872,40.08664
-75.41459,40.69897
-75.41454,40.09365
-75.41335,40.09367
-75.41208,43.05569
-75.41168,43.07366
-75.40933,38.898
-75.40832,45.12147
-75.39497,40.75633
-75.39277,42.29685
-75.39088,40.64251
-75.38891,40.13603
-75.38708,40.63905
-75.38701,42.91583
-75.38473,40.12501
-75.38114,40.20824
-75.38059,41.16826
-75.37603,43.07102
-75.374,40.20181
-75.37378,39.95876
-75.37366,40.51542
-75.37308,40.01203
-75.36675,38.78135
-75.36529,43.1675
-75.36418,40.02006
-75.3639,42.91087
-75.36189,39.88566
-75.36182,43.25921
-75.35721,40.32095
-75.35503,43.16752
-75.3548,39.92257
-75.35361,38.6617
-75.33963,40.07716
-75.33687,39.94574
-75.33614,43.05229
-75.33497,43.131
-75.33362,39.99045
-75.3281,39.71412
-75.32754,41.29172
-75.32063,38.59006
-75.32051,43.13169
-75.31913,41.11173
-75.31409,40.00034
-75.31398,43.10311
-75.31394,43.47481
-75.31334,40.12114
-75.31316,43.47298
-75.31306,39.54679
-75.31282,40.08415
-75.31084,39.96694
-75.30876,39.65604
-75.30632,43.08333
-75.30554,44.84853
-75.30276,40.67458
-75.29615,43.16223
-75.29449,40.14873
-75.28826,43.48895
-75.2873,40.06165
-75.28706,40.66828
-75.28693,41.96334
-75.28314,43.11922
-75.28282,43.10415
-75.28216,40.67013
-75.28095,43.68612
-75.28089,39.97093
-75.27925,40.39396
-75.27911,41.19481
-75.27777,41.19937
-75.27602,40.28344
-75.27039,39.97123
-75.26985,40.09348
-75.26819,41.58116
-75.26767,38.35816
-75.26607,40.16063
-75.26488,39.9673
-75.26486,40.76434
-75.26367,38.80245
-75.25976,40.02957
-75.2576,40.07148
-75.25452,40.11266
-75.24609,40.16393
-75.24282,43.0744
-75.23775,40.11287
-75.23344,42.99731
-75.22916,40.11055
-75.2281,44.98659
-75.22575,40.96806
-75.22431,39.3919
-75.22269,39.99621
-75.22235,38.36073
-75.2143,40.06515
-75.20815,43.03039
-75.20594,40.20486
-75.2052,40.1049
-75.20458,40.1853
-75.20054,40.66611
-75.20001,39.86097
-75.19832,40.11965
-75.1938,40.72974
-75.19028,39.98015
-75.18904,42.95511
-75.18796,38.37203
-75.18793,43.12925
-75.18629,44.86225
-75.18584,38.64179
-75.17876,38.25113
-75.17735,40.11011
-75.17727,40.12545
-75.17634,41.9249
-75.17517,38.24887
-75.17285,44.61778
-75.17152,44.90064
-75.16941,39.82347
-75.16771,41.01791
-75.16697,40.12298
-75.16369,38.24574
-75.16247,41.54532
-75.16096,40.20273
-75.1564,38.39234
-75.15407,39.74092
-75.14983,38.39023
-75.14936,40.242
-75.1487,38.39333
-75.14778,40.70984
-75.14773,38.73628
-75.14593,38.74542
-75.14499,38.73494
-75.13949,38.5819
-75.13816,40.73042
-75.1358,44.74436
-75.13469,43.04214
-75.13417,39.52697
-75.13038,38.31234
-75.12835,38.30549
-75.11947,41.00168
-75.11837,40.30718
-75.11227,40.21952
-75.11145,40.08901
-75.10967,40.60454
-75.10924,41.49247
-75.10581,40.05435
-75.10504,40.02005
-75.10442,41.07224
-75.10232,40.01727
-75.09637,40.13345
-75.0897,45.29837
-75.08952,42.38826
-75.08463,39.92868
-75.07,40.23863
-75.06714,44.95342
-75.0661,41.06944
-75.05866,41.05431
-75.0556,40.2081
-75.05278,43.00413
-75.05068,39.73415
-75.04829,41.2966
-75.04651,39.69883
-75.04502,43.18089
-75.04378,40.13121
-75.03277,44.16458
-75.02774,39.87631
-75.01144,39.79098
-75.00997,39.78694
-75.00955,39.7948
-75.00517,39.78777
-75.00348,40.00036
-75.00294,40.10661
-75.00162,40.06139
-75.00074,43.04987
-74.999,39.78681
-74.99726,43.70781
-74.99681,40.22395
-74.9958,40.066
-74.99106,40.7811
-74.98717,39.86465
-74.98683,39.45424
-74.98391,39.51506
-74.98204,39.94809
-74.97781,41.76676
-74.9776,39.85053
-74.9767,40.05556
-74.97296,44.85057
-74.97168,39.7879
-74.96845,40.73808
-74.96668,40.98559
-74.96617,44.95154
-74.96475,42.64217
-74.96461,41.88939
-74.96049,44.63365
-74.95213,39.58925
-74.95212,39.45818
-74.95184,40.09409
-74.94479,39.97785
-74.93318,39.9286
-74.93246,39.84642
-74.92948,40.17897
-74.92368,40.30741
-74.92214,39.50126
-74.92204,42.25546
-74.91809,41.47482
-74.9093,40.6669
-74.90915,41.9476
-74.90741,39.9735
-74.90603,39.97313
-74.89676,40.01645
-74.89238,38.98328
-74.89165,39.84573
-74.89053,39.88136
-74.8856,39.51094
-74.8788,39.8484
-74.86636,39.82846
-74.86566,40.26105
-74.86313,40.17298
-74.86271,39.82756
-74.86124,43.06129
-74.85979,44.92781
-74.84954,40.4718
-74.83803,40.23517
-74.83061,40.9083
-74.82897,41.30705
-74.82745,40.2832
-74.82634,40.44186
-74.81607,40.83434
-74.81503,44.76524
-74.8143,40.2448
-74.81178,40.58128
-74.81033,40.57558
-74.80766,40.57673
-74.80747,41.26383
-74.80687,40.57914
-74.80429,40.03328
-74.80423,40.03333
-74.80305,40.59041
-74.80175,41.7481
-74.79861,39.93893
-74.79289,39.86287
-74.79268,40.20194
-74.79242,40.19956
-74.79237,39.85911
-74.78459,40.36242
-74.78181,40.63393
-74.77544,43.73918
-74.76857,45.03314
-74.76834,40.24518
-74.76734,41.16413
-74.76565,41.80151
-74.76525,40.04151
-74.76485,41.30038
-74.76332,41.30668
-74.76081,39.62645
-74.76036,39.16853
-74.75965,44.95096
-74.75458,41.30681
-74.75411,41.55962
-74.7397,40.79599
-74.73454,45.06357
-74.73286,40.80267
-74.73222,40.64117
-74.72528,40.28032
-74.72261,41.79132
-74.71728,40.52796
-74.71054,40.39921
-74.71048,39.40067
-74.7083,41.03536
-74.70554,40.61701
-74.70486,40.61826
-74.69818,40.65362
-74.6958,40.94953
-74.69553,40.33462
-74.69218,40.11554
-74.68885,41.70476
-74.68491,40.5991
-74.67018,41.37347
-74.66656,41.01729
-74.66103,40.338
-74.65733,40.27653
-74.65622,41.05036
-74.65608,41.75719
-74.65374,45.0413
-74.6527,39.37757
-74.65131,41.04979
-74.65078,41.6669
-74.64789,41.05563
-74.64468,40.27759
-74.64257,40.46283
-74.64207,41.73378
-74.63732,40.58251
-74.63493,39.43618
-74.63488,40.60169
-74.63403,39.28394
-74.63377,40.02048
-74.63357,39.37728
-74.6299,40.01914
-74.62689,40.56564
-74.61858,39.34869
-74.61427,40.65932
-74.61424,41.62995
-74.61411,39.44333
-74.61184,39.31492
-74.61043,42.17251
-74.60201,39.26595
-74.60055,40.51378
-74.60004,39.48276
-74.59721,39.54365
-74.59513,41.11292
-74.59374,40.28107
-74.58868,40.72258
-74.5846,41.13729
-74.58036,40.02966
-74.57364,41.11618
-74.57344,40.92969
-74.56484,41.15164
-74.56354,40.77779
-74.56215,40.33215
-74.56129,40.08528
-74.56095,39.35238
-74.55957,40.50692
-74.55393,40.66542
-74.55292,41.15938
-74.54926,39.51932
-74.54258,39.3674
-74.54185,40.14402
-74.53282,40.71553
-74.53241,41.35155
-74.52384,41.18119
-74.52299,41.18009
-74.52266,40.25398
-74.52249,41.35829
-74.52097,41.17808
-74.52095,45.12077
-74.51479,40.51485
-74.51061,40.13214
-74.49104,40.78235
-74.48891,40.47897
-74.48581,43.15542
-74.48561,40.61349
-74.48065,39.44902
-74.48049,40.79827
-74.47893,44.18794
-74.47529,40.30298
-74.47292,40.87207
-74.47128,41.29232
-74.47072,40.63032
-74.47051,40.3347
-74.47041,40.51835
-74.46813,39.44981
-74.46541,40.30901
-74.46317,40.89953
-74.46162,39.45881
-74.46092,40.54189
-74.45235,42.67711
-74.45163,40.41983
-74.44478,40.32581
-74.44291,40.78589
-74.43713,41.65904
-74.42376,45.08055
-74.41424,41.47696
-74.41266,42.67517
-74.41082,43.47339
-74.40235,41.70728
-74.40154,41.50976
-74.39227,40.59892
-74.38741,40.79614
-74.38565,40.59348
-74.38245,40.76733
-74.38131,40.7683
-74.37663,40.22219
-74.37546,40.65737
-74.37221,41.43305
-74.36834,40.5205
-74.36732,41.93055
-74.36674,41.25108
-74.36487,40.55959
-74.36227,40.2144
-74.36144,40.73356
-74.35811,40.79359
-74.35744,39.58032
-74.35612,40.73823
-74.35513,45.20332
-74.35174,40.62757
-74.3511,43.79061
-74.34224,45.22866
-74.34142,40.74544
-74.33904,42.15036
-74.33847,40.67307
-74.33652,40.16121
-74.33626,43.07319
-74.33345,40.69837
-74.33146,44.34512
-74.33076,39.62029
-74.3297,40.82806
-74.32903,41.2466
-74.32806,40.96399
-74.32422,40.91518
-74.32264,42.99685
-74.31968,43.01723
-74.31264,40.32774
-74.31031,40.24408
-74.30834,40.6344
-74.30256,40.58692
-74.29789,43.78384
-74.29572,40.86246
-74.29149,40.93031
-74.28414,40.0129
-74.28377,42.31398
-74.2822,40.96465
-74.28112,40.24085
-74.28043,40.72571
-74.28041,44.81725
-74.27892,42.30266
-74.2782,41.52538
-74.2767,40.0165
-74.27623,40.80678
-74.2758,44.82055
-74.27449,40.81641
-74.27431,40.41811
-74.27365,41.47349
-74.27192,40.41444
-74.27094,40.86708
-74.26874,40.78781
-74.26799,40.7678
-74.26717,41.77057
-74.26475,42.96171
-74.26203,40.78423
-74.26066,40.93082
-74.25828,41.78969
-74.25804,45.24384
-74.25656,40.68667
-74.24779,40.91506
-74.24749,40.8927
-74.24736,40.10785
-74.24249,43.04575
-74.23959,42.3058
-74.23645,40.30358
-74.23643,40.94627
-74.23234,40.917
-74.23143,41.16452
-74.22762,41.80108
-74.22735,41.46232
-74.20679,41.53108
-74.20656,40.69687
-74.20545,40.55006
-74.2028,39.88633
-74.20094,42.96168
-74.20014,40.27417
-74.18843,40.09063
-74.18501,43.21091
-74.18447,41.31701
-74.18439,40.82072
-74.18301,39.94931
-74.17982,40.17855
-74.17963,40.27841
-74.17851,40.80156
-74.17754,41.29433
-74.17463,41.41915
-74.17425,40.84351
-74.17377,40.03529
-74.17185,40.03909
-74.16782,40.09142
-74.16621,40.28394
-74.16118,41.57966
-74.16116,40.20816
-74.15458,41.81646
-74.1535,40.18663
-74.15169,40.02974
-74.14586,42.19258
-74.14471,40.07006
-74.13731,41.04812
-74.13372,41.05052
-74.1311,41.78124
-74.12206,45.23674
-74.11421,40.58893
-74.10804,42.03403
-74.10583,40.80692
-74.10474,45.29023
-74.1026,43.96125
-74.10214,41.12962
-74.10144,40.62522
-74.09628,40.66298
-74.09603,40.35201
-74.0945,40.35125
-74.09187,40.1532
-74.08845,40.94611
-74.0878,41.76877
-74.08741,40.95269
-74.08258,40.92786
-74.07931,40.94272
-74.07812,40.21968
-74.07469,41.63078
-74.07446,40.694
-74.074,40.29938
-74.06956,40.94444
-74.06259,44.29222
-74.06224,40.37279
-74.05851,40.20114
-74.05738,42.26564
-74.05207,40.40782
-74.05183,41.72037
-74.05095,40.16668
-74.04983,41.13719
-74.04803,41.17164
-74.04539,40.14975
-74.04363,41.71617
-74.04272,40.15489
-74.03969,41.9151
-74.03681,40.97095
-74.03277,40.22947
-74.03098,42.76566
-74.02814,41.20452
-74.02442,41.22664
-74.02431,40.25041
-74.02349,40.96683
-74.01919,40.61258
-74.01741,41.524
-74.01678,40.34829
-74.01626,41.94772
-74.01559,42.17829
-74.01547,41.01263
-74.01334,42.7179
-74.01235,40.24672
-74.00912,41.95278
-74.00678,44.30708
-74.00624,42.35745
-74.00414,41.02616
-74.00389,40.96399
-74.002,42.41869
-74.00175,41.91532
-73.99421,43.04689
-73.99399,41.04914
-73.99324,41.38984
-73.99091,41.17888
-73.98817,41.06903
-73.98377,40.91639
-73.98262,45.05686
-73.98169,41.02392
-73.977,41.51484
-73.96674,41.05083
-73.9648,44.28036
-73.96008,42.11914
-73.95735,42.76413
-73.95454,43.01659
-73.94672,41.37357
-73.94624,41.03359
-73.94258,44.24908
-73.93642,40.92662
-73.92359,42.69976
-73.92253,41.02304
-73.92246,41.66669
-73.92187,41.15454
-73.91958,42.67859
-73.91775,41.64668
-73.91744,42.77896
-73.91696,40.5974
-73.9168,41.38516
-73.91586,41.12809
-73.91564,45.0618
-73.91297,41.66732
-73.9129,42.07465
-73.91146,41.71443
-73.90984,42.64078
-73.90333,40.59016
-73.90059,42.7181
-73.89798,42.78939
-73.89732,42.69356
-73.89653,41.51936
-73.89349,41.22111
-73.891,41.32414
-73.89081,40.88694
-73.88739,41.6859
-73.88499,40.90263
-73.88352,40.88731
-73.88091,42.85997
-73.87951,40.56551
-73.87789,42.24019
-73.8771,42.47305
-73.87517,43.00234
-73.87411,42.76439
-73.87302,42.76009
-73.87098,42.84937
-73.87074,40.93891
-73.86902,42.76071
-73.8679,43.07534
-73.86644,42.76031
-73.85525,42.88923
-73.85341,41.12597
-73.8495,41.29392
-73.84825,40.99369
-73.84593,41.09019
-73.84449,40.97888
-73.84,40.75142
-73.83242,41.1423
-73.83056,43.30143
-73.82671,42.89986
-73.82443,42.75161
-73.82251,41.19515
-73.81929,41.01041
-73.81899,42.64542
-73.81635,42.63915
-73.81467,41.5997
-73.81377,41.26897
-73.81377,41.33129
-73.81247,40.96995
-73.81064,40.9413
-73.80909,43.50899
-73.80656,42.84772
-73.80308,43.08902
-73.80305,40.96852
-73.80288,41.05538
-73.80192,41.01097
-73.7998,41.03663
-73.79939,40.74429
-73.79732,41.68502
-73.79658,43.05526
-73.79631,42.76658
-73.79334,41.24123
-73.78947,41.55125
-73.78858,40.7822
-73.78257,41.13149
-73.77637,43.83322
-73.77637,44.15112
-73.76891,40.99883
-73.76681,40.95379
-73.76666,45.01826
-73.76479,41.57503
-73.76284,41.39048
-73.76254,40.96915
-73.75837,40.98394
-73.75591,40.62223
-73.75386,40.96246
-73.74912,40.76543
-73.74876,40.76527
-73.74692,42.68155
-73.74502,43.13484
-73.74419,43.06004
-73.74294,41.18669
-73.74214,42.72082
-73.73956,40.93562
-73.73928,40.64212
-73.73918,41.00756
-73.73549,40.63802
-73.73523,41.67644
-73.73513,42.98444
-73.73254,40.75242
-73.73062,41.04199
-73.72799,41.39287
-73.72503,41.31502
-73.72391,41.00774
-73.71684,42.58087
-73.71558,41.05219
-73.71329,40.76541
-73.71264,41.0417
-73.71244,40.62116
-73.71124,41.0965
-73.7105,42.90742
-73.70456,40.99894
-73.70372,40.85335
-73.70273,40.98903
-73.70077,42.23618
-73.6992,41.07882
-73.69752,40.95922
-73.69563,42.55654
-73.69266,40.81506
-73.69236,41.77748
-73.69184,41.06836
-73.69097,42.76254
-73.68932,40.63172
-73.68907,41.14798
-73.68751,41.04471
-73.68478,41.03826
-73.68221,40.84824
-73.68191,40.63118
-73.67707,41.22914
-73.67502,42.90691
-73.67481,44.44729
-73.67336,40.81357
-73.67091,43.35019
-73.66832,40.72066
-73.66598,43.58647
-73.66594,42.74854
-73.66574,43.42487
-73.6652,42.46865
-73.66473,40.62706
-73.66255,42.39582
-73.66185,41.05824
-73.65846,40.82238
-73.65611,41.42428
-73.65425,41.21059
-73.64993,43.34001
-73.64831,40.71768
-73.64515,40.73097
-73.64349,40.83554
-73.63814,42.7253
-73.63793,40.69805
-73.63767,43.35681
-73.63547,40.82068
-73.63339,43.37365
-73.63101,43.1833
-73.62838,43.40158
-73.62781,40.67635
-73.62774,41.12603
-73.62329,40.59155
-73.62268,40.62614
-73.62216,40.84574
-73.622,40.89377
-73.62003,43.26159
-73.61421,41.08514
-73.611,41.05436
-73.60925,41.03233
-73.60777,42.14795
-73.60687,40.58964
-73.60435,43.25771
-73.60337,44.21507
-73.60161,45.03883
-73.59846,40.80606
-73.59785,40.89496
-73.59656,41.55574
-73.59459,41.28904
-73.59275,41.16477
-73.59199,45.24303
-73.59168,40.8434
-73.58359,40.85727
-73.58319,41.35793
-73.58126,40.79267
-73.57879,41.63907
-73.57733,45.15571
-73.57591,45.15451
-73.57464,41.35005
-73.57133,41.83075
-73.57046,40.73097
-73.57046,40.7391
-73.5597,41.03147
-73.55918,40.64539
-73.55704,41.06074
-73.55582,40.79201
-73.55559,40.85328
-73.55555,43.31761
-73.55514,40.84089
-73.55362,40.81197
-73.54988,42.58736
-73.54387,40.76991
-73.54325,43.40243
-73.54208,41.41347
-73.53865,43.11279
-73.53447,41.35941
-73.53199,43.0979
-73.52501,41.10556
-73.5226,40.8497
-73.51911,41.41239
-73.51593,42.05914
-73.51593,42.05919
-73.51237,40.82262
-73.50739,43.64118
-73.5057,41.25425
-73.50412,40.59594
-73.50119,41.17363
-73.49486,41.65301
-73.49432,41.09224
-73.48744,41.86608
-73.48343,41.67194
-73.48229,44.60826
-73.48191,40.81792
-73.47552,41.09946
-73.47327,44.04421
-73.47274,41.40605
-73.46843,43.83704
-73.45362,40.7463
-73.45181,42.94058
-73.45055,44.65392
-73.44575,40.74866
-73.44523,44.64122
-73.44353,41.11404
-73.44342,40.8782
-73.44145,44.17919
-73.43937,40.65926
-73.4384,40.65956
-73.43508,41.49601
-73.43208,43.35339
-73.42559,45.18556
-73.42126,45.01287
-73.41883,41.53038
-73.41874,41.21001
-73.41111,41.73502
-73.3936,41.32048
-73.39185,41.09686
-73.39017,40.88897
-73.38992,40.74393
-73.38634,44.99013
-73.38625,41.45362
-73.38274,43.53711
-73.38126,41.69484
-73.37968,43.5562
-73.37868,44.37325
-73.37775,42.16888
-73.37388,41.12937
-73.36971,42.3149
-73.36438,44.1891
-73.3638,41.11218
-73.34692,41.37935
-73.34384,40.67813
-73.34351,40.68332
-73.34311,42.89554
-73.33741,40.63497
-73.33699,42.02072
-73.33306,41.264
-73.33242,40.81588
-73.32647,40.9185
-73.32304,42.2852
-73.31597,40.70529
-73.3157,41.18851
-73.31367,40.89723
-73.31091,43.44535
-73.30413,40.92036
-73.30304,45.24683
-73.30171,44.90861
-73.29792,41.64374
-73.2977,41.39766
-73.28622,40.62354
-73.2854,40.77252
-73.27974,41.12914
-73.27819,41.21936
-73.27692,40.91282
-73.27219,44.63629
-73.27148,41.21565
-73.26934,40.71145
-73.26623,41.12322
-73.26273,45.281
-73.25913,42.30441
-73.25368,42.42383
-73.25205,41.28616
-73.24847,45.28127
-73.2459,41.28616
-73.24504,42.65577
-73.24167,40.79049
-73.24162,41.21503
-73.2345,41.75692
-73.23266,45.24189
-73.23129,42.47884
-73.22476,41.47672
-73.22424,42.47062
-73.22269,41.4944
-73.21873,41.98331
-73.21111,42.89238
-73.20833,40.88525
-73.20588,42.70336
-73.20372,43.64169
-73.20279,41.83135
-73.19886,43.48949
-73.19754,44.39375
-73.19637,44.39816
-73.19391,40.77515
-73.18842,40.90361
-73.16039,45.08081
-73.15164,41.55521
-73.1454,40.71737
-73.13858,42.47848
-73.13431,41.61649
-73.13248,44.36923
-73.12632,42.62005
-73.12548,40.73631
-73.12229,42.44389
-73.1191,41.22393
-73.11352,41.16039
-73.11336,40.9216
-73.11268,43.45026
-73.11091,41.6344
-73.10308,41.31351
-73.10024,40.72603
-73.09939,40.75326
-73.09143,41.83517
-73.08816,44.85502
-73.08794,44.45563
-73.08678,44.50258
-73.0859,41.55814
-73.08164,41.27488
-73.07765,43.81579
-73.07506,41.7498
-73.07267,41.53356
-73.068,44.55636
-73.06753,41.88338
-73.06503,43.1557
-73.06463,40.81994
-73.06434,43.16299
-73.05902,41.50652
-73.05646,44.44026
-73.05475,40.96029
-73.04989,41.25
-73.04548,41.26589
-73.04046,41.41705
-73.02664,41.31595
-73.0186,43.20465
-73.01325,41.31989
-73.01058,41.52406
-73.00365,40.88544
-73.00327,43.68603
-73.00042,40.83678
-72.99971,41.27704
-72.9965,40.92884
-72.99625,40.92612
-72.99339,40.84474
-72.98927,43.62544
-72.98559,41.31947
-72.98259,41.70446
-72.9649,40.84441
-72.96261,40.87213
-72.9584,41.48406
-72.95348,43.54389
-72.95103,40.74811
-72.95075,45.25777
-72.94943,40.9469
-72.94396,41.57089
-72.94267,42.40837
-72.93546,41.39456
-72.9337,42.18775
-72.92586,40.86077
-72.92424,41.5132
-72.90662,41.34888
-72.905,41.43425
-72.90174,41.63643
-72.88891,41.71042
-72.87581,44.1332
-72.86726,41.30833
-72.8667,42.93303
-72.86636,41.56766
-72.86014,41.47048
-72.85394,41.79019
-72.84249,41.88004
-72.82494,43.69812
-72.8241,40.95561
-72.82058,40.84445
-72.8204,41.73323
-72.82012,41.87629
-72.81648,40.83042
-72.80859,41.60433
-72.80815,41.8279
-72.80811,41.82789
-72.80228,41.44351
-72.80085,44.91814
-72.79875,41.6437
-72.79677,42.52361
-72.7954,40.89975
-72.79532,45.42876
-72.79359,43.82721
-72.78366,44.81598
-72.78188,42.13249
-72.78142,41.31533
-72.77736,40.84696
-72.77247,44.52947
-72.7721,41.26965
-72.76751,41.74492
-72.76711,41.70513
-72.76706,41.70517
-72.75856,41.80151
-72.7581,40.916
-72.75463,41.81451
-72.75436,41.86066
-72.75065,41.74151
-72.74331,40.96215
-72.73885,42.08578
-72.7374,41.68837
-72.72874,40.96543
-72.72768,44.35041
-72.7257,41.79416
-72.72055,42.20664
-72.72049,45.39259
-72.71941,41.51342
-72.71427,42.06909
-72.7127,41.57819
-72.70738,44.49561
-72.70544,41.95925
-72.70382,44.47994
-72.7016,42.15667
-72.69884,43.4177
-72.69877,45.31481
-72.69395,42.37382
-72.68736,41.33118
-72.68587,41.7268
-72.68572,42.07092
-72.68415,40.95384
-72.68261,40.94984
-72.68087,40.96413
-72.68017,40.93896
-72.67837,42.03927
-72.67765,40.88141
-72.67405,40.95257
-72.66999,41.80744
-72.66534,42.05122
-72.66333,45.31903
-72.65573,40.81191
-72.65333,41.99286
-72.65308,43.92299
-72.6504,42.03615
-72.64462,40.96217
-72.64365,45.00667
-72.64192,45.30793
-72.64132,45.31327
-72.63915,42.22911
-72.6348,40.92102
-72.62941,45.50814
-72.62531,44.52424
-72.61581,45.09762
-72.61024,42.2756
-72.60901,42.24009
-72.60852,41.58486
-72.60026,42.61992
-72.5972,41.59013
-72.5919,40.81679
-72.59029,41.59206
-72.58928,44.55842
-72.58843,41.79248
-72.58578,42.09845
-72.58433,42.87074
-72.56978,42.04088
-72.56512,41.85619
-72.5633,42.26627
-72.56289,42.6431
-72.56252,42.5955
-72.5567,41.86781
-72.55594,45.25202
-72.5482,40.97021
-72.54698,41.65959
-72.53899,42.04337
-72.5341,42.06398
-72.53111,41.95536
-72.52663,42.36299
-72.52241,42.4207
-72.51897,42.21712
-72.51504,43.61151
-72.50701,42.10354
-72.50472,41.88376
-72.50136,43.19916
-72.49536,41.91097
-72.49334,41.28095
-72.49044,41.00026
-72.48464,41.00557
-72.48325,42.08538
-72.48213,42.08768
-72.48186,42.08504
-72.47461,42.03664
-72.47406,43.34102
-72.46123,41.51358
-72.45991,42.11605
-72.45765,40.9084
-72.45413,42.15869
-72.44925,40.90633
-72.44593,42.70211
-72.44514,41.70064
-72.44138,40.93104
-72.4411,41.68082
-72.44061,40.93193
-72.4398,40.89677
-72.43928,41.67725
-72.43061,42.90488
-72.42612,40.89639
-72.41845,43.06269
-72.41043,42.24246
-72.39929,41.80065
-72.39348,43.50383
-72.37622,42.25282
-72.37194,44.40181
-72.36409,40.98124
-72.35823,41.07752
-72.35669,43.3611
-72.35662,41.1235
-72.34958,41.58924
-72.34871,41.82365
-72.34615,41.44065
-72.34409,41.58819
-72.34045,40.98171
-72.34,40.95011
-72.33256,41.09548
-72.32108,42.93212
-72.31292,42.12168
-72.30831,42.98044
-72.30208,44.56456
-72.29939,45.49395
-72.29812,41.292
-72.29765,40.92875
-72.27715,43.635
-72.26146,40.99723
-72.24273,45.1358
-72.22154,42.5623
-72.21907,41.37948
-72.20851,45.17167
-72.20648,41.29158
-72.19217,44.92747
-72.18905,42.30752
-72.18715,45.22856
-72.18515,41.72629
-72.18155,44.79826
-72.18054,40.95238
-72.17458,43.34974
-72.17203,43.60608
-72.16713,40.9909
-72.16559,44.7654
-72.16024,45.31795
-72.15813,40.98928
-72.13953,41.31893
-72.12791,42.0957
-72.12534,43.9946
-72.11439,41.63854
-72.10094,41.5048
-72.09805,45.2967
-72.09142,42.36611
-72.09077,41.40393
-72.07831,43.40667
-72.07062,42.39969
-72.0692,41.32741
-72.06667,42.83717
-72.06387,45.06975
-72.06362,42.58703
-72.04541,42.0607
-72.04042,41.37851
-72.01756,43.36655
-72.01714,42.12747
-72.01108,44.4925
-72.01075,44.7915
-72.00448,41.31794
-71.99649,42.1398
-71.99472,42.57381
-71.99295,42.5956
-71.9827,41.57602
-71.98217,41.27251
-71.98163,41.89316
-71.97574,45.26483
-71.9715,45.26515
-71.96333,41.94964
-71.95594,42.25491
-71.9481,43.40071
-71.9405,41.28486
-71.93962,41.92102
-71.93877,41.0492
-71.93121,42.54295
-71.92962,42.2895
-71.9279,42.24933
-71.92488,42.04757
-71.91256,41.3818
-71.90845,42.23257
-71.90772,43.36617
-71.90473,42.18765
-71.90237,41.7882
-71.90196,45.01279
-71.89009,41.39803
-71.88936,42.36868
-71.88632,45.27277
-71.87968,42.58872
-71.86871,43.01909
-71.86418,41.3975
-71.86149,42.27431
-71.84812,45.35958
-71.83835,41.89922
-71.83264,45.24026
-71.83087,41.32248
-71.83058,43.17381
-71.83055,43.17334
-71.8299,42.56251
-71.82897,43.1733
-71.82841,43.1747
-71.82771,43.17469
-71.82713,43.17312
-71.82694,43.1739
-71.81325,45.11203
-71.81133,42.21952
-71.80273,42.50401
-71.79369,42.35644
-71.78074,42.32389
-71.77742,42.28564
-71.76176,42.11912
-71.7613,42.60787
-71.75088,41.75183
-71.74148,43.18355
-71.73807,42.15333
-71.7346,42.54694
-71.72275,41.49377
-71.72138,42.33894
-71.7109,41.47101
-71.70817,42.35265
-71.69739,44.28377
-71.69577,44.20708
-71.69392,42.07746
-71.68341,41.4925
-71.6789,42.03099
-71.67104,43.73986
-71.67011,41.9381
-71.66655,41.49485
-71.66451,44.28106
-71.65872,42.10296
-71.6555,41.46705
-71.65287,42.43215
-71.64823,42.28852
-71.63776,41.4947
-71.63614,42.31003
-71.63614,43.50156
-71.63181,43.03726
-71.6316,41.67001
-71.62895,42.40761
-71.62821,42.26642
-71.61365,42.83073
-71.60954,41.88356
-71.60622,41.9455
-71.606,43.3451
-71.60248,41.48962
-71.56632,43.25964
-71.55566,42.26022
-71.5556,42.60131
-71.55409,41.78201
-71.55388,43.47087
-71.54923,42.54118
-71.54675,41.57293
-71.5461,42.71789
-71.54449,42.14621
-71.53166,42.447
-71.52618,42.11292
-71.52589,42.35242
-71.52495,42.29997
-71.52254,43.68742
-71.52107,42.35848
-71.51811,42.4248
-71.51707,41.73984
-71.51361,41.725
-71.51297,43.62042
-71.51296,45.4762
-71.51263,41.58063
-71.51022,41.65778
-71.50971,41.70303
-71.50559,43.95508
-71.50315,42.3832
-71.49925,41.7227
-71.48786,44.89516
-71.4878,44.89488
-71.48657,43.16458
-71.48537,43.50532
-71.48454,42.945
-71.48074,43.03048
-71.47979,42.86328
-71.47647,43.33527
-71.47458,42.02092
-71.47064,41.74174
-71.46388,41.82593
-71.4593,41.83689
-71.4576,41.94676
-71.45712,41.75226
-71.45687,42.55068
-71.4566,42.54911
-71.45242,42.20507
-71.44939,42.88058
-71.44868,42.44323
-71.44629,42.74097
-71.44547,44.2554
-71.44285,42.10712
-71.44113,41.91343
-71.43606,43.51852
-71.43315,44.25316
-71.43235,42.99166
-71.43101,42.78529
-71.42896,41.59903
-71.42769,42.50487
-71.42769,42.50572
-71.42749,41.91501
-71.42416,42.88637
-71.42251,42.71577
-71.41303,42.61916
-71.40796,42.53437
-71.39468,42.65339
-71.39056,42.65548
-71.38514,41.6866
-71.38376,42.44709
-71.38016,46.85975
-71.37898,42.01432
-71.37888,41.8068
-71.37875,42.01517
-71.37875,46.7604
-71.37857,42.28961
-71.37642,46.99201
-71.37552,46.8245
-71.37157,46.74315
-71.37074,43.74473
-71.37019,41.94184
-71.36965,41.50488
-71.36824,42.06913
-71.36765,42.26677
-71.36613,41.78457
-71.36548,46.78794
-71.36537,42.57542
-71.36456,46.92689
-71.36181,46.58726
-71.35852,41.91626
-71.35619,41.91668
-71.35183,41.99455
-71.34583,42.62542
-71.33721,41.87775
-71.33299,44.88368
-71.33114,41.73289
-71.33114,46.80419
-71.32897,41.91561
-71.32421,46.86264
-71.32178,41.86782
-71.31978,43.04564
-71.31445,42.88663
-71.31432,46.7185
-71.31191,42.81871
-71.31183,42.56525
-71.30334,41.53778
-71.2995,46.87829
-71.29908,42.08828
-71.29261,41.82171
-71.28174,46.09457
-71.2799,46.9659
-71.27856,41.82624
-71.27722,46.9643
-71.27557,41.85387
-71.27379,41.7603
-71.27298,46.96697
-71.27192,46.78624
-71.27052,41.7006
-71.26904,42.64271
-71.26844,42.50331
-71.26632,41.60607
-71.266,41.56574
-71.2652,41.80091
-71.2651,42.33222
-71.26091,46.66346
-71.26029,42.65293
-71.25426,42.45834
-71.2531,41.53069
-71.25249,42.04001
-71.25017,41.78903
-71.24544,42.92026
-71.24453,42.75458
-71.2428,42.45591
-71.24234,43.3782
-71.23741,42.14398
-71.23552,42.69505
-71.23491,41.97352
-71.23375,41.63688
-71.23344,42.55242
-71.23342,42.42499
-71.23326,42.33316
-71.23245,42.13349
-71.22665,41.74012
-71.22399,41.97876
-71.22304,41.9493
-71.21501,46.86952
-71.21234,42.8553
-71.21071,46.66988
-71.20531,46.99291
-71.20244,42.59685
-71.20239,42.59686
-71.1939,43.57684
-71.18795,44.14661
-71.18761,44.11603
-71.18569,41.47441
-71.18565,46.02843
-71.1851,46.76351
-71.18255,42.15286
-71.18222,44.1562
-71.18182,42.19869
-71.18025,42.75378
-71.17642,42.81936
-71.17451,42.15743
-71.17417,42.2196
-71.17391,43.7876
-71.17356,42.3435
-71.17133,42.37505
-71.1705,42.66875
-71.16738,42.6426
-71.16447,46.80004
-71.16388,42.46508
-71.16273,42.43825
-71.16051,42.11159
-71.15719,44.3876
-71.15653,42.31164
-71.15548,42.38567
-71.1546,46.89379
-71.15173,42.19493
-71.15116,46.90269
-71.15066,42.31349
-71.14982,46.90334
-71.13876,42.18314
-71.13727,44.05161
-71.13326,42.26766
-71.13176,46.8503
-71.12922,42.1986
-71.12788,42.79927
-71.12576,41.90073
-71.1255,41.75609
-71.11975,42.59933
-71.11924,42.16411
-71.11337,42.48423
-71.11216,42.79527
-71.11176,42.48661
-71.10954,42.59334
-71.10742,41.51014
-71.09682,42.50049
-71.09321,42.30054
-71.09012,42.01744
-71.08953,42.69164
-71.08638,42.73108
-71.08418,42.02118
-71.08157,42.86238
-71.0779,42.23746
-71.07767,43.23319
-71.0752,42.10616
-71.07024,46.46099
-71.06164,42.36555
-71.0514,43.38395
-71.04874,42.07798
-71.04766,42.46629
-71.04668,42.53399
-71.04571,43.06967
-71.0442,41.64007
-71.04262,42.27
-71.03981,42.55952
-71.03738,42.10558
-71.03692,42.77733
-71.03672,42.52191
-71.02988,42.49473
-71.02522,42.04885
-71.0228,42.25664
-71.02154,42.04285
-71.01375,42.19258
-71.01134,42.71451
-71.00863,41.9491
-70.99759,43.14769
-70.99238,42.01451
-70.9881,46.88595
-70.9822,42.92218
-70.9766,42.37705
-70.97548,43.69038
-70.9746,41.64309
-70.97355,41.62558
-70.97281,43.26217
-70.97148,41.86676
-70.96992,42.5327
-70.96938,41.88366
-70.95969,41.65805
-70.95812,41.99518
-70.95258,42.09639
-70.9451,41.86671
-70.94089,43.0535
-70.94027,42.9909
-70.93571,42.51123
-70.93028,42.71938
-70.93009,43.04441
-70.92898,42.42316
-70.92774,42.12347
-70.91425,42.0631
-70.91301,47.06774
-70.9121,42.86153
-70.91204,42.1864
-70.90846,42.50153
-70.9044,42.11883
-70.90411,43.27266
-70.90387,42.53973
-70.89917,42.48056
-70.89883,42.23133
-70.89785,42.56112
-70.89384,41.71727
-70.89227,42.75277
-70.89038,47.07435
-70.88969,44.14659
-70.88359,42.59901
-70.88155,43.38811
-70.87334,46.86382
-70.86244,45.50479
-70.86189,43.01374
-70.85716,42.60965
-70.85086,43.19631
-70.84698,41.98758
-70.84473,43.20076
-70.84132,42.99577
-70.83756,41.74309
-70.83572,43.04822
-70.83385,46.48875
-70.83156,42.0814
-70.8273,41.65683
-70.81948,43.06736
-70.81675,43.01735
-70.80102,43.24312
-70.78773,44.39693
-70.77924,42.64957
-70.77619,42.97721
-70.77598,43.94337
-70.76179,42.58494
-70.7615,46.26265
-70.7495,41.71159
-70.74166,43.19598
-70.73738,43.40944
-70.73308,41.97774
-70.73163,42.17967
-70.7314,43.37723
-70.72174,42.17634
-70.72137,41.68515
-70.7132,42.07951
-70.69964,46.6217
-70.69676,46.62503
-70.695,44.9639
-70.68821,42.08635
-70.6823,42.039
-70.66748,41.72908
-70.66138,41.53139
-70.64203,41.74937
-70.63828,42.60892
-70.62378,41.89587
-70.61877,41.89042
-70.61085,46.19323
-70.60844,41.68792
-70.60786,41.90312
-70.60759,41.93394
-70.606,42.6478
-70.60365,46.1957
-70.60229,41.63623
-70.59698,44.21647
-70.59627,44.9712
-70.59429,41.63312
-70.59151,41.79553
-70.59147,43.22335
-70.58103,43.35183
-70.56068,41.65066
-70.55982,41.62061
-70.55754,43.60561
-70.55735,41.39262
-70.55221,41.5945
-70.54826,43.45877
-70.54507,41.62672
-70.53274,47.44853
-70.52506,41.3996
-70.52361,46.42186
-70.52165,43.83254
-70.51306,44.54146
-70.49871,43.34968
-70.49738,44.25757
-70.48781,43.3762
-70.47958,43.37309
-70.47812,43.51336
-70.47524,45.119
-70.45787,41.67969
-70.44901,41.68
-70.44793,41.71906
-70.4445,41.61586
-70.40988,43.50098
-70.40542,44.04569
-70.39492,41.68347
-70.36968,43.70546
-70.36378,44.03002
-70.34979,43.57869
-70.33551,44.05244
-70.33361,43.90101
-70.32321,41.68508
-70.31987,43.54124
-70.31512,43.71492
-70.31177,41.63439
-70.30794,43.62841
-70.30477,43.59032
-70.29665,41.64334
-70.2948,47.16427
-70.26657,44.05677
-70.25971,43.7371
-70.25382,44.15904
-70.2433,43.60862
-70.23911,43.79754
-70.23113,41.68287
-70.17977,41.72589
-70.17671,41.67565
-70.17434,41.68625
-70.16063,47.64625
-70.15281,41.73149
-70.14367,44.03567
-70.13394,43.83544
-70.12178,41.25917
-70.10534,43.75078
-70.08265,44.2219
-70.07955,41.67237
-70.06842,43.80346
-70.06103,42.03786
-70.06024,41.69724
-70.05529,41.93067
-70.05369,41.75925
-70.01591,41.73231
-70.01279,41.73915
-70.0002,41.72879
-69.99793,43.91691
-69.9832,41.2677
-69.9822,41.71587
-69.98127,41.2654
-69.97998,44.15598
-69.96901,41.27827
-69.93846,44.87303
-69.93838,43.87325
-69.89845,43.91269
-69.879,44.51504
-69.85081,43.94169
-69.78946,47.02317
-69.78511,44.82672
-69.73052,45.69281
-69.70048,44.54062
-69.69371,44.32642
-69.66672,44.42447
-69.66351,44.53167
-69.65062,44.7315
-69.6314,44.17865
-69.62259,43.87555
-69.60697,44.56283
-69.5258,44.67173
-69.39436,44.79439
-69.35944,45.17554
-69.34682,44.85399
-69.30106,45.01773
-69.29026,47.50767
-69.21326,45.20173
-69.13542,44.57108
-69.08396,44.12172
-68.97423,44.37712
-68.95199,47.67381
-68.91534,44.28258
-68.88698,44.81983
-68.86725,44.13505
-68.79495,44.79187
-68.78006,44.75649
-68.7693,44.76008
-68.74107,44.58963
-68.71508,44.7638
-68.70176,44.19704
-68.70116,45.66291
-68.68441,44.86068
-68.65886,47.23011
-68.59942,44.70431
-68.57681,44.40226
-68.50945,44.82267
-68.47701,45.39796
-68.47199,46.76812
-68.3403,47.38062
-68.32458,44.29024
-68.29625,44.3045
-68.22571,47.21641
-68.21472,44.37654
-68.20948,46.02869
-68.09852,44.38713
-68.04474,46.89366
-67.94575,46.09995
-67.9424,46.71928
-67.92085,46.94668
-67.83244,46.5322
-67.78206,46.80311
-67.77893,47.05377
-67.76116,46.07862
-67.63751,46.44235
-67.62217,44.63741
-67.58321,46.15694
-67.548,46.30238
-67.39619,47.50121
-67.38588,46.90449
-67.2523,45.1774
-67.24806,45.20264
-67.24319,46.01079
-67.07242,45.08175
-66.93226,44.88064
-66.84136,44.65815
-66.78057,45.14119
-66.71224,45.99738
-66.6834,45.95911
-66.63977,46.00035
-66.61372,45.93706
-66.606,46.10007
