lon,lat
-124.81139,49.23538
-124.78774,49.26496
-124.39219,43.11795
-124.3869,47.94178
-124.26142,40.57748
-124.23367,43.40508
-124.22455,43.41083
-124.21513,43.3764
-124.20212,47.20898
-124.19219,40.76902
-124.17647,43.57798
-124.16518,40.78316
-124.16179,47.00491
-124.15722,47.04469
-124.15178,40.5799
-124.0912,46.8
-124.07119,40.858
-124.05238,46.34789
-124.05158,44.65348
-124.05103,48.82687
-124.02973,49.21916
-124.02806,49.21207
-124.00951,44.98065
-124.004,49.20846
-123.98359,49.19398
-123.9775,49.19367
-123.97725,49.19406
-123.97705,49.19306
-123.97638,49.19355
-123.97635,49.19314
-123.96823,49.19172
-123.96169,45.88905
-123.94593,44.62447
-123.92834,45.71918
-123.92239,45.98607
-123.92094,45.94234
-123.91868,46.14191
-123.91106,46.0186
-123.91083,46.0211
-123.9106,46.01563
-123.88661,46.97727
-123.86848,49.11184
-123.8611,46.97189
-123.85993,46.18515
-123.8455,45.48365
-123.84509,45.45959
-123.84053,46.97494
-123.83782,46.96756
-123.81809,46.18974
-123.79813,39.30748
-123.79801,46.19411
-123.79595,40.09932
-123.77989,46.96196
-123.7716,46.36433
-123.76931,39.223
-123.76859,46.95277
-123.75439,46.68305
-123.73121,46.68439
-123.72432,48.37636
-123.7193,48.37833
-123.71537,48.91744
-123.69425,48.7597
-123.69258,48.75956
-123.69248,48.75956
-123.68724,38.97013
-123.64655,42.17033
-123.59295,48.6957
-123.57834,46.16736
-123.55785,48.65157
-123.54255,48.45295
-123.53425,38.77201
-123.51677,48.85393
-123.50881,48.44256
-123.50544,48.44585
-123.50522,48.44589
-123.49819,48.85352
-123.48216,39.68753
-123.46944,48.44619
-123.44797,46.99625
-123.44359,46.99705
-123.40541,47.00341
-123.40143,48.64906
-123.39948,48.10567
-123.38947,47.00607
-123.3879,48.48032
-123.38359,46.20323
-123.38276,48.43317
-123.3676,44.54087
-123.36623,42.41927
-123.36561,48.43903
-123.36289,48.10744
-123.35343,48.42912
-123.35185,39.40636
-123.35148,44.54071
-123.34945,43.22499
-123.34328,48.88989
-123.33822,48.41294
-123.32693,42.43903
-123.3268,44.54676
-123.29811,43.4221
-123.29735,46.57025
-123.29349,48.80702
-123.2814,48.77852
-123.275,44.58759
-123.26726,48.84439
-123.26608,44.55798
-123.26178,44.56102
-123.24005,48.09008
-123.21767,48.0862
-123.2116,39.17458
-123.20782,46.1056
-123.20181,44.2197
-123.1969,48.08244
-123.19634,39.13031
-123.19388,45.224
-123.18875,39.78005
-123.18629,45.22649
-123.17492,48.08023
-123.16743,42.4334
-123.16574,48.0788
-123.1655,44.05187
-123.16326,44.04765
-123.16107,44.10051
-123.1508,44.05674
-123.14557,49.20539
-123.14466,49.20495
-123.14303,47.40648
-123.14265,49.26724
-123.13433,49.29032
-123.13049,49.28009
-123.12564,44.05285
-123.12059,44.05546
-123.1143,49.26429
-123.11326,49.28348
-123.11178,49.26497
-123.10986,49.28051
-123.1084,48.07892
-123.10397,49.26436
-123.10042,44.63827
-123.10025,49.2056
-123.10005,49.19172
-123.09936,49.1926
-123.09911,47.21487
-123.09741,49.19169
-123.09681,49.19169
-123.09429,47.1583
-123.09403,49.27205
-123.09114,49.19353
-123.09106,49.19315
-123.09041,44.02791
-123.09023,49.25302
-123.08818,49.19362
-123.08805,49.20413
-123.08613,38.53443
-123.08366,49.19223
-123.08366,49.19228
-123.08366,49.19243
-123.08337,49.19255
-123.08263,49.18777
-123.08253,49.09083
-123.08034,49.20989
-123.07929,49.25151
-123.07777,49.2752
-123.07424,49.19304
-123.07377,49.20588
-123.06805,49.24676
-123.06804,49.02369
-123.04294,44.04559
-123.03928,44.90452
-123.02426,49.26993
-123.02228,48.52557
-123.02126,46.80488
-123.01802,49.26972
-123.01775,44.91795
-123.01706,48.53325
-123.01689,38.79249
-123.01476,49.13885
-123.01083,44.91992
-123.01053,44.96229
-123.00551,45.51857
-123.00332,49.14466
-122.99886,47.05073
-122.99493,44.91878
-122.99221,49.26103
-122.99043,44.98913
-122.99028,49.26115
-122.98956,46.73497
-122.98937,38.50737
-122.98915,44.89478
-122.98764,49.26237
-122.98447,44.39507
-122.98205,44.96825
-122.98012,49.26325
-122.97997,49.22093
-122.97995,49.22114
-122.97992,46.67437
-122.97865,46.65705
-122.97675,46.68155
-122.97308,49.21838
-122.97231,49.25387
-122.97184,46.66103
-122.97088,46.66606
-122.97057,46.66588
-122.96767,44.04607
-122.96632,49.16493
-122.96533,42.31595
-122.96229,49.16098
-122.96172,47.03982
-122.95919,45.30195
-122.9582,46.6565
-122.95759,45.52908
-122.95645,45.5381
-122.95486,44.04611
-122.95361,47.04665
-122.95177,49.21759
-122.94798,38.4086
-122.94587,49.19087
-122.94043,47.03091
-122.94022,46.63691
-122.93961,47.04383
-122.93904,49.22486
-122.93845,46.4958
-122.93792,47.03867
-122.93673,46.49366
-122.93596,46.08978
-122.93579,49.25589
-122.93453,49.21098
-122.9337,46.62983
-122.93328,46.95199
-122.93294,46.63156
-122.92977,47.02634
-122.9294,47.02592
-122.92651,46.62886
-122.92447,43.96206
-122.92389,46.14738
-122.92352,46.61718
-122.91872,46.61389
-122.91758,49.24957
-122.91745,46.61304
-122.91042,46.27645
-122.91004,46.57622
-122.90687,45.49844
-122.90589,46.18563
-122.90307,46.60125
-122.89856,42.34676
-122.89493,42.35138
-122.89244,38.47377
-122.89219,46.1962
-122.88898,49.11793
-122.88863,46.58523
-122.88049,45.7638
-122.87872,45.75141
-122.8773,42.34014
-122.87187,38.62659
-122.86939,49.23499
-122.86842,49.15193
-122.86647,49.24793
-122.86255,49.14807
-122.85668,42.38331
-122.85544,49.22746
-122.85517,42.40636
-122.8531,42.31263
-122.85119,49.13501
-122.84871,44.70496
-122.84641,47.04808
-122.84555,46.43916
-122.84522,46.0082
-122.83477,49.22838
-122.83456,49.03171
-122.82813,47.45198
-122.82515,47.03698
-122.81964,43.91599
-122.81828,48.08136
-122.81691,49.19901
-122.81634,42.60629
-122.81244,49.2771
-122.80286,38.06601
-122.79932,45.06808
-122.79927,48.10356
-122.79728,47.04986
-122.79713,47.0501
-122.79346,45.40299
-122.78744,45.0073
-122.78354,49.04933
-122.77805,49.26508
-122.77152,38.45337
-122.77003,47.05501
-122.7693,42.23762
-122.76707,47.05584
-122.76668,47.05927
-122.76373,45.30907
-122.76347,47.3687
-122.76202,45.91989
-122.76148,49.27835
-122.7608,49.152
-122.75738,49.2784
-122.75713,49.27145
-122.75281,45.92448
-122.75258,48.11717
-122.75104,45.46638
-122.75053,45.42143
-122.74691,45.58958
-122.74501,47.34045
-122.74497,47.34017
-122.74116,38.42935
-122.73914,38.47252
-122.73672,47.51373
-122.73581,45.39678
-122.7329,49.10366
-122.73197,48.99266
-122.72913,48.97403
-122.7213,38.39277
-122.7209,46.53166
-122.7196,47.06587
-122.71442,38.42346
-122.71411,38.41793
-122.71343,38.38692
-122.70745,44.40104
-122.70658,44.40123
-122.70352,45.46311
-122.69698,47.6484
-122.69335,47.52525
-122.6877,45.52687
-122.68713,49.10669
-122.68225,47.56576
-122.68195,49.10574
-122.68141,49.1038
-122.67958,45.62825
-122.6795,49.10863
-122.67946,49.1095
-122.67888,45.62756
-122.67709,49.1102
-122.67612,45.55592
-122.67238,49.10463
-122.67073,49.22114
-122.66857,38.42679
-122.66739,47.5605
-122.6658,49.11858
-122.66547,47.38923
-122.66447,49.11859
-122.66321,49.22018
-122.66305,45.51417
-122.66305,47.57158
-122.66303,45.667
-122.66217,45.51401
-122.6621,45.51474
-122.66185,45.53954
-122.66181,45.68242
-122.66115,45.56802
-122.66061,47.57056
-122.6604,45.51352
-122.66024,45.51487
-122.66008,45.51412
-122.66006,49.17765
-122.65492,45.52276
-122.65475,48.29814
-122.65466,45.34984
-122.65443,45.51924
-122.65148,47.77286
-122.65128,47.76363
-122.64412,41.70104
-122.63985,45.44352
-122.63942,47.73962
-122.63935,38.23279
-122.63872,41.72654
-122.63834,49.16346
-122.63832,45.66796
-122.63647,45.52906
-122.627,45.41166
-122.62606,45.6812
-122.62478,47.53279
-122.62468,45.40885
-122.62314,38.24985
-122.62195,45.53493
-122.61909,45.54849
-122.61364,48.51318
-122.61167,48.50751
-122.60968,45.47165
-122.60581,45.63696
-122.60095,45.45698
-122.59766,45.48984
-122.59439,46.93684
-122.59232,49.22025
-122.59136,37.98824
-122.5911,45.56812
-122.59102,45.33328
-122.59093,45.649
-122.59084,45.62581
-122.58154,47.30194
-122.58028,47.30857
-122.57889,45.32111
-122.57833,38.57938
-122.57057,38.09716
-122.56121,45.66719
-122.55571,45.61727
-122.55519,45.53335
-122.55364,45.5595
-122.55235,45.70734
-122.55004,45.70331
-122.54948,45.66899
-122.5493,45.53382
-122.54686,48.46187
-122.54654,45.77916
-122.54611,47.18064
-122.5431,48.46358
-122.54062,37.94366
-122.54039,37.94357
-122.5344,37.99603
-122.52617,48.00813
-122.52482,48.00982
-122.52413,37.88128
-122.52393,37.88089
-122.51823,48.00939
-122.51692,37.89563
-122.51423,45.51951
-122.5141,47.27355
-122.50935,47.25685
-122.5083,37.95742
-122.50754,37.96222
-122.50478,45.63681
-122.50243,45.62049
-122.50176,37.757
-122.49732,37.75349
-122.49096,37.75376
-122.49031,37.64974
-122.49007,47.16916
-122.48775,37.85999
-122.48764,45.54554
-122.48685,47.25504
-122.48665,48.96761
-122.48649,48.93873
-122.48643,48.76158
-122.4858,37.74247
-122.48523,37.78026
-122.4852,47.1591
-122.48363,37.75781
-122.4823,37.76347
-122.48203,46.52862
-122.48013,48.93516
-122.47291,48.7307
-122.47099,48.75545
-122.46979,48.44676
-122.46542,37.69083
-122.46489,47.15841
-122.4646,48.75739
-122.46291,37.78291
-122.46267,47.23419
-122.46083,48.77424
-122.46027,48.00127
-122.46025,37.70689
-122.45921,38.27652
-122.45917,37.72467
-122.45404,48.94266
-122.45304,48.75508
-122.45236,37.78633
-122.45234,48.94316
-122.44804,48.75397
-122.44711,45.91539
-122.44342,48.78246
-122.4405,37.71632
-122.43752,37.77434
-122.43574,37.79758
-122.43375,37.78492
-122.43315,37.78473
-122.43156,37.46881
-122.43127,47.24064
-122.43079,37.46935
-122.42969,37.78571
-122.42903,37.46407
-122.42852,37.76762
-122.42723,37.62627
-122.42438,48.44706
-122.42237,37.77654
-122.42193,37.79771
-122.42183,37.766
-122.42131,37.79156
-122.42105,37.75455
-122.42102,37.79135
-122.41794,37.80689
-122.41779,37.79108
-122.4168,37.76942
-122.41648,37.79579
-122.41386,37.73882
-122.41373,37.7685
-122.41146,45.51796
-122.41056,37.65514
-122.41048,37.77938
-122.4104,37.77208
-122.41026,37.79673
-122.40812,37.77717
-122.4081,37.79856
-122.40738,37.77614
-122.40732,37.77609
-122.40715,37.79891
-122.40713,37.77514
-122.40611,37.79709
-122.40564,37.7783
-122.40484,37.78475
-122.40451,37.74503
-122.40429,37.79461
-122.40419,37.7692
-122.40337,37.74665
-122.40232,37.68455
-122.40182,45.58641
-122.39908,37.79248
-122.39815,47.64028
-122.39545,37.74546
-122.39535,37.72874
-122.39474,47.99111
-122.39218,37.73136
-122.39036,37.73441
-122.38799,37.75262
-122.38724,37.75058
-122.38185,47.6637
-122.37987,48.45875
-122.37978,47.66435
-122.37954,41.41335
-122.37836,47.80639
-122.37788,49.04151
-122.37756,47.66475
-122.37749,49.0414
-122.37739,47.65527
-122.37704,47.56361
-122.37691,37.596
-122.37569,47.66481
-122.37503,37.59434
-122.37454,47.69447
-122.37257,47.65562
-122.37014,37.59115
-122.36959,37.59231
-122.36839,47.66425
-122.36795,37.5919
-122.36786,37.59185
-122.36489,48.24186
-122.36243,47.28382
-122.35916,47.15486
-122.35773,48.42516
-122.35725,47.25393
-122.35552,47.6809
-122.35354,48.24298
-122.35031,47.65976
-122.3493,49.04457
-122.34903,49.04431
-122.34632,37.57761
-122.34513,47.24051
-122.34432,47.76251
-122.34418,41.34129
-122.33978,45.57594
-122.3396,47.61254
-122.33766,47.55997
-122.33765,49.04132
-122.33705,47.42404
-122.33633,47.55305
-122.33613,48.40072
-122.33555,47.46712
-122.33554,47.66117
-122.33543,47.25532
-122.33379,47.57703
-122.33326,45.28747
-122.33275,48.47568
-122.32954,47.79883
-122.32939,47.5771
-122.32918,48.38699
-122.32906,48.23607
-122.32896,48.40179
-122.32859,47.56918
-122.32426,47.44072
-122.32379,47.51655
-122.32317,47.56321
-122.32224,47.54856
-122.32222,47.54834
-122.32222,47.5484
-122.32219,37.56863
-122.32218,47.58081
-122.32018,47.70967
-122.31991,47.54902
-122.31972,47.54904
-122.3187,47.54736
-122.31815,47.54736
-122.31369,47.32444
-122.31295,49.05272
-122.30967,37.89751
-122.30948,37.91398
-122.30898,37.98902
-122.30312,37.86843
-122.30294,37.90084
-122.30195,37.87904
-122.30143,49.13237
-122.30064,49.13283
-122.29959,47.05425
-122.29804,49.06057
-122.29746,40.56132
-122.29648,47.3925
-122.29571,47.25126
-122.29491,47.19317
-122.29484,47.72164
-122.29385,47.90061
-122.29302,47.71948
-122.29292,47.71948
-122.29227,49.04952
-122.29221,40.44189
-122.29175,47.13004
-122.29156,40.44029
-122.29072,47.46043
-122.29053,47.82059
-122.28997,47.79114
-122.28978,49.03199
-122.28687,37.8535
-122.28487,49.04684
-122.28109,47.88312
-122.28058,47.88503
-122.28034,47.51918
-122.27988,47.82586
-122.27899,47.75438
-122.27896,49.04087
-122.27869,47.8799
-122.27868,47.63571
-122.27726,49.03913
-122.27719,49.04018
-122.27704,49.04017
-122.27577,49.04019
-122.2754,49.03775
-122.2721,41.21038
-122.27173,49.02857
-122.27086,37.87115
-122.27086,49.02363
-122.26859,49.02265
-122.26853,49.02248
-122.26797,49.03046
-122.26794,37.80063
-122.26704,49.02825
-122.26685,37.85657
-122.26615,37.79876
-122.26576,37.86407
-122.26573,49.00539
-122.26517,47.88285
-122.2651,47.1889
-122.26493,47.88148
-122.26386,47.19154
-122.26175,46.86602
-122.26129,47.89214
-122.26105,47.29245
-122.26079,47.44831
-122.25995,37.85286
-122.25953,47.48868
-122.25838,37.82758
-122.2566,47.24431
-122.25655,47.44594
-122.25621,47.24346
-122.25559,38.133
-122.2553,47.44698
-122.25521,47.44423
-122.25517,37.42999
-122.25506,47.24098
-122.25336,37.50906
-122.25184,37.84319
-122.25182,37.7559
-122.25177,47.2308
-122.25071,37.50254
-122.24939,47.25373
-122.24879,47.42465
-122.24792,47.75777
-122.24673,47.39077
-122.24668,47.39158
-122.24662,37.78915
-122.24466,47.442
-122.24371,47.44602
-122.24072,47.20341
-122.23722,37.4955
-122.23439,47.44024
-122.23412,47.58623
-122.23169,47.32662
-122.23075,47.37477
-122.22975,37.4561
-122.22951,47.36582
-122.22908,47.36588
-122.22838,47.39336
-122.22743,47.40241
-122.22689,40.16736
-122.22683,47.30391
-122.22624,47.92227
-122.22607,47.3399
-122.22311,37.77258
-122.22142,47.33658
-122.21625,47.91349
-122.21288,47.94852
-122.21216,47.95298
-122.21034,47.83582
-122.20798,37.37248
-122.20746,47.89874
-122.20741,37.4756
-122.20594,47.09711
-122.20054,47.38852
-122.19747,39.73942
-122.19739,37.81184
-122.19716,47.96797
-122.19548,47.49652
-122.19518,47.48766
-122.19447,39.52284
-122.19438,39.90683
-122.1932,39.92864
-122.18896,48.09292
-122.1867,48.14604
-122.18423,37.45224
-122.18423,48.12925
-122.18365,48.02573
-122.18356,48.05504
-122.18286,47.70327
-122.18276,47.69928
-122.18205,47.75639
-122.18171,47.70066
-122.18119,37.87835
-122.18084,47.70178
-122.18077,47.69992
-122.18076,47.70069
-122.17954,39.92914
-122.17509,48.0802
-122.17432,47.70488
-122.17418,48.0985
-122.17244,37.43197
-122.16965,47.7103
-122.16936,47.71261
-122.1679,37.74115
-122.16589,47.66498
-122.16583,47.62928
-122.16547,38.06586
-122.1649,47.6228
-122.16376,47.75544
-122.16092,47.62349
-122.15983,47.71217
-122.1589,47.50391
-122.15791,37.42915
-122.1568,47.74218
-122.14972,39.1551
-122.14936,39.15697
-122.14674,38.21337
-122.1439,47.78688
-122.14387,47.80287
-122.14381,39.15891
-122.14326,37.70076
-122.12768,37.83625
-122.12482,47.83722
-122.12383,47.37198
-122.11807,37.40495
-122.1153,47.35835
-122.11326,47.9487
-122.11075,47.85901
-122.11016,37.4089
-122.10923,37.65225
-122.10708,48.00018
-122.10334,47.49748
-122.10098,37.41558
-122.0981,37.39338
-122.09087,37.41465
-122.09048,47.5061
-122.08951,37.09003
-122.08909,37.38807
-122.08881,37.41353
-122.08832,47.91387
-122.08089,38.23408
-122.07632,38.2479
-122.06694,37.33629
-122.06615,37.98047
-122.05996,37.95627
-122.05957,38.26293
-122.05956,37.95515
-122.05905,37.9763
-122.0564,38.24906
-122.04441,36.96113
-122.04368,47.55495
-122.03716,37.5922
-122.03518,47.54394
-122.03237,37.84873
-122.03143,37.35267
-122.02994,36.98242
-122.02692,36.97314
-122.02639,37.04682
-122.02401,36.96903
-122.02232,38.24452
-122.01487,37.92613
-122.01279,37.05314
-122.01134,37.05211
-122.01035,37.055
-122.00053,37.53661
-121.99732,47.86701
-121.99711,37.37683
-121.99661,37.38208
-121.99569,47.19745
-121.99483,37.32388
-121.99368,37.96221
-121.99356,37.29288
-121.9882,37.9644
-121.98556,37.35213
-121.98546,47.73889
-121.98478,37.22144
-121.98443,47.20503
-121.98342,47.20979
-121.98337,47.20622
-121.98141,37.77894
-121.98129,47.19993
-121.97854,37.23351
-121.97255,47.82446
-121.97117,47.82711
-121.96997,38.52161
-121.96957,47.83623
-121.96954,47.83759
-121.96628,36.97312
-121.9623,37.53419
-121.96165,47.85775
-121.96107,37.24072
-121.96068,37.23978
-121.95816,49.15441
-121.95776,49.15957
-121.95727,37.94896
-121.95681,49.1377
-121.95648,37.24688
-121.95074,37.36131
-121.95073,38.02658
-121.94879,37.36328
-121.94708,37.36585
-121.94505,37.28647
-121.93062,37.29113
-121.92641,37.71169
-121.9261,47.85608
-121.92422,37.7072
-121.92007,37.79775
-121.91812,37.26205
-121.91561,37.34331
-121.91187,37.33181
-121.91097,37.32237
-121.91096,37.37809
-121.91036,36.53655
-121.90968,37.37658
-121.90833,37.69985
-121.90682,37.38195
-121.90581,37.33195
-121.90516,37.36775
-121.90476,37.37484
-121.90224,37.36211
-121.90039,37.32528
-121.90013,37.36123
-121.90009,37.3601
-121.89642,37.3601
-121.89454,37.38197
-121.89426,47.56981
-121.89416,37.37512
-121.89415,37.33783
-121.89103,37.36452
-121.88987,37.24443
-121.88867,37.42763
-121.88725,37.24701
-121.88648,37.36457
-121.88644,37.42818
-121.8781,37.36479
-121.87524,37.67779
-121.87413,37.32124
-121.86903,37.30582
-121.86881,37.30599
-121.86808,37.36445
-121.86542,39.75583
-121.86434,37.35117
-121.86422,37.30613
-121.86398,37.24915
-121.86354,39.75695
-121.86252,37.22034
-121.86227,37.31253
-121.85715,37.30894
-121.85167,37.31239
-121.84948,36.60941
-121.84906,36.60277
-121.84837,36.60935
-121.84434,37.24927
-121.8353,39.73977
-121.82456,47.85996
-121.81764,47.86199
-121.81181,37.30947
-121.80079,39.64625
-121.80003,38.67696
-121.79495,36.68616
-121.78865,47.86737
-121.78759,39.71415
-121.7875,37.69837
-121.78696,47.49284
-121.78347,37.25771
-121.7833,36.91748
-121.78311,37.2574
-121.78268,42.22437
-121.77917,37.6798
-121.77308,42.22505
-121.75975,38.67624
-121.75826,36.91112
-121.75797,38.67629
-121.75656,38.55988
-121.75629,47.86922
-121.7547,39.15014
-121.75459,36.76211
-121.73972,37.96315
-121.73848,38.54459
-121.71804,37.99901
-121.69525,37.9602
-121.69324,38.16083
-121.68553,37.92142
-121.67274,39.13824
-121.66428,36.64315
-121.65875,36.65698
-121.65294,36.69458
-121.65179,37.12425
-121.64728,36.67064
-121.64232,39.14221
-121.63673,37.13001
-121.63306,37.11608
-121.62628,39.14218
-121.61175,48.25743
-121.59813,42.02415
-121.5981,36.6952
-121.59602,45.51973
-121.58572,39.1397
-121.58369,39.45771
-121.5758,37.02738
-121.57297,39.49692
-121.57292,39.50248
-121.56313,37.00396
-121.56217,37.00275
-121.55855,37.00156
-121.5549,36.99864
-121.55235,44.29407
-121.54687,44.29923
-121.54653,44.29028
-121.54261,38.50771
-121.54165,45.71133
-121.51579,39.71911
-121.51401,45.71277
-121.50464,38.66972
-121.47703,38.60999
-121.44559,38.52562
-121.4444,38.56023
-121.43666,41.00664
-121.43582,37.75583
-121.43579,37.75998
-121.43092,41.01779
-121.42005,38.4059
-121.41484,38.60028
-121.4146,38.60263
-121.41359,38.40839
-121.41254,37.74652
-121.39963,36.88153
-121.38676,38.65103
-121.38021,38.61105
-121.37785,38.41012
-121.36207,38.38673
-121.36171,38.38606
-121.35977,38.37838
-121.35853,38.37927
-121.35734,38.02286
-121.33809,38.66906
-121.33805,38.69925
-121.33667,47.71356
-121.3303,38.63699
-121.32793,36.42624
-121.32607,36.42459
-121.32465,37.96804
-121.32387,39.36457
-121.31448,44.02645
-121.31329,38.70537
-121.3046,44.05978
-121.30219,44.09446
-121.30144,44.0571
-121.29594,38.25438
-121.29483,38.87409
-121.29368,44.11246
-121.28963,44.03373
-121.28182,38.60063
-121.27494,38.67895
-121.27276,38.60652
-121.27009,37.96886
-121.26982,45.22788
-121.26781,38.67925
-121.26629,38.75921
-121.26497,37.9617
-121.26366,38.66479
-121.23444,40.30289
-121.22947,38.79898
-121.22877,40.30979
-121.21575,37.79618
-121.21097,45.62027
-121.19983,45.60866
-121.19951,38.67638
-121.19599,45.60799
-121.19332,44.26808
-121.18513,44.25013
-121.17772,44.34953
-121.16898,38.74171
-121.15357,38.15522
-121.14306,37.46614
-121.13009,44.62715
-121.12944,37.47012
-121.08015,35.56226
-121.07522,38.90523
-121.06924,38.89992
-121.06891,38.65143
-121.06498,37.70276
-121.0496,39.22343
-121.03355,37.68831
-121.02193,37.31462
-120.99545,37.78267
-120.97318,37.60817
-120.97077,37.59661
-120.95928,37.66865
-120.94909,37.59539
-120.94532,37.73526
-120.9446,37.73435
-120.9368,38.35346
-120.8563,38.46583
-120.82835,38.19027
-120.82799,39.56043
-120.82443,45.78583
-120.80089,38.72929
-120.71537,46.73182
-120.70759,35.54653
-120.69876,35.58664
-120.69675,35.7503
-120.68852,35.62524
-120.67269,35.49032
-120.66301,38.68236
-120.66187,38.4136
-120.65241,47.48401
-120.64801,47.59755
-120.64198,40.41458
-120.64132,35.14309
-120.63502,40.407
-120.63246,35.24969
-120.6184,40.39943
-120.61649,39.7807
-120.60478,46.58518
-120.60433,35.13122
-120.60376,37.93802
-120.58019,35.12094
-120.56951,47.00712
-120.54669,46.98348
-120.51469,46.6006
-120.5023,46.59511
-120.50195,46.62289
-120.50085,46.59215
-120.50073,46.59343
-120.49975,46.59161
-120.49917,46.58793
-120.49513,46.57017
-120.49265,37.31797
-120.4887,46.57442
-120.48794,37.26698
-120.48539,35.03525
-120.47942,46.5844
-120.4771,46.54317
-120.47489,46.55478
-120.47295,46.57244
-120.47282,46.57373
-120.45915,34.64769
-120.45817,34.91808
-120.44922,47.51306
-120.43438,34.92416
-120.43115,47.50697
-120.4171,34.86568
-120.37557,46.46479
-120.37014,37.97544
-120.35045,38.25572
-120.34889,38.25669
-120.33338,47.4673
-120.33154,47.47229
-120.32393,46.37541
-120.3239,47.47874
-120.31496,46.39581
-120.31487,47.42733
-120.31304,47.4977
-120.30439,47.41428
-120.2995,47.40804
-120.28688,47.40005
-120.28239,37.98748
-120.26227,37.12138
-120.26184,37.12118
-120.25516,47.40539
-120.25513,47.40537
-120.25121,37.82709
-120.2088,47.40972
-120.18512,39.32808
-120.08248,34.61171
-120.07236,36.978
-120.02699,46.32902
-120.00741,38.91273
-119.99273,46.32663
-119.9801,38.93076
-119.96516,37.4848
-119.95139,39.25071
-119.9444,38.95405
-119.91159,46.2582
-119.90219,46.25419
-119.90128,46.25624
-119.89718,39.50503
-119.88677,39.52674
-119.87339,47.23251
-119.87299,36.80616
-119.87298,36.80548
-119.87207,36.80655
-119.87207,36.80701
-119.87184,36.81035
-119.87105,36.80337
-119.87069,36.80337
-119.87027,36.8052
-119.86997,36.80421
-119.86963,36.80633
-119.86958,36.80689
-119.86954,36.80513
-119.8695,36.80339
-119.86884,36.80604
-119.86883,36.80623
-119.86792,36.80518
-119.86708,36.80502
-119.86526,36.80458
-119.85484,39.48334
-119.85433,47.09838
-119.85269,47.16009
-119.85224,47.23409
-119.85067,46.24527
-119.84887,34.43669
-119.84826,34.43363
-119.84815,34.43439
-119.84624,34.43071
-119.84621,36.82121
-119.84188,34.43642
-119.83662,34.43655
-119.83277,34.44113
-119.83029,34.42983
-119.8242,49.20448
-119.8111,34.44034
-119.79101,36.81955
-119.79069,36.8407
-119.78785,39.47039
-119.78729,48.10065
-119.78706,39.48726
-119.7802,38.96308
-119.77587,39.1099
-119.77139,39.11803
-119.77056,36.80043
-119.76894,39.2905
-119.76862,39.18434
-119.76609,39.52496
-119.75018,34.44064
-119.73762,38.9365
-119.73757,39.54054
-119.72637,38.92435
-119.72631,39.17978
-119.70402,39.18802
-119.70196,36.82385
-119.70035,34.42433
-119.69877,36.81064
-119.69187,34.4205
-119.6918,34.42052
-119.69095,34.42084
-119.67916,36.80799
-119.67774,36.32577
-119.67373,36.33034
-119.65172,39.21852
-119.58041,46.88482
-119.51345,37.03783
-119.49352,49.03815
-119.48728,46.26408
-119.48625,46.25783
-119.46558,49.0327
-119.45306,48.69123
-119.443,48.69965
-119.44023,48.70501
-119.43942,36.6029
-119.38305,36.32982
-119.38304,36.33
-119.38304,36.33025
-119.35996,47.10287
-119.32946,36.22441
-119.31895,37.10633
-119.31571,36.31363
-119.31058,36.2934
-119.30104,34.39164
-119.29626,47.11709
-119.29301,47.12312
-119.28001,35.50636
-119.26207,34.4409
-119.24902,34.26737
-119.24671,36.74012
-119.21338,34.26173
-119.17525,46.80007
-119.17412,46.81048
-119.16111,46.20832
-119.16074,46.20831
-119.13233,46.82721
-119.12414,34.22146
-119.11795,46.23213
-119.11785,46.23214
-119.11329,46.21052
-119.08207,34.34575
-119.07841,46.23355
-119.07501,36.06613
-119.07326,35.44096
-119.07219,39.01304
-119.07217,34.34577
-119.05924,34.354
-119.05294,34.21897
-119.0423,34.22311
-119.02901,36.05388
-118.9622,44.41952
-118.87976,34.28556
-118.85865,46.6517
-118.82462,35.20889
-118.80287,39.4755
-118.78678,34.27368
-118.78622,45.67096
-118.78316,34.27195
-118.78245,45.6729
-118.77994,34.27215
-118.74552,34.2801
-118.72547,35.6243
-118.71708,34.28691
-118.70213,34.27061
-118.63796,34.0374
-118.60515,34.1682
-118.54994,34.37857
-118.54566,34.42178
-118.49364,34.19975
-118.48813,34.01644
-118.48115,34.01989
-118.47618,34.02894
-118.46687,34.20942
-118.46676,34.18518
-118.46584,34.18268
-118.46581,34.18282
-118.46409,33.99391
-118.45874,33.99677
-118.45628,33.9865
-118.45624,33.98651
-118.45463,34.02898
-118.45437,34.03383
-118.45375,49.02962
-118.44599,34.03514
-118.44539,34.03202
-118.44452,34.03512
-118.44178,34.03514
-118.44131,34.03613
-118.43903,34.05241
-118.43661,49.03146
-118.4316,34.00447
-118.43016,34.04227
-118.42971,34.00339
-118.42941,33.99672
-118.41563,34.00756
-118.41447,33.91956
-118.41345,34.0084
-118.41213,34.00912
-118.41176,34.02528
-118.41047,34.0292
-118.40873,34.01264
-118.40813,34.00386
-118.40517,34.00153
-118.40282,34.00086
-118.40206,33.99987
-118.39913,34.07013
-118.39556,33.99406
-118.39498,37.37303
-118.39133,33.85805
-118.39072,33.8515
-118.39027,34.14288
-118.38854,34.0384
-118.38843,45.93418
-118.38571,34.08197
-118.38463,34.08422
-118.38302,34.02149
-118.37607,34.02152
-118.37573,34.02699
-118.37549,34.0277
-118.37484,34.03207
-118.37241,33.87262
-118.37223,33.96235
-118.37007,34.02578
-118.37005,34.15858
-118.36968,33.82636
-118.36685,33.85856
-118.35822,34.02564
-118.35733,34.22328
-118.35564,34.02591
-118.35216,33.85006
-118.34427,34.0653
-118.33945,34.08932
-118.33761,34.17869
-118.33545,34.04777
-118.33442,34.09128
-118.33431,34.17981
-118.32857,34.08317
-118.32624,33.90514
-118.32362,34.18342
-118.31616,33.83157
-118.31605,33.78933
-118.31379,34.25947
-118.31373,33.72273
-118.30946,34.10358
-118.30299,46.07728
-118.30105,34.1755
-118.2943,34.23385
-118.29173,34.02797
-118.28584,33.8607
-118.27917,34.05311
-118.27004,34.24161
-118.26601,33.97456
-118.25761,34.12997
-118.25195,34.04135
-118.24366,34.15455
-118.2276,33.93755
-118.22313,34.09087
-118.22224,34.0847
-118.19224,33.77567
-118.1828,34.02406
-118.18263,33.7715
-118.18146,33.7719
-118.17366,33.81667
-118.17045,35.04689
-118.16403,33.83212
-118.16347,34.86023
-118.15046,33.7824
-118.14912,34.12027
-118.1471,34.13846
-118.14538,34.69729
-118.1438,33.85983
-118.14218,33.7825
-118.14073,34.08508
-118.13652,33.76081
-118.13647,34.07746
-118.13577,33.98651
-118.13363,33.78879
-118.11761,33.83438
-118.107,34.07963
-118.10694,33.81149
-118.10148,34.0372
-118.09261,34.09756
-118.09164,34.58075
-118.09051,34.07552
-118.09024,34.14935
-118.08852,34.1466
-118.08199,34.14642
-118.07672,45.32764
-118.07399,34.14917
-118.06161,45.33775
-118.05835,33.96522
-118.03544,34.05276
-118.03103,33.78962
-118.02515,33.88309
-118.01497,34.14122
-118.0094,33.83228
-118.0005,34.11252
-117.99258,35.12522
-117.98591,34.13627
-117.97815,34.0342
-117.96787,33.91347
-117.95189,33.932
-117.95028,34.04522
-117.94905,33.93156
-117.94177,34.07006
-117.9206,33.75946
-117.92054,33.71895
-117.90649,33.62816
-117.90572,33.67968
-117.90428,34.10411
-117.89493,33.85885
-117.89028,33.84795
-117.87183,33.59764
-117.86568,45.20838
-117.86454,33.65667
-117.8632,33.81114
-117.84682,33.7144
-117.83717,33.69988
-117.83507,33.7748
-117.82804,34.61699
-117.8104,44.79073
-117.80957,34.10688
-117.78796,33.8535
-117.77853,34.05286
-117.77826,48.91761
-117.74196,40.96484
-117.73491,40.97459
-117.73464,40.97441
-117.71374,33.62347
-117.71371,33.52679
-117.70701,33.61762
-117.68851,33.99955
-117.68682,35.62301
-117.68041,47.57265
-117.67874,34.11099
-117.67026,35.6258
-117.65547,49.29948
-117.64672,34.99957
-117.61649,33.43039
-117.60729,34.02968
-117.59955,33.89005
-117.57875,34.10882
-117.571,34.10722
-117.56263,47.81253
-117.5603,34.10698
-117.55998,33.92378
-117.55918,47.64581
-117.55679,34.07321
-117.50671,33.81148
-117.47153,33.90711
-117.45423,33.90716
-117.43469,34.09144
-117.42843,34.00831
-117.42327,47.71599
-117.39946,47.65757
-117.39626,47.66211
-117.39347,47.71723
-117.37728,33.19301
-117.37578,33.20006
-117.37231,47.66051
-117.36927,47.61278
-117.34726,34.46773
-117.34301,33.16167
-117.32364,47.78869
-117.31526,47.66177
-117.29648,34.09168
-117.29308,34.46809
-117.28088,47.67993
-117.27976,33.04667
-117.2747,33.18921
-117.26032,32.99481
-117.25745,47.68089
-117.25117,33.37686
-117.25117,33.37701
-117.2489,32.74537
-117.24168,33.59476
-117.23314,33.19491
-117.23233,32.93845
-117.20561,32.8286
-117.20459,32.7495
-117.20417,32.75642
-117.19819,47.65601
-117.18771,32.8383
-117.17963,46.71673
-117.1793,33.55231
-117.17229,47.38539
-117.17017,34.04732
-117.16986,32.78485
-117.16535,32.88024
-117.16099,32.88694
-117.15974,32.88694
-117.15905,32.71226
-117.15892,32.88593
-117.15889,32.88467
-117.15801,47.6916
-117.15742,32.88245
-117.15502,32.74824
-117.1486,32.82658
-117.14151,32.89194
-117.1414,32.89144
-117.13517,32.83843
-117.13143,32.8172
-117.12806,32.74864
-117.12567,32.89736
-117.12405,32.71247
-117.12372,32.83694
-117.11177,33.11632
-117.10566,33.14801
-117.10191,32.82164
-117.10019,47.67699
-117.0916,32.78265
-117.08333,32.49034
-117.07267,32.70991
-117.07181,32.59429
-117.07181,32.59453
-117.05983,32.73179
-117.05706,32.73416
-117.05276,46.42425
-117.04925,32.40675
-117.04209,32.53646
-117.04054,32.74234
-117.03594,32.40348
-117.03217,32.52228
-117.03192,32.44522
-117.03138,32.52434
-117.03083,32.52547
-117.02591,32.44299
-117.02337,32.52227
-117.02115,34.88718
-117.02,32.76726
-117.01853,32.52425
-117.01789,32.52327
-117.00459,33.74261
-117.00039,46.74221
-116.99302,32.56774
-116.99056,32.51112
-116.98838,32.51151
-116.9874,46.38974
-116.98569,32.51103
-116.98184,33.92225
-116.97924,33.9237
-116.9784,32.50522
-116.97626,32.8135
-116.97546,32.81091
-116.97506,32.81779
-116.97299,32.81526
-116.96755,32.53225
-116.96755,32.53227
-116.967,32.53403
-116.96697,32.53403
-116.96675,32.534
-116.96655,32.53403
-116.96417,32.53362
-116.96414,32.53362
-116.96273,32.813
-116.95287,32.49734
-116.94764,32.45562
-116.94113,44.0231
-116.93158,40.63841
-116.93089,32.52309
-116.91647,32.81419
-116.91414,33.92683
-116.87655,33.03953
-116.87244,32.48201
-116.87001,33.04477
-116.80016,43.72531
-116.79339,47.7063
-116.78888,47.75761
-116.78624,47.74137
-116.78493,47.6864
-116.78126,47.68693
-116.7765,32.83699
-116.72467,33.70484
-116.70507,33.75255
-116.68773,34.82673
-116.64738,32.5668
-116.64511,32.55321
-116.63247,32.57326
-116.63119,32.57342
-116.6025,43.60394
-116.59104,43.59797
-116.57401,43.56471
-116.56994,43.57063
-116.56288,43.57682
-116.56084,43.57978
-116.55915,46.7993
-116.52557,33.80004
-116.48836,43.69193
-116.47414,43.69039
-116.44055,34.1203
-116.40907,43.60526
-116.396,43.50105
-116.38933,33.7987
-116.38252,43.59052
-116.36727,43.62046
-116.34619,43.61082
-116.33183,43.61131
-116.33028,43.60918
-116.31341,43.61835
-116.31108,43.62038
-116.2466,43.59172
-116.21307,43.59554
-116.18857,43.56088
-116.17389,43.57959
-116.12676,41.99029
-116.11866,45.92574
-116.09674,44.90909
-116.07857,44.7316
-116.07797,32.51546
-116.04409,32.54998
-116.0411,44.51483
-116.02503,46.22927
-115.96804,39.53236
-115.8918,48.45801
-115.69161,43.13139
-115.67709,40.78705
-115.57188,32.80908
-115.56704,32.81226
-115.56003,48.3895
-115.54852,32.98009
-115.54802,32.7931
-115.4996,32.67332
-115.49017,32.66145
-115.47931,32.60425
-115.47308,32.64685
-115.4676,32.64668
-115.46042,32.64814
-115.31882,47.58791
-115.27681,36.22002
-115.24606,36.17213
-115.22707,36.24096
-115.20743,36.08931
-115.20615,36.11037
-115.20282,36.1454
-115.19943,36.09046
-115.16259,36.23773
-115.12003,36.19756
-115.07689,36.19608
-115.07452,32.54676
-115.06568,36.20454
-115.06333,36.14573
-115.05629,36.0642
-115.04864,36.06278
-114.90051,31.11748
-114.88041,47.456
-114.78609,32.49
-114.78418,32.4505
-114.74895,42.59259
-114.62388,32.69604
-114.5959,35.10308
-114.57938,35.12266
-114.51014,37.61417
-114.46349,42.55074
-114.44731,32.66789
-114.44122,42.54796
-114.41061,32.65836
-114.4103,32.65794
-114.40653,42.93507
-114.34315,34.47637
-114.33697,48.41003
-114.33645,48.39572
-114.33396,48.23599
-114.33353,48.23269
-114.33104,48.20662
-114.33086,48.19828
-114.3294,48.2753
-114.32648,48.23902
-114.32172,48.20143
-114.29909,48.20405
-114.29724,48.20643
-114.29523,48.20704
-114.27798,48.22222
-114.27263,48.25859
-114.27093,48.23759
-114.15755,46.30184
-114.15615,46.26802
-114.14952,32.67285
-114.09788,47.52291
-114.08403,46.51223
-114.08139,46.82103
-114.07899,46.76355
-114.07614,46.63642
-114.06802,43.30777
-114.01793,46.85894
-114.01784,46.8503
-114.00532,35.22045
-114.00523,35.22058
-113.99375,46.87295
-113.98259,46.86793
-113.79395,42.52123
-113.62321,37.11807
-113.59327,37.11094
-113.57187,37.10957
-113.55391,37.10084
-113.54099,31.33125
-113.54009,31.31582
-113.53907,31.31151
-113.53874,31.31686
-113.5338,31.31145
-113.53327,37.09878
-113.53074,31.31979
-113.52529,37.12551
-113.52121,31.32346
-113.52007,37.13352
-113.50587,31.37158
-113.30505,37.17625
-113.30221,37.17625
-113.3015,49.19814
-113.06834,37.66041
-113.06451,37.66688
-113.00077,37.18781
-113.00037,37.18773
-112.95507,46.12996
-112.93459,46.12759
-112.87314,32.39223
-112.86508,42.76402
-112.77266,33.96269
-112.73148,33.97127
-112.67729,46.95542
-112.52817,33.77677
-112.51027,45.9868
-112.46504,42.90822
-112.44268,42.85567
-112.44194,42.85555
-112.4355,34.54808
-112.42908,34.55011
-112.42521,33.64036
-112.38713,33.63922
-112.35853,43.19247
-112.34252,33.44896
-112.33872,34.20553
-112.33745,33.63818
-112.29846,40.55971
-112.2962,40.54614
-112.2808,33.56632
-112.2744,33.71365
-112.25627,33.57373
-112.2525,33.60053
-112.24983,48.30764
-112.23815,42.18562
-112.22021,33.45301
-112.20515,33.58227
-112.20485,33.66606
-112.18081,47.81352
-112.16936,33.51889
-112.16681,33.63786
-112.16271,41.71106
-112.15667,33.46452
-112.15103,33.45742
-112.13599,33.46547
-112.13515,33.48802
-112.13512,33.49003
-112.13059,33.52617
-112.10119,33.65337
-112.10101,33.49689
-112.10083,33.53829
-112.09932,33.6748
-112.09219,41.19653
-112.08525,38.75202
-112.08209,37.62562
-112.08194,33.44954
-112.07743,43.43924
-112.0714,33.4807
-112.06737,41.30339
-112.06638,43.49602
-112.06592,41.16098
-112.0639,33.5183
-112.06383,41.20566
-112.05819,33.55141
-112.05445,33.30409
-112.05259,33.49492
-112.0461,33.42305
-112.0451,33.07492
-112.0446,33.42327
-112.03215,33.49516
-112.02747,41.31571
-112.02476,41.18203
-112.02383,46.68384
-112.02257,46.7056
-112.02176,33.04249
-112.02053,46.63677
-112.02,40.53997
-112.01509,33.49412
-112.0144,33.58353
-112.01413,43.48284
-112.01389,33.48143
-112.0104,33.64001
-112.00303,33.40076
-112.00279,33.40043
-112.00164,33.40657
-112.00041,33.40589
-111.9956,46.60037
-111.99538,41.07226
-111.9948,41.07266
-111.99452,41.07137
-111.99431,41.07123
-111.9929,46.60147
-111.99289,41.07082
-111.99276,41.07063
-111.99232,41.07268
-111.99222,46.59885
-111.99181,41.07237
-111.99138,41.07186
-111.98763,40.66867
-111.9855,40.66627
-111.98532,46.60033
-111.98529,46.58908
-111.9852,40.66662
-111.98405,41.19536
-111.98191,46.59833
-111.98094,33.612
-111.9808,33.7418
-111.98078,46.59892
-111.97947,46.60171
-111.97852,33.32959
-111.97849,47.61439
-111.97644,46.58827
-111.97639,46.59209
-111.97587,46.59208
-111.97238,41.26113
-111.97208,41.22333
-111.97207,41.22341
-111.97206,41.22352
-111.96886,40.72223
-111.96727,41.30443
-111.96674,40.71792
-111.96585,40.36389
-111.96584,43.48253
-111.95802,33.34765
-111.9546,46.59158
-111.95017,41.18405
-111.94677,41.23023
-111.94091,40.64978
-111.94019,40.62324
-111.93973,40.72937
-111.93972,40.72953
-111.93971,41.04059
-111.93774,40.58606
-111.93725,40.6221
-111.9363,41.15068
-111.93222,40.60762
-111.93127,40.85477
-111.92589,33.31857
-111.91371,43.66535
-111.91312,33.32103
-111.91204,33.31385
-111.91035,33.48652
-111.91004,40.73379
-111.90828,33.39197
-111.90747,33.42299
-111.90746,33.33565
-111.9063,40.74886
-111.90288,33.62431
-111.901,40.65104
-111.8993,40.71563
-111.89679,40.6996
-111.89651,40.70078
-111.89522,40.71992
-111.89461,40.88218
-111.89396,40.88215
-111.88949,40.6956
-111.88465,40.92272
-111.87885,33.581
-111.8735,40.75986
-111.87318,40.90577
-111.86718,40.64771
-111.86077,38.95195
-111.85864,41.74347
-111.84997,41.75086
-111.84318,33.35958
-111.84258,33.35779
-111.84223,41.75887
-111.84156,41.75861
-111.84135,33.38823
-111.84117,33.35234
-111.83714,39.72319
-111.83593,41.71374
-111.83544,33.3818
-111.83502,41.74707
-111.83427,41.63287
-111.83416,41.80622
-111.83404,41.7281
-111.83372,41.81218
-111.83332,33.37942
-111.83323,41.7589
-111.8331,40.63742
-111.83303,41.83833
-111.83244,33.37789
-111.83174,41.81809
-111.8316,41.76856
-111.83105,41.75347
-111.83036,40.38762
-111.82672,41.75886
-111.82645,33.40756
-111.82536,40.66975
-111.82487,33.39435
-111.82395,40.70011
-111.82054,33.4221
-111.82006,33.38188
-111.81957,33.37964
-111.81953,33.38137
-111.81636,43.79113
-111.8161,43.79114
-111.81043,43.83282
-111.80834,43.82994
-111.80634,33.3653
-111.79757,40.60831
-111.79562,41.14168
-111.79464,40.68489
-111.79185,40.34487
-111.79129,40.34504
-111.78665,40.42939
-111.78347,40.3639
-111.7753,39.97743
-111.77341,33.29346
-111.7715,33.41756
-111.76333,33.41505
-111.76049,41.25473
-111.75957,40.36769
-111.7546,32.93949
-111.75104,40.33361
-111.74701,40.33365
-111.74617,33.41508
-111.73888,40.33571
-111.7329,33.46374
-111.72994,32.87787
-111.72765,33.45556
-111.72452,40.29951
-111.72269,33.44692
-111.70635,40.32562
-111.70113,33.305
-111.69764,40.29974
-111.68748,33.23108
-111.67766,33.39266
-111.6772,33.39268
-111.66715,40.06663
-111.66638,40.25215
-111.66208,35.18582
-111.65867,32.76255
-111.65837,40.23571
-111.65834,40.22361
-111.65712,40.22045
-111.65217,40.27454
-111.64722,40.12425
-111.64397,40.12117
-111.64244,38.40461
-111.64204,38.39771
-111.6358,40.12684
-111.63267,33.32052
-111.62842,33.41461
-111.60549,42.65389
-111.60225,33.41357
-111.59888,35.21551
-111.5538,33.41346
-111.52548,32.98708
-111.51949,46.31961
-111.464,40.69177
-111.46053,36.9173
-111.42627,40.50642
-111.42627,40.50653
-111.41243,40.51321
-111.41239,40.49839
-111.39952,41.9561
-111.39797,41.95574
-111.32636,47.51519
-111.31827,32.37913
-111.31802,34.24189
-111.3125,32.07639
-111.30288,47.50016
-111.29792,47.50167
-111.29094,47.4926
-111.28465,40.64065
-111.28279,47.52898
-111.24578,47.4948
-111.23079,36.11893
-111.21865,32.31968
-111.21706,45.79929
-111.21502,45.79655
-111.1946,45.64674
-111.19293,45.66959
-111.19089,45.66924
-111.18713,45.70624
-111.18637,45.74294
-111.18581,45.70713
-111.18459,45.67846
-111.1842,45.75465
-111.18396,45.67222
-111.18378,45.75026
-111.18121,45.80068
-111.18109,45.75775
-111.16796,32.42141
-111.14562,45.72796
-111.13414,45.66894
-111.11294,43.72172
-111.09715,45.72882
-111.07042,45.67487
-111.04987,45.69337
-111.04533,32.33563
-111.03626,45.67899
-111.0295,45.70182
-111.02017,43.16307
-111.0173,43.16288
-111.0114,43.02581
-110.99943,42.91586
-110.99502,31.85373
-110.99016,32.22872
-110.97917,32.2743
-110.97357,32.34939
-110.96305,32.42244
-110.95063,31.26011
-110.94281,31.28753
-110.93421,42.71742
-110.92283,42.66375
-110.91477,32.18886
-110.90571,33.05943
-110.89323,32.2211
-110.87329,32.20633
-110.77189,31.95879
-110.5723,45.65477
-110.55966,45.66128
-110.53865,41.79501
-110.43666,33.29366
-110.40066,40.16309
-110.25027,36.70966
-110.1527,34.91911
-109.99261,40.29975
-109.95483,45.83469
-109.85578,42.86726
-109.85401,42.86721
-109.83239,32.25083
-109.82821,34.28815
-109.73175,32.83687
-109.72064,40.9885
-109.69932,48.5552
-109.67796,48.55232
-109.58609,36.1635
-109.58009,31.3215
-109.56621,31.34114
-109.55726,31.30254
-109.55682,31.32081
-109.55314,38.57699
-109.55298,31.30303
-109.55184,38.56953
-109.5484,31.30259
-109.54796,40.45045
-109.54742,31.30308
-109.54243,31.3027
-109.54112,40.45642
-109.53867,40.45583
-109.53759,38.55622
-109.49647,40.4396
-109.47222,41.51646
-109.42608,47.06521
-109.4047,47.06896
-109.34308,37.87154
-109.2737,34.13147
-109.05396,44.51508
-108.78709,48.52783
-108.77294,35.51768
-108.7658,45.66607
-108.74023,35.50927
-108.73294,42.83331
-108.73273,42.83331
-108.6989,36.77515
-108.62148,37.3991
-108.61252,39.09222
-108.61225,45.72675
-108.60452,45.74176
-108.60167,45.72879
-108.59974,45.78587
-108.59911,45.74294
-108.59477,45.73135
-108.59357,45.74561
-108.5921,45.73149
-108.59195,45.74746
-108.59032,45.73565
-108.5894,45.72941
-108.5825,45.7581
-108.57906,45.73396
-108.57404,45.7688
-108.5635,39.07016
-108.56249,45.74148
-108.55876,45.74397
-108.5575,45.76027
-108.55695,45.75273
-108.55482,45.74603
-108.55376,37.38661
-108.55317,45.76303
-108.55239,45.74574
-108.55193,45.78329
-108.55171,45.76306
-108.54798,45.75043
-108.54272,45.7655
-108.5416,45.76532
-108.54152,45.76094
-108.53882,45.77679
-108.53633,39.07614
-108.52985,45.75112
-108.51933,45.76935
-108.47009,45.81263
-108.45823,39.08951
-108.41511,45.81045
-108.37979,43.03004
-108.35556,36.7415
-108.24383,32.78849
-108.16553,36.74737
-108.16411,36.74914
-108.07114,38.7496
-108.05572,44.48457
-108.05546,44.4852
-108.05545,44.48756
-108.00193,36.71083
-107.9832,36.71108
-107.94366,44.01647
-107.9272,44.01873
-107.87452,38.4812
-107.87281,48.35955
-107.86469,38.46202
-107.80968,37.93674
-107.67171,38.024
-107.62657,31.77961
-107.59991,37.23439
-107.5616,40.5155
-107.52959,40.51287
-107.32229,39.52615
-107.24924,33.15007
-107.0832,39.37499
-106.94872,44.77995
-106.94191,44.78245
-106.92521,38.55589
-106.85833,40.50176
-106.82291,39.66158
-106.77623,32.30012
-106.76124,34.65968
-106.74863,32.30979
-106.74192,35.07518
-106.72267,34.80384
-106.69992,35.24234
-106.68968,35.17822
-106.65788,34.96854
-106.65472,35.24331
-106.65264,35.20015
-106.64856,35.09514
-106.6299,35.11633
-106.61625,35.11139
-106.61355,35.11415
-106.61351,35.11393
-106.61236,35.08168
-106.61221,35.08169
-106.61009,35.18065
-106.60608,35.15147
-106.60478,35.118
-106.59003,35.10877
-106.58739,35.08683
-106.58565,35.08802
-106.58537,36.88197
-106.56274,35.10949
-106.5602,36.71207
-106.53402,31.61339
-106.53175,35.13754
-106.53018,31.82894
-106.52592,31.61357
-106.52111,31.61378
-106.51737,35.10964
-106.5141,35.11765
-106.48493,31.73644
-106.4672,31.66235
-106.46184,31.78467
-106.45606,31.73347
-106.44256,31.65782
-106.44058,31.67155
-106.43777,31.67932
-106.43048,31.7055
-106.42841,31.65999
-106.42527,31.77334
-106.42092,31.72308
-106.41986,31.70364
-106.41797,31.66733
-106.41724,39.63162
-106.41706,31.66492
-106.4104,31.71108
-106.39999,31.60611
-106.38789,40.05408
-106.37282,40.05756
-106.37156,42.84621
-106.36896,35.12353
-106.36305,31.66078
-106.24156,34.5206
-106.13673,38.84944
-106.13108,28.70883
-106.11435,37.56933
-106.11299,27.96119
-106.10815,37.75312
-106.10236,35.02663
-106.09425,28.70391
-106.08497,28.67798
-106.07966,35.98966
-106.07556,38.51577
-106.06565,35.98735
-106.06332,36.01989
-106.061,39.28283
-106.05201,34.82641
-106.04617,39.52838
-106.01791,28.61232
-106.01263,35.88379
-105.99269,39.22066
-105.97359,35.65839
-105.96093,32.92156
-105.95458,37.26914
-105.95437,35.64635
-105.94516,35.68508
-105.93873,35.69215
-105.89039,35.53651
-105.60567,36.69447
-105.59451,41.3191
-105.59405,36.3718
-105.59051,41.32437
-105.58871,47.41781
-105.58284,36.39133
-105.57504,36.40144
-105.57344,36.40363
-105.51159,39.96087
-105.50535,44.27018
-105.49788,44.27494
-105.49511,44.28358
-105.47643,28.18626
-105.47639,28.18502
-105.47393,28.18626
-105.47192,28.18746
-105.4715,28.18754
-105.47023,28.18642
-105.46993,28.18796
-105.46978,28.18546
-105.46976,28.18642
-105.46927,28.18761
-105.46899,28.18569
-105.46875,28.18642
-105.46851,28.18663
-105.43219,37.42314
-105.35767,39.69374
-105.28951,36.40117
-105.28907,36.39951
-105.27913,40.06216
-105.2727,40.01953
-105.25537,40.21525
-105.24063,40.06859
-105.23701,40.15985
-105.22481,40.01715
-105.2237,35.6192
-105.19984,39.74066
-105.16404,39.72913
-105.13689,39.77888
-105.12701,40.4069
-105.12672,39.98812
-105.1243,40.15838
-105.11832,40.15053
-105.11786,40.15111
-105.11719,40.5542
-105.11578,39.74304
-105.11327,39.6101
-105.11191,40.15687
-105.11025,39.75385
-105.10999,40.15977
-105.10836,39.56658
-105.10821,39.60923
-105.10749,40.15929
-105.10532,40.15824
-105.10382,40.18984
-105.09942,39.72473
-105.09705,39.876
-105.09066,40.62586
-105.08365,39.68375
-105.08019,39.91281
-105.07904,40.42379
-105.07781,39.73961
-105.07696,40.49301
-105.07673,40.46078
-105.07629,40.52568
-105.07366,40.42458
-105.07285,40.58832
-105.07222,40.41979
-105.07107,39.59366
-105.06225,39.74142
-105.05984,40.52191
-105.05917,39.56954
-105.05592,39.74021
-105.05402,39.85318
-105.05384,38.99351
-105.05379,39.84502
-105.05188,39.82841
-105.04977,40.59179
-105.04461,40.57092
-105.04456,40.57079
-105.0388,40.56773
-105.03864,40.56898
-105.03384,27.00196
-105.03281,39.92735
-105.02556,39.75345
-105.02409,39.72815
-105.02259,39.72905
-105.0224,39.72775
-105.02233,39.72818
-105.02192,39.72904
-105.02191,39.72917
-105.02137,39.88328
-105.02114,39.72893
-105.01907,39.72915
-105.01893,39.72961
-105.0182,39.72782
-105.01388,39.73503
-105.01339,39.7372
-105.01311,39.7367
-105.01249,39.72736
-105.01221,39.72996
-105.00735,39.78413
-105.00509,39.76915
-105.00411,39.64897
-105.00397,39.83091
-105.0008,39.77811
-105.00041,39.78171
-104.99975,39.77633
-104.99963,39.77571
-104.99681,39.71201
-104.99677,39.74665
-104.9963,39.6537
-104.99396,39.77151
-104.9898,39.7553
-104.98946,39.57553
-104.98505,40.0809
-104.97939,40.35731
-104.97455,39.73033
-104.96993,39.74839
-104.95865,39.60825
-104.95791,39.56464
-104.95539,39.73498
-104.95285,39.77527
-104.94327,39.91618
-104.94188,39.67094
-104.9391,39.54155
-104.93904,39.67013
-104.93087,39.80727
-104.92345,39.69014
-104.92223,39.57206
-104.91851,40.47837
-104.91701,27.12866
-104.90607,40.33567
-104.90586,39.56194
-104.90514,39.67893
-104.90507,39.73994
-104.90401,39.63622
-104.90341,40.4801
-104.90093,39.65641
-104.89989,39.67458
-104.8971,39.72044
-104.8967,39.73684
-104.8915,39.69168
-104.89108,39.6743
-104.89089,39.67438
-104.88715,39.69626
-104.88188,39.6839
-104.88138,39.68389
-104.87811,39.74033
-104.87611,39.74035
-104.87365,39.67635
-104.87345,39.67645
-104.87247,39.70903
-104.87229,39.4092
-104.86717,39.37963
-104.86715,39.67704
-104.86713,39.67435
-104.86678,39.67412
-104.86655,39.6775
-104.86651,39.67799
-104.86507,39.68003
-104.86441,39.68402
-104.86316,39.73949
-104.85256,39.66144
-104.84986,38.89317
-104.84891,38.84975
-104.84778,39.6724
-104.84572,39.72655
-104.84552,39.72668
-104.84307,38.83025
-104.84006,38.80522
-104.83998,39.58376
-104.83061,39.71075
-104.82802,39.70962
-104.82798,39.73965
-104.82798,39.74122
-104.82769,39.68425
-104.82764,39.70284
-104.82642,39.6885
-104.82534,39.70475
-104.82299,38.83897
-104.82213,39.73946
-104.81712,38.86543
-104.81712,39.58944
-104.81225,39.69795
-104.81154,39.67426
-104.80959,39.74482
-104.80805,39.74298
-104.808,39.74475
-104.808,39.78455
-104.80693,39.74278
-104.8068,39.69587
-104.80629,39.74273
-104.8058,40.07868
-104.80371,41.15892
-104.79431,38.92673
-104.77863,38.81643
-104.77468,38.84974
-104.7728,39.52374
-104.77037,39.52306
-104.76329,41.13934
-104.75902,38.79286
-104.75894,38.89205
-104.75518,38.86865
-104.75516,38.86859
-104.75514,38.85899
-104.74284,38.32388
-104.74144,42.26958
-104.72817,47.10768
-104.72747,40.39024
-104.72649,38.81481
-104.72275,39.58072
-104.72186,38.89148
-104.71988,40.42251
-104.71742,38.91456
-104.69447,40.39487
-104.68818,34.94104
-104.68438,38.90204
-104.64751,38.21651
-104.63347,38.30921
-104.63165,38.30918
-104.62812,38.26625
-104.61418,38.27119
-104.60363,38.25163
-104.60317,38.27054
-104.60177,38.94151
-104.56257,33.39562
-104.5476,33.39379
-104.54678,33.3946
-104.54578,33.3938
-104.5427,33.38655
-104.53424,33.37948
-104.52544,33.39403
-104.52483,33.42946
-104.52333,33.39148
-104.52305,33.38971
-104.52186,33.41441
-104.51879,40.11218
-104.50334,33.3939
-104.25389,32.44087
-104.22133,32.39945
-104.22064,32.3955
-104.16435,47.70395
-104.15787,47.71484
-104.15524,47.72127
-104.05141,48.87176
-104.02424,38.13005
-103.70417,38.04741
-103.67588,41.87691
-103.67186,48.14868
-103.64743,41.86922
-103.64535,41.86789
-103.63663,40.25522
-103.62755,40.25504
-103.62351,48.16774
-103.5085,44.40052
-103.49714,25.56593
-103.4932,25.58679
-103.49074,25.56647
-103.48662,25.5646
-103.47824,25.56457
-103.47776,25.56643
-103.46439,25.55699
-103.40395,25.5977
-103.39101,25.62071
-103.34841,32.94934
-103.33142,35.10916
-103.32799,25.55503
-103.32091,25.52186
-103.25862,25.53544
-103.25052,44.07918
-103.2492,25.53545
-103.23291,44.0667
-103.2327,44.07418
-103.22833,25.53035
-103.22769,34.4052
-103.22307,44.09946
-103.22284,44.08212
-103.22276,44.08232
-103.22274,44.08241
-103.18436,36.45151
-103.17935,44.03723
-103.13342,32.73985
-102.9777,41.1446
-102.89453,42.09733
-102.89348,31.59028
-102.89322,42.09723
-102.88853,42.09718
-102.8867,42.09642
-102.88608,42.09719
-102.88489,42.09654
-102.88396,42.09662
-102.8809,42.09717
-102.88033,42.09667
-102.87939,42.09658
-102.87413,42.09685
-102.87325,42.09639
-102.87119,42.09882
-102.86985,42.09746
-102.86833,42.09693
-102.85934,42.09821
-102.84519,46.89246
-102.79268,46.90314
-102.79128,46.8936
-102.76056,33.72772
-102.72907,34.64185
-102.71826,34.63934
-102.60669,38.08835
-102.58578,43.08004
-102.54586,32.3183
-102.51338,36.72668
-102.48787,47.97983
-102.381,31.87356
-102.33971,31.89814
-102.31544,31.8985
-101.97474,35.86666
-101.95833,35.86476
-101.92421,33.58519
-101.89397,35.19529
-101.88323,35.15805
-101.88167,35.15039
-101.86129,35.22274
-101.85762,35.21072
-101.85434,35.19992
-101.84312,35.21286
-101.83846,35.21171
-101.83677,33.57148
-101.83571,35.21548
-101.82904,35.2015
-101.82633,35.21027
-101.81638,35.20842
-101.81535,35.2083
-101.81529,35.20862
-101.81476,35.20009
-101.81298,35.21438
-101.8105,35.20768
-101.80973,35.21495
-101.80373,39.7739
-101.79513,35.19962
-101.78239,35.22224
-101.73537,43.17532
-101.70417,35.19172
-101.45929,31.19179
-101.43471,26.88574
-101.41473,26.93425
-101.40152,26.95712
-101.37578,26.9772
-101.31965,48.23436
-101.29126,48.20589
-101.15764,44.07023
-101.10818,35.20137
-101.10006,35.20108
-101.00267,41.15981
-100.9743,35.54548
-100.95282,29.32022
-100.93217,29.3176
-100.92331,37.06064
-100.92129,37.05604
-100.92086,28.49901
-100.92064,28.49261
-100.91967,28.49236
-100.90977,28.49336
-100.90707,29.39333
-100.89203,34.94063
-100.81762,39.12039
-100.77986,28.42064
-100.77893,46.95559
-100.77659,46.83546
-100.76622,41.10673
-100.76197,41.09379
-100.76035,41.1385
-100.75801,41.04725
-100.72314,28.21605
-100.52627,41.0749
-100.4981,25.69287
-100.49511,25.69395
-100.47447,25.68604
-100.47177,25.68467
-100.45846,31.42755
-100.4584,25.69406
-100.45227,45.54813
-100.44322,25.6757
-100.44294,37.59778
-100.42443,25.67491
-100.42245,25.77258
-100.42182,25.67402
-100.418,29.31039
-100.39319,25.74185
-100.39134,25.7255
-100.36795,25.70286
-100.35921,25.72068
-100.3503,37.28623
-100.34621,25.68695
-100.34247,44.36157
-100.33611,25.68603
-100.33185,25.68626
-100.32062,25.68507
-100.31949,25.68431
-100.31251,25.66714
-100.29662,25.64868
-100.29651,25.72358
-100.29048,25.7567
-100.28037,25.65592
-100.27174,25.77156
-100.26233,25.8156
-100.262,25.65759
-100.26115,25.77261
-100.24929,25.76618
-100.24853,25.77219
-100.24574,25.76834
-100.24288,25.69507
-100.2411,25.76976
-100.24081,25.77053
-100.23542,25.66821
-100.22573,25.82916
-100.21442,25.72452
-100.20251,25.74475
-100.2024,25.74522
-100.19823,25.71102
-100.19779,25.67258
-100.19705,25.72367
-100.19603,25.68612
-100.18338,26.50479
-100.18224,26.49969
-100.18129,26.50162
-100.18047,26.50267
-100.17793,25.63495
-100.1764,26.5046
-100.17595,26.50338
-100.17556,26.50321
-100.17546,26.5028
-100.17441,25.64606
-100.17392,26.51347
-100.17335,26.51518
-100.17071,25.75442
-100.1698,25.60676
-100.16436,25.70491
-100.16363,40.9251
-100.16324,25.61039
-100.1615,40.92918
-100.16136,40.92817
-100.16038,40.92746
-100.16018,40.92728
-100.14729,25.70296
-100.14691,25.85986
-100.13984,25.70529
-100.11495,25.65056
-100.01215,29.66802
-99.97514,45.01262
-99.96734,45.01316
-99.95619,45.01163
-99.86638,35.21253
-99.78769,32.43694
-99.66435,49.18234
-99.66416,49.18362
-99.65507,45.44372
-99.61823,45.76919
-99.59469,27.5136
-99.53832,27.47864
-99.53757,27.47113
-99.52069,27.44411
-99.46682,29.31986
-99.44633,44.5264
-99.43052,43.23409
-99.41442,36.43383
-99.40713,36.43492
-99.40706,35.39166
-99.40683,35.39121
-99.38257,40.43746
-99.37435,40.43812
-99.36628,40.43767
-99.33847,45.4489
-99.33301,34.65443
-99.33181,34.66592
-99.32612,43.82065
-99.32487,43.8174
-99.32431,39.75724
-99.31617,38.89018
-99.31469,43.78918
-99.30176,34.63886
-99.29714,32.72453
-99.14937,29.88481
-99.10647,37.61592
-99.09808,38.17986
-99.0768,29.73052
-99.02956,40.72182
-99.02327,45.4473
-98.98936,35.49869
-98.98677,31.73094
-98.9765,31.70948
-98.95781,43.74711
-98.95141,40.48821
-98.92955,41.60138
-98.9182,41.59456
-98.89324,29.15148
-98.84424,43.37911
-98.79183,29.23409
-98.7399,37.64586
-98.69096,29.57837
-98.63978,29.44401
-98.63403,29.29481
-98.60442,29.4798
-98.59704,29.483
-98.57821,35.54593
-98.54045,29.37073
-98.53397,29.51382
-98.50616,28.94553
-98.49882,29.4249
-98.49737,45.45966
-98.49165,29.55305
-98.47875,29.37694
-98.47523,29.50868
-98.46456,29.54861
-98.45659,45.46085
-98.44544,45.45981
-98.43965,45.46089
-98.42782,29.34883
-98.41816,29.56369
-98.41657,29.56505
-98.41484,35.84471
-98.41222,26.05745
-98.40865,34.60145
-98.38652,40.93972
-98.38553,40.61807
-98.37999,40.62008
-98.36968,32.54793
-98.36843,26.26578
-98.36552,29.55112
-98.29172,26.03064
-98.28735,26.03009
-98.28116,29.61451
-98.27838,26.02219
-98.27713,26.00844
-98.27031,36.54665
-98.26372,25.96927
-98.26273,25.96802
-98.2486,32.20533
-98.23065,38.73011
-98.22487,26.22728
-98.21995,25.98902
-98.21976,25.98581
-98.21636,32.20562
-98.21464,38.7413
-98.20584,26.19389
-98.19397,32.21242
-98.19132,44.36433
-98.15734,33.21913
-98.14982,26.27444
-98.12713,31.69698
-98.1243,28.33928
-98.12088,49.19165
-98.10542,45.44679
-98.10022,45.45814
-98.09982,45.45833
-98.09824,45.44614
-98.09575,32.80792
-98.07179,40.01742
-98.07118,40.01865
-98.04724,43.71278
-98.02936,43.7098
-98.02928,43.7089
-98.02618,43.71723
-98.02585,43.71429
-98.02527,43.70855
-98.02514,43.72266
-98.02428,43.70929
-98.02317,46.91648
-98.02117,32.35122
-98.01889,43.70342
-98.01882,43.70524
-98.01107,43.68691
-97.98981,29.82188
-97.98732,43.54631
-97.98313,46.91768
-97.98181,26.17502
-97.97905,30.20367
-97.96867,34.51834
-97.96682,30.21214
-97.94057,29.87571
-97.93211,38.0489
-97.93162,38.0677
-97.92701,36.3924
-97.9024,38.03063
-97.89921,36.11186
-97.89789,38.06877
-97.85788,27.49583
-97.85041,27.49351
-97.83397,30.21553
-97.82778,30.52
-97.81475,30.55053
-97.81233,25.67478
-97.81104,30.59294
-97.79637,32.75385
-97.79189,30.45151
-97.79157,30.23522
-97.77251,33.21734
-97.75814,30.27289
-97.75761,35.4821
-97.7525,30.23722
-97.74343,30.39902
-97.72631,30.21059
-97.71909,43.14946
-97.71747,30.38603
-97.71745,30.20627
-97.71587,30.35027
-97.71468,30.38041
-97.71466,30.37964
-97.71159,30.38289
-97.7114,30.38582
-97.71024,30.38777
-97.70134,30.42067
-97.6918,30.66221
-97.6914,30.54536
-97.68972,30.38036
-97.68952,30.38022
-97.68623,30.3772
-97.68178,26.16213
-97.68167,30.61615
-97.68115,26.19857
-97.68087,30.61628
-97.67727,30.65032
-97.66272,31.91302
-97.65227,30.4459
-97.65199,30.44593
-97.64597,35.14432
-97.64399,42.59853
-97.63678,35.55879
-97.61421,38.81214
-97.60674,37.03418
-97.60612,30.8261
-97.59672,41.11387
-97.59636,38.83379
-97.59625,41.11426
-97.56645,35.52067
-97.56645,35.52076
-97.56618,35.54606
-97.55049,44.38775
-97.54874,35.49418
-97.54148,35.56616
-97.53134,35.34967
-97.52969,35.5533
-97.52791,32.44554
-97.51872,38.20328
-97.51658,25.8761
-97.5086,25.87272
-97.50701,35.62038
-97.50406,25.87003
-97.49863,35.66801
-97.49745,25.93838
-97.4973,25.93841
-97.49251,25.87305
-97.49004,25.87245
-97.48598,25.98085
-97.4813,35.22466
-97.47324,25.86508
-97.47241,31.65884
-97.47143,32.66974
-97.47078,25.84274
-97.4704,25.85696
-97.46246,37.77818
-97.46126,37.72662
-97.4606,31.06114
-97.45328,25.92925
-97.44664,27.74417
-97.44533,37.69288
-97.43838,32.74409
-97.43241,32.72037
-97.42971,35.45062
-97.4246,42.01992
-97.42322,35.39467
-97.42239,35.21698
-97.42207,35.21965
-97.4198,32.33432
-97.41901,37.67503
-97.41251,30.59477
-97.4078,32.34133
-97.39863,42.88935
-97.38132,31.07508
-97.36816,32.6974
-97.33327,31.97478
-97.33174,30.10768
-97.32956,37.69333
-97.32411,41.44033
-97.32281,27.87943
-97.32098,31.95139
-97.3089,36.67832
-97.28314,33.02254
-97.28091,40.77858
-97.26673,32.85935
-97.2658,32.80549
-97.26357,37.69435
-97.26286,32.84849
-97.25858,34.17335
-97.25557,32.89961
-97.2454,37.54697
-97.23127,33.05452
-97.22597,26.0746
-97.22331,41.95056
-97.2216,32.82929
-97.21414,38.91792
-97.21374,38.91759
-97.20953,32.86693
-97.20378,32.88764
-97.19934,32.80955
-97.19831,32.67746
-97.18889,31.50779
-97.17383,33.22569
-97.17186,29.42893
-97.1718,29.43063
-97.17141,32.7582
-97.17027,29.43178
-97.16803,31.50045
-97.16755,31.50025
-97.15698,32.87795
-97.15335,35.4601
-97.14777,39.38033
-97.14587,27.90255
-97.14571,29.57366
-97.13919,33.23181
-97.13362,32.72174
-97.12902,44.87722
-97.11633,32.95019
-97.11114,36.14557
-97.10819,32.84066
-97.10656,44.88966
-97.10635,32.59253
-97.10501,33.1863
-97.10021,40.90236
-97.09748,44.88837
-97.0846,47.88687
-97.08254,33.23527
-97.06964,27.8245
-97.06731,47.89587
-97.06152,47.40312
-97.05481,32.78931
-97.0501,36.11878
-97.04749,47.90197
-97.04731,32.80035
-97.0354,45.65974
-97.02195,33.04086
-97.01993,38.97118
-97.01881,42.22939
-97.01871,42.23154
-97.01805,42.23173
-97.0175,42.22933
-97.01748,42.22671
-97.01743,42.22832
-97.01365,33.00649
-97.00948,32.95021
-97.00903,42.23515
-96.99806,42.24001
-96.99032,33.02595
-96.99007,32.83866
-96.97785,31.0732
-96.97677,33.00419
-96.97646,31.07425
-96.97343,33.00897
-96.95889,32.80918
-96.95101,43.61405
-96.94914,38.67024
-96.94785,43.63253
-96.93342,42.78809
-96.93279,42.77868
-96.93163,29.91152
-96.91643,32.83522
-96.91536,41.9875
-96.9147,32.968
-96.91136,32.66271
-96.91031,32.86735
-96.90808,32.99782
-96.90306,32.86839
-96.8971,31.30611
-96.8969,33.21854
-96.88502,32.99923
-96.88395,32.77954
-96.88379,32.88943
-96.88274,32.92258
-96.88244,37.81847
-96.87521,48.45181
-96.87094,32.66293
-96.8675,32.75733
-96.86576,46.8311
-96.86041,46.87724
-96.85279,32.8068
-96.85145,32.95621
-96.84237,32.80171
-96.83207,45.59555
-96.81264,41.9292
-96.81263,41.92867
-96.81259,41.92955
-96.81145,41.92949
-96.81104,32.5321
-96.80801,44.3124
-96.80483,43.97829
-96.80433,48.85958
-96.80316,48.86095
-96.80187,33.15219
-96.79297,32.98894
-96.79252,31.85274
-96.78807,32.84899
-96.78061,43.65474
-96.78055,32.78513
-96.77588,41.46122
-96.77401,43.52126
-96.77274,43.51405
-96.77136,43.49765
-96.7698,32.95319
-96.76931,48.18935
-96.76897,33.02966
-96.7684,43.54486
-96.76757,32.95695
-96.75511,44.32784
-96.74938,40.31294
-96.74879,40.29023
-96.74785,40.28845
-96.74692,33.21778
-96.74521,40.28515
-96.74499,40.26457
-96.74196,33.21795
-96.74097,43.75977
-96.73738,32.94836
-96.73023,32.81338
-96.72076,43.55049
-96.71419,33.04043
-96.71214,43.588
-96.71038,43.59846
-96.70911,33.02417
-96.70891,32.86595
-96.70626,42.10707
-96.70343,34.75662
-96.70019,32.83266
-96.69832,33.03347
-96.69726,33.02979
-96.69662,40.84312
-96.69428,33.01077
-96.6939,33.05962
-96.69323,40.84325
-96.69316,40.84394
-96.69285,49.5153
-96.69233,40.8433
-96.68808,35.48624
-96.68124,49.52449
-96.67875,33.10461
-96.67363,32.8359
-96.67239,43.54193
-96.67237,43.54153
-96.66452,40.7566
-96.6521,40.78557
-96.64984,39.84299
-96.64811,45.21947
-96.63863,28.62533
-96.63744,33.20363
-96.63716,33.19946
-96.63151,28.61147
-96.62865,40.62551
-96.62581,40.78396
-96.62407,40.822
-96.6231,47.7672
-96.61754,45.2251
-96.6135,32.80918
-96.60981,47.78579
-96.6082,47.77482
-96.60724,33.6718
-96.59579,44.04756
-96.57466,33.28588
-96.57165,43.59401
-96.57143,43.59159
-96.56851,33.60088
-96.56727,32.90636
-96.5606,39.17386
-96.5389,38.39545
-96.53195,40.81362
-96.52811,39.19515
-96.51952,32.91794
-96.49657,41.43271
-96.48257,32.08146
-96.48222,44.23651
-96.473,41.45224
-96.46978,41.82797
-96.46769,41.45215
-96.46595,42.49587
-96.43441,43.45211
-96.42088,46.65988
-96.42028,46.65263
-96.41932,42.52321
-96.40838,34.00088
-96.40138,32.10177
-96.39999,43.84953
-96.36266,42.48638
-96.36034,33.16044
-96.35363,42.45044
-96.34351,41.31578
-96.33029,42.45068
-96.32044,30.6184
-96.31233,30.60766
-96.29256,37.82097
-96.29141,41.28361
-96.2749,37.81809
-96.2725,47.87537
-96.25852,47.07862
-96.24951,42.00622
-96.24624,41.26703
-96.24515,41.26699
-96.24212,41.26345
-96.23907,41.2654
-96.23189,41.28612
-96.21547,38.41898
-96.21346,38.40576
-96.21213,28.71433
-96.20796,30.53072
-96.19561,41.24813
-96.19437,33.60235
-96.18575,40.6573
-96.18363,48.70127
-96.18204,48.7009
-96.1811,48.11762
-96.17958,41.2595
-96.17909,48.6961
-96.17763,41.23241
-96.15924,29.78513
-96.15808,29.78159
-96.1445,41.2887
-96.14077,41.14962
-96.13639,41.23614
-96.1363,41.22593
-96.13386,43.18903
-96.12789,41.1596
-96.10873,46.28539
-96.09711,40.17818
-96.08527,29.77379
-96.07888,41.28832
-96.07065,41.28631
-96.06802,29.52188
-96.06742,29.53133
-96.06657,30.38263
-96.05962,30.09456
-96.05415,41.2879
-96.05032,36.08093
-96.04549,41.17823
-96.0367,41.25943
-96.02656,41.21122
-96.02462,41.24923
-96.01467,35.84878
-95.98635,30.48792
-95.98275,41.26631
-95.97514,36.17175
-95.9674,36.17381
-95.96695,36.17192
-95.96324,35.60309
-95.95434,36.03654
-95.95421,36.03634
-95.94962,30.77377
-95.94671,41.25041
-95.93288,43.63616
-95.93228,36.08962
-95.91616,41.15065
-95.90633,36.13104
-95.90502,36.17952
-95.89968,29.69163
-95.89883,41.1361
-95.89442,41.13673
-95.8926,36.10399
-95.88963,36.10512
-95.8859,36.00958
-95.88276,36.1041
-95.88216,41.25371
-95.87404,36.06229
-95.87126,36.1015
-95.86351,36.06212
-95.85981,40.65847
-95.85719,36.11858
-95.8549,40.67647
-95.85287,32.20196
-95.85097,29.75196
-95.84994,36.19423
-95.84564,36.2816
-95.84564,36.28179
-95.83636,36.08844
-95.8348,36.07582
-95.83376,46.81337
-95.83251,36.07696
-95.82845,36.07591
-95.8279,36.07591
-95.82786,46.81293
-95.82734,36.07592
-95.82585,36.07516
-95.82526,36.07515
-95.81941,36.07509
-95.81929,36.07581
-95.8183,30.24076
-95.81602,29.69931
-95.81546,29.69944
-95.81491,36.05621
-95.81462,36.05384
-95.81266,36.06001
-95.81002,36.05905
-95.80457,46.65673
-95.79931,36.01867
-95.78822,29.55721
-95.78596,42.47483
-95.78018,48.84693
-95.776,48.84744
-95.76911,44.43446
-95.76906,48.85097
-95.76321,48.84681
-95.76252,48.84668
-95.75938,47.57998
-95.7551,30.2091
-95.75308,29.78084
-95.744,29.61348
-95.74375,34.92578
-95.72394,44.9449
-95.72388,36.42025
-95.70749,37.23303
-95.70468,29.83174
-95.70265,29.04173
-95.69861,29.97154
-95.69861,46.72688
-95.69525,39.02919
-95.69226,29.96651
-95.68519,30.38779
-95.68469,29.88216
-95.67694,39.01684
-95.67251,39.05253
-95.65947,30.38565
-95.64811,29.90811
-95.63771,30.09177
-95.63189,29.5936
-95.62865,43.08699
-95.62392,29.99616
-95.60121,40.07133
-95.59963,45.96417
-95.59935,43.63214
-95.58752,29.58465
-95.56453,29.79823
-95.56452,30.22286
-95.55938,39.85131
-95.55301,29.70433
-95.55111,29.96252
-95.54696,29.95807
-95.54613,29.70559
-95.53775,30.22532
-95.53506,34.01796
-95.53336,30.34303
-95.53048,29.5357
-95.52383,47.71704
-95.51605,29.72021
-95.51005,29.97933
-95.50917,32.66774
-95.48894,29.73827
-95.46674,29.816
-95.46635,30.00703
-95.46585,30.29391
-95.46316,29.8993
-95.46149,30.00892
-95.45874,29.04418
-95.4564,29.79585
-95.45621,30.16725
-95.45339,29.04579
-95.4475,30.12435
-95.4449,46.32156
-95.44022,30.07203
-95.43371,30.07262
-95.42888,30.0095
-95.42482,29.80385
-95.42193,29.98559
-95.41115,29.85066
-95.41063,29.92238
-95.40914,29.74142
-95.40626,29.85982
-95.38761,29.94547
-95.3859,45.84924
-95.38216,45.84459
-95.38045,30.03061
-95.38025,45.84764
-95.37809,45.88799
-95.37277,29.77055
-95.37029,29.47162
-95.3549,46.80334
-95.35404,28.95272
-95.32954,30.39396
-95.3266,41.637
-95.32102,29.55853
-95.3138,29.71151
-95.31364,29.90353
-95.31318,29.55988
-95.30995,29.90329
-95.29816,29.44693
-95.28949,29.66009
-95.28267,29.80495
-95.28205,38.97081
-95.28068,32.3801
-95.27113,29.56037
-95.27045,30.00404
-95.26823,38.62359
-95.26802,37.34173
-95.26531,38.92851
-95.26531,38.9288
-95.26313,37.34173
-95.25974,37.3331
-95.25715,29.99877
-95.25678,38.94203
-95.25372,31.96456
-95.2491,29.99887
-95.24782,29.40252
-95.23563,29.77481
-95.23532,29.62924
-95.23475,41.01884
-95.22897,41.02719
-95.22553,30.12794
-95.20022,32.58739
-95.18623,29.77279
-95.18218,30.04913
-95.16333,35.87673
-95.15121,31.79997
-95.14967,43.32446
-95.13918,29.54373
-95.13059,29.53122
-95.12906,29.5479
-95.125,43.40879
-95.12097,39.56208
-95.11456,43.86585
-95.11319,29.48514
-95.10719,29.57473
-95.09941,46.65057
-95.09717,46.75226
-95.09671,46.75286
-95.08916,30.34355
-95.06116,36.48592
-95.05654,36.47981
-95.04053,45.10475
-95.03583,40.73805
-95.01274,41.40936
-94.99125,43.62729
-94.98126,29.50784
-94.97575,29.77986
-94.97167,35.89497
-94.97091,33.1504
-94.96903,38.9786
-94.95904,32.99848
-94.94672,32.72846
-94.9382,41.73071
-94.92791,47.50152
-94.90373,47.49468
-94.90239,39.41077
-94.89763,47.49457
-94.87936,38.57417
-94.87718,32.38408
-94.87157,47.46417
-94.87145,40.34848
-94.86649,32.30385
-94.86473,45.95992
-94.86472,45.95766
-94.86462,45.96033
-94.85533,42.06524
-94.84798,39.01019
-94.83229,43.39515
-94.83133,39.77603
-94.81996,43.40251
-94.81201,36.41514
-94.79281,38.88668
-94.79251,39.38387
-94.78339,31.18665
-94.74935,34.1476
-94.74841,45.82437
-94.74733,45.82467
-94.73805,39.1167
-94.73323,42.26727
-94.73251,44.29675
-94.71653,39.01345
-94.70846,44.29781
-94.6965,38.3697
-94.69362,38.97057
-94.68797,42.73316
-94.68237,45.15101
-94.66843,43.11292
-94.65524,39.02237
-94.64624,39.08754
-94.63977,39.08755
-94.63227,38.98024
-94.63189,39.00268
-94.62915,38.95616
-94.62425,39.0874
-94.6233,39.08774
-94.60092,42.63134
-94.59879,39.05104
-94.58955,39.01413
-94.5867,38.9252
-94.58658,39.0833
-94.58646,39.10451
-94.58597,39.05528
-94.57765,39.07633
-94.55999,40.88293
-94.55669,38.99772
-94.55558,36.1775
-94.54759,39.20148
-94.53925,42.51842
-94.53389,42.52976
-94.53017,38.85545
-94.52427,39.10178
-94.52003,46.93082
-94.5199,46.93115
-94.50809,38.81195
-94.49309,44.33334
-94.49088,44.33021
-94.48593,36.25959
-94.47483,37.05252
-94.45997,44.31387
-94.4491,39.26896
-94.42536,35.37788
-94.41677,30.77519
-94.39392,35.37236
-94.39361,36.84123
-94.38788,44.89604
-94.38024,35.2957
-94.37963,38.90541
-94.36922,35.36288
-94.36068,38.91621
-94.35986,39.88939
-94.31764,35.97584
-94.3145,45.56805
-94.28002,47.87286
-94.2728,39.03297
-94.27028,39.00812
-94.25537,45.54965
-94.24866,39.33961
-94.24193,46.37217
-94.22903,35.48632
-94.2279,42.74134
-94.22584,46.35731
-94.22252,45.55114
-94.22002,45.54872
-94.21831,44.10676
-94.21448,46.3589
-94.2005,45.55228
-94.19344,44.27626
-94.19012,36.17683
-94.16266,30.13105
-94.15749,42.50223
-94.15386,36.33462
-94.14491,42.49932
-94.14337,42.50178
-94.14163,30.06665
-94.13989,42.50185
-94.12097,36.08472
-94.11608,30.07784
-94.11512,36.44361
-94.1146,36.33823
-94.10542,34.89975
-94.10432,46.66945
-94.0884,30.05859
-94.07835,33.43355
-94.06576,37.19436
-94.05625,37.16891
-94.04238,44.8847
-93.99217,30.89729
-93.97041,30.44132
-93.95868,44.16828
-93.95639,44.32466
-93.92751,29.89935
-93.897,30.64634
-93.88588,41.61166
-93.88262,36.66753
-93.87309,45.1786
-93.86469,32.44366
-93.86018,45.16938
-93.84774,45.21924
-93.83656,48.62945
-93.82679,32.78358
-93.80638,41.28861
-93.80523,45.29608
-93.77595,45.29537
-93.77257,41.57284
-93.77177,41.69039
-93.75479,44.62341
-93.74201,36.37958
-93.73512,36.08554
-93.73299,38.7703
-93.72169,41.59998
-93.70735,44.11675
-93.70009,41.63617
-93.69879,41.6659
-93.69668,41.61523
-93.69517,41.64105
-93.68887,47.59128
-93.66865,45.74741
-93.6355,34.55936
-93.63202,43.26505
-93.6195,36.62437
-93.61912,41.62885
-93.6191,41.62903
-93.61822,40.07493
-93.60259,41.52783
-93.60125,41.7373
-93.58007,44.89296
-93.57205,44.9858
-93.56695,44.21893
-93.5574,41.37721
-93.55719,41.34759
-93.55673,38.76814
-93.55358,39.78039
-93.55325,39.77824
-93.55012,45.19138
-93.50145,44.9131
-93.50135,44.94131
-93.48732,41.49937
-93.48667,31.56613
-93.48089,41.67185
-93.46905,46.13834
-93.46085,35.45169
-93.45909,42.02298
-93.45826,42.02303
-93.45349,45.00634
-93.44548,44.78456
-93.44145,48.58688
-93.40241,48.60128
-93.40049,44.83648
-93.39431,45.17843
-93.38857,44.92551
-93.38156,44.98499
-93.37823,45.02151
-93.37767,37.21191
-93.37757,44.95526
-93.37151,44.95883
-93.3593,45.38722
-93.35687,37.18535
-93.35664,43.68333
-93.3548,44.91054
-93.35228,30.23614
-93.34899,37.23082
-93.34605,44.93087
-93.3319,44.81217
-93.32895,37.24051
-93.32643,37.14032
-93.32241,44.74679
-93.3186,44.77729
-93.3168,44.96979
-93.31044,45.04368
-93.30671,36.58351
-93.306,46.70965
-93.30469,37.04293
-93.3037,36.58331
-93.29784,44.95264
-93.29733,45.87753
-93.29718,37.1431
-93.29668,44.74854
-93.29566,37.13188
-93.2942,37.17143
-93.29103,44.91936
-93.29033,44.93787
-93.28867,36.64706
-93.2884,30.86366
-93.28682,37.22979
-93.28568,36.65323
-93.28522,44.78389
-93.28486,36.65312
-93.27807,44.96525
-93.27649,45.19969
-93.26951,44.94854
-93.26891,37.15877
-93.26766,30.84717
-93.26712,44.86091
-93.26558,36.646
-93.26435,31.15146
-93.2641,36.64378
-93.26376,37.24845
-93.26356,32.622
-93.26277,36.64569
-93.26176,37.16388
-93.26046,44.16609
-93.25312,38.6781
-93.25149,45.05028
-93.24881,43.15089
-93.24243,44.64789
-93.24076,44.96263
-93.22266,44.90914
-93.2207,44.73557
-93.21931,30.21317
-93.21701,45.57906
-93.21163,39.10982
-93.19777,44.96514
-93.18644,44.96423
-93.18196,44.95801
-93.17874,30.20027
-93.17854,44.7913
-93.17698,44.92686
-93.17589,30.19168
-93.17122,44.93994
-93.17065,30.19705
-93.16531,45.1539
-93.16246,44.45335
-93.16195,45.14138
-93.1616,44.82659
-93.15769,45.02558
-93.14895,45.04801
-93.14746,44.96691
-93.14586,44.84693
-93.14437,44.84627
-93.14434,44.84743
-93.14408,44.8462
-93.14333,44.84851
-93.14306,44.84745
-93.14283,44.84746
-93.14242,44.84851
-93.14237,44.84626
-93.14216,44.84201
-93.14209,44.84852
-93.12715,44.73748
-93.11703,40.20579
-93.10732,31.7573
-93.08503,31.7409
-93.08486,31.74069
-93.08294,44.90937
-93.07347,44.9419
-93.07153,39.77816
-93.05124,43.86653
-93.03723,44.85832
-93.03722,44.85818
-93.03721,44.85791
-93.03311,45.05212
-93.02101,41.69796
-93.02101,45.02738
-93.01713,45.02908
-93.0146,43.66572
-93.00856,45.08621
-92.99711,45.27758
-92.98661,45.04976
-92.97451,43.66865
-92.97447,43.67019
-92.97432,44.92569
-92.97068,44.92805
-92.96874,44.83112
-92.96565,45.02457
-92.96262,44.99462
-92.95805,44.98927
-92.94005,44.94422
-92.93779,47.42942
-92.90789,44.49574
-92.90787,44.49637
-92.90248,44.91588
-92.85885,44.0278
-92.85598,44.02748
-92.85509,44.02842
-92.83987,46.32076
-92.83983,45.04165
-92.83808,44.02926
-92.81534,43.28442
-92.81085,44.60026
-92.80515,39.42816
-92.79169,38.17795
-92.77027,38.14536
-92.75743,44.97271
-92.74388,38.97643
-92.73361,44.95998
-92.70826,37.98749
-92.68125,44.98838
-92.66708,30.81085
-92.66477,37.67986
-92.66314,41.29687
-92.65396,31.96852
-92.63631,32.54283
-92.63063,38.22157
-92.58066,40.20728
-92.58032,40.21037
-92.57988,47.52072
-92.5736,40.17588
-92.55818,47.51971
-92.54736,47.53633
-92.54506,44.56296
-92.5335,47.52306
-92.5332,47.52382
-92.51681,44.09858
-92.51361,30.02354
-92.50329,44.03501
-92.49878,44.06703
-92.48879,43.85575
-92.48661,44.03942
-92.48228,44.03154
-92.482,45.57535
-92.48037,44.0321
-92.47976,44.02985
-92.47713,44.73101
-92.47374,31.27763
-92.4736,42.7137
-92.46781,46.66421
-92.46778,46.66237
-92.4656,43.97023
-92.46545,43.96993
-92.46543,43.97054
-92.4607,43.98211
-92.45801,46.7117
-92.45784,43.99541
-92.45537,46.72186
-92.45443,46.72182
-92.44542,42.518
-92.43899,35.08146
-92.43808,42.52112
-92.40227,31.33158
-92.39881,31.33402
-92.38027,36.34401
-92.37873,30.22525
-92.37023,34.82145
-92.34626,38.9674
-92.33633,42.66228
-92.33202,38.91073
-92.32033,42.46592
-92.30699,34.76061
-92.29899,31.3659
-92.27795,41.89647
-92.27517,41.89615
-92.27086,47.80516
-92.2677,47.4155
-92.25222,45.26546
-92.24424,38.57991
-92.24236,47.53028
-92.24186,47.52969
-92.23862,43.98354
-92.21762,38.96046
-92.21214,38.58023
-92.2037,38.58061
-92.2032,41.99404
-92.19832,44.92327
-92.18855,38.95982
-92.17255,46.80876
-92.17107,45.05842
-92.16034,32.50442
-92.11186,34.88051
-92.10726,46.7196
-92.10343,29.97029
-92.08525,37.99827
-92.08344,43.66969
-92.08243,46.79989
-92.07744,30.52064
-92.06879,30.17034
-92.06828,30.1851
-92.06341,33.63174
-92.05024,38.95345
-92.04202,34.97833
-92.02958,35.51277
-91.93165,33.62927
-91.92694,44.90372
-91.91878,44.86863
-91.89215,39.14479
-91.89105,39.17203
-91.89103,39.17249
-91.89102,45.82244
-91.8902,39.17194
-91.88183,39.1703
-91.87771,36.7123
-91.86469,47.90217
-91.861,41.9969
-91.8492,39.16278
-91.82542,46.10059
-91.78939,33.62994
-91.77681,37.93019
-91.76613,35.24779
-91.76483,37.96548
-91.76056,32.4611
-91.74032,45.51547
-91.67996,47.02795
-91.65951,44.56831
-91.64274,44.05581
-91.63693,43.56079
-91.62338,42.0298
-91.61702,41.9761
-91.60263,45.16411
-91.60034,36.23508
-91.59241,42.03317
-91.5555,45.65633
-91.54826,35.93702
-91.54587,41.96899
-91.53355,37.64562
-91.50326,39.30394
-91.49459,34.97671
-91.48873,39.31096
-91.47987,44.86432
-91.40196,36.69982
-91.39304,40.62505
-91.3882,31.52699
-91.35414,31.56231
-91.33711,43.88486
-91.33287,40.62988
-91.33229,42.42947
-91.29169,33.32164
-91.27133,47.29371
-91.26141,43.96034
-91.25225,43.81178
-91.24351,43.85615
-91.24001,43.83411
-91.21769,43.77131
-91.21768,43.36207
-91.17918,30.4234
-91.15638,30.46364
-91.14896,40.81209
-91.14775,30.64608
-91.10688,45.46572
-91.09682,30.47305
-91.09566,42.77571
-91.09552,42.78185
-91.08992,30.45433
-91.07383,42.60242
-91.06766,30.45834
-91.05129,30.39237
-91.04669,30.45944
-91.04607,30.4613
-91.02954,30.53897
-90.98712,30.33329
-90.97969,31.96802
-90.95357,30.57495
-90.94978,38.81482
-90.92128,32.26994
-90.89299,46.6718
-90.89125,43.57369
-90.886,42.79494
-90.87164,39.44303
-90.85227,34.30734
-90.84828,44.29516
-90.8437,38.82439
-90.7866,38.76722
-90.78083,35.24809
-90.77473,41.51157
-90.76871,33.95233
-90.75588,29.60945
-90.75482,29.63311
-90.74374,42.48669
-90.7432,38.99203
-90.72018,38.72399
-90.70432,40.45401
-90.69194,42.86105
-90.68057,42.06723
-90.66611,38.50517
-90.66474,42.4901
-90.66027,46.32631
-90.65281,38.76251
-90.63913,47.66147
-90.62773,44.95195
-90.6276,38.80279
-90.60216,38.6662
-90.60199,38.66609
-90.5981,38.95292
-90.5815,38.41482
-90.57511,41.65537
-90.57484,34.20134
-90.57464,38.40914
-90.57312,41.44353
-90.56982,38.79385
-90.56227,38.79063
-90.5462,33.73277
-90.53942,38.59127
-90.52873,41.82683
-90.51998,41.54336
-90.50481,38.48591
-90.50443,43.98677
-90.49703,30.0701
-90.49696,30.07071
-90.49539,38.56907
-90.49478,30.5037
-90.48329,30.50192
-90.47718,31.58048
-90.47613,43.98591
-90.47181,42.72879
-90.46992,31.58068
-90.45548,31.58435
-90.45494,31.59448
-90.44166,37.78682
-90.44047,38.5141
-90.43938,38.69735
-90.43823,38.54379
-90.42965,37.79105
-90.42014,38.74818
-90.40988,36.7496
-90.40092,40.80884
-90.39779,31.70178
-90.39076,38.69657
-90.38811,38.21628
-90.38206,38.48598
-90.3798,40.97295
-90.37684,38.44607
-90.36161,38.70351
-90.35507,47.74905
-90.33529,38.55037
-90.33433,45.14677
-90.33316,38.62452
-90.33239,45.13995
-90.31326,29.47188
-90.30878,47.7599
-90.30638,38.66226
-90.30528,40.91696
-90.28438,38.53707
-90.28324,38.76768
-90.27959,38.61054
-90.27623,38.62739
-90.27311,38.6259
-90.27091,38.5901
-90.2587,38.547
-90.24157,30.00047
-90.24045,38.5955
-90.23875,38.64237
-90.22424,30.00469
-90.21671,30.00636
-90.21451,33.52641
-90.21322,29.94617
-90.2039,29.97811
-90.19577,46.45948
-90.19384,33.53127
-90.18561,38.63842
-90.18561,38.63856
-90.18468,29.94437
-90.18456,29.94455
-90.18442,29.94475
-90.18115,42.86028
-90.18017,33.51707
-90.17359,42.87102
-90.17334,42.87162
-90.17037,46.45305
-90.16929,33.51725
-90.16644,35.88006
-90.15353,30.847
-90.14962,32.37796
-90.14599,38.9169
-90.14482,29.97332
-90.14251,29.97388
-90.13902,31.55842
-90.13396,32.40064
-90.12897,32.27889
-90.12628,38.72873
-90.1217,29.92211
-90.11928,29.97196
-90.11558,29.91657
-90.1097,29.93511
-90.10934,31.5532
-90.10553,30.01912
-90.09981,38.46075
-90.09622,29.88099
-90.08152,30.45421
-90.06767,29.96107
-90.0649,36.24777
-90.04767,29.96955
-90.0473,29.96949
-90.04719,37.96834
-90.04397,30.48363
-90.04185,38.91009
-90.02873,34.99125
-90.01635,34.98528
-89.98666,38.53035
-89.98133,35.6929
-89.97479,34.96214
-89.94227,30.31341
-89.93468,38.57839
-89.93417,38.57472
-89.92902,41.22106
-89.88377,40.83908
-89.88053,39.28069
-89.87654,31.962
-89.87107,34.93209
-89.86975,31.59787
-89.85749,35.16604
-89.84946,35.39132
-89.82397,33.77358
-89.82011,43.96545
-89.81793,44.3735
-89.81621,44.37628
-89.81273,44.37817
-89.80114,35.04739
-89.78632,43.57432
-89.77951,40.42561
-89.75453,30.3107
-89.75388,38.24679
-89.74732,30.2799
-89.73897,43.00724
-89.72822,44.78927
-89.72469,43.01087
-89.71982,43.27504
-89.71577,39.75139
-89.71449,39.76284
-89.71013,39.76149
-89.70406,39.68686
-89.70263,38.14282
-89.69651,41.78968
-89.69422,39.73904
-89.69021,41.77144
-89.68659,39.80745
-89.68598,35.04727
-89.68548,38.6058
-89.68089,39.76334
-89.67171,40.53765
-89.6705,30.54425
-89.6693,35.03274
-89.66801,40.53741
-89.66494,40.55054
-89.66455,39.80451
-89.66292,39.80411
-89.66252,40.55337
-89.66095,43.114
-89.66079,43.11452
-89.65678,35.55541
-89.65343,40.56717
-89.65208,40.7718
-89.64852,44.91308
-89.64848,45.17372
-89.64512,44.9156
-89.64426,39.81699
-89.64298,41.81754
-89.64166,42.30083
-89.6403,40.59391
-89.64006,40.59447
-89.63808,40.74793
-89.63615,40.59822
-89.63448,40.59927
-89.63351,35.04298
-89.63326,40.5975
-89.63311,40.59944
-89.63306,40.59969
-89.63155,34.15323
-89.62312,39.76461
-89.62284,39.75831
-89.61654,40.55983
-89.60961,42.30486
-89.60957,44.89853
-89.60841,40.79544
-89.6082,39.83902
-89.60281,39.84123
-89.60114,39.83726
-89.59734,40.54585
-89.59427,40.54381
-89.58639,39.83078
-89.58354,36.87745
-89.58146,36.86086
-89.5795,33.06646
-89.57675,33.06453
-89.55947,34.36223
-89.54483,36.58852
-89.54025,40.62924
-89.5315,45.98979
-89.51938,34.30615
-89.51738,34.36344
-89.51733,44.42668
-89.50352,35.22871
-89.50184,40.53085
-89.49499,40.52847
-89.49494,34.34674
-89.49481,40.528
-89.49029,40.52529
-89.48718,43.10252
-89.48454,43.88348
-89.47475,40.76613
-89.46285,43.19139
-89.45707,41.82404
-89.44288,48.36529
-89.41534,45.63406
-89.39209,36.05874
-89.38868,45.63119
-89.37809,45.66326
-89.3738,40.15843
-89.37188,38.36841
-89.36718,30.29618
-89.36313,43.08773
-89.36104,43.08576
-89.36082,43.12891
-89.35889,40.15077
-89.35566,31.32233
-89.35122,31.36
-89.34989,35.24498
-89.34755,35.2451
-89.34616,33.99065
-89.32283,43.08336
-89.31761,31.31175
-89.31463,46.86942
-89.31416,43.04916
-89.31367,40.42558
-89.30527,43.13103
-89.30214,43.01604
-89.29826,42.78015
-89.29506,42.78051
-89.29285,43.01401
-89.28542,42.7789
-89.28542,42.77898
-89.27391,40.7222
-89.2735,40.70139
-89.27151,40.64165
-89.26414,42.6301
-89.26399,42.63008
-89.2443,48.41005
-89.24125,37.72826
-89.23982,42.27693
-89.23262,37.99056
-89.22927,43.18856
-89.22049,48.4365
-89.22014,48.43632
-89.1728,45.79732
-89.17117,45.79762
-89.16793,37.00278
-89.14745,32.76222
-89.12634,35.15549
-89.11894,38.97312
-89.09873,41.32801
-89.08634,36.40097
-89.08348,44.35614
-89.06393,43.16728
-89.06372,33.13662
-89.06006,36.41508
-89.05987,33.12388
-89.05973,42.31636
-89.05559,33.11257
-89.05488,33.11466
-89.05164,42.25851
-89.0406,42.26663
-89.02686,42.22992
-89.01621,40.73743
-89.00564,40.46044
-88.99182,30.39952
-88.98077,42.32461
-88.96089,42.3741
-88.95846,39.9289
-88.95386,40.46918
-88.94686,37.74006
-88.94589,38.61804
-88.93486,31.35536
-88.92142,41.59004
-88.9032,38.31513
-88.89071,35.06439
-88.88921,30.39955
-88.86954,42.25501
-88.86461,35.64356
-88.86203,35.64603
-88.85006,35.6589
-88.8471,32.49831
-88.84448,33.44759
-88.83112,41.12119
-88.82832,35.60941
-88.79597,35.54261
-88.78806,30.41428
-88.76059,43.63408
-88.7478,34.25356
-88.74755,32.37755
-88.74427,35.15527
-88.74177,34.28781
-88.73381,43.16934
-88.73098,43.15617
-88.7308,43.18615
-88.72917,43.18536
-88.71393,34.24771
-88.69647,34.31862
-88.69613,34.3059
-88.6794,41.53022
-88.67736,41.5302
-88.64584,40.87479
-88.63372,42.6267
-88.62265,42.62694
-88.60795,41.64568
-88.59492,47.10511
-88.59169,47.10332
-88.59038,47.12543
-88.58357,44.0019
-88.5791,47.0949
-88.57533,40.01426
-88.5691,47.12207
-88.53774,44.01863
-88.53771,44.01925
-88.53608,44.30863
-88.53584,38.09427
-88.53527,40.74443
-88.53382,38.08989
-88.51947,45.30042
-88.51118,40.74766
-88.50419,34.90946
-88.4862,40.74378
-88.48091,43.09491
-88.47808,37.63895
-88.47549,33.97925
-88.47512,44.27403
-88.46219,39.71854
-88.45918,41.6645
-88.45764,44.26008
-88.45597,46.75085
-88.45392,47.22633
-88.43498,33.51405
-88.42594,42.17797
-88.42477,42.78455
-88.42463,41.37245
-88.40967,42.78807
-88.39022,35.23599
-88.38982,35.23941
-88.37783,44.24312
-88.37562,35.23411
-88.3628,42.27089
-88.34794,41.6766
-88.34586,36.85726
-88.33456,42.18254
-88.3219,42.22732
-88.31984,41.69485
-88.31638,41.7781
-88.31159,36.61777
-88.30765,42.02614
-88.30013,36.61078
-88.29688,42.17269
-88.2934,40.09664
-88.2924,40.11924
-88.28222,39.79107
-88.28094,40.1157
-88.27814,43.32965
-88.27654,40.14495
-88.27202,41.44103
-88.26771,41.28661
-88.2637,40.1512
-88.25775,45.92381
-88.24779,40.09155
-88.2416,40.1201
-88.24119,30.42619
-88.24042,42.98624
-88.23857,43.07675
-88.23832,43.07554
-88.23527,42.97837
-88.23526,42.97895
-88.23007,35.22602
-88.2288,34.80231
-88.22776,35.2257
-88.22701,40.13229
-88.22456,42.19231
-88.22288,42.98942
-88.22167,41.63252
-88.22139,41.97836
-88.20874,41.74983
-88.20744,42.19412
-88.1982,40.12651
-88.19812,40.12667
-88.19783,41.77945
-88.19558,41.77907
-88.19255,41.779
-88.19187,30.75075
-88.18573,42.18165
-88.18273,43.42284
-88.16551,30.54971
-88.15215,33.12824
-88.14984,34.45722
-88.14772,30.705
-88.14725,42.2577
-88.13872,40.31309
-88.13678,44.88354
-88.12803,35.65585
-88.12729,41.55465
-88.12444,41.69462
-88.12012,43.18965
-88.1201,30.715
-88.11823,42.14649
-88.1137,44.40884
-88.11064,42.92843
-88.10782,42.56872
-88.10581,43.03733
-88.09964,42.35504
-88.09241,44.52362
-88.08559,42.04856
-88.08173,44.56506
-88.08152,33.56212
-88.07924,41.93515
-88.07628,41.66894
-88.07558,37.34127
-88.06982,41.98092
-88.06866,41.6654
-88.06379,44.49071
-88.05305,44.46202
-88.05275,42.68806
-88.04966,42.98699
-88.04082,41.79058
-88.03727,42.11842
-88.01422,33.3782
-88.0099,41.77402
-88.00839,42.99606
-88.00404,43.16369
-88.00396,42.08189
-88.0014,41.66146
-87.99952,45.80612
-87.99882,43.01897
-87.99738,38.24413
-87.99549,45.22913
-87.99423,42.14039
-87.98887,44.50657
-87.98605,43.24016
-87.98431,46.36251
-87.98338,42.23876
-87.9817,41.77649
-87.97744,41.51623
-87.97635,44.49122
-87.97171,44.48493
-87.96936,43.01699
-87.96846,43.01983
-87.96707,42.01702
-87.96316,42.04792
-87.95781,42.14104
-87.95405,41.79639
-87.95312,42.23875
-87.9522,42.7169
-87.94557,43.0033
-87.93581,41.51281
-87.92762,42.04015
-87.92756,41.80212
-87.92162,42.85039
-87.91466,41.59995
-87.91351,45.78699
-87.91318,41.88198
-87.91257,43.13021
-87.91199,43.04664
-87.91187,43.04664
-87.90933,42.93057
-87.90929,43.01056
-87.9002,41.80893
-87.90018,43.08407
-87.90002,41.52794
-87.89712,30.59478
-87.8964,42.56922
-87.89572,33.31469
-87.89448,42.03657
-87.89318,42.03181
-87.88948,30.65611
-87.88409,41.90255
-87.88235,41.9092
-87.87942,41.92955
-87.87833,43.06671
-87.87206,42.22519
-87.86986,41.81328
-87.86892,41.80176
-87.86426,37.10118
-87.85673,42.41103
-87.85501,41.86424
-87.85501,42.70378
-87.85477,41.60431
-87.85292,41.14884
-87.85015,41.80568
-87.84905,41.85183
-87.84365,42.56637
-87.84308,35.6062
-87.84279,41.80581
-87.83733,41.81608
-87.83618,41.81604
-87.83559,41.96687
-87.83431,41.81327
-87.82934,44.34823
-87.82721,42.13008
-87.82301,41.58339
-87.8091,41.92459
-87.80841,41.97582
-87.80756,41.69021
-87.80634,42.01473
-87.7982,43.62321
-87.79164,41.98851
-87.79073,42.1373
-87.79021,42.02107
-87.78887,41.85101
-87.78767,35.77432
-87.78673,41.92518
-87.78361,41.58716
-87.78038,41.65951
-87.76903,41.97751
-87.74445,41.75597
-87.74041,41.85096
-87.72814,41.9268
-87.72374,41.95667
-87.7201,41.85131
-87.71836,34.51604
-87.71613,34.51205
-87.71609,41.94527
-87.71465,41.84455
-87.70484,44.07585
-87.69839,41.885
-87.69367,41.92043
-87.69314,41.88421
-87.68966,44.08227
-87.6878,41.93778
-87.68777,41.92178
-87.68762,41.93687
-87.68553,42.04687
-87.68263,41.55644
-87.68257,30.39652
-87.68247,30.43169
-87.68046,30.36895
-87.67539,41.88664
-87.67295,41.92226
-87.67104,41.92657
-87.67083,41.92166
-87.66861,41.90649
-87.66834,41.97359
-87.66391,41.83688
-87.66227,41.86953
-87.66076,41.99243
-87.65982,41.85774
-87.65862,41.96663
-87.65825,45.08044
-87.65783,41.89127
-87.65432,41.95346
-87.65114,41.88104
-87.65021,41.77953
-87.64917,41.93297
-87.64575,41.94513
-87.63721,41.89024
-87.63385,41.56575
-87.63336,33.23298
-87.62932,41.90198
-87.62759,33.46472
-87.62544,33.23201
-87.62478,32.98829
-87.61929,45.10585
-87.61063,45.4053
-87.60704,41.81058
-87.60482,41.74477
-87.59724,33.23838
-87.58828,41.44427
-87.58815,41.79744
-87.57822,33.21855
-87.57407,33.23965
-87.56993,35.55087
-87.56226,41.75192
-87.56173,33.23844
-87.56154,33.23839
-87.55186,41.73888
-87.54766,38.17354
-87.54632,33.14904
-87.54562,33.14481
-87.53981,37.98945
-87.53415,33.18894
-87.53286,37.9841
-87.52023,41.51001
-87.50588,32.44988
-87.49915,37.34703
-87.49178,37.94714
-87.48154,33.12386
-87.47631,36.83857
-87.47268,41.49279
-87.46933,36.8202
-87.46763,33.17693
-87.45207,41.37529
-87.44956,34.9558
-87.43872,44.60812
-87.43138,41.58584
-87.42669,30.31911
-87.42084,41.3775
-87.41111,41.55136
-87.39875,46.54396
-87.39806,39.47558
-87.39596,39.5078
-87.39466,37.97781
-87.38686,39.37506
-87.37934,36.06218
-87.36697,36.51098
-87.36208,36.05031
-87.35899,39.43192
-87.33068,41.41671
-87.32848,30.53343
-87.30912,41.47239
-87.29626,35.94133
-87.28254,30.53424
-87.27622,30.39595
-87.27333,30.53452
-87.2706,30.4083
-87.2574,30.48953
-87.25728,30.98389
-87.2516,41.52754
-87.24519,30.4702
-87.23651,30.42025
-87.23549,39.77578
-87.2209,33.93941
-87.20205,41.33285
-87.20086,30.52593
-87.19842,41.20786
-87.18338,41.55134
-87.1827,30.60029
-87.15166,40.93697
-87.14413,39.04064
-87.1441,32.94447
-87.13035,33.11536
-87.08125,45.74849
-87.07938,45.74853
-87.07638,39.41688
-87.07001,31.14177
-87.06309,41.46759
-87.06052,35.59507
-87.05119,41.60782
-87.04729,30.62142
-87.03703,36.39698
-87.03195,35.62728
-87.02653,36.39606
-87.02359,32.4365
-87.01254,34.56547
-87.0109,32.43027
-86.99954,32.41533
-86.96545,33.41068
-86.96399,33.40861
-86.96031,40.4697
-86.95566,38.31329
-86.95165,34.46246
-86.93988,38.42562
-86.93838,38.4141
-86.93825,36.06499
-86.9341,39.01394
-86.91326,38.37402
-86.87565,36.28135
-86.87555,32.77453
-86.8735,34.04663
-86.87295,36.14374
-86.86675,40.6026
-86.85656,41.7344
-86.85607,33.41195
-86.85342,40.39653
-86.85041,40.39317
-86.84913,36.15614
-86.84835,36.1547
-86.84294,40.38678
-86.83371,34.16107
-86.83103,33.44516
-86.82522,35.92115
-86.824,33.46621
-86.82119,33.46665
-86.81979,33.6505
-86.8176,40.37213
-86.81041,33.80675
-86.80348,39.5261
-86.79642,33.3437
-86.79199,32.68266
-86.77495,39.28865
-86.77183,36.19509
-86.76657,37.96351
-86.75638,37.93764
-86.75306,36.11234
-86.73533,41.59901
-86.7303,33.45397
-86.72619,33.52195
-86.72068,36.14452
-86.7034,33.58661
-86.6849,36.17014
-86.66576,36.16871
-86.65063,30.42355
-86.64612,34.73733
-86.63499,34.73351
-86.63206,36.30332
-86.6314,33.40794
-86.61239,38.54801
-86.61157,38.5445
-86.61078,41.80054
-86.61054,33.61757
-86.60779,33.69725
-86.59513,34.76464
-86.59489,41.88499
-86.59459,36.3153
-86.59406,39.21651
-86.59172,33.11149
-86.57461,36.70907
-86.57042,30.75943
-86.5694,35.15285
-86.56908,35.15285
-86.56902,34.64233
-86.55204,33.54704
-86.53722,39.16816
-86.53463,40.27825
-86.52463,38.89676
-86.51414,34.38567
-86.50488,34.31939
-86.50137,43.57059
-86.50084,31.30389
-86.49067,42.01525
-86.49042,40.05144
-86.48666,36.36562
-86.45588,36.38592
-86.44861,35.84578
-86.43997,36.23298
-86.43897,37.7601
-86.4367,42.0447
-86.42895,36.98738
-86.41864,42.08197
-86.41819,41.22544
-86.41813,43.95747
-86.41726,30.48613
-86.39287,35.84578
-86.37727,39.71122
-86.36737,39.60584
-86.36519,39.61661
-86.35884,39.61554
-86.34758,43.50668
-86.33852,30.81803
-86.33804,41.94637
-86.33505,39.76171
-86.3284,41.35793
-86.31303,41.35736
-86.31298,40.75935
-86.31142,31.95903
-86.3051,34.3435
-86.29769,36.19137
-86.29151,41.66492
-86.27541,33.55366
-86.27342,37.31474
-86.26755,34.30022
-86.26495,43.21972
-86.26394,41.6639
-86.26256,43.22005
-86.26053,39.9009
-86.25708,34.51404
-86.25262,39.75174
-86.25137,41.78668
-86.25126,39.75182
-86.24798,45.95933
-86.24464,38.44795
-86.24463,35.39278
-86.2341,39.92644
-86.2308,39.7501
-86.22715,30.37443
-86.22618,42.52023
-86.22613,35.37968
-86.22551,39.91284
-86.2215,32.35187
-86.21606,41.05356
-86.20811,34.26904
-86.20284,34.27826
-86.19274,41.68167
-86.18093,43.07725
-86.16679,30.33981
-86.16649,34.19883
-86.16294,41.44669
-86.15943,34.21546
-86.15937,39.96927
-86.15581,39.61391
-86.15136,39.7715
-86.13996,39.73681
-86.13295,36.10019
-86.13285,39.96278
-86.1292,40.18697
-86.12097,40.0034
-86.11959,39.63712
-86.11472,39.7589
-86.10597,39.6059
-86.10421,42.59442
-86.09936,39.79023
-86.09789,39.8702
-86.09751,44.60841
-86.07316,39.91024
-86.07024,39.91093
-86.06388,39.78228
-86.06062,39.77117
-86.04513,39.66616
-86.04016,39.91371
-86.03406,41.17319
-86.03289,39.83177
-86.02976,42.81296
-86.02657,40.04491
-86.02082,41.53573
-86.0142,40.13253
-86.01378,41.6497
-86.01352,39.80308
-85.99723,34.00514
-85.997,33.99733
-85.98196,38.29553
-85.95951,32.92024
-85.95806,36.26238
-85.95525,36.23641
-85.9533,36.25163
-85.91878,37.80758
-85.91497,37.6811
-85.90599,41.62563
-85.89921,37.75804
-85.89868,38.31642
-85.89556,41.61734
-85.89403,39.22447
-85.88999,38.95742
-85.88714,41.70233
-85.88262,37.68409
-85.86641,38.96024
-85.86134,36.51678
-85.85561,41.25857
-85.85533,37.67575
-85.85227,43.88955
-85.83895,33.60673
-85.83468,41.58474
-85.82499,33.68946
-85.81855,33.70891
-85.81373,34.87403
-85.8051,38.1921
-85.80393,41.55326
-85.79798,33.61026
-85.79339,41.22653
-85.78526,35.69975
-85.78396,35.70028
-85.78377,35.70282
-85.77776,38.68494
-85.77383,42.87981
-85.76257,33.81183
-85.7606,33.79637
-85.75482,34.43594
-85.75073,38.20848
-85.74644,41.40606
-85.74618,42.91386
-85.7408,46.20563
-85.72532,34.4354
-85.72351,34.43459
-85.72075,44.6632
-85.71952,34.44192
-85.7063,41.67514
-85.7062,38.2532
-85.70484,41.65143
-85.70436,42.72412
-85.69489,38.25427
-85.69469,41.31994
-85.68981,43.01389
-85.68848,42.91251
-85.68074,37.3481
-85.67613,42.80962
-85.67015,30.18796
-85.67003,38.26395
-85.65696,44.62744
-85.65545,42.67112
-85.65235,31.47175
-85.65148,40.04448
-85.64699,42.91969
-85.64586,42.27151
-85.64152,43.05804
-85.63877,38.2799
-85.63795,42.96968
-85.63769,43.06065
-85.63597,38.27816
-85.63499,43.06249
-85.63457,44.96047
-85.63438,43.0629
-85.63198,43.06554
-85.63116,43.06598
-85.63067,43.02582
-85.62885,43.06563
-85.62595,38.2211
-85.6253,38.21598
-85.6252,38.22145
-85.62361,38.14264
-85.61864,38.34365
-85.61288,38.26779
-85.60801,30.2117
-85.59431,42.91107
-85.58851,42.27503
-85.58697,41.4526
-85.58369,30.23127
-85.57959,38.28402
-85.57941,41.65237
-85.55924,30.77612
-85.53954,41.53929
-85.53927,41.53981
-85.53709,31.7831
-85.53099,30.77988
-85.52613,36.13358
-85.52421,42.32071
-85.52218,44.29474
-85.52077,45.74646
-85.51151,38.24459
-85.50961,43.87612
-85.50855,34.8722
-85.50776,46.33672
-85.5076,40.8928
-85.50196,43.73652
-85.4894,38.23765
-85.48844,42.95471
-85.48457,32.61081
-85.48331,40.87231
-85.48295,39.35677
-85.48268,39.3374
-85.46818,37.80923
-85.44326,39.60528
-85.43969,32.60784
-85.43579,32.63312
-85.43544,32.63434
-85.43249,39.83804
-85.41831,41.64356
-85.41831,41.64363
-85.41811,29.94849
-85.41675,41.63456
-85.39866,44.4111
-85.39226,44.77012
-85.38604,39.9157
-85.38352,39.92788
-85.38038,32.64826
-85.3728,40.96074
-85.35681,33.12536
-85.34027,36.37496
-85.33911,32.60865
-85.33487,36.35885
-85.33422,37.07691
-85.32428,36.38236
-85.31684,38.59549
-85.30777,34.95
-85.3028,31.05243
-85.30275,29.81546
-85.30256,37.09641
-85.29201,39.13127
-85.28533,42.64785
-85.28248,34.72437
-85.27734,44.87747
-85.27585,41.07277
-85.26805,41.45344
-85.26026,43.90032
-85.25967,43.90041
-85.25777,35.02904
-85.24867,38.21146
-85.24148,38.21132
-85.22429,34.27265
-85.22173,34.99037
-85.21069,44.34005
-85.19859,30.12201
-85.19374,41.04614
-85.17994,40.73931
-85.1701,41.01959
-85.15746,35.06503
-85.15409,35.06677
-85.14684,33.66201
-85.13719,42.78388
-85.127,30.57083
-85.11123,31.29301
-85.08934,41.09837
-85.08073,33.59891
-85.07444,43.20563
-85.07335,43.21202
-85.07211,41.37014
-85.07064,41.36774
-85.06954,41.36931
-85.05954,41.10305
-85.04852,34.84624
-85.03532,34.40858
-85.03167,32.47475
-85.02753,35.95024
-85.01999,33.05076
-85.01746,42.44188
-85.00235,35.50927
-84.99539,39.43591
-84.97311,35.5403
-84.96567,41.93757
-84.9576,32.47057
-84.95655,32.53559
-84.95619,40.66844
-84.93357,36.42679
-84.93336,34.39152
-84.91144,36.00631
-84.91035,38.01941
-84.90779,39.82725
-84.89904,38.16305
-84.88836,42.86269
-84.86039,35.69386
-84.86023,35.69418
-84.84751,43.1773
-84.84641,39.83254
-84.80798,30.39521
-84.79899,32.05161
-84.79439,39.25487
-84.79188,31.75579
-84.79,35.51568
-84.7891,35.51519
-84.78846,45.44152
-84.77543,43.61219
-84.77162,44.3217
-84.7679,33.72545
-84.7664,43.61234
-84.76186,41.29384
-84.76029,44.30949
-84.75859,42.2624
-84.75278,42.24592
-84.74391,33.75183
-84.73676,43.6086
-84.72811,38.06208
-84.72808,45.7818
-84.70965,44.65814
-84.70814,44.29729
-84.6826,44.29827
-84.6783,42.73887
-84.6653,43.39483
-84.66443,32.08871
-84.65467,38.99001
-84.63636,39.17029
-84.63534,39.74367
-84.63285,39.39719
-84.62945,39.15527
-84.62684,39.00954
-84.62572,39.00005
-84.62509,37.20814
-84.62296,35.89383
-84.61871,42.74209
-84.61844,42.74209
-84.61772,45.84895
-84.61017,35.44941
-84.60808,43.38851
-84.60122,39.01627
-84.6011,34.01848
-84.60098,30.8961
-84.60087,39.01633
-84.59977,33.85278
-84.59866,45.39787
-84.59769,33.47419
-84.59636,42.72685
-84.59197,40.85917
-84.58983,39.02395
-84.58693,43.75693
-84.57864,37.6179
-84.56208,34.01125
-84.55942,38.06452
-84.55814,43.0036
-84.55748,38.0627
-84.55514,38.06506
-84.5551,38.06496
-84.55484,34.05569
-84.55202,42.7226
-84.54922,35.8934
-84.54847,42.75516
-84.54571,38.92767
-84.54535,42.82899
-84.54152,37.93764
-84.53885,38.21453
-84.53692,39.13531
-84.53497,42.2102
-84.53462,42.65917
-84.5315,33.94411
-84.52849,42.67603
-84.52841,34.03681
-84.52746,34.02209
-84.52674,34.03517
-84.52421,34.00203
-84.52177,34.05624
-84.52172,34.07462
-84.52132,39.1439
-84.52098,38.00711
-84.52062,36.49791
-84.52034,34.08321
-84.52027,35.3473
-84.51852,39.11562
-84.51803,39.38956
-84.51682,38.07595
-84.5146,33.95109
-84.51377,42.63937
-84.51246,35.87739
-84.51124,39.10568
-84.50343,34.22388
-84.49973,42.62209
-84.49943,42.62166
-84.49406,33.63796
-84.49338,33.84741
-84.49116,33.96943
-84.49114,39.1249
-84.4902,38.02793
-84.48603,43.98604
-84.48459,39.0893
-84.48354,45.63354
-84.47411,34.25381
-84.47326,39.21668
-84.47207,36.73324
-84.46896,39.28856
-84.46586,33.92358
-84.46471,39.28484
-84.46117,37.98476
-84.45203,42.5873
-84.44524,39.14643
-84.44508,39.1475
-84.44218,42.45205
-84.43856,30.49491
-84.43723,33.6697
-84.43325,42.68334
-84.43229,34.07795
-84.42917,33.85132
-84.42916,33.85081
-84.42817,39.14618
-84.42271,34.02522
-84.41973,33.73777
-84.41717,35.89174
-84.4164,39.28662
-84.41575,39.2865
-84.41438,33.55484
-84.41043,33.96381
-84.40956,40.54305
-84.40636,42.74657
-84.404,42.22799
-84.40193,39.20964
-84.3987,38.98428
-84.39684,42.28986
-84.39448,33.61025
-84.39434,39.356
-84.38983,38.96208
-84.38659,33.82018
-84.38044,33.93824
-84.37975,39.35772
-84.37752,46.46534
-84.37135,39.62615
-84.3639,46.16012
-84.36142,45.99959
-84.36034,46.15737
-84.35763,39.12481
-84.35648,34.08191
-84.35572,46.49842
-84.35425,33.78312
-84.35298,33.77775
-84.35054,46.49326
-84.35007,42.89028
-84.34877,33.7622
-84.3416,39.26033
-84.33925,42.30174
-84.33871,33.93484
-84.33673,39.43434
-84.33012,46.53629
-84.32737,39.34699
-84.32172,35.74566
-84.32039,46.53553
-84.32029,46.54359
-84.31737,33.88556
-84.31257,39.30171
-84.30787,37.73447
-84.3073,34.87626
-84.30366,33.8983
-84.29623,34.88254
-84.29494,34.06949
-84.29453,44.88478
-84.29055,39.65907
-84.28991,39.86594
-84.28796,33.27038
-84.28214,37.73382
-84.28146,39.25436
-84.28099,30.45041
-84.28086,46.51795
-84.2787,33.92099
-84.27811,37.7339
-84.27164,44.61616
-84.26838,39.26325
-84.26804,39.63961
-84.25899,39.26618
-84.25886,39.26595
-84.25442,33.96645
-84.24856,42.09785
-84.24186,33.81426
-84.24107,33.81289
-84.23956,30.49051
-84.23768,36.01793
-84.23449,30.48099
-84.23294,43.65768
-84.2261,43.62784
-84.22431,34.04403
-84.22084,33.88377
-84.21955,33.84887
-84.21894,36.03886
-84.21875,42.82602
-84.211,30.4289
-84.19962,39.86392
-84.17822,33.9325
-84.17756,42.83829
-84.17529,34.13401
-84.17331,34.14482
-84.17101,34.0952
-84.16691,40.773
-84.16264,40.77542
-84.15941,33.98275
-84.14992,39.64557
-84.1485,35.92369
-84.14495,39.68985
-84.14302,33.89615
-84.14006,36.91286
-84.136,41.57226
-84.13219,33.91083
-84.13061,36.03615
-84.12566,33.88949
-84.12417,33.8236
-84.12349,36.11104
-84.12211,33.34647
-84.12189,36.38107
-84.11945,34.4208
-84.11882,43.51953
-84.1131,33.92093
-84.10999,43.5244
-84.09864,33.82836
-84.09702,34.02771
-84.0927,36.93581
-84.08765,35.91052
-84.08687,37.10438
-84.08664,39.73807
-84.08648,39.73818
-84.08114,35.91533
-84.07882,35.91459
-84.07357,42.66082
-84.06701,46.47349
-84.06594,34.25359
-84.06555,41.90484
-84.06278,34.31451
-84.06099,39.72933
-84.05508,34.03617
-84.05196,35.96743
-84.04878,35.92495
-84.04714,39.77371
-84.0459,41.8793
-84.04153,34.37264
-84.03356,41.89374
-84.01997,35.90534
-84.0135,33.63603
-84.01225,33.59687
-84.01161,35.95074
-84.01072,39.70976
-84.0106,34.09345
-84.01041,33.96084
-84.01005,33.95967
-84.00795,33.43593
-83.99992,34.09332
-83.98816,35.77314
-83.98645,33.94899
-83.98213,35.94266
-83.97826,34.53422
-83.9728,43.471
-83.96728,42.00688
-83.96716,35.96043
-83.96312,43.48266
-83.95214,35.86134
-83.94677,42.45708
-83.93906,39.68173
-83.93738,33.03906
-83.9291,36.02532
-83.92621,36.07491
-83.90733,35.93518
-83.90594,43.57996
-83.9039,43.62335
-83.89964,35.99491
-83.89841,35.99554
-83.89157,40.89377
-83.88928,42.33825
-83.87504,38.4807
-83.86984,30.53236
-83.86182,41.83192
-83.85715,33.65555
-83.84331,34.28663
-83.84195,45.41655
-83.83082,34.01486
-83.82761,33.82833
-83.80399,44.37694
-83.80271,36.24904
-83.785,31.17913
-83.78296,31.18965
-83.77689,42.27188
-83.7766,42.27355
-83.77634,43.24726
-83.76908,39.91522
-83.76654,31.17749
-83.76609,31.17735
-83.76512,31.19521
-83.76284,42.97841
-83.75964,34.09091
-83.74157,30.95933
-83.73987,32.4653
-83.73445,33.99518
-83.73399,36.0254
-83.72664,42.23052
-83.70667,42.8113
-83.70642,42.30418
-83.70331,41.71587
-83.70293,36.64228
-83.69653,42.08892
-83.6939,42.25543
-83.68328,33.30274
-83.67104,41.61518
-83.6649,41.06482
-83.65251,41.35793
-83.65065,41.37409
-83.65064,41.37421
-83.64829,42.22866
-83.63063,42.9273
-83.62928,42.80956
-83.62783,42.7916
-83.62555,41.76159
-83.61452,41.052
-83.61381,42.24215
-83.61076,40.64601
-83.6044,42.59252
-83.60291,41.68036
-83.59437,40.65054
-83.57901,35.90574
-83.577,42.40602
-83.57485,36.44859
-83.56756,35.83107
-83.5664,35.86934
-83.55742,41.70741
-83.55079,35.78414
-83.55045,37.73359
-83.54107,43.03573
-83.53674,42.00062
-83.52878,31.45538
-83.52542,34.51177
-83.52065,31.4763
-83.49238,36.11565
-83.48488,33.56425
-83.48002,42.53579
-83.47901,41.70306
-83.47741,42.53742
-83.47681,33.56592
-83.47677,33.56581
-83.47516,42.32485
-83.45762,42.46844
-83.4564,45.09814
-83.4551,41.41313
-83.45353,42.85749
-83.45157,43.73267
-83.44756,42.59008
-83.44531,42.58995
-83.44356,33.91516
-83.4435,42.61499
-83.43632,42.52801
-83.41275,42.32423
-83.41098,42.40959
-83.40582,41.94337
-83.40429,44.68158
-83.40171,34.87835
-83.4012,34.87816
-83.40067,33.96354
-83.39849,35.16601
-83.39573,35.16528
-83.38599,35.18033
-83.38333,34.98004
-83.38251,40.95268
-83.3803,33.99396
-83.37986,42.43873
-83.3744,42.45458
-83.37247,42.46304
-83.3601,42.5157
-83.35842,42.63876
-83.3519,42.30993
-83.34849,42.34589
-83.34265,42.32551
-83.34124,30.89899
-83.33647,42.39699
-83.33095,44.4333
-83.32941,44.42773
-83.32697,36.83466
-83.32334,30.83915
-83.31723,30.8255
-83.31057,43.05022
-83.30057,30.82413
-83.29699,42.70925
-83.29377,30.80723
-83.29267,42.42973
-83.29085,30.87793
-83.29085,30.88077
-83.28334,30.87149
-83.28019,40.82763
-83.27905,42.36345
-83.27792,30.83276
-83.27431,42.19796
-83.27097,43.83009
-83.26645,33.42239
-83.26615,33.42923
-83.25935,42.25503
-83.25356,42.30286
-83.253,42.30302
-83.24645,42.62155
-83.24427,42.79127
-83.24082,33.09428
-83.22445,42.62122
-83.21808,36.52907
-83.2149,35.94044
-83.21032,42.2592
-83.20756,35.87646
-83.20587,42.1278
-83.19894,42.19818
-83.19863,35.96837
-83.1964,42.68243
-83.18261,42.48911
-83.18105,42.23303
-83.17719,30.05315
-83.17473,42.21406
-83.16929,42.63481
-83.15514,42.35872
-83.15067,42.5906
-83.14885,42.33242
-83.14426,42.5337
-83.14145,42.68848
-83.14016,29.63844
-83.13946,42.48772
-83.13704,42.34475
-83.1339,42.27324
-83.1256,42.3309
-83.1255,29.63438
-83.12534,39.95364
-83.12175,42.37659
-83.11904,39.91842
-83.11443,34.44212
-83.11119,39.95123
-83.10623,34.43534
-83.10594,42.53222
-83.10141,42.46168
-83.09515,40.30893
-83.06981,42.51939
-83.0651,40.11783
-83.06054,40.02023
-83.0551,42.58715
-83.0551,42.58733
-83.05252,34.53981
-83.03875,42.34401
-83.03569,42.29491
-83.02643,42.26716
-83.02013,40.05569
-83.01695,40.09335
-83.01574,42.4494
-83.00973,42.27541
-83.00799,30.30628
-83.00524,42.6276
-83.00445,30.30441
-83.00369,42.39615
-83.00359,30.30438
-82.99574,39.93853
-82.99497,30.29042
-82.99406,35.5101
-82.98597,30.28214
-82.98422,38.73596
-82.9822,29.59909
-82.97431,39.35263
-82.97392,29.5992
-82.97146,42.60013
-82.96998,42.52235
-82.96525,37.32229
-82.96136,42.42055
-82.95797,35.51968
-82.95547,42.64066
-82.9486,30.28203
-82.94836,38.32113
-82.94057,42.3333
-82.93985,42.49032
-82.9329,46.18609
-82.92598,39.60285
-82.9112,42.45727
-82.90209,42.31186
-82.89867,42.46534
-82.88536,42.84321
-82.8705,42.31352
-82.86331,35.53386
-82.86203,35.53352
-82.8599,29.4793
-82.85785,29.48842
-82.85519,41.52267
-82.85406,39.99491
-82.85172,31.52119
-82.85106,31.52131
-82.81472,37.81874
-82.81023,35.1573
-82.79921,29.6142
-82.78896,40.2581
-82.78688,34.69084
-82.78031,36.18028
-82.77403,36.86869
-82.73927,28.09137
-82.73882,28.09194
-82.73878,33.7367
-82.73697,40.78686
-82.73589,35.23432
-82.73453,41.53998
-82.72981,27.90043
-82.72899,27.82981
-82.72673,27.97311
-82.72602,41.04101
-82.72359,34.87875
-82.71997,27.69151
-82.71058,27.97987
-82.70395,27.86666
-82.7018,40.3012
-82.70037,27.83604
-82.7003,27.81424
-82.69811,28.33205
-82.68035,38.50074
-82.66461,34.3049
-82.66153,36.54204
-82.64886,39.75353
-82.64564,40.87077
-82.64106,39.02793
-82.61797,35.57257
-82.60374,35.5281
-82.59824,36.96883
-82.59447,28.49986
-82.59445,32.17561
-82.59276,40.77413
-82.59004,28.49825
-82.58548,28.88995
-82.58348,40.67845
-82.5808,36.63757
-82.57805,27.31837
-82.57162,35.39895
-82.56608,27.99623
-82.56483,27.99743
-82.56424,28.5398
-82.56404,35.58642
-82.56376,38.39494
-82.56375,38.39494
-82.55153,28.6767
-82.54655,40.72113
-82.54462,41.38825
-82.54207,43.43035
-82.53816,35.44916
-82.53553,42.98604
-82.53418,37.38911
-82.53111,39.9582
-82.52528,36.54838
-82.52192,35.49254
-82.51965,34.50658
-82.51791,41.02978
-82.51663,27.94514
-82.51492,27.92002
-82.51383,27.27074
-82.50897,38.35406
-82.50715,27.29848
-82.50689,33.48229
-82.50675,35.57052
-82.50576,27.90212
-82.50302,42.70884
-82.50272,27.3529
-82.50168,35.03641
-82.50135,28.06371
-82.49917,36.48302
-82.49186,36.54935
-82.48329,40.77172
-82.47722,27.54537
-82.47695,34.62041
-82.47194,42.96666
-82.46423,45.91628
-82.45829,38.41843
-82.45755,43.02654
-82.45689,37.14968
-82.44748,43.01465
-82.44698,29.38723
-82.4463,35.33131
-82.44627,38.41446
-82.4461,38.41449
-82.44604,38.41457
-82.44502,28.0536
-82.44501,35.54479
-82.43154,42.26167
-82.43009,34.97243
-82.42148,38.41856
-82.41958,34.81945
-82.4158,36.14433
-82.40552,35.59803
-82.40142,37.82908
-82.40053,34.82916
-82.3989,32.21249
-82.39789,36.35085
-82.39656,42.59335
-82.39434,28.06621
-82.39132,28.1887
-82.38976,34.33207
-82.3886,42.98564
-82.38591,27.09789
-82.38297,42.58371
-82.38126,29.62516
-82.38121,42.57592
-82.38115,28.05484
-82.37842,28.05488
-82.37833,28.05489
-82.37818,28.05489
-82.35524,34.83662
-82.35249,37.30581
-82.35087,41.4231
-82.34272,27.78984
-82.34119,29.67602
-82.34085,34.82142
-82.32568,32.59738
-82.3207,35.61754
-82.31972,29.68277
-82.31932,34.91619
-82.31896,35.61648
-82.3173,36.42469
-82.31615,27.93824
-82.31082,36.90403
-82.30754,34.82816
-82.30417,34.83128
-82.30052,27.9359
-82.29921,26.86024
-82.29666,34.9295
-82.2962,28.75005
-82.29619,28.74982
-82.29605,28.75006
-82.29604,28.74982
-82.29511,27.93828
-82.29127,27.93655
-82.28664,34.82106
-82.28413,34.82322
-82.27403,34.81861
-82.27061,38.84417
-82.26025,29.0776
-82.25928,34.94067
-82.25858,38.42014
-82.255,34.72311
-82.25442,43.0278
-82.2543,43.02795
-82.24205,41.41476
-82.23999,36.35109
-82.23563,40.63548
-82.23142,34.93556
-82.22065,36.34824
-82.21806,41.1678
-82.21761,41.29095
-82.21374,36.34832
-82.20495,41.43039
-82.2042,36.33176
-82.20398,40.465
-82.2014,34.94698
-82.19953,33.45851
-82.19574,36.60067
-82.19161,33.46292
-82.19087,36.59607
-82.19061,28.27244
-82.18953,28.24378
-82.18778,36.59499
-82.1871,35.37512
-82.18033,35.62954
-82.1779,42.57932
-82.17698,34.21342
-82.1751,41.46459
-82.17222,41.46263
-82.16608,41.45286
-82.16398,35.17918
-82.16329,38.63966
-82.16163,36.62525
-82.15787,45.81177
-82.15572,35.1097
-82.15107,45.73199
-82.14489,29.88476
-82.14163,33.5055
-82.13638,33.48432
-82.13585,33.48271
-82.12967,33.54408
-82.12614,38.43425
-82.12527,32.08075
-82.11846,41.39761
-82.11698,41.2371
-82.11347,29.93614
-82.11115,41.36653
-82.11039,35.96205
-82.10609,26.98631
-82.10382,34.2332
-82.10223,33.4905
-82.09949,39.76838
-82.09923,39.76806
-82.09874,34.90471
-82.09258,34.9451
-82.0845,35.03952
-82.08304,34.89454
-82.08298,33.4692
-82.08254,34.8944
-82.07752,46.21173
-82.07641,35.91716
-82.06283,36.66738
-82.06227,36.66731
-82.06024,36.90245
-82.05963,35.69241
-82.05575,36.19311
-82.05074,27.01549
-82.04706,41.47642
-82.04156,35.70323
-82.0415,39.33321
-82.03792,35.70572
-82.03714,39.89747
-82.03526,33.47054
-82.03274,39.8983
-82.03264,35.65179
-82.02548,33.40077
-82.02398,35.69419
-82.02393,33.40724
-82.02384,36.6898
-82.02026,34.49784
-82.01786,39.9402
-82.01669,41.4696
-82.01471,40.12357
-82.01392,39.94246
-82.01352,41.46912
-82.0114,30.85647
-82.01016,35.68203
-82.00709,30.83112
-82.00676,35.68301
-82.00331,34.93484
-82.0023,37.84843
-81.99986,43.0968
-81.98798,26.64837
-81.98298,34.3046
-81.98119,34.93943
-81.9775,33.48053
-81.97658,42.55199
-81.97285,36.7005
-81.97132,33.49353
-81.96646,29.36444
-81.96643,28.09019
-81.9485,40.84475
-81.94027,40.79761
-81.93769,32.8028
-81.93507,28.93556
-81.93505,26.73767
-81.93009,31.93384
-81.92934,40.65214
-81.92508,36.0769
-81.92501,31.92613
-81.91889,28.01439
-81.91779,40.53168
-81.91321,40.82742
-81.91243,35.34268
-81.90303,41.42159
-81.89585,26.70021
-81.88075,34.47466
-81.87938,42.43397
-81.87665,34.45826
-81.86668,28.56516
-81.86263,40.27332
-81.86236,36.76127
-81.8617,41.15329
-81.86069,35.14759
-81.85871,41.31581
-81.8579,26.53064
-81.85582,37.08707
-81.8556,36.14075
-81.85498,40.25052
-81.85384,27.22792
-81.84261,27.90545
-81.83952,38.44003
-81.8394,38.39022
-81.83423,38.07926
-81.82436,28.18104
-81.82377,41.37871
-81.81967,41.44118
-81.8185,41.45187
-81.80407,36.47435
-81.80375,27.75142
-81.80018,36.46316
-81.79749,24.56194
-81.79673,24.56172
-81.79671,26.14921
-81.79511,37.01193
-81.79452,41.43341
-81.78527,41.45681
-81.78406,40.50795
-81.77825,40.84317
-81.77305,26.21309
-81.77175,36.79059
-81.77052,26.22136
-81.76629,26.1442
-81.7654,26.13738
-81.76338,41.39149
-81.76159,41.41789
-81.75917,37.06022
-81.75813,26.77737
-81.74536,30.16583
-81.74249,33.5665
-81.74105,30.20089
-81.74007,41.41999
-81.73966,41.38208
-81.73795,41.4183
-81.73629,41.4231
-81.73578,28.00296
-81.73396,28.01564
-81.73267,28.01659
-81.73215,28.00522
-81.72911,41.47514
-81.72086,40.54083
-81.71589,41.46957
-81.70366,41.49903
-81.70128,26.06274
-81.70119,40.69428
-81.7008,25.93493
-81.69417,35.71467
-81.68835,26.18527
-81.68611,27.98678
-81.68442,36.20254
-81.68425,41.35084
-81.68079,34.83661
-81.66839,41.50598
-81.66203,38.3724
-81.66201,38.3724
-81.65857,35.74799
-81.65636,41.52217
-81.64882,41.44868
-81.64468,36.15461
-81.64378,30.78694
-81.64243,28.82286
-81.64182,41.38564
-81.64077,41.02465
-81.63874,41.13438
-81.63817,30.44917
-81.63725,35.04369
-81.63624,30.78512
-81.62934,30.17666
-81.62893,38.35581
-81.62622,37.69187
-81.62483,28.47566
-81.62103,41.44996
-81.61799,34.30541
-81.61145,30.29672
-81.60945,29.64255
-81.59979,30.29223
-81.59608,26.28713
-81.5959,30.24166
-81.5927,28.55212
-81.58891,34.27066
-81.58012,41.51084
-81.57638,41.42122
-81.57338,39.27281
-81.57309,41.57002
-81.5711,41.06528
-81.56915,41.55844
-81.56673,41.10792
-81.56574,41.50198
-81.56464,28.57712
-81.56457,28.57766
-81.56447,38.31315
-81.56172,27.89292
-81.55992,41.46507
-81.55696,40.99664
-81.55327,41.01222
-81.55245,41.00958
-81.552,39.3237
-81.54959,30.33227
-81.54925,33.90639
-81.54761,29.95394
-81.54287,35.99289
-81.53986,38.40688
-81.5311,28.68569
-81.53086,30.0574
-81.52948,27.75666
-81.52756,28.33037
-81.5264,41.59268
-81.52529,39.26785
-81.52529,41.31127
-81.52484,30.25928
-81.52386,41.0916
-81.5207,41.51984
-81.51567,33.91566
-81.51286,29.97472
-81.51239,33.91705
-81.51194,41.06205
-81.51054,31.2474
-81.50693,27.59516
-81.50336,28.55011
-81.49431,41.53833
-81.49401,41.03346
-81.49258,33.92584
-81.49187,28.4905
-81.49088,41.0509
-81.49071,41.0508
-81.48875,38.42737
-81.48531,41.51884
-81.48353,31.20475
-81.48112,41.11967
-81.47816,31.1931
-81.475,41.63559
-81.47281,40.49873
-81.46092,30.66949
-81.45857,30.08553
-81.45139,28.67279
-81.45107,28.55146
-81.44666,24.66118
-81.44172,41.64027
-81.44154,41.04817
-81.44106,27.47148
-81.43944,26.32276
-81.43891,41.09953
-81.43879,35.80159
-81.43523,41.20889
-81.43512,40.8738
-81.43481,41.64292
-81.43216,39.41237
-81.43025,31.52773
-81.43008,28.49566
-81.42994,41.6261
-81.42655,40.83106
-81.42506,39.425
-81.42213,28.44866
-81.41855,39.40635
-81.41834,28.30363
-81.41616,39.40339
-81.41276,26.41897
-81.40819,36.49269
-81.40658,30.32375
-81.40408,33.92367
-81.39866,31.16243
-81.39618,31.13598
-81.394,41.05259
-81.39125,28.58301
-81.38795,41.10286
-81.38567,32.16792
-81.38469,40.76432
-81.38468,29.83349
-81.38381,41.09536
-81.37944,35.67993
-81.37842,41.70006
-81.37179,28.6652
-81.36422,27.29702
-81.36217,40.9729
-81.36164,33.65044
-81.35705,27.28657
-81.35642,38.48652
-81.35042,28.55362
-81.34968,41.2406
-81.34714,28.81189
-81.34361,35.39669
-81.34008,41.52431
-81.33855,34.15387
-81.33276,40.8715
-81.33204,40.87309
-81.33113,40.96375
-81.33089,41.2338
-81.32876,41.52141
-81.3284,35.73315
-81.32296,28.64871
-81.31855,29.86778
-81.31428,28.62683
-81.31301,28.50695
-81.30619,28.24654
-81.30155,41.69619
-81.29979,28.94852
-81.29928,28.95436
-81.29842,28.60522
-81.29735,28.9236
-81.28859,28.7604
-81.28506,28.24908
-81.27733,29.05543
-81.26187,29.46922
-81.25347,29.55205
-81.25027,33.98625
-81.24593,28.62676
-81.24005,28.6537
-81.2337,28.57106
-81.23335,28.57108
-81.22985,29.55198
-81.22838,32.27766
-81.22392,41.28065
-81.22028,36.14335
-81.2135,35.57592
-81.20843,41.58316
-81.1981,40.55445
-81.1916,36.13927
-81.18165,36.15148
-81.17742,35.90278
-81.17701,34.0878
-81.1674,37.89293
-81.16199,34.06999
-81.15149,34.0139
-81.14483,41.47286
-81.14266,33.97224
-81.13326,37.75164
-81.10545,40.92042
-81.10246,36.24963
-81.10208,32.06717
-81.09831,29.21261
-81.08903,40.9027
-81.08862,40.9027
-81.07634,31.98429
-81.06811,36.95244
-81.06609,29.28227
-81.06092,34.75399
-81.05788,40.06637
-81.05655,40.90064
-81.05628,35.26419
-81.05285,41.80099
-81.04995,29.2212
-81.04953,41.241
-81.04835,41.69064
-81.03902,34.0147
-81.03552,34.0106
-81.0339,33.30264
-81.03233,33.9699
-81.02762,34.94541
-81.02603,35.8586
-81.02504,34.00323
-81.02338,29.16043
-81.02272,34.00888
-81.0219,36.44548
-81.01851,36.15193
-81.00459,36.20599
-80.99681,34.96868
-80.98761,29.18447
-80.987,34.01479
-80.98297,32.01479
-80.98297,32.01481
-80.96722,34.91576
-80.95281,40.90121
-80.94495,33.96341
-80.94243,33.96043
-80.94079,36.21884
-80.94023,32.33028
-80.94003,32.33012
-80.91883,32.27089
-80.91234,34.10206
-80.90059,35.57051
-80.89736,36.6779
-80.89168,36.34484
-80.89046,33.52846
-80.88967,35.00478
-80.88581,35.09267
-80.8857,28.94918
-80.8756,35.2334
-80.86836,35.58893
-80.86143,35.68171
-80.86099,35.20529
-80.86096,36.31867
-80.85917,35.22053
-80.85804,35.48703
-80.85193,34.96728
-80.84585,41.27768
-80.8445,33.95088
-80.84317,35.28045
-80.84123,28.61798
-80.8406,35.17354
-80.83063,38.30345
-80.82788,32.2411
-80.82039,35.59229
-80.81623,33.2493
-80.81314,39.86192
-80.81239,35.5826
-80.8115,36.23872
-80.7995,28.57361
-80.7973,34.73504
-80.77542,41.10072
-80.77461,35.19018
-80.76538,41.88031
-80.75905,41.87892
-80.75396,38.66293
-80.74685,35.15286
-80.74565,41.87886
-80.73887,28.37986
-80.73875,28.37961
-80.73696,35.16213
-80.73443,32.40341
-80.73124,41.06747
-80.73064,37.03091
-80.71776,32.42795
-80.70815,28.11562
-80.70457,28.23017
-80.69763,41.10316
-80.69606,28.02273
-80.68985,37.08596
-80.68451,40.07082
-80.68042,32.92301
-80.67757,34.22727
-80.67577,41.02365
-80.67393,34.231
-80.67374,28.07634
-80.67312,28.13842
-80.67216,40.88915
-80.66667,38.70229
-80.65952,36.11674
-80.65775,37.72692
-80.65736,37.72687
-80.6566,35.17168
-80.65353,32.41416
-80.65324,41.23802
-80.65252,41.02319
-80.65134,40.84252
-80.65039,35.32236
-80.64908,37.72406
-80.63843,35.06172
-80.63506,28.00061
-80.62777,28.13035
-80.62654,27.99927
-80.62606,27.99011
-80.62282,28.04033
-80.6218,24.92953
-80.62178,27.97912
-80.61452,35.4234
-80.60724,34.24536
-80.60643,35.45177
-80.6008,40.46592
-80.60051,40.0527
-80.59953,28.15355
-80.59633,36.22334
-80.5922,35.41097
-80.58628,28.15115
-80.58215,34.53756
-80.56905,35.47597
-80.56434,35.89677
-80.55629,41.94249
-80.55285,40.39822
-80.55237,24.9764
-80.53126,38.40774
-80.51654,25.01057
-80.50114,36.40574
-80.4821,35.68563
-80.435,36.33172
-80.432,35.39745
-80.41856,25.71379
-80.41557,25.68297
-80.41394,25.12331
-80.41394,37.22947
-80.41101,27.32789
-80.40474,35.55039
-80.40188,36.7356
-80.39675,41.0169
-80.39647,41.01129
-80.38137,40.33873
-80.37327,25.78903
-80.37154,25.82477
-80.37129,27.69422
-80.35333,25.68779
-80.3531,41.01853
-80.3529,41.4146
-80.35214,25.59669
-80.34126,38.84055
-80.33804,25.5765
-80.33018,36.3007
-80.32484,25.80251
-80.31763,39.27864
-80.31607,36.11663
-80.31571,25.8538
-80.31284,36.11452
-80.30644,35.94956
-80.30529,25.76058
-80.30393,26.11034
-80.30213,36.06404
-80.30037,32.52148
-80.29738,25.69699
-80.29569,25.84681
-80.29518,27.17318
-80.29373,32.53753
-80.28958,25.81064
-80.28833,26.28569
-80.28758,25.73489
-80.27964,40.86203
-80.27798,39.29939
-80.27697,40.84143
-80.27014,40.19981
-80.26654,26.66363
-80.26306,39.00184
-80.26145,25.79891
-80.2611,42.0379
-80.26077,39.28073
-80.26067,36.0587
-80.25814,27.21624
-80.25784,26.16557
-80.25531,35.82277
-80.25343,26.05113
-80.2531,27.1947
-80.25095,26.2603
-80.25014,42.03681
-80.25006,26.02417
-80.24892,26.67182
-80.24317,25.84652
-80.24265,32.73412
-80.23766,25.74126
-80.23617,32.73479
-80.23285,40.18447
-80.2307,26.28629
-80.22643,32.73797
-80.22619,36.26505
-80.22492,40.57932
-80.22343,40.55966
-80.21193,33.68362
-80.21098,33.69695
-80.21012,33.69739
-80.20574,26.67753
-80.2037,27.13265
-80.20103,26.35139
-80.19763,25.76505
-80.19105,25.79141
-80.19094,25.84742
-80.18323,25.92694
-80.18182,42.07523
-80.18091,40.44593
-80.17774,33.06349
-80.1715,32.97593
-80.17085,35.3426
-80.16958,40.45382
-80.16952,25.92617
-80.16816,41.17517
-80.16429,33.02266
-80.16372,32.76294
-80.16251,25.94266
-80.16038,41.62219
-80.15798,33.03307
-80.15757,26.27017
-80.14731,40.79744
-80.147,42.10399
-80.14693,40.7974
-80.14609,41.72841
-80.14369,33.03505
-80.14203,36.29598
-80.14108,25.79257
-80.13815,32.64876
-80.13555,42.08816
-80.13066,40.35822
-80.12893,26.09735
-80.12817,42.10444
-80.12799,39.47899
-80.12754,32.79955
-80.12643,41.88904
-80.12223,32.8025
-80.12148,33.04451
-80.12031,35.22551
-80.11865,39.46068
-80.11769,42.11446
-80.11631,33.01498
-80.11584,33.01437
-80.11539,26.61717
-80.11517,33.01398
-80.11473,26.70707
-80.11457,42.07334
-80.11256,40.35822
-80.11183,41.16676
-80.11082,37.2821
-80.10523,35.62039
-80.10207,26.25571
-80.09809,35.74148
-80.09789,42.08975
-80.09703,40.47349
-80.09383,43.92756
-80.09313,38.22293
-80.09161,38.22105
-80.09139,26.44165
-80.08975,42.11966
-80.08933,43.92648
-80.0875,42.12045
-80.08644,42.09776
-80.08604,42.05792
-80.0847,42.09079
-80.08185,42.05351
-80.07976,40.68856
-80.07603,42.13819
-80.07464,35.87173
-80.07369,40.47278
-80.07247,37.28861
-80.06653,34.36367
-80.06357,44.42266
-80.05595,40.49563
-80.05473,40.61862
-80.0528,40.38459
-80.05255,44.4882
-80.05197,42.9615
-80.04593,42.127
-80.04453,42.12356
-80.04433,40.38284
-80.03061,35.99198
-80.02872,40.35618
-80.02735,43.6375
-80.02622,35.99209
-80.02049,40.71203
-80.01939,40.39353
-80.01856,32.90566
-80.01831,32.87265
-80.01605,32.80026
-80.01177,39.9399
-80.00792,40.11818
-80.00599,40.37524
-80.00563,37.29365
-80.00532,32.97303
-80.00462,40.52387
-80.00358,32.7979
-80.00342,39.6481
-80.00253,40.25306
-80.00252,33.18503
-79.99982,40.45376
-79.99956,32.93423
-79.99652,42.15007
-79.99594,42.14881
-79.99443,36.09341
-79.98834,40.32945
-79.98757,40.41481
-79.9769,40.42442
-79.9765,37.77864
-79.97529,40.37375
-79.96793,32.71668
-79.96679,32.71472
-79.96437,37.31623
-79.95716,43.06742
-79.95308,36.40918
-79.95277,37.25398
-79.95177,43.07346
-79.94655,40.59406
-79.94387,40.33094
-79.94282,43.25744
-79.9407,35.83467
-79.93848,43.25151
-79.93527,37.29331
-79.93521,40.20605
-79.9325,44.76566
-79.92705,40.20371
-79.92622,40.72344
-79.91707,39.60337
-79.90995,43.23391
-79.90416,37.38586
-79.89962,39.60798
-79.89814,44.145
-79.89794,40.44967
-79.89215,40.13299
-79.89184,43.5242
-79.89032,43.52551
-79.89004,37.37708
-79.8859,44.32109
-79.8825,43.64867
-79.88198,38.40553
-79.87849,36.06845
-79.8758,43.51855
-79.87576,36.69692
-79.87568,36.67896
-79.8713,38.93267
-79.86712,40.0082
-79.86585,43.26363
-79.86407,38.93067
-79.86212,32.79391
-79.86196,44.57807
-79.85892,34.28312
-79.85515,36.1338
-79.85453,43.30648
-79.84878,42.21109
-79.8484,40.13489
-79.84544,38.88853
-79.84537,43.18808
-79.8425,40.13432
-79.84166,40.40844
-79.8399,43.18976
-79.83908,34.18774
-79.83703,43.26723
-79.83639,43.22839
-79.83463,36.11468
-79.83009,43.25526
-79.82632,37.81559
-79.82589,43.34179
-79.82586,40.4047
-79.81909,34.18879
-79.81675,43.34561
-79.81231,43.33295
-79.80859,43.35307
-79.80622,43.3576
-79.80395,34.19337
-79.79728,43.35269
-79.79708,43.35285
-79.79528,40.42667
-79.78984,43.70408
-79.78646,35.69718
-79.78557,43.24375
-79.78535,43.36695
-79.77798,32.86947
-79.77692,43.22977
-79.76896,45.13664
-79.76852,34.17897
-79.76773,34.16608
-79.76393,36.49218
-79.76329,36.08673
-79.76157,43.38378
-79.75615,40.2039
-79.7555,39.90458
-79.75381,43.36899
-79.7523,36.11475
-79.75112,34.92009
-79.74285,43.4654
-79.74282,36.51112
-79.74058,34.91611
-79.73701,44.44423
-79.73493,43.58923
-79.72259,43.46191
-79.72209,44.37719
-79.7169,43.21709
-79.7155,40.32177
-79.71423,43.63856
-79.714,36.08686
-79.7123,37.51092
-79.70865,44.1879
-79.70623,43.23317
-79.70002,43.43459
-79.69874,43.6939
-79.69845,41.44436
-79.69301,43.69368
-79.69115,43.74556
-79.68792,43.22872
-79.68723,43.61179
-79.68657,43.52059
-79.68642,43.52073
-79.68437,44.48198
-79.68251,43.66856
-79.67828,41.62605
-79.67817,44.00383
-79.67525,43.64035
-79.67519,43.43898
-79.67467,43.43995
-79.6614,43.77303
-79.65491,43.48055
-79.65281,43.49069
-79.65137,44.19771
-79.6508,43.57829
-79.6498,40.6202
-79.63493,43.50743
-79.62818,43.64303
-79.62703,43.63058
-79.62439,43.51569
-79.62155,43.5191
-79.61766,43.77346
-79.61162,43.77608
-79.61096,43.77637
-79.60774,43.74301
-79.6073,40.62693
-79.59793,40.30389
-79.59321,43.66201
-79.59221,43.54677
-79.58893,40.22817
-79.58873,43.69932
-79.58158,43.61379
-79.57655,43.59135
-79.57491,43.72114
-79.57392,40.30833
-79.56838,43.62315
-79.56553,43.78454
-79.56446,43.76707
-79.55965,43.76711
-79.55838,44.11799
-79.54459,43.79097
-79.54251,44.31653
-79.5424,43.61768
-79.54194,43.79509
-79.54183,43.61705
-79.54037,43.62288
-79.53986,43.61725
-79.53528,43.71094
-79.53293,43.82978
-79.53074,43.77312
-79.53066,43.64695
-79.52975,43.80155
-79.52961,43.8147
-79.52942,43.62641
-79.52938,43.81363
-79.52932,43.62619
-79.52915,43.62582
-79.52606,43.60295
-79.52471,43.79909
-79.52338,43.71733
-79.51237,43.72145
-79.5036,42.25295
-79.49636,40.21517
-79.49426,43.68883
-79.48897,43.61484
-79.48757,43.65827
-79.48125,36.07882
-79.48097,43.75445
-79.47928,34.76162
-79.47576,43.16541
-79.47535,34.75338
-79.47378,43.75652
-79.47302,43.75647
-79.47277,43.6654
-79.4695,43.71905
-79.46805,43.71906
-79.46307,43.72519
-79.45954,43.71382
-79.45876,43.7155
-79.45161,43.70135
-79.45012,43.64953
-79.44935,43.6525
-79.44924,43.65246
-79.44759,37.77208
-79.4461,35.73331
-79.44281,44.06294
-79.4425,37.9666
-79.44082,33.81693
-79.44024,43.69183
-79.43799,43.6657
-79.43798,39.05084
-79.4357,43.6497
-79.43486,37.77439
-79.43309,43.64144
-79.42917,43.64971
-79.42808,36.59005
-79.42724,43.66177
-79.42571,43.67116
-79.42092,36.58692
-79.42028,43.73568
-79.42026,43.73559
-79.41978,43.68248
-79.41893,43.72893
-79.41855,43.72899
-79.40843,43.66583
-79.40678,43.65649
-79.40432,35.22437
-79.40379,35.22439
-79.40154,43.65297
-79.40137,43.65791
-79.40034,43.65334
-79.39947,43.76423
-79.39929,36.06914
-79.39675,43.65521
-79.39642,43.67373
-79.3886,43.67412
-79.38682,43.67058
-79.38575,43.76895
-79.381,43.66618
-79.37782,40.32269
-79.37603,43.65659
-79.36788,42.14727
-79.36779,43.66427
-79.36778,43.64969
-79.36717,42.14712
-79.36507,44.30245
-79.3593,43.71203
-79.3582,43.75648
-79.35501,43.83267
-79.35454,43.83002
-79.35431,36.58362
-79.35213,43.84782
-79.35196,43.82401
-79.35194,36.58311
-79.35123,43.82137
-79.34391,43.82474
-79.33681,36.40403
-79.3312,38.6424
-79.33107,38.64274
-79.32114,43.67807
-79.32057,43.68418
-79.31919,43.67313
-79.31486,36.40715
-79.3137,43.71656
-79.31192,43.75722
-79.31105,43.68592
-79.30785,43.82423
-79.29157,43.67171
-79.28985,37.10883
-79.28931,42.09438
-79.28818,43.80376
-79.28526,43.04407
-79.28471,43.69187
-79.28417,43.87163
-79.28177,37.88238
-79.27453,43.75052
-79.2729,43.75667
-79.26797,43.75807
-79.26657,43.87228
-79.26385,43.88974
-79.25568,43.7845
-79.25406,43.72331
-79.25356,37.30917
-79.25307,43.78481
-79.25302,42.99137
-79.25281,43.78442
-79.24932,43.02128
-79.24668,37.32776
-79.24413,43.80876
-79.24166,42.09262
-79.22982,43.18743
-79.22725,42.07903
-79.22708,42.07878
-79.22441,37.35533
-79.2236,42.1044
-79.21485,43.15142
-79.20934,43.16979
-79.20553,43.1584
-79.2023,44.3142
-79.1994,43.80319
-79.18772,40.62098
-79.18429,37.36802
-79.1826,34.81475
-79.17513,37.27307
-79.17457,37.27227
-79.16615,34.34516
-79.16444,35.7453
-79.16244,37.40884
-79.16132,37.3999
-79.16113,33.42535
-79.16048,41.84603
-79.1543,44.42985
-79.15341,41.87803
-79.15157,40.62311
-79.15077,44.43621
-79.15013,41.91735
-79.14201,37.41724
-79.1396,37.41204
-79.12734,33.43818
-79.12733,33.43818
-79.11084,34.50546
-79.10942,43.10507
-79.10026,39.69635
-79.10005,36.0753
-79.08956,38.16644
-79.08915,35.84701
-79.08907,35.84714
-79.08776,38.07806
-79.08698,35.8323
-79.08145,35.90788
-79.07363,35.97023
-79.07262,35.91233
-79.06701,44.26281
-79.06538,38.13581
-79.06506,35.90895
-79.05896,42.88303
-79.05544,38.14372
-79.05479,33.86297
-79.0535,35.96227
-79.05173,37.58561
-79.05151,38.14151
-79.05093,33.54656
-79.03292,33.56824
-79.02223,43.84953
-79.02186,43.86326
-79.01431,38.19665
-79.01282,35.94759
-79.00775,34.66818
-79.00119,33.5949
-79.0006,39.41768
-78.99217,38.084
-78.98501,36.36665
-78.9766,44.10566
-78.97159,38.10097
-78.96942,33.6259
-78.96845,43.09158
-78.96775,38.38964
-78.96568,35.07383
-78.96439,33.68115
-78.96437,35.06638
-78.96103,43.95784
-78.95583,35.92185
-78.95221,33.69071
-78.94721,40.34434
-78.94199,37.04796
-78.93634,42.71151
-78.9363,44.10117
-78.9317,43.12209
-78.92767,35.2523
-78.92676,38.08258
-78.92671,40.33819
-78.90137,33.7125
-78.89982,36.04476
-78.8994,36.69769
-78.89805,35.99853
-78.89743,42.92537
-78.89645,42.92772
-78.89531,35.89367
-78.89399,45.24566
-78.89198,42.91547
-78.88932,41.09716
-78.88863,38.07002
-78.88774,38.43803
-78.885,36.01597
-78.88489,34.06138
-78.88272,43.93048
-78.88138,34.14136
-78.87962,34.15092
-78.87906,43.93199
-78.87821,43.89499
-78.87719,34.07184
-78.87697,34.14553
-78.87689,42.94706
-78.87572,43.00046
-78.87473,45.25412
-78.87167,42.95554
-78.87145,42.97814
-78.86793,43.89379
-78.86641,43.8971
-78.86626,35.02973
-78.86626,43.87764
-78.86476,43.06012
-78.85036,42.99804
-78.85013,43.88191
-78.84411,39.58439
-78.84219,35.88045
-78.84143,38.43013
-78.83611,39.63615
-78.83351,40.30824
-78.83019,40.30696
-78.82812,35.40109
-78.82576,34.32278
-78.82547,37.35781
-78.82136,42.99451
-78.81982,35.76349
-78.81821,42.79555
-78.81284,42.76755
-78.81174,43.90619
-78.80866,41.66676
-78.79755,44.65876
-78.79011,35.59096
-78.78885,35.7183
-78.7824,42.90738
-78.7817,35.76266
-78.7781,35.78682
-78.77315,33.784
-78.77269,39.65824
-78.76636,41.08758
-78.76456,40.33284
-78.76123,39.64604
-78.75994,39.64735
-78.75576,41.12061
-78.75357,42.92127
-78.75108,35.79089
-78.74982,40.33108
-78.74608,35.76477
-78.74484,35.89604
-78.74263,35.75708
-78.74261,44.52919
-78.74161,44.35362
-78.74136,35.5081
-78.74058,35.88253
-78.73935,42.92009
-78.7387,35.75962
-78.73479,42.92027
-78.72939,41.1257
-78.72638,35.89744
-78.71965,40.47784
-78.71746,34.30149
-78.70054,38.06931
-78.69856,43.14529
-78.69815,42.98467
-78.69783,43.07968
-78.69639,43.16882
-78.69629,42.99927
-78.69578,42.99607
-78.69561,42.8758
-78.68803,42.50363
-78.68298,35.89919
-78.6656,42.50877
-78.66514,35.83535
-78.6632,42.96665
-78.66068,41.95786
-78.65641,43.15228
-78.65491,34.48925
-78.65451,44.78575
-78.64618,35.78009
-78.64329,33.83017
-78.63984,35.79054
-78.63634,42.8355
-78.63618,35.71608
-78.63373,42.76635
-78.62508,38.48338
-78.61981,38.40614
-78.61921,35.86707
-78.61034,35.30988
-78.60085,35.84494
-78.60041,35.59132
-78.5989,34.32248
-78.59016,35.90714
-78.58944,36.31121
-78.58928,37.92389
-78.589,43.91725
-78.58551,35.82383
-78.5817,35.84557
-78.56221,35.51817
-78.55364,33.89895
-78.54896,35.79271
-78.54687,44.54118
-78.54625,35.38015
-78.53865,35.96844
-78.533,45.04617
-78.5316,44.52451
-78.51978,35.32594
-78.51017,35.97723
-78.5085,45.04656
-78.50508,38.88216
-78.50396,37.80749
-78.5025,35.01629
-78.49563,35.96638
-78.48823,42.90071
-78.48461,38.02378
-78.47465,36.02503
-78.47369,38.07826
-78.47158,42.07651
-78.47141,35.20063
-78.46873,38.08956
-78.46863,38.0271
-78.46636,35.91591
-78.46281,40.02075
-78.45757,36.10346
-78.45615,33.90051
-78.44764,38.66493
-78.44763,44.15055
-78.43715,41.01334
-78.4349,38.13345
-78.43229,36.32944
-78.41414,41.02302
-78.40384,40.47134
-78.40208,40.53401
-78.39518,43.20631
-78.38266,44.38353
-78.36978,38.23909
-78.36831,35.78246
-78.36081,44.27863
-78.35687,38.98806
-78.35522,35.5164
-78.35326,34.99106
-78.34905,44.28219
-78.34878,44.28149
-78.34685,44.27797
-78.3445,44.27857
-78.34417,44.27894
-78.34309,44.55385
-78.34082,44.27757
-78.33789,44.27584
-78.3356,44.28028
-78.32252,34.99968
-78.32075,44.30451
-78.31677,35.50783
-78.29009,36.10776
-78.2848,41.81822
-78.26606,39.55404
-78.25423,38.37975
-78.24245,40.90953
-78.23888,40.6727
-78.22625,39.62856
-78.20546,43.00453
-78.19432,36.44592
-78.18406,38.90771
-78.16663,36.40816
-78.1645,35.29737
-78.15972,35.46542
-78.15398,42.55587
-78.14106,39.18378
-78.13369,35.12083
-78.13176,39.13921
-78.12942,36.72634
-78.12322,35.59722
-78.11819,36.71769
-78.11702,38.23045
-78.11593,38.22887
-78.11163,38.24886
-78.07559,33.90899
-78.05808,35.42481
-78.03416,42.2234
-78.01937,34.21191
-77.99918,34.23286
-77.99303,38.4729
-77.98749,38.44512
-77.98525,38.45094
-77.98223,35.49588
-77.97947,43.00543
-77.97892,44.38194
-77.97802,38.48249
-77.97395,37.84666
-77.97366,39.45402
-77.96289,39.45923
-77.96284,39.45939
-77.95542,38.47494
-77.95248,35.37261
-77.941,43.19721
-77.93729,36.53471
-77.9311,34.54978
-77.9298,35.3798
-77.91041,36.43612
-77.90924,38.00653
-77.90089,34.56135
-77.89992,34.36025
-77.89772,34.04324
-77.89396,44.43772
-77.8881,44.00582
-77.88502,37.68428
-77.88233,38.07584
-77.87937,34.23637
-77.86295,45.08438
-77.86261,45.08515
-77.86146,39.28869
-77.84226,39.29739
-77.81351,35.6065
-77.80946,35.96841
-77.80766,40.8279
-77.80715,38.53297
-77.79556,42.79713
-77.78963,37.51588
-77.78823,40.47113
-77.78753,35.30428
-77.7823,42.79847
-77.77974,42.80065
-77.77857,40.47758
-77.77553,37.51099
-77.77538,37.51096
-77.77421,40.47919
-77.76803,34.92958
-77.75955,39.64793
-77.73681,44.04215
-77.7331,39.5882
-77.72966,39.77655
-77.705,40.79025
-77.70202,39.13613
-77.69964,40.61577
-77.6962,44.47738
-77.69328,37.51397
-77.69053,35.45469
-77.67956,43.10184
-77.67891,42.33293
-77.67365,37.40465
-77.65545,37.50405
-77.65198,37.50201
-77.64655,39.49827
-77.64505,43.0888
-77.64406,40.93953
-77.64205,36.43687
-77.63635,38.66218
-77.62556,35.75112
-77.62349,39.32388
-77.62026,37.59873
-77.61794,37.652
-77.60804,38.7922
-77.60543,39.76318
-77.60341,42.94808
-77.58661,35.48063
-77.58587,35.59755
-77.5799,43.19739
-77.57382,44.10446
-77.56669,43.12876
-77.56556,39.10563
-77.56458,34.4495
-77.55909,34.44184
-77.5575,38.23274
-77.55311,37.49664
-77.55279,43.14976
-77.5431,44.2977
-77.54205,36.69861
-77.536,38.50855
-77.5359,37.46574
-77.53471,43.10319
-77.5345,38.76076
-77.53337,37.62683
-77.53207,39.74023
-77.52965,39.74059
-77.52758,37.62378
-77.50843,38.80088
-77.508,37.64016
-77.50651,37.63386
-77.50086,38.25473
-77.50084,38.25492
-77.49919,37.37186
-77.49675,37.61229
-77.49576,43.11646
-77.49471,43.13239
-77.49384,38.29681
-77.48777,37.51017
-77.48555,37.57466
-77.48497,37.55479
-77.47529,43.13005
-77.4748,37.7181
-77.47154,44.50406
-77.46864,37.75907
-77.46731,38.75754
-77.46684,37.71736
-77.4662,37.57754
-77.46596,35.35559
-77.46419,37.70326
-77.46397,37.69147
-77.4633,38.33547
-77.46221,34.74996
-77.46134,37.56727
-77.45536,39.42073
-77.44799,38.90038
-77.44472,37.708
-77.44356,43.07053
-77.44231,43.10109
-77.44114,38.66132
-77.4408,37.69365
-77.43969,38.2879
-77.4394,37.69237
-77.43925,43.0212
-77.43538,34.55059
-77.4238,43.09531
-77.42183,36.12942
-77.41852,35.471
-77.41106,39.62739
-77.41074,37.58377
-77.40733,38.99833
-77.39784,37.26589
-77.39688,39.37929
-77.3963,35.54217
-77.38466,37.65962
-77.3734,35.8073
-77.37032,37.45455
-77.35539,37.34725
-77.35285,37.51938
-77.35021,43.9516
-77.33898,38.64819
-77.33816,37.61321
-77.33737,37.61096
-77.33371,42.94339
-77.33086,42.33896
-77.32319,41.1827
-77.30187,38.63963
-77.29906,41.7482
-77.29533,42.90737
-77.26728,40.64341
-77.2558,42.87865
-77.24487,38.87341
-77.2295,38.87369
-77.22131,43.92344
-77.21268,38.79124
-77.20879,39.01664
-77.20833,39.28714
-77.19796,39.154
-77.19715,39.31823
-77.19169,39.11618
-77.18256,39.127
-77.17867,38.93148
-77.17718,43.99553
-77.17642,38.93698
-77.17314,39.16765
-77.17035,39.35669
-77.16921,45.24439
-77.16884,38.87013
-77.16628,39.36665
-77.16563,39.16324
-77.16449,39.16554
-77.15343,42.59853
-77.15094,38.86885
-77.13865,38.96923
-77.1265,38.85013
-77.11925,35.09419
-77.10659,38.89664
-77.10604,36.44216
-77.10526,38.87428
-77.10166,38.89675
-77.0991,38.97926
-77.09822,38.73478
-77.09479,38.9881
-77.09454,35.13227
-77.08371,38.77209
-77.08306,35.84177
-77.08181,38.89183
-77.08059,38.94859
-77.07607,38.9652
-77.07077,38.91974
-77.06398,38.90295
-77.06361,41.30438
-77.06121,35.56635
-77.05642,38.74153
-77.05601,39.86332
-77.05592,39.44785
-77.05092,38.85603
-77.05083,39.00419
-77.04909,38.79675
-77.04335,41.2606
-77.03945,38.92454
-77.03868,35.10544
-77.03827,38.91206
-77.03584,40.12444
-77.03464,40.10763
-77.0339,42.1307
-77.03294,35.08158
-77.03226,38.93066
-77.03221,38.91375
-77.03201,35.54585
-77.03065,35.07818
-77.03007,35.07644
-77.02792,38.92058
-77.02769,38.9416
-77.02438,38.9967
-77.02257,39.1486
-77.01826,38.97432
-77.0165,38.97376
-77.0119,38.9747
-77.00774,38.90277
-76.99648,42.85667
-76.99506,44.48732
-76.99467,38.93162
-76.99277,36.9765
-76.9917,38.88949
-76.99079,38.88218
-76.98634,40.18176
-76.9822,38.9024
-76.9807,40.44863
-76.97943,39.92727
-76.97924,44.96744
-76.9726,36.27461
-76.97195,38.25652
-76.95198,35.37028
-76.95136,36.6676
-76.93618,38.94593
-76.93136,39.54053
-76.92714,39.01535
-76.92707,41.24358
-76.91409,38.62093
-76.91365,34.88449
-76.90986,39.02442
-76.90785,35.81055
-76.90633,38.61643
-76.88927,38.77063
-76.88461,40.2616
-76.8807,37.89493
-76.87982,42.15203
-76.86231,39.88614
-76.85888,37.91322
-76.85876,37.91343
-76.85774,38.96244
-76.85548,39.09559
-76.84482,39.99532
-76.8442,42.95303
-76.83726,39.53506
-76.82932,38.9492
-76.82117,42.16857
-76.82111,39.18764
-76.81778,42.05897
-76.81094,39.44384
-76.80506,34.74047
-76.80011,35.30082
-76.79177,39.12969
-76.78005,40.32675
-76.7772,39.41515
-76.76615,41.10643
-76.76402,37.25148
-76.76101,39.95117
-76.75972,39.28453
-76.75392,34.70199
-76.7439,34.72701
-76.72965,40.20081
-76.72586,40.04405
-76.72244,37.282
-76.71586,39.93822
-76.70927,39.35667
-76.70886,39.98292
-76.69441,39.01754
-76.69389,44.48189
-76.67893,44.78779
-76.6778,39.97363
-76.67129,39.27898
-76.66844,44.44598
-76.64675,34.72645
-76.64564,39.48402
-76.63361,39.44517
-76.63341,39.44479
-76.63271,39.44347
-76.63261,39.44332
-76.63257,39.44325
-76.63161,39.27316
-76.63129,39.43349
-76.62901,39.32879
-76.62758,41.86395
-76.62487,39.31853
-76.62421,39.4323
-76.62415,39.43207
-76.62406,39.43189
-76.61534,39.20315
-76.60917,39.32405
-76.60669,43.38423
-76.5854,40.13968
-76.57792,39.28036
-76.56979,44.26976
-76.56808,39.38373
-76.56296,44.24321
-76.56131,39.29315
-76.55916,39.38144
-76.55869,40.58953
-76.55766,39.29573
-76.55697,40.78764
-76.55361,37.96707
-76.55221,40.58586
-76.55181,39.08195
-76.54932,39.0803
-76.5478,42.9668
-76.54576,39.37004
-76.54554,39.07526
-76.54342,39.40129
-76.54056,39.34573
-76.53958,40.64602
-76.5394,39.37809
-76.53917,39.30415
-76.53804,38.81572
-76.53357,37.12867
-76.53006,40.5885
-76.52847,38.98048
-76.52458,40.11311
-76.52164,40.11338
-76.51997,40.78309
-76.51922,37.41292
-76.51629,40.78727
-76.51147,42.44026
-76.50902,42.43773
-76.50891,42.44405
-76.50767,40.87692
-76.50712,38.29464
-76.50501,44.25974
-76.50415,38.23795
-76.50293,37.27894
-76.50242,39.2703
-76.49968,37.27418
-76.49892,37.11039
-76.49382,39.45556
-76.49377,37.07517
-76.49377,37.25984
-76.49357,38.95092
-76.4919,42.53974
-76.49059,36.86798
-76.4835,42.48312
-76.48269,36.86281
-76.47875,44.37756
-76.47439,40.79243
-76.4736,44.39559
-76.47221,39.5441
-76.46861,40.12587
-76.46735,39.86619
-76.44524,37.55129
-76.44429,39.36265
-76.43301,42.4793
-76.43254,41.00772
-76.43194,39.5902
-76.43045,40.79987
-76.42518,37.06275
-76.42399,37.02814
-76.41989,42.69564
-76.41912,39.38608
-76.41682,40.0449
-76.41322,40.79754
-76.4115,40.79259
-76.40766,37.039
-76.4076,42.46833
-76.40253,41.54551
-76.40138,41.52381
-76.40082,39.33581
-76.39432,37.64561
-76.39229,40.04015
-76.39137,39.49232
-76.38524,40.553
-76.38397,39.50733
-76.38064,36.80595
-76.3799,39.58065
-76.372,39.57677
-76.36871,39.57586
-76.36803,39.70189
-76.366,38.1077
-76.36429,39.56811
-76.3617,39.56704
-76.35797,43.21783
-76.35554,39.56818
-76.35303,40.03855
-76.35026,39.7129
-76.35009,36.22981
-76.34641,39.52396
-76.34525,37.88335
-76.33821,42.96919
-76.31539,39.43433
-76.31312,38.97576
-76.31178,39.45215
-76.31136,39.4525
-76.31077,39.45172
-76.30971,39.45207
-76.30963,37.05184
-76.30856,39.45248
-76.29098,39.98462
-76.28144,40.04482
-76.27796,39.98638
-76.26551,41.82916
-76.26435,43.0519
-76.26092,36.88579
-76.25752,41.66374
-76.25696,40.68858
-76.2528,40.04825
-76.25092,44.90156
-76.24298,40.60216
-76.24249,36.74515
-76.24247,44.88696
-76.24226,44.88687
-76.24209,44.88667
-76.24048,36.786
-76.23906,36.71283
-76.2339,41.05477
-76.23254,36.69402
-76.23224,36.69253
-76.23131,42.0977
-76.22999,36.68838
-76.2297,36.29542
-76.22804,43.15846
-76.22747,40.67469
-76.22482,45.1052
-76.22446,36.68608
-76.22271,40.77567
-76.22127,44.60821
-76.22105,40.20504
-76.21604,36.91622
-76.21324,40.10517
-76.21277,42.59073
-76.21237,36.84655
-76.21037,40.20386
-76.20966,40.58339
-76.20829,36.85966
-76.20512,40.78086
-76.20303,42.59517
-76.20266,40.82236
-76.20069,40.81787
-76.19926,39.49027
-76.19671,45.22516
-76.19297,43.0339
-76.19274,40.82151
-76.19165,40.71953
-76.19045,40.69538
-76.19033,45.01556
-76.19001,40.69626
-76.18917,40.70336
-76.18341,39.99614
-76.18165,43.11444
-76.17898,43.04891
-76.17708,43.05855
-76.17662,40.24471
-76.17481,43.0583
-76.1721,40.19151
-76.17124,43.04525
-76.16524,40.19967
-76.16183,44.32982
-76.15621,40.19319
-76.14823,40.20593
-76.14688,40.81193
-76.14642,40.20642
-76.14338,43.0218
-76.14251,40.81456
-76.14115,43.23758
-76.14108,40.81305
-76.13306,40.22936
-76.12803,43.14409
-76.12738,44.54702
-76.12728,43.05066
-76.12494,44.54995
-76.12122,43.07367
-76.11715,40.14458
-76.11669,40.13602
-76.11634,42.91373
-76.11526,39.94628
-76.11427,40.13294
-76.11257,41.30826
-76.11064,43.02828
-76.11037,42.7984
-76.10996,40.65455
-76.1092,40.19455
-76.10903,43.06848
-76.10875,43.55342
-76.108,39.95656
-76.10728,40.26737
-76.10718,40.16191
-76.10717,42.79613
-76.10591,42.79626
-76.10473,40.21885
-76.1044,40.19193
-76.1037,40.00272
-76.10306,43.08782
-76.10255,40.13742
-76.10254,39.96238
-76.10142,40.1457
-76.0964,36.84022
-76.09453,40.08845
-76.09445,40.14277
-76.09031,40.15358
-76.08992,40.10874
-76.08644,40.18349
-76.08586,36.80168
-76.08153,40.18489
-76.07854,38.56431
-76.07793,38.78141
-76.07518,43.05513
-76.0704,40.07138
-76.06764,43.04155
-76.06571,40.05245
-76.06147,39.94261
-76.05745,40.18412
-76.05407,40.1603
-76.04546,40.15333
-76.04232,40.24119
-76.0366,40.15485
-76.03556,39.71974
-76.0324,44.8903
-76.03015,40.14925
-76.0214,43.05754
-76.02124,42.1104
-76.00817,36.43501
-76.00137,35.50756
-75.98093,42.09589
-75.97803,40.9409
-75.9767,40.33963
-75.97034,40.79711
-75.96521,42.12048
-75.9573,40.33938
-75.95143,44.62645
-75.94698,38.74626
-75.945,37.33443
-75.92571,40.38425
-75.92089,40.09892
-75.9157,40.09174
-75.91564,40.07742
-75.91341,39.96431
-75.91132,41.23459
-75.90437,41.25934
-75.90193,41.25708
-75.90174,42.54022
-75.90134,41.23478
-75.89991,41.21269
-75.89951,41.21422
-75.89715,41.23714
-75.89477,40.15485
-75.89422,42.15774
-75.88841,41.22444
-75.88259,42.75732
-75.87823,40.14779
-75.87398,41.22888
-75.87374,41.24336
-75.86462,41.24237
-75.85847,40.47337
-75.85441,42.34512
-75.85007,41.30044
-75.83673,41.31617
-75.83424,37.52314
-75.82833,40.15689
-75.82386,39.60032
-75.82243,41.31841
-75.81601,39.5989
-75.80726,44.27594
-75.79759,41.32905
-75.78144,40.79658
-75.77996,39.66915
-75.77901,40.51527
-75.76191,37.6193
-75.7523,38.68312
-75.74968,39.65263
-75.74791,40.26363
-75.73342,40.87229
-75.73133,39.83913
-75.72913,40.0125
-75.72317,39.45324
-75.716,40.82304
-75.71035,39.77549
-75.7096,39.77303
-75.70375,41.37525
-75.70371,40.82982
-75.69566,41.48625
-75.69366,40.31581
-75.69202,39.73911
-75.68618,43.08057
-75.6762,40.01705
-75.66888,39.66611
-75.66762,40.84009
-75.6537,37.78194
-75.65223,42.9003
-75.63713,40.04777
-75.63523,40.24214
-75.6142,40.68437
-75.61194,39.70267
-75.61082,40.8012
-75.60543,40.75278
-75.60345,38.3666
-75.60293,38.65157
-75.60228,40.81168
-75.59877,38.34942
-75.59793,42.44144
-75.59579,39.96441
-75.59357,39.9943
-75.59285,39.96882
-75.58533,38.91903
-75.58249,39.68984
-75.57825,38.92383
-75.5735,40.03457
-75.57249,41.10327
-75.57135,38.56105
-75.56935,38.07572
-75.56357,40.03593
-75.56219,38.07746
-75.5599,40.5865
-75.55752,40.12976
-75.55211,39.15929
-75.55054,39.68684
-75.54866,40.13087
-75.54583,39.79069
-75.54279,38.03961
-75.54216,39.72513
-75.53616,39.83258
-75.53573,40.13368
-75.53235,39.76698
-75.53204,39.12855
-75.53045,40.04452
-75.528,44.72606
-75.52351,42.51351
-75.51267,40.61714
-75.51135,40.52602
-75.50816,39.66802
-75.50546,39.80534
-75.50443,43.23827
-75.50016,40.39246
-75.49912,41.10988
-75.49227,39.77671
-75.4913,40.64726
-75.48589,40.57668
-75.47272,40.60478
-75.47018,40.6974
-75.46947,40.19437
-75.46946,44.33621
-75.46175,40.33479
-75.4554,39.81734
-75.44539,40.97548
-75.44259,38.91809
-75.4415,40.04805
-75.44043,40.04796
-75.44031,38.91635
-75.43636,40.04725
-75.43536,40.63214
-75.4272,40.62164
-75.42498,39.84412
-75.41667,40.68344
-75.41328,40.43327
-75.41262,40.09856
-75.40289,40.62734
-75.40256,40.64116
-75.39977,39.83328
-75.39857,40.92272
-75.39575,39.83131
-75.39123,40.60292
-75.3863,39.83734
-75.38571,40.27859
-75.38476,38.17963
-75.38357,40.04596
-75.38256,44.78812
-75.37863,40.62486
-75.37278,45.08393
-75.37143,41.12174
-75.371,40.61076
-75.37041,45.08126
-75.36883,45.07928
-75.36853,39.84108
-75.3665,45.08823
-75.36532,39.84315
-75.36274,40.44783
-75.36087,39.84658
-75.35215,40.63362
-75.3516,40.44263
-75.35156,40.44269
-75.35032,39.90184
-75.34236,40.41487
-75.34096,40.57884
-75.33877,45.0717
-75.33857,40.56742
-75.3317,40.10964
-75.32827,40.10907
-75.32523,39.65405
-75.32256,40.46431
-75.31867,40.26585
-75.31442,39.64997
-75.31399,40.88903
-75.31178,40.74122
-75.31105,40.13877
-75.3057,41.32596
-75.302,45.08414
-75.30093,45.26892
-75.29345,40.94951
-75.29198,43.11431
-75.28975,38.57685
-75.28374,41.95377
-75.27653,43.11378
-75.27585,39.96521
-75.27562,41.16479
-75.2746,39.90967
-75.27002,40.23229
-75.26781,44.50902
-75.24738,40.68283
-75.23737,39.42738
-75.23699,39.42938
-75.23688,40.22716
-75.2365,40.22652
-75.23582,40.03555
-75.23562,40.6807
-75.23456,39.9256
-75.232,38.45934
-75.23176,40.98743
-75.22639,40.18146
-75.22216,39.72453
-75.22012,39.44616
-75.21767,39.44966
-75.21217,39.9551
-75.2112,39.9434
-75.20833,40.02561
-75.20639,40.07584
-75.20612,40.37567
-75.20229,40.37162
-75.19167,40.68606
-75.18376,44.89896
-75.18329,40.11735
-75.18266,38.63089
-75.18193,40.9976
-75.17039,39.96738
-75.1587,45.21384
-75.14813,39.84493
-75.1475,44.59906
-75.14686,40.38272
-75.14467,39.95374
-75.14379,39.92275
-75.14052,40.15751
-75.14048,40.74163
-75.14032,41.4296
-75.13985,40.23151
-75.13603,40.67567
-75.13279,38.72886
-75.13031,38.54969
-75.12236,40.80206
-75.12206,40.22073
-75.12136,45.25499
-75.11249,39.93594
-75.10992,40.77435
-75.10965,40.21019
-75.1012,38.71326
-75.09711,39.90845
-75.09463,40.5692
-75.09203,39.93891
-75.091,39.84201
-75.08252,39.9467
-75.08195,39.74625
-75.07298,39.94771
-75.06854,40.11969
-75.0682,41.06305
-75.06663,39.88745
-75.06657,39.88918
-75.06293,41.3671
-75.05917,40.52684
-75.05642,39.96402
-75.05577,38.43444
-75.04982,41.34989
-75.04555,39.48731
-75.04448,39.7528
-75.0433,39.42522
-75.04299,42.44769
-75.03779,40.03809
-75.03485,39.42872
-75.02264,40.00379
-74.99411,43.0231
-74.98886,39.94194
-74.98799,44.66808
-74.98778,39.97717
-74.98589,43.02561
-74.98528,44.68605
-74.98166,40.98756
-74.97943,40.00852
-74.97916,40.98976
-74.97853,40.75852
-74.97311,43.71068
-74.96667,39.90903
-74.96665,40.08985
-74.96641,39.90762
-74.96554,39.91571
-74.96547,42.52725
-74.95767,40.98209
-74.94151,40.01925
-74.93906,39.01068
-74.93711,40.22755
-74.92176,42.26707
-74.90712,38.98081
-74.87754,44.92735
-74.84831,39.86968
-74.82986,40.85516
-74.82192,40.8415
-74.80706,41.32425
-74.77307,39.9794
-74.75971,39.05436
-74.75888,40.21232
-74.75175,45.02642
-74.75161,45.02623
-74.75123,41.06588
-74.74101,41.07641
-74.7297,41.35255
-74.71598,45.03453
-74.71236,40.91016
-74.70093,40.78203
-74.69748,40.78451
-74.68445,40.56796
-74.65059,40.36342
-74.64948,40.87135
-74.64729,40.4041
-74.64133,41.18976
-74.62377,42.93466
-74.62338,42.93189
-74.6164,42.4077
-74.61519,40.58061
-74.61415,42.92274
-74.58863,40.78406
-74.58835,40.53692
-74.57332,39.38261
-74.56743,39.38858
-74.55343,39.38514
-74.53835,39.39923
-74.5155,40.43263
-74.49487,40.61856
-74.49033,44.24422
-74.49018,41.21211
-74.48443,40.58322
-74.48076,39.34511
-74.47756,40.47075
-74.46579,40.88796
-74.42679,41.42904
-74.42579,39.36289
-74.40437,40.45896
-74.40186,41.49358
-74.3977,40.44906
-74.39711,41.44369
-74.38639,39.39469
-74.37553,41.45124
-74.37378,40.86165
-74.37217,45.08577
-74.37069,40.80605
-74.36115,40.7176
-74.35714,41.33229
-74.32583,41.40347
-74.32056,41.00036
-74.30983,40.56036
-74.30654,39.63516
-74.306,40.72409
-74.30206,40.92277
-74.29708,40.68948
-74.29593,40.6184
-74.29333,40.69269
-74.29171,41.00325
-74.2906,40.64536
-74.28346,40.67955
-74.24573,40.63587
-74.24505,40.96634
-74.24353,41.02489
-74.24081,40.51746
-74.23985,41.02573
-74.23879,40.52281
-74.23395,40.52731
-74.22988,40.1537
-74.22953,40.8534
-74.22915,40.64534
-74.22479,40.64884
-74.22395,40.54756
-74.22344,40.41914
-74.21806,42.21269
-74.208,40.84211
-74.19258,41.56511
-74.18926,42.93624
-74.1891,42.93638
-74.18553,42.96877
-74.18277,40.59713
-74.18216,40.59871
-74.17918,40.42009
-74.1753,45.08433
-74.17191,43.22647
-74.16878,40.62756
-74.16692,40.73113
-74.16605,40.62768
-74.16297,39.92046
-74.16235,40.62766
-74.15256,41.11361
-74.14711,40.54139
-74.14662,40.54131
-74.14514,45.26683
-74.13491,40.05566
-74.13283,40.56404
-74.13247,41.31406
-74.13178,44.32927
-74.13162,40.63943
-74.12478,41.06164
-74.12449,40.61337
-74.12123,40.63411
-74.1209,40.43415
-74.11997,40.61347
-74.11402,42.03767
-74.10456,40.57591
-74.10184,41.1116
-74.0996,40.42417
-74.09879,40.89779
-74.09497,41.3847
-74.09434,40.72312
-74.09228,40.82802
-74.07889,40.63811
-74.0763,40.72691
-74.07621,40.6319
-74.0746,40.85184
-74.07056,41.74193
-74.06928,39.96633
-74.06423,41.11011
-74.06347,41.1113
-74.05912,41.45522
-74.04408,40.29062
-74.03276,40.61886
-74.03158,41.52335
-74.03126,43.01916
-74.03076,40.73853
-74.02722,42.40118
-74.02645,40.63517
-74.02529,40.17954
-74.02442,40.62471
-74.02379,40.64629
-74.02221,40.63008
-74.02221,40.63095
-74.02056,40.64884
-74.02019,40.63504
-74.01856,40.20305
-74.01835,40.64062
-74.0179,40.65073
-74.01725,40.63721
-74.01716,40.65028
-74.01696,40.64936
-74.01614,40.6397
-74.01404,40.81223
-74.01402,40.65128
-74.01134,40.64796
-74.01113,40.64757
-74.00949,40.65306
-74.00894,40.65354
-74.00855,40.65392
-74.00829,40.64684
-74.00797,40.65358
-74.00769,40.65387
-74.00705,40.70768
-74.00612,40.60367
-74.00571,40.63277
-74.00544,40.70891
-74.0054,40.65006
-74.0049,44.29643
-74.0038,40.64468
-74.00206,42.30126
-74.00184,40.66043
-74.00114,40.66016
-74.00054,40.7308
-74.00051,40.66166
-74.00021,40.66106
-74.0002,40.66194
-73.99968,40.61765
-73.9993,40.72167
-73.99847,40.72006
-73.99813,40.67807
-73.99771,40.71959
-73.99746,40.71518
-73.99672,40.74738
-73.99666,40.66585
-73.99657,40.85003
-73.99631,40.74283
-73.99593,40.67359
-73.99571,40.71208
-73.99516,40.71737
-73.99501,40.72015
-73.99498,40.71988
-73.99496,40.71635
-73.99471,40.30257
-73.99427,40.63892
-73.99417,40.72059
-73.99413,40.71795
-73.99409,40.72078
-73.99406,40.72085
-73.99381,40.72152
-73.99379,40.72157
-73.99376,40.61539
-73.99375,40.40476
-73.99371,40.72186
-73.99339,40.72137
-73.99337,40.72272
-73.99331,40.72292
-73.99313,40.72343
-73.99311,40.72349
-73.99308,40.72357
-73.99306,40.72365
-73.993,40.76335
-73.99296,40.72389
-73.99274,40.72451
-73.99195,40.71504
-73.99178,40.72011
-73.99149,40.69114
-73.9914,40.69133
-73.99139,40.71435
-73.99137,41.96236
-73.99104,40.71685
-73.99085,40.71776
-73.99071,40.7241
-73.99053,41.91512
-73.99048,40.71418
-73.99027,40.6642
-73.99013,40.73319
-73.9901,40.66441
-73.98996,40.76176
-73.98978,42.71282
-73.98903,40.7026
-73.98901,40.73974
-73.98873,40.743
-73.98807,40.59876
-73.98793,40.76456
-73.98755,40.86199
-73.98745,40.72497
-73.98662,40.66077
-73.98566,40.72678
-73.98544,40.71815
-73.98483,40.71909
-73.98453,40.73725
-73.98433,40.75175
-73.98425,40.74755
-73.98279,40.73076
-73.98106,40.77819
-73.98084,41.50821
-73.98071,40.77841
-73.98027,40.73396
-73.97997,40.74228
-73.97947,40.6573
-73.97882,40.78215
-73.97876,40.64053
-73.97834,40.67929
-73.97805,40.67091
-73.97794,40.77807
-73.97741,40.68114
-73.97629,40.62797
-73.97604,40.78927
-73.97555,40.6808
-73.9744,40.74714
-73.97417,40.68634
-73.97073,40.79658
-73.97071,40.78884
-73.97046,40.79694
-73.97042,40.84836
-73.9699,40.59071
-73.96964,40.64149
-73.96936,40.79577
-73.96892,40.79813
-73.96883,40.63864
-73.96881,40.64002
-73.96845,40.63738
-73.96741,40.69315
-73.96681,40.76384
-73.96676,41.50336
-73.96627,40.79999
-73.96575,40.76582
-73.96568,40.58062
-73.96532,40.71064
-73.96524,40.683
-73.9644,40.8019
-73.96383,40.69382
-73.96376,40.79836
-73.96309,40.67515
-73.96285,40.79894
-73.96282,40.64966
-73.96273,40.68058
-73.96267,40.68055
-73.96204,40.68042
-73.96157,40.62502
-73.96141,40.69467
-73.96135,40.68018
-73.96134,40.80099
-73.96096,40.68018
-73.9609,40.76064
-73.96076,40.65969
-73.96075,40.93649
-73.96062,40.6801
-73.96054,40.59255
-73.96042,40.65719
-73.96034,40.67998
-73.96014,41.66776
-73.95921,40.65329
-73.95917,40.71233
-73.95908,40.80168
-73.95854,40.8106
-73.95805,40.66999
-73.95759,40.59858
-73.95636,40.71925
-73.95609,40.67628
-73.95552,40.74538
-73.95542,40.68121
-73.95495,40.80465
-73.95426,40.77734
-73.95417,40.76997
-73.95414,40.68367
-73.95395,40.69235
-73.95365,40.66768
-73.95288,40.67615
-73.95276,42.07784
-73.95263,40.7267
-73.9525,40.78708
-73.95175,40.78499
-73.95166,40.78635
-73.95122,40.77404
-73.95118,40.77472
-73.95086,40.58498
-73.95063,40.77972
-73.95027,40.65586
-73.94966,40.67726
-73.94862,40.77757
-73.94831,40.68046
-73.94769,40.71767
-73.94758,41.04204
-73.94724,41.09386
-73.94703,40.71146
-73.946,40.79004
-73.94441,40.68662
-73.94383,40.69236
-73.94373,40.79252
-73.94346,40.68032
-73.94328,40.78981
-73.9429,40.74769
-73.94261,40.8122
-73.94205,40.72596
-73.9417,40.6006
-73.94014,40.82984
-73.93964,40.83553
-73.93899,40.70709
-73.93895,40.67994
-73.93857,40.84646
-73.93576,40.67711
-73.93441,40.69667
-73.93432,40.69696
-73.93422,40.70394
-73.93133,40.70355
-73.93006,40.82356
-73.92883,40.68259
-73.92815,41.66218
-73.9273,40.71456
-73.92621,40.71421
-73.9259,40.69183
-73.92529,40.70603
-73.92376,40.74344
-73.92305,40.75287
-73.92301,40.68774
-73.92114,40.74115
-73.91933,42.78393
-73.91897,40.74239
-73.91685,40.67644
-73.9168,40.67872
-73.91516,40.75027
-73.91502,40.76594
-73.91418,40.77546
-73.91382,40.80035
-73.91381,40.7651
-73.91359,40.69952
-73.91353,40.83228
-73.91259,40.70406
-73.91231,40.56136
-73.91183,40.69295
-73.91032,40.72027
-73.90953,40.68253
-73.90894,40.70372
-73.90885,40.80325
-73.90827,40.72188
-73.90812,40.70289
-73.90797,40.69045
-73.90729,40.88695
-73.90577,40.67788
-73.90351,40.70797
-73.9025,40.85435
-73.90239,40.75764
-73.90172,40.85814
-73.90113,40.88385
-73.89964,40.74613
-73.89939,40.66886
-73.89855,40.70884
-73.89813,40.71281
-73.89807,40.7088
-73.89802,40.69904
-73.89786,40.69897
-73.89776,40.6989
-73.89745,40.82112
-73.89729,40.67588
-73.8972,40.72508
-73.89654,40.91685
-73.89459,40.70556
-73.8929,40.86052
-73.89249,40.67641
-73.89248,40.7275
-73.89242,40.72753
-73.88897,40.81851
-73.88461,40.74391
-73.88326,40.75592
-73.88154,40.73545
-73.87794,40.76367
-73.87726,42.21681
-73.87672,40.70639
-73.87471,41.99502
-73.87054,40.75175
-73.8702,41.9949
-73.86731,40.89887
-73.86714,40.84518
-73.86694,40.86245
-73.86482,40.92338
-73.8641,41.16093
-73.86096,40.68021
-73.85974,40.7458
-73.85926,40.75043
-73.85681,40.73243
-73.85588,40.74466
-73.85066,40.71054
-73.84941,40.73207
-73.84909,43.00767
-73.84731,40.67992
-73.84703,42.72872
-73.84622,40.69522
-73.84474,42.9745
-73.8447,40.69531
-73.84337,43.01704
-73.84194,43.0193
-73.8379,40.58063
-73.83669,40.57936
-73.83662,40.682
-73.83619,40.71756
-73.83534,40.7544
-73.83264,42.62412
-73.83217,40.68418
-73.83022,42.70129
-73.8298,40.70037
-73.82954,40.68516
-73.8287,40.69408
-73.82719,40.69377
-73.82697,42.70586
-73.82666,40.9518
-73.82642,42.70654
-73.82503,40.73233
-73.82497,40.73221
-73.82439,42.69648
-73.82435,40.70139
-73.82421,42.69918
-73.82107,40.70216
-73.81779,40.69252
-73.81494,40.70262
-73.81004,40.7198
-73.80845,42.47246
-73.80807,40.70638
-73.80334,41.18885
-73.79619,40.73878
-73.79473,41.04246
-73.79426,40.68645
-73.79036,42.96248
-73.79009,42.6818
-73.78736,43.50393
-73.78682,40.69792
-73.78592,40.84616
-73.78538,40.70816
-73.77103,40.75967
-73.77048,40.76295
-73.77044,40.76288
-73.76158,42.74896
-73.75977,42.74666
-73.75846,42.75747
-73.75817,42.85513
-73.75664,43.85205
-73.75647,40.74829
-73.75632,41.34323
-73.75394,41.348
-73.7514,40.92892
-73.74846,42.76241
-73.74804,40.71562
-73.74773,40.72125
-73.74344,40.62364
-73.74036,40.72597
-73.7383,40.69144
-73.73481,40.80054
-73.73245,40.69287
-73.72703,41.37506
-73.70441,40.72837
-73.70331,40.64473
-73.70118,40.73904
-73.69626,42.78221
-73.69514,40.73028
-73.69384,41.23946
-73.69344,41.31094
-73.69307,42.6594
-73.69189,40.75361
-73.69076,42.72996
-73.68981,40.70806
-73.68889,40.83067
-73.68799,42.90804
-73.68185,43.2951
-73.68086,42.72347
-73.67897,41.29129
-73.67044,41.41602
-73.66799,40.65797
-73.66575,40.66586
-73.66167,40.63985
-73.65409,40.75412
-73.65332,40.75379
-73.64193,42.69656
-73.63845,40.78377
-73.63571,40.84534
-73.63077,40.8641
-73.62946,41.02163
-73.62336,40.87328
-73.61985,40.8748
-73.61834,45.25834
-73.60726,40.64063
-73.60179,44.46191
-73.60028,43.30956
-73.58686,42.8941
-73.58325,40.6456
-73.57934,43.10185
-73.56372,40.75637
-73.56103,40.72485
-73.54081,40.68455
-73.53032,40.87243
-73.52869,43.09407
-73.52451,44.5772
-73.52164,41.07616
-73.52139,44.69491
-73.50301,40.74628
-73.49975,41.14447
-73.49874,41.28103
-73.49551,44.69424
-73.49205,40.72626
-73.4916,43.23811
-73.48988,44.70692
-73.48642,44.69716
-73.48283,44.04873
-73.47209,40.77666
-73.45254,44.69606
-73.45073,44.68174
-73.44814,40.77984
-73.44455,44.97928
-73.44075,41.26456
-73.43681,41.41367
-73.43193,40.68201
-73.42846,40.76985
-73.42569,41.10804
-73.41597,41.41832
-73.41572,41.37239
-73.41462,41.3692
-73.4085,41.43551
-73.40162,41.43928
-73.39345,41.12578
-73.38185,41.20158
-73.36776,42.33396
-73.36508,42.18018
-73.36178,42.19535
-73.35235,40.69253
-73.33491,40.7734
-73.29907,44.9656
-73.2846,43.42553
-73.27625,43.60213
-73.26825,40.71973
-73.2668,42.40445
-73.25235,41.18152
-73.25157,42.45626
-73.24046,42.44443
-73.2399,44.1726
-73.2337,43.51681
-73.23126,41.16449
-73.22537,41.17589
-73.22295,44.39294
-73.21954,41.16819
-73.21853,40.80766
-73.21839,42.75321
-73.21758,41.16799
-73.21734,41.16833
-73.21551,44.46041
-73.21502,44.46042
-73.21356,44.47718
-73.21,41.1704
-73.20813,41.7453
-73.20786,41.63315
-73.20485,41.52695
-73.20111,42.4677
-73.19629,41.19089
-73.1499,44.50712
-73.14721,40.8327
-73.13954,43.99046
-73.13789,44.44897
-73.1364,44.51045
-73.13358,44.62363
-73.12778,40.87229
-73.11956,44.62448
-73.11839,40.78615
-73.11433,44.47706
-73.1125,43.11738
-73.11153,44.334
-73.1115,41.82474
-73.11069,44.45399
-73.10584,41.42271
-73.08803,41.65878
-73.0826,40.73605
-73.07979,41.39744
-73.07685,40.80891
-73.07583,41.21808
-73.06581,41.23055
-73.0648,41.23061
-73.05046,41.55771
-73.02218,41.25059
-73.01985,41.25243
-73.0108,41.55786
-73.00426,41.26568
-72.9967,40.83875
-72.99256,41.27306
-72.99177,45.28656
-72.99011,45.11812
-72.97611,43.62715
-72.9677,43.57532
-72.96237,44.51084
-72.9186,41.69182
-72.90959,41.31558
-72.90457,41.50534
-72.8815,41.28293
-72.85793,42.89201
-72.84087,40.9431
-72.82354,41.45924
-72.82193,41.27845
-72.81519,43.2284
-72.8084,41.50466
-72.80073,41.87488
-72.7864,41.95172
-72.78622,41.90443
-72.75303,45.19447
-72.74594,41.63068
-72.74533,44.32484
-72.74527,44.32499
-72.7308,41.73208
-72.72565,41.64011
-72.72106,42.39016
-72.71942,41.72895
-72.70325,45.39356
-72.69962,43.39594
-72.6879,44.47142
-72.67741,41.62693
-72.67597,40.93261
-72.6758,41.91483
-72.67462,40.93139
-72.6722,42.33601
-72.66215,41.70633
-72.6599,40.91394
-72.65743,44.14914
-72.65689,41.7988
-72.65117,41.5428
-72.64994,45.31769
-72.64497,41.84975
-72.63318,43.83062
-72.63273,42.33597
-72.63235,42.3252
-72.62537,45.09024
-72.61705,45.10891
-72.61333,41.5739
-72.61014,42.47791
-72.60641,41.71312
-72.60636,42.09423
-72.59344,42.6018
-72.59054,41.85486
-72.57633,44.25931
-72.56492,41.35541
-72.56181,44.24879
-72.54295,43.82482
-72.53526,40.99244
-72.53275,41.27894
-72.52058,41.77015
-72.51749,41.27599
-72.51415,42.0661
-72.51356,45.3536
-72.512,45.34998
-72.50899,45.21659
-72.50506,43.6305
-72.5034,44.19869
-72.50281,41.58409
-72.49882,41.82837
-72.48267,42.16899
-72.47348,41.86437
-72.45355,44.2723
-72.44263,41.79054
-72.4263,43.2345
-72.40959,42.27202
-72.40618,41.35239
-72.39176,45.05084
-72.38638,42.76618
-72.38456,43.48599
-72.3762,41.29407
-72.37584,41.87468
-72.37458,44.51467
-72.37281,44.50918
-72.35485,41.08265
-72.35278,43.3859
-72.35219,41.08381
-72.34578,41.58039
-72.31764,43.69702
-72.3157,43.36096
-72.31437,45.30141
-72.31138,44.40246
-72.2956,44.57559
-72.28681,42.92334
-72.26095,43.63826
-72.21577,41.71367
-72.21444,41.71381
-72.20099,41.42107
-72.20087,41.42117
-72.19491,41.32496
-72.1807,41.73682
-72.17786,45.11667
-72.15811,43.81148
-72.1491,43.90542
-72.14349,42.23413
-72.14174,45.00662
-72.1324,44.80366
-72.12574,45.2761
-72.10603,41.45081
-72.09241,41.52161
-72.09048,45.019
-72.07993,45.31326
-72.04457,44.15317
-72.03871,44.15315
-72.03808,45.16571
-72.03525,44.15075
-72.0236,42.23099
-72.01457,44.42408
-72.01393,44.42381
-72.01003,42.07017
-72.00998,42.66541
-72.00668,45.56873
-72.00182,44.42143
-72.00137,44.52803
-72.0013,43.42216
-71.98284,41.60572
-71.98254,41.52876
-71.97992,42.14631
-71.97715,42.56617
-71.97137,45.41779
-71.96866,45.42056
-71.96573,45.42088
-71.94523,42.89052
-71.94055,45.39525
-71.93527,42.37654
-71.93413,45.39623
-71.91496,45.39894
-71.91203,42.04252
-71.91197,42.04246
-71.91167,41.66684
-71.90934,42.63558
-71.90904,41.9176
-71.9057,45.40892
-71.89016,45.27736
-71.88143,44.81403
-71.87596,45.32867
-71.87461,41.84116
-71.86684,43.43391
-71.86608,42.05945
-71.86483,42.05851
-71.86246,42.34474
-71.8586,45.37098
-71.85652,45.36911
-71.8547,45.36659
-71.85385,42.27699
-71.83234,42.24703
-71.82788,45.24058
-71.81454,42.56927
-71.80357,45.13222
-71.79598,45.36393
-71.79185,42.57716
-71.77034,44.30524
-71.76913,42.58762
-71.75897,42.52718
-71.75565,42.54246
-71.74868,44.22748
-71.74778,42.23789
-71.7462,42.53278
-71.74128,43.59227
-71.71417,43.0555
-71.68831,42.26974
-71.68766,43.75738
-71.68504,42.41661
-71.67734,42.84156
-71.66792,44.04562
-71.65483,42.8392
-71.64305,42.83202
-71.63548,42.38109
-71.63268,41.82899
-71.61596,42.27077
-71.60297,42.82385
-71.59426,42.81367
-71.5896,43.44219
-71.57881,44.49718
-71.57496,44.49477
-71.53588,42.35323
-71.52966,43.19186
-71.52579,43.20786
-71.52571,42.93888
-71.52071,42.78028
-71.51655,41.78829
-71.51653,42.12704
-71.51488,42.12558
-71.51438,42.12584
-71.51089,45.26504
-71.50432,42.16273
-71.49978,42.99008
-71.49803,43.66037
-71.49729,41.70759
-71.48628,42.43295
-71.48528,42.43433
-71.48305,43.22735
-71.48093,43.44372
-71.48022,43.19581
-71.47434,42.47626
-71.47279,42.75982
-71.46939,41.63373
-71.46651,42.42934
-71.46624,42.5427
-71.46573,42.99027
-71.46064,43.70895
-71.45898,42.43096
-71.45752,42.91929
-71.45655,42.46884
-71.45367,42.43241
-71.4535,42.97565
-71.45004,42.42645
-71.44907,43.71438
-71.44491,43.06456
-71.44418,41.83171
-71.44364,43.12352
-71.42352,41.77997
-71.39227,41.85786
-71.38462,43.23408
-71.38034,42.30356
-71.37737,43.23297
-71.3738,45.96911
-71.37054,41.83076
-71.37034,41.8309
-71.36887,41.81713
-71.36804,42.36499
-71.36333,45.91075
-71.35851,46.83683
-71.3565,42.45504
-71.35638,42.45636
-71.35558,42.45412
-71.35469,45.89799
-71.35212,42.59623
-71.34976,42.46016
-71.34631,41.93594
-71.34322,41.82467
-71.34192,46.67614
-71.33899,41.80271
-71.32763,43.31383
-71.31937,42.7206
-71.31056,46.8057
-71.30869,46.81206
-71.30838,42.02957
-71.30827,42.88777
-71.30767,41.48183
-71.30273,42.00759
-71.30201,46.11214
-71.29573,46.7176
-71.27798,46.84271
-71.27548,46.84294
-71.27457,42.31198
-71.26788,46.81784
-71.26749,46.88866
-71.26619,42.55914
-71.26294,42.48438
-71.25529,43.22345
-71.25166,45.40209
-71.24874,46.81138
-71.24716,46.78134
-71.24653,42.80898
-71.24471,42.15446
-71.24095,42.38112
-71.23806,46.84721
-71.23637,46.74977
-71.23485,46.41188
-71.23119,46.82822
-71.23097,42.32656
-71.22954,42.37736
-71.22935,46.74488
-71.22878,46.80419
-71.2283,41.75192
-71.22687,46.82369
-71.2242,46.80889
-71.22159,46.82094
-71.22132,46.82136
-71.21315,43.45151
-71.20775,46.87186
-71.20558,42.36823
-71.20122,42.19313
-71.19873,42.44915
-71.18333,46.88059
-71.17646,44.38903
-71.16998,43.78333
-71.16994,42.25237
-71.16913,46.79273
-71.1658,43.03663
-71.16411,41.67777
-71.16331,42.3638
-71.15864,42.39436
-71.15674,46.78975
-71.1554,44.49758
-71.14928,42.33647
-71.14787,42.13897
-71.14685,42.39286
-71.14469,46.49322
-71.14247,46.49509
-71.14185,42.36213
-71.13919,46.49646
-71.12966,46.50224
-71.12792,42.34587
-71.12673,42.67545
-71.12638,41.71257
-71.11869,42.3896
-71.1177,42.29598
-71.11417,42.31166
-71.11395,42.31288
-71.10732,42.83079
-71.10517,42.36648
-71.10459,42.84294
-71.10288,42.85116
-71.10277,42.13152
-71.09985,42.3737
-71.09722,43.69025
-71.09686,41.92083
-71.09323,42.03906
-71.09306,42.56974
-71.08755,42.40938
-71.08678,42.34472
-71.08041,42.27864
-71.07333,46.70224
-71.07031,42.35743
-71.06945,42.50228
-71.06884,42.3463
-71.06769,42.13081
-71.06648,42.45282
-71.06641,42.45291
-71.06519,42.37563
-71.05788,43.04955
-71.05574,42.09625
-71.04542,42.16724
-71.04194,46.46421
-71.0377,42.37524
-71.02831,43.55355
-71.02509,42.4481
-71.02464,42.27376
-71.02298,42.47488
-70.9802,42.55703
-70.97084,42.99235
-70.95898,42.02763
-70.95501,42.20002
-70.9519,42.63958
-70.95148,42.1157
-70.94172,41.60471
-70.93107,43.0418
-70.92564,42.21574
-70.92133,42.17187
-70.91842,43.00767
-70.91234,45.59465
-70.90828,43.17696
-70.90377,46.14586
-70.89344,42.51879
-70.8925,43.18397
-70.8903,42.04107
-70.88665,43.80634
-70.88653,42.58777
-70.87821,46.59907
-70.87337,42.89294
-70.8651,42.91584
-70.83768,42.94184
-70.83459,42.9607
-70.83149,42.98377
-70.82551,45.96082
-70.81651,42.99416
-70.80515,43.80604
-70.7896,43.03119
-70.78927,44.40674
-70.7845,41.86927
-70.77322,43.45323
-70.77201,42.11025
-70.69616,45.7426
-70.68697,46.1196
-70.6837,41.97292
-70.66127,42.61139
-70.65469,42.62315
-70.65401,43.15712
-70.61795,41.64989
-70.61745,41.55309
-70.58721,41.69708
-70.58675,43.67876
-70.58564,43.30186
-70.58395,41.5739
-70.58326,41.57317
-70.57727,46.96883
-70.57112,46.97953
-70.55802,41.45587
-70.5531,43.37352
-70.55171,43.73638
-70.53856,47.55638
-70.53828,41.78206
-70.53029,41.39507
-70.52658,44.19431
-70.51915,46.4001
-70.50769,43.47845
-70.49755,41.75777
-70.42573,41.64893
-70.40938,43.54686
-70.40215,47.41113
-70.35676,44.27766
-70.35257,46.40612
-70.34507,41.65792
-70.34328,43.89783
-70.33626,46.74667
-70.3283,43.8812
-70.31283,43.81343
-70.30247,43.59792
-70.28034,43.65262
-70.2699,44.08126
-70.26033,43.68692
-70.25931,43.68704
-70.25468,43.63529
-70.24687,44.07593
-70.22825,44.12686
-70.186,42.0562
-70.18473,42.05257
-70.15347,41.71396
-70.08105,41.66795
-70.07543,41.68635
-70.03504,47.36288
-69.98834,41.85213
-69.98123,44.13499
-69.97252,43.91158
-69.97246,43.91125
-69.94983,47.41184
-69.9249,44.40935
-69.87202,44.32314
-69.8333,43.91086
-69.81893,47.52774
-69.81665,43.91167
-69.7734,44.31669
-69.76773,44.31731
-69.72549,44.76121
-69.71768,44.54745
-69.71092,44.54556
-69.69435,44.54565
-69.62985,43.86674
-69.62286,44.53686
-69.37508,45.16932
-69.1204,44.55017
-69.01466,44.98961
-68.98884,44.43129
-68.90348,44.80543
-68.86619,47.66998
-68.71342,45.65579
-68.70793,45.65643
-68.69946,47.2436
-68.69413,44.21456
-68.69359,44.21464
-68.66514,44.92689
-68.62317,47.54241
-68.60375,44.40202
-68.40815,44.53037
-68.37568,44.49405
-68.35871,46.53266
-68.35247,47.39547
-68.35215,47.39514
-68.3258,44.27985
-68.21206,44.38825
-68.00808,46.7008
-67.90181,46.93953
-67.90169,46.9393
-67.90152,46.93938
-67.90127,46.93925
-67.76286,44.64317
-67.60022,46.16916
-67.43573,44.72373
-67.25191,45.21176
-67.05336,45.07377
-66.67397,45.94109
